point_sensing_radius,drone_sensing_radius,Step,simulated_time_s,replications,residual_deficit_mean,residual_deficit_std,normalized_deficit_mean,normalized_deficit_std,capacity_adjusted_coverage_mean,capacity_adjusted_coverage_std,normalized_unavoidable_deficit_mean,normalized_unavoidable_deficit_std,r_delta_mean,r_delta_std,covered_points_mean,covered_points_std,underserved_points_mean,underserved_points_std,exactly_satisfied_points_mean,exactly_satisfied_points_std,overserved_points_mean,overserved_points_std,excess_service_units_mean,excess_service_units_std,idle_drones_mean,idle_drones_std,exploring_drones_mean,exploring_drones_std,stationing_drones_mean,stationing_drones_std,active_points_mean,active_points_std,total_demand_mean,total_demand_std,mean_demand_per_point_mean,mean_demand_per_point_std,fleet_load_mean,fleet_load_std,overlapping_zones_mean,overlapping_zones_std
10.0,10.0,0.0,0.0,100,30.0,0.0,1.0,0.0,0.0,0.0,0.33333333333333326,0.0,,,0.0,0.0,5.0,0.0,0.0,0.0,0.0,0.0,0.0,0.0,20.0,0.0,0.0,0.0,0.0,0.0,5.0,0.0,30.0,0.0,6.0,0.0,1.5,0.0,0.63,0.7608474807008886
10.0,10.0,1.0,1.0,100,30.0,0.0,1.0,0.0,0.0,0.0,0.33333333333333326,0.0,0.0,0.0,0.0,0.0,5.0,0.0,0.0,0.0,0.0,0.0,0.0,0.0,20.0,0.0,19.92,0.33874396636320286,0.0,0.0,5.0,0.0,30.0,0.0,6.0,0.0,1.5,0.0,0.63,0.7608474807008886
10.0,10.0,2.0,2.0,100,30.0,0.0,1.0,0.0,0.0,0.0,0.33333333333333326,0.0,0.0,0.0,0.0,0.0,5.0,0.0,0.0,0.0,0.0,0.0,0.0,0.0,20.0,0.0,19.85,0.5751591786697672,0.0,0.0,5.0,0.0,30.0,0.0,6.0,0.0,1.5,0.0,0.63,0.7608474807008886
10.0,10.0,3.0,3.0,100,30.0,0.0,1.0,0.0,0.0,0.0,0.33333333333333326,0.0,0.0,0.0,0.0,0.0,5.0,0.0,0.0,0.0,0.0,0.0,0.0,0.0,20.0,0.0,19.8,0.7521014330903553,0.0,0.0,5.0,0.0,30.0,0.0,6.0,0.0,1.5,0.0,0.63,0.7608474807008886
10.0,10.0,4.0,4.0,100,30.0,0.0,1.0,0.0,0.0,0.0,0.33333333333333326,0.0,0.0,0.0,0.0,0.0,5.0,0.0,0.0,0.0,0.0,0.0,0.0,0.0,20.0,0.0,19.7,0.9374368665610923,0.0,0.0,5.0,0.0,30.0,0.0,6.0,0.0,1.5,0.0,0.63,0.7608474807008886
10.0,10.0,5.0,5.0,100,30.0,0.0,1.0,0.0,0.0,0.0,0.33333333333333326,0.0,0.0,0.0,0.0,0.0,5.0,0.0,0.0,0.0,0.0,0.0,0.0,0.0,20.0,0.0,19.46,1.2586669234719818,0.0,0.0,5.0,0.0,30.0,0.0,6.0,0.0,1.5,0.0,0.63,0.7608474807008886
10.0,10.0,6.0,6.0,100,30.0,0.0,1.0,0.0,0.0,0.0,0.33333333333333326,0.0,0.0,0.0,0.0,0.0,5.0,0.0,0.0,0.0,0.0,0.0,0.0,0.0,20.0,0.0,19.34,1.444040347515444,0.0,0.0,5.0,0.0,30.0,0.0,6.0,0.0,1.5,0.0,0.63,0.7608474807008886
10.0,10.0,7.0,7.0,100,30.0,0.0,1.0,0.0,0.0,0.0,0.33333333333333326,0.0,0.0,0.0,0.0,0.0,5.0,0.0,0.0,0.0,0.0,0.0,0.0,0.0,20.0,0.0,19.24,1.5382004440451202,0.0,0.0,5.0,0.0,30.0,0.0,6.0,0.0,1.5,0.0,0.63,0.7608474807008886
10.0,10.0,8.0,8.0,100,30.0,0.0,1.0,0.0,0.0,0.0,0.33333333333333326,0.0,0.0,0.0,0.0,0.0,5.0,0.0,0.0,0.0,0.0,0.0,0.0,0.0,20.0,0.0,19.03,1.7082982258033372,0.0,0.0,5.0,0.0,30.0,0.0,6.0,0.0,1.5,0.0,0.63,0.7608474807008886
10.0,10.0,9.0,9.0,100,30.0,0.0,1.0,0.0,0.0,0.0,0.33333333333333326,0.0,0.0,0.0,0.0,0.0,5.0,0.0,0.0,0.0,0.0,0.0,0.0,0.0,20.0,0.0,18.91,1.8262673750720422,0.0,0.0,5.0,0.0,30.0,0.0,6.0,0.0,1.5,0.0,0.63,0.7608474807008886
10.0,10.0,10.0,10.0,100,29.98,0.14070529413629035,0.9993333333333334,0.004690176471209598,0.001,0.007035264706814486,0.33333333333333326,0.0,0.0006666666666666643,0.004690176471209637,0.02,0.1407052941362897,5.0,0.0,0.0,0.0,0.0,0.0,0.0,0.0,19.98,0.14070529413629035,18.82,1.871530459978214,0.02,0.1407052941362897,5.0,0.0,30.0,0.0,6.0,0.0,1.5,0.0,0.63,0.7608474807008886
10.0,10.0,11.0,11.0,100,29.93,0.2931886695621027,0.9976666666666667,0.00977295565207006,0.0035000000000000005,0.014659433478105145,0.33333333333333326,0.0,0.0016666666666666642,0.007301430451919666,0.06,0.238683256575942,5.0,0.0,0.0,0.0,0.0,0.0,0.0,0.0,19.93,0.2931886695621027,18.68,1.9273680174651326,0.07,0.2931886695621029,5.0,0.0,30.0,0.0,6.0,0.0,1.5,0.0,0.63,0.7608474807008886
10.0,10.0,12.0,12.0,100,29.91,0.32082595426382343,0.997,0.010694198475460775,0.0045000000000000005,0.016041297713191172,0.33333333333333326,0.0,0.0006666666666666643,0.004690176471209637,0.08,0.2726599243442907,5.0,0.0,0.0,0.0,0.0,0.0,0.0,0.0,19.91,0.32082595426382343,18.46,2.2626524168762563,0.09,0.32082595426382343,5.0,0.0,30.0,0.0,6.0,0.0,1.5,0.0,0.63,0.7608474807008886
10.0,10.0,13.0,13.0,100,29.85,0.5000000000000002,0.995,0.016666666666666687,0.0075,0.024999999999999994,0.33333333333333326,0.0,0.002000000000000003,0.009259932635447155,0.1,0.30151134457776363,5.0,0.0,0.0,0.0,0.0,0.0,0.0,0.0,19.85,0.5000000000000002,18.33,2.4538364108703608,0.15,0.49999999999999994,5.0,0.0,30.0,0.0,6.0,0.0,1.5,0.0,0.63,0.7608474807008886
10.0,10.0,14.0,14.0,100,29.77,0.6942039987778754,0.9923333333333333,0.023140133292595823,0.0115,0.03471019993889376,0.33333333333333326,0.0,0.002666666666666665,0.010249414863810756,0.13,0.33799766898963113,5.0,0.0,0.0,0.0,0.0,0.0,0.0,0.0,19.77,0.6942039987778754,18.16,2.58480407791618,0.23,0.694203998777875,5.0,0.0,30.0,0.0,6.0,0.0,1.5,0.0,0.63,0.7608474807008886
10.0,10.0,15.0,15.0,100,29.66,0.831452422759793,0.9886666666666667,0.02771508075865981,0.017,0.0415726211379897,0.33333333333333326,0.0,0.003666666666666658,0.01150318357339532,0.2,0.40201512610368484,5.0,0.0,0.0,0.0,0.0,0.0,0.0,0.0,19.66,0.831452422759793,18.0,2.678006193367964,0.34,0.831452422759794,5.0,0.0,30.0,0.0,6.0,0.0,1.5,0.0,0.63,0.7608474807008886
10.0,10.0,16.0,16.0,100,29.55,1.0480862791225005,0.985,0.03493620930408333,0.0225,0.05240431395612503,0.33333333333333326,0.0,0.0036666666666666705,0.01331227292951674,0.23,0.4461960433384737,5.0,0.0,0.0,0.0,0.0,0.0,0.0,0.0,19.55,1.0480862791225005,17.81,2.8309080529117145,0.45,1.048086279122501,5.0,0.0,30.0,0.0,6.0,0.0,1.5,0.0,0.63,0.7608474807008886
10.0,10.0,17.0,17.0,100,29.41,1.2878217456173227,0.9803333333333333,0.04292739152057745,0.029500000000000002,0.06439108728086614,0.33333333333333326,0.0,0.00466666666666667,0.014229164972073,0.27,0.4893822120745192,4.99,0.09999999999999988,0.0,0.0,0.01,0.1,0.01,0.1,19.4,1.3333333333333333,17.61,3.014761662020379,0.6,1.333333333333333,5.0,0.0,30.0,0.0,6.0,0.0,1.5,0.0,0.63,0.7608474807008886
10.0,10.0,18.0,18.0,100,29.23,1.462355924009216,0.9743333333333334,0.04874519746697385,0.0385,0.07311779620046081,0.33333333333333326,0.0,0.005999999999999997,0.01858036809547678,0.34,0.5359782899266791,4.99,0.09999999999999988,0.01,0.1,0.0,0.0,0.0,0.0,19.25,1.4310764472870754,17.47,3.1541378946688208,0.75,1.4310764472870752,5.0,0.0,30.0,0.0,6.0,0.0,1.5,0.0,0.63,0.7608474807008886
10.0,10.0,19.0,19.0,100,29.04,1.6752506219860492,0.968,0.055841687399535,0.048,0.08376253109930247,0.33333333333333326,0.0,0.006333333333333341,0.01688077955232081,0.39,0.5842201051942079,4.98,0.14070529413628963,0.02,0.14070529413628968,0.0,0.0,0.0,0.0,19.06,1.6503443166916298,17.33,3.200552351319276,0.94,1.6503443166916303,5.0,0.0,30.0,0.0,6.0,0.0,1.5,0.0,0.63,0.7608474807008886
10.0,10.0,20.0,20.0,100,28.84,1.9160143817599875,0.9613333333333334,0.06386714605866628,0.057999999999999996,0.09580071908799943,0.33333333333333326,0.0,0.006666666666666666,0.01708235810635127,0.42,0.6224746962525848,4.97,0.17144660799776523,0.03,0.1714466079977653,0.0,0.0,0.0,0.0,18.86,1.8964080880347545,17.13,3.4249677429727776,1.14,1.8964080880347558,5.0,0.0,30.0,0.0,6.0,0.0,1.5,0.0,0.63,0.7608474807008886
10.0,10.0,21.0,21.0,100,28.61,2.12676545795048,0.9536666666666668,0.07089218193168266,0.0695,0.106338272897524,0.33333333333333326,0.0,0.00766666666666666,0.023140133292595823,0.48,0.6432242017658957,4.96,0.1969463855669323,0.04,0.1969463855669324,0.0,0.0,0.0,0.0,18.63,2.111321095351621,16.95,3.468108674447469,1.37,2.1113210953516206,5.0,0.0,30.0,0.0,6.0,0.0,1.5,0.0,0.63,0.7608474807008886
10.0,10.0,22.0,22.0,100,28.47,2.27171896825005,0.9490000000000001,0.075723965608335,0.0765,0.11358594841250252,0.33333333333333326,0.0,0.004666666666666664,0.014229164972072982,0.52,0.68872595010166,4.95,0.21904291355759037,0.05,0.2190429135575903,0.0,0.0,0.0,0.0,18.49,2.258519225268869,16.82,3.621986730896163,1.51,2.2585192252688686,5.0,0.0,30.0,0.0,6.0,0.0,1.5,0.0,0.63,0.7608474807008886
10.0,10.0,23.0,23.0,100,28.29,2.454824151779841,0.943,0.08182747172599468,0.0855,0.12274120758899203,0.33333333333333326,0.0,0.006,0.01858036809547679,0.53,0.7028800779936815,4.91,0.28762349126466125,0.08,0.27265992434429065,0.01,0.09999999999999998,0.02,0.19999999999999996,18.29,2.4956325487102102,16.72,3.6737672295023875,1.71,2.4956325487102107,5.0,0.0,30.0,0.0,6.0,0.0,1.5,0.0,0.63,0.7608474807008886
10.0,10.0,24.0,24.0,100,28.06,2.600776884709721,0.9353333333333333,0.08669256282365738,0.09699999999999999,0.13003884423548606,0.33333333333333326,0.0,0.007666666666666666,0.01886510683490173,0.6,0.7247430753394787,4.91,0.28762349126466125,0.07,0.25643239997624273,0.02,0.14070529413628968,0.02,0.14070529413628968,18.08,2.6002330897848602,16.65,3.666322297878242,1.92,2.6002330897848607,5.0,0.0,30.0,0.0,6.0,0.0,1.5,0.0,0.63,0.7608474807008886
10.0,10.0,25.0,25.0,100,27.85,2.7757062983221874,0.9283333333333332,0.09252354327740618,0.1075,0.1387853149161093,0.33333333333333326,0.0,0.006999999999999998,0.018528953289076437,0.65,0.7703468981143129,4.89,0.31446603773522014,0.11,0.3144660377352201,0.0,0.0,0.0,0.0,17.9,2.7321505201299696,16.51,3.7375922677033615,2.1,2.73215052012997,5.0,0.0,30.0,0.0,6.0,0.0,1.5,0.0,0.63,0.7608474807008886
10.0,10.0,26.0,26.0,100,27.7,2.9422042173455,0.9233333333333333,0.09807347391151675,0.115,0.14711021086727513,0.33333333333333326,0.0,0.005000000000000001,0.015260550434078923,0.69,0.8001893715259096,4.88,0.3265986323710904,0.12,0.32659863237109044,0.0,0.0,0.0,0.0,17.75,2.9037593188517166,16.3,3.696845502136473,2.25,2.903759318851716,5.0,0.0,30.0,0.0,6.0,0.0,1.5,0.0,0.63,0.7608474807008886
10.0,10.0,27.0,27.0,100,27.5,3.1638743669907328,0.9166666666666667,0.1054624788996911,0.125,0.15819371834953666,0.33333333333333326,0.0,0.006666666666666663,0.017082358106351267,0.74,0.8362977576162329,4.86,0.34873508801977693,0.14,0.3487350880197771,0.0,0.0,0.0,0.0,17.55,3.1249242415059464,16.16,3.69197874732603,2.45,3.124924241505946,5.0,0.0,30.0,0.0,6.0,0.0,1.5,0.0,0.63,0.7608474807008886
10.0,10.0,28.0,28.0,100,27.36,3.334908718633264,0.912,0.11116362395444214,0.132,0.16674543593166322,0.33333333333333326,0.0,0.004666666666666669,0.014229164972073004,0.77,0.8391313449880266,4.84,0.3949172013974524,0.16,0.39491720139745234,0.0,0.0,0.0,0.0,17.41,3.300122434214839,16.08,3.71097199279557,2.59,3.30012243421484,5.0,0.0,30.0,0.0,6.0,0.0,1.5,0.0,0.63,0.7608474807008886
10.0,10.0,29.0,29.0,100,27.22,3.427694693097813,0.9073333333333333,0.1142564897699271,0.139,0.17138473465489062,0.33333333333333326,0.0,0.004666666666666667,0.012552918289216957,0.8,0.8287754140107481,4.84,0.3949172013974524,0.15,0.35887028128263676,0.01,0.09999999999999998,0.01,0.09999999999999998,17.26,3.4248645184440463,15.97,3.740185810757254,2.74,3.4248645184440463,5.0,0.0,30.0,0.0,6.0,0.0,1.5,0.0,0.63,0.7608474807008886
10.0,10.0,30.0,30.0,100,27.03,3.517503131886065,0.9009999999999999,0.11725010439620222,0.1485,0.17587515659430325,0.33333333333333326,0.0,0.006333333333333338,0.014751971087077981,0.83,0.8652085636341438,4.82,0.41145221993924075,0.18,0.41145221993924064,0.0,0.0,0.0,0.0,17.08,3.4835254405486262,15.85,3.7453675090407055,2.92,3.4835254405486262,5.0,0.0,30.0,0.0,6.0,0.0,1.5,0.0,0.63,0.7608474807008886
10.0,10.0,31.0,31.0,100,26.93,3.5226682953681463,0.8976666666666666,0.11742227651227155,0.1535,0.17613341476840727,0.33333333333333326,0.0,0.003333333333333329,0.012974982402692046,0.88,0.8793937305515279,4.81,0.4191140246479062,0.18,0.41145221993924064,0.01,0.09999999999999999,0.01,0.09999999999999999,16.97,3.500230872616285,15.64,3.886053800632993,3.03,3.5002308726162847,5.0,0.0,30.0,0.0,6.0,0.0,1.5,0.0,0.63,0.7608474807008886
10.0,10.0,32.0,32.0,100,26.83,3.573344075063006,0.8943333333333334,0.11911146916876682,0.1585,0.17866720375315023,0.33333333333333326,0.0,0.003333333333333335,0.011111111111111117,0.89,0.8749603165604459,4.81,0.4191140246479062,0.19,0.41911402464790626,0.0,0.0,0.0,0.0,16.88,3.542754734823047,15.43,4.000643887570038,3.12,3.5427547348230455,5.0,0.0,30.0,0.0,6.0,0.0,1.5,0.0,0.63,0.7608474807008886
10.0,10.0,33.0,33.0,100,26.67,3.6874206034938175,0.889,0.12291402011646058,0.16649999999999998,0.1843710301746909,0.33333333333333326,0.0,0.005333333333333331,0.013163906713248408,0.92,0.8608194357762264,4.79,0.4560480215720687,0.21,0.45604802157206864,0.0,0.0,0.0,0.0,16.72,3.6599939283495466,15.28,4.015324181536067,3.28,3.6599939283495475,5.0,0.0,30.0,0.0,6.0,0.0,1.5,0.0,0.63,0.7608474807008886
10.0,10.0,34.0,34.0,100,26.55,3.745367509040706,0.885,0.12484558363469014,0.1725,0.18726837545203526,0.33333333333333326,0.0,0.003999999999999998,0.01443278472686202,0.96,0.8867145122657161,4.79,0.4560480215720687,0.21,0.45604802157206864,0.0,0.0,0.0,0.0,16.6,3.719997827739129,15.09,4.005286910113085,3.4,3.7199978277391295,5.0,0.0,30.0,0.0,6.0,0.0,1.5,0.0,0.63,0.7608474807008886
10.0,10.0,35.0,35.0,100,26.39,3.808271168513252,0.8796666666666667,0.1269423722837751,0.1805,0.19041355842566263,0.33333333333333326,0.0,0.0053333333333333375,0.015512205107436342,0.98,0.8873977391647714,4.78,0.46231739501923746,0.22,0.4623173950192375,0.0,0.0,0.0,0.0,16.44,3.78545862078784,14.93,4.035836938973104,3.56,3.7854586207878396,5.0,0.0,30.0,0.0,6.0,0.0,1.5,0.0,0.63,0.7608474807008886
10.0,10.0,36.0,36.0,100,26.22,3.875799037852476,0.8740000000000001,0.12919330126174922,0.18899999999999997,0.19378995189262382,0.33333333333333326,0.0,0.0056666666666666705,0.015752718754175374,1.04,0.8980337668844343,4.77,0.468287229478799,0.23,0.4682872294787989,0.0,0.0,0.0,0.0,16.27,3.855613774194399,14.74,4.06169591887105,3.73,3.8556137741944,5.0,0.0,30.0,0.0,6.0,0.0,1.5,0.0,0.63,0.7608474807008886
10.0,10.0,37.0,37.0,100,26.08,3.8367705275150463,0.8693333333333334,0.12789235091716816,0.196,0.19183852637575227,0.33333333333333326,0.0,0.004666666666666667,0.015727762524567205,1.09,0.9,4.77,0.468287229478799,0.23,0.4682872294787989,0.0,0.0,0.0,0.0,16.13,3.818231120412813,14.59,3.974908676925671,3.87,3.818231120412814,5.0,0.0,30.0,0.0,6.0,0.0,1.5,0.0,0.63,0.7608474807008886
10.0,10.0,38.0,38.0,100,25.87,3.857709060040582,0.8623333333333334,0.12859030200135277,0.2065,0.1928854530020291,0.33333333333333326,0.0,0.007000000000000002,0.016612707264281438,1.12,0.8908060134144545,4.75,0.4793724854411024,0.25,0.4793724854411023,0.0,0.0,0.0,0.0,15.92,3.842032290495763,14.42,3.9496323828422257,4.08,3.8420322904957627,5.0,0.0,30.0,0.0,6.0,0.0,1.5,0.0,0.63,0.7608474807008886
10.0,10.0,39.0,39.0,100,25.79,3.8383892876091044,0.8596666666666667,0.12794630958697012,0.21050000000000002,0.19191946438045523,0.33333333333333326,0.0,0.0026666666666666683,0.011291465545440105,1.15,0.8918825850158447,4.75,0.4793724854411024,0.25,0.4793724854411023,0.0,0.0,0.0,0.0,15.85,3.8306973809271887,14.26,4.0417517954171265,4.15,3.8306973809271896,5.0,0.0,30.0,0.0,6.0,0.0,1.5,0.0,0.63,0.7608474807008886
10.0,10.0,40.0,40.0,100,25.6,3.8533731779422626,0.8533333333333333,0.12844577259807538,0.22,0.19266865889711313,0.33333333333333326,0.0,0.006333333333333329,0.01816188581950572,1.2,0.8989331499509895,4.75,0.4793724854411024,0.24,0.4739688435398098,0.01,0.1,0.01,0.1,15.65,3.859593844754219,14.07,4.083113785068717,4.35,3.8595938447542184,5.0,0.0,30.0,0.0,6.0,0.0,1.5,0.0,0.63,0.7608474807008886
10.0,10.0,41.0,41.0,100,25.47,3.883284562055552,0.8490000000000001,0.12944281873518512,0.22649999999999998,0.19416422810277767,0.33333333333333326,0.0,0.004333333333333338,0.012222222222222232,1.21,0.9133687230480493,4.71,0.49838121792844325,0.29,0.4983812179284432,0.0,0.0,0.0,0.0,15.53,3.872865981297431,13.89,4.148493702538308,4.47,3.872865981297431,5.0,0.0,30.0,0.0,6.0,0.0,1.5,0.0,0.63,0.7608474807008886
10.0,10.0,42.0,42.0,100,25.22,3.9710569033058354,0.8406666666666667,0.13236856344352788,0.239,0.19855284516529176,0.33333333333333326,0.0,0.008333333333333328,0.019748701814158727,1.24,0.9114313307688469,4.69,0.5259911279353168,0.3,0.5222329678670934,0.01,0.09999999999999999,0.01,0.09999999999999999,15.28,3.9544885633896825,13.78,4.220153666597576,4.72,3.9544885633896825,5.0,0.0,30.0,0.0,6.0,0.0,1.5,0.0,0.63,0.7608474807008886
10.0,10.0,43.0,43.0,100,25.01,4.02139480300258,0.8336666666666668,0.13404649343341934,0.2495,0.201069740150129,0.33333333333333326,0.0,0.007000000000000001,0.016612707264281445,1.29,0.9352253550061957,4.67,0.5328596381218923,0.33,0.5328596381218921,0.0,0.0,0.0,0.0,15.08,3.9966652766191633,13.64,4.17912078134271,4.92,3.9966652766191637,5.0,0.0,30.0,0.0,6.0,0.0,1.5,0.0,0.63,0.7608474807008886
10.0,10.0,44.0,44.0,100,24.81,4.049429439795043,0.8270000000000001,0.1349809813265014,0.2595,0.2024714719897521,0.33333333333333326,0.0,0.006666666666666667,0.01498221916584982,1.35,0.9574271077563381,4.66,0.5359782899266791,0.33,0.5328596381218922,0.01,0.09999999999999999,0.01,0.09999999999999999,14.88,4.048394119832573,13.47,4.127892313214451,5.12,4.048394119832573,5.0,0.0,30.0,0.0,6.0,0.0,1.5,0.0,0.63,0.7608474807008886
10.0,10.0,45.0,45.0,100,24.71,4.060887597657449,0.8236666666666668,0.13536291992191493,0.2645,0.2030443798828724,0.33333333333333326,0.0,0.0033333333333333314,0.01111111111111111,1.39,0.9836542876314613,4.64,0.541602560309064,0.35,0.5388914922357193,0.01,0.09999999999999999,0.01,0.09999999999999999,14.78,4.046647196798053,13.37,4.147909294470107,5.22,4.046647196798053,5.0,0.0,30.0,0.0,6.0,0.0,1.5,0.0,0.63,0.7608474807008886
10.0,10.0,46.0,46.0,100,24.53,4.0463351668921685,0.8176666666666667,0.13487783889640564,0.2735,0.2023167583446085,0.33333333333333326,0.0,0.006000000000000001,0.015264227232213002,1.44,1.0082488068753948,4.64,0.541602560309064,0.35,0.5388914922357193,0.01,0.09999999999999999,0.01,0.09999999999999999,14.6,4.037701116109303,13.3,4.132893427226025,5.4,4.037701116109302,5.0,0.0,30.0,0.0,6.0,0.0,1.5,0.0,0.63,0.7608474807008886
10.0,10.0,47.0,47.0,100,24.33,4.060290580236789,0.8109999999999999,0.13534301934122636,0.28350000000000003,0.2030145290118394,0.33333333333333326,0.0,0.006666666666666669,0.017082358106351274,1.45,1.0087996667707457,4.63,0.5441145155760926,0.37,0.5441145155760926,0.0,0.0,0.0,0.0,14.42,4.035649222425637,13.2,4.109609335312651,5.58,4.035649222425637,5.0,0.0,30.0,0.0,6.0,0.0,1.5,0.0,0.63,0.7608474807008886
10.0,10.0,48.0,48.0,100,24.18,4.085895918222276,0.8059999999999999,0.13619653060740924,0.29100000000000004,0.2042947959111138,0.33333333333333326,0.0,0.004999999999999997,0.015260550434078913,1.5,0.9898474527915803,4.59,0.5522223238420327,0.39,0.5485518124198394,0.02,0.1407052941362897,0.02,0.1407052941362897,14.25,4.071023498241237,13.02,4.099716669195173,5.75,4.071023498241237,5.0,0.0,30.0,0.0,6.0,0.0,1.5,0.0,0.63,0.7608474807008886
10.0,10.0,49.0,49.0,100,24.07,4.09793000221213,0.8023333333333333,0.13659766674040433,0.2965,0.2048965001106065,0.33333333333333326,0.0,0.0036666666666666727,0.011503183573395357,1.51,0.9999494936740506,4.59,0.5522223238420327,0.4,0.5504818825631801,0.01,0.09999999999999999,0.01,0.09999999999999999,14.15,4.083410636250341,12.87,4.128381686997382,5.85,4.083410636250342,5.0,0.0,30.0,0.0,6.0,0.0,1.5,0.0,0.63,0.7608474807008886
10.0,10.0,50.0,50.0,100,23.86,4.097350708480155,0.7953333333333333,0.1365783569493385,0.307,0.20486753542400774,0.33333333333333326,0.0,0.007000000000000001,0.017275089920520393,1.58,0.9967624358568864,4.56,0.5741924500522188,0.44,0.5741924500522186,0.0,0.0,0.0,0.0,13.96,4.064927596358435,12.73,4.141085106416657,6.04,4.064927596358434,5.0,0.0,30.0,0.0,6.0,0.0,1.5,0.0,0.63,0.7608474807008886
10.0,10.0,51.0,51.0,100,23.73,4.148396306910891,0.7909999999999999,0.13827987689702978,0.3135,0.20741981534554454,0.33333333333333326,0.0,0.004333333333333337,0.013108371567923252,1.59,0.9959006887326575,4.56,0.5741924500522188,0.44,0.5741924500522186,0.0,0.0,0.0,0.0,13.83,4.112201602572766,12.64,4.063933507767512,6.17,4.112201602572765,5.0,0.0,30.0,0.0,6.0,0.0,1.5,0.0,0.63,0.7608474807008886
10.0,10.0,52.0,52.0,100,23.62,4.184579676706739,0.7873333333333333,0.13948598922355795,0.319,0.20922898383533692,0.33333333333333326,0.0,0.003666666666666667,0.01150318357339534,1.61,1.003981970943601,4.55,0.575159178669767,0.45,0.5751591786697667,0.0,0.0,0.0,0.0,13.72,4.151378011448655,12.49,4.061385045135278,6.28,4.151378011448655,5.0,0.0,30.0,0.0,6.0,0.0,1.5,0.0,0.63,0.7608474807008886
10.0,10.0,53.0,53.0,100,23.48,4.193501466013163,0.7826666666666666,0.1397833822004388,0.326,0.20967507330065813,0.33333333333333326,0.0,0.004666666666666667,0.01255291828921696,1.65,1.008799666770746,4.55,0.575159178669767,0.45,0.5751591786697667,0.0,0.0,0.0,0.0,13.58,4.154053636649582,12.36,4.026478020867026,6.42,4.154053636649581,5.0,0.0,30.0,0.0,6.0,0.0,1.5,0.0,0.63,0.7608474807008886
10.0,10.0,54.0,54.0,100,23.29,4.202680722173081,0.7763333333333334,0.14008935740576936,0.33549999999999996,0.21013403610865397,0.33333333333333326,0.0,0.006333333333333334,0.015494106623724396,1.72,1.0058415241563514,4.55,0.575159178669767,0.45,0.5751591786697667,0.0,0.0,0.0,0.0,13.39,4.148493702538308,12.28,4.020352263574962,6.61,4.148493702538309,5.0,0.0,30.0,0.0,6.0,0.0,1.5,0.0,0.63,0.7608474807008886
10.0,10.0,55.0,55.0,100,23.16,4.194079521218336,0.772,0.13980265070727788,0.342,0.2097039760609168,0.33333333333333326,0.0,0.004333333333333333,0.013108371567923247,1.76,0.985962074382789,4.55,0.575159178669767,0.45,0.5751591786697667,0.0,0.0,0.0,0.0,13.27,4.145960672629434,12.08,4.094045935405723,6.73,4.145960672629434,5.0,0.0,30.0,0.0,6.0,0.0,1.5,0.0,0.63,0.7608474807008886
10.0,10.0,56.0,56.0,100,23.01,4.215160229169913,0.767,0.14050534097233047,0.34950000000000003,0.2107580114584957,0.33333333333333326,0.0,0.004999999999999997,0.01371098177828103,1.8,1.005037815259212,4.52,0.5770002538381531,0.48,0.5770002538381528,0.0,0.0,0.0,0.0,13.13,4.145473374049036,11.93,4.038338992479682,6.87,4.145473374049035,5.0,0.0,30.0,0.0,6.0,0.0,1.5,0.0,0.63,0.7608474807008886
10.0,10.0,57.0,57.0,100,22.91,4.2022000010095715,0.7636666666666666,0.14007333336698574,0.35450000000000004,0.21011000005047853,0.33333333333333326,0.0,0.003333333333333337,0.010050378152592132,1.83,0.9954949025535497,4.51,0.5772627852480388,0.49,0.5772627852480386,0.0,0.0,0.0,0.0,13.03,4.135226839013915,11.8,4.010088288405641,6.97,4.135226839013915,5.0,0.0,30.0,0.0,6.0,0.0,1.5,0.0,0.63,0.7608474807008886
10.0,10.0,58.0,58.0,100,22.81,4.241914471537394,0.7603333333333333,0.14139714905124653,0.35950000000000004,0.21209572357686973,0.33333333333333326,0.0,0.0033333333333333335,0.012079051255657983,1.86,0.995139703912486,4.48,0.6110100926607787,0.51,0.5945034427438948,0.01,0.09999999999999999,0.01,0.09999999999999999,12.93,4.1590961527813715,11.7,3.9733963794062612,7.07,4.1590961527813715,5.0,0.0,30.0,0.0,6.0,0.0,1.5,0.0,0.63,0.7608474807008886
10.0,10.0,59.0,59.0,100,22.64,4.298273085222892,0.7546666666666667,0.1432757695074297,0.368,0.21491365426114456,0.33333333333333326,0.0,0.005666666666666668,0.01575271875417537,1.91,1.0059921480907306,4.47,0.6105966613307698,0.53,0.61059666133077,0.0,0.0,0.0,0.0,12.78,4.1913330489562295,11.62,3.9741081205140047,7.22,4.1913330489562295,5.0,0.0,30.0,0.0,6.0,0.0,1.5,0.0,0.63,0.7608474807008886
10.0,10.0,60.0,60.0,100,22.5,4.277023415055067,0.75,0.1425674471685022,0.375,0.21385117075275328,0.33333333333333326,0.0,0.004666666666666667,0.011624502933992567,1.95,0.998736575616788,4.47,0.6105966613307698,0.53,0.61059666133077,0.0,0.0,0.0,0.0,12.64,4.171863425909871,11.53,4.011234224026317,7.36,4.171863425909871,5.0,0.0,30.0,0.0,6.0,0.0,1.5,0.0,0.63,0.7608474807008886
10.0,10.0,61.0,61.0,100,22.35,4.2506683966385586,0.745,0.14168894655461864,0.3825,0.21253341983192797,0.33333333333333326,0.0,0.0049999999999999975,0.013710981778281032,1.98,0.9532506851226848,4.45,0.6415731927193978,0.55,0.6415731927193978,0.0,0.0,0.0,0.0,12.49,4.132881206943538,11.43,3.9549355432819824,7.51,4.132881206943537,5.0,0.0,30.0,0.0,6.0,0.0,1.5,0.0,0.63,0.7608474807008886
10.0,10.0,62.0,62.0,100,22.23,4.179930403944326,0.741,0.13933101346481092,0.3885,0.2089965201972164,0.33333333333333326,0.0,0.004000000000000007,0.011872876973668798,2.02,0.9318169499868671,4.45,0.6415731927193978,0.55,0.6415731927193978,0.0,0.0,0.0,0.0,12.37,4.06426903984995,11.29,3.9294151002793063,7.63,4.0642690398499495,5.0,0.0,30.0,0.0,6.0,0.0,1.5,0.0,0.63,0.7608474807008886
10.0,10.0,63.0,63.0,100,22.1,4.147531820495197,0.7366666666666667,0.13825106068317325,0.395,0.2073765910247599,0.33333333333333326,0.0,0.004333333333333332,0.013938295960270552,2.04,0.920254685871627,4.44,0.6407066805528491,0.56,0.6407066805528491,0.0,0.0,0.0,0.0,12.24,4.032995227501577,11.24,3.903171463662271,7.76,4.032995227501577,5.0,0.0,30.0,0.0,6.0,0.0,1.5,0.0,0.63,0.7608474807008886
10.0,10.0,64.0,64.0,100,22.02,4.1267298178944305,0.7340000000000001,0.13755766059648103,0.39899999999999997,0.20633649089472147,0.33333333333333326,0.0,0.002666666666666666,0.00908866414480969,2.06,0.919156398470078,4.42,0.638495706858525,0.58,0.6384957068585252,0.0,0.0,0.0,0.0,12.16,4.01190148624733,11.08,3.907206499055639,7.84,4.01190148624733,5.0,0.0,30.0,0.0,6.0,0.0,1.5,0.0,0.63,0.7608474807008886
10.0,10.0,65.0,65.0,100,21.83,4.117111373354632,0.7276666666666667,0.13723704577848772,0.40850000000000003,0.2058555686677316,0.33333333333333326,0.0,0.006333333333333342,0.017533037597843904,2.12,0.9669278643981126,4.4,0.635641726163728,0.58,0.6384957068585251,0.02,0.1407052941362897,0.03,0.22270150335361363,11.96,3.984616884616602,10.98,3.9208842540086963,8.04,3.9846168846166026,5.0,0.0,30.0,0.0,6.0,0.0,1.5,0.0,0.63,0.7608474807008886
10.0,10.0,66.0,66.0,100,21.69,4.108859607327473,0.723,0.13696198691091577,0.4155,0.20544298036637362,0.33333333333333326,0.0,0.004666666666666666,0.012552918289216956,2.16,0.9715134501582486,4.38,0.6479181891241977,0.61,0.6497085593719788,0.01,0.09999999999999999,0.02,0.19999999999999998,11.83,3.9824235045631404,10.77,3.863465236851968,8.17,3.9824235045631404,5.0,0.0,30.0,0.0,6.0,0.0,1.5,0.0,0.63,0.7608474807008886
10.0,10.0,67.0,67.0,100,21.6,4.060153751380419,0.72,0.1353384583793473,0.42,0.2030076875690209,0.33333333333333326,0.0,0.003000000000000001,0.009587449708822051,2.19,0.9607972278953106,4.37,0.6614187383758849,0.61,0.6650738547884982,0.02,0.1407052941362897,0.02,0.1407052941362897,11.74,3.935387239811697,10.7,3.801913393877542,8.26,3.935387239811697,5.0,0.0,30.0,0.0,6.0,0.0,1.5,0.0,0.63,0.7608474807008886
10.0,10.0,68.0,68.0,100,21.53,4.023805425341799,0.7176666666666667,0.1341268475113933,0.4235,0.20119027126709,0.33333333333333326,0.0,0.002333333333333332,0.00977295565207009,2.21,0.9565827225339717,4.37,0.6614187383758849,0.61,0.6497085593719788,0.02,0.14070529413628968,0.02,0.14070529413628968,11.68,3.920626624828374,10.54,3.729272683443079,8.32,3.920626624828374,5.0,0.0,30.0,0.0,6.0,0.0,1.5,0.0,0.63,0.7608474807008886
10.0,10.0,69.0,69.0,100,21.39,4.057403757641733,0.713,0.13524679192139108,0.4305,0.20287018788208663,0.33333333333333326,0.0,0.004666666666666667,0.014997193901387849,2.24,0.9961542211541508,4.37,0.6614187383758849,0.63,0.661418738375885,0.0,0.0,0.0,0.0,11.56,3.906275706986119,10.45,3.7101417109258126,8.44,3.906275706986119,5.0,0.0,30.0,0.0,6.0,0.0,1.5,0.0,0.63,0.7608474807008886
10.0,10.0,70.0,70.0,100,21.28,4.052882750075381,0.7093333333333334,0.13509609166917938,0.436,0.20264413750376906,0.33333333333333326,0.0,0.0036666666666666657,0.012440655988997854,2.26,1.001211387482305,4.36,0.6593538312222618,0.64,0.6593538312222615,0.0,0.0,0.0,0.0,11.45,3.906417925683453,10.41,3.695738741914104,8.55,3.906417925683453,5.0,0.0,30.0,0.0,6.0,0.0,1.5,0.0,0.63,0.7608474807008886
10.0,10.0,71.0,71.0,100,21.17,4.07022943785331,0.7056666666666667,0.13567431459511037,0.4415,0.20351147189266555,0.33333333333333326,0.0,0.003666666666666667,0.01150318357339534,2.28,1.0058415241563512,4.36,0.6593538312222618,0.64,0.6593538312222615,0.0,0.0,0.0,0.0,11.34,3.9189258474714475,10.33,3.6846802692864262,8.66,3.918925847471447,5.0,0.0,30.0,0.0,6.0,0.0,1.5,0.0,0.63,0.7608474807008886
10.0,10.0,72.0,72.0,100,21.03,4.013751614163739,0.701,0.13379172047212462,0.4485,0.20068758070818693,0.33333333333333326,0.0,0.0046666666666666645,0.012552918289216952,2.32,0.9835002426398923,4.35,0.6571287406727707,0.65,0.6571287406727709,0.0,0.0,0.0,0.0,11.2,3.8638443200125088,10.24,3.6601043204208863,8.8,3.8638443200125088,5.0,0.0,30.0,0.0,6.0,0.0,1.5,0.0,0.63,0.7608474807008886
10.0,10.0,73.0,73.0,100,20.85,3.927049423131465,0.695,0.13090164743771548,0.4575,0.19635247115657326,0.33333333333333326,0.0,0.005999999999999998,0.015982594348540186,2.34,0.9557904339003154,4.35,0.6571287406727707,0.65,0.6571287406727709,0.0,0.0,0.0,0.0,11.02,3.7765357435382794,10.12,3.6522581917205534,8.98,3.7765357435382794,5.0,0.0,30.0,0.0,6.0,0.0,1.5,0.0,0.63,0.7608474807008886
10.0,10.0,74.0,74.0,100,20.78,3.9250040211006874,0.6926666666666667,0.13083346737002294,0.461,0.19625020105503435,0.33333333333333326,0.0,0.002333333333333336,0.008547746665874772,2.37,0.9708373975724525,4.33,0.652191333393457,0.67,0.652191333393457,0.0,0.0,0.0,0.0,10.95,3.7775920928816573,10.0,3.6514837167011076,9.05,3.7775920928816573,5.0,0.0,30.0,0.0,6.0,0.0,1.5,0.0,0.63,0.7608474807008886
10.0,10.0,75.0,75.0,100,20.66,3.9163475047265375,0.6886666666666666,0.13054491682421793,0.467,0.19581737523632686,0.33333333333333326,0.0,0.004,0.013632996217214545,2.39,0.9628975631767468,4.32,0.649475312708791,0.68,0.649475312708791,0.0,0.0,0.0,0.0,10.83,3.7687041954936324,9.96,3.629063379179401,9.17,3.7687041954936324,5.0,0.0,30.0,0.0,6.0,0.0,1.5,0.0,0.63,0.7608474807008886
10.0,10.0,76.0,76.0,100,20.5,3.872983346207417,0.6833333333333332,0.12909944487358055,0.475,0.19364916731037085,0.33333333333333326,0.0,0.005333333333333331,0.014770978917519922,2.45,0.9360890055238479,4.3,0.643538199442282,0.7,0.6435381994422819,0.0,0.0,0.0,0.0,10.67,3.725573645748932,9.87,3.5778640431284017,9.33,3.725573645748932,5.0,0.0,30.0,0.0,6.0,0.0,1.5,0.0,0.63,0.7608474807008886
10.0,10.0,77.0,77.0,100,20.34,3.8144329840618503,0.6779999999999999,0.127147766135395,0.483,0.19072164920309245,0.33333333333333326,0.0,0.005333333333333333,0.014770978917519932,2.49,0.9265445744727278,4.3,0.643538199442282,0.7,0.6435381994422819,0.0,0.0,0.0,0.0,10.51,3.672158421793301,9.8,3.5985406694235027,9.49,3.672158421793301,5.0,0.0,30.0,0.0,6.0,0.0,1.5,0.0,0.63,0.7608474807008886
10.0,10.0,78.0,78.0,100,20.17,3.813996022096203,0.6723333333333333,0.12713320073654003,0.4915,0.1906998011048101,0.33333333333333326,0.0,0.005666666666666666,0.015023363772297882,2.58,0.9447355463436591,4.29,0.6558978733019494,0.71,0.6558978733019494,0.0,0.0,0.0,0.0,10.36,3.685954778108737,9.67,3.5676860621954734,9.64,3.685954778108737,5.0,0.0,30.0,0.0,6.0,0.0,1.5,0.0,0.63,0.7608474807008886
10.0,10.0,79.0,79.0,100,20.13,3.7970083917832893,0.6709999999999999,0.12656694639277635,0.4935,0.1898504195891645,0.33333333333333326,0.0,0.0013333333333333342,0.0065648795188977494,2.59,0.9438262980061959,4.29,0.6558978733019494,0.71,0.6558978733019494,0.0,0.0,0.0,0.0,10.32,3.670466350795663,9.6,3.5305306208339933,9.68,3.670466350795663,5.0,0.0,30.0,0.0,6.0,0.0,1.5,0.0,0.63,0.7608474807008886
10.0,10.0,80.0,80.0,100,20.05,3.774917217635374,0.6683333333333333,0.12583057392117916,0.4975,0.18874586088176873,0.33333333333333326,0.0,0.002666666666666666,0.00908866414480969,2.61,0.9416834270431209,4.29,0.6558978733019494,0.71,0.6558978733019494,0.0,0.0,0.0,0.0,10.24,3.643508132988249,9.47,3.565986907752555,9.76,3.643508132988249,5.0,0.0,30.0,0.0,6.0,0.0,1.5,0.0,0.63,0.7608474807008886
10.0,10.0,81.0,81.0,100,19.98,3.76582184143304,0.6659999999999999,0.12552739471443472,0.501,0.188291092071652,0.33333333333333326,0.0,0.002333333333333334,0.008547746665874763,2.64,0.9376523445243018,4.27,0.6644660649838724,0.73,0.6644660649838722,0.0,0.0,0.0,0.0,10.17,3.6377787650480244,9.37,3.5123303726250814,9.83,3.6377787650480244,5.0,0.0,30.0,0.0,6.0,0.0,1.5,0.0,0.63,0.7608474807008886
10.0,10.0,82.0,82.0,100,19.88,3.793348777728584,0.6626666666666666,0.1264449592576195,0.506,0.1896674388864292,0.33333333333333326,0.0,0.0033333333333333327,0.01297498240269205,2.65,0.9360890055238478,4.26,0.660884011584239,0.74,0.660884011584239,0.0,0.0,0.0,0.0,10.07,3.668745966907079,9.34,3.53115999483044,9.93,3.668745966907079,5.0,0.0,30.0,0.0,6.0,0.0,1.5,0.0,0.63,0.7608474807008886
10.0,10.0,83.0,83.0,100,19.78,3.756691000432065,0.6593333333333333,0.12522303334773555,0.511,0.18783455002160326,0.33333333333333326,0.0,0.0033333333333333327,0.010050378152592123,2.68,0.908767619283712,4.23,0.6644660649838724,0.77,0.6644660649838723,0.0,0.0,0.0,0.0,9.97,3.633333333333333,9.25,3.476835319422511,10.03,3.633333333333333,5.0,0.0,30.0,0.0,6.0,0.0,1.5,0.0,0.63,0.7608474807008886
10.0,10.0,84.0,84.0,100,19.67,3.768704195493633,0.6556666666666666,0.1256234731831211,0.5165,0.18843520977468164,0.33333333333333326,0.0,0.0036666666666666657,0.012440655988997847,2.72,0.8655003807572291,4.23,0.6644660649838724,0.77,0.6644660649838723,0.0,0.0,0.0,0.0,9.86,3.65153904179284,9.22,3.4716165128252876,10.14,3.65153904179284,5.0,0.0,30.0,0.0,6.0,0.0,1.5,0.0,0.63,0.7608474807008886
10.0,10.0,85.0,85.0,100,19.61,3.7494646082454035,0.6536666666666666,0.12498215360818012,0.5195000000000001,0.18747323041227018,0.33333333333333326,0.0,0.0020000000000000005,0.007956108552531404,2.74,0.860115096831802,4.22,0.6602723649825093,0.78,0.6602723649825093,0.0,0.0,0.0,0.0,9.8,3.6348481690603265,9.16,3.4545241891955794,10.2,3.6348481690603265,5.0,0.0,30.0,0.0,6.0,0.0,1.5,0.0,0.63,0.7608474807008886
10.0,10.0,86.0,86.0,100,19.54,3.70208786301116,0.6513333333333332,0.12340292876703872,0.523,0.18510439315055804,0.33333333333333326,0.0,0.002333333333333334,0.008547746665874763,2.77,0.8510836823388371,4.2,0.6513389472789297,0.8,0.6513389472789297,0.0,0.0,0.0,0.0,9.73,3.589701881209579,9.05,3.4329802701666567,10.27,3.589701881209579,5.0,0.0,30.0,0.0,6.0,0.0,1.5,0.0,0.63,0.7608474807008886
10.0,10.0,87.0,87.0,100,19.44,3.6990853360300195,0.648,0.12330284453433395,0.528,0.18495426680150095,0.33333333333333326,0.0,0.0033333333333333353,0.012079051255657988,2.79,0.8680059581790571,4.2,0.6513389472789297,0.8,0.6513389472789297,0.0,0.0,0.0,0.0,9.63,3.58913905998628,8.97,3.4302722452842818,10.37,3.58913905998628,5.0,0.0,30.0,0.0,6.0,0.0,1.5,0.0,0.63,0.7608474807008886
10.0,10.0,88.0,88.0,100,19.36,3.6335140349837984,0.6453333333333333,0.12111713449945996,0.532,0.1816757017491899,0.33333333333333326,0.0,0.002666666666666666,0.012245157543993324,2.83,0.8294454761946669,4.2,0.6513389472789297,0.8,0.6513389472789297,0.0,0.0,0.0,0.0,9.55,3.525878356072169,8.92,3.407300539972511,10.45,3.525878356072169,5.0,0.0,30.0,0.0,6.0,0.0,1.5,0.0,0.63,0.7608474807008886
10.0,10.0,89.0,89.0,100,19.28,3.6211499931274966,0.6426666666666666,0.12070499977091656,0.536,0.18105749965637488,0.33333333333333326,0.0,0.002666666666666668,0.009088664144809695,2.86,0.8290191356493087,4.19,0.6620293258480535,0.81,0.6620293258480535,0.0,0.0,0.0,0.0,9.47,3.514630316637336,8.83,3.4202457233480774,10.53,3.514630316637336,5.0,0.0,30.0,0.0,6.0,0.0,1.5,0.0,0.63,0.7608474807008886
10.0,10.0,90.0,90.0,100,19.19,3.592064767362818,0.6396666666666667,0.11973549224542723,0.5405,0.17960323836814088,0.33333333333333326,0.0,0.0030000000000000014,0.009587449708822051,2.88,0.844231764817738,4.19,0.6620293258480535,0.81,0.6620293258480535,0.0,0.0,0.0,0.0,9.38,3.4867135983862685,8.78,3.3802157602523817,10.62,3.4867135983862685,5.0,0.0,30.0,0.0,6.0,0.0,1.5,0.0,0.63,0.7608474807008886
10.0,10.0,91.0,91.0,100,19.05,3.621972786850679,0.635,0.12073242622835594,0.5475,0.18109863934253387,0.33333333333333326,0.0,0.004666666666666668,0.014997193901387856,2.91,0.8420153793072306,4.17,0.6674994798166927,0.83,0.6674994798166928,0.0,0.0,0.0,0.0,9.24,3.51654100019616,8.64,3.356043847006517,10.76,3.51654100019616,5.0,0.0,30.0,0.0,6.0,0.0,1.5,0.0,0.63,0.7608474807008886
10.0,10.0,92.0,92.0,100,18.99,3.627880255950457,0.633,0.12092934186501526,0.5505,0.18139401279752285,0.33333333333333326,0.0,0.0019999999999999996,0.007956108552531399,2.92,0.8490041700769678,4.17,0.6674994798166927,0.83,0.6674994798166928,0.0,0.0,0.0,0.0,9.18,3.5258926801477077,8.6,3.351465833381451,10.82,3.5258926801477077,5.0,0.0,30.0,0.0,6.0,0.0,1.5,0.0,0.63,0.7608474807008886
10.0,10.0,93.0,93.0,100,18.92,3.5976423256113574,0.6306666666666666,0.11992141085371195,0.5539999999999999,0.1798821162805679,0.33333333333333326,0.0,0.0023333333333333327,0.008547746665874758,2.93,0.8439325934114776,4.17,0.6674994798166927,0.83,0.6674994798166928,0.0,0.0,0.0,0.0,9.11,3.4986144443626577,8.56,3.316076542597235,10.89,3.4986144443626577,5.0,0.0,30.0,0.0,6.0,0.0,1.5,0.0,0.63,0.7608474807008886
10.0,10.0,94.0,94.0,100,18.89,3.578541545931749,0.6296666666666667,0.11928471819772499,0.5555,0.17892707729658747,0.33333333333333326,0.0,0.0009999999999999998,0.005714886933258842,2.94,0.8387099280647294,4.17,0.6674994798166927,0.83,0.6674994798166928,0.0,0.0,0.0,0.0,9.08,3.4806245811272825,8.46,3.294991608027204,10.92,3.4806245811272825,5.0,0.0,30.0,0.0,6.0,0.0,1.5,0.0,0.63,0.7608474807008886
10.0,10.0,95.0,95.0,100,18.83,3.573344075063004,0.6276666666666667,0.11911146916876678,0.5585,0.17866720375315023,0.33333333333333326,0.0,0.0019999999999999996,0.009259932635447143,2.99,0.8586458683722454,4.17,0.6674994798166927,0.83,0.6674994798166928,0.0,0.0,0.0,0.0,9.03,3.471252793963004,8.37,3.2118939313530612,10.97,3.471252793963004,5.0,0.0,30.0,0.0,6.0,0.0,1.5,0.0,0.63,0.7608474807008886
10.0,10.0,96.0,96.0,100,18.74,3.549420211581581,0.6246666666666667,0.11831400705271933,0.563,0.17747101057907913,0.33333333333333326,0.0,0.0030000000000000005,0.009587449708822048,3.05,0.8689364217539194,4.16,0.6624106572118829,0.84,0.6624106572118829,0.0,0.0,0.0,0.0,8.94,3.4518915909332306,8.3,3.176619129028391,11.06,3.4518915909332306,5.0,0.0,30.0,0.0,6.0,0.0,1.5,0.0,0.63,0.7608474807008886
10.0,10.0,97.0,97.0,100,18.66,3.5082010699893966,0.622,0.1169400356663132,0.5670000000000001,0.17541005349946984,0.33333333333333326,0.0,0.002666666666666667,0.010249414863810771,3.08,0.8370221386594625,4.16,0.6624106572118829,0.84,0.6624106572118829,0.0,0.0,0.0,0.0,8.87,3.424967742972777,8.24,3.203911750509134,11.13,3.424967742972777,5.0,0.0,30.0,0.0,6.0,0.0,1.5,0.0,0.63,0.7608474807008886
10.0,10.0,98.0,98.0,100,18.56,3.531446036839741,0.6186666666666667,0.11771486789465803,0.5720000000000001,0.17657230184198702,0.33333333333333326,0.0,0.003333333333333333,0.010050378152592123,3.1,0.8348471099367217,4.15,0.6571287406727707,0.85,0.6571287406727707,0.0,0.0,0.0,0.0,8.77,3.446136762500669,8.13,3.1322854469559633,11.23,3.446136762500669,5.0,0.0,30.0,0.0,6.0,0.0,1.5,0.0,0.63,0.7608474807008886
10.0,10.0,99.0,99.0,100,18.48,3.4858443899736993,0.616,0.1161948129991233,0.5760000000000001,0.174292219498685,0.33333333333333326,0.0,0.002666666666666667,0.009088664144809694,3.13,0.8487066809581688,4.14,0.6516490348695873,0.86,0.6516490348695873,0.0,0.0,0.0,0.0,8.69,3.4043792356019895,8.07,3.1245363292378716,11.31,3.4043792356019895,5.0,0.0,30.0,0.0,6.0,0.0,1.5,0.0,0.63,0.7608474807008886
10.0,10.0,100.0,100.0,100,18.39,3.455035850359984,0.613,0.11516786167866609,0.5805,0.17275179251799916,0.33333333333333326,0.0,0.0030000000000000022,0.009587449708822053,3.17,0.829445476194667,4.14,0.6516490348695873,0.86,0.6516490348695873,0.0,0.0,0.0,0.0,8.6,3.375490985610744,8.0,3.100993649809947,11.4,3.375490985610744,5.0,0.0,30.0,0.0,6.0,0.0,1.5,0.0,0.63,0.7608474807008886
10.0,10.0,101.0,101.0,100,18.32,3.425631254958639,0.6106666666666666,0.11418770849862128,0.584,0.1712815627479319,0.33333333333333326,0.0,0.002333333333333334,0.008547746665874765,3.22,0.798736375771004,4.13,0.6614187383758853,0.87,0.6614187383758852,0.0,0.0,0.0,0.0,8.53,3.3498228507360093,7.92,3.1129576049964203,11.47,3.3498228507360097,5.0,0.0,30.0,0.0,6.0,0.0,1.5,0.0,0.63,0.7608474807008886
10.0,10.0,102.0,102.0,100,18.25,3.385575462476241,0.6083333333333333,0.1128525154158747,0.5875,0.16927877312381204,0.33333333333333326,0.0,0.0023333333333333335,0.00854774666587476,3.24,0.7928977668570321,4.13,0.6614187383758853,0.87,0.6614187383758852,0.0,0.0,0.0,0.0,8.46,3.307231134616657,7.86,3.0977998057272256,11.54,3.307231134616657,5.0,0.0,30.0,0.0,6.0,0.0,1.5,0.0,0.63,0.7608474807008886
10.0,10.0,103.0,103.0,100,18.21,3.3433032718670272,0.607,0.11144344239556753,0.5895,0.16716516359335132,0.33333333333333326,0.0,0.001333333333333333,0.006564879518897743,3.26,0.8117819282232753,4.13,0.6614187383758853,0.87,0.6614187383758852,0.0,0.0,0.0,0.0,8.42,3.266542978487047,7.83,3.0651346634447414,11.58,3.266542978487047,5.0,0.0,30.0,0.0,6.0,0.0,1.5,0.0,0.63,0.7608474807008886
10.0,10.0,104.0,104.0,100,18.16,3.314248395072769,0.6053333333333333,0.11047494650242565,0.5920000000000001,0.16571241975363846,0.33333333333333326,0.0,0.0016666666666666674,0.007301430451919682,3.28,0.7923880286064321,4.13,0.6614187383758853,0.87,0.6614187383758852,0.0,0.0,0.0,0.0,8.37,3.240074197928314,7.8,3.051742340554214,11.63,3.240074197928314,5.0,0.0,30.0,0.0,6.0,0.0,1.5,0.0,0.63,0.7608474807008886
10.0,10.0,105.0,105.0,100,18.05,3.2360813064912666,0.6016666666666667,0.10786937688304224,0.5975,0.16180406532456335,0.33333333333333326,0.0,0.003666666666666667,0.011503183573395342,3.33,0.779212241415468,4.13,0.6614187383758853,0.87,0.6614187383758852,0.0,0.0,0.0,0.0,8.26,3.1674480694602196,7.72,3.0881984549199064,11.74,3.167448069460219,5.0,0.0,30.0,0.0,6.0,0.0,1.5,0.0,0.63,0.7608474807008886
10.0,10.0,106.0,106.0,100,17.97,3.242567258244989,0.599,0.108085575274833,0.6015,0.1621283629122495,0.33333333333333326,0.0,0.002666666666666666,0.010249414863810763,3.33,0.779212241415468,4.11,0.6497085593719788,0.89,0.6497085593719789,0.0,0.0,0.0,0.0,8.19,3.1772391293147075,7.68,3.10385879091485,11.81,3.1772391293147075,5.0,0.0,30.0,0.0,6.0,0.0,1.5,0.0,0.63,0.7608474807008886
10.0,10.0,107.0,107.0,100,17.91,3.241445618388453,0.597,0.10804818727961507,0.6045,0.16207228091942258,0.33333333333333326,0.0,0.0019999999999999996,0.00925993263544714,3.37,0.7740096311357562,4.11,0.6497085593719788,0.89,0.6497085593719789,0.0,0.0,0.0,0.0,8.14,3.1814487520021686,7.64,3.089637290339852,11.86,3.1814487520021686,5.0,0.0,30.0,0.0,6.0,0.0,1.5,0.0,0.63,0.7608474807008886
10.0,10.0,108.0,108.0,100,17.84,3.2089521245063377,0.5946666666666667,0.10696507081687791,0.608,0.16044760622531687,0.33333333333333326,0.0,0.0023333333333333335,0.00854774666587476,3.41,0.739847104051734,4.11,0.6497085593719788,0.89,0.6497085593719789,0.0,0.0,0.0,0.0,8.07,3.1502925950367593,7.59,3.075136524849693,11.93,3.150292595036759,5.0,0.0,30.0,0.0,6.0,0.0,1.5,0.0,0.63,0.7608474807008886
10.0,10.0,109.0,109.0,100,17.76,3.229034943549956,0.592,0.10763449811833188,0.612,0.16145174717749783,0.33333333333333326,0.0,0.002666666666666666,0.010249414863810764,3.43,0.7420283421851623,4.11,0.6497085593719788,0.89,0.6497085593719789,0.0,0.0,0.0,0.0,7.99,3.176603229993963,7.52,3.050020698720955,12.01,3.1766032299939626,5.0,0.0,30.0,0.0,6.0,0.0,1.5,0.0,0.63,0.7608474807008886
10.0,10.0,110.0,110.0,100,17.72,3.2226471332515674,0.5906666666666667,0.1074215711083856,0.614,0.1611323566625784,0.33333333333333326,0.0,0.0013333333333333342,0.006564879518897748,3.45,0.7436600722307896,4.1,0.6435381994422819,0.9,0.6435381994422819,0.0,0.0,0.0,0.0,7.95,3.1538816872181012,7.47,3.0233268183418502,12.05,3.1538816872181012,5.0,0.0,30.0,0.0,6.0,0.0,1.5,0.0,0.63,0.7608474807008886
10.0,10.0,111.0,111.0,100,17.63,3.1866356027394254,0.5876666666666667,0.10622118675798088,0.6185,0.15933178013697127,0.33333333333333326,0.0,0.0030000000000000014,0.010694198475460789,3.49,0.7316095442601371,4.09,0.6528105515091006,0.91,0.6528105515091006,0.0,0.0,0.0,0.0,7.86,3.1205412635915866,7.41,2.9952656245508784,12.14,3.120541263591587,5.0,0.0,30.0,0.0,6.0,0.0,1.5,0.0,0.63,0.7608474807008886
10.0,10.0,112.0,112.0,100,17.57,3.163092081358291,0.5856666666666667,0.10543640271194298,0.6214999999999999,0.15815460406791443,0.33333333333333326,0.0,0.0019999999999999996,0.007956108552531399,3.53,0.731057073315377,4.09,0.6528105515091006,0.91,0.6528105515091006,0.0,0.0,0.0,0.0,7.8,3.097734590948617,7.36,3.003432379895719,12.2,3.097734590948617,5.0,0.0,30.0,0.0,6.0,0.0,1.5,0.0,0.63,0.7608474807008886
10.0,10.0,113.0,113.0,100,17.52,3.1606162293918167,0.584,0.10535387431306056,0.624,0.15803081146959083,0.33333333333333326,0.0,0.0016666666666666668,0.008703882797784892,3.54,0.7305733185227709,4.08,0.6463573143221775,0.92,0.6463573143221774,0.0,0.0,0.0,0.0,7.75,3.0989571396738227,7.34,2.999057090877637,12.25,3.0989571396738222,5.0,0.0,30.0,0.0,6.0,0.0,1.5,0.0,0.63,0.7608474807008886
10.0,10.0,114.0,114.0,100,17.44,3.137650153354972,0.5813333333333334,0.10458833844516577,0.628,0.15688250766774864,0.33333333333333326,0.0,0.002666666666666667,0.009088664144809694,3.56,0.7009373233842888,4.08,0.6463573143221775,0.92,0.6463573143221774,0.0,0.0,0.0,0.0,7.67,3.0815678811378806,7.3,2.9898819273332413,12.33,3.0815678811378806,5.0,0.0,30.0,0.0,6.0,0.0,1.5,0.0,0.63,0.7608474807008886
10.0,10.0,115.0,115.0,100,17.41,3.1207840247753333,0.5803333333333334,0.10402613415917776,0.6295000000000001,0.1560392012387667,0.33333333333333326,0.0,0.0009999999999999998,0.00571488693325884,3.57,0.7,4.08,0.6463573143221775,0.92,0.6463573143221774,0.0,0.0,0.0,0.0,7.64,3.0666666666666664,7.24,3.0088086168663657,12.36,3.066666666666667,5.0,0.0,30.0,0.0,6.0,0.0,1.5,0.0,0.63,0.7608474807008886
10.0,10.0,116.0,116.0,100,17.37,3.1419449679805305,0.579,0.10473149893268441,0.6315,0.15709724839902653,0.33333333333333326,0.0,0.0013333333333333342,0.006564879518897751,3.58,0.6989169110021938,4.08,0.6463573143221775,0.92,0.6463573143221774,0.0,0.0,0.0,0.0,7.6,3.091206165165234,7.17,2.9951307285005244,12.4,3.091206165165234,5.0,0.0,30.0,0.0,6.0,0.0,1.5,0.0,0.63,0.7608474807008886
10.0,10.0,117.0,117.0,100,17.33,3.107680287236249,0.5776666666666667,0.10358934290787494,0.6335000000000001,0.1553840143618124,0.33333333333333326,0.0,0.001333333333333333,0.006564879518897747,3.59,0.6976873775321413,4.07,0.6396811074214396,0.93,0.6396811074214395,0.0,0.0,0.0,0.0,7.56,3.059411708155671,7.13,2.9530159211055786,12.44,3.059411708155671,5.0,0.0,30.0,0.0,6.0,0.0,1.5,0.0,0.63,0.7608474807008886
10.0,10.0,118.0,118.0,100,17.27,3.0743480872562507,0.5756666666666667,0.10247826957520832,0.6365,0.1537174043628125,0.33333333333333326,0.0,0.0019999999999999996,0.0079561085525314,3.62,0.6931118527366563,4.07,0.6396811074214396,0.93,0.6396811074214395,0.0,0.0,0.0,0.0,7.5,3.0301515113634467,7.09,2.9132057388326826,12.5,3.0301515113634463,5.0,0.0,30.0,0.0,6.0,0.0,1.5,0.0,0.63,0.7608474807008886
10.0,10.0,119.0,119.0,100,17.19,3.0902093682134133,0.573,0.10300697894044708,0.6405,0.15451046841067062,0.33333333333333326,0.0,0.002666666666666667,0.010249414863810768,3.65,0.7159792333764035,4.06,0.648541487189571,0.94,0.6485414871895712,0.0,0.0,0.0,0.0,7.43,3.0558934615730395,7.07,2.924141935783224,12.57,3.0558934615730395,5.0,0.0,30.0,0.0,6.0,0.0,1.5,0.0,0.63,0.7608474807008886
10.0,10.0,120.0,120.0,100,17.13,3.0802564500346064,0.5710000000000001,0.10267521500115356,0.6435,0.15401282250173032,0.33333333333333326,0.0,0.0019999999999999996,0.007956108552531399,3.66,0.6994947671662237,4.06,0.648541487189571,0.94,0.6485414871895712,0.0,0.0,0.0,0.0,7.37,3.050600205887624,7.05,2.9072358352944474,12.63,3.0506002058876245,5.0,0.0,30.0,0.0,6.0,0.0,1.5,0.0,0.63,0.7608474807008886
10.0,10.0,121.0,121.0,100,17.06,3.077517036689011,0.5686666666666667,0.10258390122296707,0.647,0.15387585183445054,0.33333333333333326,0.0,0.0023333333333333327,0.009772955652070094,3.71,0.7005769628014332,4.06,0.648541487189571,0.94,0.6485414871895712,0.0,0.0,0.0,0.0,7.31,3.0474198392685694,6.97,2.9109858096250445,12.69,3.0474198392685694,5.0,0.0,30.0,0.0,6.0,0.0,1.5,0.0,0.63,0.7608474807008886
10.0,10.0,122.0,122.0,100,16.99,3.0334665305421105,0.5663333333333334,0.10111555101807038,0.6505,0.15167332652710552,0.33333333333333326,0.0,0.002333333333333335,0.008547746665874765,3.74,0.705247288100945,4.06,0.648541487189571,0.94,0.6485414871895712,0.0,0.0,0.0,0.0,7.24,3.008808616866365,6.9,2.8902483203931375,12.76,3.0088086168663652,5.0,0.0,30.0,0.0,6.0,0.0,1.5,0.0,0.63,0.7608474807008886
10.0,10.0,123.0,123.0,100,16.95,3.0297347952078124,0.565,0.10099115984026043,0.6525,0.15148673976039068,0.33333333333333326,0.0,0.0013333333333333335,0.006564879518897746,3.75,0.6871842709362767,4.06,0.648541487189571,0.94,0.6485414871895712,0.0,0.0,0.0,0.0,7.2,2.9983160256882515,6.86,2.888570301003315,12.8,2.998316025688251,5.0,0.0,30.0,0.0,6.0,0.0,1.5,0.0,0.63,0.7608474807008886
10.0,10.0,124.0,124.0,100,16.91,3.0221238100435794,0.5636666666666666,0.10073746033478596,0.6545000000000001,0.151106190502179,0.33333333333333326,0.0,0.001333333333333333,0.006564879518897745,3.76,0.698049229834635,4.06,0.648541487189571,0.94,0.6485414871895712,0.0,0.0,0.0,0.0,7.16,2.9940007354775986,6.79,2.931180339354469,12.84,2.9940007354775986,5.0,0.0,30.0,0.0,6.0,0.0,1.5,0.0,0.63,0.7608474807008886
10.0,10.0,125.0,125.0,100,16.87,3.0139574306780434,0.5623333333333334,0.10046524768926814,0.6565000000000001,0.15069787153390218,0.33333333333333326,0.0,0.001333333333333333,0.009380352942419309,3.76,0.698049229834635,4.06,0.648541487189571,0.94,0.6485414871895712,0.0,0.0,0.0,0.0,7.13,2.983642272813752,6.78,2.9459096792644273,12.87,2.9836422728137526,5.0,0.0,30.0,0.0,6.0,0.0,1.5,0.0,0.63,0.7608474807008886
10.0,10.0,126.0,126.0,100,16.8,3.018461712712473,0.56,0.10061539042374906,0.66,0.15092308563562362,0.33333333333333326,0.0,0.0023333333333333327,0.010860817247826454,3.77,0.6942039987778746,4.06,0.648541487189571,0.94,0.6485414871895712,0.0,0.0,0.0,0.0,7.08,2.966751786317177,6.76,2.9408993333483706,12.92,2.966751786317177,5.0,0.0,30.0,0.0,6.0,0.0,1.5,0.0,0.63,0.7608474807008886
10.0,10.0,127.0,127.0,100,16.73,2.9468524554071913,0.5576666666666666,0.09822841518023973,0.6635,0.1473426227703596,0.33333333333333326,0.0,0.002333333333333334,0.008547746665874763,3.79,0.7005769628014332,4.06,0.648541487189571,0.94,0.6485414871895712,0.0,0.0,0.0,0.0,7.01,2.890230846045751,6.71,2.8895317854963865,12.99,2.8902308460457515,5.0,0.0,30.0,0.0,6.0,0.0,1.5,0.0,0.63,0.7608474807008886
10.0,10.0,128.0,128.0,100,16.7,2.9729419500528156,0.5566666666666666,0.09909806500176051,0.665,0.14864709750264077,0.33333333333333326,0.0,0.0009999999999999992,0.007423383445120451,3.79,0.7005769628014332,4.05,0.6571287406727709,0.95,0.6571287406727709,0.0,0.0,0.0,0.0,6.99,2.9041767205599633,6.67,2.8956777263620856,13.01,2.904176720559964,5.0,0.0,30.0,0.0,6.0,0.0,1.5,0.0,0.63,0.7608474807008886
10.0,10.0,129.0,129.0,100,16.67,2.991756350474761,0.5556666666666666,0.09972521168249203,0.6665000000000001,0.14958781752373795,0.33333333333333326,0.0,0.0010000000000000002,0.005714886933258846,3.79,0.7005769628014332,4.05,0.6571287406727709,0.95,0.6571287406727709,0.0,0.0,0.0,0.0,6.96,2.9264381770405477,6.64,2.8551565967419705,13.04,2.926438177040547,5.0,0.0,30.0,0.0,6.0,0.0,1.5,0.0,0.63,0.7608474807008886
10.0,10.0,130.0,130.0,100,16.63,2.990405533121764,0.5543333333333333,0.09968018443739209,0.6685,0.1495202766560881,0.33333333333333326,0.0,0.001333333333333333,0.006564879518897746,3.79,0.7005769628014332,4.05,0.6571287406727709,0.95,0.6571287406727709,0.0,0.0,0.0,0.0,6.92,2.9290602485087156,6.57,2.825765293677006,13.08,2.9290602485087156,5.0,0.0,30.0,0.0,6.0,0.0,1.5,0.0,0.63,0.7608474807008886
10.0,10.0,131.0,131.0,100,16.57,2.9413629768554843,0.5523333333333333,0.09804543256184951,0.6715000000000001,0.14706814884277425,0.33333333333333326,0.0,0.0019999999999999996,0.007956108552531399,3.81,0.706320670013903,4.05,0.6571287406727709,0.95,0.6571287406727709,0.0,0.0,0.0,0.0,6.86,2.8850712926436257,6.55,2.8226178836625615,13.14,2.8850712926436257,5.0,0.0,30.0,0.0,6.0,0.0,1.5,0.0,0.63,0.7608474807008886
10.0,10.0,132.0,132.0,100,16.52,2.9214635878185256,0.5506666666666666,0.09738211959395089,0.674,0.1460731793909263,0.33333333333333326,0.0,0.0016666666666666663,0.007301430451919676,3.83,0.7114503609961949,4.05,0.6571287406727709,0.95,0.6571287406727709,0.0,0.0,0.0,0.0,6.81,2.8698889571310287,6.48,2.830140803864177,13.19,2.8698889571310287,5.0,0.0,30.0,0.0,6.0,0.0,1.5,0.0,0.63,0.7608474807008886
10.0,10.0,133.0,133.0,100,16.49,2.91459233596201,0.5496666666666666,0.0971530778654003,0.6755,0.14572961679810048,0.33333333333333326,0.0,0.0009999999999999998,0.00571488693325884,3.83,0.7114503609961949,4.05,0.6571287406727709,0.95,0.6571287406727709,0.0,0.0,0.0,0.0,6.78,2.8659618583884496,6.45,2.804667826349783,13.22,2.8659618583884496,5.0,0.0,30.0,0.0,6.0,0.0,1.5,0.0,0.63,0.7608474807008886
10.0,10.0,134.0,134.0,100,16.43,2.9344866878573708,0.5476666666666666,0.09781622292857903,0.6785,0.14672433439286853,0.33333333333333326,0.0,0.0019999999999999996,0.0079561085525314,3.85,0.701729465267237,4.05,0.6571287406727709,0.95,0.6571287406727709,0.0,0.0,0.0,0.0,6.72,2.8922746282558514,6.44,2.797256953632695,13.28,2.8922746282558514,5.0,0.0,30.0,0.0,6.0,0.0,1.5,0.0,0.63,0.7608474807008886
10.0,10.0,135.0,135.0,100,16.4,2.9128763250176766,0.5466666666666666,0.09709587750058922,0.68,0.14564381625088385,0.33333333333333326,0.0,0.0010000000000000002,0.005714886933258845,3.85,0.701729465267237,4.05,0.6571287406727709,0.95,0.6571287406727709,0.0,0.0,0.0,0.0,6.69,2.8734064534041557,6.43,2.800631241976593,13.31,2.873406453404155,5.0,0.0,30.0,0.0,6.0,0.0,1.5,0.0,0.63,0.7608474807008886
10.0,10.0,136.0,136.0,100,16.35,2.8967937692238537,0.545,0.09655979230746181,0.6825,0.14483968846119266,0.33333333333333326,0.0,0.0016666666666666663,0.007301430451919677,3.86,0.6966006928309254,4.05,0.6571287406727709,0.95,0.6571287406727709,0.0,0.0,0.0,0.0,6.64,2.8622234770058106,6.4,2.814105882725794,13.36,2.8622234770058106,5.0,0.0,30.0,0.0,6.0,0.0,1.5,0.0,0.63,0.7608474807008886
10.0,10.0,137.0,137.0,100,16.3,2.904194110995929,0.5433333333333333,0.09680647036653095,0.685,0.14520970554979643,0.33333333333333326,0.0,0.0016666666666666668,0.007301430451919677,3.87,0.6912877750103701,4.04,0.6654534415180996,0.96,0.6654534415180996,0.0,0.0,0.0,0.0,6.59,2.8748122468337742,6.35,2.8118615998241556,13.41,2.8748122468337742,5.0,0.0,30.0,0.0,6.0,0.0,1.5,0.0,0.63,0.7608474807008886
10.0,10.0,138.0,138.0,100,16.27,2.905428565894394,0.5423333333333333,0.09684761886314645,0.6865000000000001,0.14527142829471962,0.33333333333333326,0.0,0.0009999999999999992,0.00571488693325884,3.89,0.6947857747012904,4.03,0.6883591968139772,0.97,0.6883591968139771,0.0,0.0,0.0,0.0,6.56,2.879113219255702,6.3,2.7870552143215193,13.44,2.879113219255702,5.0,0.0,30.0,0.0,6.0,0.0,1.5,0.0,0.63,0.7608474807008886
10.0,10.0,139.0,139.0,100,16.24,2.8959044573781485,0.5413333333333333,0.09653014857927161,0.688,0.14479522286890742,0.33333333333333326,0.0,0.0009999999999999992,0.005714886933258838,3.9,0.6890192121758834,4.03,0.6883591968139772,0.97,0.6883591968139771,0.0,0.0,0.0,0.0,6.53,2.865521265182327,6.26,2.8127415721169884,13.47,2.865521265182327,5.0,0.0,30.0,0.0,6.0,0.0,1.5,0.0,0.63,0.7608474807008886
10.0,10.0,140.0,140.0,100,16.19,2.8698889571310287,0.5396666666666667,0.09566296523770096,0.6905,0.14349444785655144,0.33333333333333326,0.0,0.0016666666666666663,0.007301430451919677,3.93,0.6854181058288291,4.02,0.6960204339273699,0.98,0.6960204339273699,0.0,0.0,0.0,0.0,6.48,2.8337076401596177,6.24,2.821705194030766,13.52,2.8337076401596177,5.0,0.0,30.0,0.0,6.0,0.0,1.5,0.0,0.63,0.7608474807008886
10.0,10.0,141.0,141.0,100,16.15,2.8722813232690143,0.5383333333333333,0.09574271077563383,0.6925,0.14361406616345074,0.33333333333333326,0.0,0.001333333333333333,0.006564879518897744,3.93,0.6854181058288291,4.02,0.6960204339273699,0.98,0.6960204339273699,0.0,0.0,0.0,0.0,6.44,2.840258915498851,6.21,2.8187503499518254,13.56,2.8402589154988505,5.0,0.0,30.0,0.0,6.0,0.0,1.5,0.0,0.63,0.7608474807008886
10.0,10.0,142.0,142.0,100,16.1,2.8408989898810333,0.5366666666666666,0.09469663299603441,0.695,0.14204494949405164,0.33333333333333326,0.0,0.0016666666666666663,0.008703882797784892,3.93,0.6854181058288291,4.02,0.6960204339273699,0.98,0.6960204339273699,0.0,0.0,0.0,0.0,6.39,2.8137289683035767,6.16,2.802307851205732,13.61,2.813728968303577,5.0,0.0,30.0,0.0,6.0,0.0,1.5,0.0,0.63,0.7608474807008886
10.0,10.0,143.0,143.0,100,16.05,2.833333333333333,0.535,0.09444444444444446,0.6975,0.1416666666666667,0.33333333333333326,0.0,0.0016666666666666668,0.009909806500176055,3.95,0.6571287406727708,4.02,0.6960204339273699,0.98,0.6960204339273699,0.0,0.0,0.0,0.0,6.36,2.794366627428271,6.12,2.778997711914905,13.64,2.794366627428271,5.0,0.0,30.0,0.0,6.0,0.0,1.5,0.0,0.63,0.7608474807008886
10.0,10.0,144.0,144.0,100,16.03,2.837180988163419,0.5343333333333333,0.09457269960544734,0.6984999999999999,0.141859049408171,0.33333333333333326,0.0,0.0006666666666666665,0.004690176471209652,3.95,0.6571287406727708,4.02,0.6960204339273699,0.98,0.6960204339273699,0.0,0.0,0.0,0.0,6.34,2.8005050049639766,6.02,2.7339245480340955,13.66,2.800505004963977,5.0,0.0,30.0,0.0,6.0,0.0,1.5,0.0,0.63,0.7608474807008886
10.0,10.0,145.0,145.0,100,16.01,2.830194339616981,0.5336666666666666,0.09433981132056604,0.6995,0.14150971698084908,0.33333333333333326,0.0,0.0006666666666666665,0.006666666666666666,3.95,0.6571287406727708,4.02,0.6960204339273699,0.98,0.6960204339273699,0.0,0.0,0.0,0.0,6.32,2.788432092655931,6.0,2.722892104755789,13.68,2.7884320926559316,5.0,0.0,30.0,0.0,6.0,0.0,1.5,0.0,0.63,0.7608474807008886
10.0,10.0,146.0,146.0,100,15.96,2.8494904736805062,0.5319999999999999,0.09498301578935019,0.7020000000000001,0.14247452368402538,0.33333333333333326,0.0,0.0016666666666666663,0.007301430451919677,3.96,0.6654534415180996,4.01,0.688945908360348,0.99,0.6889459083603479,0.0,0.0,0.0,0.0,6.27,2.8135853685755885,5.99,2.7210180804139084,13.73,2.8135853685755876,5.0,0.0,30.0,0.0,6.0,0.0,1.5,0.0,0.63,0.7608474807008886
10.0,10.0,147.0,147.0,100,15.91,2.818033557520763,0.5303333333333333,0.09393445191735877,0.7045,0.1409016778760382,0.33333333333333326,0.0,0.0016666666666666679,0.007301430451919683,3.97,0.6583573068132104,4.01,0.688945908360348,0.99,0.6889459083603479,0.0,0.0,0.0,0.0,6.22,2.783718899079235,5.99,2.7210180804139084,13.78,2.7837188990792345,5.0,0.0,30.0,0.0,6.0,0.0,1.5,0.0,0.63,0.7608474807008886
10.0,10.0,148.0,148.0,100,15.85,2.826194214376241,0.5283333333333333,0.09420647381254132,0.7075,0.14130971071881207,0.33333333333333326,0.0,0.0020000000000000005,0.007956108552531403,3.99,0.6275654418770874,4.0,0.6963106238227913,1.0,0.6963106238227912,0.0,0.0,0.0,0.0,6.16,2.7987009973784747,5.94,2.7147929958103636,13.84,2.7987009973784747,5.0,0.0,30.0,0.0,6.0,0.0,1.5,0.0,0.63,0.7608474807008886
10.0,10.0,149.0,149.0,100,15.84,2.8381242916668556,0.528,0.09460414305556189,0.708,0.1419062145833428,0.33333333333333326,0.0,0.0003333333333333327,0.0033333333333333266,4.0,0.6195469181897232,4.0,0.6963106238227913,1.0,0.6963106238227912,0.0,0.0,0.0,0.0,6.15,2.8118615998241556,5.9,2.6874192494328493,13.85,2.8118615998241556,5.0,0.0,30.0,0.0,6.0,0.0,1.5,0.0,0.63,0.7608474807008886
10.0,10.0,150.0,150.0,100,15.79,2.854360477825767,0.5263333333333333,0.09514534926085887,0.7105,0.14271802389128832,0.33333333333333326,0.0,0.0016666666666666679,0.0087038827977849,4.02,0.6192207550093451,4.0,0.6963106238227913,1.0,0.6963106238227912,0.0,0.0,0.0,0.0,6.11,2.813728968303576,5.87,2.6880017736886894,13.89,2.8137289683035758,5.0,0.0,30.0,0.0,6.0,0.0,1.5,0.0,0.63,0.7608474807008886
10.0,10.0,151.0,151.0,100,15.76,2.814536580259024,0.5253333333333333,0.09381788600863412,0.7120000000000001,0.14072682901295122,0.33333333333333326,0.0,0.0010000000000000009,0.005714886933258849,4.02,0.6192207550093451,4.0,0.6963106238227913,1.0,0.6963106238227912,0.0,0.0,0.0,0.0,6.08,2.7768159951115,5.82,2.6982223852759124,13.92,2.7768159951115,5.0,0.0,30.0,0.0,6.0,0.0,1.5,0.0,0.63,0.7608474807008886
10.0,10.0,152.0,152.0,100,15.75,2.8297660252352594,0.525,0.09432553417450862,0.7125,0.14148830126176298,0.33333333333333326,0.0,0.00033333333333333435,0.003333333333333345,4.02,0.6192207550093451,3.99,0.7034546786030247,1.01,0.7034546786030248,0.0,0.0,0.0,0.0,6.07,2.7934085474794617,5.76,2.685990590926457,13.93,2.793408547479461,5.0,0.0,30.0,0.0,6.0,0.0,1.5,0.0,0.63,0.7608474807008886
10.0,10.0,153.0,153.0,100,15.71,2.78268455512538,0.5236666666666667,0.09275615183751267,0.7145,0.13913422775626902,0.33333333333333326,0.0,0.001333333333333333,0.006564879518897746,4.03,0.6269212893420535,3.99,0.7034546786030247,1.01,0.7034546786030248,0.0,0.0,0.0,0.0,6.03,2.7504086014167917,5.73,2.684993839693476,13.97,2.750408601416792,5.0,0.0,30.0,0.0,6.0,0.0,1.5,0.0,0.63,0.7608474807008886
10.0,10.0,154.0,154.0,100,15.66,2.756883029873419,0.5219999999999999,0.09189610099578062,0.7170000000000001,0.13784415149367094,0.33333333333333326,0.0,0.0016666666666666668,0.00730143045191968,4.06,0.6327748733981465,3.99,0.7034546786030247,1.01,0.7034546786030248,0.0,0.0,0.0,0.0,5.98,2.7228179104995927,5.68,2.6395591918486554,14.02,2.722817910499593,5.0,0.0,30.0,0.0,6.0,0.0,1.5,0.0,0.63,0.7608474807008886
10.0,10.0,155.0,155.0,100,15.6,2.7450598418529126,0.52,0.0915019947284304,0.72,0.13725299209264558,0.33333333333333326,0.0,0.0019999999999999996,0.009259932635447143,4.07,0.6396811074214392,3.98,0.7103847300206169,1.02,0.7103847300206169,0.0,0.0,0.0,0.0,5.93,2.720127002382591,5.63,2.638698026058926,14.07,2.720127002382592,5.0,0.0,30.0,0.0,6.0,0.0,1.5,0.0,0.63,0.7608474807008886
10.0,10.0,156.0,156.0,100,15.58,2.7530699118246056,0.5193333333333333,0.09176899706082017,0.721,0.13765349559123025,0.33333333333333326,0.0,0.000666666666666666,0.004690176471209649,4.07,0.6396811074214392,3.98,0.7103847300206169,1.02,0.7103847300206169,0.0,0.0,0.0,0.0,5.91,2.7306527876067737,5.59,2.6250348723032393,14.09,2.7306527876067737,5.0,0.0,30.0,0.0,6.0,0.0,1.5,0.0,0.63,0.7608474807008886
10.0,10.0,157.0,157.0,100,15.54,2.757615717326191,0.518,0.09192052391087306,0.723,0.13788078586630956,0.33333333333333326,0.0,0.0013333333333333324,0.0080959454179854,4.07,0.6396811074214392,3.98,0.7103847300206169,1.02,0.7103847300206169,0.0,0.0,0.0,0.0,5.88,2.720219836630114,5.58,2.61379402247369,14.12,2.720219836630113,5.0,0.0,30.0,0.0,6.0,0.0,1.5,0.0,0.63,0.7608474807008886
10.0,10.0,158.0,158.0,100,15.47,2.717154631766344,0.5156666666666666,0.09057182105887812,0.7265,0.13585773158831718,0.33333333333333326,0.0,0.0023333333333333335,0.00854774666587476,4.07,0.6396811074214392,3.97,0.7171069824248152,1.03,0.7171069824248153,0.0,0.0,0.0,0.0,5.81,2.6768555350551795,5.57,2.6102169111459532,14.19,2.67685553505518,5.0,0.0,30.0,0.0,6.0,0.0,1.5,0.0,0.63,0.7608474807008886
10.0,10.0,159.0,159.0,100,15.43,2.6789678398347165,0.5143333333333333,0.08929892799449056,0.7284999999999999,0.1339483919917358,0.33333333333333326,0.0,0.001333333333333333,0.008095945417985405,4.08,0.6463573143221771,3.97,0.7171069824248152,1.03,0.7171069824248153,0.0,0.0,0.0,0.0,5.78,2.653680501119191,5.52,2.6341962529374876,14.22,2.6536805011191915,5.0,0.0,30.0,0.0,6.0,0.0,1.5,0.0,0.63,0.7608474807008886
10.0,10.0,160.0,160.0,100,15.39,2.6396165929118873,0.513,0.08798721976372956,0.7304999999999999,0.13198082964559432,0.33333333333333326,0.0,0.001333333333333333,0.006564879518897744,4.1,0.6590473688161074,3.97,0.7171069824248152,1.03,0.7171069824248153,0.0,0.0,0.0,0.0,5.74,2.6193529928228645,5.48,2.614953115828235,14.26,2.6193529928228654,5.0,0.0,30.0,0.0,6.0,0.0,1.5,0.0,0.63,0.7608474807008886
10.0,10.0,161.0,161.0,100,15.34,2.6216657516036084,0.5113333333333333,0.08738885838678692,0.733,0.1310832875801804,0.33333333333333326,0.0,0.0016666666666666657,0.008703882797784888,4.1,0.6590473688161074,3.96,0.7236272269866326,1.04,0.7236272269866326,0.0,0.0,0.0,0.0,5.69,2.600291358966366,5.46,2.6069836279431517,14.31,2.600291358966366,5.0,0.0,30.0,0.0,6.0,0.0,1.5,0.0,0.63,0.7608474807008886
10.0,10.0,162.0,162.0,100,15.29,2.64496854156313,0.5096666666666667,0.08816561805210431,0.735,0.13113721705515066,0.33333333333333326,0.0,0.0016666666666666663,0.008703882797784892,4.11,0.6650738547884979,3.94,0.7081060241334918,1.06,0.7081060241334921,0.0,0.0,0.0,0.0,5.65,2.599047999758854,5.43,2.6333333333333337,14.35,2.5990479997588545,5.0,0.0,30.0,0.0,6.0,0.0,1.5,0.0,0.63,0.7608474807008886
10.0,10.0,163.0,163.0,100,15.27,2.6509194135947887,0.509,0.08836398045315964,0.736,0.13144111866827546,0.33333333333333326,0.0,0.0006666666666666665,0.004690176471209653,4.11,0.6650738547884979,3.93,0.7142842712828137,1.07,0.7142842712828138,0.0,0.0,0.0,0.0,5.63,2.6001359715805386,5.37,2.61948795983436,14.37,2.6001359715805386,5.0,0.0,30.0,0.0,6.0,0.0,1.5,0.0,0.63,0.7608474807008886
10.0,10.0,164.0,164.0,100,15.24,2.6443001403628963,0.508,0.08814333801209653,0.7375,0.1311131441376362,0.33333333333333326,0.0,0.0009999999999999992,0.005714886933258837,4.11,0.6650738547884979,3.93,0.7142842712828137,1.07,0.7142842712828138,0.0,0.0,0.0,0.0,5.6,2.597590180816586,5.36,2.6151076227925847,14.4,2.597590180816586,5.0,0.0,30.0,0.0,6.0,0.0,1.5,0.0,0.63,0.7608474807008886
10.0,10.0,165.0,165.0,100,15.19,2.673079410596239,0.5063333333333333,0.08910264701987462,0.74,0.13257359305592337,0.33333333333333326,0.0,0.0016666666666666663,0.008703882797784892,4.14,0.6669696281304607,3.93,0.7142842712828137,1.07,0.7142842712828138,0.0,0.0,0.0,0.0,5.55,2.6106812455097934,5.33,2.628726311391512,14.45,2.610681245509793,5.0,0.0,30.0,0.0,6.0,0.0,1.5,0.0,0.63,0.7608474807008886
10.0,10.0,166.0,166.0,100,15.16,2.692000870517817,0.5053333333333333,0.08973336235059393,0.7415,0.1335329944472923,0.33333333333333326,0.0,0.0010000000000000002,0.005714886933258843,4.14,0.6669696281304607,3.92,0.7202693099028163,1.08,0.7202693099028161,0.0,0.0,0.0,0.0,5.52,2.62266731370638,5.29,2.6103716984445726,14.48,2.6226673137063794,5.0,0.0,30.0,0.0,6.0,0.0,1.5,0.0,0.63,0.7608474807008886
10.0,10.0,167.0,167.0,100,15.12,2.6677270618951403,0.504,0.08892423539650464,0.7434999999999999,0.13231715037298938,0.33333333333333326,0.0,0.001333333333333333,0.006564879518897745,4.15,0.657128740672771,3.92,0.7202693099028163,1.08,0.7202693099028161,0.0,0.0,0.0,0.0,5.48,2.603338959370012,5.25,2.5559398042262815,14.52,2.603338959370012,5.0,0.0,30.0,0.0,6.0,0.0,1.5,0.0,0.63,0.7608474807008886
10.0,10.0,168.0,168.0,100,15.09,2.663236430140644,0.503,0.08877454767135479,0.745,0.132096536478043,0.33333333333333326,0.0,0.0010000000000000002,0.005714886933258843,4.16,0.6624106572118832,3.92,0.7202693099028163,1.08,0.7202693099028161,0.0,0.0,0.0,0.0,5.45,2.6029315252715595,5.23,2.573583752927683,14.55,2.602931525271559,5.0,0.0,30.0,0.0,6.0,0.0,1.5,0.0,0.63,0.7608474807008886
10.0,10.0,169.0,169.0,100,15.07,2.6751946969644416,0.5023333333333333,0.08917315656548136,0.746,0.1327030557677592,0.33333333333333326,0.0,0.000666666666666666,0.0046901764712096485,4.16,0.6624106572118832,3.92,0.7202693099028163,1.08,0.7202693099028161,0.0,0.0,0.0,0.0,5.43,2.6179450650531915,5.22,2.5764277203096144,14.57,2.617945065053192,5.0,0.0,30.0,0.0,6.0,0.0,1.5,0.0,0.63,0.7608474807008886
10.0,10.0,170.0,170.0,100,15.03,2.672172346706898,0.501,0.08907241155689659,0.748,0.1325583538360264,0.33333333333333326,0.0,0.0013333333333333335,0.006564879518897749,4.16,0.6624106572118832,3.92,0.7202693099028163,1.07,0.7282884321503678,0.01,0.1,0.01,0.1,5.39,2.608823412184044,5.17,2.5704419303247668,14.61,2.608823412184044,5.0,0.0,30.0,0.0,6.0,0.0,1.5,0.0,0.63,0.7608474807008886
10.0,10.0,171.0,171.0,100,15.0,2.6476595344003373,0.5,0.0882553178133446,0.7495,0.13132868012061275,0.33333333333333326,0.0,0.0010000000000000002,0.005714886933258844,4.16,0.6624106572118832,3.92,0.7202693099028163,1.08,0.7202693099028161,0.0,0.0,0.0,0.0,5.37,2.5845500555994247,5.11,2.526206082590486,14.63,2.584550055599425,5.0,0.0,30.0,0.0,6.0,0.0,1.5,0.0,0.63,0.7608474807008886
10.0,10.0,172.0,172.0,100,14.97,2.6608079581020103,0.499,0.08869359860340034,0.7509999999999999,0.1319970921014259,0.33333333333333326,0.0,0.0009999999999999998,0.005714886933258841,4.16,0.6624106572118832,3.92,0.7202693099028163,1.08,0.7202693099028161,0.0,0.0,0.0,0.0,5.34,2.602329958349097,5.03,2.5602043794678706,14.66,2.6023299583490966,5.0,0.0,30.0,0.0,6.0,0.0,1.5,0.0,0.63,0.7608474807008886
10.0,10.0,173.0,173.0,100,14.93,2.6524431276569436,0.49766666666666665,0.0884147709218981,0.753,0.13158321098886974,0.33333333333333326,0.0,0.0013333333333333342,0.006564879518897749,4.18,0.6572055933413775,3.92,0.7202693099028163,1.08,0.7202693099028161,0.0,0.0,0.0,0.0,5.3,2.591750705058593,5.0,2.530620557104602,14.7,2.5917507050585935,5.0,0.0,30.0,0.0,6.0,0.0,1.5,0.0,0.63,0.7608474807008886
10.0,10.0,174.0,174.0,100,14.9,2.6533759704203317,0.49666666666666665,0.08844586568067773,0.7545000000000001,0.13163597647691266,0.33333333333333326,0.0,0.0009999999999999992,0.00742338344512045,4.18,0.6572055933413775,3.91,0.71201804539611,1.09,0.7120180453961099,0.0,0.0,0.0,0.0,5.27,2.5892356814591855,4.98,2.514523470327586,14.73,2.5892356814591864,5.0,0.0,30.0,0.0,6.0,0.0,1.5,0.0,0.63,0.7608474807008886
10.0,10.0,175.0,175.0,100,14.85,2.6337935923053433,0.495,0.08779311974351148,0.757,0.13065878145657553,0.33333333333333326,0.0,0.0016666666666666668,0.007301430451919679,4.18,0.6572055933413775,3.89,0.7232781713361139,1.11,0.723278171336114,0.0,0.0,0.0,0.0,5.22,2.576427720309614,4.95,2.5241260113576183,14.78,2.576427720309615,5.0,0.0,30.0,0.0,6.0,0.0,1.5,0.0,0.63,0.7608474807008886
10.0,10.0,176.0,176.0,100,14.81,2.600291358966366,0.4936666666666667,0.08667637863221224,0.759,0.12897811262130304,0.33333333333333326,0.0,0.0013333333333333342,0.006564879518897751,4.19,0.646591685749831,3.88,0.7146377199022386,1.12,0.7146377199022387,0.0,0.0,0.0,0.0,5.18,2.5401025987391157,4.94,2.521904042583698,14.82,2.540102598739116,5.0,0.0,30.0,0.0,6.0,0.0,1.5,0.0,0.63,0.7608474807008886
10.0,10.0,177.0,177.0,100,14.77,2.5775056456844774,0.49233333333333335,0.08591685485614924,0.7609999999999999,0.1278374915368111,0.33333333333333326,0.0,0.0013333333333333324,0.006564879518897743,4.19,0.646591685749831,3.87,0.7057484028184604,1.13,0.7057484028184604,0.0,0.0,0.0,0.0,5.14,2.506637652959104,4.9,2.5166114784235836,14.86,2.506637652959104,5.0,0.0,30.0,0.0,6.0,0.0,1.5,0.0,0.63,0.7608474807008886
10.0,10.0,178.0,178.0,100,14.75,2.583455520082051,0.49166666666666664,0.08611518400273506,0.762,0.1281413361105698,0.33333333333333326,0.0,0.000666666666666666,0.004690176471209651,4.19,0.646591685749831,3.86,0.7109532653097145,1.14,0.7109532653097146,0.0,0.0,0.0,0.0,5.12,2.515728301881761,4.88,2.5157283018817607,14.88,2.5157283018817607,5.0,0.0,30.0,0.0,6.0,0.0,1.5,0.0,0.63,0.7608474807008886
10.0,10.0,179.0,179.0,100,14.73,2.5892356814591855,0.491,0.08630785604863954,0.763,0.1284365975723415,0.33333333333333326,0.0,0.000666666666666666,0.00469017647120965,4.19,0.646591685749831,3.86,0.7109532653097145,1.14,0.7109532653097146,0.0,0.0,0.0,0.0,5.1,2.524626184950432,4.86,2.5186977555551167,14.9,2.524626184950432,5.0,0.0,30.0,0.0,6.0,0.0,1.5,0.0,0.63,0.7608474807008886
10.0,10.0,180.0,180.0,100,14.68,2.5697541445897816,0.4893333333333333,0.08565847148632608,0.7655,0.12746459203332594,0.33333333333333326,0.0,0.0016666666666666663,0.007301430451919677,4.22,0.6289320754704399,3.85,0.7017294652672372,1.15,0.7017294652672372,0.0,0.0,0.0,0.0,5.05,2.5040371443335303,4.8,2.5105836578433918,14.95,2.50403714433353,5.0,0.0,30.0,0.0,6.0,0.0,1.5,0.0,0.63,0.7608474807008886
10.0,10.0,181.0,181.0,100,14.64,2.5683386919103235,0.488,0.08561128973034414,0.7675,0.12740117976714582,0.33333333333333326,0.0,0.0013333333333333342,0.00656487951889775,4.23,0.6333333333333332,3.84,0.7066781016799231,1.15,0.7159792333764037,0.01,0.1,0.01,0.1,5.01,2.4923924654877694,4.78,2.5129161296683735,14.99,2.49239246548777,5.0,0.0,30.0,0.0,6.0,0.0,1.5,0.0,0.63,0.7608474807008886
10.0,10.0,182.0,182.0,100,14.57,2.5829862914499144,0.48566666666666664,0.08609954304833047,0.7709999999999999,0.12815315963031235,0.33333333333333326,0.0,0.0023333333333333366,0.008547746665874772,4.27,0.6333333333333333,3.84,0.7066781016799231,1.16,0.706678101679923,0.0,0.0,0.0,0.0,4.95,2.5201210488804104,4.77,2.530041721219457,15.05,2.520121048880411,5.0,0.0,30.0,0.0,6.0,0.0,1.5,0.0,0.63,0.7608474807008886
10.0,10.0,183.0,183.0,100,14.56,2.598834237487915,0.48533333333333334,0.08662780791626384,0.7715000000000001,0.1289536366452703,0.33333333333333326,0.0,0.0003333333333333327,0.003333333333333328,4.27,0.6333333333333333,3.84,0.7066781016799231,1.16,0.706678101679923,0.0,0.0,0.0,0.0,4.94,2.5178955458473613,4.76,2.5070405910659943,15.06,2.5178955458473617,5.0,0.0,30.0,0.0,6.0,0.0,1.5,0.0,0.63,0.7608474807008886
10.0,10.0,184.0,184.0,100,14.52,2.5721115014239913,0.484,0.08573705004746636,0.7735,0.12761506988050458,0.33333333333333326,0.0,0.001333333333333333,0.006564879518897745,4.27,0.6333333333333333,3.84,0.7066781016799231,1.16,0.706678101679923,0.0,0.0,0.0,0.0,4.9,2.496462143178469,4.74,2.50905431096131,15.1,2.496462143178469,5.0,0.0,30.0,0.0,6.0,0.0,1.5,0.0,0.63,0.7608474807008886
10.0,10.0,185.0,185.0,100,14.48,2.5799538011680783,0.48266666666666663,0.08599846003893595,0.7755,0.12801810951438222,0.33333333333333326,0.0,0.0013333333333333342,0.0065648795188977494,4.28,0.6369117408688316,3.84,0.7066781016799231,1.16,0.706678101679923,0.0,0.0,0.0,0.0,4.86,2.5026047037097774,4.69,2.460578071194744,15.14,2.5026047037097774,5.0,0.0,30.0,0.0,6.0,0.0,1.5,0.0,0.63,0.7608474807008886
10.0,10.0,186.0,186.0,100,14.43,2.5829862914499144,0.48100000000000004,0.08609954304833047,0.778,0.12818074360177126,0.33333333333333326,0.0,0.0016666666666666674,0.008703882797784893,4.28,0.6369117408688316,3.84,0.7066781016799231,1.16,0.706678101679923,0.0,0.0,0.0,0.0,4.81,2.5133783453890715,4.64,2.468058575340774,15.19,2.513378345389071,5.0,0.0,30.0,0.0,6.0,0.0,1.5,0.0,0.63,0.7608474807008886
10.0,10.0,187.0,187.0,100,14.42,2.586601061336102,0.48066666666666663,0.08622003537787008,0.7785,0.1283648131402264,0.33333333333333326,0.0,0.0003333333333333338,0.0033333333333333383,4.28,0.6369117408688316,3.84,0.7066781016799231,1.16,0.706678101679923,0.0,0.0,0.0,0.0,4.8,2.518617546082443,4.58,2.4707582772595265,15.2,2.5186175460824427,5.0,0.0,30.0,0.0,6.0,0.0,1.5,0.0,0.63,0.7608474807008886
10.0,10.0,188.0,188.0,100,14.42,2.586601061336102,0.48066666666666663,0.08622003537787008,0.7785,0.1283648131402264,0.33333333333333326,0.0,0.0,0.0,4.28,0.6369117408688316,3.84,0.7066781016799231,1.16,0.706678101679923,0.0,0.0,0.0,0.0,4.8,2.518617546082443,4.52,2.463798496286381,15.2,2.5186175460824427,5.0,0.0,30.0,0.0,6.0,0.0,1.5,0.0,0.63,0.7608474807008886
10.0,10.0,189.0,189.0,100,14.38,2.5575398532593976,0.4793333333333333,0.0852513284419799,0.7805,0.12690866038536566,0.33333333333333326,0.0,0.001333333333333333,0.008095945417985403,4.29,0.6243380332784315,3.84,0.7066781016799231,1.16,0.706678101679923,0.0,0.0,0.0,0.0,4.76,2.4868137091954488,4.51,2.4638599920868196,15.24,2.486813709195449,5.0,0.0,30.0,0.0,6.0,0.0,1.5,0.0,0.63,0.7608474807008886
10.0,10.0,190.0,190.0,100,14.35,2.579542673428839,0.4783333333333333,0.0859847557809613,0.7815000000000001,0.12705979662817,0.33333333333333326,0.0,0.0009999999999999992,0.005714886933258837,4.29,0.6243380332784315,3.83,0.711450360996195,1.16,0.706678101679923,0.01,0.1,0.01,0.1,4.73,2.493851023877113,4.47,2.455482424981686,15.27,2.4938510238771134,5.0,0.0,30.0,0.0,6.0,0.0,1.5,0.0,0.63,0.7608474807008886
10.0,10.0,191.0,191.0,100,14.33,2.582204054248575,0.4776666666666667,0.0860734684749525,0.7825,0.12720281268728123,0.33333333333333326,0.0,0.0006666666666666676,0.004690176471209662,4.29,0.6243380332784315,3.83,0.711450360996195,1.17,0.711450360996195,0.0,0.0,0.0,0.0,4.72,2.4907100119516854,4.46,2.451221093350179,15.28,2.4907100119516854,5.0,0.0,30.0,0.0,6.0,0.0,1.5,0.0,0.63,0.7608474807008886
10.0,10.0,192.0,192.0,100,14.3,2.607293577252051,0.4766666666666666,0.0869097859084017,0.784,0.12848770722948913,0.33333333333333326,0.0,0.0009999999999999992,0.005714886933258838,4.29,0.6243380332784315,3.82,0.7300200633744891,1.18,0.7300200633744891,0.0,0.0,0.0,0.0,4.69,2.5214033289965223,4.45,2.4303427035226237,15.31,2.5214033289965228,5.0,0.0,30.0,0.0,6.0,0.0,1.5,0.0,0.63,0.7608474807008886
10.0,10.0,193.0,193.0,100,14.28,2.586210518980396,0.47600000000000003,0.08620701729934653,0.785,0.12742595393943,0.33333333333333326,0.0,0.000666666666666666,0.0046901764712096485,4.3,0.6113406364191519,3.82,0.7300200633744891,1.18,0.7300200633744891,0.0,0.0,0.0,0.0,4.67,2.4946609656090213,4.43,2.425683283930405,15.33,2.4946609656090213,5.0,0.0,30.0,0.0,6.0,0.0,1.5,0.0,0.63,0.7608474807008886
10.0,10.0,194.0,194.0,100,14.25,2.599047999758855,0.475,0.08663493332529515,0.7859999999999999,0.12694546669791526,0.33333333333333326,0.0,0.0010000000000000002,0.0057148869332588415,4.3,0.6113406364191519,3.82,0.7300200633744891,1.18,0.7300200633744891,0.0,0.0,0.0,0.0,4.64,2.500585789955884,4.41,2.42917868649243,15.36,2.500585789955884,5.0,0.0,30.0,0.0,6.0,0.0,1.5,0.0,0.63,0.7608474807008886
10.0,10.0,195.0,195.0,100,14.22,2.6153393661244038,0.474,0.08717797887081345,0.7875,0.12779699021131408,0.33333333333333326,0.0,0.0010000000000000002,0.007423383445120459,4.31,0.6145541210314741,3.82,0.7300200633744891,1.18,0.7300200633744891,0.0,0.0,0.0,0.0,4.62,2.4894930724096738,4.38,2.419533305028351,15.38,2.4894930724096738,5.0,0.0,30.0,0.0,6.0,0.0,1.5,0.0,0.63,0.7608474807008886
10.0,10.0,196.0,196.0,100,14.16,2.576976538660778,0.472,0.08589921795535924,0.7905,0.12586970174820392,0.33333333333333326,0.0,0.0020000000000000005,0.010401588413621016,4.33,0.6204429828352438,3.82,0.7300200633744891,1.18,0.7300200633744891,0.0,0.0,0.0,0.0,4.57,2.4422832503105525,4.35,2.4094720491334933,15.43,2.4422832503105525,5.0,0.0,30.0,0.0,6.0,0.0,1.5,0.0,0.63,0.7608474807008886
10.0,10.0,197.0,197.0,100,14.09,2.601844722422143,0.4696666666666666,0.08672815741407146,0.794,0.12718395172252503,0.33333333333333326,0.0,0.0023333333333333357,0.008547746665874769,4.33,0.6204429828352438,3.8,0.7247430753394789,1.2,0.7247430753394788,0.0,0.0,0.0,0.0,4.5,2.4720661623652207,4.32,2.390553800847719,15.5,2.4720661623652207,5.0,0.0,30.0,0.0,6.0,0.0,1.5,0.0,0.63,0.7608474807008886
10.0,10.0,198.0,198.0,100,14.06,2.585194832741301,0.4686666666666667,0.08617316109137671,0.7955,0.1263502827040523,0.33333333333333326,0.0,0.0009999999999999992,0.005714886933258838,4.34,0.6231234454607111,3.8,0.7247430753394789,1.2,0.7247430753394788,0.0,0.0,0.0,0.0,4.47,2.4513653173674297,4.28,2.361646403967736,15.53,2.4513653173674297,5.0,0.0,30.0,0.0,6.0,0.0,1.5,0.0,0.63,0.7608474807008886
10.0,10.0,199.0,199.0,100,14.05,2.5834555200820515,0.46833333333333327,0.08611518400273506,0.7959999999999999,0.12626731304432806,0.33333333333333326,0.0,0.00033333333333333327,0.003333333333333333,4.35,0.6256309946079568,3.8,0.7247430753394789,1.2,0.7247430753394788,0.0,0.0,0.0,0.0,4.46,2.451221093350179,4.26,2.3208323132580313,15.54,2.4512210933501795,5.0,0.0,30.0,0.0,6.0,0.0,1.5,0.0,0.63,0.7608474807008886
10.0,10.0,200.0,200.0,100,14.01,2.576094452123723,0.46699999999999997,0.08586981507079079,0.7979999999999999,0.1259148341322239,0.33333333333333326,0.0,0.001333333333333333,0.006564879518897746,4.37,0.630135467237567,3.8,0.7247430753394789,1.2,0.7247430753394788,0.0,0.0,0.0,0.0,4.42,2.4378331163207836,4.2,2.2563042992710645,15.58,2.4378331163207836,5.0,0.0,30.0,0.0,6.0,0.0,1.5,0.0,0.63,0.7608474807008886
10.0,10.0,201.0,201.0,100,13.99,2.564304304417978,0.4663333333333333,0.08547681014726592,0.799,0.1253238229789556,0.33333333333333326,0.0,0.000666666666666666,0.0046901764712096485,4.37,0.630135467237567,3.8,0.7247430753394789,1.2,0.7247430753394788,0.0,0.0,0.0,0.0,4.4,2.4287836253956216,4.15,2.2445219508569716,15.6,2.428783625395622,5.0,0.0,30.0,0.0,6.0,0.0,1.5,0.0,0.63,0.7608474807008886
10.0,10.0,202.0,202.0,100,13.96,2.5223045418862893,0.4653333333333333,0.08407681806287631,0.8005,0.12319299960434095,0.33333333333333326,0.0,0.0009999999999999998,0.00571488693325884,4.37,0.630135467237567,3.8,0.7247430753394789,1.2,0.7247430753394788,0.0,0.0,0.0,0.0,4.37,2.3896029001074677,4.1,2.23606797749979,15.63,2.3896029001074677,5.0,0.0,30.0,0.0,6.0,0.0,1.5,0.0,0.63,0.7608474807008886
10.0,10.0,203.0,203.0,100,13.92,2.5012320196578357,0.46399999999999997,0.0833744006552612,0.802,0.1212143939180875,0.33333333333333326,0.0,0.001333333333333333,0.006564879518897743,4.39,0.6339709708805221,3.8,0.7247430753394789,1.2,0.7247430753394788,0.0,0.0,0.0,0.0,4.33,2.344367847855922,4.07,2.2349609627576283,15.67,2.3443678478559216,5.0,0.0,30.0,0.0,6.0,0.0,1.5,0.0,0.63,0.7608474807008886
10.0,10.0,204.0,204.0,100,13.88,2.4670761330904742,0.46266666666666667,0.0822358711030158,0.804,0.11948542872152938,0.33333333333333326,0.0,0.0013333333333333342,0.0065648795188977494,4.39,0.6339709708805221,3.79,0.7288430017583493,1.21,0.7288430017583493,0.0,0.0,0.0,0.0,4.29,2.3106910068836393,4.04,2.246973272847029,15.71,2.310691006883639,5.0,0.0,30.0,0.0,6.0,0.0,1.5,0.0,0.63,0.7608474807008886
10.0,10.0,205.0,205.0,100,13.82,2.475659283683619,0.4606666666666666,0.0825219761227873,0.807,0.11997895438346466,0.33333333333333326,0.0,0.0019999999999999996,0.0079561085525314,4.4,0.6356417261637282,3.79,0.7288430017583493,1.21,0.7288430017583493,0.0,0.0,0.0,0.0,4.23,2.308766779127775,4.04,2.246973272847029,15.77,2.3087667791277755,5.0,0.0,30.0,0.0,6.0,0.0,1.5,0.0,0.63,0.7608474807008886
10.0,10.0,206.0,206.0,100,13.79,2.454824151779841,0.45966666666666667,0.08182747172599471,0.8085,0.11892935684343005,0.33333333333333326,0.0,0.0010000000000000002,0.005714886933258843,4.41,0.6210938542262158,3.79,0.7288430017583493,1.21,0.7288430017583493,0.0,0.0,0.0,0.0,4.2,2.2918388365077615,4.03,2.249377018131236,15.8,2.2918388365077615,5.0,0.0,30.0,0.0,6.0,0.0,1.5,0.0,0.63,0.7608474807008886
10.0,10.0,207.0,207.0,100,13.75,2.4427795064581077,0.45833333333333326,0.08142598354860361,0.8105,0.11834186909035188,0.33333333333333326,0.0,0.0013333333333333348,0.006564879518897754,4.42,0.6060303022726893,3.79,0.7288430017583493,1.21,0.7288430017583493,0.0,0.0,0.0,0.0,4.16,2.2861904265976327,3.99,2.2315234638463854,15.84,2.286190426597634,5.0,0.0,30.0,0.0,6.0,0.0,1.5,0.0,0.63,0.7608474807008886
10.0,10.0,208.0,208.0,100,13.75,2.4427795064581077,0.45833333333333326,0.08142598354860361,0.8105,0.11834186909035188,0.33333333333333326,0.0,0.0,0.0,4.42,0.6060303022726893,3.79,0.7288430017583493,1.21,0.7288430017583493,0.0,0.0,0.0,0.0,4.16,2.2861904265976327,3.95,2.244521950856972,15.84,2.286190426597634,5.0,0.0,30.0,0.0,6.0,0.0,1.5,0.0,0.63,0.7608474807008886
10.0,10.0,209.0,209.0,100,13.75,2.4427795064581077,0.45833333333333326,0.08142598354860361,0.8105,0.11834186909035188,0.33333333333333326,0.0,0.0,0.0,4.42,0.6060303022726893,3.79,0.7288430017583493,1.21,0.7288430017583493,0.0,0.0,0.0,0.0,4.16,2.2861904265976327,3.89,2.20602938705849,15.84,2.286190426597634,5.0,0.0,30.0,0.0,6.0,0.0,1.5,0.0,0.63,0.7608474807008886
10.0,10.0,210.0,210.0,100,13.72,2.4124257459656624,0.45733333333333337,0.08041419153218873,0.812,0.11680078870634499,0.33333333333333326,0.0,0.0009999999999999998,0.005714886933258841,4.43,0.5904116009919339,3.79,0.7288430017583493,1.21,0.7288430017583493,0.0,0.0,0.0,0.0,4.13,2.25923469656019,3.88,2.2214746217207826,15.87,2.2592346965601906,5.0,0.0,30.0,0.0,6.0,0.0,1.5,0.0,0.63,0.7608474807008886
10.0,10.0,211.0,211.0,100,13.68,2.373592086677784,0.456,0.0791197362225928,0.8140000000000001,0.11482969383333994,0.33333333333333326,0.0,0.0013333333333333335,0.006564879518897748,4.43,0.5904116009919339,3.79,0.7288430017583493,1.21,0.7288430017583493,0.0,0.0,0.0,0.0,4.09,2.2206332703109988,3.85,2.2219065432345904,15.91,2.2206332703109988,5.0,0.0,30.0,0.0,6.0,0.0,1.5,0.0,0.63,0.7608474807008886
10.0,10.0,212.0,212.0,100,13.64,2.3974734175541523,0.4546666666666666,0.07991578058513844,0.816,0.1160981820649569,0.33333333333333326,0.0,0.0013333333333333352,0.0065648795188977555,4.43,0.5904116009919339,3.77,0.7501514998500454,1.23,0.7501514998500455,0.0,0.0,0.0,0.0,4.05,2.2445219508569716,3.82,2.19448344166858,15.95,2.244521950856972,5.0,0.0,30.0,0.0,6.0,0.0,1.5,0.0,0.63,0.7608474807008886
10.0,10.0,213.0,213.0,100,13.6,2.3698442176990486,0.4533333333333333,0.07899480725663498,0.818,0.11470647652846702,0.33333333333333326,0.0,0.001333333333333333,0.006564879518897745,4.44,0.5915226030330456,3.77,0.7501514998500454,1.23,0.7501514998500455,0.0,0.0,0.0,0.0,4.01,2.21790236689781,3.78,2.17692211596784,15.99,2.2179023668978117,5.0,0.0,30.0,0.0,6.0,0.0,1.5,0.0,0.63,0.7608474807008886
10.0,10.0,214.0,214.0,100,13.53,2.3717827757519316,0.45099999999999996,0.0790594258583977,0.8215,0.11486817213526541,0.33333333333333326,0.0,0.0023333333333333366,0.008547746665874772,4.44,0.5915226030330456,3.76,0.7401883462192497,1.24,0.7401883462192497,0.0,0.0,0.0,0.0,3.94,2.232994094542712,3.77,2.159568793471829,16.06,2.2329940945427125,5.0,0.0,30.0,0.0,6.0,0.0,1.5,0.0,0.63,0.7608474807008886
10.0,10.0,215.0,215.0,100,13.51,2.3505640844596245,0.4503333333333333,0.07835213614865418,0.8225,0.11379029977652894,0.33333333333333326,0.0,0.0006666666666666665,0.004690176471209652,4.44,0.5915226030330456,3.76,0.7401883462192497,1.24,0.7401883462192497,0.0,0.0,0.0,0.0,3.92,2.2050447211388304,3.74,2.120701237179282,16.08,2.2050447211388304,5.0,0.0,30.0,0.0,6.0,0.0,1.5,0.0,0.63,0.7608474807008886
10.0,10.0,216.0,216.0,100,13.49,2.3591429705627327,0.4496666666666666,0.07863809901875778,0.8234999999999999,0.11425096423349267,0.33333333333333326,0.0,0.000666666666666666,0.004690176471209652,4.44,0.5915226030330456,3.75,0.7571210756756961,1.25,0.7571210756756961,0.0,0.0,0.0,0.0,3.9,2.217925138320029,3.72,2.132386153366858,16.1,2.217925138320029,5.0,0.0,30.0,0.0,6.0,0.0,1.5,0.0,0.63,0.7608474807008886
10.0,10.0,217.0,217.0,100,13.48,2.3461983003673117,0.4493333333333333,0.07820661001224374,0.8240000000000001,0.11359150629791955,0.33333333333333326,0.0,0.00033333333333333327,0.0033333333333333327,4.44,0.5915226030330456,3.75,0.7571210756756961,1.25,0.7571210756756961,0.0,0.0,0.0,0.0,3.89,2.201445805911115,3.71,2.1381338034875554,16.11,2.2014458059111144,5.0,0.0,30.0,0.0,6.0,0.0,1.5,0.0,0.63,0.7608474807008886
10.0,10.0,218.0,218.0,100,13.47,2.3374638764561415,0.449,0.07791546254853807,0.8245,0.11314936048329122,0.33333333333333326,0.0,0.00033333333333333327,0.0033333333333333327,4.44,0.5915226030330456,3.75,0.7571210756756961,1.25,0.7571210756756961,0.0,0.0,0.0,0.0,3.88,2.194023102370933,3.69,2.116290828002349,16.12,2.1940231023709327,5.0,0.0,30.0,0.0,6.0,0.0,1.5,0.0,0.63,0.7608474807008886
10.0,10.0,219.0,219.0,100,13.42,2.3276120333461456,0.44733333333333336,0.07758706777820486,0.8270000000000001,0.11268531314230706,0.33333333333333326,0.0,0.0016666666666666668,0.007301430451919677,4.45,0.5924610544247622,3.73,0.7501514998500454,1.27,0.7501514998500454,0.0,0.0,0.0,0.0,3.83,2.192986985641255,3.69,2.116290828002349,16.17,2.192986985641257,5.0,0.0,30.0,0.0,6.0,0.0,1.5,0.0,0.63,0.7608474807008886
10.0,10.0,220.0,220.0,100,13.39,2.308941775188825,0.4463333333333333,0.07696472583962749,0.8284999999999999,0.11174804813788142,0.33333333333333326,0.0,0.0009999999999999992,0.007423383445120451,4.45,0.5924610544247622,3.73,0.7501514998500454,1.27,0.7501514998500454,0.0,0.0,0.0,0.0,3.8,2.1695784629901516,3.68,2.107610068779375,16.2,2.1695784629901516,5.0,0.0,30.0,0.0,6.0,0.0,1.5,0.0,0.63,0.7608474807008886
10.0,10.0,221.0,221.0,100,13.37,2.3166285150553763,0.44566666666666666,0.07722095050184587,0.8295,0.11216307572260825,0.33333333333333326,0.0,0.0006666666666666655,0.004690176471209646,4.45,0.5924610544247622,3.72,0.7531750973530172,1.28,0.7531750973530174,0.0,0.0,0.0,0.0,3.78,2.1815572234511564,3.67,2.094027099860337,16.22,2.1815572234511578,5.0,0.0,30.0,0.0,6.0,0.0,1.5,0.0,0.63,0.7608474807008886
10.0,10.0,222.0,222.0,100,13.33,2.2876700687455664,0.4443333333333333,0.07625566895818554,0.8315,0.11070367216268406,0.33333333333333326,0.0,0.0013333333333333324,0.006564879518897742,4.47,0.5587684871413404,3.71,0.7560530150830442,1.29,0.7560530150830441,0.0,0.0,0.0,0.0,3.74,2.1584693416840324,3.63,2.0726940454540332,16.26,2.158469341684033,5.0,0.0,30.0,0.0,6.0,0.0,1.5,0.0,0.63,0.7608474807008886
10.0,10.0,223.0,223.0,100,13.32,2.2691608380833013,0.444,0.07563869460277667,0.8320000000000001,0.10975638772510986,0.33333333333333326,0.0,0.00033333333333333327,0.0033333333333333335,4.47,0.5587684871413404,3.71,0.7560530150830442,1.29,0.7560530150830441,0.0,0.0,0.0,0.0,3.73,2.1407777308560774,3.6,2.0498829727621533,16.27,2.1407777308560765,5.0,0.0,30.0,0.0,6.0,0.0,1.5,0.0,0.63,0.7608474807008886
10.0,10.0,224.0,224.0,100,13.32,2.2691608380833013,0.444,0.07563869460277667,0.8320000000000001,0.10975638772510986,0.33333333333333326,0.0,0.0,0.0,4.47,0.5587684871413404,3.71,0.7560530150830442,1.29,0.7560530150830441,0.0,0.0,0.0,0.0,3.73,2.1407777308560774,3.59,2.035517952102937,16.27,2.1407777308560765,5.0,0.0,30.0,0.0,6.0,0.0,1.5,0.0,0.63,0.7608474807008886
10.0,10.0,225.0,225.0,100,13.3,2.2585415871774646,0.4433333333333333,0.07528471957258218,0.833,0.10922592654815533,0.33333333333333326,0.0,0.000666666666666666,0.004690176471209649,4.47,0.5587684871413404,3.71,0.7560530150830442,1.29,0.7560530150830441,0.0,0.0,0.0,0.0,3.71,2.1334043548784045,3.56,2.0415878154223024,16.29,2.1334043548784036,5.0,0.0,30.0,0.0,6.0,0.0,1.5,0.0,0.63,0.7608474807008886
10.0,10.0,226.0,226.0,100,13.28,2.2431939710865825,0.44266666666666665,0.07477313236955273,0.8340000000000001,0.10845098506521812,0.33333333333333326,0.0,0.0006666666666666665,0.004690176471209654,4.47,0.5587684871413404,3.71,0.7560530150830442,1.29,0.7560530150830441,0.0,0.0,0.0,0.0,3.69,2.121058435991071,3.53,2.0223748416156684,16.31,2.121058435991072,5.0,0.0,30.0,0.0,6.0,0.0,1.5,0.0,0.63,0.7608474807008886
10.0,10.0,227.0,227.0,100,13.27,2.2556550707011485,0.44233333333333336,0.07518850235670492,0.8345,0.10910448147893781,0.33333333333333326,0.0,0.0003333333333333327,0.0033333333333333275,4.47,0.5587684871413404,3.71,0.7560530150830442,1.29,0.7560530150830441,0.0,0.0,0.0,0.0,3.68,2.1266942146976096,3.5,2.0075614636426526,16.32,2.126694214697609,5.0,0.0,30.0,0.0,6.0,0.0,1.5,0.0,0.63,0.7608474807008886
10.0,10.0,228.0,228.0,100,13.23,2.2149856920895945,0.441,0.07383285640298647,0.8365,0.10703888654280383,0.33333333333333326,0.0,0.001333333333333333,0.008095945417985403,4.48,0.5408560367835906,3.7,0.7587869106393283,1.3,0.7587869106393281,0.0,0.0,0.0,0.0,3.64,2.0866095451567825,3.48,2.0224997034622896,16.36,2.086609545156783,5.0,0.0,30.0,0.0,6.0,0.0,1.5,0.0,0.63,0.7608474807008886
10.0,10.0,229.0,229.0,100,13.21,2.1986910706696436,0.4403333333333333,0.0732897023556548,0.8375,0.1062147148777685,0.33333333333333326,0.0,0.0006666666666666671,0.004690176471209659,4.48,0.5408560367835906,3.69,0.7479939501726932,1.31,0.7479939501726931,0.0,0.0,0.0,0.0,3.62,2.0733031275203966,3.46,2.0420825179460818,16.38,2.073303127520396,5.0,0.0,30.0,0.0,6.0,0.0,1.5,0.0,0.63,0.7608474807008886
10.0,10.0,230.0,230.0,100,13.19,2.172811798364302,0.4396666666666667,0.07242705994547673,0.8384999999999999,0.10489412651706378,0.33333333333333326,0.0,0.0006666666666666665,0.0046901764712096545,4.48,0.5408560367835906,3.69,0.7479939501726932,1.31,0.7479939501726931,0.0,0.0,0.0,0.0,3.6,2.0498829727621533,3.42,1.990786860322401,16.4,2.049882972762152,5.0,0.0,30.0,0.0,6.0,0.0,1.5,0.0,0.63,0.7608474807008886
10.0,10.0,231.0,231.0,100,13.18,2.166689976564588,0.4393333333333333,0.0722229992188196,0.8390000000000001,0.10458672878708769,0.33333333333333326,0.0,0.00033333333333333327,0.003333333333333333,4.48,0.5408560367835906,3.69,0.7479939501726932,1.31,0.7479939501726931,0.0,0.0,0.0,0.0,3.59,2.045418630436658,3.39,1.9842562151276553,16.41,2.045418630436657,5.0,0.0,30.0,0.0,6.0,0.0,1.5,0.0,0.63,0.7608474807008886
10.0,10.0,232.0,232.0,100,13.15,2.157322508119823,0.4383333333333333,0.07191075027066077,0.8405,0.10413059981668125,0.33333333333333326,0.0,0.0009999999999999992,0.005714886933258837,4.48,0.5408560367835906,3.68,0.7504880566886613,1.32,0.7504880566886611,0.0,0.0,0.0,0.0,3.56,2.0316684689379723,3.36,1.9670004852797847,16.44,2.031668468937973,5.0,0.0,30.0,0.0,6.0,0.0,1.5,0.0,0.63,0.7608474807008886
10.0,10.0,233.0,233.0,100,13.13,2.14454911556973,0.43766666666666665,0.071484970518991,0.8415,0.10348839782723707,0.33333333333333326,0.0,0.000666666666666666,0.00469017647120965,4.49,0.5221362491019589,3.68,0.7504880566886613,1.32,0.7504880566886611,0.0,0.0,0.0,0.0,3.54,2.0222000220781644,3.3,1.9565998130130826,16.46,2.022200022078164,5.0,0.0,30.0,0.0,6.0,0.0,1.5,0.0,0.63,0.7608474807008886
10.0,10.0,234.0,234.0,100,13.07,2.2076771466494782,0.43566666666666665,0.0735892382216493,0.843,0.10372360318936986,0.33333333333333326,0.0,0.0019999999999999996,0.009259932635447145,4.49,0.5221362491019589,3.66,0.7550503361372736,1.34,0.7550503361372736,0.0,0.0,0.0,0.0,3.49,2.01256156189172,3.28,1.9698741179080552,16.51,2.0125615618917205,5.0,0.0,30.0,0.0,6.0,0.0,1.5,0.0,0.63,0.7608474807008886
10.0,10.0,235.0,235.0,100,13.07,2.2076771466494782,0.43566666666666665,0.0735892382216493,0.843,0.10372360318936986,0.33333333333333326,0.0,0.0,0.0,4.49,0.5221362491019589,3.66,0.7550503361372736,1.34,0.7550503361372736,0.0,0.0,0.0,0.0,3.49,2.01256156189172,3.27,1.973844118987263,16.51,2.0125615618917205,5.0,0.0,30.0,0.0,6.0,0.0,1.5,0.0,0.63,0.7608474807008886
10.0,10.0,236.0,236.0,100,13.04,2.187752871387129,0.4346666666666667,0.07292509571290431,0.8445,0.10271442218721051,0.33333333333333326,0.0,0.0009999999999999998,0.005714886933258841,4.5,0.5222329678670938,3.66,0.7550503361372736,1.34,0.7550503361372736,0.0,0.0,0.0,0.0,3.46,1.9970685587337327,3.26,1.9828558121349045,16.54,1.997068558733733,5.0,0.0,30.0,0.0,6.0,0.0,1.5,0.0,0.63,0.7608474807008886
10.0,10.0,237.0,237.0,100,13.0,2.160246899469287,0.4333333333333333,0.07200822998230957,0.8465,0.10131833022905598,0.33333333333333326,0.0,0.0013333333333333324,0.006564879518897741,4.5,0.5222329678670938,3.66,0.7550503361372736,1.34,0.7550503361372736,0.0,0.0,0.0,0.0,3.42,1.9755065837972452,3.26,1.9828558121349045,16.58,1.9755065837972454,5.0,0.0,30.0,0.0,6.0,0.0,1.5,0.0,0.63,0.7608474807008886
10.0,10.0,238.0,238.0,100,12.97,2.157697051408414,0.43233333333333335,0.07192323504694716,0.848,0.10123480058006162,0.33333333333333326,0.0,0.0010000000000000015,0.00571488693325885,4.5,0.5222329678670938,3.65,0.7571210756756963,1.35,0.757121075675696,0.0,0.0,0.0,0.0,3.39,1.9791590908945922,3.25,1.991776020834601,16.61,1.9791590908945926,5.0,0.0,30.0,0.0,6.0,0.0,1.5,0.0,0.63,0.7608474807008886
10.0,10.0,239.0,239.0,100,12.94,2.159405080810523,0.43133333333333335,0.07198016936035079,0.8495,0.10137813005044652,0.33333333333333326,0.0,0.001000000000000002,0.005714886933258853,4.51,0.5221362491019585,3.64,0.7590531049680358,1.36,0.7590531049680359,0.0,0.0,0.0,0.0,3.36,1.9823463294028543,3.24,1.9854012646863555,16.64,1.9823463294028547,5.0,0.0,30.0,0.0,6.0,0.0,1.5,0.0,0.63,0.7608474807008886
10.0,10.0,240.0,240.0,100,12.9,2.1532216876958197,0.43,0.07177405625652736,0.851,0.10024716928419945,0.33333333333333326,0.0,0.001333333333333333,0.006564879518897744,4.51,0.5221362491019585,3.62,0.7625051746802389,1.38,0.7625051746802386,0.0,0.0,0.0,0.0,3.32,1.96371118450795,3.2,1.959179378817529,16.68,1.9637111845079507,5.0,0.0,30.0,0.0,6.0,0.0,1.5,0.0,0.63,0.7608474807008886
10.0,10.0,241.0,241.0,100,12.88,2.152189394992735,0.4293333333333333,0.07173964649975782,0.852,0.1002320539870587,0.33333333333333326,0.0,0.0006666666666666665,0.004690176471209652,4.51,0.5221362491019585,3.62,0.7625051746802389,1.38,0.7625051746802386,0.0,0.0,0.0,0.0,3.3,1.966897777894639,3.17,1.9594629237357237,16.7,1.9668977778946404,5.0,0.0,30.0,0.0,6.0,0.0,1.5,0.0,0.63,0.7608474807008886
10.0,10.0,242.0,242.0,100,12.85,2.1666666666666665,0.4283333333333333,0.07222222222222223,0.8534999999999999,0.10106878345908292,0.33333333333333326,0.0,0.0010000000000000015,0.005714886933258849,4.51,0.5221362491019585,3.62,0.7625051746802389,1.38,0.7625051746802386,0.0,0.0,0.0,0.0,3.27,1.9891371663780921,3.16,1.9628879980603304,16.73,1.9891371663780921,5.0,0.0,30.0,0.0,6.0,0.0,1.5,0.0,0.63,0.7608474807008886
10.0,10.0,243.0,243.0,100,12.84,2.163610898755162,0.428,0.07212036329183877,0.8540000000000001,0.10092501466860726,0.33333333333333326,0.0,0.0003333333333333338,0.0033333333333333383,4.52,0.5218459852516184,3.62,0.7625051746802389,1.38,0.7625051746802386,0.0,0.0,0.0,0.0,3.26,1.987943457928115,3.14,1.9644311896805902,16.74,1.9879434579281154,5.0,0.0,30.0,0.0,6.0,0.0,1.5,0.0,0.63,0.7608474807008886
10.0,10.0,244.0,244.0,100,12.8,2.141461787158152,0.42666666666666664,0.0713820595719384,0.856,0.09981801622771493,0.33333333333333326,0.0,0.001333333333333333,0.008095945417985407,4.52,0.5218459852516184,3.62,0.7625051746802389,1.38,0.7625051746802386,0.0,0.0,0.0,0.0,3.22,1.9621674266231743,3.11,1.9637883405460594,16.78,1.962167426623175,5.0,0.0,30.0,0.0,6.0,0.0,1.5,0.0,0.63,0.7608474807008886
10.0,10.0,245.0,245.0,100,12.78,2.1300163607281744,0.426,0.07100054535760583,0.857,0.09924462176609343,0.33333333333333326,0.0,0.000666666666666666,0.004690176471209649,4.52,0.5218459852516184,3.62,0.7625051746802389,1.38,0.7625051746802386,0.0,0.0,0.0,0.0,3.2,1.9540168418367885,3.11,1.9637883405460594,16.8,1.9540168418367876,5.0,0.0,30.0,0.0,6.0,0.0,1.5,0.0,0.63,0.7608474807008886
10.0,10.0,246.0,246.0,100,12.78,2.1300163607281744,0.426,0.07100054535760583,0.857,0.09924462176609343,0.33333333333333326,0.0,0.0,0.0,4.52,0.5218459852516184,3.62,0.7625051746802389,1.38,0.7625051746802386,0.0,0.0,0.0,0.0,3.2,1.9540168418367885,3.11,1.9637883405460594,16.8,1.9540168418367876,5.0,0.0,30.0,0.0,6.0,0.0,1.5,0.0,0.63,0.7608474807008886
10.0,10.0,247.0,247.0,100,12.76,2.1278338205030884,0.42533333333333334,0.07092779401676962,0.858,0.09916825819960452,0.33333333333333326,0.0,0.0006666666666666665,0.004690176471209655,4.52,0.5218459852516184,3.61,0.7640270765734511,1.39,0.7640270765734507,0.0,0.0,0.0,0.0,3.18,1.9508092079074686,3.09,1.9699510325658025,16.82,1.9508092079074686,5.0,0.0,30.0,0.0,6.0,0.0,1.5,0.0,0.63,0.7608474807008886
10.0,10.0,248.0,248.0,100,12.74,2.1349425748670146,0.42466666666666664,0.07116475249556717,0.8590000000000001,0.09959006887326574,0.33333333333333326,0.0,0.0006666666666666671,0.004690176471209659,4.52,0.5218459852516184,3.61,0.7640270765734511,1.39,0.7640270765734507,0.0,0.0,0.0,0.0,3.16,1.9628879980603309,3.08,1.9780614936667849,16.84,1.9628879980603302,5.0,0.0,30.0,0.0,6.0,0.0,1.5,0.0,0.63,0.7608474807008886
10.0,10.0,249.0,249.0,100,12.74,2.1349425748670146,0.42466666666666664,0.07116475249556717,0.8590000000000001,0.09959006887326574,0.33333333333333326,0.0,0.0,0.0,4.52,0.5218459852516184,3.61,0.7640270765734511,1.39,0.7640270765734507,0.0,0.0,0.0,0.0,3.16,1.9628879980603309,3.05,1.9713862220183127,16.84,1.9628879980603302,5.0,0.0,30.0,0.0,6.0,0.0,1.5,0.0,0.63,0.7608474807008886
10.0,10.0,250.0,250.0,100,12.72,2.132386153366858,0.424,0.07107953844556197,0.86,0.09949366763261822,0.33333333333333326,0.0,0.0006666666666666665,0.004690176471209652,4.52,0.5218459852516184,3.6,0.7521014330903549,1.4,0.7521014330903549,0.0,0.0,0.0,0.0,3.14,1.96443118968059,3.03,1.9666666666666668,16.86,1.9644311896805915,5.0,0.0,30.0,0.0,6.0,0.0,1.5,0.0,0.63,0.7608474807008886
10.0,10.0,251.0,251.0,100,12.7,2.1532216876958197,0.4233333333333333,0.07177405625652733,0.8604999999999999,0.09982181094026464,0.33333333333333326,0.0,0.0006666666666666676,0.004690176471209661,4.52,0.5218459852516184,3.59,0.7398471040517339,1.41,0.739847104051734,0.0,0.0,0.0,0.0,3.12,1.981123036272226,3.02,1.953913451967046,16.88,1.9811230362722263,5.0,0.0,30.0,0.0,6.0,0.0,1.5,0.0,0.63,0.7608474807008886
10.0,10.0,252.0,252.0,100,12.7,2.1532216876958197,0.4233333333333333,0.07177405625652733,0.8604999999999999,0.09982181094026464,0.33333333333333326,0.0,0.0,0.0,4.52,0.5218459852516184,3.59,0.7398471040517339,1.41,0.739847104051734,0.0,0.0,0.0,0.0,3.12,1.981123036272226,2.99,1.9462214102659994,16.88,1.9811230362722263,5.0,0.0,30.0,0.0,6.0,0.0,1.5,0.0,0.63,0.7608474807008886
10.0,10.0,253.0,253.0,100,12.69,2.149442022968056,0.423,0.07164806743226854,0.861,0.09964076890652152,0.33333333333333326,0.0,0.0003333333333333338,0.0033333333333333383,4.52,0.5218459852516184,3.59,0.7398471040517339,1.41,0.739847104051734,0.0,0.0,0.0,0.0,3.11,1.9791590908945917,2.97,1.946013796705896,16.89,1.979159090894592,5.0,0.0,30.0,0.0,6.0,0.0,1.5,0.0,0.63,0.7608474807008886
10.0,10.0,254.0,254.0,100,12.67,2.136999690399527,0.42233333333333334,0.07123332301331758,0.862,0.09901535438526898,0.33333333333333326,0.0,0.0006666666666666671,0.004690176471209659,4.52,0.5218459852516184,3.58,0.7410066862659939,1.42,0.7410066862659936,0.0,0.0,0.0,0.0,3.09,1.9699510325658025,2.95,1.9247195781581932,16.91,1.9699510325658025,5.0,0.0,30.0,0.0,6.0,0.0,1.5,0.0,0.63,0.7608474807008886
10.0,10.0,255.0,255.0,100,12.67,2.136999690399527,0.42233333333333334,0.07123332301331758,0.862,0.09901535438526898,0.33333333333333326,0.0,0.0,0.0,4.52,0.5218459852516184,3.58,0.7410066862659939,1.42,0.7410066862659936,0.0,0.0,0.0,0.0,3.09,1.9699510325658025,2.94,1.9322881187176444,16.91,1.9699510325658025,5.0,0.0,30.0,0.0,6.0,0.0,1.5,0.0,0.63,0.7608474807008886
10.0,10.0,256.0,256.0,100,12.65,2.1147629234082532,0.42166666666666663,0.07049209744694179,0.863,0.09786096094341029,0.33333333333333326,0.0,0.0006666666666666665,0.004690176471209652,4.52,0.5218459852516184,3.58,0.7410066862659939,1.42,0.7410066862659936,0.0,0.0,0.0,0.0,3.07,1.9501618684435698,2.93,1.924089709998266,16.93,1.950161868443569,5.0,0.0,30.0,0.0,6.0,0.0,1.5,0.0,0.63,0.7608474807008886
10.0,10.0,257.0,257.0,100,12.65,2.1147629234082532,0.42166666666666663,0.07049209744694179,0.863,0.09786096094341029,0.33333333333333326,0.0,0.0,0.0,4.52,0.5218459852516184,3.58,0.7410066862659939,1.42,0.7410066862659936,0.0,0.0,0.0,0.0,3.07,1.9501618684435698,2.92,1.9263195660915329,16.93,1.950161868443569,5.0,0.0,30.0,0.0,6.0,0.0,1.5,0.0,0.63,0.7608474807008886
10.0,10.0,258.0,258.0,100,12.6,2.098580568870398,0.42,0.0699526856290133,0.8654999999999999,0.09710324610454793,0.33333333333333326,0.0,0.0016666666666666663,0.007301430451919677,4.52,0.5218459852516184,3.58,0.7410066862659939,1.42,0.7410066862659936,0.0,0.0,0.0,0.0,3.02,1.943546690299396,2.9,1.930614598326846,16.98,1.943546690299398,5.0,0.0,30.0,0.0,6.0,0.0,1.5,0.0,0.63,0.7608474807008886
10.0,10.0,259.0,259.0,100,12.6,2.098580568870398,0.42,0.0699526856290133,0.8654999999999999,0.09710324610454793,0.33333333333333326,0.0,0.0,0.0,4.52,0.5218459852516184,3.58,0.7410066862659939,1.42,0.7410066862659936,0.0,0.0,0.0,0.0,3.02,1.943546690299396,2.87,1.920937271229854,16.98,1.943546690299398,5.0,0.0,30.0,0.0,6.0,0.0,1.5,0.0,0.63,0.7608474807008886
10.0,10.0,260.0,260.0,100,12.55,2.119533968216655,0.4183333333333333,0.07065113227388851,0.8675,0.09727992515613818,0.33333333333333326,0.0,0.0016666666666666674,0.0073014304519196825,4.53,0.5213618530523514,3.58,0.7410066862659939,1.42,0.7410066862659936,0.0,0.0,0.0,0.0,2.97,1.9198853080222253,2.85,1.9247195781581932,17.03,1.9198853080222251,5.0,0.0,30.0,0.0,6.0,0.0,1.5,0.0,0.63,0.7608474807008886
10.0,10.0,261.0,261.0,100,12.55,2.119533968216655,0.4183333333333333,0.07065113227388851,0.8675,0.09727992515613818,0.33333333333333326,0.0,0.0,0.0,4.53,0.5213618530523514,3.58,0.7410066862659939,1.42,0.7410066862659936,0.0,0.0,0.0,0.0,2.97,1.9198853080222253,2.85,1.9247195781581932,17.03,1.9198853080222251,5.0,0.0,30.0,0.0,6.0,0.0,1.5,0.0,0.63,0.7608474807008886
10.0,10.0,262.0,262.0,100,12.54,2.1149778516881237,0.418,0.0704992617229375,0.868,0.09705772519589576,0.33333333333333326,0.0,0.0003333333333333338,0.0033333333333333388,4.53,0.5213618530523514,3.57,0.7282884321503674,1.43,0.7282884321503673,0.0,0.0,0.0,0.0,2.96,1.9170684690828113,2.82,1.914221101190357,17.04,1.9170684690828117,5.0,0.0,30.0,0.0,6.0,0.0,1.5,0.0,0.63,0.7608474807008886
10.0,10.0,263.0,263.0,100,12.51,2.1153360169595903,0.417,0.07051120056531969,0.8695,0.09715524388390681,0.33333333333333326,0.0,0.0010000000000000009,0.005714886933258847,4.54,0.52068331172711,3.57,0.7282884321503674,1.43,0.7282884321503673,0.0,0.0,0.0,0.0,2.93,1.9240897099982657,2.81,1.91588258006749,17.07,1.9240897099982657,5.0,0.0,30.0,0.0,6.0,0.0,1.5,0.0,0.63,0.7608474807008886
10.0,10.0,264.0,264.0,100,12.51,2.1153360169595903,0.417,0.07051120056531969,0.8695,0.09715524388390681,0.33333333333333326,0.0,0.0,0.0,4.54,0.52068331172711,3.57,0.7282884321503674,1.43,0.7282884321503673,0.0,0.0,0.0,0.0,2.93,1.9240897099982657,2.81,1.91588258006749,17.07,1.9240897099982657,5.0,0.0,30.0,0.0,6.0,0.0,1.5,0.0,0.63,0.7608474807008886
10.0,10.0,265.0,265.0,100,12.5,2.120129593904461,0.41666666666666663,0.07067098646348206,0.87,0.0974420314594759,0.33333333333333326,0.0,0.00033333333333333435,0.0033333333333333444,4.54,0.52068331172711,3.57,0.7282884321503674,1.43,0.7282884321503673,0.0,0.0,0.0,0.0,2.92,1.9315561319591754,2.8,1.9174899417644093,17.08,1.9315561319591752,5.0,0.0,30.0,0.0,6.0,0.0,1.5,0.0,0.63,0.7608474807008886
10.0,10.0,266.0,266.0,100,12.48,2.1200343050397676,0.4159999999999999,0.07066781016799231,0.871,0.09748866808014353,0.33333333333333326,0.0,0.0006666666666666682,0.004690176471209666,4.54,0.52068331172711,3.57,0.7282884321503674,1.43,0.7282884321503673,0.0,0.0,0.0,0.0,2.9,1.9358395459011442,2.76,1.8969406523093544,17.1,1.9358395459011448,5.0,0.0,30.0,0.0,6.0,0.0,1.5,0.0,0.63,0.7608474807008886
10.0,10.0,267.0,267.0,100,12.45,2.1147629234082537,0.415,0.07049209744694179,0.8725,0.09727992515613813,0.33333333333333326,0.0,0.0009999999999999992,0.005714886933258837,4.55,0.5198095999517708,3.57,0.7282884321503674,1.43,0.7282884321503673,0.0,0.0,0.0,0.0,2.87,1.9366481509572306,2.75,1.8982980149426882,17.13,1.936648150957231,5.0,0.0,30.0,0.0,6.0,0.0,1.5,0.0,0.63,0.7608474807008886
10.0,10.0,268.0,268.0,100,12.42,2.109047369804862,0.414,0.07030157899349543,0.8740000000000001,0.09704731741878192,0.33333333333333326,0.0,0.0009999999999999998,0.005714886933258841,4.56,0.5187397315522582,3.57,0.7282884321503674,1.43,0.7282884321503673,0.0,0.0,0.0,0.0,2.84,1.921279035255715,2.75,1.8982980149426882,17.16,1.9212790352557163,5.0,0.0,30.0,0.0,6.0,0.0,1.5,0.0,0.63,0.7608474807008886
10.0,10.0,269.0,269.0,100,12.4,2.1081851067789192,0.4133333333333333,0.07027283689263067,0.875,0.09705252144685332,0.33333333333333326,0.0,0.0006666666666666655,0.004690176471209647,4.56,0.5187397315522582,3.57,0.7282884321503674,1.43,0.7282884321503673,0.0,0.0,0.0,0.0,2.82,1.924745818191707,2.73,1.8848411770295823,17.18,1.9247458181917085,5.0,0.0,30.0,0.0,6.0,0.0,1.5,0.0,0.63,0.7608474807008886
10.0,10.0,270.0,270.0,100,12.4,2.1081851067789192,0.4133333333333333,0.07027283689263067,0.875,0.09705252144685332,0.33333333333333326,0.0,0.0,0.0,4.56,0.5187397315522582,3.57,0.7282884321503674,1.43,0.7282884321503673,0.0,0.0,0.0,0.0,2.82,1.924745818191707,2.73,1.8848411770295823,17.18,1.9247458181917085,5.0,0.0,30.0,0.0,6.0,0.0,1.5,0.0,0.63,0.7608474807008886
10.0,10.0,271.0,271.0,100,12.39,2.107681957109097,0.413,0.0702560652369699,0.8755,0.09705122046599617,0.33333333333333326,0.0,0.0003333333333333327,0.003333333333333328,4.56,0.5187397315522582,3.57,0.7282884321503674,1.43,0.7282884321503673,0.0,0.0,0.0,0.0,2.81,1.9263982197380947,2.73,1.8848411770295823,17.19,1.9263982197380953,5.0,0.0,30.0,0.0,6.0,0.0,1.5,0.0,0.63,0.7608474807008886
10.0,10.0,272.0,272.0,100,12.36,2.0914448149882925,0.412,0.06971482716627644,0.877,0.09624778627914704,0.33333333333333326,0.0,0.0010000000000000015,0.005714886933258852,4.57,0.517472489875334,3.56,0.7152028743756217,1.44,0.7152028743756217,0.0,0.0,0.0,0.0,2.78,1.9152761754595151,2.71,1.897872280191476,17.22,1.9152761754595142,5.0,0.0,30.0,0.0,6.0,0.0,1.5,0.0,0.63,0.7608474807008886
10.0,10.0,273.0,273.0,100,12.36,2.0914448149882925,0.412,0.06971482716627644,0.877,0.09624778627914704,0.33333333333333326,0.0,0.0,0.0,4.57,0.517472489875334,3.56,0.7152028743756217,1.44,0.7152028743756217,0.0,0.0,0.0,0.0,2.78,1.9152761754595151,2.71,1.897872280191476,17.22,1.9152761754595142,5.0,0.0,30.0,0.0,6.0,0.0,1.5,0.0,0.63,0.7608474807008886
10.0,10.0,274.0,274.0,100,12.35,2.0907443940405823,0.4116666666666666,0.06969147980135276,0.8775,0.0962359789079097,0.33333333333333326,0.0,0.0003333333333333327,0.003333333333333328,4.57,0.517472489875334,3.55,0.7159792333764035,1.45,0.7159792333764035,0.0,0.0,0.0,0.0,2.77,1.9167259542872535,2.66,1.8921421775865632,17.23,1.916725954287254,5.0,0.0,30.0,0.0,6.0,0.0,1.5,0.0,0.63,0.7608474807008886
10.0,10.0,275.0,275.0,100,12.35,2.0907443940405823,0.4116666666666666,0.06969147980135276,0.8775,0.0962359789079097,0.33333333333333326,0.0,0.0,0.0,4.57,0.517472489875334,3.55,0.7159792333764035,1.45,0.7159792333764035,0.0,0.0,0.0,0.0,2.77,1.9167259542872535,2.64,1.8937430201224836,17.23,1.916725954287254,5.0,0.0,30.0,0.0,6.0,0.0,1.5,0.0,0.63,0.7608474807008886
10.0,10.0,276.0,276.0,100,12.33,2.069767956544741,0.4109999999999999,0.06899226521815807,0.8785,0.09514874055016614,0.33333333333333326,0.0,0.0006666666666666671,0.004690176471209659,4.57,0.517472489875334,3.54,0.7023769168568491,1.46,0.7023769168568492,0.0,0.0,0.0,0.0,2.75,1.8982980149426882,2.62,1.8790713373656391,17.25,1.8982980149426885,5.0,0.0,30.0,0.0,6.0,0.0,1.5,0.0,0.63,0.7608474807008886
10.0,10.0,277.0,277.0,100,12.33,2.069767956544741,0.4109999999999999,0.06899226521815807,0.8785,0.09514874055016614,0.33333333333333326,0.0,0.0,0.0,4.57,0.517472489875334,3.54,0.7023769168568491,1.46,0.7023769168568492,0.0,0.0,0.0,0.0,2.75,1.8982980149426882,2.59,1.8699916274862536,17.25,1.8982980149426885,5.0,0.0,30.0,0.0,6.0,0.0,1.5,0.0,0.63,0.7608474807008886
10.0,10.0,278.0,278.0,100,12.28,2.0941476895039055,0.4093333333333333,0.06980492298346352,0.8805,0.0953184455423296,0.33333333333333326,0.0,0.0016666666666666661,0.007301430451919674,4.57,0.517472489875334,3.53,0.7028800779936817,1.47,0.7028800779936815,0.0,0.0,0.0,0.0,2.7,1.8829377433825438,2.55,1.8443196988361732,17.3,1.8829377433825438,5.0,0.0,30.0,0.0,6.0,0.0,1.5,0.0,0.63,0.7608474807008886
10.0,10.0,279.0,279.0,100,12.25,2.100384765136179,0.40833333333333327,0.07001282550453933,0.882,0.09574798571080631,0.33333333333333326,0.0,0.0010000000000000015,0.007423383445120463,4.57,0.517472489875334,3.53,0.7028800779936817,1.46,0.7023769168568491,0.01,0.1,0.01,0.1,2.68,1.8849751492078912,2.54,1.850034124719396,17.32,1.8849751492078919,5.0,0.0,30.0,0.0,6.0,0.0,1.5,0.0,0.63,0.7608474807008886
10.0,10.0,280.0,280.0,100,12.24,2.0798212821433877,0.408,0.06932737607144626,0.8825,0.09464847243000454,0.33333333333333326,0.0,0.00033333333333333327,0.0033333333333333327,4.57,0.517472489875334,3.53,0.7028800779936817,1.47,0.7028800779936815,0.0,0.0,0.0,0.0,2.68,1.8579884854651851,2.52,1.8339117544833838,17.32,1.857988485465185,5.0,0.0,30.0,0.0,6.0,0.0,1.5,0.0,0.63,0.7608474807008886
10.0,10.0,281.0,281.0,100,12.23,2.068791673876079,0.4076666666666667,0.06895972246253598,0.883,0.09407175425968706,0.33333333333333326,0.0,0.00033333333333333327,0.0033333333333333322,4.57,0.517472489875334,3.53,0.7028800779936817,1.47,0.7028800779936815,0.0,0.0,0.0,0.0,2.67,1.8480401849669084,2.5,1.806274138281967,17.33,1.8480401849669081,5.0,0.0,30.0,0.0,6.0,0.0,1.5,0.0,0.63,0.7608474807008886
10.0,10.0,282.0,282.0,100,12.2,2.0646128602297966,0.4066666666666666,0.06882042867432657,0.8845000000000001,0.0939307180744393,0.33333333333333326,0.0,0.0010000000000000009,0.0057148869332588476,4.57,0.517472489875334,3.53,0.7028800779936817,1.47,0.7028800779936815,0.0,0.0,0.0,0.0,2.64,1.8505800346503432,2.51,1.8006452266682715,17.36,1.8505800346503434,5.0,0.0,30.0,0.0,6.0,0.0,1.5,0.0,0.63,0.7608474807008886
10.0,10.0,283.0,283.0,100,12.17,2.069767956544741,0.4056666666666666,0.06899226521815807,0.8859999999999999,0.09430232920203663,0.33333333333333326,0.0,0.0010000000000000015,0.005714886933258851,4.57,0.517472489875334,3.53,0.7028800779936817,1.47,0.7028800779936815,0.0,0.0,0.0,0.0,2.61,1.863498393513196,2.47,1.8060224726500975,17.39,1.8634983935131957,5.0,0.0,30.0,0.0,6.0,0.0,1.5,0.0,0.63,0.7608474807008886
10.0,10.0,284.0,284.0,100,12.16,2.06324252015358,0.4053333333333333,0.06877475067178604,0.8865000000000001,0.09397372295519957,0.33333333333333326,0.0,0.0003333333333333338,0.003333333333333338,4.57,0.517472489875334,3.53,0.7028800779936817,1.47,0.7028800779936815,0.0,0.0,0.0,0.0,2.6,1.85864075456917,2.47,1.8060224726500975,17.4,1.8586407545691699,5.0,0.0,30.0,0.0,6.0,0.0,1.5,0.0,0.63,0.7608474807008886
10.0,10.0,285.0,285.0,100,12.15,2.056647266742156,0.405,0.06855490889140521,0.887,0.09364126691094513,0.33333333333333326,0.0,0.0003333333333333338,0.0033333333333333388,4.58,0.5160064207571705,3.53,0.7028800779936817,1.47,0.7028800779936815,0.0,0.0,0.0,0.0,2.59,1.8537158968576135,2.44,1.7541869105576284,17.41,1.853715896857614,5.0,0.0,30.0,0.0,6.0,0.0,1.5,0.0,0.63,0.7608474807008886
10.0,10.0,286.0,286.0,100,12.13,2.0580219982921824,0.4043333333333333,0.06860073327640608,0.888,0.09377600649387556,0.33333333333333326,0.0,0.0006666666666666671,0.00469017647120966,4.58,0.5160064207571705,3.53,0.7028800779936817,1.47,0.7028800779936815,0.0,0.0,0.0,0.0,2.57,1.8600260669401838,2.41,1.7471188403838596,17.43,1.8600260669401842,5.0,0.0,30.0,0.0,6.0,0.0,1.5,0.0,0.63,0.7608474807008886
10.0,10.0,287.0,287.0,100,12.12,2.0561806311408506,0.40399999999999997,0.06853935437136172,0.8885,0.09370461864580398,0.33333333333333326,0.0,0.0003333333333333327,0.0033333333333333275,4.58,0.5160064207571705,3.53,0.7028800779936817,1.47,0.7028800779936815,0.0,0.0,0.0,0.0,2.56,1.8603790207939086,2.4,1.7523433084607225,17.44,1.8603790207939084,5.0,0.0,30.0,0.0,6.0,0.0,1.5,0.0,0.63,0.7608474807008886
10.0,10.0,288.0,288.0,100,12.08,2.043368183992678,0.4026666666666667,0.06811227279975593,0.8905,0.09312069934480006,0.33333333333333326,0.0,0.001333333333333333,0.006564879518897744,4.59,0.5143398239932958,3.53,0.7028800779936817,1.46,0.7023769168568491,0.01,0.1,0.01,0.1,2.52,1.8503616900050606,2.39,1.7632327977297548,17.48,1.8503616900050601,5.0,0.0,30.0,0.0,6.0,0.0,1.5,0.0,0.63,0.7608474807008886
10.0,10.0,289.0,289.0,100,12.06,2.0141920705259713,0.40199999999999997,0.06713973568419905,0.8915000000000001,0.09157846996765208,0.33333333333333326,0.0,0.000666666666666666,0.00469017647120965,4.59,0.5143398239932958,3.53,0.7028800779936817,1.47,0.7028800779936815,0.0,0.0,0.0,0.0,2.51,1.8173962949586122,2.39,1.7632327977297548,17.49,1.817396294958612,5.0,0.0,30.0,0.0,6.0,0.0,1.5,0.0,0.63,0.7608474807008886
10.0,10.0,290.0,290.0,100,12.04,1.9995959187755505,0.4013333333333333,0.06665319729251837,0.8925,0.09083646088582832,0.33333333333333326,0.0,0.000666666666666666,0.004690176471209649,4.59,0.5143398239932958,3.53,0.7028800779936817,1.47,0.7028800779936815,0.0,0.0,0.0,0.0,2.49,1.8062461771655745,2.39,1.7632327977297548,17.51,1.806246177165574,5.0,0.0,30.0,0.0,6.0,0.0,1.5,0.0,0.63,0.7608474807008886
10.0,10.0,291.0,291.0,100,12.01,1.972000983465241,0.4003333333333333,0.06573336611550806,0.894,0.08940883286308679,0.33333333333333326,0.0,0.0009999999999999998,0.007423383445120453,4.6,0.5124707431905383,3.53,0.7028800779936817,1.47,0.7028800779936815,0.0,0.0,0.0,0.0,2.47,1.7778377515136385,2.4,1.7580981459830651,17.53,1.7778377515136379,5.0,0.0,30.0,0.0,6.0,0.0,1.5,0.0,0.63,0.7608474807008886
10.0,10.0,292.0,292.0,100,11.99,1.9617298076911198,0.3996666666666666,0.06539099358970402,0.895,0.08890467031624605,0.33333333333333326,0.0,0.0006666666666666676,0.004690176471209662,4.6,0.5124707431905383,3.53,0.7028800779936817,1.47,0.7028800779936815,0.0,0.0,0.0,0.0,2.45,1.771690968789109,2.4,1.7580981459830651,17.55,1.7716909687891087,5.0,0.0,30.0,0.0,6.0,0.0,1.5,0.0,0.63,0.7608474807008886
10.0,10.0,293.0,293.0,100,11.97,1.9511975084987474,0.39899999999999997,0.06503991694995824,0.8959999999999999,0.0883862048745233,0.33333333333333326,0.0,0.0006666666666666665,0.004690176471209654,4.61,0.5103969538555754,3.53,0.7028800779936817,1.47,0.7028800779936815,0.0,0.0,0.0,0.0,2.43,1.765293920643989,2.37,1.7675812383999316,17.57,1.7652939206439888,5.0,0.0,30.0,0.0,6.0,0.0,1.5,0.0,0.63,0.7608474807008886
10.0,10.0,294.0,294.0,100,11.95,1.9713862220183127,0.39833333333333326,0.06571287406727709,0.8965000000000001,0.08855033380039636,0.33333333333333326,0.0,0.0006666666666666682,0.004690176471209664,4.61,0.5103969538555754,3.53,0.7028800779936817,1.47,0.7028800779936815,0.0,0.0,0.0,0.0,2.41,1.7814702814350742,2.35,1.7545035845739472,17.59,1.781470281435074,5.0,0.0,30.0,0.0,6.0,0.0,1.5,0.0,0.63,0.7608474807008886
10.0,10.0,295.0,295.0,100,11.94,1.9479074501483467,0.39799999999999996,0.06493024833827825,0.897,0.08727640985496436,0.33333333333333326,0.0,0.00033333333333333327,0.0033333333333333335,4.61,0.5103969538555754,3.53,0.7028800779936817,1.47,0.7028800779936815,0.0,0.0,0.0,0.0,2.4,1.7580981459830651,2.34,1.7478413815187854,17.6,1.7580981459830645,5.0,0.0,30.0,0.0,6.0,0.0,1.5,0.0,0.63,0.7608474807008886
10.0,10.0,296.0,296.0,100,11.94,1.9479074501483467,0.39799999999999996,0.06493024833827825,0.897,0.08727640985496436,0.33333333333333326,0.0,0.0,0.0,4.61,0.5103969538555754,3.53,0.7028800779936817,1.47,0.7028800779936815,0.0,0.0,0.0,0.0,2.4,1.7580981459830651,2.34,1.7478413815187854,17.6,1.7580981459830645,5.0,0.0,30.0,0.0,6.0,0.0,1.5,0.0,0.63,0.7608474807008886
10.0,10.0,297.0,297.0,100,11.93,1.9449753964843086,0.39766666666666667,0.06483251321614365,0.8975,0.08714755859860315,0.33333333333333326,0.0,0.0003333333333333327,0.0033333333333333275,4.61,0.5103969538555754,3.53,0.7028800779936817,1.47,0.7028800779936815,0.0,0.0,0.0,0.0,2.39,1.7574947734738442,2.34,1.7478413815187854,17.61,1.757494773473844,5.0,0.0,30.0,0.0,6.0,0.0,1.5,0.0,0.63,0.7608474807008886
10.0,10.0,298.0,298.0,100,11.93,1.9449753964843086,0.39766666666666667,0.06483251321614365,0.8975,0.08714755859860315,0.33333333333333326,0.0,0.0,0.0,4.61,0.5103969538555754,3.53,0.7028800779936817,1.47,0.7028800779936815,0.0,0.0,0.0,0.0,2.39,1.7574947734738442,2.32,1.7574085604903744,17.61,1.757494773473844,5.0,0.0,30.0,0.0,6.0,0.0,1.5,0.0,0.63,0.7608474807008886
10.0,10.0,299.0,299.0,100,11.93,1.9449753964843086,0.39766666666666667,0.06483251321614365,0.8975,0.08714755859860315,0.33333333333333326,0.0,0.0,0.0,4.61,0.5103969538555754,3.53,0.7028800779936817,1.47,0.7028800779936815,0.0,0.0,0.0,0.0,2.39,1.7574947734738442,2.31,1.7331876395645667,17.61,1.757494773473844,5.0,0.0,30.0,0.0,6.0,0.0,1.5,0.0,0.63,0.7608474807008886
10.0,10.0,300.0,300.0,100,11.93,1.9449753964843086,0.39766666666666667,0.06483251321614365,0.8975,0.08714755859860315,0.33333333333333326,0.0,0.0,0.0,4.61,0.5103969538555754,3.53,0.7028800779936817,1.47,0.7028800779936815,0.0,0.0,0.0,0.0,2.39,1.7574947734738442,2.27,1.7047467894563162,17.61,1.757494773473844,5.0,0.0,30.0,0.0,6.0,0.0,1.5,0.0,0.63,0.7608474807008886
10.0,10.0,301.0,301.0,100,11.93,1.9449753964843086,0.39766666666666667,0.06483251321614365,0.8975,0.08714755859860315,0.33333333333333326,0.0,0.0,0.0,4.61,0.5103969538555754,3.53,0.7028800779936817,1.47,0.7028800779936815,0.0,0.0,0.0,0.0,2.39,1.7574947734738442,2.26,1.715172930586937,17.61,1.757494773473844,5.0,0.0,30.0,0.0,6.0,0.0,1.5,0.0,0.63,0.7608474807008886
10.0,10.0,302.0,302.0,100,11.92,1.9419869029715757,0.39733333333333326,0.06473289676571922,0.898,0.08701561452818209,0.33333333333333326,0.0,0.0003333333333333327,0.0033333333333333275,4.61,0.5103969538555754,3.53,0.7028800779936817,1.47,0.7028800779936815,0.0,0.0,0.0,0.0,2.38,1.7568336991487403,2.25,1.7137294672347463,17.62,1.75683369914874,5.0,0.0,30.0,0.0,6.0,0.0,1.5,0.0,0.63,0.7608474807008886
10.0,10.0,303.0,303.0,100,11.88,1.934691268143396,0.39599999999999996,0.06448970893811322,0.9,0.08674821338363414,0.33333333333333326,0.0,0.0013333333333333363,0.006564879518897761,4.63,0.5056249258655725,3.53,0.7028800779936817,1.47,0.7028800779936815,0.0,0.0,0.0,0.0,2.34,1.7478413815187854,2.23,1.7047467894563157,17.66,1.747841381518785,5.0,0.0,30.0,0.0,6.0,0.0,1.5,0.0,0.63,0.7608474807008886
10.0,10.0,304.0,304.0,100,11.84,1.8948094971007061,0.3946666666666666,0.06316031657002355,0.902,0.08466213302106657,0.33333333333333326,0.0,0.001333333333333333,0.006564879518897743,4.63,0.5056249258655725,3.52,0.703239258393226,1.48,0.7032392583932259,0.0,0.0,0.0,0.0,2.3,1.714466079977653,2.21,1.6775101800109604,17.7,1.714466079977653,5.0,0.0,30.0,0.0,6.0,0.0,1.5,0.0,0.63,0.7608474807008886
10.0,10.0,305.0,305.0,100,11.83,1.8859126879754178,0.3943333333333333,0.06286375626584731,0.9025,0.0842000383886282,0.33333333333333326,0.0,0.0003333333333333338,0.0033333333333333388,4.64,0.5029207620781756,3.52,0.703239258393226,1.48,0.7032392583932259,0.0,0.0,0.0,0.0,2.29,1.7073518984235512,2.22,1.6852299546352714,17.71,1.7073518984235516,5.0,0.0,30.0,0.0,6.0,0.0,1.5,0.0,0.63,0.7608474807008886
10.0,10.0,306.0,306.0,100,11.83,1.8859126879754178,0.3943333333333333,0.06286375626584731,0.9025,0.0842000383886282,0.33333333333333326,0.0,0.0,0.0,4.64,0.5029207620781756,3.52,0.703239258393226,1.48,0.7032392583932259,0.0,0.0,0.0,0.0,2.29,1.7073518984235512,2.19,1.6799170253679832,17.71,1.7073518984235516,5.0,0.0,30.0,0.0,6.0,0.0,1.5,0.0,0.63,0.7608474807008886
10.0,10.0,307.0,307.0,100,11.82,1.8661254626697106,0.39399999999999996,0.06220418208899037,0.903,0.08312701732951212,0.33333333333333326,0.0,0.00033333333333333327,0.0033333333333333335,4.64,0.5029207620781756,3.52,0.703239258393226,1.48,0.7032392583932259,0.0,0.0,0.0,0.0,2.28,1.6882242179583284,2.19,1.6799170253679832,17.72,1.6882242179583284,5.0,0.0,30.0,0.0,6.0,0.0,1.5,0.0,0.63,0.7608474807008886
10.0,10.0,308.0,308.0,100,11.81,1.8678297242489421,0.3936666666666666,0.06226099080829809,0.9035,0.08325905780796887,0.33333333333333326,0.0,0.00033333333333333435,0.0033333333333333444,4.65,0.5,3.52,0.703239258393226,1.48,0.7032392583932259,0.0,0.0,0.0,0.0,2.27,1.692854859625472,2.17,1.6700269156483376,17.73,1.6928548596254713,5.0,0.0,30.0,0.0,6.0,0.0,1.5,0.0,0.63,0.7608474807008886
10.0,10.0,309.0,309.0,100,11.81,1.8678297242489421,0.3936666666666666,0.06226099080829809,0.9035,0.08325905780796887,0.33333333333333326,0.0,0.0,0.0,4.65,0.5,3.52,0.703239258393226,1.48,0.7032392583932259,0.0,0.0,0.0,0.0,2.27,1.692854859625472,2.17,1.6700269156483376,17.73,1.6928548596254713,5.0,0.0,30.0,0.0,6.0,0.0,1.5,0.0,0.63,0.7608474807008886
10.0,10.0,310.0,310.0,100,11.79,1.8602432772368913,0.39299999999999996,0.062008109241229736,0.9045000000000001,0.08290648254801822,0.33333333333333326,0.0,0.0006666666666666682,0.004690176471209667,4.65,0.5,3.51,0.7034546786030248,1.49,0.7034546786030247,0.0,0.0,0.0,0.0,2.25,1.6899883449481559,2.15,1.6659089186544762,17.75,1.6899883449481559,5.0,0.0,30.0,0.0,6.0,0.0,1.5,0.0,0.63,0.7608474807008886
10.0,10.0,311.0,311.0,100,11.78,1.8617901670872112,0.39266666666666666,0.0620596722362404,0.905,0.0830297500534561,0.33333333333333326,0.0,0.00033333333333333435,0.003333333333333344,4.65,0.5,3.51,0.7034546786030248,1.49,0.7034546786030247,0.0,0.0,0.0,0.0,2.24,1.6944353369518443,2.13,1.6493341172433895,17.76,1.6944353369518443,5.0,0.0,30.0,0.0,6.0,0.0,1.5,0.0,0.63,0.7608474807008886
10.0,10.0,312.0,312.0,100,11.74,1.8620071715948645,0.3913333333333333,0.06206690571982882,0.907,0.08318775162367364,0.33333333333333326,0.0,0.001333333333333332,0.006564879518897739,4.65,0.5,3.51,0.7034546786030248,1.49,0.7034546786030247,0.0,0.0,0.0,0.0,2.2,1.7056057308448833,2.12,1.6408916029175273,17.8,1.7056057308448835,5.0,0.0,30.0,0.0,6.0,0.0,1.5,0.0,0.63,0.7608474807008886
10.0,10.0,313.0,313.0,100,11.73,1.841469549302975,0.39099999999999996,0.06138231831009916,0.9075,0.08207381501496752,0.33333333333333326,0.0,0.00033333333333333327,0.0033333333333333335,4.65,0.5,3.51,0.7034546786030248,1.49,0.7034546786030247,0.0,0.0,0.0,0.0,2.19,1.6859191061030279,2.12,1.6408916029175273,17.81,1.6859191061030279,5.0,0.0,30.0,0.0,6.0,0.0,1.5,0.0,0.63,0.7608474807008886
10.0,10.0,314.0,314.0,100,11.73,1.841469549302975,0.39099999999999996,0.06138231831009916,0.9075,0.08207381501496752,0.33333333333333326,0.0,0.0,0.0,4.65,0.5,3.51,0.7034546786030248,1.49,0.7034546786030247,0.0,0.0,0.0,0.0,2.19,1.6859191061030279,2.1,1.6298974374376012,17.81,1.6859191061030279,5.0,0.0,30.0,0.0,6.0,0.0,1.5,0.0,0.63,0.7608474807008886
10.0,10.0,315.0,315.0,100,11.72,1.8261844088014483,0.3906666666666666,0.06087281362671494,0.9079999999999999,0.08125281657899741,0.33333333333333326,0.0,0.00033333333333333327,0.003333333333333333,4.65,0.5,3.51,0.7034546786030248,1.49,0.7034546786030247,0.0,0.0,0.0,0.0,2.18,1.671991493864594,2.1,1.6298974374376012,17.82,1.6719914938645934,5.0,0.0,30.0,0.0,6.0,0.0,1.5,0.0,0.63,0.7608474807008886
10.0,10.0,316.0,316.0,100,11.7,1.8006732747570402,0.39,0.060022442491901355,0.909,0.07989260468171183,0.33333333333333326,0.0,0.0006666666666666671,0.006666666666666672,4.65,0.5,3.5,0.6890192121758832,1.5,0.689019212175883,0.0,0.0,0.0,0.0,2.16,1.6497321484459717,2.09,1.6335806862796394,17.84,1.6497321484459715,5.0,0.0,30.0,0.0,6.0,0.0,1.5,0.0,0.63,0.7608474807008886
10.0,10.0,317.0,317.0,100,11.67,1.786905230567727,0.389,0.05956350768559094,0.9105,0.0792308352380893,0.33333333333333326,0.0,0.0010000000000000009,0.005714886933258846,4.65,0.5,3.49,0.6889459083603477,1.51,0.6889459083603476,0.0,0.0,0.0,0.0,2.13,1.6431984086229545,2.08,1.6433520805372355,17.87,1.643198408622954,5.0,0.0,30.0,0.0,6.0,0.0,1.5,0.0,0.63,0.7608474807008886
10.0,10.0,318.0,318.0,100,11.67,1.786905230567727,0.389,0.05956350768559094,0.9105,0.0792308352380893,0.33333333333333326,0.0,0.0,0.0,4.65,0.5,3.49,0.6889459083603477,1.51,0.6889459083603476,0.0,0.0,0.0,0.0,2.13,1.6431984086229545,2.04,1.620076067549442,17.87,1.643198408622954,5.0,0.0,30.0,0.0,6.0,0.0,1.5,0.0,0.63,0.7608474807008886
10.0,10.0,319.0,319.0,100,11.66,1.7708070408030276,0.3886666666666666,0.059026901360100935,0.9109999999999999,0.07836073021867548,0.33333333333333326,0.0,0.00033333333333333327,0.0033333333333333335,4.65,0.5,3.49,0.6889459083603477,1.51,0.6889459083603476,0.0,0.0,0.0,0.0,2.12,1.6285334544065133,2.03,1.6296185337853046,17.88,1.628533454406513,5.0,0.0,30.0,0.0,6.0,0.0,1.5,0.0,0.63,0.7608474807008886
10.0,10.0,320.0,320.0,100,11.65,1.7659804270395718,0.3883333333333333,0.05886601423465242,0.9115000000000001,0.0781267424048122,0.33333333333333326,0.0,0.0003333333333333327,0.0033333333333333266,4.65,0.5,3.49,0.6889459083603477,1.51,0.6889459083603476,0.0,0.0,0.0,0.0,2.11,1.6261437311453852,2.02,1.6390438207884028,17.89,1.6261437311453846,5.0,0.0,30.0,0.0,6.0,0.0,1.5,0.0,0.63,0.7608474807008886
10.0,10.0,321.0,321.0,100,11.63,1.7732866250399153,0.38766666666666666,0.0591095541679972,0.9125,0.07861650943380502,0.33333333333333326,0.0,0.0006666666666666671,0.004690176471209656,4.66,0.49685881985598973,3.49,0.6889459083603477,1.51,0.6889459083603476,0.0,0.0,0.0,0.0,2.09,1.6397523833761845,2.0,1.6143297699232972,17.91,1.6397523833761845,5.0,0.0,30.0,0.0,6.0,0.0,1.5,0.0,0.63,0.7608474807008886
10.0,10.0,322.0,322.0,100,11.61,1.763232797729755,0.38699999999999996,0.058774426590991836,0.9135,0.07812674240481216,0.33333333333333326,0.0,0.0006666666666666655,0.004690176471209646,4.66,0.49685881985598973,3.49,0.6889459083603477,1.51,0.6889459083603476,0.0,0.0,0.0,0.0,2.07,1.6345697237555155,1.99,1.6048852188416984,17.93,1.634569723755515,5.0,0.0,30.0,0.0,6.0,0.0,1.5,0.0,0.63,0.7608474807008886
10.0,10.0,323.0,323.0,100,11.61,1.763232797729755,0.38699999999999996,0.058774426590991836,0.9135,0.07812674240481216,0.33333333333333326,0.0,0.0,0.0,4.66,0.49685881985598973,3.49,0.6889459083603477,1.51,0.6889459083603476,0.0,0.0,0.0,0.0,2.07,1.6345697237555155,1.99,1.6048852188416984,17.93,1.634569723755515,5.0,0.0,30.0,0.0,6.0,0.0,1.5,0.0,0.63,0.7608474807008886
10.0,10.0,324.0,324.0,100,11.57,1.7823772571677097,0.3856666666666666,0.05941257523892365,0.9155,0.07935822120440499,0.33333333333333326,0.0,0.0013333333333333324,0.006564879518897741,4.66,0.49685881985598973,3.47,0.7028800779936817,1.53,0.7028800779936818,0.0,0.0,0.0,0.0,2.03,1.6663939170762376,1.96,1.6138291249213608,17.97,1.6663939170762385,5.0,0.0,30.0,0.0,6.0,0.0,1.5,0.0,0.63,0.7608474807008886
10.0,10.0,325.0,325.0,100,11.56,1.771377367411523,0.3853333333333333,0.05904591224705079,0.9159999999999999,0.07877855422677293,0.33333333333333326,0.0,0.0003333333333333338,0.0033333333333333388,4.66,0.49685881985598973,3.47,0.7028800779936817,1.53,0.7028800779936818,0.0,0.0,0.0,0.0,2.02,1.6451950239004087,1.93,1.57797338380595,17.98,1.645195023900409,5.0,0.0,30.0,0.0,6.0,0.0,1.5,0.0,0.63,0.7608474807008886
10.0,10.0,326.0,326.0,100,11.55,1.760251359461156,0.385,0.05867504531537189,0.9165000000000001,0.07819136070493266,0.33333333333333326,0.0,0.0003333333333333338,0.0033333333333333383,4.66,0.49685881985598973,3.46,0.7023769168568493,1.54,0.7023769168568492,0.0,0.0,0.0,0.0,2.01,1.6360521589077368,1.92,1.5678589918043708,17.99,1.6360521589077364,5.0,0.0,30.0,0.0,6.0,0.0,1.5,0.0,0.63,0.7608474807008886
10.0,10.0,327.0,327.0,100,11.55,1.760251359461156,0.385,0.05867504531537189,0.9165000000000001,0.07819136070493266,0.33333333333333326,0.0,0.0,0.0,4.66,0.49685881985598973,3.46,0.7023769168568493,1.54,0.7023769168568492,0.0,0.0,0.0,0.0,2.01,1.6360521589077368,1.91,1.5705303742894172,17.99,1.6360521589077364,5.0,0.0,30.0,0.0,6.0,0.0,1.5,0.0,0.63,0.7608474807008886
10.0,10.0,328.0,328.0,100,11.52,1.7319341672234423,0.384,0.0577311389074481,0.9179999999999999,0.07671276611391666,0.33333333333333326,0.0,0.0009999999999999987,0.005714886933258834,4.66,0.49685881985598973,3.46,0.7023769168568493,1.54,0.7023769168568492,0.0,0.0,0.0,0.0,1.98,1.6142046232298328,1.91,1.5705303742894172,18.02,1.614204623229833,5.0,0.0,30.0,0.0,6.0,0.0,1.5,0.0,0.63,0.7608474807008886
10.0,10.0,329.0,329.0,100,11.5,1.7144660799776528,0.3833333333333333,0.05714886933258843,0.919,0.07580543942531198,0.33333333333333326,0.0,0.0006666666666666665,0.004690176471209655,4.66,0.49685881985598973,3.46,0.7023769168568493,1.54,0.7023769168568492,0.0,0.0,0.0,0.0,1.96,1.6012621284600483,1.9,1.5731330124142313,18.04,1.6012621284600483,5.0,0.0,30.0,0.0,6.0,0.0,1.5,0.0,0.63,0.7608474807008886
10.0,10.0,330.0,330.0,100,11.49,1.7026123718829513,0.38299999999999995,0.0567537457294317,0.9195,0.07517488028765078,0.33333333333333326,0.0,0.0003333333333333338,0.0033333333333333388,4.66,0.49685881985598973,3.46,0.7023769168568493,1.54,0.7023769168568492,0.0,0.0,0.0,0.0,1.95,1.5914861868166756,1.87,1.5676979197781593,18.05,1.5914861868166756,5.0,0.0,30.0,0.0,6.0,0.0,1.5,0.0,0.63,0.7608474807008886
10.0,10.0,331.0,331.0,100,11.47,1.6964311916133785,0.38233333333333325,0.056547706387112616,0.9205,0.07490566457791148,0.33333333333333326,0.0,0.0006666666666666671,0.004690176471209659,4.66,0.49685881985598973,3.45,0.701729465267237,1.55,0.7017294652672369,0.0,0.0,0.0,0.0,1.93,1.5907243760010847,1.87,1.5676979197781593,18.07,1.5907243760010845,5.0,0.0,30.0,0.0,6.0,0.0,1.5,0.0,0.63,0.7608474807008886
10.0,10.0,332.0,332.0,100,11.47,1.6964311916133785,0.38233333333333325,0.056547706387112616,0.9205,0.07490566457791148,0.33333333333333326,0.0,0.0,0.0,4.66,0.49685881985598973,3.45,0.701729465267237,1.55,0.7017294652672369,0.0,0.0,0.0,0.0,1.93,1.5907243760010847,1.85,1.5594287998553131,18.07,1.5907243760010845,5.0,0.0,30.0,0.0,6.0,0.0,1.5,0.0,0.63,0.7608474807008886
10.0,10.0,333.0,333.0,100,11.45,1.6959547830831538,0.38166666666666665,0.056531826102771805,0.9215000000000001,0.07495958507048577,0.33333333333333326,0.0,0.0006666666666666687,0.0046901764712096675,4.66,0.49685881985598973,3.44,0.7009373233842889,1.56,0.7009373233842889,0.0,0.0,0.0,0.0,1.91,1.596049415705459,1.85,1.5594287998553131,18.09,1.5960494157054592,5.0,0.0,30.0,0.0,6.0,0.0,1.5,0.0,0.63,0.7608474807008886
10.0,10.0,334.0,334.0,100,11.43,1.6712361601611851,0.38099999999999995,0.055707872005372853,0.9225,0.07364088401139543,0.33333333333333326,0.0,0.0006666666666666676,0.0046901764712096615,4.66,0.49685881985598973,3.44,0.7009373233842889,1.56,0.7009373233842889,0.0,0.0,0.0,0.0,1.89,1.5756672468282356,1.84,1.5616618964384956,18.11,1.575667246828236,5.0,0.0,30.0,0.0,6.0,0.0,1.5,0.0,0.63,0.7608474807008886
10.0,10.0,335.0,335.0,100,11.43,1.6712361601611851,0.38099999999999995,0.055707872005372853,0.9225,0.07364088401139543,0.33333333333333326,0.0,0.0,0.0,4.66,0.49685881985598973,3.44,0.7009373233842889,1.56,0.7009373233842889,0.0,0.0,0.0,0.0,1.89,1.5756672468282356,1.83,1.5508550916031825,18.11,1.575667246828236,5.0,0.0,30.0,0.0,6.0,0.0,1.5,0.0,0.63,0.7608474807008886
10.0,10.0,336.0,336.0,100,11.43,1.6712361601611851,0.38099999999999995,0.055707872005372853,0.9225,0.07364088401139543,0.33333333333333326,0.0,0.0,0.0,4.66,0.49685881985598973,3.44,0.7009373233842889,1.56,0.7009373233842889,0.0,0.0,0.0,0.0,1.89,1.5756672468282356,1.81,1.52881415720575,18.11,1.575667246828236,5.0,0.0,30.0,0.0,6.0,0.0,1.5,0.0,0.63,0.7608474807008886
10.0,10.0,337.0,337.0,100,11.43,1.6712361601611851,0.38099999999999995,0.055707872005372853,0.9225,0.07364088401139543,0.33333333333333326,0.0,0.0,0.0,4.66,0.49685881985598973,3.44,0.7009373233842889,1.56,0.7009373233842889,0.0,0.0,0.0,0.0,1.89,1.5756672468282356,1.8,1.5242153139344596,18.11,1.575667246828236,5.0,0.0,30.0,0.0,6.0,0.0,1.5,0.0,0.63,0.7608474807008886
10.0,10.0,338.0,338.0,100,11.43,1.6712361601611851,0.38099999999999995,0.055707872005372853,0.9225,0.07364088401139543,0.33333333333333326,0.0,0.0,0.0,4.66,0.49685881985598973,3.44,0.7009373233842889,1.56,0.7009373233842889,0.0,0.0,0.0,0.0,1.89,1.5756672468282356,1.78,1.5080926477983487,18.11,1.575667246828236,5.0,0.0,30.0,0.0,6.0,0.0,1.5,0.0,0.63,0.7608474807008886
10.0,10.0,339.0,339.0,100,11.42,1.6525462447112007,0.38066666666666665,0.0550848748237067,0.9229999999999999,0.07262050243379878,0.33333333333333326,0.0,0.00033333333333333327,0.0033333333333333335,4.66,0.49685881985598973,3.44,0.7009373233842889,1.56,0.7009373233842889,0.0,0.0,0.0,0.0,1.88,1.5588133274702873,1.77,1.5166083904887941,18.12,1.5588133274702873,5.0,0.0,30.0,0.0,6.0,0.0,1.5,0.0,0.63,0.7608474807008886
10.0,10.0,340.0,340.0,100,11.4,1.6575508280214963,0.38,0.05525169426738322,0.924,0.07298816840606928,0.33333333333333326,0.0,0.0006666666666666671,0.004690176471209656,4.67,0.4934930126509935,3.44,0.7009373233842889,1.56,0.7009373233842889,0.0,0.0,0.0,0.0,1.86,1.5700479308131028,1.77,1.5166083904887941,18.14,1.5700479308131026,5.0,0.0,30.0,0.0,6.0,0.0,1.5,0.0,0.63,0.7608474807008886
10.0,10.0,341.0,341.0,100,11.39,1.650803293900129,0.3796666666666666,0.05502677646333763,0.9245,0.07264657770690407,0.33333333333333326,0.0,0.0003333333333333327,0.0033333333333333275,4.67,0.4934930126509935,3.44,0.7009373233842889,1.56,0.7009373233842889,0.0,0.0,0.0,0.0,1.85,1.5658927811380325,1.76,1.5250103493604774,18.15,1.5658927811380323,5.0,0.0,30.0,0.0,6.0,0.0,1.5,0.0,0.63,0.7608474807008886
10.0,10.0,342.0,342.0,100,11.35,1.6291225871739685,0.3783333333333333,0.05430408623913229,0.9265000000000001,0.07158205011725982,0.33333333333333326,0.0,0.0013333333333333352,0.006564879518897754,4.69,0.4860685407045249,3.44,0.7009373233842889,1.56,0.7009373233842889,0.0,0.0,0.0,0.0,1.81,1.541971714292051,1.75,1.5333003949031323,18.19,1.5419717142920517,5.0,0.0,30.0,0.0,6.0,0.0,1.5,0.0,0.63,0.7608474807008886
10.0,10.0,343.0,343.0,100,11.35,1.6291225871739685,0.3783333333333333,0.05430408623913229,0.9265000000000001,0.07158205011725982,0.33333333333333326,0.0,0.0,0.0,4.69,0.4860685407045249,3.44,0.7009373233842889,1.56,0.7009373233842889,0.0,0.0,0.0,0.0,1.81,1.541971714292051,1.74,1.5150424203148685,18.19,1.5419717142920517,5.0,0.0,30.0,0.0,6.0,0.0,1.5,0.0,0.63,0.7608474807008886
10.0,10.0,344.0,344.0,100,11.33,1.6333333333333333,0.37766666666666665,0.05444444444444445,0.9275,0.07190587281616533,0.33333333333333326,0.0,0.0006666666666666671,0.004690176471209659,4.69,0.4860685407045249,3.44,0.7009373233842889,1.56,0.7009373233842889,0.0,0.0,0.0,0.0,1.79,1.5524174696260027,1.73,1.5232540924950866,18.21,1.5524174696260027,5.0,0.0,30.0,0.0,6.0,0.0,1.5,0.0,0.63,0.7608474807008886
10.0,10.0,345.0,345.0,100,11.32,1.6568193942160698,0.3773333333333333,0.055227313140535673,0.9275,0.07190587281616533,0.33333333333333326,0.0,0.000333333333333333,0.0033333333333333305,4.69,0.4860685407045249,3.43,0.7142842712828137,1.57,0.7142842712828137,0.0,0.0,0.0,0.0,1.78,1.5412181984889535,1.73,1.5232540924950866,18.22,1.541218198488954,5.0,0.0,30.0,0.0,6.0,0.0,1.5,0.0,0.63,0.7608474807008886
10.0,10.0,346.0,346.0,100,11.3,1.6422453217986939,0.37666666666666665,0.054741510726623144,0.9285,0.0711574580657842,0.33333333333333326,0.0,0.000666666666666666,0.004690176471209649,4.69,0.4860685407045249,3.42,0.6989169110021937,1.58,0.6989169110021937,0.0,0.0,0.0,0.0,1.76,1.5250103493604774,1.73,1.5232540924950866,18.24,1.5250103493604776,5.0,0.0,30.0,0.0,6.0,0.0,1.5,0.0,0.63,0.7608474807008886
10.0,10.0,347.0,347.0,100,11.3,1.6422453217986939,0.37666666666666665,0.054741510726623144,0.9285,0.0711574580657842,0.33333333333333326,0.0,0.0,0.0,4.69,0.4860685407045249,3.42,0.6989169110021937,1.58,0.6989169110021937,0.0,0.0,0.0,0.0,1.76,1.5250103493604774,1.73,1.5232540924950866,18.24,1.5250103493604776,5.0,0.0,30.0,0.0,6.0,0.0,1.5,0.0,0.63,0.7608474807008886
10.0,10.0,348.0,348.0,100,11.3,1.6422453217986939,0.37666666666666665,0.054741510726623144,0.9285,0.0711574580657842,0.33333333333333326,0.0,0.0,0.0,4.69,0.4860685407045249,3.42,0.6989169110021937,1.58,0.6989169110021937,0.0,0.0,0.0,0.0,1.76,1.5250103493604774,1.73,1.5232540924950866,18.24,1.5250103493604776,5.0,0.0,30.0,0.0,6.0,0.0,1.5,0.0,0.63,0.7608474807008886
10.0,10.0,349.0,349.0,100,11.29,1.6654237789933117,0.37633333333333335,0.05551412596644373,0.9285,0.0711574580657842,0.33333333333333326,0.0,0.000333333333333333,0.0033333333333333296,4.69,0.4860685407045249,3.42,0.6989169110021937,1.58,0.6989169110021937,0.0,0.0,0.0,0.0,1.75,1.5333003949031319,1.73,1.5232540924950866,18.25,1.5333003949031323,5.0,0.0,30.0,0.0,6.0,0.0,1.5,0.0,0.63,0.7608474807008886
10.0,10.0,350.0,350.0,100,11.29,1.6654237789933117,0.37633333333333335,0.05551412596644373,0.9285,0.0711574580657842,0.33333333333333326,0.0,0.0,0.0,4.69,0.4860685407045249,3.42,0.6989169110021937,1.58,0.6989169110021937,0.0,0.0,0.0,0.0,1.75,1.5333003949031319,1.73,1.5232540924950866,18.25,1.5333003949031323,5.0,0.0,30.0,0.0,6.0,0.0,1.5,0.0,0.63,0.7608474807008886
10.0,10.0,351.0,351.0,100,11.28,1.6701781190923768,0.37599999999999995,0.055672603969745896,0.9289999999999999,0.07148497051899098,0.33333333333333326,0.0,0.0003333333333333327,0.0033333333333333266,4.7,0.48199920365414745,3.42,0.6989169110021937,1.58,0.6989169110021937,0.0,0.0,0.0,0.0,1.74,1.5414803327196933,1.69,1.5088627063675033,18.26,1.541480332719693,5.0,0.0,30.0,0.0,6.0,0.0,1.5,0.0,0.63,0.7608474807008886
10.0,10.0,352.0,352.0,100,11.28,1.6701781190923768,0.37599999999999995,0.055672603969745896,0.9289999999999999,0.07148497051899098,0.33333333333333326,0.0,0.0,0.0,4.7,0.48199920365414745,3.42,0.6989169110021937,1.58,0.6989169110021937,0.0,0.0,0.0,0.0,1.74,1.5414803327196933,1.68,1.503396827255539,18.26,1.541480332719693,5.0,0.0,30.0,0.0,6.0,0.0,1.5,0.0,0.63,0.7608474807008886
10.0,10.0,353.0,353.0,100,11.27,1.662752980676166,0.37566666666666665,0.05542509935587222,0.9295,0.07110065421853044,0.33333333333333326,0.0,0.0003333333333333327,0.0033333333333333266,4.7,0.48199920365414745,3.42,0.6989169110021937,1.58,0.6989169110021937,0.0,0.0,0.0,0.0,1.73,1.5232540924950866,1.66,1.4922019523732923,18.27,1.5232540924950868,5.0,0.0,30.0,0.0,6.0,0.0,1.5,0.0,0.63,0.7608474807008886
10.0,10.0,354.0,354.0,100,11.27,1.662752980676166,0.37566666666666665,0.05542509935587222,0.9295,0.07110065421853044,0.33333333333333326,0.0,0.0,0.0,4.7,0.48199920365414745,3.42,0.6989169110021937,1.58,0.6989169110021937,0.0,0.0,0.0,0.0,1.73,1.5232540924950866,1.66,1.4922019523732923,18.27,1.5232540924950868,5.0,0.0,30.0,0.0,6.0,0.0,1.5,0.0,0.63,0.7608474807008886
10.0,10.0,355.0,355.0,100,11.26,1.6552335121661776,0.3753333333333333,0.05517445040553927,0.93,0.07071067811865475,0.33333333333333326,0.0,0.0003333333333333327,0.0033333333333333266,4.7,0.48199920365414745,3.42,0.6989169110021937,1.58,0.6989169110021937,0.0,0.0,0.0,0.0,1.72,1.5181062099360718,1.65,1.4659433478105146,18.28,1.518106209936072,5.0,0.0,30.0,0.0,6.0,0.0,1.5,0.0,0.63,0.7608474807008886
10.0,10.0,356.0,356.0,100,11.26,1.6552335121661776,0.3753333333333333,0.05517445040553927,0.93,0.07071067811865475,0.33333333333333326,0.0,0.0,0.0,4.7,0.48199920365414745,3.42,0.6989169110021937,1.58,0.6989169110021937,0.0,0.0,0.0,0.0,1.72,1.5181062099360718,1.64,1.466942122893467,18.28,1.518106209936072,5.0,0.0,30.0,0.0,6.0,0.0,1.5,0.0,0.63,0.7608474807008886
10.0,10.0,357.0,357.0,100,11.26,1.6552335121661776,0.3753333333333333,0.05517445040553927,0.93,0.07071067811865475,0.33333333333333326,0.0,0.0,0.0,4.7,0.48199920365414745,3.42,0.6989169110021937,1.58,0.6989169110021937,0.0,0.0,0.0,0.0,1.72,1.5181062099360718,1.64,1.466942122893467,18.28,1.518106209936072,5.0,0.0,30.0,0.0,6.0,0.0,1.5,0.0,0.63,0.7608474807008886
10.0,10.0,358.0,358.0,100,11.26,1.6552335121661776,0.3753333333333333,0.05517445040553927,0.93,0.07071067811865475,0.33333333333333326,0.0,0.0,0.0,4.7,0.48199920365414745,3.42,0.6989169110021937,1.58,0.6989169110021937,0.0,0.0,0.0,0.0,1.72,1.5181062099360718,1.62,1.4479522286890742,18.28,1.518106209936072,5.0,0.0,30.0,0.0,6.0,0.0,1.5,0.0,0.63,0.7608474807008886
10.0,10.0,359.0,359.0,100,11.25,1.6414763002993509,0.375,0.05471587667664503,0.9305,0.06995489167089654,0.33333333333333326,0.0,0.0003333333333333338,0.003333333333333339,4.7,0.48199920365414745,3.42,0.6989169110021937,1.58,0.6989169110021937,0.0,0.0,0.0,0.0,1.71,1.5061825449081059,1.61,1.4417651919389884,18.29,1.5061825449081063,5.0,0.0,30.0,0.0,6.0,0.0,1.5,0.0,0.63,0.7608474807008886
10.0,10.0,360.0,360.0,100,11.25,1.6414763002993509,0.375,0.05471587667664503,0.9305,0.06995489167089654,0.33333333333333326,0.0,0.0,0.0,4.7,0.48199920365414745,3.42,0.6989169110021937,1.58,0.6989169110021937,0.0,0.0,0.0,0.0,1.71,1.5061825449081059,1.6,1.4354811251305466,18.29,1.5061825449081063,5.0,0.0,30.0,0.0,6.0,0.0,1.5,0.0,0.63,0.7608474807008886
10.0,10.0,361.0,361.0,100,11.21,1.6036259419254106,0.3736666666666666,0.053454198064180364,0.932,0.06686334624222055,0.33333333333333326,0.0,0.001333333333333333,0.006564879518897746,4.71,0.47768380565162366,3.4,0.6963106238227913,1.6,0.6963106238227913,0.0,0.0,0.0,0.0,1.67,1.463736742903331,1.58,1.422616738211098,18.33,1.4637367429033314,5.0,0.0,30.0,0.0,6.0,0.0,1.5,0.0,0.63,0.7608474807008886
10.0,10.0,362.0,362.0,100,11.18,1.6598649087053787,0.37266666666666665,0.0553288302901793,0.9325,0.06718548123582124,0.33333333333333326,0.0,0.0009999999999999987,0.007423383445120447,4.71,0.47768380565162366,3.38,0.707535200966044,1.62,0.7075352009660442,0.0,0.0,0.0,0.0,1.65,1.4451241601965688,1.56,1.4093482984211623,18.35,1.4451241601965688,5.0,0.0,30.0,0.0,6.0,0.0,1.5,0.0,0.63,0.7608474807008886
10.0,10.0,363.0,363.0,100,11.16,1.6558436465494506,0.37199999999999994,0.05519478821831502,0.9335,0.06706509727665555,0.33333333333333326,0.0,0.0006666666666666655,0.004690176471209647,4.71,0.47768380565162366,3.37,0.7199186261535593,1.63,0.7199186261535594,0.0,0.0,0.0,0.0,1.63,1.4470799577218958,1.55,1.4168894655461863,18.37,1.4470799577218958,5.0,0.0,30.0,0.0,6.0,0.0,1.5,0.0,0.63,0.7608474807008886
10.0,10.0,364.0,364.0,100,11.16,1.6558436465494506,0.37199999999999994,0.05519478821831502,0.9335,0.06706509727665555,0.33333333333333326,0.0,0.0,0.0,4.71,0.47768380565162366,3.37,0.7199186261535593,1.63,0.7199186261535594,0.0,0.0,0.0,0.0,1.63,1.4470799577218958,1.55,1.4168894655461863,18.37,1.4470799577218958,5.0,0.0,30.0,0.0,6.0,0.0,1.5,0.0,0.63,0.7608474807008886
10.0,10.0,365.0,365.0,100,11.13,1.6796764960292596,0.37099999999999994,0.055989216534308654,0.9345,0.06655103608540143,0.33333333333333326,0.0,0.001000000000000001,0.0057148869332588476,4.71,0.47768380565162366,3.36,0.7180219742846005,1.64,0.7180219742846004,0.0,0.0,0.0,0.0,1.6,1.4354811251305466,1.54,1.4172102343988517,18.4,1.4354811251305475,5.0,0.0,30.0,0.0,6.0,0.0,1.5,0.0,0.63,0.7608474807008886
10.0,10.0,366.0,366.0,100,11.13,1.6796764960292596,0.37099999999999994,0.055989216534308654,0.9345,0.06655103608540143,0.33333333333333326,0.0,0.0,0.0,4.71,0.47768380565162366,3.36,0.7180219742846005,1.64,0.7180219742846004,0.0,0.0,0.0,0.0,1.6,1.4354811251305466,1.54,1.4172102343988517,18.4,1.4354811251305475,5.0,0.0,30.0,0.0,6.0,0.0,1.5,0.0,0.63,0.7608474807008886
10.0,10.0,367.0,367.0,100,11.12,1.6774198561294587,0.37066666666666664,0.0559139952043153,0.935,0.0664770029347888,0.33333333333333326,0.0,0.00033333333333333435,0.003333333333333344,4.71,0.47768380565162366,3.36,0.7180219742846005,1.64,0.7180219742846004,0.0,0.0,0.0,0.0,1.59,1.436149453408402,1.53,1.4031350180178237,18.41,1.436149453408403,5.0,0.0,30.0,0.0,6.0,0.0,1.5,0.0,0.63,0.7608474807008886
10.0,10.0,368.0,368.0,100,11.11,1.7049837820254172,0.3703333333333333,0.0568327927341806,0.935,0.0664770029347888,0.33333333333333326,0.0,0.000333333333333333,0.0033333333333333305,4.71,0.47768380565162366,3.35,0.7436600722307896,1.65,0.7436600722307894,0.0,0.0,0.0,0.0,1.58,1.42969941037982,1.53,1.4031350180178237,18.42,1.42969941037982,5.0,0.0,30.0,0.0,6.0,0.0,1.5,0.0,0.63,0.7608474807008886
10.0,10.0,369.0,369.0,100,11.1,1.7144660799776523,0.37,0.05714886933258843,0.935,0.0664770029347888,0.33333333333333326,0.0,0.00033333333333333327,0.0033333333333333327,4.71,0.47768380565162366,3.35,0.7436600722307896,1.65,0.7436600722307894,0.0,0.0,0.0,0.0,1.57,1.4231491613156841,1.51,1.352102739506809,18.43,1.4231491613156846,5.0,0.0,30.0,0.0,6.0,0.0,1.5,0.0,0.63,0.7608474807008886
10.0,10.0,370.0,370.0,100,11.09,1.700237654214281,0.3696666666666666,0.056674588473809386,0.9355,0.06563404819777827,0.33333333333333326,0.0,0.0003333333333333338,0.003333333333333339,4.71,0.47768380565162366,3.35,0.7436600722307896,1.65,0.7436600722307894,0.0,0.0,0.0,0.0,1.56,1.4093482984211623,1.51,1.352102739506809,18.44,1.4093482984211632,5.0,0.0,30.0,0.0,6.0,0.0,1.5,0.0,0.63,0.7608474807008886
10.0,10.0,371.0,371.0,100,11.09,1.700237654214281,0.3696666666666666,0.056674588473809386,0.9355,0.06563404819777827,0.33333333333333326,0.0,0.0,0.0,4.71,0.47768380565162366,3.35,0.7436600722307896,1.65,0.7436600722307894,0.0,0.0,0.0,0.0,1.56,1.4093482984211623,1.49,1.3521027395068095,18.44,1.4093482984211632,5.0,0.0,30.0,0.0,6.0,0.0,1.5,0.0,0.63,0.7608474807008886
10.0,10.0,372.0,372.0,100,11.09,1.700237654214281,0.3696666666666666,0.056674588473809386,0.9355,0.06563404819777827,0.33333333333333326,0.0,0.0,0.0,4.71,0.47768380565162366,3.35,0.7436600722307896,1.65,0.7436600722307894,0.0,0.0,0.0,0.0,1.56,1.4093482984211623,1.49,1.3521027395068095,18.44,1.4093482984211632,5.0,0.0,30.0,0.0,6.0,0.0,1.5,0.0,0.63,0.7608474807008886
10.0,10.0,373.0,373.0,100,11.06,1.674647558277396,0.3686666666666666,0.0558215852759132,0.937,0.06420453428086074,0.33333333333333326,0.0,0.0010000000000000002,0.005714886933258844,4.71,0.47768380565162366,3.35,0.7436600722307896,1.65,0.7436600722307894,0.0,0.0,0.0,0.0,1.53,1.3666666666666665,1.47,1.3367758589119185,18.47,1.3666666666666665,5.0,0.0,30.0,0.0,6.0,0.0,1.5,0.0,0.63,0.7608474807008886
10.0,10.0,374.0,374.0,100,11.06,1.674647558277396,0.3686666666666666,0.0558215852759132,0.937,0.06420453428086074,0.33333333333333326,0.0,0.0,0.0,4.71,0.47768380565162366,3.35,0.7436600722307896,1.65,0.7436600722307894,0.0,0.0,0.0,0.0,1.53,1.3666666666666665,1.46,1.313642480150732,18.47,1.3666666666666665,5.0,0.0,30.0,0.0,6.0,0.0,1.5,0.0,0.63,0.7608474807008886
10.0,10.0,375.0,375.0,100,11.04,1.669210180373528,0.368,0.055640339345784266,0.938,0.06400757530925302,0.33333333333333326,0.0,0.0006666666666666687,0.004690176471209669,4.71,0.47768380565162366,3.34,0.7415517445863032,1.66,0.7415517445863031,0.0,0.0,0.0,0.0,1.51,1.3669622740170477,1.46,1.313642480150732,18.49,1.3669622740170484,5.0,0.0,30.0,0.0,6.0,0.0,1.5,0.0,0.63,0.7608474807008886
10.0,10.0,376.0,376.0,100,11.04,1.669210180373528,0.368,0.055640339345784266,0.938,0.06400757530925302,0.33333333333333326,0.0,0.0,0.0,4.71,0.47768380565162366,3.34,0.7415517445863032,1.66,0.7415517445863031,0.0,0.0,0.0,0.0,1.51,1.3669622740170477,1.46,1.313642480150732,18.49,1.3669622740170484,5.0,0.0,30.0,0.0,6.0,0.0,1.5,0.0,0.63,0.7608474807008886
10.0,10.0,377.0,377.0,100,11.03,1.6542262984442742,0.36766666666666664,0.05514087661480917,0.9384999999999999,0.06310765213170078,0.33333333333333326,0.0,0.0003333333333333338,0.003333333333333339,4.72,0.4731156136066361,3.34,0.7415517445863032,1.66,0.7415517445863031,0.0,0.0,0.0,0.0,1.5,1.3521400919589759,1.46,1.313642480150732,18.5,1.352140091958976,5.0,0.0,30.0,0.0,6.0,0.0,1.5,0.0,0.63,0.7608474807008886
10.0,10.0,378.0,378.0,100,11.03,1.6542262984442742,0.36766666666666664,0.05514087661480917,0.9384999999999999,0.06310765213170078,0.33333333333333326,0.0,0.0,0.0,4.72,0.4731156136066361,3.34,0.7415517445863032,1.66,0.7415517445863031,0.0,0.0,0.0,0.0,1.5,1.3521400919589759,1.45,1.3209653647804307,18.5,1.352140091958976,5.0,0.0,30.0,0.0,6.0,0.0,1.5,0.0,0.63,0.7608474807008886
10.0,10.0,379.0,379.0,100,11.02,1.6451950239004083,0.3673333333333333,0.054839834130013636,0.9390000000000001,0.06259538176400732,0.33333333333333326,0.0,0.0003333333333333327,0.003333333333333328,4.72,0.4731156136066361,3.34,0.7415517445863032,1.66,0.7415517445863031,0.0,0.0,0.0,0.0,1.49,1.3295020712942716,1.45,1.3209653647804307,18.51,1.3295020712942716,5.0,0.0,30.0,0.0,6.0,0.0,1.5,0.0,0.63,0.7608474807008886
10.0,10.0,380.0,380.0,100,11.02,1.6451950239004083,0.3673333333333333,0.054839834130013636,0.9390000000000001,0.06259538176400732,0.33333333333333326,0.0,0.0,0.0,4.72,0.4731156136066361,3.34,0.7415517445863032,1.66,0.7415517445863031,0.0,0.0,0.0,0.0,1.49,1.3295020712942716,1.43,1.3200474432857527,18.51,1.3295020712942716,5.0,0.0,30.0,0.0,6.0,0.0,1.5,0.0,0.63,0.7608474807008886
10.0,10.0,381.0,381.0,100,11.01,1.642214567853022,0.36699999999999994,0.05474048559510074,0.9395,0.062480299925559556,0.33333333333333326,0.0,0.00033333333333333435,0.003333333333333344,4.73,0.468287229478799,3.34,0.7415517445863032,1.66,0.7415517445863031,0.0,0.0,0.0,0.0,1.48,1.3293881025767933,1.43,1.3200474432857527,18.52,1.3293881025767937,5.0,0.0,30.0,0.0,6.0,0.0,1.5,0.0,0.63,0.7608474807008886
10.0,10.0,382.0,382.0,100,11.0,1.6453178133937245,0.36666666666666664,0.054843927113124157,0.94,0.06276459144608477,0.33333333333333326,0.0,0.0003333333333333327,0.003333333333333328,4.73,0.468287229478799,3.34,0.7415517445863032,1.66,0.7415517445863031,0.0,0.0,0.0,0.0,1.47,1.3367758589119185,1.42,1.3117957466038992,18.53,1.3367758589119185,5.0,0.0,30.0,0.0,6.0,0.0,1.5,0.0,0.63,0.7608474807008886
10.0,10.0,383.0,383.0,100,10.98,1.6266716343689671,0.36599999999999994,0.05422238781229891,0.941,0.06170146438351935,0.33333333333333326,0.0,0.0006666666666666655,0.004690176471209647,4.74,0.4408440022768081,3.34,0.7415517445863032,1.66,0.7415517445863031,0.0,0.0,0.0,0.0,1.45,1.3209653647804307,1.41,1.3111410713919802,18.55,1.3209653647804303,5.0,0.0,30.0,0.0,6.0,0.0,1.5,0.0,0.63,0.7608474807008886
10.0,10.0,384.0,384.0,100,10.96,1.6200760675494423,0.3653333333333333,0.05400253558498142,0.9420000000000001,0.06143075267109606,0.33333333333333326,0.0,0.0006666666666666687,0.004690176471209669,4.74,0.4408440022768081,3.34,0.7415517445863032,1.66,0.7415517445863031,0.0,0.0,0.0,0.0,1.43,1.3200474432857527,1.39,1.3018634662853417,18.57,1.320047443285753,5.0,0.0,30.0,0.0,6.0,0.0,1.5,0.0,0.63,0.7608474807008886
10.0,10.0,385.0,385.0,100,10.96,1.6200760675494423,0.3653333333333333,0.05400253558498142,0.9420000000000001,0.06143075267109606,0.33333333333333326,0.0,0.0,0.0,4.74,0.4408440022768081,3.34,0.7415517445863032,1.66,0.7415517445863031,0.0,0.0,0.0,0.0,1.43,1.3200474432857527,1.39,1.3018634662853417,18.57,1.320047443285753,5.0,0.0,30.0,0.0,6.0,0.0,1.5,0.0,0.63,0.7608474807008886
10.0,10.0,386.0,386.0,100,10.96,1.6200760675494423,0.3653333333333333,0.05400253558498142,0.9420000000000001,0.06143075267109606,0.33333333333333326,0.0,0.0,0.0,4.74,0.4408440022768081,3.34,0.7415517445863032,1.66,0.7415517445863031,0.0,0.0,0.0,0.0,1.43,1.3200474432857527,1.39,1.3018634662853417,18.57,1.320047443285753,5.0,0.0,30.0,0.0,6.0,0.0,1.5,0.0,0.63,0.7608474807008886
10.0,10.0,387.0,387.0,100,10.95,1.6166744767071581,0.36499999999999994,0.05388914922357194,0.9425,0.061288768394487506,0.33333333333333326,0.0,0.00033333333333333435,0.0033333333333333444,4.74,0.4408440022768081,3.34,0.7415517445863032,1.66,0.7415517445863031,0.0,0.0,0.0,0.0,1.42,1.3194734180763554,1.38,1.3009708884234314,18.58,1.3194734180763554,5.0,0.0,30.0,0.0,6.0,0.0,1.5,0.0,0.63,0.7608474807008886
10.0,10.0,388.0,388.0,100,10.94,1.6194524576616205,0.36466666666666664,0.053981748588720686,0.943,0.06155395104206462,0.33333333333333326,0.0,0.0003333333333333327,0.003333333333333328,4.74,0.4408440022768081,3.34,0.7415517445863032,1.66,0.7415517445863031,0.0,0.0,0.0,0.0,1.41,1.3264595544135334,1.38,1.3009708884234314,18.59,1.326459554413534,5.0,0.0,30.0,0.0,6.0,0.0,1.5,0.0,0.63,0.7608474807008886
10.0,10.0,389.0,389.0,100,10.94,1.6194524576616205,0.36466666666666664,0.053981748588720686,0.943,0.06155395104206462,0.33333333333333326,0.0,0.0,0.0,4.74,0.4408440022768081,3.34,0.7415517445863032,1.66,0.7415517445863031,0.0,0.0,0.0,0.0,1.41,1.3264595544135334,1.36,1.3067037718912222,18.59,1.326459554413534,5.0,0.0,30.0,0.0,6.0,0.0,1.5,0.0,0.63,0.7608474807008886
10.0,10.0,390.0,390.0,100,10.94,1.6194524576616205,0.36466666666666664,0.053981748588720686,0.943,0.06155395104206462,0.33333333333333326,0.0,0.0,0.0,4.74,0.4408440022768081,3.34,0.7415517445863032,1.66,0.7415517445863031,0.0,0.0,0.0,0.0,1.41,1.3264595544135334,1.36,1.3067037718912222,18.59,1.326459554413534,5.0,0.0,30.0,0.0,6.0,0.0,1.5,0.0,0.63,0.7608474807008886
10.0,10.0,391.0,391.0,100,10.93,1.609661486465431,0.3643333333333333,0.053655382882181045,0.9434999999999999,0.060991388695040324,0.33333333333333326,0.0,0.0003333333333333327,0.003333333333333328,4.74,0.4408440022768081,3.33,0.7393007889659368,1.67,0.7393007889659367,0.0,0.0,0.0,0.0,1.4,1.318094737632215,1.33,1.2796385221908364,18.6,1.3180947376322147,5.0,0.0,30.0,0.0,6.0,0.0,1.5,0.0,0.63,0.7608474807008886
10.0,10.0,392.0,392.0,100,10.93,1.609661486465431,0.3643333333333333,0.053655382882181045,0.9434999999999999,0.060991388695040324,0.33333333333333326,0.0,0.0,0.0,4.74,0.4408440022768081,3.33,0.7393007889659368,1.67,0.7393007889659367,0.0,0.0,0.0,0.0,1.4,1.318094737632215,1.33,1.2796385221908364,18.6,1.3180947376322147,5.0,0.0,30.0,0.0,6.0,0.0,1.5,0.0,0.63,0.7608474807008886
10.0,10.0,393.0,393.0,100,10.91,1.608657134935154,0.3636666666666666,0.05362190449783847,0.9445,0.06109067610585685,0.33333333333333326,0.0,0.0006666666666666671,0.004690176471209659,4.74,0.4408440022768081,3.33,0.7393007889659368,1.67,0.7393007889659367,0.0,0.0,0.0,0.0,1.38,1.3240586516961073,1.33,1.2796385221908364,18.62,1.3240586516961068,5.0,0.0,30.0,0.0,6.0,0.0,1.5,0.0,0.63,0.7608474807008886
10.0,10.0,394.0,394.0,100,10.9,1.6049166881048922,0.3633333333333333,0.05349722293682975,0.945,0.060927179584494257,0.33333333333333326,0.0,0.00033333333333333435,0.003333333333333344,4.74,0.4408440022768081,3.33,0.7393007889659368,1.67,0.7393007889659367,0.0,0.0,0.0,0.0,1.37,1.3077469251357547,1.32,1.2703296319213269,18.63,1.307746925135754,5.0,0.0,30.0,0.0,6.0,0.0,1.5,0.0,0.63,0.7608474807008886
10.0,10.0,395.0,395.0,100,10.89,1.5756672468282356,0.363,0.05252224156094119,0.9455,0.05907322967848011,0.33333333333333326,0.0,0.00033333333333333327,0.0033333333333333327,4.74,0.4408440022768081,3.33,0.7393007889659368,1.67,0.7393007889659367,0.0,0.0,0.0,0.0,1.36,1.2754084313139327,1.32,1.2703296319213269,18.64,1.2754084313139324,5.0,0.0,30.0,0.0,6.0,0.0,1.5,0.0,0.63,0.7608474807008886
10.0,10.0,396.0,396.0,100,10.89,1.5756672468282356,0.363,0.05252224156094119,0.9455,0.05907322967848011,0.33333333333333326,0.0,0.0,0.0,4.74,0.4408440022768081,3.33,0.7393007889659368,1.67,0.7393007889659367,0.0,0.0,0.0,0.0,1.36,1.2754084313139327,1.31,1.268857754044952,18.64,1.2754084313139324,5.0,0.0,30.0,0.0,6.0,0.0,1.5,0.0,0.63,0.7608474807008886
10.0,10.0,397.0,397.0,100,10.89,1.5756672468282356,0.363,0.05252224156094119,0.9455,0.05907322967848011,0.33333333333333326,0.0,0.0,0.0,4.74,0.4408440022768081,3.33,0.7393007889659368,1.67,0.7393007889659367,0.0,0.0,0.0,0.0,1.36,1.2754084313139327,1.3,1.2673044646258476,18.64,1.2754084313139324,5.0,0.0,30.0,0.0,6.0,0.0,1.5,0.0,0.63,0.7608474807008886
10.0,10.0,398.0,398.0,100,10.89,1.5756672468282356,0.363,0.05252224156094119,0.9455,0.05907322967848011,0.33333333333333326,0.0,0.0,0.0,4.74,0.4408440022768081,3.33,0.7393007889659368,1.67,0.7393007889659367,0.0,0.0,0.0,0.0,1.36,1.2754084313139327,1.3,1.2673044646258476,18.64,1.2754084313139324,5.0,0.0,30.0,0.0,6.0,0.0,1.5,0.0,0.63,0.7608474807008886
10.0,10.0,399.0,399.0,100,10.88,1.5908831166710802,0.36266666666666664,0.05302943722236936,0.9455,0.05907322967848011,0.33333333333333326,0.0,0.0003333333333333338,0.0033333333333333383,4.74,0.4408440022768081,3.33,0.7393007889659368,1.67,0.7393007889659367,0.0,0.0,0.0,0.0,1.35,1.2742595393943,1.29,1.2576633777434931,18.65,1.2742595393942997,5.0,0.0,30.0,0.0,6.0,0.0,1.5,0.0,0.63,0.7608474807008886
10.0,10.0,400.0,400.0,100,10.87,1.586909836217177,0.3623333333333333,0.052896994540572576,0.946,0.05889555898951015,0.33333333333333326,0.0,0.00033333333333333435,0.0033333333333333444,4.74,0.4408440022768081,3.33,0.7393007889659368,1.67,0.7393007889659367,0.0,0.0,0.0,0.0,1.34,1.2730302669638538,1.29,1.2576633777434931,18.66,1.2730302669638534,5.0,0.0,30.0,0.0,6.0,0.0,1.5,0.0,0.63,0.7608474807008886
10.0,10.0,401.0,401.0,100,10.85,1.5851265762160016,0.36166666666666664,0.052837552540533385,0.9470000000000001,0.058955555936294715,0.33333333333333326,0.0,0.0006666666666666671,0.00469017647120966,4.74,0.4408440022768081,3.32,0.723068657063963,1.68,0.7230686570639628,0.0,0.0,0.0,0.0,1.32,1.2782563881864208,1.28,1.2639524348549502,18.68,1.278256388186421,5.0,0.0,30.0,0.0,6.0,0.0,1.5,0.0,0.63,0.7608474807008886
10.0,10.0,402.0,402.0,100,10.85,1.5851265762160016,0.36166666666666664,0.052837552540533385,0.9470000000000001,0.058955555936294715,0.33333333333333326,0.0,0.0,0.0,4.74,0.4408440022768081,3.32,0.723068657063963,1.68,0.7230686570639628,0.0,0.0,0.0,0.0,1.32,1.2782563881864208,1.27,1.270130829179547,18.68,1.278256388186421,5.0,0.0,30.0,0.0,6.0,0.0,1.5,0.0,0.63,0.7608474807008886
10.0,10.0,403.0,403.0,100,10.84,1.5745449879860274,0.36133333333333334,0.05248483293286759,0.9475,0.05833333333333331,0.33333333333333326,0.0,0.0003333333333333327,0.0033333333333333266,4.74,0.4408440022768081,3.31,0.7204796382208931,1.69,0.720479638220893,0.0,0.0,0.0,0.0,1.31,1.268857754044952,1.26,1.2602709344751342,18.69,1.268857754044952,5.0,0.0,30.0,0.0,6.0,0.0,1.5,0.0,0.63,0.7608474807008886
10.0,10.0,404.0,404.0,100,10.83,1.5702730895476673,0.36099999999999993,0.05234243631825557,0.948,0.05813602996247663,0.33333333333333326,0.0,0.00033333333333333435,0.0033333333333333444,4.74,0.4408440022768081,3.31,0.7204796382208931,1.69,0.720479638220893,0.0,0.0,0.0,0.0,1.3,1.2673044646258476,1.26,1.2602709344751342,18.7,1.2673044646258473,5.0,0.0,30.0,0.0,6.0,0.0,1.5,0.0,0.63,0.7608474807008886
10.0,10.0,405.0,405.0,100,10.83,1.5702730895476673,0.36099999999999993,0.05234243631825557,0.948,0.05813602996247663,0.33333333333333326,0.0,0.0,0.0,4.74,0.4408440022768081,3.31,0.7204796382208931,1.69,0.720479638220893,0.0,0.0,0.0,0.0,1.3,1.2673044646258476,1.25,1.2583057392117918,18.7,1.2673044646258473,5.0,0.0,30.0,0.0,6.0,0.0,1.5,0.0,0.63,0.7608474807008886
10.0,10.0,406.0,406.0,100,10.83,1.5702730895476673,0.36099999999999993,0.05234243631825557,0.948,0.05813602996247663,0.33333333333333326,0.0,0.0,0.0,4.74,0.4408440022768081,3.31,0.7204796382208931,1.69,0.720479638220893,0.0,0.0,0.0,0.0,1.3,1.2673044646258476,1.23,1.2379112417391818,18.7,1.2673044646258473,5.0,0.0,30.0,0.0,6.0,0.0,1.5,0.0,0.63,0.7608474807008886
10.0,10.0,407.0,407.0,100,10.82,1.5594611864099706,0.36066666666666664,0.05198203954699902,0.9484999999999999,0.05749615709600148,0.33333333333333326,0.0,0.0003333333333333327,0.003333333333333328,4.74,0.4408440022768081,3.31,0.7204796382208931,1.69,0.720479638220893,0.0,0.0,0.0,0.0,1.29,1.2576633777434931,1.23,1.2379112417391818,18.71,1.2576633777434927,5.0,0.0,30.0,0.0,6.0,0.0,1.5,0.0,0.63,0.7608474807008886
10.0,10.0,408.0,408.0,100,10.82,1.5594611864099706,0.36066666666666664,0.05198203954699902,0.9484999999999999,0.05749615709600148,0.33333333333333326,0.0,0.0,0.0,4.74,0.4408440022768081,3.31,0.7204796382208931,1.69,0.720479638220893,0.0,0.0,0.0,0.0,1.29,1.2576633777434931,1.23,1.2379112417391818,18.71,1.2576633777434927,5.0,0.0,30.0,0.0,6.0,0.0,1.5,0.0,0.63,0.7608474807008886
10.0,10.0,409.0,409.0,100,10.81,1.5485085688748348,0.36033333333333334,0.05161695229582782,0.949,0.05684464030419342,0.33333333333333326,0.0,0.0003333333333333327,0.003333333333333328,4.74,0.4408440022768081,3.31,0.7204796382208931,1.69,0.720479638220893,0.0,0.0,0.0,0.0,1.28,1.2478668667657289,1.22,1.219206564313302,18.72,1.2478668667657289,5.0,0.0,30.0,0.0,6.0,0.0,1.5,0.0,0.63,0.7608474807008886
10.0,10.0,410.0,410.0,100,10.79,1.5261690336237064,0.35966666666666663,0.05087230112079023,0.95,0.055505027527315766,0.33333333333333326,0.0,0.000666666666666666,0.0046901764712096485,4.74,0.4408440022768081,3.31,0.7204796382208931,1.69,0.720479638220893,0.0,0.0,0.0,0.0,1.26,1.2277926321145387,1.22,1.219206564313302,18.74,1.2277926321145383,5.0,0.0,30.0,0.0,6.0,0.0,1.5,0.0,0.63,0.7608474807008886
10.0,10.0,411.0,411.0,100,10.79,1.5261690336237064,0.35966666666666663,0.05087230112079023,0.95,0.055505027527315766,0.33333333333333326,0.0,0.0,0.0,4.74,0.4408440022768081,3.31,0.7204796382208931,1.69,0.720479638220893,0.0,0.0,0.0,0.0,1.26,1.2277926321145387,1.22,1.219206564313302,18.74,1.2277926321145383,5.0,0.0,30.0,0.0,6.0,0.0,1.5,0.0,0.63,0.7608474807008886
10.0,10.0,412.0,412.0,100,10.77,1.5232540924950861,0.359,0.05077513641650289,0.951,0.0554959275965181,0.33333333333333326,0.0,0.0006666666666666671,0.00469017647120966,4.75,0.4351941398892445,3.31,0.7204796382208931,1.69,0.720479638220893,0.0,0.0,0.0,0.0,1.24,1.2318992481431903,1.21,1.2251159499855881,18.76,1.2318992481431905,5.0,0.0,30.0,0.0,6.0,0.0,1.5,0.0,0.63,0.7608474807008886
10.0,10.0,413.0,413.0,100,10.76,1.518372334262761,0.3586666666666666,0.05061241114209204,0.9515,0.05525651842346591,0.33333333333333326,0.0,0.00033333333333333435,0.003333333333333344,4.75,0.4351941398892445,3.31,0.7204796382208931,1.69,0.720479638220893,0.0,0.0,0.0,0.0,1.23,1.2131851391350712,1.21,1.2251159499855881,18.77,1.213185139135071,5.0,0.0,30.0,0.0,6.0,0.0,1.5,0.0,0.63,0.7608474807008886
10.0,10.0,414.0,414.0,100,10.76,1.518372334262761,0.3586666666666666,0.05061241114209204,0.9515,0.05525651842346591,0.33333333333333326,0.0,0.0,0.0,4.75,0.4351941398892445,3.31,0.7204796382208931,1.69,0.720479638220893,0.0,0.0,0.0,0.0,1.23,1.2131851391350712,1.21,1.2251159499855881,18.77,1.213185139135071,5.0,0.0,30.0,0.0,6.0,0.0,1.5,0.0,0.63,0.7608474807008886
10.0,10.0,415.0,415.0,100,10.75,1.5200677815828016,0.3583333333333333,0.050668926052760084,0.9520000000000001,0.05546861884676484,0.33333333333333326,0.0,0.0003333333333333327,0.0033333333333333275,4.75,0.4351941398892445,3.3,0.7177405625652735,1.7,0.7177405625652735,0.0,0.0,0.0,0.0,1.22,1.219206564313302,1.21,1.2251159499855881,18.78,1.2192065643133028,5.0,0.0,30.0,0.0,6.0,0.0,1.5,0.0,0.63,0.7608474807008886
10.0,10.0,416.0,416.0,100,10.74,1.5216949614017765,0.358,0.05072316538005924,0.9525,0.05567537583840343,0.33333333333333326,0.0,0.0003333333333333327,0.003333333333333328,4.75,0.4351941398892445,3.3,0.7177405625652735,1.7,0.7177405625652735,0.0,0.0,0.0,0.0,1.21,1.2251159499855881,1.21,1.2251159499855881,18.79,1.2251159499855886,5.0,0.0,30.0,0.0,6.0,0.0,1.5,0.0,0.63,0.7608474807008886
10.0,10.0,417.0,417.0,100,10.74,1.5216949614017765,0.358,0.05072316538005924,0.9525,0.05567537583840343,0.33333333333333326,0.0,0.0,0.0,4.75,0.4351941398892445,3.3,0.7177405625652735,1.7,0.7177405625652735,0.0,0.0,0.0,0.0,1.21,1.2251159499855881,1.21,1.2251159499855881,18.79,1.2251159499855886,5.0,0.0,30.0,0.0,6.0,0.0,1.5,0.0,0.63,0.7608474807008886
10.0,10.0,418.0,418.0,100,10.74,1.5216949614017765,0.358,0.05072316538005924,0.9525,0.05567537583840343,0.33333333333333326,0.0,0.0,0.0,4.75,0.4351941398892445,3.3,0.7177405625652735,1.7,0.7177405625652735,0.0,0.0,0.0,0.0,1.21,1.2251159499855881,1.21,1.2251159499855881,18.79,1.2251159499855886,5.0,0.0,30.0,0.0,6.0,0.0,1.5,0.0,0.63,0.7608474807008886
10.0,10.0,419.0,419.0,100,10.74,1.5216949614017765,0.358,0.05072316538005924,0.9525,0.05567537583840343,0.33333333333333326,0.0,0.0,0.0,4.75,0.4351941398892445,3.3,0.7177405625652735,1.7,0.7177405625652735,0.0,0.0,0.0,0.0,1.21,1.2251159499855881,1.19,1.1950656125007606,18.79,1.2251159499855886,5.0,0.0,30.0,0.0,6.0,0.0,1.5,0.0,0.63,0.7608474807008886
10.0,10.0,420.0,420.0,100,10.74,1.5216949614017765,0.358,0.05072316538005924,0.9525,0.05567537583840343,0.33333333333333326,0.0,0.0,0.0,4.75,0.4351941398892445,3.3,0.7177405625652735,1.7,0.7177405625652735,0.0,0.0,0.0,0.0,1.21,1.2251159499855881,1.18,1.2008414558217926,18.79,1.2251159499855886,5.0,0.0,30.0,0.0,6.0,0.0,1.5,0.0,0.63,0.7608474807008886
10.0,10.0,421.0,421.0,100,10.74,1.5216949614017765,0.358,0.05072316538005924,0.9525,0.05567537583840343,0.33333333333333326,0.0,0.0,0.0,4.75,0.4351941398892445,3.3,0.7177405625652735,1.7,0.7177405625652735,0.0,0.0,0.0,0.0,1.21,1.2251159499855881,1.17,1.206505932706742,18.79,1.2251159499855886,5.0,0.0,30.0,0.0,6.0,0.0,1.5,0.0,0.63,0.7608474807008886
10.0,10.0,422.0,422.0,100,10.74,1.5216949614017765,0.358,0.05072316538005924,0.9525,0.05567537583840343,0.33333333333333326,0.0,0.0,0.0,4.75,0.4351941398892445,3.3,0.7177405625652735,1.7,0.7177405625652735,0.0,0.0,0.0,0.0,1.21,1.2251159499855881,1.16,1.2036980056845192,18.79,1.2251159499855886,5.0,0.0,30.0,0.0,6.0,0.0,1.5,0.0,0.63,0.7608474807008886
10.0,10.0,423.0,423.0,100,10.74,1.5216949614017765,0.358,0.05072316538005924,0.9525,0.05567537583840343,0.33333333333333326,0.0,0.0,0.0,4.75,0.4351941398892445,3.3,0.7177405625652735,1.7,0.7177405625652735,0.0,0.0,0.0,0.0,1.21,1.2251159499855881,1.15,1.2007993970348219,18.79,1.2251159499855886,5.0,0.0,30.0,0.0,6.0,0.0,1.5,0.0,0.63,0.7608474807008886
10.0,10.0,424.0,424.0,100,10.74,1.5216949614017765,0.358,0.05072316538005924,0.9525,0.05567537583840343,0.33333333333333326,0.0,0.0,0.0,4.75,0.4351941398892445,3.3,0.7177405625652735,1.7,0.7177405625652735,0.0,0.0,0.0,0.0,1.21,1.2251159499855881,1.14,1.1978094484297053,18.79,1.2251159499855886,5.0,0.0,30.0,0.0,6.0,0.0,1.5,0.0,0.63,0.7608474807008886
10.0,10.0,425.0,425.0,100,10.73,1.5232540924950864,0.35766666666666663,0.05077513641650291,0.953,0.05587684871413403,0.33333333333333326,0.0,0.0003333333333333327,0.0033333333333333275,4.75,0.4351941398892445,3.3,0.7177405625652735,1.7,0.7177405625652735,0.0,0.0,0.0,0.0,1.2,1.2309149097933274,1.14,1.1978094484297053,18.8,1.230914909793328,5.0,0.0,30.0,0.0,6.0,0.0,1.5,0.0,0.63,0.7608474807008886
10.0,10.0,426.0,426.0,100,10.72,1.5181062099360718,0.3573333333333333,0.0506035403312024,0.9534999999999999,0.05562092114202056,0.33333333333333326,0.0,0.00033333333333333435,0.003333333333333344,4.75,0.4351941398892445,3.3,0.7177405625652735,1.7,0.7177405625652735,0.0,0.0,0.0,0.0,1.19,1.228409499714936,1.14,1.1978094484297053,18.81,1.2284094997149366,5.0,0.0,30.0,0.0,6.0,0.0,1.5,0.0,0.63,0.7608474807008886
10.0,10.0,427.0,427.0,100,10.69,1.5155423738281573,0.35633333333333334,0.05051807912760526,0.955,0.05573204290227127,0.33333333333333326,0.0,0.0009999999999999998,0.00571488693325884,4.75,0.4351941398892445,3.3,0.7177405625652735,1.7,0.7177405625652735,0.0,0.0,0.0,0.0,1.16,1.220365899758318,1.14,1.1978094484297053,18.84,1.220365899758318,5.0,0.0,30.0,0.0,6.0,0.0,1.5,0.0,0.63,0.7608474807008886
10.0,10.0,428.0,428.0,100,10.69,1.5155423738281573,0.35633333333333334,0.05051807912760526,0.955,0.05573204290227127,0.33333333333333326,0.0,0.0,0.0,4.75,0.4351941398892445,3.3,0.7177405625652735,1.7,0.7177405625652735,0.0,0.0,0.0,0.0,1.16,1.220365899758318,1.14,1.1978094484297053,18.84,1.220365899758318,5.0,0.0,30.0,0.0,6.0,0.0,1.5,0.0,0.63,0.7608474807008886
10.0,10.0,429.0,429.0,100,10.66,1.551929395457425,0.35533333333333333,0.05173097984858084,0.956,0.05563227026600203,0.33333333333333326,0.0,0.001,0.007423383445120457,4.75,0.4351941398892445,3.29,0.7148497051899098,1.71,0.7148497051899096,0.0,0.0,0.0,0.0,1.14,1.1978094484297053,1.14,1.1978094484297053,18.86,1.1978094484297048,5.0,0.0,30.0,0.0,6.0,0.0,1.5,0.0,0.63,0.7608474807008886
10.0,10.0,430.0,430.0,100,10.66,1.551929395457425,0.35533333333333333,0.05173097984858084,0.956,0.05563227026600203,0.33333333333333326,0.0,0.0,0.0,4.75,0.4351941398892445,3.29,0.7148497051899098,1.71,0.7148497051899096,0.0,0.0,0.0,0.0,1.14,1.1978094484297053,1.12,1.2083881910222478,18.86,1.1978094484297048,5.0,0.0,30.0,0.0,6.0,0.0,1.5,0.0,0.63,0.7608474807008886
10.0,10.0,431.0,431.0,100,10.66,1.551929395457425,0.35533333333333333,0.05173097984858084,0.956,0.05563227026600203,0.33333333333333326,0.0,0.0,0.0,4.75,0.4351941398892445,3.29,0.7148497051899098,1.71,0.7148497051899096,0.0,0.0,0.0,0.0,1.14,1.1978094484297053,1.12,1.2083881910222478,18.86,1.1978094484297048,5.0,0.0,30.0,0.0,6.0,0.0,1.5,0.0,0.63,0.7608474807008886
10.0,10.0,432.0,432.0,100,10.66,1.551929395457425,0.35533333333333333,0.05173097984858084,0.956,0.05563227026600203,0.33333333333333326,0.0,0.0,0.0,4.75,0.4351941398892445,3.29,0.7148497051899098,1.71,0.7148497051899096,0.0,0.0,0.0,0.0,1.14,1.1978094484297053,1.12,1.2083881910222478,18.86,1.1978094484297048,5.0,0.0,30.0,0.0,6.0,0.0,1.5,0.0,0.63,0.7608474807008886
10.0,10.0,433.0,433.0,100,10.66,1.551929395457425,0.35533333333333333,0.05173097984858084,0.956,0.05563227026600203,0.33333333333333326,0.0,0.0,0.0,4.75,0.4351941398892445,3.29,0.7148497051899098,1.71,0.7148497051899096,0.0,0.0,0.0,0.0,1.14,1.1978094484297053,1.12,1.2083881910222478,18.86,1.1978094484297048,5.0,0.0,30.0,0.0,6.0,0.0,1.5,0.0,0.63,0.7608474807008886
10.0,10.0,434.0,434.0,100,10.65,1.5529379129946443,0.3549999999999999,0.05176459709982149,0.9565,0.05580223014261069,0.33333333333333326,0.0,0.0003333333333333327,0.0033333333333333275,4.75,0.4351941398892445,3.28,0.7258572083190239,1.72,0.7258572083190238,0.0,0.0,0.0,0.0,1.13,1.2031524249137169,1.12,1.2083881910222478,18.87,1.2031524249137169,5.0,0.0,30.0,0.0,6.0,0.0,1.5,0.0,0.63,0.7608474807008886
10.0,10.0,435.0,435.0,100,10.65,1.5529379129946443,0.3549999999999999,0.05176459709982149,0.9565,0.05580223014261069,0.33333333333333326,0.0,0.0,0.0,4.75,0.4351941398892445,3.28,0.7258572083190239,1.72,0.7258572083190238,0.0,0.0,0.0,0.0,1.13,1.2031524249137169,1.12,1.2083881910222478,18.87,1.2031524249137169,5.0,0.0,30.0,0.0,6.0,0.0,1.5,0.0,0.63,0.7608474807008886
10.0,10.0,436.0,436.0,100,10.65,1.5529379129946443,0.3549999999999999,0.05176459709982149,0.9565,0.05580223014261069,0.33333333333333326,0.0,0.0,0.0,4.75,0.4351941398892445,3.28,0.7258572083190239,1.72,0.7258572083190238,0.0,0.0,0.0,0.0,1.13,1.2031524249137169,1.12,1.2083881910222478,18.87,1.2031524249137169,5.0,0.0,30.0,0.0,6.0,0.0,1.5,0.0,0.63,0.7608474807008886
10.0,10.0,437.0,437.0,100,10.64,1.5538807723070178,0.35466666666666663,0.05179602574356728,0.9570000000000001,0.05596716208923972,0.33333333333333326,0.0,0.0003333333333333327,0.0033333333333333266,4.75,0.4351941398892445,3.28,0.7258572083190239,1.72,0.7258572083190238,0.0,0.0,0.0,0.0,1.12,1.2083881910222478,1.1,1.201850425154663,18.88,1.2083881910222478,5.0,0.0,30.0,0.0,6.0,0.0,1.5,0.0,0.63,0.7608474807008886
10.0,10.0,438.0,438.0,100,10.64,1.5538807723070178,0.35466666666666663,0.05179602574356728,0.9570000000000001,0.05596716208923972,0.33333333333333326,0.0,0.0,0.0,4.75,0.4351941398892445,3.28,0.7258572083190239,1.72,0.7258572083190238,0.0,0.0,0.0,0.0,1.12,1.2083881910222478,1.1,1.201850425154663,18.88,1.2083881910222478,5.0,0.0,30.0,0.0,6.0,0.0,1.5,0.0,0.63,0.7608474807008886
10.0,10.0,439.0,439.0,100,10.64,1.5538807723070178,0.35466666666666663,0.05179602574356728,0.9570000000000001,0.05596716208923972,0.33333333333333326,0.0,0.0,0.0,4.75,0.4351941398892445,3.28,0.7258572083190239,1.72,0.7258572083190238,0.0,0.0,0.0,0.0,1.12,1.2083881910222478,1.1,1.201850425154663,18.88,1.2083881910222478,5.0,0.0,30.0,0.0,6.0,0.0,1.5,0.0,0.63,0.7608474807008886
10.0,10.0,440.0,440.0,100,10.64,1.5538807723070178,0.35466666666666663,0.05179602574356728,0.9570000000000001,0.05596716208923972,0.33333333333333326,0.0,0.0,0.0,4.75,0.4351941398892445,3.28,0.7258572083190239,1.72,0.7258572083190238,0.0,0.0,0.0,0.0,1.12,1.2083881910222478,1.09,1.1984417492154664,18.88,1.2083881910222478,5.0,0.0,30.0,0.0,6.0,0.0,1.5,0.0,0.63,0.7608474807008886
10.0,10.0,441.0,441.0,100,10.63,1.5482476245971468,0.3543333333333333,0.05160825415323823,0.9575,0.05567537583840341,0.33333333333333326,0.0,0.00033333333333333435,0.0033333333333333444,4.75,0.4351941398892445,3.28,0.7258572083190239,1.72,0.7258572083190238,0.0,0.0,0.0,0.0,1.11,1.2051656493711735,1.08,1.203362292944568,18.89,1.2051656493711735,5.0,0.0,30.0,0.0,6.0,0.0,1.5,0.0,0.63,0.7608474807008886
10.0,10.0,442.0,442.0,100,10.63,1.5482476245971468,0.3543333333333333,0.05160825415323823,0.9575,0.05567537583840341,0.33333333333333326,0.0,0.0,0.0,4.75,0.4351941398892445,3.28,0.7258572083190239,1.72,0.7258572083190238,0.0,0.0,0.0,0.0,1.11,1.2051656493711735,1.08,1.203362292944568,18.89,1.2051656493711735,5.0,0.0,30.0,0.0,6.0,0.0,1.5,0.0,0.63,0.7608474807008886
10.0,10.0,443.0,443.0,100,10.63,1.5482476245971468,0.3543333333333333,0.05160825415323823,0.9575,0.05567537583840341,0.33333333333333326,0.0,0.0,0.0,4.75,0.4351941398892445,3.28,0.7258572083190239,1.72,0.7258572083190238,0.0,0.0,0.0,0.0,1.11,1.2051656493711735,1.08,1.203362292944568,18.89,1.2051656493711735,5.0,0.0,30.0,0.0,6.0,0.0,1.5,0.0,0.63,0.7608474807008886
10.0,10.0,444.0,444.0,100,10.62,1.5425284241769874,0.354,0.05141761413923291,0.958,0.055377492419453805,0.33333333333333326,0.0,0.00033333333333333435,0.0033333333333333435,4.75,0.4351941398892445,3.28,0.7258572083190239,1.72,0.7258572083190238,0.0,0.0,0.0,0.0,1.1,1.2018504251546633,1.08,1.203362292944568,18.9,1.2018504251546631,5.0,0.0,30.0,0.0,6.0,0.0,1.5,0.0,0.63,0.7608474807008886
10.0,10.0,445.0,445.0,100,10.61,1.5432813002551324,0.3536666666666666,0.05144271000850441,0.9584999999999999,0.055530044647792765,0.33333333333333326,0.0,0.0003333333333333327,0.003333333333333328,4.75,0.4351941398892445,3.28,0.7258572083190239,1.72,0.7258572083190238,0.0,0.0,0.0,0.0,1.09,1.2068407709655185,1.08,1.203362292944568,18.91,1.2068407709655182,5.0,0.0,30.0,0.0,6.0,0.0,1.5,0.0,0.63,0.7608474807008886
10.0,10.0,446.0,446.0,100,10.61,1.5432813002551324,0.3536666666666666,0.05144271000850441,0.9584999999999999,0.055530044647792765,0.33333333333333326,0.0,0.0,0.0,4.75,0.4351941398892445,3.28,0.7258572083190239,1.72,0.7258572083190238,0.0,0.0,0.0,0.0,1.09,1.2068407709655185,1.08,1.203362292944568,18.91,1.2068407709655182,5.0,0.0,30.0,0.0,6.0,0.0,1.5,0.0,0.63,0.7608474807008886
10.0,10.0,447.0,447.0,100,10.6,1.537412229571615,0.3533333333333333,0.05124707431905382,0.959,0.055222232384203276,0.33333333333333326,0.0,0.00033333333333333435,0.0033333333333333435,4.75,0.4351941398892445,3.28,0.7258572083190239,1.72,0.7258572083190238,0.0,0.0,0.0,0.0,1.08,1.203362292944568,1.07,1.1913408115618844,18.92,1.2033622929445675,5.0,0.0,30.0,0.0,6.0,0.0,1.5,0.0,0.63,0.7608474807008886
10.0,10.0,448.0,448.0,100,10.6,1.537412229571615,0.3533333333333333,0.05124707431905382,0.959,0.055222232384203276,0.33333333333333326,0.0,0.0,0.0,4.75,0.4351941398892445,3.28,0.7258572083190239,1.72,0.7258572083190238,0.0,0.0,0.0,0.0,1.08,1.203362292944568,1.07,1.1913408115618844,18.92,1.2033622929445675,5.0,0.0,30.0,0.0,6.0,0.0,1.5,0.0,0.63,0.7608474807008886
10.0,10.0,449.0,449.0,100,10.6,1.537412229571615,0.3533333333333333,0.05124707431905382,0.959,0.055222232384203276,0.33333333333333326,0.0,0.0,0.0,4.75,0.4351941398892445,3.28,0.7258572083190239,1.72,0.7258572083190238,0.0,0.0,0.0,0.0,1.08,1.203362292944568,1.07,1.1913408115618844,18.92,1.2033622929445675,5.0,0.0,30.0,0.0,6.0,0.0,1.5,0.0,0.63,0.7608474807008886
10.0,10.0,450.0,450.0,100,10.6,1.537412229571615,0.3533333333333333,0.05124707431905382,0.959,0.055222232384203276,0.33333333333333326,0.0,0.0,0.0,4.75,0.4351941398892445,3.28,0.7258572083190239,1.72,0.7258572083190238,0.0,0.0,0.0,0.0,1.08,1.203362292944568,1.06,1.1876468542900496,18.92,1.2033622929445675,5.0,0.0,30.0,0.0,6.0,0.0,1.5,0.0,0.63,0.7608474807008886
10.0,10.0,451.0,451.0,100,10.6,1.537412229571615,0.3533333333333333,0.05124707431905382,0.959,0.055222232384203276,0.33333333333333326,0.0,0.0,0.0,4.75,0.4351941398892445,3.28,0.7258572083190239,1.72,0.7258572083190238,0.0,0.0,0.0,0.0,1.08,1.203362292944568,1.06,1.1876468542900496,18.92,1.2033622929445675,5.0,0.0,30.0,0.0,6.0,0.0,1.5,0.0,0.63,0.7608474807008886
10.0,10.0,452.0,452.0,100,10.6,1.537412229571615,0.3533333333333333,0.05124707431905382,0.959,0.055222232384203276,0.33333333333333326,0.0,0.0,0.0,4.75,0.4351941398892445,3.28,0.7258572083190239,1.72,0.7258572083190238,0.0,0.0,0.0,0.0,1.08,1.203362292944568,1.05,1.1492202011394816,18.92,1.2033622929445675,5.0,0.0,30.0,0.0,6.0,0.0,1.5,0.0,0.63,0.7608474807008886
10.0,10.0,453.0,453.0,100,10.6,1.537412229571615,0.3533333333333333,0.05124707431905382,0.959,0.055222232384203276,0.33333333333333326,0.0,0.0,0.0,4.75,0.4351941398892445,3.28,0.7258572083190239,1.72,0.7258572083190238,0.0,0.0,0.0,0.0,1.08,1.203362292944568,1.05,1.1492202011394816,18.92,1.2033622929445675,5.0,0.0,30.0,0.0,6.0,0.0,1.5,0.0,0.63,0.7608474807008886
10.0,10.0,454.0,454.0,100,10.6,1.537412229571615,0.3533333333333333,0.05124707431905382,0.959,0.055222232384203276,0.33333333333333326,0.0,0.0,0.0,4.75,0.4351941398892445,3.28,0.7258572083190239,1.72,0.7258572083190238,0.0,0.0,0.0,0.0,1.08,1.203362292944568,1.05,1.1492202011394816,18.92,1.2033622929445675,5.0,0.0,30.0,0.0,6.0,0.0,1.5,0.0,0.63,0.7608474807008886
10.0,10.0,455.0,455.0,100,10.6,1.537412229571615,0.3533333333333333,0.05124707431905382,0.959,0.055222232384203276,0.33333333333333326,0.0,0.0,0.0,4.75,0.4351941398892445,3.28,0.7258572083190239,1.72,0.7258572083190238,0.0,0.0,0.0,0.0,1.08,1.203362292944568,1.05,1.1492202011394816,18.92,1.2033622929445675,5.0,0.0,30.0,0.0,6.0,0.0,1.5,0.0,0.63,0.7608474807008886
10.0,10.0,456.0,456.0,100,10.59,1.5380362660079103,0.353,0.05126787553359703,0.9595,0.05536609107029357,0.33333333333333326,0.0,0.0003333333333333327,0.0033333333333333266,4.75,0.4351941398892445,3.27,0.7227193316379688,1.73,0.7227193316379689,0.0,0.0,0.0,0.0,1.07,1.1913408115618844,1.04,1.145214019960964,18.93,1.1913408115618842,5.0,0.0,30.0,0.0,6.0,0.0,1.5,0.0,0.63,0.7608474807008886
10.0,10.0,457.0,457.0,100,10.59,1.5380362660079103,0.353,0.05126787553359703,0.9595,0.05536609107029357,0.33333333333333326,0.0,0.0,0.0,4.75,0.4351941398892445,3.27,0.7227193316379688,1.73,0.7227193316379689,0.0,0.0,0.0,0.0,1.07,1.1913408115618844,1.04,1.145214019960964,18.93,1.1913408115618842,5.0,0.0,30.0,0.0,6.0,0.0,1.5,0.0,0.63,0.7608474807008886
10.0,10.0,458.0,458.0,100,10.59,1.5380362660079103,0.353,0.05126787553359703,0.9595,0.05536609107029357,0.33333333333333326,0.0,0.0,0.0,4.75,0.4351941398892445,3.27,0.7227193316379688,1.73,0.7227193316379689,0.0,0.0,0.0,0.0,1.07,1.1913408115618844,1.04,1.145214019960964,18.93,1.1913408115618842,5.0,0.0,30.0,0.0,6.0,0.0,1.5,0.0,0.63,0.7608474807008886
10.0,10.0,459.0,459.0,100,10.58,1.5320152437461927,0.3526666666666667,0.05106717479153975,0.96,0.055048188256318034,0.33333333333333326,0.0,0.00033333333333333435,0.003333333333333344,4.75,0.4351941398892445,3.27,0.7227193316379688,1.73,0.7227193316379689,0.0,0.0,0.0,0.0,1.06,1.1876468542900496,1.04,1.145214019960964,18.94,1.1876468542900507,5.0,0.0,30.0,0.0,6.0,0.0,1.5,0.0,0.63,0.7608474807008886
10.0,10.0,460.0,460.0,100,10.56,1.4928787186797419,0.352,0.04976262395599141,0.961,0.05250300616693922,0.33333333333333326,0.0,0.0006666666666666676,0.004690176471209663,4.75,0.4351941398892445,3.27,0.7227193316379688,1.73,0.7227193316379689,0.0,0.0,0.0,0.0,1.04,1.145214019960964,1.03,1.1411052590016453,18.96,1.1452140199609642,5.0,0.0,30.0,0.0,6.0,0.0,1.5,0.0,0.63,0.7608474807008886
10.0,10.0,461.0,461.0,100,10.56,1.4928787186797419,0.352,0.04976262395599141,0.961,0.05250300616693922,0.33333333333333326,0.0,0.0,0.0,4.75,0.4351941398892445,3.27,0.7227193316379688,1.73,0.7227193316379689,0.0,0.0,0.0,0.0,1.04,1.145214019960964,1.01,1.1325755042059105,18.96,1.1452140199609642,5.0,0.0,30.0,0.0,6.0,0.0,1.5,0.0,0.63,0.7608474807008886
10.0,10.0,462.0,462.0,100,10.56,1.4928787186797419,0.352,0.04976262395599141,0.961,0.05250300616693922,0.33333333333333326,0.0,0.0,0.0,4.75,0.4351941398892445,3.27,0.7227193316379688,1.73,0.7227193316379689,0.0,0.0,0.0,0.0,1.04,1.145214019960964,1.01,1.1325755042059105,18.96,1.1452140199609642,5.0,0.0,30.0,0.0,6.0,0.0,1.5,0.0,0.63,0.7608474807008886
10.0,10.0,463.0,463.0,100,10.56,1.4928787186797419,0.352,0.04976262395599141,0.961,0.05250300616693922,0.33333333333333326,0.0,0.0,0.0,4.75,0.4351941398892445,3.27,0.7227193316379688,1.73,0.7227193316379689,0.0,0.0,0.0,0.0,1.04,1.145214019960964,1.01,1.1325755042059105,18.96,1.1452140199609642,5.0,0.0,30.0,0.0,6.0,0.0,1.5,0.0,0.63,0.7608474807008886
10.0,10.0,464.0,464.0,100,10.56,1.4928787186797419,0.352,0.04976262395599141,0.961,0.05250300616693922,0.33333333333333326,0.0,0.0,0.0,4.75,0.4351941398892445,3.27,0.7227193316379688,1.73,0.7227193316379689,0.0,0.0,0.0,0.0,1.04,1.145214019960964,1.01,1.1325755042059105,18.96,1.1452140199609642,5.0,0.0,30.0,0.0,6.0,0.0,1.5,0.0,0.63,0.7608474807008886
10.0,10.0,465.0,465.0,100,10.56,1.4928787186797419,0.352,0.04976262395599141,0.961,0.05250300616693922,0.33333333333333326,0.0,0.0,0.0,4.75,0.4351941398892445,3.27,0.7227193316379688,1.73,0.7227193316379689,0.0,0.0,0.0,0.0,1.04,1.145214019960964,1.01,1.1325755042059105,18.96,1.1452140199609642,5.0,0.0,30.0,0.0,6.0,0.0,1.5,0.0,0.63,0.7608474807008886
10.0,10.0,466.0,466.0,100,10.56,1.4928787186797419,0.352,0.04976262395599141,0.961,0.05250300616693922,0.33333333333333326,0.0,0.0,0.0,4.75,0.4351941398892445,3.27,0.7227193316379688,1.73,0.7227193316379689,0.0,0.0,0.0,0.0,1.04,1.145214019960964,1.0,1.1281521496355322,18.96,1.1452140199609642,5.0,0.0,30.0,0.0,6.0,0.0,1.5,0.0,0.63,0.7608474807008886
10.0,10.0,467.0,467.0,100,10.56,1.4928787186797419,0.352,0.04976262395599141,0.961,0.05250300616693922,0.33333333333333326,0.0,0.0,0.0,4.75,0.4351941398892445,3.27,0.7227193316379688,1.73,0.7227193316379689,0.0,0.0,0.0,0.0,1.04,1.145214019960964,1.0,1.1281521496355322,18.96,1.1452140199609642,5.0,0.0,30.0,0.0,6.0,0.0,1.5,0.0,0.63,0.7608474807008886
10.0,10.0,468.0,468.0,100,10.56,1.4928787186797419,0.352,0.04976262395599141,0.961,0.05250300616693922,0.33333333333333326,0.0,0.0,0.0,4.75,0.4351941398892445,3.27,0.7227193316379688,1.73,0.7227193316379689,0.0,0.0,0.0,0.0,1.04,1.145214019960964,0.99,1.1325755042059105,18.96,1.1452140199609642,5.0,0.0,30.0,0.0,6.0,0.0,1.5,0.0,0.63,0.7608474807008886
10.0,10.0,469.0,469.0,100,10.56,1.4928787186797419,0.352,0.04976262395599141,0.961,0.05250300616693922,0.33333333333333326,0.0,0.0,0.0,4.75,0.4351941398892445,3.27,0.7227193316379688,1.73,0.7227193316379689,0.0,0.0,0.0,0.0,1.04,1.145214019960964,0.99,1.1325755042059105,18.96,1.1452140199609642,5.0,0.0,30.0,0.0,6.0,0.0,1.5,0.0,0.63,0.7608474807008886
10.0,10.0,470.0,470.0,100,10.54,1.4799672396046575,0.3513333333333333,0.049332241320155255,0.9620000000000001,0.05179602574356727,0.33333333333333326,0.0,0.0006666666666666687,0.004690176471209671,4.75,0.4351941398892445,3.26,0.7052472881009451,1.74,0.705247288100945,0.0,0.0,0.0,0.0,1.02,1.1368928060838683,0.99,1.1325755042059105,18.98,1.1368928060838686,5.0,0.0,30.0,0.0,6.0,0.0,1.5,0.0,0.63,0.7608474807008886
10.0,10.0,471.0,471.0,100,10.52,1.480376692438499,0.3506666666666666,0.04934588974794997,0.963,0.0520392237459477,0.33333333333333326,0.0,0.0006666666666666655,0.004690176471209648,4.75,0.4351941398892445,3.26,0.7052472881009451,1.74,0.705247288100945,0.0,0.0,0.0,0.0,1.0,1.1281521496355322,0.98,1.1368928060838686,19.0,1.128152149635533,5.0,0.0,30.0,0.0,6.0,0.0,1.5,0.0,0.63,0.7608474807008886
10.0,10.0,472.0,472.0,100,10.52,1.480376692438499,0.3506666666666666,0.04934588974794997,0.963,0.0520392237459477,0.33333333333333326,0.0,0.0,0.0,4.75,0.4351941398892445,3.26,0.7052472881009451,1.74,0.705247288100945,0.0,0.0,0.0,0.0,1.0,1.1281521496355322,0.97,1.1411052590016455,19.0,1.128152149635533,5.0,0.0,30.0,0.0,6.0,0.0,1.5,0.0,0.63,0.7608474807008886
10.0,10.0,473.0,473.0,100,10.52,1.480376692438499,0.3506666666666666,0.04934588974794997,0.963,0.0520392237459477,0.33333333333333326,0.0,0.0,0.0,4.75,0.4351941398892445,3.26,0.7052472881009451,1.74,0.705247288100945,0.0,0.0,0.0,0.0,1.0,1.1281521496355322,0.96,1.127435635019184,19.0,1.128152149635533,5.0,0.0,30.0,0.0,6.0,0.0,1.5,0.0,0.63,0.7608474807008886
10.0,10.0,474.0,474.0,100,10.52,1.480376692438499,0.3506666666666666,0.04934588974794997,0.963,0.0520392237459477,0.33333333333333326,0.0,0.0,0.0,4.75,0.4351941398892445,3.26,0.7052472881009451,1.74,0.705247288100945,0.0,0.0,0.0,0.0,1.0,1.1281521496355322,0.95,1.1225422086055428,19.0,1.128152149635533,5.0,0.0,30.0,0.0,6.0,0.0,1.5,0.0,0.63,0.7608474807008886
10.0,10.0,475.0,475.0,100,10.51,1.4804790379529802,0.35033333333333333,0.049349301265099337,0.9634999999999999,0.05215313504430481,0.33333333333333326,0.0,0.0003333333333333327,0.0033333333333333275,4.75,0.4351941398892445,3.26,0.7052472881009451,1.74,0.705247288100945,0.0,0.0,0.0,0.0,0.99,1.132575504205911,0.95,1.1225422086055428,19.01,1.1325755042059105,5.0,0.0,30.0,0.0,6.0,0.0,1.5,0.0,0.63,0.7608474807008886
10.0,10.0,476.0,476.0,100,10.49,1.4804790379529797,0.3496666666666666,0.049349301265099337,0.9645,0.05236574946634218,0.33333333333333326,0.0,0.0006666666666666655,0.004690176471209647,4.75,0.4351941398892445,3.26,0.7052472881009451,1.74,0.705247288100945,0.0,0.0,0.0,0.0,0.97,1.1411052590016455,0.95,1.1225422086055428,19.03,1.141105259001645,5.0,0.0,30.0,0.0,6.0,0.0,1.5,0.0,0.63,0.7608474807008886
10.0,10.0,477.0,477.0,100,10.48,1.4666666666666666,0.3493333333333333,0.048888888888888885,0.965,0.05149286505444371,0.33333333333333326,0.0,0.0003333333333333327,0.003333333333333328,4.75,0.4351941398892445,3.26,0.7052472881009451,1.74,0.705247288100945,0.0,0.0,0.0,0.0,0.96,1.127435635019184,0.95,1.1225422086055428,19.04,1.1274356350191839,5.0,0.0,30.0,0.0,6.0,0.0,1.5,0.0,0.63,0.7608474807008886
10.0,10.0,478.0,478.0,100,10.47,1.4733662412340252,0.349,0.0491122080411342,0.965,0.05149286505444371,0.33333333333333326,0.0,0.00033333333333333327,0.0033333333333333335,4.75,0.4351941398892445,3.26,0.7052472881009451,1.74,0.705247288100945,0.0,0.0,0.0,0.0,0.95,1.1225422086055428,0.95,1.1225422086055428,19.05,1.1225422086055423,5.0,0.0,30.0,0.0,6.0,0.0,1.5,0.0,0.63,0.7608474807008886
10.0,10.0,479.0,479.0,100,10.47,1.4733662412340252,0.349,0.0491122080411342,0.965,0.05149286505444371,0.33333333333333326,0.0,0.0,0.0,4.75,0.4351941398892445,3.26,0.7052472881009451,1.74,0.705247288100945,0.0,0.0,0.0,0.0,0.95,1.1225422086055428,0.95,1.1225422086055428,19.05,1.1225422086055423,5.0,0.0,30.0,0.0,6.0,0.0,1.5,0.0,0.63,0.7608474807008886
10.0,10.0,480.0,480.0,100,10.47,1.4733662412340252,0.349,0.0491122080411342,0.965,0.05149286505444371,0.33333333333333326,0.0,0.0,0.0,4.75,0.4351941398892445,3.26,0.7052472881009451,1.74,0.705247288100945,0.0,0.0,0.0,0.0,0.95,1.1225422086055428,0.94,1.0993110790330682,19.05,1.1225422086055423,5.0,0.0,30.0,0.0,6.0,0.0,1.5,0.0,0.63,0.7608474807008886
10.0,10.0,481.0,481.0,100,10.47,1.4733662412340252,0.349,0.0491122080411342,0.965,0.05149286505444371,0.33333333333333326,0.0,0.0,0.0,4.75,0.4351941398892445,3.26,0.7052472881009451,1.74,0.705247288100945,0.0,0.0,0.0,0.0,0.95,1.1225422086055428,0.94,1.0993110790330682,19.05,1.1225422086055423,5.0,0.0,30.0,0.0,6.0,0.0,1.5,0.0,0.63,0.7608474807008886
10.0,10.0,482.0,482.0,100,10.47,1.4733662412340252,0.349,0.0491122080411342,0.965,0.05149286505444371,0.33333333333333326,0.0,0.0,0.0,4.75,0.4351941398892445,3.26,0.7052472881009451,1.74,0.705247288100945,0.0,0.0,0.0,0.0,0.95,1.1225422086055428,0.93,1.0754843869934452,19.05,1.1225422086055423,5.0,0.0,30.0,0.0,6.0,0.0,1.5,0.0,0.63,0.7608474807008886
10.0,10.0,483.0,483.0,100,10.47,1.4733662412340252,0.349,0.0491122080411342,0.965,0.05149286505444371,0.33333333333333326,0.0,0.0,0.0,4.75,0.4351941398892445,3.26,0.7052472881009451,1.74,0.705247288100945,0.0,0.0,0.0,0.0,0.95,1.1225422086055428,0.92,1.060588744447387,19.05,1.1225422086055423,5.0,0.0,30.0,0.0,6.0,0.0,1.5,0.0,0.63,0.7608474807008886
10.0,10.0,484.0,484.0,100,10.47,1.4733662412340252,0.349,0.0491122080411342,0.965,0.05149286505444371,0.33333333333333326,0.0,0.0,0.0,4.75,0.4351941398892445,3.26,0.7052472881009451,1.74,0.705247288100945,0.0,0.0,0.0,0.0,0.95,1.1225422086055428,0.91,1.0550025132815102,19.05,1.1225422086055423,5.0,0.0,30.0,0.0,6.0,0.0,1.5,0.0,0.63,0.7608474807008886
10.0,10.0,485.0,485.0,100,10.47,1.4733662412340252,0.349,0.0491122080411342,0.965,0.05149286505444371,0.33333333333333326,0.0,0.0,0.0,4.75,0.4351941398892445,3.26,0.7052472881009451,1.74,0.705247288100945,0.0,0.0,0.0,0.0,0.95,1.1225422086055428,0.91,1.0550025132815102,19.05,1.1225422086055423,5.0,0.0,30.0,0.0,6.0,0.0,1.5,0.0,0.63,0.7608474807008886
10.0,10.0,486.0,486.0,100,10.47,1.4733662412340252,0.349,0.0491122080411342,0.965,0.05149286505444371,0.33333333333333326,0.0,0.0,0.0,4.75,0.4351941398892445,3.26,0.7052472881009451,1.74,0.705247288100945,0.0,0.0,0.0,0.0,0.95,1.1225422086055428,0.91,1.0550025132815102,19.05,1.1225422086055423,5.0,0.0,30.0,0.0,6.0,0.0,1.5,0.0,0.63,0.7608474807008886
10.0,10.0,487.0,487.0,100,10.47,1.4733662412340252,0.349,0.0491122080411342,0.965,0.05149286505444371,0.33333333333333326,0.0,0.0,0.0,4.75,0.4351941398892445,3.26,0.7052472881009451,1.74,0.705247288100945,0.0,0.0,0.0,0.0,0.95,1.1225422086055428,0.91,1.0550025132815102,19.05,1.1225422086055423,5.0,0.0,30.0,0.0,6.0,0.0,1.5,0.0,0.63,0.7608474807008886
10.0,10.0,488.0,488.0,100,10.47,1.4733662412340252,0.349,0.0491122080411342,0.965,0.05149286505444371,0.33333333333333326,0.0,0.0,0.0,4.75,0.4351941398892445,3.26,0.7052472881009451,1.74,0.705247288100945,0.0,0.0,0.0,0.0,0.95,1.1225422086055428,0.91,1.0550025132815102,19.05,1.1225422086055423,5.0,0.0,30.0,0.0,6.0,0.0,1.5,0.0,0.63,0.7608474807008886
10.0,10.0,489.0,489.0,100,10.47,1.4733662412340252,0.349,0.0491122080411342,0.965,0.05149286505444371,0.33333333333333326,0.0,0.0,0.0,4.75,0.4351941398892445,3.26,0.7052472881009451,1.74,0.705247288100945,0.0,0.0,0.0,0.0,0.95,1.1225422086055428,0.91,1.0550025132815102,19.05,1.1225422086055423,5.0,0.0,30.0,0.0,6.0,0.0,1.5,0.0,0.63,0.7608474807008886
10.0,10.0,490.0,490.0,100,10.46,1.452410048675976,0.3486666666666666,0.04841366828919919,0.9655,0.050098388046408066,0.33333333333333326,0.0,0.0003333333333333338,0.003333333333333339,4.75,0.4351941398892445,3.26,0.7052472881009451,1.74,0.705247288100945,0.0,0.0,0.0,0.0,0.94,1.0993110790330682,0.91,1.0550025132815102,19.06,1.099311079033068,5.0,0.0,30.0,0.0,6.0,0.0,1.5,0.0,0.63,0.7608474807008886
10.0,10.0,491.0,491.0,100,10.46,1.452410048675976,0.3486666666666666,0.04841366828919919,0.9655,0.050098388046408066,0.33333333333333326,0.0,0.0,0.0,4.75,0.4351941398892445,3.26,0.7052472881009451,1.74,0.705247288100945,0.0,0.0,0.0,0.0,0.94,1.0993110790330682,0.9,1.0200019805882932,19.06,1.099311079033068,5.0,0.0,30.0,0.0,6.0,0.0,1.5,0.0,0.63,0.7608474807008886
10.0,10.0,492.0,492.0,100,10.44,1.4447396745686496,0.348,0.0481579891522883,0.966,0.0491750121319946,0.33333333333333326,0.0,0.000666666666666666,0.004690176471209649,4.75,0.4351941398892445,3.26,0.7052472881009451,1.74,0.705247288100945,0.0,0.0,0.0,0.0,0.92,1.0700703271516807,0.9,1.0200019805882932,19.08,1.0700703271516807,5.0,0.0,30.0,0.0,6.0,0.0,1.5,0.0,0.63,0.7608474807008886
10.0,10.0,493.0,493.0,100,10.43,1.4512620770080142,0.3476666666666667,0.04837540256693381,0.966,0.0491750121319946,0.33333333333333326,0.0,0.00033333333333333327,0.0033333333333333335,4.76,0.4292346959909278,3.26,0.7052472881009451,1.74,0.705247288100945,0.0,0.0,0.0,0.0,0.91,1.0550025132815102,0.9,1.0200019805882932,19.09,1.0550025132815102,5.0,0.0,30.0,0.0,6.0,0.0,1.5,0.0,0.63,0.7608474807008886
10.0,10.0,494.0,494.0,100,10.43,1.4512620770080142,0.3476666666666667,0.04837540256693381,0.966,0.0491750121319946,0.33333333333333326,0.0,0.0,0.0,4.76,0.4292346959909278,3.26,0.7052472881009451,1.74,0.705247288100945,0.0,0.0,0.0,0.0,0.91,1.0550025132815102,0.9,1.0200019805882932,19.09,1.0550025132815102,5.0,0.0,30.0,0.0,6.0,0.0,1.5,0.0,0.63,0.7608474807008886
10.0,10.0,495.0,495.0,100,10.43,1.4512620770080142,0.3476666666666667,0.04837540256693381,0.966,0.0491750121319946,0.33333333333333326,0.0,0.0,0.0,4.76,0.4292346959909278,3.26,0.7052472881009451,1.74,0.705247288100945,0.0,0.0,0.0,0.0,0.91,1.0550025132815102,0.89,1.0239061667867024,19.09,1.0550025132815102,5.0,0.0,30.0,0.0,6.0,0.0,1.5,0.0,0.63,0.7608474807008886
10.0,10.0,496.0,496.0,100,10.43,1.4512620770080142,0.3476666666666667,0.04837540256693381,0.966,0.0491750121319946,0.33333333333333326,0.0,0.0,0.0,4.76,0.4292346959909278,3.26,0.7052472881009451,1.74,0.705247288100945,0.0,0.0,0.0,0.0,0.91,1.0550025132815102,0.89,1.0239061667867024,19.09,1.0550025132815102,5.0,0.0,30.0,0.0,6.0,0.0,1.5,0.0,0.63,0.7608474807008886
10.0,10.0,497.0,497.0,100,10.43,1.4512620770080142,0.3476666666666667,0.04837540256693381,0.966,0.0491750121319946,0.33333333333333326,0.0,0.0,0.0,4.76,0.4292346959909278,3.26,0.7052472881009451,1.74,0.705247288100945,0.0,0.0,0.0,0.0,0.91,1.0550025132815102,0.89,1.0239061667867024,19.09,1.0550025132815102,5.0,0.0,30.0,0.0,6.0,0.0,1.5,0.0,0.63,0.7608474807008886
10.0,10.0,498.0,498.0,100,10.43,1.4512620770080142,0.3476666666666667,0.04837540256693381,0.966,0.0491750121319946,0.33333333333333326,0.0,0.0,0.0,4.76,0.4292346959909278,3.26,0.7052472881009451,1.74,0.705247288100945,0.0,0.0,0.0,0.0,0.91,1.0550025132815102,0.88,1.0178210038899747,19.09,1.0550025132815102,5.0,0.0,30.0,0.0,6.0,0.0,1.5,0.0,0.63,0.7608474807008886
10.0,10.0,499.0,499.0,100,10.42,1.450739971409923,0.34733333333333327,0.04835799904699743,0.9665,0.04926479678249165,0.33333333333333326,0.0,0.0003333333333333327,0.0033333333333333275,4.76,0.4292346959909278,3.25,0.7017294652672371,1.75,0.7017294652672369,0.0,0.0,0.0,0.0,0.9,1.0588730430094637,0.87,1.0215357818184119,19.1,1.0588730430094633,5.0,0.0,30.0,0.0,6.0,0.0,1.5,0.0,0.63,0.7608474807008886
10.0,10.0,500.0,500.0,100,10.42,1.450739971409923,0.34733333333333327,0.04835799904699743,0.9665,0.04926479678249165,0.33333333333333326,0.0,0.0,0.0,4.76,0.4292346959909278,3.25,0.7017294652672371,1.75,0.7017294652672369,0.0,0.0,0.0,0.0,0.9,1.0588730430094637,0.87,1.0215357818184119,19.1,1.0588730430094633,5.0,0.0,30.0,0.0,6.0,0.0,1.5,0.0,0.63,0.7608474807008886
10.0,10.0,501.0,501.0,100,10.41,1.4220130843706085,0.347,0.04740043614568695,0.9670000000000001,0.04725815626252606,0.33333333333333326,0.0,0.00033333333333333327,0.0033333333333333322,4.76,0.4292346959909278,3.25,0.7017294652672371,1.75,0.7017294652672369,0.0,0.0,0.0,0.0,0.89,1.0239061667867024,0.87,1.0215357818184119,19.11,1.0239061667867022,5.0,0.0,30.0,0.0,6.0,0.0,1.5,0.0,0.63,0.7608474807008886
10.0,10.0,502.0,502.0,100,10.4,1.4142135623730951,0.3466666666666666,0.04714045207910315,0.9675,0.04680445027619239,0.33333333333333326,0.0,0.00033333333333333435,0.003333333333333344,4.76,0.4292346959909278,3.25,0.7017294652672371,1.75,0.7017294652672369,0.0,0.0,0.0,0.0,0.88,1.0178210038899747,0.86,1.0251385715643961,19.12,1.0178210038899744,5.0,0.0,30.0,0.0,6.0,0.0,1.5,0.0,0.63,0.7608474807008886
10.0,10.0,503.0,503.0,100,10.4,1.4142135623730951,0.3466666666666666,0.04714045207910315,0.9675,0.04680445027619239,0.33333333333333326,0.0,0.0,0.0,4.76,0.4292346959909278,3.25,0.7017294652672371,1.75,0.7017294652672369,0.0,0.0,0.0,0.0,0.88,1.0178210038899747,0.86,1.0251385715643961,19.12,1.0178210038899744,5.0,0.0,30.0,0.0,6.0,0.0,1.5,0.0,0.63,0.7608474807008886
10.0,10.0,504.0,504.0,100,10.4,1.4142135623730951,0.3466666666666666,0.04714045207910315,0.9675,0.04680445027619239,0.33333333333333326,0.0,0.0,0.0,4.76,0.4292346959909278,3.25,0.7017294652672371,1.75,0.7017294652672369,0.0,0.0,0.0,0.0,0.88,1.0178210038899747,0.86,1.0251385715643961,19.12,1.0178210038899744,5.0,0.0,30.0,0.0,6.0,0.0,1.5,0.0,0.63,0.7608474807008886
10.0,10.0,505.0,505.0,100,10.4,1.4142135623730951,0.3466666666666666,0.04714045207910315,0.9675,0.04680445027619239,0.33333333333333326,0.0,0.0,0.0,4.76,0.4292346959909278,3.25,0.7017294652672371,1.75,0.7017294652672369,0.0,0.0,0.0,0.0,0.88,1.0178210038899747,0.86,1.0251385715643961,19.12,1.0178210038899744,5.0,0.0,30.0,0.0,6.0,0.0,1.5,0.0,0.63,0.7608474807008886
10.0,10.0,506.0,506.0,100,10.4,1.4142135623730951,0.3466666666666666,0.04714045207910315,0.9675,0.04680445027619239,0.33333333333333326,0.0,0.0,0.0,4.76,0.4292346959909278,3.25,0.7017294652672371,1.75,0.7017294652672369,0.0,0.0,0.0,0.0,0.88,1.0178210038899747,0.85,0.9885710532241612,19.12,1.0178210038899744,5.0,0.0,30.0,0.0,6.0,0.0,1.5,0.0,0.63,0.7608474807008886
10.0,10.0,507.0,507.0,100,10.4,1.4142135623730951,0.3466666666666666,0.04714045207910315,0.9675,0.04680445027619239,0.33333333333333326,0.0,0.0,0.0,4.76,0.4292346959909278,3.25,0.7017294652672371,1.75,0.7017294652672369,0.0,0.0,0.0,0.0,0.88,1.0178210038899747,0.84,0.9920899274977164,19.12,1.0178210038899744,5.0,0.0,30.0,0.0,6.0,0.0,1.5,0.0,0.63,0.7608474807008886
10.0,10.0,508.0,508.0,100,10.39,1.4134634016764593,0.3463333333333333,0.04711544672254862,0.968,0.04688261722621507,0.33333333333333326,0.0,0.0003333333333333327,0.0033333333333333275,4.76,0.4292346959909278,3.25,0.7017294652672371,1.75,0.7017294652672369,0.0,0.0,0.0,0.0,0.87,1.0215357818184119,0.81,0.971253485622231,19.13,1.0215357818184114,5.0,0.0,30.0,0.0,6.0,0.0,1.5,0.0,0.63,0.7608474807008886
10.0,10.0,509.0,509.0,100,10.39,1.4134634016764593,0.3463333333333333,0.04711544672254862,0.968,0.04688261722621507,0.33333333333333326,0.0,0.0,0.0,4.76,0.4292346959909278,3.25,0.7017294652672371,1.75,0.7017294652672369,0.0,0.0,0.0,0.0,0.87,1.0215357818184119,0.81,0.971253485622231,19.13,1.0215357818184114,5.0,0.0,30.0,0.0,6.0,0.0,1.5,0.0,0.63,0.7608474807008886
10.0,10.0,510.0,510.0,100,10.38,1.3837440062191684,0.3459999999999999,0.046124800207305604,0.9684999999999999,0.044752405273658494,0.33333333333333326,0.0,0.00033333333333333327,0.0033333333333333335,4.76,0.4292346959909278,3.25,0.7017294652672371,1.75,0.7017294652672369,0.0,0.0,0.0,0.0,0.86,0.9849370589540278,0.81,0.971253485622231,19.14,0.9849370589540277,5.0,0.0,30.0,0.0,6.0,0.0,1.5,0.0,0.63,0.7608474807008886
10.0,10.0,511.0,511.0,100,10.37,1.3828312341794358,0.3456666666666666,0.04609437447264787,0.9690000000000001,0.04482288376589474,0.33333333333333326,0.0,0.0003333333333333327,0.0033333333333333275,4.76,0.4292346959909278,3.25,0.7017294652672371,1.75,0.7017294652672369,0.0,0.0,0.0,0.0,0.85,0.9885710532241612,0.81,0.971253485622231,19.15,0.9885710532241613,5.0,0.0,30.0,0.0,6.0,0.0,1.5,0.0,0.63,0.7608474807008886
10.0,10.0,512.0,512.0,100,10.34,1.4014422585466741,0.3446666666666666,0.04671474195155582,0.97,0.044381268229929716,0.33333333333333326,0.0,0.001,0.0057148869332588415,4.76,0.4292346959909278,3.25,0.7017294652672371,1.75,0.7017294652672369,0.0,0.0,0.0,0.0,0.82,0.9679719505077081,0.81,0.971253485622231,19.18,0.9679719505077085,5.0,0.0,30.0,0.0,6.0,0.0,1.5,0.0,0.63,0.7608474807008886
10.0,10.0,513.0,513.0,100,10.34,1.4014422585466741,0.3446666666666666,0.04671474195155582,0.97,0.044381268229929716,0.33333333333333326,0.0,0.0,0.0,4.76,0.4292346959909278,3.25,0.7017294652672371,1.75,0.7017294652672369,0.0,0.0,0.0,0.0,0.82,0.9679719505077081,0.8,0.9744203145947594,19.18,0.9679719505077085,5.0,0.0,30.0,0.0,6.0,0.0,1.5,0.0,0.63,0.7608474807008886
10.0,10.0,514.0,514.0,100,10.34,1.4014422585466741,0.3446666666666666,0.04671474195155582,0.97,0.044381268229929716,0.33333333333333326,0.0,0.0,0.0,4.76,0.4292346959909278,3.25,0.7017294652672371,1.75,0.7017294652672369,0.0,0.0,0.0,0.0,0.82,0.9679719505077081,0.8,0.9744203145947594,19.18,0.9679719505077085,5.0,0.0,30.0,0.0,6.0,0.0,1.5,0.0,0.63,0.7608474807008886
10.0,10.0,515.0,515.0,100,10.34,1.4014422585466741,0.3446666666666666,0.04671474195155582,0.97,0.044381268229929716,0.33333333333333326,0.0,0.0,0.0,4.76,0.4292346959909278,3.25,0.7017294652672371,1.75,0.7017294652672369,0.0,0.0,0.0,0.0,0.82,0.9679719505077081,0.79,0.967084549174748,19.18,0.9679719505077085,5.0,0.0,30.0,0.0,6.0,0.0,1.5,0.0,0.63,0.7608474807008886
10.0,10.0,516.0,516.0,100,10.34,1.4014422585466741,0.3446666666666666,0.04671474195155582,0.97,0.044381268229929716,0.33333333333333326,0.0,0.0,0.0,4.76,0.4292346959909278,3.25,0.7017294652672371,1.75,0.7017294652672369,0.0,0.0,0.0,0.0,0.82,0.9679719505077081,0.79,0.967084549174748,19.18,0.9679719505077085,5.0,0.0,30.0,0.0,6.0,0.0,1.5,0.0,0.63,0.7608474807008886
10.0,10.0,517.0,517.0,100,10.32,1.3989895343324465,0.344,0.04663298447774822,0.971,0.04448356863818233,0.33333333333333326,0.0,0.0006666666666666655,0.004690176471209645,4.76,0.4292346959909278,3.24,0.6980492298346354,1.76,0.6980492298346352,0.0,0.0,0.0,0.0,0.8,0.9744203145947594,0.79,0.967084549174748,19.2,0.9744203145947592,5.0,0.0,30.0,0.0,6.0,0.0,1.5,0.0,0.63,0.7608474807008886
10.0,10.0,518.0,518.0,100,10.32,1.3989895343324465,0.344,0.04663298447774822,0.971,0.04448356863818233,0.33333333333333326,0.0,0.0,0.0,4.76,0.4292346959909278,3.24,0.6980492298346354,1.76,0.6980492298346352,0.0,0.0,0.0,0.0,0.8,0.9744203145947594,0.78,0.95958745344449,19.2,0.9744203145947592,5.0,0.0,30.0,0.0,6.0,0.0,1.5,0.0,0.63,0.7608474807008886
10.0,10.0,519.0,519.0,100,10.32,1.3989895343324465,0.344,0.04663298447774822,0.971,0.04448356863818233,0.33333333333333326,0.0,0.0,0.0,4.76,0.4292346959909278,3.24,0.6980492298346354,1.76,0.6980492298346352,0.0,0.0,0.0,0.0,0.8,0.9744203145947594,0.78,0.95958745344449,19.2,0.9744203145947592,5.0,0.0,30.0,0.0,6.0,0.0,1.5,0.0,0.63,0.7608474807008886
10.0,10.0,520.0,520.0,100,10.32,1.3989895343324465,0.344,0.04663298447774822,0.971,0.04448356863818233,0.33333333333333326,0.0,0.0,0.0,4.76,0.4292346959909278,3.24,0.6980492298346354,1.76,0.6980492298346352,0.0,0.0,0.0,0.0,0.8,0.9744203145947594,0.78,0.95958745344449,19.2,0.9744203145947592,5.0,0.0,30.0,0.0,6.0,0.0,1.5,0.0,0.63,0.7608474807008886
10.0,10.0,521.0,521.0,100,10.32,1.3989895343324465,0.344,0.04663298447774822,0.971,0.04448356863818233,0.33333333333333326,0.0,0.0,0.0,4.76,0.4292346959909278,3.24,0.6980492298346354,1.76,0.6980492298346352,0.0,0.0,0.0,0.0,0.8,0.9744203145947594,0.77,0.9519252156349344,19.2,0.9744203145947592,5.0,0.0,30.0,0.0,6.0,0.0,1.5,0.0,0.63,0.7608474807008886
10.0,10.0,522.0,522.0,100,10.32,1.3989895343324465,0.344,0.04663298447774822,0.971,0.04448356863818233,0.33333333333333326,0.0,0.0,0.0,4.76,0.4292346959909278,3.24,0.6980492298346354,1.76,0.6980492298346352,0.0,0.0,0.0,0.0,0.8,0.9744203145947594,0.76,0.9440938148897764,19.2,0.9744203145947592,5.0,0.0,30.0,0.0,6.0,0.0,1.5,0.0,0.63,0.7608474807008886
10.0,10.0,523.0,523.0,100,10.32,1.3989895343324465,0.344,0.04663298447774822,0.971,0.04448356863818233,0.33333333333333326,0.0,0.0,0.0,4.76,0.4292346959909278,3.24,0.6980492298346354,1.76,0.6980492298346352,0.0,0.0,0.0,0.0,0.8,0.9744203145947594,0.76,0.9440938148897764,19.2,0.9744203145947592,5.0,0.0,30.0,0.0,6.0,0.0,1.5,0.0,0.63,0.7608474807008886
10.0,10.0,524.0,524.0,100,10.32,1.3989895343324465,0.344,0.04663298447774822,0.971,0.04448356863818233,0.33333333333333326,0.0,0.0,0.0,4.76,0.4292346959909278,3.24,0.6980492298346354,1.76,0.6980492298346352,0.0,0.0,0.0,0.0,0.8,0.9744203145947594,0.76,0.9440938148897764,19.2,0.9744203145947592,5.0,0.0,30.0,0.0,6.0,0.0,1.5,0.0,0.63,0.7608474807008886
10.0,10.0,525.0,525.0,100,10.31,1.390407250855778,0.3436666666666666,0.04634690836185927,0.9715,0.04395532626509223,0.33333333333333326,0.0,0.00033333333333333435,0.003333333333333344,4.77,0.4229525846816506,3.24,0.6980492298346354,1.76,0.6980492298346352,0.0,0.0,0.0,0.0,0.79,0.967084549174748,0.76,0.9440938148897764,19.21,0.9670845491747485,5.0,0.0,30.0,0.0,6.0,0.0,1.5,0.0,0.63,0.7608474807008886
10.0,10.0,526.0,526.0,100,10.31,1.390407250855778,0.3436666666666666,0.04634690836185927,0.9715,0.04395532626509223,0.33333333333333326,0.0,0.0,0.0,4.77,0.4229525846816506,3.24,0.6980492298346354,1.76,0.6980492298346352,0.0,0.0,0.0,0.0,0.79,0.967084549174748,0.75,0.9468181696950299,19.21,0.9670845491747485,5.0,0.0,30.0,0.0,6.0,0.0,1.5,0.0,0.63,0.7608474807008886
10.0,10.0,527.0,527.0,100,10.3,1.39624315557676,0.34333333333333327,0.04654143851922533,0.9715,0.04395532626509223,0.33333333333333326,0.0,0.00033333333333333327,0.0033333333333333327,4.77,0.4229525846816506,3.24,0.6980492298346354,1.76,0.6980492298346352,0.0,0.0,0.0,0.0,0.78,0.95958745344449,0.74,0.9169558772416921,19.22,0.9595874534444893,5.0,0.0,30.0,0.0,6.0,0.0,1.5,0.0,0.63,0.7608474807008886
10.0,10.0,528.0,528.0,100,10.3,1.39624315557676,0.34333333333333327,0.04654143851922533,0.9715,0.04395532626509223,0.33333333333333326,0.0,0.0,0.0,4.77,0.4229525846816506,3.24,0.6980492298346354,1.76,0.6980492298346352,0.0,0.0,0.0,0.0,0.78,0.95958745344449,0.74,0.9169558772416921,19.22,0.9595874534444893,5.0,0.0,30.0,0.0,6.0,0.0,1.5,0.0,0.63,0.7608474807008886
10.0,10.0,529.0,529.0,100,10.3,1.39624315557676,0.34333333333333327,0.04654143851922533,0.9715,0.04395532626509223,0.33333333333333326,0.0,0.0,0.0,4.77,0.4229525846816506,3.24,0.6980492298346354,1.76,0.6980492298346352,0.0,0.0,0.0,0.0,0.78,0.95958745344449,0.74,0.9169558772416921,19.22,0.9595874534444893,5.0,0.0,30.0,0.0,6.0,0.0,1.5,0.0,0.63,0.7608474807008886
10.0,10.0,530.0,530.0,100,10.29,1.3947593109040486,0.34299999999999997,0.046491977030134926,0.972,0.04399265319747759,0.33333333333333326,0.0,0.0003333333333333327,0.0033333333333333275,4.77,0.4229525846816506,3.24,0.6980492298346354,1.76,0.6980492298346352,0.0,0.0,0.0,0.0,0.77,0.9624778627914703,0.73,0.9195409482755815,19.23,0.96247786279147,5.0,0.0,30.0,0.0,6.0,0.0,1.5,0.0,0.63,0.7608474807008886
10.0,10.0,531.0,531.0,100,10.27,1.3769751653753983,0.34233333333333327,0.04589917217917993,0.9725,0.04226838252897978,0.33333333333333326,0.0,0.0006666666666666671,0.004690176471209656,4.77,0.4229525846816506,3.24,0.6980492298346354,1.76,0.6980492298346352,0.0,0.0,0.0,0.0,0.75,0.9252354327740621,0.71,0.9022418766829681,19.25,0.9252354327740618,5.0,0.0,30.0,0.0,6.0,0.0,1.5,0.0,0.63,0.7608474807008886
10.0,10.0,532.0,532.0,100,10.26,1.4114968056369213,0.34199999999999997,0.0470498935212307,0.9725,0.04226838252897978,0.33333333333333326,0.0,0.0003333333333333341,0.0033333333333333414,4.78,0.41633319989322654,3.24,0.6980492298346354,1.76,0.6980492298346352,0.0,0.0,0.0,0.0,0.74,0.9169558772416921,0.7,0.8819171036881968,19.26,0.9169558772416914,5.0,0.0,30.0,0.0,6.0,0.0,1.5,0.0,0.63,0.7608474807008886
10.0,10.0,533.0,533.0,100,10.26,1.4114968056369213,0.34199999999999997,0.0470498935212307,0.9725,0.04226838252897978,0.33333333333333326,0.0,0.0,0.0,4.78,0.41633319989322654,3.24,0.6980492298346354,1.76,0.6980492298346352,0.0,0.0,0.0,0.0,0.74,0.9169558772416921,0.7,0.8819171036881968,19.26,0.9169558772416914,5.0,0.0,30.0,0.0,6.0,0.0,1.5,0.0,0.63,0.7608474807008886
10.0,10.0,534.0,534.0,100,10.25,1.4590366269521406,0.3416666666666666,0.04863455423173799,0.9725,0.04226838252897978,0.33333333333333326,0.0,0.000333333333333333,0.0033333333333333305,4.78,0.41633319989322654,3.24,0.6980492298346354,1.76,0.6980492298346352,0.0,0.0,0.0,0.0,0.73,0.9195409482755815,0.7,0.8819171036881968,19.27,0.919540948275581,5.0,0.0,30.0,0.0,6.0,0.0,1.5,0.0,0.63,0.7608474807008886
10.0,10.0,535.0,535.0,100,10.24,1.4572701752373731,0.3413333333333333,0.04857567250791243,0.973,0.04229525846816508,0.33333333333333326,0.0,0.0003333333333333327,0.0033333333333333275,4.78,0.41633319989322654,3.24,0.6980492298346354,1.76,0.6980492298346352,0.0,0.0,0.0,0.0,0.72,0.922009224520563,0.7,0.8819171036881968,19.28,0.9220092245205634,5.0,0.0,30.0,0.0,6.0,0.0,1.5,0.0,0.63,0.7608474807008886
10.0,10.0,536.0,536.0,100,10.24,1.4572701752373731,0.3413333333333333,0.04857567250791243,0.973,0.04229525846816508,0.33333333333333326,0.0,0.0,0.0,4.78,0.41633319989322654,3.24,0.6980492298346354,1.76,0.6980492298346352,0.0,0.0,0.0,0.0,0.72,0.922009224520563,0.7,0.8819171036881968,19.28,0.9220092245205634,5.0,0.0,30.0,0.0,6.0,0.0,1.5,0.0,0.63,0.7608474807008886
10.0,10.0,537.0,537.0,100,10.22,1.4325226742084094,0.3406666666666666,0.047750755806946966,0.9740000000000001,0.04050190168873606,0.33333333333333326,0.0,0.0006666666666666671,0.004690176471209658,4.78,0.41633319989322654,3.24,0.6980492298346354,1.76,0.6980492298346352,0.0,0.0,0.0,0.0,0.7,0.8819171036881968,0.7,0.8819171036881968,19.3,0.8819171036881969,5.0,0.0,30.0,0.0,6.0,0.0,1.5,0.0,0.63,0.7608474807008886
10.0,10.0,538.0,538.0,100,10.22,1.4325226742084094,0.3406666666666666,0.047750755806946966,0.9740000000000001,0.04050190168873606,0.33333333333333326,0.0,0.0,0.0,4.78,0.41633319989322654,3.24,0.6980492298346354,1.76,0.6980492298346352,0.0,0.0,0.0,0.0,0.7,0.8819171036881968,0.7,0.8819171036881968,19.3,0.8819171036881969,5.0,0.0,30.0,0.0,6.0,0.0,1.5,0.0,0.63,0.7608474807008886
10.0,10.0,539.0,539.0,100,10.22,1.4325226742084094,0.3406666666666666,0.047750755806946966,0.9740000000000001,0.04050190168873606,0.33333333333333326,0.0,0.0,0.0,4.78,0.41633319989322654,3.24,0.6980492298346354,1.76,0.6980492298346352,0.0,0.0,0.0,0.0,0.7,0.8819171036881968,0.7,0.8819171036881968,19.3,0.8819171036881969,5.0,0.0,30.0,0.0,6.0,0.0,1.5,0.0,0.63,0.7608474807008886
10.0,10.0,540.0,540.0,100,10.22,1.4325226742084094,0.3406666666666666,0.047750755806946966,0.9740000000000001,0.04050190168873606,0.33333333333333326,0.0,0.0,0.0,4.78,0.41633319989322654,3.24,0.6980492298346354,1.76,0.6980492298346352,0.0,0.0,0.0,0.0,0.7,0.8819171036881968,0.69,0.8491826135237998,19.3,0.8819171036881969,5.0,0.0,30.0,0.0,6.0,0.0,1.5,0.0,0.63,0.7608474807008886
10.0,10.0,541.0,541.0,100,10.22,1.4325226742084094,0.3406666666666666,0.047750755806946966,0.9740000000000001,0.04050190168873606,0.33333333333333326,0.0,0.0,0.0,4.78,0.41633319989322654,3.24,0.6980492298346354,1.76,0.6980492298346352,0.0,0.0,0.0,0.0,0.7,0.8819171036881968,0.69,0.8491826135237998,19.3,0.8819171036881969,5.0,0.0,30.0,0.0,6.0,0.0,1.5,0.0,0.63,0.7608474807008886
10.0,10.0,542.0,542.0,100,10.22,1.4325226742084094,0.3406666666666666,0.047750755806946966,0.9740000000000001,0.04050190168873606,0.33333333333333326,0.0,0.0,0.0,4.78,0.41633319989322654,3.24,0.6980492298346354,1.76,0.6980492298346352,0.0,0.0,0.0,0.0,0.7,0.8819171036881968,0.69,0.8491826135237998,19.3,0.8819171036881969,5.0,0.0,30.0,0.0,6.0,0.0,1.5,0.0,0.63,0.7608474807008886
10.0,10.0,543.0,543.0,100,10.22,1.4325226742084094,0.3406666666666666,0.047750755806946966,0.9740000000000001,0.04050190168873606,0.33333333333333326,0.0,0.0,0.0,4.78,0.41633319989322654,3.24,0.6980492298346354,1.76,0.6980492298346352,0.0,0.0,0.0,0.0,0.7,0.8819171036881968,0.69,0.8491826135237998,19.3,0.8819171036881969,5.0,0.0,30.0,0.0,6.0,0.0,1.5,0.0,0.63,0.7608474807008886
10.0,10.0,544.0,544.0,100,10.22,1.4325226742084094,0.3406666666666666,0.047750755806946966,0.9740000000000001,0.04050190168873606,0.33333333333333326,0.0,0.0,0.0,4.78,0.41633319989322654,3.24,0.6980492298346354,1.76,0.6980492298346352,0.0,0.0,0.0,0.0,0.7,0.8819171036881968,0.69,0.8491826135237998,19.3,0.8819171036881969,5.0,0.0,30.0,0.0,6.0,0.0,1.5,0.0,0.63,0.7608474807008886
10.0,10.0,545.0,545.0,100,10.22,1.4325226742084094,0.3406666666666666,0.047750755806946966,0.9740000000000001,0.04050190168873606,0.33333333333333326,0.0,0.0,0.0,4.78,0.41633319989322654,3.24,0.6980492298346354,1.76,0.6980492298346352,0.0,0.0,0.0,0.0,0.7,0.8819171036881968,0.69,0.8491826135237998,19.3,0.8819171036881969,5.0,0.0,30.0,0.0,6.0,0.0,1.5,0.0,0.63,0.7608474807008886
10.0,10.0,546.0,546.0,100,10.22,1.4325226742084094,0.3406666666666666,0.047750755806946966,0.9740000000000001,0.04050190168873606,0.33333333333333326,0.0,0.0,0.0,4.78,0.41633319989322654,3.24,0.6980492298346354,1.76,0.6980492298346352,0.0,0.0,0.0,0.0,0.7,0.8819171036881968,0.68,0.8273115763993903,19.3,0.8819171036881969,5.0,0.0,30.0,0.0,6.0,0.0,1.5,0.0,0.63,0.7608474807008886
10.0,10.0,547.0,547.0,100,10.22,1.4325226742084094,0.3406666666666666,0.047750755806946966,0.9740000000000001,0.04050190168873606,0.33333333333333326,0.0,0.0,0.0,4.78,0.41633319989322654,3.24,0.6980492298346354,1.76,0.6980492298346352,0.0,0.0,0.0,0.0,0.7,0.8819171036881968,0.68,0.8273115763993903,19.3,0.8819171036881969,5.0,0.0,30.0,0.0,6.0,0.0,1.5,0.0,0.63,0.7608474807008886
10.0,10.0,548.0,548.0,100,10.22,1.4325226742084094,0.3406666666666666,0.047750755806946966,0.9740000000000001,0.04050190168873606,0.33333333333333326,0.0,0.0,0.0,4.78,0.41633319989322654,3.24,0.6980492298346354,1.76,0.6980492298346352,0.0,0.0,0.0,0.0,0.7,0.8819171036881968,0.68,0.8273115763993903,19.3,0.8819171036881969,5.0,0.0,30.0,0.0,6.0,0.0,1.5,0.0,0.63,0.7608474807008886
10.0,10.0,549.0,549.0,100,10.22,1.4325226742084094,0.3406666666666666,0.047750755806946966,0.9740000000000001,0.04050190168873606,0.33333333333333326,0.0,0.0,0.0,4.78,0.41633319989322654,3.24,0.6980492298346354,1.76,0.6980492298346352,0.0,0.0,0.0,0.0,0.7,0.8819171036881968,0.67,0.8294454761946671,19.3,0.8819171036881969,5.0,0.0,30.0,0.0,6.0,0.0,1.5,0.0,0.63,0.7608474807008886
10.0,10.0,550.0,550.0,100,10.21,1.409169108289553,0.3403333333333333,0.04697230360965178,0.9745,0.03859593844754218,0.33333333333333326,0.0,0.0003333333333333338,0.0033333333333333388,4.79,0.40936018074033237,3.24,0.6980492298346354,1.76,0.6980492298346352,0.0,0.0,0.0,0.0,0.69,0.8491826135237998,0.67,0.8294454761946671,19.31,0.8491826135237993,5.0,0.0,30.0,0.0,6.0,0.0,1.5,0.0,0.63,0.7608474807008886
10.0,10.0,551.0,551.0,100,10.21,1.409169108289553,0.3403333333333333,0.04697230360965178,0.9745,0.03859593844754218,0.33333333333333326,0.0,0.0,0.0,4.79,0.40936018074033237,3.24,0.6980492298346354,1.76,0.6980492298346352,0.0,0.0,0.0,0.0,0.69,0.8491826135237998,0.67,0.8294454761946671,19.31,0.8491826135237993,5.0,0.0,30.0,0.0,6.0,0.0,1.5,0.0,0.63,0.7608474807008886
10.0,10.0,552.0,552.0,100,10.21,1.409169108289553,0.3403333333333333,0.04697230360965178,0.9745,0.03859593844754218,0.33333333333333326,0.0,0.0,0.0,4.79,0.40936018074033237,3.24,0.6980492298346354,1.76,0.6980492298346352,0.0,0.0,0.0,0.0,0.69,0.8491826135237998,0.67,0.8294454761946671,19.31,0.8491826135237993,5.0,0.0,30.0,0.0,6.0,0.0,1.5,0.0,0.63,0.7608474807008886
10.0,10.0,553.0,553.0,100,10.21,1.409169108289553,0.3403333333333333,0.04697230360965178,0.9745,0.03859593844754218,0.33333333333333326,0.0,0.0,0.0,4.79,0.40936018074033237,3.24,0.6980492298346354,1.76,0.6980492298346352,0.0,0.0,0.0,0.0,0.69,0.8491826135237998,0.67,0.8294454761946671,19.31,0.8491826135237993,5.0,0.0,30.0,0.0,6.0,0.0,1.5,0.0,0.63,0.7608474807008886
10.0,10.0,554.0,554.0,100,10.21,1.409169108289553,0.3403333333333333,0.04697230360965178,0.9745,0.03859593844754218,0.33333333333333326,0.0,0.0,0.0,4.79,0.40936018074033237,3.24,0.6980492298346354,1.76,0.6980492298346352,0.0,0.0,0.0,0.0,0.69,0.8491826135237998,0.66,0.8314524227597939,19.31,0.8491826135237993,5.0,0.0,30.0,0.0,6.0,0.0,1.5,0.0,0.63,0.7608474807008886
10.0,10.0,555.0,555.0,100,10.21,1.409169108289553,0.3403333333333333,0.04697230360965178,0.9745,0.03859593844754218,0.33333333333333326,0.0,0.0,0.0,4.79,0.40936018074033237,3.24,0.6980492298346354,1.76,0.6980492298346352,0.0,0.0,0.0,0.0,0.69,0.8491826135237998,0.66,0.8314524227597939,19.31,0.8491826135237993,5.0,0.0,30.0,0.0,6.0,0.0,1.5,0.0,0.63,0.7608474807008886
10.0,10.0,556.0,556.0,100,10.2,1.3926212476455826,0.3399999999999999,0.046420708254852755,0.975,0.0372677996249965,0.33333333333333326,0.0,0.0003333333333333327,0.0033333333333333275,4.79,0.40936018074033237,3.24,0.6980492298346354,1.76,0.6980492298346352,0.0,0.0,0.0,0.0,0.68,0.8273115763993903,0.65,0.8333333333333335,19.32,0.8273115763993905,5.0,0.0,30.0,0.0,6.0,0.0,1.5,0.0,0.63,0.7608474807008886
10.0,10.0,557.0,557.0,100,10.2,1.3926212476455826,0.3399999999999999,0.046420708254852755,0.975,0.0372677996249965,0.33333333333333326,0.0,0.0,0.0,4.79,0.40936018074033237,3.24,0.6980492298346354,1.76,0.6980492298346352,0.0,0.0,0.0,0.0,0.68,0.8273115763993903,0.64,0.8229044398784814,19.32,0.8273115763993905,5.0,0.0,30.0,0.0,6.0,0.0,1.5,0.0,0.63,0.7608474807008886
10.0,10.0,558.0,558.0,100,10.2,1.3926212476455826,0.3399999999999999,0.046420708254852755,0.975,0.0372677996249965,0.33333333333333326,0.0,0.0,0.0,4.79,0.40936018074033237,3.24,0.6980492298346354,1.76,0.6980492298346352,0.0,0.0,0.0,0.0,0.68,0.8273115763993903,0.64,0.8229044398784814,19.32,0.8273115763993905,5.0,0.0,30.0,0.0,6.0,0.0,1.5,0.0,0.63,0.7608474807008886
10.0,10.0,559.0,559.0,100,10.19,1.404861688436397,0.3396666666666666,0.046828722947879875,0.975,0.0372677996249965,0.33333333333333326,0.0,0.0003333333333333338,0.003333333333333339,4.79,0.40936018074033237,3.24,0.6980492298346354,1.75,0.701729465267237,0.01,0.09999999999999999,0.01,0.09999999999999999,0.67,0.8294454761946671,0.64,0.8229044398784814,19.33,0.8294454761946671,5.0,0.0,30.0,0.0,6.0,0.0,1.5,0.0,0.63,0.7608474807008886
10.0,10.0,560.0,560.0,100,10.19,1.404861688436397,0.3396666666666666,0.046828722947879875,0.975,0.0372677996249965,0.33333333333333326,0.0,0.0,0.0,4.79,0.40936018074033237,3.24,0.6980492298346354,1.76,0.6980492298346352,0.0,0.0,0.0,0.0,0.68,0.8273115763993903,0.64,0.8229044398784814,19.32,0.8273115763993905,5.0,0.0,30.0,0.0,6.0,0.0,1.5,0.0,0.63,0.7608474807008886
10.0,10.0,561.0,561.0,100,10.19,1.404861688436397,0.3396666666666666,0.046828722947879875,0.975,0.0372677996249965,0.33333333333333326,0.0,0.0,0.0,4.79,0.40936018074033237,3.24,0.6980492298346354,1.76,0.6980492298346352,0.0,0.0,0.0,0.0,0.68,0.8273115763993903,0.64,0.8229044398784814,19.32,0.8273115763993905,5.0,0.0,30.0,0.0,6.0,0.0,1.5,0.0,0.63,0.7608474807008886
10.0,10.0,562.0,562.0,100,10.19,1.404861688436397,0.3396666666666666,0.046828722947879875,0.975,0.0372677996249965,0.33333333333333326,0.0,0.0,0.0,4.79,0.40936018074033237,3.24,0.6980492298346354,1.76,0.6980492298346352,0.0,0.0,0.0,0.0,0.68,0.8273115763993903,0.65,0.8211226608993472,19.32,0.8273115763993905,5.0,0.0,30.0,0.0,6.0,0.0,1.5,0.0,0.63,0.7608474807008886
10.0,10.0,563.0,563.0,100,10.18,1.4025949975929355,0.3393333333333333,0.0467531665864312,0.9754999999999999,0.03726441148919925,0.33333333333333326,0.0,0.0003333333333333327,0.003333333333333328,4.79,0.40936018074033237,3.24,0.6980492298346354,1.76,0.6980492298346352,0.0,0.0,0.0,0.0,0.67,0.8294454761946671,0.65,0.8211226608993472,19.33,0.8294454761946666,5.0,0.0,30.0,0.0,6.0,0.0,1.5,0.0,0.63,0.7608474807008886
10.0,10.0,564.0,564.0,100,10.18,1.4025949975929355,0.3393333333333333,0.0467531665864312,0.9754999999999999,0.03726441148919925,0.33333333333333326,0.0,0.0,0.0,4.79,0.40936018074033237,3.24,0.6980492298346354,1.76,0.6980492298346352,0.0,0.0,0.0,0.0,0.67,0.8294454761946671,0.65,0.8211226608993472,19.33,0.8294454761946666,5.0,0.0,30.0,0.0,6.0,0.0,1.5,0.0,0.63,0.7608474807008886
10.0,10.0,565.0,565.0,100,10.18,1.4025949975929355,0.3393333333333333,0.0467531665864312,0.9754999999999999,0.03726441148919925,0.33333333333333326,0.0,0.0,0.0,4.79,0.40936018074033237,3.24,0.6980492298346354,1.76,0.6980492298346352,0.0,0.0,0.0,0.0,0.67,0.8294454761946671,0.65,0.8211226608993472,19.33,0.8294454761946666,5.0,0.0,30.0,0.0,6.0,0.0,1.5,0.0,0.63,0.7608474807008886
10.0,10.0,566.0,566.0,100,10.16,1.4335095029156575,0.3386666666666666,0.04778365009718857,0.9754999999999999,0.03726441148919925,0.33333333333333326,0.0,0.0006666666666666668,0.00666666666666667,4.79,0.40936018074033237,3.23,0.694203998777875,1.77,0.694203998777875,0.0,0.0,0.0,0.0,0.66,0.831452422759794,0.64,0.7852169487254186,19.34,0.8314524227597939,5.0,0.0,30.0,0.0,6.0,0.0,1.5,0.0,0.63,0.7608474807008886
10.0,10.0,567.0,567.0,100,10.15,1.4240006242195886,0.33833333333333326,0.047466687473986274,0.976,0.03657012082798933,0.33333333333333326,0.0,0.00033333333333333435,0.003333333333333344,4.8,0.4020151261036848,3.23,0.694203998777875,1.77,0.694203998777875,0.0,0.0,0.0,0.0,0.65,0.8211226608993472,0.64,0.7852169487254186,19.35,0.8211226608993486,5.0,0.0,30.0,0.0,6.0,0.0,1.5,0.0,0.63,0.7608474807008886
10.0,10.0,568.0,568.0,100,10.15,1.4240006242195886,0.33833333333333326,0.047466687473986274,0.976,0.03657012082798933,0.33333333333333326,0.0,0.0,0.0,4.8,0.4020151261036848,3.23,0.694203998777875,1.77,0.694203998777875,0.0,0.0,0.0,0.0,0.65,0.8211226608993472,0.64,0.7852169487254186,19.35,0.8211226608993486,5.0,0.0,30.0,0.0,6.0,0.0,1.5,0.0,0.63,0.7608474807008886
10.0,10.0,569.0,569.0,100,10.15,1.4240006242195886,0.33833333333333326,0.047466687473986274,0.976,0.03657012082798933,0.33333333333333326,0.0,0.0,0.0,4.8,0.4020151261036848,3.23,0.694203998777875,1.77,0.694203998777875,0.0,0.0,0.0,0.0,0.65,0.8211226608993472,0.63,0.7740096311357559,19.35,0.8211226608993486,5.0,0.0,30.0,0.0,6.0,0.0,1.5,0.0,0.63,0.7608474807008886
10.0,10.0,570.0,570.0,100,10.15,1.4240006242195886,0.33833333333333326,0.047466687473986274,0.976,0.03657012082798933,0.33333333333333326,0.0,0.0,0.0,4.8,0.4020151261036848,3.23,0.694203998777875,1.77,0.694203998777875,0.0,0.0,0.0,0.0,0.65,0.8211226608993472,0.63,0.7740096311357559,19.35,0.8211226608993486,5.0,0.0,30.0,0.0,6.0,0.0,1.5,0.0,0.63,0.7608474807008886
10.0,10.0,571.0,571.0,100,10.15,1.4240006242195886,0.33833333333333326,0.047466687473986274,0.976,0.03657012082798933,0.33333333333333326,0.0,0.0,0.0,4.8,0.4020151261036848,3.23,0.694203998777875,1.77,0.694203998777875,0.0,0.0,0.0,0.0,0.65,0.8211226608993472,0.63,0.7740096311357559,19.35,0.8211226608993486,5.0,0.0,30.0,0.0,6.0,0.0,1.5,0.0,0.63,0.7608474807008886
10.0,10.0,572.0,572.0,100,10.15,1.4240006242195886,0.33833333333333326,0.047466687473986274,0.976,0.03657012082798933,0.33333333333333326,0.0,0.0,0.0,4.8,0.4020151261036848,3.23,0.694203998777875,1.77,0.694203998777875,0.0,0.0,0.0,0.0,0.65,0.8211226608993472,0.63,0.7740096311357559,19.35,0.8211226608993486,5.0,0.0,30.0,0.0,6.0,0.0,1.5,0.0,0.63,0.7608474807008886
10.0,10.0,573.0,573.0,100,10.14,1.4143564050139694,0.33799999999999997,0.04714521350046565,0.9765,0.03585534912124078,0.33333333333333326,0.0,0.00033333333333333435,0.0033333333333333444,4.8,0.4020151261036848,3.23,0.694203998777875,1.77,0.694203998777875,0.0,0.0,0.0,0.0,0.64,0.8105366721929964,0.63,0.7740096311357559,19.36,0.8105366721929973,5.0,0.0,30.0,0.0,6.0,0.0,1.5,0.0,0.63,0.7608474807008886
10.0,10.0,574.0,574.0,100,10.14,1.4143564050139694,0.33799999999999997,0.04714521350046565,0.9765,0.03585534912124078,0.33333333333333326,0.0,0.0,0.0,4.8,0.4020151261036848,3.23,0.694203998777875,1.77,0.694203998777875,0.0,0.0,0.0,0.0,0.64,0.8105366721929964,0.63,0.7740096311357559,19.36,0.8105366721929973,5.0,0.0,30.0,0.0,6.0,0.0,1.5,0.0,0.63,0.7608474807008886
10.0,10.0,575.0,575.0,100,10.14,1.4143564050139694,0.33799999999999997,0.04714521350046565,0.9765,0.03585534912124078,0.33333333333333326,0.0,0.0,0.0,4.8,0.4020151261036848,3.23,0.694203998777875,1.77,0.694203998777875,0.0,0.0,0.0,0.0,0.64,0.8105366721929964,0.63,0.7740096311357559,19.36,0.8105366721929973,5.0,0.0,30.0,0.0,6.0,0.0,1.5,0.0,0.63,0.7608474807008886
10.0,10.0,576.0,576.0,100,10.13,1.3901166290726261,0.33766666666666667,0.046337220969087545,0.977,0.033650010881472736,0.33333333333333326,0.0,0.0003333333333333338,0.003333333333333338,4.8,0.4020151261036848,3.22,0.6901910144037202,1.78,0.6901910144037202,0.0,0.0,0.0,0.0,0.63,0.7740096311357559,0.62,0.7756391955130696,19.37,0.774009631135757,5.0,0.0,30.0,0.0,6.0,0.0,1.5,0.0,0.63,0.7608474807008886
10.0,10.0,577.0,577.0,100,10.13,1.3901166290726261,0.33766666666666667,0.046337220969087545,0.977,0.033650010881472736,0.33333333333333326,0.0,0.0,0.0,4.8,0.4020151261036848,3.22,0.6901910144037202,1.78,0.6901910144037202,0.0,0.0,0.0,0.0,0.63,0.7740096311357559,0.62,0.7756391955130696,19.37,0.774009631135757,5.0,0.0,30.0,0.0,6.0,0.0,1.5,0.0,0.63,0.7608474807008886
10.0,10.0,578.0,578.0,100,10.13,1.3901166290726261,0.33766666666666667,0.046337220969087545,0.977,0.033650010881472736,0.33333333333333326,0.0,0.0,0.0,4.8,0.4020151261036848,3.22,0.6901910144037202,1.78,0.6901910144037202,0.0,0.0,0.0,0.0,0.63,0.7740096311357559,0.62,0.7756391955130696,19.37,0.774009631135757,5.0,0.0,30.0,0.0,6.0,0.0,1.5,0.0,0.63,0.7608474807008886
10.0,10.0,579.0,579.0,100,10.13,1.3901166290726261,0.33766666666666667,0.046337220969087545,0.977,0.033650010881472736,0.33333333333333326,0.0,0.0,0.0,4.8,0.4020151261036848,3.22,0.6901910144037202,1.78,0.6901910144037202,0.0,0.0,0.0,0.0,0.63,0.7740096311357559,0.62,0.7756391955130696,19.37,0.774009631135757,5.0,0.0,30.0,0.0,6.0,0.0,1.5,0.0,0.63,0.7608474807008886
10.0,10.0,580.0,580.0,100,10.12,1.3873890892062273,0.33733333333333326,0.046246302973540904,0.9775,0.0336162238368694,0.33333333333333326,0.0,0.0003333333333333327,0.003333333333333328,4.8,0.4020151261036848,3.22,0.6901910144037202,1.78,0.6901910144037202,0.0,0.0,0.0,0.0,0.62,0.7756391955130696,0.6,0.7784989441615229,19.38,0.7756391955130699,5.0,0.0,30.0,0.0,6.0,0.0,1.5,0.0,0.63,0.7608474807008886
10.0,10.0,581.0,581.0,100,10.12,1.3873890892062273,0.33733333333333326,0.046246302973540904,0.9775,0.0336162238368694,0.33333333333333326,0.0,0.0,0.0,4.8,0.4020151261036848,3.22,0.6901910144037202,1.78,0.6901910144037202,0.0,0.0,0.0,0.0,0.62,0.7756391955130696,0.6,0.7784989441615229,19.38,0.7756391955130699,5.0,0.0,30.0,0.0,6.0,0.0,1.5,0.0,0.63,0.7608474807008886
10.0,10.0,582.0,582.0,100,10.12,1.3873890892062273,0.33733333333333326,0.046246302973540904,0.9775,0.0336162238368694,0.33333333333333326,0.0,0.0,0.0,4.8,0.4020151261036848,3.22,0.6901910144037202,1.78,0.6901910144037202,0.0,0.0,0.0,0.0,0.62,0.7756391955130696,0.58,0.7808309482192478,19.38,0.7756391955130699,5.0,0.0,30.0,0.0,6.0,0.0,1.5,0.0,0.63,0.7608474807008886
10.0,10.0,583.0,583.0,100,10.12,1.3873890892062273,0.33733333333333326,0.046246302973540904,0.9775,0.0336162238368694,0.33333333333333326,0.0,0.0,0.0,4.8,0.4020151261036848,3.22,0.6901910144037202,1.78,0.6901910144037202,0.0,0.0,0.0,0.0,0.62,0.7756391955130696,0.58,0.7808309482192478,19.38,0.7756391955130699,5.0,0.0,30.0,0.0,6.0,0.0,1.5,0.0,0.63,0.7608474807008886
10.0,10.0,584.0,584.0,100,10.11,1.3845832250430838,0.33699999999999997,0.04615277416810279,0.978,0.03357488238658072,0.33333333333333326,0.0,0.0003333333333333327,0.003333333333333328,4.8,0.4020151261036848,3.22,0.6901910144037202,1.78,0.6901910144037202,0.0,0.0,0.0,0.0,0.61,0.7771353768420234,0.58,0.7808309482192478,19.39,0.777135376842024,5.0,0.0,30.0,0.0,6.0,0.0,1.5,0.0,0.63,0.7608474807008886
10.0,10.0,585.0,585.0,100,10.11,1.3845832250430838,0.33699999999999997,0.04615277416810279,0.978,0.03357488238658072,0.33333333333333326,0.0,0.0,0.0,4.8,0.4020151261036848,3.22,0.6901910144037202,1.78,0.6901910144037202,0.0,0.0,0.0,0.0,0.61,0.7771353768420234,0.57,0.7687718133556283,19.39,0.777135376842024,5.0,0.0,30.0,0.0,6.0,0.0,1.5,0.0,0.63,0.7608474807008886
10.0,10.0,586.0,586.0,100,10.11,1.3845832250430838,0.33699999999999997,0.04615277416810279,0.978,0.03357488238658072,0.33333333333333326,0.0,0.0,0.0,4.8,0.4020151261036848,3.22,0.6901910144037202,1.78,0.6901910144037202,0.0,0.0,0.0,0.0,0.61,0.7771353768420234,0.57,0.7687718133556283,19.39,0.777135376842024,5.0,0.0,30.0,0.0,6.0,0.0,1.5,0.0,0.63,0.7608474807008886
10.0,10.0,587.0,587.0,100,10.11,1.3845832250430838,0.33699999999999997,0.04615277416810279,0.978,0.03357488238658072,0.33333333333333326,0.0,0.0,0.0,4.8,0.4020151261036848,3.22,0.6901910144037202,1.78,0.6901910144037202,0.0,0.0,0.0,0.0,0.61,0.7771353768420234,0.57,0.7687718133556283,19.39,0.777135376842024,5.0,0.0,30.0,0.0,6.0,0.0,1.5,0.0,0.63,0.7608474807008886
10.0,10.0,588.0,588.0,100,10.11,1.3845832250430838,0.33699999999999997,0.04615277416810279,0.978,0.03357488238658072,0.33333333333333326,0.0,0.0,0.0,4.8,0.4020151261036848,3.22,0.6901910144037202,1.78,0.6901910144037202,0.0,0.0,0.0,0.0,0.61,0.7771353768420234,0.56,0.7563869460277669,19.39,0.777135376842024,5.0,0.0,30.0,0.0,6.0,0.0,1.5,0.0,0.63,0.7608474807008886
10.0,10.0,589.0,589.0,100,10.1,1.3743685418725535,0.33666666666666667,0.0458122847290851,0.9784999999999999,0.032764078630183546,0.33333333333333326,0.0,0.00033333333333333435,0.0033333333333333444,4.8,0.4020151261036848,3.22,0.6901910144037202,1.78,0.6901910144037202,0.0,0.0,0.0,0.0,0.6,0.7654139963827326,0.56,0.7563869460277669,19.4,0.7654139963827336,5.0,0.0,30.0,0.0,6.0,0.0,1.5,0.0,0.63,0.7608474807008886
10.0,10.0,590.0,590.0,100,10.09,1.3713887379977532,0.3363333333333333,0.045712957933258434,0.9790000000000001,0.03270622218625946,0.33333333333333326,0.0,0.0003333333333333327,0.0033333333333333275,4.81,0.39427724440366235,3.22,0.6901910144037202,1.78,0.6901910144037202,0.0,0.0,0.0,0.0,0.59,0.7666666666666667,0.56,0.7563869460277669,19.41,0.7666666666666675,5.0,0.0,30.0,0.0,6.0,0.0,1.5,0.0,0.63,0.7608474807008886
10.0,10.0,591.0,591.0,100,10.08,1.3683286273126174,0.33599999999999997,0.045610954243753894,0.9795,0.03264052757545505,0.33333333333333326,0.0,0.0003333333333333327,0.0033333333333333266,4.81,0.39427724440366235,3.22,0.6901910144037202,1.78,0.6901910144037202,0.0,0.0,0.0,0.0,0.58,0.7677857445244404,0.56,0.7563869460277669,19.42,0.7677857445244407,5.0,0.0,30.0,0.0,6.0,0.0,1.5,0.0,0.63,0.7608474807008886
10.0,10.0,592.0,592.0,100,10.07,1.3651876697866028,0.3356666666666666,0.045506255659553414,0.98,0.032566947363946504,0.33333333333333326,0.0,0.0003333333333333327,0.0033333333333333275,4.81,0.39427724440366235,3.22,0.6901910144037202,1.78,0.6901910144037202,0.0,0.0,0.0,0.0,0.57,0.7687718133556283,0.55,0.7571210756756961,19.43,0.7687718133556284,5.0,0.0,30.0,0.0,6.0,0.0,1.5,0.0,0.63,0.7608474807008886
10.0,10.0,593.0,593.0,100,10.07,1.3651876697866028,0.3356666666666666,0.045506255659553414,0.98,0.032566947363946504,0.33333333333333326,0.0,0.0,0.0,4.81,0.39427724440366235,3.22,0.6901910144037202,1.78,0.6901910144037202,0.0,0.0,0.0,0.0,0.57,0.7687718133556283,0.55,0.7571210756756961,19.43,0.7687718133556284,5.0,0.0,30.0,0.0,6.0,0.0,1.5,0.0,0.63,0.7608474807008886
10.0,10.0,594.0,594.0,100,10.07,1.3651876697866028,0.3356666666666666,0.045506255659553414,0.98,0.032566947363946504,0.33333333333333326,0.0,0.0,0.0,4.81,0.39427724440366235,3.22,0.6901910144037202,1.78,0.6901910144037202,0.0,0.0,0.0,0.0,0.57,0.7687718133556283,0.55,0.7571210756756961,19.43,0.7687718133556284,5.0,0.0,30.0,0.0,6.0,0.0,1.5,0.0,0.63,0.7608474807008886
10.0,10.0,595.0,595.0,100,10.07,1.3651876697866028,0.3356666666666666,0.045506255659553414,0.98,0.032566947363946504,0.33333333333333326,0.0,0.0,0.0,4.81,0.39427724440366235,3.22,0.6901910144037202,1.78,0.6901910144037202,0.0,0.0,0.0,0.0,0.57,0.7687718133556283,0.55,0.7571210756756961,19.43,0.7687718133556284,5.0,0.0,30.0,0.0,6.0,0.0,1.5,0.0,0.63,0.7608474807008886
10.0,10.0,596.0,596.0,100,10.07,1.3651876697866028,0.3356666666666666,0.045506255659553414,0.98,0.032566947363946504,0.33333333333333326,0.0,0.0,0.0,4.81,0.39427724440366235,3.22,0.6901910144037202,1.78,0.6901910144037202,0.0,0.0,0.0,0.0,0.57,0.7687718133556283,0.54,0.7577211981602561,19.43,0.7687718133556284,5.0,0.0,30.0,0.0,6.0,0.0,1.5,0.0,0.63,0.7608474807008886
10.0,10.0,597.0,597.0,100,10.07,1.3651876697866028,0.3356666666666666,0.045506255659553414,0.98,0.032566947363946504,0.33333333333333326,0.0,0.0,0.0,4.81,0.39427724440366235,3.22,0.6901910144037202,1.78,0.6901910144037202,0.0,0.0,0.0,0.0,0.57,0.7687718133556283,0.54,0.7577211981602561,19.43,0.7687718133556284,5.0,0.0,30.0,0.0,6.0,0.0,1.5,0.0,0.63,0.7608474807008886
10.0,10.0,598.0,598.0,100,10.06,1.3545285064359016,0.3353333333333333,0.04515095021453004,0.9804999999999999,0.031698548544026116,0.33333333333333326,0.0,0.00033333333333333435,0.0033333333333333444,4.81,0.39427724440366235,3.22,0.6901910144037202,1.78,0.6901910144037202,0.0,0.0,0.0,0.0,0.56,0.7563869460277669,0.54,0.7577211981602561,19.44,0.7563869460277671,5.0,0.0,30.0,0.0,6.0,0.0,1.5,0.0,0.63,0.7608474807008886
10.0,10.0,599.0,599.0,100,10.06,1.3545285064359016,0.3353333333333333,0.04515095021453004,0.9804999999999999,0.031698548544026116,0.33333333333333326,0.0,0.0,0.0,4.81,0.39427724440366235,3.22,0.6901910144037202,1.78,0.6901910144037202,0.0,0.0,0.0,0.0,0.56,0.7563869460277669,0.54,0.7577211981602561,19.44,0.7563869460277671,5.0,0.0,30.0,0.0,6.0,0.0,1.5,0.0,0.63,0.7608474807008886
10.0,10.0,600.0,600.0,100,10.06,1.3545285064359016,0.3353333333333333,0.04515095021453004,0.9804999999999999,0.031698548544026116,0.33333333333333326,0.0,0.0,0.0,4.81,0.39427724440366235,3.22,0.6901910144037202,1.78,0.6901910144037202,0.0,0.0,0.0,0.0,0.56,0.7563869460277669,0.54,0.7577211981602561,19.44,0.7563869460277671,5.0,0.0,30.0,0.0,6.0,0.0,1.5,0.0,0.63,0.7608474807008886
10.0,25.0,0.0,0.0,100,30.0,0.0,1.0,0.0,0.0,0.0,0.33333333333333326,0.0,,,0.0,0.0,5.0,0.0,0.0,0.0,0.0,0.0,0.0,0.0,20.0,0.0,0.0,0.0,0.0,0.0,5.0,0.0,30.0,0.0,6.0,0.0,1.5,0.0,0.63,0.7608474807008886
10.0,25.0,1.0,1.0,100,30.0,0.0,1.0,0.0,0.0,0.0,0.33333333333333326,0.0,0.0,0.0,0.0,0.0,5.0,0.0,0.0,0.0,0.0,0.0,0.0,0.0,20.0,0.0,19.92,0.33874396636320286,0.0,0.0,5.0,0.0,30.0,0.0,6.0,0.0,1.5,0.0,0.63,0.7608474807008886
10.0,25.0,2.0,2.0,100,30.0,0.0,1.0,0.0,0.0,0.0,0.33333333333333326,0.0,0.0,0.0,0.0,0.0,5.0,0.0,0.0,0.0,0.0,0.0,0.0,0.0,20.0,0.0,19.85,0.5751591786697672,0.0,0.0,5.0,0.0,30.0,0.0,6.0,0.0,1.5,0.0,0.63,0.7608474807008886
10.0,25.0,3.0,3.0,100,30.0,0.0,1.0,0.0,0.0,0.0,0.33333333333333326,0.0,0.0,0.0,0.0,0.0,5.0,0.0,0.0,0.0,0.0,0.0,0.0,0.0,20.0,0.0,19.8,0.7521014330903553,0.0,0.0,5.0,0.0,30.0,0.0,6.0,0.0,1.5,0.0,0.63,0.7608474807008886
10.0,25.0,4.0,4.0,100,30.0,0.0,1.0,0.0,0.0,0.0,0.33333333333333326,0.0,0.0,0.0,0.0,0.0,5.0,0.0,0.0,0.0,0.0,0.0,0.0,0.0,20.0,0.0,19.7,0.9374368665610923,0.0,0.0,5.0,0.0,30.0,0.0,6.0,0.0,1.5,0.0,0.63,0.7608474807008886
10.0,25.0,5.0,5.0,100,30.0,0.0,1.0,0.0,0.0,0.0,0.33333333333333326,0.0,0.0,0.0,0.0,0.0,5.0,0.0,0.0,0.0,0.0,0.0,0.0,0.0,20.0,0.0,19.46,1.2586669234719818,0.0,0.0,5.0,0.0,30.0,0.0,6.0,0.0,1.5,0.0,0.63,0.7608474807008886
10.0,25.0,6.0,6.0,100,30.0,0.0,1.0,0.0,0.0,0.0,0.33333333333333326,0.0,0.0,0.0,0.0,0.0,5.0,0.0,0.0,0.0,0.0,0.0,0.0,0.0,20.0,0.0,19.34,1.444040347515444,0.0,0.0,5.0,0.0,30.0,0.0,6.0,0.0,1.5,0.0,0.63,0.7608474807008886
10.0,25.0,7.0,7.0,100,30.0,0.0,1.0,0.0,0.0,0.0,0.33333333333333326,0.0,0.0,0.0,0.0,0.0,5.0,0.0,0.0,0.0,0.0,0.0,0.0,0.0,20.0,0.0,19.24,1.5382004440451202,0.0,0.0,5.0,0.0,30.0,0.0,6.0,0.0,1.5,0.0,0.63,0.7608474807008886
10.0,25.0,8.0,8.0,100,30.0,0.0,1.0,0.0,0.0,0.0,0.33333333333333326,0.0,0.0,0.0,0.0,0.0,5.0,0.0,0.0,0.0,0.0,0.0,0.0,0.0,20.0,0.0,19.02,1.7406605039176908,0.0,0.0,5.0,0.0,30.0,0.0,6.0,0.0,1.5,0.0,0.63,0.7608474807008886
10.0,25.0,9.0,9.0,100,30.0,0.0,1.0,0.0,0.0,0.0,0.33333333333333326,0.0,0.0,0.0,0.0,0.0,5.0,0.0,0.0,0.0,0.0,0.0,0.0,0.0,20.0,0.0,18.91,1.8262673750720422,0.0,0.0,5.0,0.0,30.0,0.0,6.0,0.0,1.5,0.0,0.63,0.7608474807008886
10.0,25.0,10.0,10.0,100,29.98,0.14070529413629035,0.9993333333333334,0.004690176471209598,0.001,0.007035264706814486,0.33333333333333326,0.0,0.0006666666666666643,0.004690176471209637,0.02,0.1407052941362897,5.0,0.0,0.0,0.0,0.0,0.0,0.0,0.0,19.98,0.14070529413629035,18.82,1.871530459978214,0.02,0.1407052941362897,5.0,0.0,30.0,0.0,6.0,0.0,1.5,0.0,0.63,0.7608474807008886
10.0,25.0,11.0,11.0,100,29.93,0.2931886695621027,0.9976666666666667,0.00977295565207006,0.0035000000000000005,0.014659433478105145,0.33333333333333326,0.0,0.0016666666666666642,0.007301430451919666,0.06,0.238683256575942,5.0,0.0,0.0,0.0,0.0,0.0,0.0,0.0,19.93,0.2931886695621027,18.64,2.0914448149882925,0.07,0.2931886695621029,5.0,0.0,30.0,0.0,6.0,0.0,1.5,0.0,0.63,0.7608474807008886
10.0,25.0,12.0,12.0,100,29.91,0.32082595426382343,0.997,0.010694198475460775,0.0045000000000000005,0.016041297713191172,0.33333333333333326,0.0,0.0006666666666666643,0.004690176471209637,0.08,0.2726599243442907,5.0,0.0,0.0,0.0,0.0,0.0,0.0,0.0,19.91,0.32082595426382343,18.26,2.7510145052472565,0.09,0.32082595426382343,5.0,0.0,30.0,0.0,6.0,0.0,1.5,0.0,0.63,0.7608474807008886
10.0,25.0,13.0,13.0,100,29.85,0.5000000000000002,0.995,0.016666666666666687,0.0075,0.024999999999999994,0.33333333333333326,0.0,0.002000000000000003,0.009259932635447155,0.1,0.30151134457776363,5.0,0.0,0.0,0.0,0.0,0.0,0.0,0.0,19.85,0.5000000000000002,18.04,3.0114931361520494,0.15,0.49999999999999994,5.0,0.0,30.0,0.0,6.0,0.0,1.5,0.0,0.63,0.7608474807008886
10.0,25.0,14.0,14.0,100,29.77,0.6942039987778754,0.9923333333333333,0.023140133292595823,0.0115,0.03471019993889376,0.33333333333333326,0.0,0.002666666666666665,0.010249414863810756,0.13,0.33799766898963113,5.0,0.0,0.0,0.0,0.0,0.0,0.0,0.0,19.77,0.6942039987778754,17.78,3.2148016260648955,0.23,0.694203998777875,5.0,0.0,30.0,0.0,6.0,0.0,1.5,0.0,0.63,0.7608474807008886
10.0,25.0,15.0,15.0,100,29.67,0.8047209190618557,0.9890000000000001,0.026824030635395194,0.0165,0.040236045953092776,0.33333333333333326,0.0,0.0033333333333333257,0.010050378152592099,0.2,0.40201512610368484,5.0,0.0,0.0,0.0,0.0,0.0,0.0,0.0,19.67,0.8047209190618557,17.58,3.4028508547090244,0.33,0.8047209190618557,5.0,0.0,30.0,0.0,6.0,0.0,1.5,0.0,0.63,0.7608474807008886
10.0,25.0,16.0,16.0,100,29.52,1.1324417170098613,0.9840000000000001,0.037748057233662015,0.024,0.056622085850493054,0.33333333333333326,0.0,0.005000000000000001,0.015979082848036754,0.23,0.4461960433384737,5.0,0.0,0.0,0.0,0.0,0.0,0.0,0.0,19.52,1.1324417170098613,17.11,3.879224643969958,0.48,1.132441717009861,5.0,0.0,30.0,0.0,6.0,0.0,1.5,0.0,0.63,0.7608474807008886
10.0,25.0,17.0,17.0,100,29.43,1.2733079483428709,0.981,0.04244359827809569,0.0285,0.06366539741714354,0.33333333333333326,0.0,0.0030000000000000005,0.010694198475460784,0.27,0.4893822120745192,4.99,0.09999999999999988,0.0,0.0,0.01,0.1,0.01,0.1,19.42,1.3194734180763559,16.84,4.152934948547676,0.58,1.3194734180763554,5.0,0.0,30.0,0.0,6.0,0.0,1.5,0.0,0.63,0.7608474807008886
10.0,25.0,18.0,18.0,100,29.22,1.5607560975244006,0.9740000000000001,0.05202520325081335,0.039,0.07803780487622003,0.33333333333333326,0.0,0.006999999999999999,0.020811267775947714,0.33,0.5328596381218922,4.98,0.14070529413628963,0.01,0.09999999999999998,0.01,0.1,0.01,0.1,19.23,1.5689860329898329,16.65,4.30966731004057,0.77,1.5689860329898324,5.0,0.0,30.0,0.0,6.0,0.0,1.5,0.0,0.63,0.7608474807008886
10.0,25.0,19.0,19.0,100,29.01,1.7950267998337,0.9670000000000001,0.05983422666112333,0.0495,0.08975133999168498,0.33333333333333326,0.0,0.007000000000000007,0.017275089920520407,0.39,0.5842201051942079,4.96,0.1969463855669324,0.04,0.19694638556693236,0.0,0.0,0.0,0.0,19.03,1.7721470171814335,16.37,4.478128667606187,0.97,1.7721470171814333,5.0,0.0,30.0,0.0,6.0,0.0,1.5,0.0,0.63,0.7608474807008886
10.0,25.0,20.0,20.0,100,28.82,2.001918271977348,0.9606666666666667,0.06673060906591156,0.059000000000000004,0.10009591359886733,0.33333333333333326,0.0,0.006333333333333334,0.018161885819505723,0.42,0.6224746962525848,4.95,0.21904291355759029,0.05,0.21904291355759034,0.0,0.0,0.0,0.0,18.84,1.9833651639920915,16.06,4.724361963228046,1.16,1.983365163992091,5.0,0.0,30.0,0.0,6.0,0.0,1.5,0.0,0.63,0.7608474807008886
10.0,25.0,21.0,21.0,100,28.55,2.253504565844684,0.9516666666666667,0.0751168188614894,0.0725,0.1126752282922341,0.33333333333333326,0.0,0.00899999999999999,0.024552104515482346,0.48,0.6432242017658957,4.94,0.23868325657594197,0.06,0.23868325657594205,0.0,0.0,0.0,0.0,18.57,2.2394759487997487,15.82,4.787146088931031,1.43,2.2394759487997464,5.0,0.0,30.0,0.0,6.0,0.0,1.5,0.0,0.63,0.7608474807008886
10.0,25.0,22.0,22.0,100,28.4,2.424621182533032,0.9466666666666668,0.0808207060844344,0.08,0.12123105912665161,0.33333333333333326,0.0,0.005,0.015260550434078913,0.52,0.68872595010166,4.92,0.27265992434429065,0.08,0.27265992434429065,0.0,0.0,0.0,0.0,18.42,2.412844417242476,15.48,5.026153819992203,1.58,2.412844417242476,5.0,0.0,30.0,0.0,6.0,0.0,1.5,0.0,0.63,0.7608474807008886
10.0,25.0,23.0,23.0,100,28.2,2.613098319673951,0.94,0.08710327732246502,0.09,0.13065491598369758,0.33333333333333326,0.0,0.00666666666666667,0.018951174787165372,0.53,0.7028800779936815,4.87,0.3379976689896311,0.12,0.32659863237109044,0.01,0.09999999999999998,0.02,0.19999999999999996,18.2,2.6514718611184676,15.3,5.131601439446884,1.8,2.651471861118467,5.0,0.0,30.0,0.0,6.0,0.0,1.5,0.0,0.63,0.7608474807008886
10.0,25.0,24.0,24.0,100,27.98,2.7779070676982127,0.9326666666666666,0.09259690225660704,0.10099999999999999,0.1388953533849106,0.33333333333333326,0.0,0.007333333333333327,0.018700786517846856,0.6,0.7247430753394787,4.86,0.348735088019777,0.13,0.3379976689896312,0.01,0.09999999999999998,0.01,0.09999999999999998,18.01,2.7615505818582466,15.28,4.968750833809727,1.99,2.7615505818582466,5.0,0.0,30.0,0.0,6.0,0.0,1.5,0.0,0.63,0.7608474807008886
10.0,25.0,25.0,25.0,100,27.79,2.8930253990582178,0.9263333333333335,0.09643417996860729,0.1105,0.1446512699529109,0.33333333333333326,0.0,0.006333333333333333,0.017533037597843887,0.63,0.7608474807008886,4.86,0.348735088019777,0.13,0.33799766898963113,0.01,0.1,0.01,0.1,17.83,2.867635495200414,14.96,5.014967496395065,2.17,2.8676354952004157,5.0,0.0,30.0,0.0,6.0,0.0,1.5,0.0,0.63,0.7608474807008886
10.0,25.0,26.0,26.0,100,27.6,3.0944720996896344,0.92,0.10314906998965452,0.12,0.15472360498448173,0.33333333333333326,0.0,0.006333333333333332,0.01475197108707796,0.68,0.8025212794938238,4.84,0.3684529491774706,0.16,0.3684529491774706,0.0,0.0,0.0,0.0,17.65,3.049672941563579,14.75,5.0719569669652635,2.35,3.049672941563579,5.0,0.0,30.0,0.0,6.0,0.0,1.5,0.0,0.63,0.7608474807008886
10.0,25.0,27.0,27.0,100,27.42,3.2850441627952502,0.914,0.10950147209317505,0.129,0.16425220813976257,0.33333333333333326,0.0,0.006000000000000001,0.015264227232213008,0.7,0.7977240352174655,4.81,0.442559132612339,0.19,0.44255913261233903,0.0,0.0,0.0,0.0,17.47,3.233208369968808,14.48,5.137463902893659,2.53,3.2332083699688092,5.0,0.0,30.0,0.0,6.0,0.0,1.5,0.0,0.63,0.7608474807008886
10.0,25.0,28.0,28.0,100,27.21,3.432744874548263,0.907,0.11442482915160877,0.13949999999999999,0.17163724372741318,0.33333333333333326,0.0,0.007000000000000006,0.015201600719068962,0.75,0.8211226608993473,4.79,0.45604802157206853,0.2,0.4494665749754947,0.01,0.09999999999999999,0.01,0.09999999999999999,17.25,3.4034296427770214,14.3,5.018148879997303,2.75,3.4034296427770223,5.0,0.0,30.0,0.0,6.0,0.0,1.5,0.0,0.63,0.7608474807008886
10.0,25.0,29.0,29.0,100,27.01,3.554752118821034,0.9003333333333333,0.11849173729403444,0.1495,0.17773760594105165,0.33333333333333326,0.0,0.006666666666666663,0.015713484026367717,0.79,0.844411216783803,4.78,0.46231739501923746,0.21,0.4333333333333333,0.01,0.09999999999999998,0.01,0.09999999999999998,17.05,3.5316033500695143,14.0,5.323855214356824,2.95,3.531603350069515,5.0,0.0,30.0,0.0,6.0,0.0,1.5,0.0,0.63,0.7608474807008886
10.0,25.0,30.0,30.0,100,26.81,3.6395554174052136,0.8936666666666666,0.12131851391350715,0.1595,0.18197777087026065,0.33333333333333326,0.0,0.006666666666666675,0.01571348402636774,0.82,0.857291954324485,4.76,0.4739688435398097,0.23,0.46828722947879897,0.01,0.1,0.02,0.2,16.84,3.6033654302946325,13.68,5.402730323595189,3.16,3.6033654302946325,5.0,0.0,30.0,0.0,6.0,0.0,1.5,0.0,0.63,0.7608474807008886
10.0,25.0,31.0,31.0,100,26.59,3.779516830859134,0.8863333333333334,0.12598389436197113,0.1705,0.18897584154295674,0.33333333333333326,0.0,0.00733333333333333,0.01680414678125657,0.86,0.8647998542314793,4.73,0.5096047190685833,0.24,0.49482166974424724,0.03,0.1714466079977653,0.03,0.1714466079977653,16.61,3.7440727567824874,13.44,5.543801707649487,3.39,3.744072756782487,5.0,0.0,30.0,0.0,6.0,0.0,1.5,0.0,0.63,0.7608474807008886
10.0,25.0,32.0,32.0,100,26.4,3.9619401430321606,0.88,0.1320646714344054,0.18,0.198097007151608,0.33333333333333326,0.0,0.00633333333333333,0.017533037597843887,0.87,0.8605260312768291,4.7,0.5412294272573257,0.28,0.5333333333333334,0.02,0.1407052941362897,0.03,0.22270150335361366,16.42,3.92654781936726,13.07,5.651950588473456,3.58,3.9265478193672596,5.0,0.0,30.0,0.0,6.0,0.0,1.5,0.0,0.63,0.7608474807008886
10.0,25.0,33.0,33.0,100,26.25,3.990835460999072,0.875,0.1330278486999691,0.1875,0.19954177304995357,0.33333333333333326,0.0,0.005000000000000007,0.011962342709421241,0.89,0.8515582864088137,4.69,0.544856574585172,0.28,0.5333333333333334,0.03,0.1714466079977653,0.03,0.1714466079977653,16.27,3.956467662402457,13.04,5.532128382859932,3.73,3.956467662402457,5.0,0.0,30.0,0.0,6.0,0.0,1.5,0.0,0.63,0.7608474807008886
10.0,25.0,34.0,34.0,100,26.08,4.096512436379771,0.8693333333333334,0.13655041454599245,0.196,0.2048256218189886,0.33333333333333326,0.0,0.00566666666666667,0.014256744716850223,0.92,0.8608194357762264,4.65,0.5573204290227127,0.34,0.5545040554177645,0.01,0.09999999999999998,0.01,0.09999999999999998,16.12,4.048394119832572,12.79,5.585506135336241,3.88,4.048394119832573,5.0,0.0,30.0,0.0,6.0,0.0,1.5,0.0,0.63,0.7608474807008886
10.0,25.0,35.0,35.0,100,25.91,4.119662141683,0.8636666666666667,0.13732207138943334,0.2045,0.20598310708415,0.33333333333333326,0.0,0.005666666666666668,0.01502336377229788,0.94,0.8506681865665152,4.62,0.5646130345536484,0.34,0.5545040554177646,0.04,0.19694638556693236,0.04,0.19694638556693236,15.92,4.135776404092278,12.67,5.458854358662715,4.08,4.135776404092278,5.0,0.0,30.0,0.0,6.0,0.0,1.5,0.0,0.63,0.7608474807008886
10.0,25.0,36.0,36.0,100,25.71,4.105416476369292,0.857,0.13684721587897636,0.2145,0.20527082381846454,0.33333333333333326,0.0,0.006666666666666661,0.018349396085439337,0.99,0.8586458683722453,4.61,0.566666666666667,0.38,0.5646130345536479,0.01,0.1,0.01,0.1,15.75,4.073503939292847,12.64,5.321046452863887,4.25,4.073503939292846,5.0,0.0,30.0,0.0,6.0,0.0,1.5,0.0,0.63,0.7608474807008886
10.0,25.0,37.0,37.0,100,25.51,4.154819521053261,0.8503333333333333,0.13849398403510874,0.2245,0.20774097605266306,0.33333333333333326,0.0,0.006666666666666667,0.016412198797244353,1.03,0.8581751840181855,4.59,0.5876678784428632,0.39,0.5666666666666667,0.02,0.14070529413628968,0.03,0.22270150335361366,15.53,4.127892313214451,12.36,5.457864310175074,4.47,4.127892313214451,5.0,0.0,30.0,0.0,6.0,0.0,1.5,0.0,0.63,0.7608474807008886
10.0,25.0,38.0,38.0,100,25.26,4.28202727405578,0.8420000000000001,0.142734242468526,0.237,0.214101363702789,0.33333333333333326,0.0,0.008333333333333333,0.018577347634090424,1.08,0.8608194357762263,4.52,0.643224201765896,0.46,0.626357112455213,0.02,0.1407052941362897,0.02,0.1407052941362897,15.29,4.245722743675287,12.03,5.4558929312045406,4.71,4.245722743675288,5.0,0.0,30.0,0.0,6.0,0.0,1.5,0.0,0.63,0.7608474807008886
10.0,25.0,39.0,39.0,100,25.04,4.310944493291745,0.8346666666666667,0.14369814977639153,0.248,0.2155472246645873,0.33333333333333326,0.0,0.007333333333333334,0.018700786517846867,1.14,0.8878529316744009,4.48,0.6587407638361193,0.48,0.6432242017658957,0.04,0.19694638556693234,0.04,0.19694638556693234,15.07,4.3,11.9,5.338066081920446,4.93,4.299999999999999,5.0,0.0,30.0,0.0,6.0,0.0,1.5,0.0,0.63,0.7608474807008886
10.0,25.0,40.0,40.0,100,24.78,4.3148323000758415,0.826,0.1438277433358614,0.26099999999999995,0.21574161500379208,0.33333333333333326,0.0,0.00866666666666667,0.021513965917919375,1.17,0.8768054965543265,4.45,0.6723244767373875,0.51,0.6589707309451796,0.04,0.19694638556693236,0.04,0.19694638556693236,14.81,4.29868431833356,11.81,5.283278366982976,5.19,4.298684318333562,5.0,0.0,30.0,0.0,6.0,0.0,1.5,0.0,0.63,0.7608474807008886
10.0,25.0,41.0,41.0,100,24.56,4.335244333869019,0.8186666666666668,0.14450814446230062,0.272,0.21676221669345097,0.33333333333333326,0.0,0.007333333333333334,0.01809068067466582,1.18,0.8805416147766869,4.39,0.6947857747012909,0.57,0.6854181058288289,0.04,0.19694638556693236,0.04,0.19694638556693236,14.6,4.304097178881133,11.71,5.199640624722311,5.4,4.304097178881133,5.0,0.0,30.0,0.0,6.0,0.0,1.5,0.0,0.63,0.7608474807008886
10.0,25.0,42.0,42.0,100,24.42,4.348876552941837,0.8140000000000001,0.1449625517647279,0.27899999999999997,0.21744382764709183,0.33333333333333326,0.0,0.00466666666666666,0.013417244377632573,1.22,0.8828329057040971,4.38,0.6931118527366563,0.6,0.6816498108607268,0.02,0.1407052941362897,0.02,0.1407052941362897,14.48,4.307569095806998,11.73,5.132300171512288,5.52,4.307569095806997,5.0,0.0,30.0,0.0,6.0,0.0,1.5,0.0,0.63,0.7608474807008886
10.0,25.0,43.0,43.0,100,24.13,4.298590325662448,0.8043333333333333,0.14328634418874828,0.2935,0.21492951628312235,0.33333333333333326,0.0,0.009666666666666667,0.01970318472266573,1.28,0.877093455278814,4.34,0.6849021164304496,0.61,0.680092091209163,0.05,0.2190429135575903,0.06,0.2777979790634143,14.15,4.27908939619238,11.52,5.068181591701765,5.85,4.27908939619238,5.0,0.0,30.0,0.0,6.0,0.0,1.5,0.0,0.63,0.7608474807008886
10.0,25.0,44.0,44.0,100,23.99,4.316973781048783,0.7996666666666666,0.14389912603495944,0.3005,0.21584868905243915,0.33333333333333326,0.0,0.004666666666666667,0.013417244377632587,1.34,0.9451631252505216,4.33,0.6824643402827548,0.65,0.6871842709362769,0.02,0.14070529413628968,0.02,0.14070529413628968,14.05,4.276728193421232,11.39,5.080950758082645,5.95,4.276728193421233,5.0,0.0,30.0,0.0,6.0,0.0,1.5,0.0,0.63,0.7608474807008886
10.0,25.0,45.0,45.0,100,23.74,4.324279586173162,0.7913333333333334,0.14414265287243883,0.313,0.21621397930865813,0.33333333333333326,0.0,0.008333333333333342,0.017326986665059045,1.36,0.9483638222717792,4.28,0.6974701760395542,0.71,0.7005769628014332,0.01,0.09999999999999999,0.01,0.09999999999999999,13.82,4.2649144129155685,11.19,5.239120521460051,6.18,4.2649144129155685,5.0,0.0,30.0,0.0,6.0,0.0,1.5,0.0,0.63,0.7608474807008886
10.0,25.0,46.0,46.0,100,23.55,4.388633159663839,0.785,0.14628777198879464,0.3225,0.21943165798319192,0.33333333333333326,0.0,0.006333333333333333,0.019358395459011447,1.38,0.9511290473150658,4.27,0.6942039987778752,0.71,0.7005769628014333,0.02,0.1407052941362897,0.03,0.22270150335361366,13.63,4.312666334078131,11.25,5.1254465191046545,6.37,4.3126663340781315,5.0,0.0,30.0,0.0,6.0,0.0,1.5,0.0,0.63,0.7608474807008886
10.0,25.0,47.0,47.0,100,23.37,4.384672568773356,0.779,0.1461557522924452,0.33149999999999996,0.21923362843866775,0.33333333333333326,0.0,0.0059999999999999975,0.015982594348540186,1.4,0.9428090415820632,4.26,0.7052472881009452,0.72,0.7118052168020875,0.02,0.1407052941362897,0.02,0.1407052941362897,13.46,4.309772779873833,11.13,5.102296967389721,6.54,4.309772779873833,5.0,0.0,30.0,0.0,6.0,0.0,1.5,0.0,0.63,0.7608474807008886
10.0,25.0,48.0,48.0,100,23.21,4.369996417260394,0.7736666666666667,0.1456665472420132,0.3395,0.21849982086301975,0.33333333333333326,0.0,0.005333333333333331,0.014770978917519925,1.44,0.9462312272132724,4.21,0.700576962801433,0.78,0.7046741492105812,0.01,0.09999999999999999,0.01,0.09999999999999999,13.31,4.305727920955169,10.98,5.098979894017621,6.69,4.30572792095517,5.0,0.0,30.0,0.0,6.0,0.0,1.5,0.0,0.63,0.7608474807008886
10.0,25.0,49.0,49.0,100,23.07,4.388356955362311,0.769,0.14627856517874369,0.3465,0.21941784776811551,0.33333333333333326,0.0,0.004666666666666667,0.01341724437763259,1.47,0.9369518599580172,4.16,0.7066781016799231,0.82,0.7018014338295789,0.02,0.19999999999999998,0.02,0.19999999999999998,13.18,4.295593231687703,10.9,5.0761872274057005,6.82,4.295593231687703,5.0,0.0,30.0,0.0,6.0,0.0,1.5,0.0,0.63,0.7608474807008886
10.0,25.0,50.0,50.0,100,22.91,4.31369676704098,0.7636666666666667,0.14378989223469935,0.35450000000000004,0.215684838352049,0.33333333333333326,0.0,0.0053333333333333375,0.016897392861677976,1.52,0.9372213390570227,4.17,0.697108023163983,0.82,0.7018014338295788,0.01,0.09999999999999999,0.01,0.09999999999999999,13.01,4.258076105615319,10.72,5.003190901006995,6.99,4.25807610561532,5.0,0.0,30.0,0.0,6.0,0.0,1.5,0.0,0.63,0.7608474807008886
10.0,25.0,51.0,51.0,100,22.7,4.363531143512561,0.7566666666666667,0.1454510381170854,0.365,0.21817655717562803,0.33333333333333326,0.0,0.006999999999999998,0.01592279352172079,1.55,0.9360890055238477,4.15,0.7017294652672372,0.83,0.697108023163983,0.02,0.1407052941362897,0.02,0.1407052941362897,12.81,4.291629155470078,10.4,5.04524979109513,7.19,4.291629155470078,5.0,0.0,30.0,0.0,6.0,0.0,1.5,0.0,0.63,0.7608474807008886
10.0,25.0,52.0,52.0,100,22.51,4.414153086917974,0.7503333333333333,0.14713843623059908,0.37450000000000006,0.2207076543458987,0.33333333333333326,0.0,0.00633333333333334,0.014751971087077978,1.56,0.935495331442929,4.09,0.7120180453961099,0.9,0.7177405625652735,0.01,0.1,0.01,0.1,12.63,4.322024871503979,10.23,4.992630933321993,7.37,4.322024871503979,5.0,0.0,30.0,0.0,6.0,0.0,1.5,0.0,0.63,0.7608474807008886
10.0,25.0,53.0,53.0,100,22.34,4.397474022410796,0.7446666666666667,0.14658246741369318,0.38299999999999995,0.21987370112053972,0.33333333333333326,0.0,0.005666666666666662,0.013446489534747742,1.62,0.9076554323301237,4.08,0.7061061241667986,0.91,0.6976873775321413,0.01,0.1,0.02,0.2,12.45,4.323707257024282,10.2,4.896917191437688,7.55,4.3237072570242825,5.0,0.0,30.0,0.0,6.0,0.0,1.5,0.0,0.63,0.7608474807008886
10.0,25.0,54.0,54.0,100,22.18,4.432159789994083,0.7393333333333334,0.14773865966646954,0.391,0.2216079894997042,0.33333333333333326,0.0,0.005333333333333337,0.013990537125802662,1.64,0.9268170795739034,4.07,0.6999999999999998,0.88,0.6857864319910612,0.05,0.21904291355759034,0.05,0.21904291355759034,12.27,4.359721518305007,9.84,4.896339593425012,7.73,4.359721518305008,5.0,0.0,30.0,0.0,6.0,0.0,1.5,0.0,0.63,0.7608474807008886
10.0,25.0,55.0,55.0,100,22.02,4.4675711431595495,0.7340000000000001,0.14891903810531829,0.39899999999999997,0.22337855715797741,0.33333333333333326,0.0,0.005333333333333336,0.014770978917519936,1.64,0.9268170795739034,4.03,0.7028800779936817,0.96,0.709531072916714,0.01,0.09999999999999999,0.01,0.09999999999999999,12.17,4.3206223831501145,9.74,4.8505336580294705,7.83,4.3206223831501145,5.0,0.0,30.0,0.0,6.0,0.0,1.5,0.0,0.63,0.7608474807008886
10.0,25.0,56.0,56.0,100,21.84,4.4624584427796465,0.728,0.1487486147593216,0.408,0.22312292213898238,0.33333333333333326,0.0,0.006,0.014510339206347912,1.69,0.950225916784684,4.01,0.6889459083603476,0.97,0.7028800779936817,0.02,0.1407052941362897,0.02,0.1407052941362897,11.98,4.336781844602835,9.74,4.751650430974674,8.02,4.336781844602835,5.0,0.0,30.0,0.0,6.0,0.0,1.5,0.0,0.63,0.7608474807008886
10.0,25.0,57.0,57.0,100,21.69,4.516401088021167,0.723,0.15054670293403896,0.4155,0.22582005440105835,0.33333333333333326,0.0,0.004999999999999998,0.013710981778281034,1.71,0.9352253550061957,3.98,0.7244642743769252,0.99,0.7176701923937657,0.03,0.22270150335361366,0.03,0.22270150335361366,11.83,4.37867882846279,9.58,4.6951081355002255,8.17,4.378678828462791,5.0,0.0,30.0,0.0,6.0,0.0,1.5,0.0,0.63,0.7608474807008886
10.0,25.0,58.0,58.0,100,21.56,4.55121251465314,0.7186666666666666,0.1517070838217714,0.42200000000000004,0.22756062573265695,0.33333333333333326,0.0,0.004333333333333332,0.01310837156792324,1.74,0.9387289924212,3.99,0.7316095442601368,1.01,0.7316095442601369,0.0,0.0,0.0,0.0,11.71,4.4159833662400825,9.48,4.613287790982072,8.29,4.4159833662400825,5.0,0.0,30.0,0.0,6.0,0.0,1.5,0.0,0.63,0.7608474807008886
10.0,25.0,59.0,59.0,100,21.41,4.503859175723357,0.7136666666666666,0.15012863919077857,0.42950000000000005,0.22519295878616777,0.33333333333333326,0.0,0.004999999999999999,0.014506471329641484,1.76,0.9333333333333332,3.97,0.731057073315377,1.02,0.7244642743769254,0.01,0.09999999999999999,0.01,0.09999999999999999,11.55,4.381722828921856,9.4,4.572645941803378,8.45,4.381722828921856,5.0,0.0,30.0,0.0,6.0,0.0,1.5,0.0,0.63,0.7608474807008886
10.0,25.0,60.0,60.0,100,21.26,4.5162333460931405,0.7086666666666668,0.150541111536438,0.43699999999999994,0.22581166730465704,0.33333333333333326,0.0,0.004999999999999999,0.013710981778281037,1.79,0.9243616415908031,3.96,0.7236272269866326,1.01,0.7316095442601369,0.03,0.1714466079977653,0.03,0.1714466079977653,11.39,4.387528238131811,9.3,4.5427264540541765,8.61,4.387528238131811,5.0,0.0,30.0,0.0,6.0,0.0,1.5,0.0,0.63,0.7608474807008886
10.0,25.0,61.0,61.0,100,21.1,4.484541349024569,0.7033333333333333,0.1494847116341524,0.445,0.22422706745122847,0.33333333333333326,0.0,0.005333333333333333,0.016219592979126507,1.83,0.8995509541943241,3.92,0.7202693099028161,1.06,0.722229992188196,0.02,0.1407052941362897,0.02,0.1407052941362897,11.26,4.382287581211946,9.12,4.497541415915899,8.74,4.382287581211946,5.0,0.0,30.0,0.0,6.0,0.0,1.5,0.0,0.63,0.7608474807008886
10.0,25.0,62.0,62.0,100,20.96,4.412837104758266,0.6986666666666665,0.14709457015860888,0.452,0.2206418552379133,0.33333333333333326,0.0,0.004666666666666669,0.014229164972073001,1.87,0.8721852272923857,3.91,0.7260659179246175,1.08,0.7341593144474154,0.01,0.09999999999999999,0.01,0.09999999999999999,11.13,4.2726638722998755,9.05,4.409299172421757,8.87,4.2726638722998755,5.0,0.0,30.0,0.0,6.0,0.0,1.5,0.0,0.63,0.7608474807008886
10.0,25.0,63.0,63.0,100,20.8,4.438126822992972,0.6933333333333332,0.14793756076643247,0.46,0.22190634114964866,0.33333333333333326,0.0,0.005333333333333337,0.016897392861677973,1.88,0.8678313851960605,3.87,0.733815268637038,1.12,0.7423685817106697,0.01,0.09999999999999999,0.01,0.09999999999999999,10.99,4.26755435841422,8.84,4.237208915540913,9.01,4.26755435841422,5.0,0.0,30.0,0.0,6.0,0.0,1.5,0.0,0.63,0.7608474807008886
10.0,25.0,64.0,64.0,100,20.65,4.466203051471093,0.6883333333333332,0.1488734350490365,0.4675,0.22331015257355466,0.33333333333333326,0.0,0.005000000000000002,0.01666666666666667,1.89,0.8633385983225442,3.84,0.7208300490378848,1.1,0.7035264706814486,0.06,0.2777979790634143,0.06,0.2777979790634143,10.82,4.330721823801608,8.74,4.116043996584363,9.18,4.330721823801608,5.0,0.0,30.0,0.0,6.0,0.0,1.5,0.0,0.63,0.7608474807008886
10.0,25.0,65.0,65.0,100,20.51,4.404990283069803,0.6836666666666666,0.14683300943566016,0.47450000000000003,0.22024951415349023,0.33333333333333326,0.0,0.004666666666666667,0.01255291828921696,1.95,0.8572330399888264,3.84,0.7208300490378848,1.13,0.7474535896541461,0.03,0.17144660799776532,0.03,0.17144660799776532,10.71,4.236195644130891,8.66,4.0407520052184305,9.29,4.236195644130891,5.0,0.0,30.0,0.0,6.0,0.0,1.5,0.0,0.63,0.7608474807008886
10.0,25.0,66.0,66.0,100,20.31,4.301033467538806,0.677,0.1433677822512935,0.48450000000000004,0.2150516733769403,0.33333333333333326,0.0,0.006666666666666666,0.01641219879724436,1.97,0.8698658900466592,3.81,0.706320670013903,1.17,0.7255092255537737,0.02,0.14070529413628968,0.02,0.14070529413628968,10.52,4.108331028335452,8.39,3.829431479285856,9.48,4.108331028335452,5.0,0.0,30.0,0.0,6.0,0.0,1.5,0.0,0.63,0.7608474807008886
10.0,25.0,67.0,67.0,100,20.17,4.273609408186174,0.6723333333333333,0.14245364693953913,0.4915,0.21368047040930863,0.33333333333333326,0.0,0.004666666666666669,0.012552918289216963,2.01,0.8818598344843515,3.8,0.7106690545187014,1.19,0.7063206700139031,0.01,0.09999999999999999,0.01,0.09999999999999999,10.39,4.089639533644929,8.35,3.7668811952852894,9.61,4.089639533644929,5.0,0.0,30.0,0.0,6.0,0.0,1.5,0.0,0.63,0.7608474807008886
10.0,25.0,68.0,68.0,100,20.09,4.24286686002745,0.6696666666666666,0.14142889533424835,0.4955,0.21214334300137247,0.33333333333333326,0.0,0.002666666666666666,0.010249414863810764,2.02,0.8759410523960658,3.78,0.7046741492105812,1.21,0.7148497051899098,0.01,0.09999999999999998,0.01,0.09999999999999998,10.31,4.046934243063108,8.15,3.73726794827073,9.69,4.046934243063108,5.0,0.0,30.0,0.0,6.0,0.0,1.5,0.0,0.63,0.7608474807008886
10.0,25.0,69.0,69.0,100,19.95,4.257791432044069,0.665,0.14192638106813563,0.5025,0.21288957160220343,0.33333333333333326,0.0,0.004666666666666665,0.015727762524567205,2.02,0.8759410523960658,3.75,0.701729465267237,1.23,0.694203998777875,0.02,0.14070529413628968,0.02,0.14070529413628968,10.18,4.071035904205873,8.2,3.8032415732696316,9.82,4.071035904205873,5.0,0.0,30.0,0.0,6.0,0.0,1.5,0.0,0.63,0.7608474807008886
10.0,25.0,70.0,70.0,100,19.8,4.213973867690183,0.66,0.14046579558967276,0.51,0.2106986933845092,0.33333333333333326,0.0,0.004999999999999998,0.013710981778281037,2.05,0.8804842561071294,3.73,0.7227193316379688,1.25,0.7159792333764037,0.02,0.1407052941362897,0.02,0.1407052941362897,10.04,4.00484554992922,8.2,3.85075094342426,9.96,4.00484554992922,5.0,0.0,30.0,0.0,6.0,0.0,1.5,0.0,0.63,0.7608474807008886
10.0,25.0,71.0,71.0,100,19.66,4.183227693945662,0.6553333333333333,0.1394409231315221,0.517,0.2091613846972831,0.33333333333333326,0.0,0.00466666666666667,0.011624502933992574,2.1,0.881917103688197,3.71,0.7288430017583493,1.29,0.7288430017583494,0.0,0.0,0.0,0.0,9.92,3.9662210088331036,8.08,3.8708441383546237,10.08,3.9662210088331036,5.0,0.0,30.0,0.0,6.0,0.0,1.5,0.0,0.63,0.7608474807008886
10.0,25.0,72.0,72.0,100,19.48,4.159642564286775,0.6493333333333333,0.13865475214289252,0.526,0.2079821282143388,0.33333333333333326,0.0,0.006000000000000001,0.014510339206347912,2.14,0.8878529316744009,3.71,0.7288430017583493,1.29,0.7288430017583494,0.0,0.0,0.0,0.0,9.74,3.932819689112471,7.94,3.8738178385753566,10.26,3.932819689112471,5.0,0.0,30.0,0.0,6.0,0.0,1.5,0.0,0.63,0.7608474807008886
10.0,25.0,73.0,73.0,100,19.35,4.17393305788643,0.645,0.1391311019295477,0.5325,0.20869665289432157,0.33333333333333326,0.0,0.004333333333333331,0.01222222222222222,2.17,0.8768054965543263,3.69,0.7343656645656369,1.3,0.7453559924999299,0.01,0.1,0.01,0.1,9.61,3.9565697825824384,7.85,3.862210075418823,10.39,3.9565697825824384,5.0,0.0,30.0,0.0,6.0,0.0,1.5,0.0,0.63,0.7608474807008886
10.0,25.0,74.0,74.0,100,19.21,4.063374226060172,0.6403333333333333,0.13544580753533908,0.5395,0.2031687113030086,0.33333333333333326,0.0,0.0046666666666666645,0.013417244377632585,2.21,0.8323630715188433,3.67,0.7114503609961949,1.32,0.7230686570639628,0.01,0.1,0.01,0.1,9.47,3.8282707017211526,7.74,3.886313721694936,10.53,3.8282707017211526,5.0,0.0,30.0,0.0,6.0,0.0,1.5,0.0,0.63,0.7608474807008886
10.0,25.0,75.0,75.0,100,19.11,4.054913467920522,0.637,0.13516378226401743,0.5445,0.20274567339602612,0.33333333333333326,0.0,0.0033333333333333344,0.01111111111111112,2.22,0.835814488140675,3.65,0.701729465267237,1.34,0.6994947671662236,0.01,0.1,0.02,0.2,9.38,3.8212061134694326,7.61,3.754848717177417,10.62,3.8212061134694326,5.0,0.0,30.0,0.0,6.0,0.0,1.5,0.0,0.63,0.7608474807008886
10.0,25.0,76.0,76.0,100,18.97,3.9707389333432235,0.6323333333333333,0.1323579644447741,0.5515,0.19853694666716118,0.33333333333333326,0.0,0.004666666666666669,0.013417244377632599,2.26,0.7992420652017002,3.65,0.701729465267237,1.32,0.7230686570639628,0.03,0.17144660799776532,0.03,0.17144660799776532,9.23,3.700545960265918,7.52,3.7483464367772896,10.77,3.700545960265918,5.0,0.0,30.0,0.0,6.0,0.0,1.5,0.0,0.63,0.7608474807008886
10.0,25.0,77.0,77.0,100,18.83,3.8666013578601643,0.6276666666666667,0.12888671192867213,0.5585,0.1933300678930082,0.33333333333333326,0.0,0.004666666666666667,0.014229164972073003,2.31,0.774531464757236,3.64,0.7038135657640703,1.35,0.7159792333764037,0.01,0.09999999999999999,0.02,0.19999999999999998,9.11,3.615049910939801,7.32,3.615007998370519,10.89,3.615049910939801,5.0,0.0,30.0,0.0,6.0,0.0,1.5,0.0,0.63,0.7608474807008886
10.0,25.0,78.0,78.0,100,18.7,3.844187531556933,0.6233333333333334,0.12813958438523113,0.565,0.1922093765778466,0.33333333333333326,0.0,0.0043333333333333375,0.01393829596027056,2.35,0.7961396760860396,3.64,0.7038135657640703,1.35,0.7159792333764037,0.01,0.09999999999999999,0.01,0.09999999999999999,8.99,3.605537267856066,7.26,3.560785295295394,11.01,3.605537267856066,5.0,0.0,30.0,0.0,6.0,0.0,1.5,0.0,0.63,0.7608474807008886
10.0,25.0,79.0,79.0,100,18.59,3.8034938749215375,0.6196666666666667,0.12678312916405127,0.5705,0.1901746937460769,0.33333333333333326,0.0,0.0036666666666666653,0.010482201257840669,2.37,0.8122173167921067,3.63,0.7057484028184604,1.37,0.7057484028184605,0.0,0.0,0.0,0.0,8.89,3.5728917637616115,7.14,3.6349037473536017,11.11,3.5728917637616115,5.0,0.0,30.0,0.0,6.0,0.0,1.5,0.0,0.63,0.7608474807008886
10.0,25.0,80.0,80.0,100,18.46,3.820254367753989,0.6153333333333333,0.12734181225846633,0.5770000000000001,0.1910127183876995,0.33333333333333326,0.0,0.004333333333333333,0.013938295960270549,2.39,0.8396127053287695,3.6,0.6963106238227913,1.39,0.7091750791795302,0.01,0.09999999999999998,0.01,0.09999999999999998,8.75,3.591164803579006,7.09,3.62955043547219,11.25,3.591164803579006,5.0,0.0,30.0,0.0,6.0,0.0,1.5,0.0,0.63,0.7608474807008886
10.0,25.0,81.0,81.0,100,18.33,3.819289161214388,0.611,0.12730963870714626,0.5835,0.19096445806071938,0.33333333333333326,0.0,0.004333333333333334,0.013108371567923252,2.42,0.854932214218818,3.58,0.6989169110021939,1.41,0.6976873775321413,0.01,0.09999999999999999,0.01,0.09999999999999999,8.62,3.597923082147604,7.07,3.5992563766209345,11.38,3.597923082147604,5.0,0.0,30.0,0.0,6.0,0.0,1.5,0.0,0.63,0.7608474807008886
10.0,25.0,82.0,82.0,100,18.18,3.835980640559526,0.606,0.12786602135198422,0.591,0.19179903202797632,0.33333333333333326,0.0,0.004999999999999999,0.014506471329641486,2.44,0.8682968351545419,3.55,0.6723244767373876,1.45,0.6723244767373876,0.0,0.0,0.0,0.0,8.49,3.5943136909695155,7.01,3.580234742035892,11.51,3.5943136909695155,5.0,0.0,30.0,0.0,6.0,0.0,1.5,0.0,0.63,0.7608474807008886
10.0,25.0,83.0,83.0,100,18.03,3.862419297316493,0.601,0.12874730991054975,0.5985,0.1931209648658246,0.33333333333333326,0.0,0.004999999999999998,0.013710981778281037,2.44,0.8682968351545419,3.53,0.6883591968139771,1.46,0.6730002176294544,0.01,0.1,0.01,0.1,8.33,3.618289679119156,6.93,3.6104645885889193,11.67,3.618289679119156,5.0,0.0,30.0,0.0,6.0,0.0,1.5,0.0,0.63,0.7608474807008886
10.0,25.0,84.0,84.0,100,17.93,3.8592797778912593,0.5976666666666667,0.12864265926304197,0.6035,0.19296398889456295,0.33333333333333326,0.0,0.003333333333333333,0.01111111111111111,2.46,0.8459051693633014,3.51,0.6889459083603475,1.49,0.6889459083603476,0.0,0.0,0.0,0.0,8.24,3.610086878833704,6.84,3.6423990318292567,11.76,3.610086878833704,5.0,0.0,30.0,0.0,6.0,0.0,1.5,0.0,0.63,0.7608474807008886
10.0,25.0,85.0,85.0,100,17.85,3.8517344905715647,0.595,0.1283911496857188,0.6075,0.1925867245285782,0.33333333333333326,0.0,0.0026666666666666657,0.010249414863810763,2.5,0.8468599159080072,3.49,0.7034546786030248,1.51,0.7034546786030247,0.0,0.0,0.0,0.0,8.16,3.6033654302946334,6.77,3.606545676568053,11.84,3.6033654302946334,5.0,0.0,30.0,0.0,6.0,0.0,1.5,0.0,0.63,0.7608474807008886
10.0,25.0,86.0,86.0,100,17.72,3.8114129515008837,0.5906666666666667,0.12704709838336287,0.614,0.19057064757504424,0.33333333333333326,0.0,0.004333333333333335,0.01310837156792325,2.53,0.8221061889187953,3.48,0.7032392583932261,1.52,0.7032392583932261,0.0,0.0,0.0,0.0,8.04,3.5757883922657707,6.65,3.5572518049809743,11.96,3.5757883922657707,5.0,0.0,30.0,0.0,6.0,0.0,1.5,0.0,0.63,0.7608474807008886
10.0,25.0,87.0,87.0,100,17.59,3.7580754799672804,0.5863333333333334,0.12526918266557605,0.6204999999999999,0.18790377399836408,0.33333333333333326,0.0,0.004333333333333333,0.011266588966321036,2.57,0.7946157193349133,3.48,0.7032392583932261,1.51,0.7034546786030247,0.01,0.09999999999999999,0.01,0.09999999999999999,7.9,3.526236440504725,6.6,3.5391033504621654,12.1,3.526236440504725,5.0,0.0,30.0,0.0,6.0,0.0,1.5,0.0,0.63,0.7608474807008886
10.0,25.0,88.0,88.0,100,17.51,3.737592267703362,0.5836666666666667,0.12458640892344539,0.6245,0.18687961338516806,0.33333333333333326,0.0,0.002666666666666667,0.011291465545440102,2.59,0.8052228501376737,3.48,0.7032392583932261,1.52,0.7032392583932261,0.0,0.0,0.0,0.0,7.83,3.4932980567268093,6.46,3.485670522281042,12.17,3.4932980567268093,5.0,0.0,30.0,0.0,6.0,0.0,1.5,0.0,0.63,0.7608474807008886
10.0,25.0,89.0,89.0,100,17.44,3.745219174716837,0.5813333333333334,0.12484063915722789,0.628,0.18726095873584178,0.33333333333333326,0.0,0.0023333333333333327,0.008547746665874757,2.6,0.816496580927726,3.47,0.7028800779936817,1.53,0.7028800779936816,0.0,0.0,0.0,0.0,7.76,3.5079131325411317,6.42,3.484974964766677,12.24,3.507913132541132,5.0,0.0,30.0,0.0,6.0,0.0,1.5,0.0,0.63,0.7608474807008886
10.0,25.0,90.0,90.0,100,17.32,3.703342743353291,0.5773333333333334,0.12344475811177634,0.634,0.18516713716766456,0.33333333333333326,0.0,0.003999999999999999,0.011872876973668777,2.62,0.8137703743822469,3.45,0.701729465267237,1.55,0.701729465267237,0.0,0.0,0.0,0.0,7.64,3.474350458878768,6.34,3.4908827860961797,12.36,3.474350458878768,5.0,0.0,30.0,0.0,6.0,0.0,1.5,0.0,0.63,0.7608474807008886
10.0,25.0,91.0,91.0,100,17.21,3.632888490977777,0.5736666666666667,0.12109628303259254,0.6395000000000001,0.18164442454888893,0.33333333333333326,0.0,0.0036666666666666714,0.011503183573395352,2.67,0.8171767114754174,3.44,0.7009373233842889,1.56,0.7009373233842888,0.0,0.0,0.0,0.0,7.54,3.418369863729278,6.31,3.4922569472847482,12.46,3.4183698637292785,5.0,0.0,30.0,0.0,6.0,0.0,1.5,0.0,0.63,0.7608474807008886
10.0,25.0,92.0,92.0,100,17.08,3.6395137870408734,0.5693333333333332,0.12131712623469579,0.6459999999999999,0.18197568935204372,0.33333333333333326,0.0,0.004333333333333334,0.012222222222222225,2.69,0.8127146181194543,3.4,0.6816498108607267,1.6,0.6816498108607267,0.0,0.0,0.0,0.0,7.41,3.426265157470001,6.26,3.4600753188509072,12.59,3.426265157470002,5.0,0.0,30.0,0.0,6.0,0.0,1.5,0.0,0.63,0.7608474807008886
10.0,25.0,93.0,93.0,100,17.01,3.625094913421319,0.567,0.120836497114044,0.6495000000000001,0.18125474567106595,0.33333333333333326,0.0,0.0023333333333333322,0.008547746665874757,2.74,0.7992420652017,3.39,0.6947857747012907,1.59,0.6976873775321415,0.02,0.14070529413628968,0.02,0.14070529413628968,7.32,3.43152350062673,6.23,3.4255575377512555,12.68,3.4315235006267306,5.0,0.0,30.0,0.0,6.0,0.0,1.5,0.0,0.63,0.7608474807008886
10.0,25.0,94.0,94.0,100,16.92,3.6395137870408747,0.564,0.12131712623469582,0.654,0.18197568935204372,0.33333333333333326,0.0,0.003,0.012619796324000608,2.76,0.830236670650562,3.39,0.6947857747012907,1.61,0.6947857747012905,0.0,0.0,0.0,0.0,7.25,3.435921354681384,6.12,3.370340030203469,12.75,3.435921354681384,5.0,0.0,30.0,0.0,6.0,0.0,1.5,0.0,0.63,0.7608474807008886
10.0,25.0,95.0,95.0,100,16.86,3.5901661422966114,0.5619999999999999,0.11967220474322036,0.657,0.17950830711483057,0.33333333333333326,0.0,0.0020000000000000013,0.007956108552531408,2.78,0.8112840551753858,3.36,0.6744994402884964,1.64,0.6744994402884964,0.0,0.0,0.0,0.0,7.19,3.389511451343376,6.05,3.403429642777022,12.81,3.3895114513433766,5.0,0.0,30.0,0.0,6.0,0.0,1.5,0.0,0.63,0.7608474807008886
10.0,25.0,96.0,96.0,100,16.76,3.596069683935112,0.5586666666666666,0.11986898946450375,0.662,0.17980348419675551,0.33333333333333326,0.0,0.003333333333333335,0.011111111111111117,2.81,0.8127146181194543,3.35,0.6723244767373875,1.65,0.6723244767373875,0.0,0.0,0.0,0.0,7.1,3.4038006090043793,5.99,3.388915383238047,12.9,3.4038006090043793,5.0,0.0,30.0,0.0,6.0,0.0,1.5,0.0,0.63,0.7608474807008886
10.0,25.0,97.0,97.0,100,16.66,3.585098226399004,0.5553333333333333,0.1195032742133002,0.667,0.17925491131995025,0.33333333333333326,0.0,0.003333333333333335,0.011111111111111118,2.81,0.8127146181194543,3.35,0.6723244767373875,1.65,0.6723244767373875,0.0,0.0,0.0,0.0,7.0,3.402316501408647,5.96,3.3692609266602065,13.0,3.402316501408647,5.0,0.0,30.0,0.0,6.0,0.0,1.5,0.0,0.63,0.7608474807008886
10.0,25.0,98.0,98.0,100,16.6,3.5703605906791474,0.5533333333333332,0.11901201968930489,0.67,0.17851802953395735,0.33333333333333326,0.0,0.0020000000000000013,0.007956108552531406,2.83,0.8294454761946669,3.35,0.6723244767373875,1.65,0.6723244767373875,0.0,0.0,0.0,0.0,6.94,3.368961114334654,5.88,3.3882744930722546,13.06,3.3689611143346534,5.0,0.0,30.0,0.0,6.0,0.0,1.5,0.0,0.63,0.7608474807008886
10.0,25.0,99.0,99.0,100,16.56,3.5656044864139598,0.5519999999999999,0.11885348288046531,0.672,0.17828022432069796,0.33333333333333326,0.0,0.0013333333333333335,0.006564879518897747,2.85,0.8333333333333334,3.35,0.6723244767373875,1.65,0.6723244767373875,0.0,0.0,0.0,0.0,6.9,3.365001088147272,5.79,3.3912990270557235,13.1,3.365001088147271,5.0,0.0,30.0,0.0,6.0,0.0,1.5,0.0,0.63,0.7608474807008886
10.0,25.0,100.0,100.0,100,16.5,3.568945745927463,0.55,0.11896485819758208,0.675,0.17844728729637313,0.33333333333333326,0.0,0.002,0.007956108552531403,2.87,0.8367203894378398,3.34,0.6699917080747261,1.66,0.669991708074726,0.0,0.0,0.0,0.0,6.84,3.3596536618039554,5.74,3.4189607966885096,13.16,3.359653661803956,5.0,0.0,30.0,0.0,6.0,0.0,1.5,0.0,0.63,0.7608474807008886
10.0,25.0,101.0,101.0,100,16.43,3.5483813353429325,0.5476666666666666,0.11827937784476444,0.6785,0.1774190667671467,0.33333333333333326,0.0,0.0023333333333333344,0.009772955652070104,2.9,0.846859915908007,3.34,0.6699917080747261,1.66,0.669991708074726,0.0,0.0,0.0,0.0,6.77,3.335923236284647,5.68,3.4167738342394625,13.23,3.3359232362846476,5.0,0.0,30.0,0.0,6.0,0.0,1.5,0.0,0.63,0.7608474807008886
10.0,25.0,102.0,102.0,100,16.38,3.538475389317847,0.546,0.11794917964392822,0.6809999999999999,0.1769237694658923,0.33333333333333326,0.0,0.0016666666666666657,0.007301430451919674,2.9,0.846859915908007,3.34,0.6699917080747261,1.66,0.669991708074726,0.0,0.0,0.0,0.0,6.72,3.330544287729147,5.57,3.343182419023629,13.28,3.330544287729147,5.0,0.0,30.0,0.0,6.0,0.0,1.5,0.0,0.63,0.7608474807008886
10.0,25.0,103.0,103.0,100,16.31,3.503807452852777,0.5436666666666666,0.11679358176175922,0.6845,0.17519037264263893,0.33333333333333326,0.0,0.0023333333333333327,0.008547746665874757,2.93,0.8439325934114774,3.34,0.6699917080747261,1.66,0.669991708074726,0.0,0.0,0.0,0.0,6.65,3.2948536547258986,5.44,3.257687101691207,13.35,3.2948536547258973,5.0,0.0,30.0,0.0,6.0,0.0,1.5,0.0,0.63,0.7608474807008886
10.0,25.0,104.0,104.0,100,16.26,3.540872459970535,0.5419999999999999,0.11802908199901777,0.687,0.17704362299852663,0.33333333333333326,0.0,0.0016666666666666674,0.008703882797784897,2.95,0.8453676505795953,3.33,0.667499479816693,1.67,0.667499479816693,0.0,0.0,0.0,0.0,6.6,3.339388439746887,5.39,3.26875319881258,13.4,3.339388439746887,5.0,0.0,30.0,0.0,6.0,0.0,1.5,0.0,0.63,0.7608474807008886
10.0,25.0,105.0,105.0,100,16.19,3.5666666666666655,0.5396666666666667,0.1188888888888889,0.6905,0.1783333333333333,0.33333333333333326,0.0,0.0023333333333333327,0.009772955652070097,2.95,0.8453676505795953,3.31,0.646591685749831,1.69,0.646591685749831,0.0,0.0,0.0,0.0,6.53,3.355848204510622,5.29,3.2915410409476014,13.47,3.355848204510622,5.0,0.0,30.0,0.0,6.0,0.0,1.5,0.0,0.63,0.7608474807008886
10.0,25.0,106.0,106.0,100,16.09,3.550771718652128,0.5363333333333333,0.11835905728840429,0.6955,0.17753858593260644,0.33333333333333326,0.0,0.003333333333333335,0.011111111111111115,2.97,0.8581751840181857,3.31,0.646591685749831,1.69,0.646591685749831,0.0,0.0,0.0,0.0,6.43,3.3280412536293156,5.29,3.3037933508393804,13.57,3.328041253629315,5.0,0.0,30.0,0.0,6.0,0.0,1.5,0.0,0.63,0.7608474807008886
10.0,25.0,107.0,107.0,100,16.03,3.5942012782095025,0.5343333333333333,0.11980670927365014,0.6984999999999999,0.17971006391047514,0.33333333333333326,0.0,0.002,0.0079561085525314,2.97,0.8581751840181857,3.29,0.6403124237432849,1.71,0.6403124237432849,0.0,0.0,0.0,0.0,6.37,3.3714637291193976,5.19,3.2866273278117792,13.63,3.3714637291193976,5.0,0.0,30.0,0.0,6.0,0.0,1.5,0.0,0.63,0.7608474807008886
10.0,25.0,108.0,108.0,100,16.0,3.5788379130774852,0.5333333333333333,0.11929459710258287,0.7,0.1789418956538742,0.33333333333333326,0.0,0.0009999999999999992,0.005714886933258836,2.98,0.8643325211229226,3.29,0.6403124237432849,1.71,0.6403124237432849,0.0,0.0,0.0,0.0,6.34,3.3581500438741148,5.19,3.2650428864725587,13.66,3.358150043874114,5.0,0.0,30.0,0.0,6.0,0.0,1.5,0.0,0.63,0.7608474807008886
10.0,25.0,109.0,109.0,100,15.86,3.5334476825407393,0.5286666666666666,0.1177815894180246,0.7070000000000001,0.17667238412703704,0.33333333333333326,0.0,0.004666666666666669,0.013417244377632594,3.02,0.8643325211229226,3.27,0.6490863820117713,1.72,0.6369117408688316,0.01,0.09999999999999998,0.01,0.09999999999999998,6.2,3.330301651638946,5.15,3.2609566669672847,13.8,3.3303016516389454,5.0,0.0,30.0,0.0,6.0,0.0,1.5,0.0,0.63,0.7608474807008886
10.0,25.0,110.0,110.0,100,15.77,3.5243883343515265,0.5256666666666666,0.11747961114505096,0.7115,0.17621941671757632,0.33333333333333326,0.0,0.0029999999999999988,0.010694198475460775,3.02,0.8643325211229226,3.26,0.6608840115842392,1.74,0.660884011584239,0.0,0.0,0.0,0.0,6.13,3.3079487983530287,5.1,3.261343839027653,13.87,3.3079487983530287,5.0,0.0,30.0,0.0,6.0,0.0,1.5,0.0,0.63,0.7608474807008886
10.0,25.0,111.0,111.0,100,15.7,3.514759643778696,0.5233333333333333,0.11715865479262325,0.7145,0.17484408638971627,0.33333333333333326,0.0,0.0023333333333333322,0.008547746665874757,3.03,0.8581751840181857,3.25,0.6723244767373876,1.75,0.6723244767373875,0.0,0.0,0.0,0.0,6.06,3.2962176058401393,5.06,3.259237067570609,13.94,3.2962176058401407,5.0,0.0,30.0,0.0,6.0,0.0,1.5,0.0,0.63,0.7608474807008886
10.0,25.0,112.0,112.0,100,15.64,3.4801602192305965,0.5213333333333333,0.11600534064101982,0.7175,0.1731139345732583,0.33333333333333326,0.0,0.002,0.007956108552531403,3.06,0.8506681865665152,3.25,0.6723244767373876,1.75,0.6723244767373875,0.0,0.0,0.0,0.0,6.0,3.2659863237109037,5.03,3.2487915391182716,14.0,3.2659863237109037,5.0,0.0,30.0,0.0,6.0,0.0,1.5,0.0,0.63,0.7608474807008886
10.0,25.0,113.0,113.0,100,15.53,3.3798422053896737,0.5176666666666666,0.11266140684632243,0.723,0.16808787985317494,0.33333333333333326,0.0,0.003666666666666667,0.014130226454777708,3.13,0.7996842811353425,3.25,0.6723244767373876,1.75,0.6723244767373875,0.0,0.0,0.0,0.0,5.9,3.1797973380564852,4.95,3.22043663518041,14.1,3.1797973380564852,5.0,0.0,30.0,0.0,6.0,0.0,1.5,0.0,0.63,0.7608474807008886
10.0,25.0,114.0,114.0,100,15.46,3.3737549143679986,0.5153333333333333,0.11245849714559995,0.7265,0.1677924102255311,0.33333333333333326,0.0,0.002333333333333334,0.009772955652070101,3.15,0.7833494518006401,3.23,0.6644660649838723,1.76,0.6684823758848746,0.01,0.09999999999999998,0.01,0.09999999999999998,5.83,3.1688349833203926,4.78,3.0370772765667957,14.17,3.168834983320393,5.0,0.0,30.0,0.0,6.0,0.0,1.5,0.0,0.63,0.7608474807008886
10.0,25.0,115.0,115.0,100,15.38,3.362839108355746,0.5126666666666666,0.11209463694519153,0.7304999999999999,0.16725577702876201,0.33333333333333326,0.0,0.002666666666666665,0.011291465545440091,3.18,0.7704124567628391,3.21,0.6403124237432847,1.79,0.6403124237432847,0.0,0.0,0.0,0.0,5.77,3.180924838515182,4.77,2.991081018054453,14.23,3.1809248385151805,5.0,0.0,30.0,0.0,6.0,0.0,1.5,0.0,0.63,0.7608474807008886
10.0,25.0,116.0,116.0,100,15.29,3.3463231744526403,0.5096666666666667,0.11154410581508799,0.735,0.16643923876904806,0.33333333333333326,0.0,0.003000000000000001,0.010694198475460784,3.22,0.7598511284282846,3.21,0.6403124237432847,1.79,0.6403124237432847,0.0,0.0,0.0,0.0,5.69,3.1676872358619037,4.75,2.9107081994288304,14.31,3.1676872358619037,5.0,0.0,30.0,0.0,6.0,0.0,1.5,0.0,0.63,0.7608474807008886
10.0,25.0,117.0,117.0,100,15.24,3.3457948882654844,0.508,0.11152649627551614,0.7375,0.16642027241507287,0.33333333333333326,0.0,0.0016666666666666657,0.007301430451919674,3.23,0.7501514998500455,3.21,0.6403124237432847,1.79,0.6403124237432847,0.0,0.0,0.0,0.0,5.64,3.154346047899468,4.68,2.9159263129623607,14.36,3.1543460478994674,5.0,0.0,30.0,0.0,6.0,0.0,1.5,0.0,0.63,0.7608474807008886
10.0,25.0,118.0,118.0,100,15.19,3.3384657457211597,0.5063333333333333,0.11128219152403862,0.74,0.16605950010691217,0.33333333333333326,0.0,0.0016666666666666657,0.00870388279778489,3.23,0.7501514998500455,3.21,0.6403124237432847,1.79,0.6403124237432847,0.0,0.0,0.0,0.0,5.59,3.1433592016673937,4.6,2.8814979269522834,14.41,3.143359201667393,5.0,0.0,30.0,0.0,6.0,0.0,1.5,0.0,0.63,0.7608474807008886
10.0,25.0,119.0,119.0,100,15.07,3.3036710526688977,0.5023333333333333,0.11012236842229661,0.746,0.1643290613495994,0.33333333333333326,0.0,0.004,0.01278326627842939,3.26,0.7469804535460067,3.21,0.6403124237432847,1.79,0.6403124237432847,0.0,0.0,0.0,0.0,5.48,3.102556782052279,4.56,2.8861214405663818,14.52,3.1025567820522784,5.0,0.0,30.0,0.0,6.0,0.0,1.5,0.0,0.63,0.7608474807008886
10.0,25.0,120.0,120.0,100,15.03,3.3012241378132456,0.501,0.11004080459377487,0.748,0.1642122302560213,0.33333333333333326,0.0,0.0013333333333333335,0.006564879518897746,3.26,0.7469804535460067,3.21,0.6403124237432847,1.79,0.6403124237432847,0.0,0.0,0.0,0.0,5.44,3.105290370130993,4.49,2.897212174459852,14.56,3.105290370130993,5.0,0.0,30.0,0.0,6.0,0.0,1.5,0.0,0.63,0.7608474807008886
10.0,25.0,121.0,121.0,100,15.0,3.278334142132974,0.5,0.10927780473776577,0.7490000000000001,0.16221011439525346,0.33333333333333326,0.0,0.0010000000000000009,0.005714886933258846,3.26,0.7469804535460067,3.21,0.6403124237432847,1.79,0.6403124237432847,0.0,0.0,0.0,0.0,5.41,3.061969393324591,4.44,2.9035679896821893,14.59,3.0619693933245906,5.0,0.0,30.0,0.0,6.0,0.0,1.5,0.0,0.63,0.7608474807008886
10.0,25.0,122.0,122.0,100,14.94,3.2900830482901893,0.498,0.10966943494300632,0.752,0.16282232989093087,0.33333333333333326,0.0,0.001999999999999999,0.007956108552531397,3.27,0.7501514998500453,3.2,0.6513389472789295,1.8,0.6513389472789295,0.0,0.0,0.0,0.0,5.35,3.07277060515737,4.43,2.8998606723758162,14.65,3.072770605157371,5.0,0.0,30.0,0.0,6.0,0.0,1.5,0.0,0.63,0.7608474807008886
10.0,25.0,123.0,123.0,100,14.88,3.27611496943091,0.496,0.1092038323143636,0.755,0.16213537179739276,0.33333333333333326,0.0,0.0020000000000000005,0.007956108552531406,3.28,0.7396422831820173,3.2,0.6513389472789295,1.8,0.6513389472789295,0.0,0.0,0.0,0.0,5.29,3.0626290943725083,4.38,2.8807266198974624,14.71,3.062629094372508,5.0,0.0,30.0,0.0,6.0,0.0,1.5,0.0,0.63,0.7608474807008886
10.0,25.0,124.0,124.0,100,14.78,3.277039807355092,0.49266666666666664,0.10923466024516976,0.7595000000000001,0.16138525961252476,0.33333333333333326,0.0,0.0033333333333333314,0.012079051255657974,3.3,0.7453559924999298,3.19,0.6465916857498311,1.81,0.6465916857498311,0.0,0.0,0.0,0.0,5.19,3.060649564647307,4.35,2.8546435677663684,14.81,3.0606495646473078,5.0,0.0,30.0,0.0,6.0,0.0,1.5,0.0,0.63,0.7608474807008886
10.0,25.0,125.0,125.0,100,14.7,3.2458209339631687,0.49,0.10819403113210564,0.7635,0.15983814414348133,0.33333333333333326,0.0,0.002666666666666666,0.010249414863810763,3.31,0.7479939501726931,3.19,0.6465916857498311,1.81,0.6465916857498311,0.0,0.0,0.0,0.0,5.11,3.0347981810987035,4.27,2.8171731658640806,14.89,3.0347981810987035,5.0,0.0,30.0,0.0,6.0,0.0,1.5,0.0,0.63,0.7608474807008886
10.0,25.0,126.0,126.0,100,14.64,3.192541813715716,0.488,0.10641806045719057,0.7665000000000001,0.15716153306311148,0.33333333333333326,0.0,0.002,0.009259932635447143,3.33,0.7393007889659368,3.19,0.6465916857498311,1.81,0.6465916857498311,0.0,0.0,0.0,0.0,5.05,2.9826941925823784,4.23,2.8099929903935004,14.95,2.982694192582379,5.0,0.0,30.0,0.0,6.0,0.0,1.5,0.0,0.63,0.7608474807008886
10.0,25.0,127.0,127.0,100,14.57,3.153497337012582,0.48566666666666664,0.10511657790041942,0.77,0.15521246435421704,0.33333333333333326,0.0,0.0023333333333333344,0.009772955652070104,3.33,0.7393007889659368,3.17,0.6365151334819267,1.83,0.6365151334819269,0.0,0.0,0.0,0.0,4.98,2.9369812028439317,4.17,2.8321922836052513,15.02,2.936981202843931,5.0,0.0,30.0,0.0,6.0,0.0,1.5,0.0,0.63,0.7608474807008886
10.0,25.0,128.0,128.0,100,14.54,3.1379720659796653,0.4846666666666667,0.10459906886598883,0.7715000000000001,0.15443853996416376,0.33333333333333326,0.0,0.0010000000000000002,0.005714886933258843,3.35,0.7299508769967213,3.17,0.6365151334819267,1.83,0.6365151334819269,0.0,0.0,0.0,0.0,4.95,2.924556428423002,4.15,2.815451593753243,15.05,2.924556428423002,5.0,0.0,30.0,0.0,6.0,0.0,1.5,0.0,0.63,0.7608474807008886
10.0,25.0,129.0,129.0,100,14.5,3.1446603773522015,0.4833333333333333,0.10482201257840669,0.7735,0.15479784797397453,0.33333333333333326,0.0,0.0013333333333333324,0.0065648795188977425,3.35,0.7299508769967213,3.16,0.6469821161252127,1.83,0.6365151334819269,0.01,0.1,0.01,0.1,4.9,2.935329899033772,4.09,2.807259708453614,15.1,2.9353298990337717,5.0,0.0,30.0,0.0,6.0,0.0,1.5,0.0,0.63,0.7608474807008886
10.0,25.0,130.0,130.0,100,14.4,3.107501513525883,0.48,0.10358338378419613,0.778,0.15197687224367296,0.33333333333333326,0.0,0.0033333333333333335,0.012079051255657978,3.36,0.7456269817808338,3.15,0.6415731927193978,1.85,0.6415731927193978,0.0,0.0,0.0,0.0,4.82,2.886331424301286,4.1,2.797906865548392,15.18,2.886331424301285,5.0,0.0,30.0,0.0,6.0,0.0,1.5,0.0,0.63,0.7608474807008886
10.0,25.0,131.0,131.0,100,14.34,3.130882342475399,0.478,0.10436274474917996,0.7805,0.15240413446498158,0.33333333333333326,0.0,0.001999999999999999,0.007956108552531397,3.38,0.7491409221315581,3.15,0.6415731927193978,1.85,0.6415731927193978,0.0,0.0,0.0,0.0,4.76,2.8993903922143094,4.09,2.818033557520764,15.24,2.8993903922143094,5.0,0.0,30.0,0.0,6.0,0.0,1.5,0.0,0.63,0.7608474807008886
10.0,25.0,132.0,132.0,100,14.32,3.123323792876992,0.47733333333333333,0.10411079309589975,0.7815000000000001,0.15203252575974954,0.33333333333333326,0.0,0.000666666666666666,0.004690176471209649,3.38,0.7491409221315581,3.14,0.6516490348695873,1.85,0.6571287406727709,0.01,0.1,0.01,0.1,4.73,2.884493548320577,4.07,2.8329054935443105,15.27,2.884493548320576,5.0,0.0,30.0,0.0,6.0,0.0,1.5,0.0,0.63,0.7608474807008886
10.0,25.0,133.0,133.0,100,14.29,3.1149525346189937,0.47633333333333333,0.10383175115396646,0.7829999999999999,0.15162753407910154,0.33333333333333326,0.0,0.0010000000000000009,0.005714886933258847,3.4,0.7385489458759962,3.14,0.6516490348695873,1.85,0.6415731927193978,0.01,0.1,0.01,0.1,4.7,2.8797446575919357,4.06,2.8349193421978827,15.3,2.8797446575919357,5.0,0.0,30.0,0.0,6.0,0.0,1.5,0.0,0.63,0.7608474807008886
10.0,25.0,134.0,134.0,100,14.21,3.079075684472057,0.4736666666666667,0.1026358561490686,0.787,0.14985177861992685,0.33333333333333326,0.0,0.0026666666666666666,0.009088664144809694,3.42,0.7410066862659939,3.14,0.6516490348695873,1.86,0.6516490348695873,0.0,0.0,0.0,0.0,4.63,2.845002707211437,4.05,2.822617883662561,15.37,2.845002707211437,5.0,0.0,30.0,0.0,6.0,0.0,1.5,0.0,0.63,0.7608474807008886
10.0,25.0,135.0,135.0,100,14.16,3.037542866638538,0.472,0.1012514288879513,0.7895,0.14776021388750357,0.33333333333333326,0.0,0.0016666666666666663,0.00870388279778489,3.43,0.7420283421851624,3.14,0.6516490348695873,1.86,0.6516490348695873,0.0,0.0,0.0,0.0,4.59,2.814446857041559,3.97,2.7171546317663435,15.41,2.8144468570415593,5.0,0.0,30.0,0.0,6.0,0.0,1.5,0.0,0.63,0.7608474807008886
10.0,25.0,136.0,136.0,100,14.11,3.0247965120639013,0.4703333333333333,0.10082655040213002,0.792,0.14714797060280937,0.33333333333333326,0.0,0.0016666666666666653,0.00730143045191967,3.44,0.7291893935852137,3.14,0.6516490348695873,1.86,0.6516490348695873,0.0,0.0,0.0,0.0,4.54,2.8048298891502688,3.97,2.717154631766344,15.46,2.8048298891502688,5.0,0.0,30.0,0.0,6.0,0.0,1.5,0.0,0.63,0.7608474807008886
10.0,25.0,137.0,137.0,100,14.03,2.996479415729213,0.4676666666666667,0.09988264719097378,0.7959999999999999,0.14576167070414855,0.33333333333333326,0.0,0.0026666666666666657,0.010249414863810763,3.46,0.7442710487042972,3.13,0.645966506308746,1.87,0.6459665063087461,0.0,0.0,0.0,0.0,4.47,2.783265286774809,3.9,2.618890195977269,15.53,2.7832652867748084,5.0,0.0,30.0,0.0,6.0,0.0,1.5,0.0,0.63,0.7608474807008886
10.0,25.0,138.0,138.0,100,14.01,3.0134211572077123,0.46699999999999997,0.10044737190692377,0.7965000000000001,0.14551458672413203,0.33333333333333326,0.0,0.0006666666666666662,0.004690176471209654,3.47,0.744745906095807,3.13,0.645966506308746,1.87,0.6459665063087461,0.0,0.0,0.0,0.0,4.45,2.7938424357067024,3.91,2.6057240797517256,15.55,2.7938424357067024,5.0,0.0,30.0,0.0,6.0,0.0,1.5,0.0,0.63,0.7608474807008886
10.0,25.0,139.0,139.0,100,13.99,3.020117731332855,0.4663333333333333,0.1006705910444285,0.7975,0.14588202650280693,0.33333333333333326,0.0,0.000666666666666666,0.004690176471209652,3.47,0.744745906095807,3.13,0.645966506308746,1.87,0.6459665063087461,0.0,0.0,0.0,0.0,4.43,2.8042356130926964,3.87,2.631030830743576,15.57,2.8042356130926973,5.0,0.0,30.0,0.0,6.0,0.0,1.5,0.0,0.63,0.7608474807008886
10.0,25.0,140.0,140.0,100,13.98,3.025080347876914,0.466,0.10083601159589713,0.7979999999999999,0.14614922497090418,0.33333333333333326,0.0,0.0003333333333333327,0.003333333333333328,3.47,0.744745906095807,3.13,0.645966506308746,1.87,0.6459665063087461,0.0,0.0,0.0,0.0,4.42,2.8111610168445114,3.86,2.636266107565583,15.58,2.8111610168445105,5.0,0.0,30.0,0.0,6.0,0.0,1.5,0.0,0.63,0.7608474807008886
10.0,25.0,141.0,141.0,100,13.97,3.026665999198965,0.4656666666666666,0.10088886663996553,0.7985,0.14624163621081435,0.33333333333333326,0.0,0.0003333333333333338,0.0033333333333333388,3.47,0.744745906095807,3.13,0.645966506308746,1.87,0.6459665063087461,0.0,0.0,0.0,0.0,4.41,2.810855579874052,3.86,2.636266107565583,15.59,2.8108555798740524,5.0,0.0,30.0,0.0,6.0,0.0,1.5,0.0,0.63,0.7608474807008886
10.0,25.0,142.0,142.0,100,13.94,3.0145103627741485,0.4646666666666667,0.1004836787591383,0.8,0.14564381625088388,0.33333333333333326,0.0,0.0010000000000000002,0.005714886933258844,3.47,0.744745906095807,3.12,0.6400757530925301,1.88,0.6400757530925301,0.0,0.0,0.0,0.0,4.38,2.7989175396819737,3.85,2.6452740401468335,15.62,2.7989175396819737,5.0,0.0,30.0,0.0,6.0,0.0,1.5,0.0,0.63,0.7608474807008886
10.0,25.0,143.0,143.0,100,13.89,3.0046932985218002,0.46299999999999997,0.10015644328406002,0.8025,0.1451879659425858,0.33333333333333326,0.0,0.0016666666666666657,0.008703882797784888,3.47,0.744745906095807,3.12,0.6400757530925301,1.88,0.6400757530925301,0.0,0.0,0.0,0.0,4.34,2.7860402369707806,3.81,2.6311843936013517,15.66,2.7860402369707806,5.0,0.0,30.0,0.0,6.0,0.0,1.5,0.0,0.63,0.7608474807008886
10.0,25.0,144.0,144.0,100,13.86,2.9781018970295334,0.462,0.09927006323431779,0.804,0.14384334913686167,0.33333333333333326,0.0,0.0009999999999999998,0.00571488693325884,3.47,0.744745906095807,3.11,0.633970970880522,1.89,0.633970970880522,0.0,0.0,0.0,0.0,4.31,2.762282031256407,3.8,2.643841710446938,15.69,2.7622820312564067,5.0,0.0,30.0,0.0,6.0,0.0,1.5,0.0,0.63,0.7608474807008886
10.0,25.0,145.0,145.0,100,13.82,2.9417922112449433,0.4606666666666666,0.09805974037483144,0.8059999999999999,0.14200583285786736,0.33333333333333326,0.0,0.0013333333333333335,0.006564879518897747,3.48,0.7450849046595397,3.11,0.633970970880522,1.89,0.633970970880522,0.0,0.0,0.0,0.0,4.27,2.729764854637879,3.81,2.6388511427390813,15.73,2.729764854637878,5.0,0.0,30.0,0.0,6.0,0.0,1.5,0.0,0.63,0.7608474807008886
10.0,25.0,146.0,146.0,100,13.79,2.941500338674847,0.45966666666666667,0.09805001128916156,0.8075,0.14202272545425448,0.33333333333333326,0.0,0.0010000000000000009,0.005714886933258847,3.48,0.7450849046595397,3.1,0.6276459144608476,1.9,0.6276459144608477,0.0,0.0,0.0,0.0,4.24,2.7344417560393786,3.76,2.6404774591200755,15.76,2.7344417560393786,5.0,0.0,30.0,0.0,6.0,0.0,1.5,0.0,0.63,0.7608474807008886
10.0,25.0,147.0,147.0,100,13.73,2.8774813622157467,0.45766666666666667,0.09591604540719156,0.81,0.13780384243517663,0.33333333333333326,0.0,0.0019999999999999996,0.0079561085525314,3.51,0.7034546786030246,3.1,0.6276459144608476,1.9,0.6276459144608477,0.0,0.0,0.0,0.0,4.18,2.6605232264319434,3.75,2.6261120780470595,15.82,2.6605232264319434,5.0,0.0,30.0,0.0,6.0,0.0,1.5,0.0,0.63,0.7608474807008886
10.0,25.0,148.0,148.0,100,13.71,2.8649572070067295,0.45699999999999996,0.09549857356689098,0.8109999999999999,0.13717569652519254,0.33333333333333326,0.0,0.0006666666666666671,0.004690176471209657,3.51,0.7034546786030246,3.1,0.6276459144608476,1.9,0.6276459144608477,0.0,0.0,0.0,0.0,4.16,2.650404962387156,3.74,2.6154938502715086,15.84,2.650404962387156,5.0,0.0,30.0,0.0,6.0,0.0,1.5,0.0,0.63,0.7608474807008886
10.0,25.0,149.0,149.0,100,13.68,2.8810772396112636,0.456,0.09603590798704213,0.812,0.13727506854649335,0.33333333333333326,0.0,0.0010000000000000009,0.005714886933258847,3.52,0.7174590404667535,3.1,0.6276459144608476,1.9,0.6276459144608477,0.0,0.0,0.0,0.0,4.13,2.657769247646863,3.71,2.602621056480632,15.87,2.6577692476468635,5.0,0.0,30.0,0.0,6.0,0.0,1.5,0.0,0.63,0.7608474807008886
10.0,25.0,150.0,150.0,100,13.66,2.8857714337204126,0.4553333333333333,0.09619238112401376,0.813,0.13755072526236287,0.33333333333333326,0.0,0.0006666666666666665,0.004690176471209653,3.53,0.7310570733153771,3.1,0.6276459144608476,1.9,0.6276459144608477,0.0,0.0,0.0,0.0,4.11,2.6662689097294554,3.71,2.602621056480632,15.89,2.6662689097294554,5.0,0.0,30.0,0.0,6.0,0.0,1.5,0.0,0.63,0.7608474807008886
10.0,25.0,151.0,151.0,100,13.63,2.8872936543525745,0.4543333333333333,0.0962431218117525,0.8145,0.13767459071772437,0.33333333333333326,0.0,0.0010000000000000002,0.005714886933258845,3.53,0.7310570733153771,3.09,0.6371495868001452,1.91,0.6371495868001452,0.0,0.0,0.0,0.0,4.08,2.665454269847161,3.69,2.6002913589663663,15.92,2.6654542698471615,5.0,0.0,30.0,0.0,6.0,0.0,1.5,0.0,0.63,0.7608474807008886
10.0,25.0,152.0,152.0,100,13.62,2.877218072789034,0.45399999999999996,0.09590726909296776,0.815,0.13716096862129293,0.33333333333333326,0.0,0.00033333333333333327,0.0033333333333333335,3.53,0.7310570733153771,3.09,0.6371495868001452,1.91,0.6371495868001452,0.0,0.0,0.0,0.0,4.07,2.6524431276569427,3.64,2.5801104040272573,15.93,2.6524431276569427,5.0,0.0,30.0,0.0,6.0,0.0,1.5,0.0,0.63,0.7608474807008886
10.0,25.0,153.0,153.0,100,13.57,2.868339892232741,0.45233333333333337,0.09561132974109138,0.8175,0.13676917810971914,0.33333333333333326,0.0,0.0016666666666666663,0.00870388279778489,3.53,0.7310570733153771,3.09,0.6371495868001452,1.91,0.6371495868001452,0.0,0.0,0.0,0.0,4.03,2.634100386941403,3.62,2.6006215263341033,15.97,2.6341003869414026,5.0,0.0,30.0,0.0,6.0,0.0,1.5,0.0,0.63,0.7608474807008886
10.0,25.0,154.0,154.0,100,13.54,2.8512623466978564,0.4513333333333333,0.09504207822326191,0.8190000000000001,0.1359181274655348,0.33333333333333326,0.0,0.0010000000000000015,0.00571488693325885,3.54,0.7442710487042968,3.09,0.6371495868001452,1.91,0.6371495868001452,0.0,0.0,0.0,0.0,4.0,2.620817977022988,3.6,2.6169609948344377,16.0,2.620817977022988,5.0,0.0,30.0,0.0,6.0,0.0,1.5,0.0,0.63,0.7608474807008886
10.0,25.0,155.0,155.0,100,13.52,2.862082310401843,0.4506666666666666,0.09540274368006141,0.82,0.1365150674334655,0.33333333333333326,0.0,0.0006666666666666665,0.0046901764712096545,3.55,0.7571210756756961,3.09,0.6371495868001452,1.91,0.6371495868001452,0.0,0.0,0.0,0.0,3.98,2.636112840735561,3.6,2.6169609948344377,16.02,2.6361128407355605,5.0,0.0,30.0,0.0,6.0,0.0,1.5,0.0,0.63,0.7608474807008886
10.0,25.0,156.0,156.0,100,13.51,2.8586038832997067,0.4503333333333333,0.09528679610999022,0.8205,0.1363475579746721,0.33333333333333326,0.0,0.00033333333333333327,0.0033333333333333327,3.56,0.756386946027767,3.09,0.6371495868001452,1.91,0.6371495868001452,0.0,0.0,0.0,0.0,3.97,2.6341003869414035,3.57,2.610216911145953,16.03,2.634100386941403,5.0,0.0,30.0,0.0,6.0,0.0,1.5,0.0,0.63,0.7608474807008886
10.0,25.0,157.0,157.0,100,13.48,2.847930313527189,0.4493333333333333,0.0949310104509063,0.8220000000000001,0.13583263617593916,0.33333333333333326,0.0,0.0010000000000000002,0.005714886933258843,3.57,0.7555184185763312,3.09,0.6371495868001452,1.91,0.6371495868001452,0.0,0.0,0.0,0.0,3.94,2.6278231571881974,3.51,2.5839246635044666,16.06,2.6278231571881974,5.0,0.0,30.0,0.0,6.0,0.0,1.5,0.0,0.63,0.7608474807008886
10.0,25.0,158.0,158.0,100,13.48,2.847930313527189,0.4493333333333333,0.0949310104509063,0.8220000000000001,0.13583263617593916,0.33333333333333326,0.0,0.0,0.0,3.57,0.7555184185763312,3.09,0.6371495868001452,1.91,0.6371495868001452,0.0,0.0,0.0,0.0,3.94,2.6278231571881974,3.5,2.5800321037858533,16.06,2.6278231571881974,5.0,0.0,30.0,0.0,6.0,0.0,1.5,0.0,0.63,0.7608474807008886
10.0,25.0,159.0,159.0,100,13.47,2.833618523971415,0.449,0.09445395079904716,0.8225,0.13509723396969542,0.33333333333333326,0.0,0.00033333333333333327,0.0033333333333333327,3.58,0.741006686265994,3.09,0.6371495868001452,1.91,0.6371495868001452,0.0,0.0,0.0,0.0,3.93,2.6140838439947447,3.45,2.52012104888041,16.07,2.6140838439947447,5.0,0.0,30.0,0.0,6.0,0.0,1.5,0.0,0.63,0.7608474807008886
10.0,25.0,160.0,160.0,100,13.45,2.826194214376241,0.44833333333333336,0.09420647381254137,0.8234999999999999,0.134737867466028,0.33333333333333326,0.0,0.000666666666666666,0.004690176471209649,3.58,0.741006686265994,3.08,0.6463573143221772,1.92,0.6463573143221774,0.0,0.0,0.0,0.0,3.91,2.609597670139978,3.42,2.4992119970223823,16.09,2.6095976701399777,5.0,0.0,30.0,0.0,6.0,0.0,1.5,0.0,0.63,0.7608474807008886
10.0,25.0,161.0,161.0,100,13.42,2.807565536621406,0.44733333333333336,0.09358551788738019,0.825,0.13380598044945674,0.33333333333333326,0.0,0.0009999999999999998,0.007423383445120453,3.59,0.7398471040517342,3.08,0.6463573143221772,1.92,0.6463573143221774,0.0,0.0,0.0,0.0,3.89,2.589391722963039,3.4,2.4903855528853764,16.11,2.5893917229630388,5.0,0.0,30.0,0.0,6.0,0.0,1.5,0.0,0.63,0.7608474807008886
10.0,25.0,162.0,162.0,100,13.38,2.806126054606855,0.446,0.09353753515356185,0.8270000000000001,0.13379088160259653,0.33333333333333326,0.0,0.0013333333333333348,0.00656487951889775,3.6,0.7385489458759964,3.07,0.6396811074214395,1.93,0.6396811074214395,0.0,0.0,0.0,0.0,3.85,2.595158662750407,3.37,2.4521892918843604,16.15,2.5951586627504075,5.0,0.0,30.0,0.0,6.0,0.0,1.5,0.0,0.63,0.7608474807008886
10.0,25.0,163.0,163.0,100,13.35,2.8046678263497826,0.445,0.09348892754499276,0.8284999999999999,0.13375973484822204,0.33333333333333326,0.0,0.0010000000000000015,0.005714886933258849,3.6,0.7385489458759964,3.06,0.6327748733981468,1.94,0.6327748733981465,0.0,0.0,0.0,0.0,3.82,2.5951781239347507,3.34,2.4338521655261562,16.18,2.595178123934751,5.0,0.0,30.0,0.0,6.0,0.0,1.5,0.0,0.63,0.7608474807008886
10.0,25.0,164.0,164.0,100,13.33,2.8107118333441807,0.4443333333333333,0.09369039444480605,0.8295,0.13410665889356857,0.33333333333333326,0.0,0.0006666666666666682,0.004690176471209665,3.6,0.7385489458759964,3.06,0.6327748733981468,1.93,0.6396811074214395,0.01,0.09999999999999999,0.01,0.09999999999999999,3.79,2.610371698444573,3.33,2.4373151315546076,16.21,2.610371698444572,5.0,0.0,30.0,0.0,6.0,0.0,1.5,0.0,0.63,0.7608474807008886
10.0,25.0,165.0,165.0,100,13.32,2.8279985427110383,0.444,0.09426661809036796,0.8295,0.13410665889356857,0.33333333333333326,0.0,0.0003333333333333338,0.0033333333333333383,3.6,0.7385489458759964,3.06,0.6327748733981468,1.94,0.6327748733981465,0.0,0.0,0.0,0.0,3.79,2.6026210564806327,3.31,2.419178423023867,16.21,2.6026210564806322,5.0,0.0,30.0,0.0,6.0,0.0,1.5,0.0,0.63,0.7608474807008886
10.0,25.0,166.0,166.0,100,13.29,2.8043796915798436,0.44299999999999995,0.09347932305266146,0.831,0.13291221375651135,0.33333333333333326,0.0,0.0009999999999999998,0.005714886933258841,3.61,0.7371114795831994,3.06,0.6327748733981468,1.94,0.6327748733981465,0.0,0.0,0.0,0.0,3.76,2.5824583073286793,3.27,2.347812220392045,16.24,2.5824583073286793,5.0,0.0,30.0,0.0,6.0,0.0,1.5,0.0,0.63,0.7608474807008886
10.0,25.0,167.0,167.0,100,13.26,2.7802332581452522,0.44199999999999995,0.0926744419381751,0.8325,0.13168967961526717,0.33333333333333326,0.0,0.0010000000000000015,0.0074233834451204635,3.64,0.7319546268434786,3.06,0.6327748733981468,1.94,0.6327748733981465,0.0,0.0,0.0,0.0,3.74,2.5529543195239035,3.24,2.3055488621054105,16.26,2.552954319523904,5.0,0.0,30.0,0.0,6.0,0.0,1.5,0.0,0.63,0.7608474807008886
10.0,25.0,168.0,168.0,100,13.22,2.7582017271542654,0.44066666666666665,0.09194005757180881,0.8345,0.13059595334581783,0.33333333333333326,0.0,0.001333333333333333,0.006564879518897745,3.64,0.7319546268434786,3.05,0.6256309946079568,1.95,0.6256309946079568,0.0,0.0,0.0,0.0,3.7,2.5366007636881758,3.18,2.289104628451919,16.3,2.5366007636881753,5.0,0.0,30.0,0.0,6.0,0.0,1.5,0.0,0.63,0.7608474807008886
10.0,25.0,169.0,169.0,100,13.2,2.7303013486693106,0.44,0.09101004495564372,0.8355,0.12915713552322866,0.33333333333333326,0.0,0.0006666666666666665,0.004690176471209653,3.65,0.7159792333764038,3.05,0.6256309946079568,1.95,0.6256309946079568,0.0,0.0,0.0,0.0,3.68,2.5101008068613617,3.14,2.265329373781475,16.32,2.5101008068613617,5.0,0.0,30.0,0.0,6.0,0.0,1.5,0.0,0.63,0.7608474807008886
10.0,25.0,170.0,170.0,100,13.18,2.6944762051653037,0.4393333333333333,0.08981587350551015,0.8365,0.12729806746293512,0.33333333333333326,0.0,0.0006666666666666665,0.004690176471209653,3.67,0.7114503609961951,3.05,0.6256309946079568,1.95,0.6256309946079568,0.0,0.0,0.0,0.0,3.66,2.4709218007566616,3.08,2.2368809453425014,16.34,2.4709218007566616,5.0,0.0,30.0,0.0,6.0,0.0,1.5,0.0,0.63,0.7608474807008886
10.0,25.0,171.0,171.0,100,13.14,2.6515480517439376,0.43799999999999994,0.08838493505813128,0.8384999999999999,0.1250969321136311,0.33333333333333326,0.0,0.0013333333333333324,0.006564879518897742,3.68,0.7089613971340489,3.05,0.6256309946079568,1.95,0.6256309946079568,0.0,0.0,0.0,0.0,3.62,2.432025385300794,3.03,2.2040137857274775,16.38,2.432025385300794,5.0,0.0,30.0,0.0,6.0,0.0,1.5,0.0,0.63,0.7608474807008886
10.0,25.0,172.0,172.0,100,13.11,2.651071824410236,0.43699999999999994,0.08836906081367456,0.84,0.12512619892159138,0.33333333333333326,0.0,0.0010000000000000015,0.005714886933258851,3.69,0.7204796382208933,3.05,0.6256309946079568,1.95,0.6256309946079568,0.0,0.0,0.0,0.0,3.59,2.4250169217362316,2.99,2.2087749701331894,16.41,2.4250169217362316,5.0,0.0,30.0,0.0,6.0,0.0,1.5,0.0,0.63,0.7608474807008886
10.0,25.0,173.0,173.0,100,13.07,2.640993844151948,0.43566666666666665,0.08803312813839827,0.8415,0.12392059203906802,0.33333333333333326,0.0,0.0013333333333333335,0.006564879518897747,3.71,0.7288430017583493,3.05,0.6256309946079568,1.95,0.6256309946079568,0.0,0.0,0.0,0.0,3.55,2.401072992466392,2.98,2.215555656869597,16.45,2.4010729924663923,5.0,0.0,30.0,0.0,6.0,0.0,1.5,0.0,0.63,0.7608474807008886
10.0,25.0,174.0,174.0,100,13.05,2.649089799851408,0.435,0.08830299332838024,0.8425,0.12439246298906076,0.33333333333333326,0.0,0.0006666666666666665,0.004690176471209652,3.71,0.7288430017583493,3.05,0.6256309946079568,1.95,0.6256309946079568,0.0,0.0,0.0,0.0,3.53,2.4139953888468257,2.95,2.226448002328082,16.47,2.413995388846826,5.0,0.0,30.0,0.0,6.0,0.0,1.5,0.0,0.63,0.7608474807008886
10.0,25.0,175.0,175.0,100,13.03,2.653204656541773,0.4343333333333333,0.0884401552180591,0.8434999999999999,0.12465204095052478,0.33333333333333326,0.0,0.000666666666666666,0.00469017647120965,3.71,0.7288430017583493,3.05,0.6256309946079568,1.95,0.6256309946079568,0.0,0.0,0.0,0.0,3.51,2.42251643102495,2.94,2.2148260756670135,16.49,2.42251643102495,5.0,0.0,30.0,0.0,6.0,0.0,1.5,0.0,0.63,0.7608474807008886
10.0,25.0,176.0,176.0,100,13.01,2.6033971590360103,0.43366666666666664,0.08677990530120032,0.8445,0.12203969382412788,0.33333333333333326,0.0,0.0006666666666666665,0.004690176471209656,3.72,0.7258572083190238,3.04,0.6182412330330469,1.96,0.6182412330330469,0.0,0.0,0.0,0.0,3.49,2.3719531226737214,2.91,2.211517144588321,16.51,2.371953122673721,5.0,0.0,30.0,0.0,6.0,0.0,1.5,0.0,0.63,0.7608474807008886
10.0,25.0,177.0,177.0,100,13.0,2.601475882586031,0.4333333333333333,0.08671586275286766,0.845,0.12195793280364085,0.33333333333333326,0.0,0.0003333333333333338,0.0033333333333333388,3.72,0.7258572083190238,3.03,0.6105966613307698,1.97,0.6105966613307697,0.0,0.0,0.0,0.0,3.48,2.37188924401174,2.86,2.1415561226039883,16.52,2.37188924401174,5.0,0.0,30.0,0.0,6.0,0.0,1.5,0.0,0.63,0.7608474807008886
10.0,25.0,178.0,178.0,100,12.97,2.5915753174975693,0.43233333333333335,0.08638584391658564,0.846,0.12032783501246867,0.33333333333333326,0.0,0.0009999999999999996,0.005714886933258838,3.72,0.7258572083190238,3.02,0.6192207550093451,1.98,0.6192207550093451,0.0,0.0,0.0,0.0,3.45,2.354342645608173,2.85,2.133783096528394,16.55,2.3543426456081735,5.0,0.0,30.0,0.0,6.0,0.0,1.5,0.0,0.63,0.7608474807008886
10.0,25.0,179.0,179.0,100,12.93,2.5554655232274297,0.431,0.08518218410758098,0.848,0.11847516041923575,0.33333333333333326,0.0,0.001333333333333332,0.006564879518897738,3.73,0.7227193316379688,3.02,0.6192207550093451,1.98,0.6192207550093451,0.0,0.0,0.0,0.0,3.41,2.3228987463638155,2.84,2.1020432580196484,16.59,2.3228987463638155,5.0,0.0,30.0,0.0,6.0,0.0,1.5,0.0,0.63,0.7608474807008886
10.0,25.0,180.0,180.0,100,12.9,2.520622017188486,0.43,0.0840207339062829,0.8495,0.11666558441056467,0.33333333333333326,0.0,0.0010000000000000002,0.005714886933258843,3.73,0.7227193316379688,3.02,0.6192207550093451,1.98,0.6192207550093451,0.0,0.0,0.0,0.0,3.38,2.290869007185004,2.81,2.1162908280023496,16.62,2.2908690071850044,5.0,0.0,30.0,0.0,6.0,0.0,1.5,0.0,0.63,0.7608474807008886
10.0,25.0,181.0,181.0,100,12.86,2.498565244861194,0.4286666666666667,0.08328550816203985,0.8515,0.11556951644492217,0.33333333333333326,0.0,0.0013333333333333335,0.006564879518897747,3.73,0.7227193316379688,3.02,0.6192207550093451,1.97,0.6269212893420537,0.01,0.09999999999999999,0.01,0.09999999999999999,3.34,2.2751179345611114,2.8,2.117746086018927,16.66,2.27511793456111,5.0,0.0,30.0,0.0,6.0,0.0,1.5,0.0,0.63,0.7608474807008886
10.0,25.0,182.0,182.0,100,12.82,2.4715757865553845,0.42733333333333334,0.08238585955184617,0.8534999999999999,0.1142067503179292,0.33333333333333326,0.0,0.0013333333333333348,0.006564879518897753,3.74,0.7194273817250477,3.02,0.6192207550093451,1.98,0.6192207550093451,0.0,0.0,0.0,0.0,3.31,2.2414596615021685,2.75,2.0955701232395305,16.69,2.2414596615021685,5.0,0.0,30.0,0.0,6.0,0.0,1.5,0.0,0.63,0.7608474807008886
10.0,25.0,183.0,183.0,100,12.77,2.4897973630580683,0.42566666666666664,0.08299324543526893,0.856,0.1153124871684316,0.33333333333333326,0.0,0.0016666666666666679,0.0087038827977849,3.74,0.7194273817250477,3.01,0.6275654418770872,1.99,0.6275654418770872,0.0,0.0,0.0,0.0,3.27,2.2556550707011476,2.72,2.0601068914113183,16.73,2.255655070701148,5.0,0.0,30.0,0.0,6.0,0.0,1.5,0.0,0.63,0.7608474807008886
10.0,25.0,184.0,184.0,100,12.75,2.455153310442705,0.425,0.08183844368142351,0.857,0.1134891976348321,0.33333333333333326,0.0,0.0006666666666666665,0.004690176471209652,3.74,0.7194273817250477,3.01,0.6275654418770872,1.99,0.6275654418770872,0.0,0.0,0.0,0.0,3.25,2.2219065432345904,2.69,2.05330480106111,16.75,2.2219065432345904,5.0,0.0,30.0,0.0,6.0,0.0,1.5,0.0,0.63,0.7608474807008886
10.0,25.0,185.0,185.0,100,12.7,2.4308621740219887,0.4233333333333333,0.0810287391340663,0.8595,0.11229807917261359,0.33333333333333326,0.0,0.0016666666666666668,0.008703882797784892,3.74,0.7194273817250477,3.0,0.6195469181897233,2.0,0.6195469181897233,0.0,0.0,0.0,0.0,3.2,2.206510110714852,2.66,2.036138154904668,16.8,2.2065101107148517,5.0,0.0,30.0,0.0,6.0,0.0,1.5,0.0,0.63,0.7608474807008886
10.0,25.0,186.0,186.0,100,12.64,2.3805610067945553,0.42133333333333334,0.07935203355981851,0.8625,0.1097230213498581,0.33333333333333326,0.0,0.0020000000000000005,0.010401588413621014,3.76,0.726413634010794,3.0,0.6195469181897233,2.0,0.6195469181897233,0.0,0.0,0.0,0.0,3.15,2.1713236664869804,2.63,2.0333333333333337,16.85,2.1713236664869804,5.0,0.0,30.0,0.0,6.0,0.0,1.5,0.0,0.63,0.7608474807008886
10.0,25.0,187.0,187.0,100,12.61,2.411651012493434,0.42033333333333334,0.08038836708311448,0.8634999999999999,0.11074928460447965,0.33333333333333326,0.0,0.0009999999999999987,0.007423383445120447,3.76,0.726413634010794,2.99,0.6275654418770873,2.01,0.6275654418770872,0.0,0.0,0.0,0.0,3.13,2.191143790605973,2.61,2.0295543621915892,16.87,2.1911437906059734,5.0,0.0,30.0,0.0,6.0,0.0,1.5,0.0,0.63,0.7608474807008886
10.0,25.0,188.0,188.0,100,12.57,2.387911474933946,0.419,0.07959704916446488,0.8654999999999999,0.10956640899380601,0.33333333333333326,0.0,0.001333333333333333,0.008095945417985405,3.76,0.726413634010794,2.99,0.6275654418770873,2.01,0.6275654418770872,0.0,0.0,0.0,0.0,3.09,2.160691060421609,2.59,2.035517952102937,16.91,2.160691060421609,5.0,0.0,30.0,0.0,6.0,0.0,1.5,0.0,0.63,0.7608474807008886
10.0,25.0,189.0,189.0,100,12.54,2.3588218254120856,0.418,0.07862739418040288,0.867,0.1080637671829822,0.33333333333333326,0.0,0.0010000000000000015,0.005714886933258851,3.77,0.7365631354644708,2.99,0.6275654418770873,2.01,0.6275654418770872,0.0,0.0,0.0,0.0,3.06,2.1264092178167773,2.55,2.0319418984773847,16.94,2.1264092178167773,5.0,0.0,30.0,0.0,6.0,0.0,1.5,0.0,0.63,0.7608474807008886
10.0,25.0,190.0,190.0,100,12.51,2.363420736085214,0.417,0.0787806912028405,0.8684999999999999,0.10839858174926703,0.33333333333333326,0.0,0.0009999999999999992,0.005714886933258838,3.77,0.7365631354644708,2.99,0.6275654418770873,2.0,0.6356417261637282,0.01,0.09999999999999999,0.01,0.09999999999999999,3.03,2.134161770964531,2.54,2.0121851030382096,16.97,2.1341617709645306,5.0,0.0,30.0,0.0,6.0,0.0,1.5,0.0,0.63,0.7608474807008886
10.0,25.0,191.0,191.0,100,12.5,2.3591643786850813,0.41666666666666663,0.07863881262283604,0.8690000000000001,0.10819454979831751,0.33333333333333326,0.0,0.0003333333333333338,0.0033333333333333383,3.77,0.7365631354644708,2.98,0.619220755009345,2.02,0.619220755009345,0.0,0.0,0.0,0.0,3.03,2.1246746631525557,2.5,2.002523660309912,16.97,2.1246746631525553,5.0,0.0,30.0,0.0,6.0,0.0,1.5,0.0,0.63,0.7608474807008886
10.0,25.0,192.0,192.0,100,12.43,2.370930857556401,0.4143333333333333,0.07903102858521337,0.871,0.10616834354795769,0.33333333333333326,0.0,0.0023333333333333327,0.010860817247826452,3.77,0.7365631354644708,2.98,0.619220755009345,2.02,0.619220755009345,0.0,0.0,0.0,0.0,2.98,2.11287539250246,2.52,1.9872319716356492,17.02,2.1128753925024597,5.0,0.0,30.0,0.0,6.0,0.0,1.5,0.0,0.63,0.7608474807008886
10.0,25.0,193.0,193.0,100,12.4,2.344130861310754,0.4133333333333333,0.07813769537702513,0.8725,0.10477850616197652,0.33333333333333326,0.0,0.0009999999999999998,0.007423383445120454,3.77,0.7365631354644708,2.98,0.619220755009345,2.02,0.619220755009345,0.0,0.0,0.0,0.0,2.96,2.078849720786993,2.49,1.9200957467708937,17.04,2.0788497207869936,5.0,0.0,30.0,0.0,6.0,0.0,1.5,0.0,0.63,0.7608474807008886
10.0,25.0,194.0,194.0,100,12.39,2.347984306385012,0.413,0.07826614354616707,0.873,0.10503005822769562,0.33333333333333326,0.0,0.00033333333333333435,0.0033333333333333444,3.77,0.7365631354644708,2.98,0.619220755009345,2.02,0.619220755009345,0.0,0.0,0.0,0.0,2.95,2.071329051697011,2.45,1.9299604852813632,17.05,2.071329051697011,5.0,0.0,30.0,0.0,6.0,0.0,1.5,0.0,0.63,0.7608474807008886
10.0,25.0,195.0,195.0,100,12.34,2.3665172808166943,0.41133333333333333,0.07888390936055648,0.875,0.10528940395813144,0.33333333333333326,0.0,0.0016666666666666692,0.007301430451919689,3.77,0.7365631354644708,2.98,0.619220755009345,2.02,0.619220755009345,0.0,0.0,0.0,0.0,2.9,2.0913482191489243,2.43,1.9240897099982663,17.1,2.091348219148924,5.0,0.0,30.0,0.0,6.0,0.0,1.5,0.0,0.63,0.7608474807008886
10.0,25.0,196.0,196.0,100,12.31,2.3642753604007254,0.4103333333333333,0.07880917868002417,0.8765000000000001,0.10527861064141121,0.33333333333333326,0.0,0.0010000000000000002,0.005714886933258846,3.78,0.7327821620165824,2.98,0.619220755009345,2.02,0.619220755009345,0.0,0.0,0.0,0.0,2.87,2.0969193372828405,2.42,1.92369593766948,17.13,2.0969193372828405,5.0,0.0,30.0,0.0,6.0,0.0,1.5,0.0,0.63,0.7608474807008886
10.0,25.0,197.0,197.0,100,12.3,2.376229081226102,0.41,0.07920763604087006,0.8765000000000001,0.10527861064141121,0.33333333333333326,0.0,0.00033333333333333327,0.0033333333333333322,3.78,0.7327821620165824,2.97,0.6269212893420536,2.02,0.619220755009345,0.01,0.09999999999999999,0.01,0.09999999999999999,2.86,2.103484362824327,2.38,1.9215944557906204,17.14,2.103484362824327,5.0,0.0,30.0,0.0,6.0,0.0,1.5,0.0,0.63,0.7608474807008886
10.0,25.0,198.0,198.0,100,12.26,2.389454948203659,0.4086666666666667,0.07964849827345528,0.8785,0.10618618107129124,0.33333333333333326,0.0,0.0013333333333333335,0.008095945417985407,3.78,0.7327821620165824,2.97,0.6269212893420536,2.03,0.6269212893420536,0.0,0.0,0.0,0.0,2.84,2.0875774950836674,2.38,1.9110523834058581,17.16,2.087577495083667,5.0,0.0,30.0,0.0,6.0,0.0,1.5,0.0,0.63,0.7608474807008886
10.0,25.0,199.0,199.0,100,12.26,2.389454948203659,0.4086666666666667,0.07964849827345528,0.8785,0.10618618107129124,0.33333333333333326,0.0,0.0,0.0,3.78,0.7327821620165824,2.97,0.6269212893420536,2.03,0.6269212893420536,0.0,0.0,0.0,0.0,2.84,2.0875774950836674,2.36,1.9149597142161257,17.16,2.087577495083667,5.0,0.0,30.0,0.0,6.0,0.0,1.5,0.0,0.63,0.7608474807008886
10.0,25.0,200.0,200.0,100,12.24,2.357536807343588,0.408,0.07858456024478624,0.8795000000000001,0.1044695596280988,0.33333333333333326,0.0,0.0006666666666666671,0.004690176471209658,3.79,0.7288430017583492,2.97,0.6269212893420536,2.03,0.6269212893420536,0.0,0.0,0.0,0.0,2.82,2.056671823577838,2.36,1.904380914278093,17.18,2.0566718235778385,5.0,0.0,30.0,0.0,6.0,0.0,1.5,0.0,0.63,0.7608474807008886
10.0,25.0,201.0,201.0,100,12.16,2.286190426597633,0.4053333333333333,0.07620634755325442,0.8835,0.10076851159609797,0.33333333333333326,0.0,0.002666666666666666,0.010249414863810763,3.81,0.7204796382208931,2.96,0.618241233033047,2.04,0.6182412330330469,0.0,0.0,0.0,0.0,2.74,1.9980798863717215,2.32,1.922120041658547,17.26,1.9980798863717217,5.0,0.0,30.0,0.0,6.0,0.0,1.5,0.0,0.63,0.7608474807008886
10.0,25.0,202.0,202.0,100,12.15,2.2890825651118383,0.405,0.07630275217039459,0.884,0.10097504442167676,0.33333333333333326,0.0,0.00033333333333333435,0.003333333333333344,3.81,0.7204796382208931,2.95,0.625630994607957,2.05,0.625630994607957,0.0,0.0,0.0,0.0,2.73,2.004313530182523,2.29,1.929541736561123,17.27,2.004313530182523,5.0,0.0,30.0,0.0,6.0,0.0,1.5,0.0,0.63,0.7608474807008886
10.0,25.0,203.0,203.0,100,12.11,2.269227608547441,0.4036666666666667,0.07564092028491472,0.8855,0.09880472527857023,0.33333333333333326,0.0,0.0013333333333333322,0.00656487951889774,3.83,0.7255092255537736,2.95,0.625630994607957,2.05,0.625630994607957,0.0,0.0,0.0,0.0,2.69,1.9627593439910664,2.27,1.9272369922358856,17.31,1.9627593439910673,5.0,0.0,30.0,0.0,6.0,0.0,1.5,0.0,0.63,0.7608474807008886
10.0,25.0,204.0,204.0,100,12.04,2.2693388882886114,0.4013333333333333,0.07564462960962039,0.8885,0.09843600187251848,0.33333333333333326,0.0,0.002333333333333335,0.009772955652070104,3.83,0.7255092255537736,2.93,0.6236905474591539,2.07,0.6236905474591539,0.0,0.0,0.0,0.0,2.63,1.9366481509572306,2.19,1.8946762203073064,17.37,1.9366481509572306,5.0,0.0,30.0,0.0,6.0,0.0,1.5,0.0,0.63,0.7608474807008886
10.0,25.0,205.0,205.0,100,12.02,2.2696059374065602,0.4006666666666666,0.07565353124688537,0.8895000000000001,0.09854881372633911,0.33333333333333326,0.0,0.0006666666666666665,0.004690176471209654,3.83,0.7255092255537736,2.93,0.6236905474591539,2.07,0.6236905474591539,0.0,0.0,0.0,0.0,2.61,1.9326801404403486,2.16,1.8679649165048384,17.39,1.9326801404403486,5.0,0.0,30.0,0.0,6.0,0.0,1.5,0.0,0.63,0.7608474807008886
10.0,25.0,206.0,206.0,100,12.0,2.2696949467968492,0.4,0.07565649822656165,0.8905,0.09865125801058347,0.33333333333333326,0.0,0.0006666666666666665,0.004690176471209654,3.83,0.7255092255537736,2.92,0.6305360874492095,2.08,0.6305360874492095,0.0,0.0,0.0,0.0,2.59,1.938941708637717,2.15,1.8715034738213154,17.41,1.9389417086377174,5.0,0.0,30.0,0.0,6.0,0.0,1.5,0.0,0.63,0.7608474807008886
10.0,25.0,207.0,207.0,100,11.99,2.2585192252688686,0.3996666666666666,0.07528397417562896,0.8909999999999999,0.0980568789792512,0.33333333333333326,0.0,0.00033333333333333327,0.003333333333333333,3.84,0.720830049037885,2.92,0.6305360874492095,2.08,0.6305360874492095,0.0,0.0,0.0,0.0,2.58,1.9289396260142726,2.11,1.8904064017127016,17.42,1.9289396260142724,5.0,0.0,30.0,0.0,6.0,0.0,1.5,0.0,0.63,0.7608474807008886
10.0,25.0,208.0,208.0,100,11.97,2.26726819112893,0.39899999999999997,0.07557560637096433,0.8915000000000001,0.09797314618678617,0.33333333333333326,0.0,0.000666666666666666,0.004690176471209649,3.85,0.7159792333764035,2.91,0.6210938542262158,2.09,0.6210938542262158,0.0,0.0,0.0,0.0,2.56,1.934900096604056,2.06,1.8739037199160344,17.44,1.9349000966040557,5.0,0.0,30.0,0.0,6.0,0.0,1.5,0.0,0.63,0.7608474807008886
10.0,25.0,209.0,209.0,100,11.95,2.2758059955305794,0.39833333333333326,0.07586019985101929,0.8925,0.09856931110091566,0.33333333333333326,0.0,0.0006666666666666671,0.004690176471209658,3.86,0.7109532653097146,2.91,0.6210938542262158,2.09,0.6210938542262158,0.0,0.0,0.0,0.0,2.54,1.9510163111733962,2.04,1.8690461025168248,17.46,1.9510163111733965,5.0,0.0,30.0,0.0,6.0,0.0,1.5,0.0,0.63,0.7608474807008886
10.0,25.0,210.0,210.0,100,11.93,2.2484787225269813,0.39766666666666667,0.07494929075089939,0.8935,0.09709284320700574,0.33333333333333326,0.0,0.0006666666666666665,0.004690176471209654,3.86,0.7109532653097146,2.9,0.6113406364191519,2.1,0.6113406364191519,0.0,0.0,0.0,0.0,2.52,1.9252705437591533,2.04,1.8690461025168248,17.48,1.9252705437591533,5.0,0.0,30.0,0.0,6.0,0.0,1.5,0.0,0.63,0.7608474807008886
10.0,25.0,211.0,211.0,100,11.88,2.2350739485653612,0.396,0.07450246495217873,0.8959999999999999,0.09657780659795875,0.33333333333333326,0.0,0.0016666666666666674,0.0073014304519196825,3.88,0.7003606574508955,2.89,0.6178326405404393,2.1,0.6113406364191519,0.01,0.09999999999999999,0.01,0.09999999999999999,2.46,1.9301959915139617,2.05,1.876892983823871,17.54,1.9301959915139617,5.0,0.0,30.0,0.0,6.0,0.0,1.5,0.0,0.63,0.7608474807008886
10.0,25.0,212.0,212.0,100,11.87,2.2186309364838563,0.3956666666666666,0.07395436454946187,0.8965000000000001,0.09567806921804455,0.33333333333333326,0.0,0.00033333333333333327,0.0033333333333333335,3.88,0.7003606574508955,2.89,0.6178326405404393,2.11,0.6178326405404393,0.0,0.0,0.0,0.0,2.46,1.9091486282760923,2.02,1.8855109427291885,17.54,1.9091486282760928,5.0,0.0,30.0,0.0,6.0,0.0,1.5,0.0,0.63,0.7608474807008886
10.0,25.0,213.0,213.0,100,11.84,2.2052279480884294,0.3946666666666666,0.07350759826961431,0.898,0.0950597897975986,0.33333333333333326,0.0,0.0009999999999999992,0.005714886933258836,3.89,0.7091750791795304,2.88,0.6240953048172606,2.12,0.6240953048172606,0.0,0.0,0.0,0.0,2.43,1.9029748110033224,2.01,1.8613289485057318,17.57,1.9029748110033222,5.0,0.0,30.0,0.0,6.0,0.0,1.5,0.0,0.63,0.7608474807008886
10.0,25.0,214.0,214.0,100,11.81,2.2051134330290703,0.39366666666666666,0.07350378110096902,0.8995000000000001,0.09521241536902654,0.33333333333333326,0.0,0.0010000000000000015,0.0074233834451204635,3.91,0.7120180453961101,2.88,0.6240953048172606,2.12,0.6240953048172606,0.0,0.0,0.0,0.0,2.41,1.9074283284786422,2.02,1.8421550840076824,17.59,1.9074283284786426,5.0,0.0,30.0,0.0,6.0,0.0,1.5,0.0,0.63,0.7608474807008886
10.0,25.0,215.0,215.0,100,11.8,2.1788700620906116,0.3933333333333333,0.07262900206968706,0.9,0.09374368665610923,0.33333333333333326,0.0,0.00033333333333333327,0.0033333333333333335,3.92,0.6916529754030112,2.88,0.6240953048172606,2.12,0.6240953048172606,0.0,0.0,0.0,0.0,2.4,1.880253582725887,2.0,1.8531981638085637,17.6,1.880253582725887,5.0,0.0,30.0,0.0,6.0,0.0,1.5,0.0,0.63,0.7608474807008886
10.0,25.0,216.0,216.0,100,11.77,2.1642410665033123,0.39233333333333337,0.07214136888344373,0.9015000000000001,0.09305559324588408,0.33333333333333326,0.0,0.0010000000000000002,0.005714886933258844,3.92,0.6916529754030112,2.88,0.6240953048172606,2.12,0.6240953048172606,0.0,0.0,0.0,0.0,2.37,1.873014099835294,1.97,1.817173963086972,17.63,1.8730140998352942,5.0,0.0,30.0,0.0,6.0,0.0,1.5,0.0,0.63,0.7608474807008886
10.0,25.0,217.0,217.0,100,11.74,2.1443842562339053,0.3913333333333333,0.07147947520779685,0.903,0.09206387769238038,0.33333333333333326,0.0,0.0010000000000000002,0.005714886933258843,3.93,0.7,2.87,0.630135467237567,2.13,0.630135467237567,0.0,0.0,0.0,0.0,2.34,1.8598359871208807,1.95,1.7830571862093854,17.66,1.8598359871208812,5.0,0.0,30.0,0.0,6.0,0.0,1.5,0.0,0.63,0.7608474807008886
10.0,25.0,218.0,218.0,100,11.73,2.1265754706389406,0.39099999999999996,0.07088584902129803,0.9035,0.09108077223380945,0.33333333333333326,0.0,0.00033333333333333327,0.0033333333333333335,3.93,0.7,2.86,0.6198729097503973,2.14,0.6198729097503973,0.0,0.0,0.0,0.0,2.33,1.8425662824035678,1.91,1.723837626232866,17.67,1.8425662824035678,5.0,0.0,30.0,0.0,6.0,0.0,1.5,0.0,0.63,0.7608474807008886
10.0,25.0,219.0,219.0,100,11.67,2.1558236842505827,0.389,0.07186078947501943,0.9055,0.09098090597771187,0.33333333333333326,0.0,0.0020000000000000005,0.009259932635447143,3.94,0.6936945446031134,2.84,0.6149648918286459,2.16,0.6149648918286459,0.0,0.0,0.0,0.0,2.28,1.826184408801448,1.91,1.723837626232866,17.72,1.8261844088014483,5.0,0.0,30.0,0.0,6.0,0.0,1.5,0.0,0.63,0.7608474807008886
10.0,25.0,220.0,220.0,100,11.66,2.161275343659644,0.38866666666666666,0.07204251145532146,0.9059999999999999,0.09136451580058169,0.33333333333333326,0.0,0.0003333333333333327,0.003333333333333328,3.94,0.6936945446031134,2.84,0.6149648918286459,2.16,0.6149648918286459,0.0,0.0,0.0,0.0,2.27,1.8359760567088235,1.87,1.6976216280193865,17.73,1.8359760567088237,5.0,0.0,30.0,0.0,6.0,0.0,1.5,0.0,0.63,0.7608474807008886
10.0,25.0,221.0,221.0,100,11.64,2.1533155079476107,0.38799999999999996,0.07177718359825369,0.907,0.09101559417945028,0.33333333333333326,0.0,0.0006666666666666655,0.004690176471209647,3.95,0.701729465267237,2.84,0.6149648918286459,2.16,0.6149648918286459,0.0,0.0,0.0,0.0,2.25,1.833333333333333,1.86,1.7057241715749207,17.75,1.8333333333333328,5.0,0.0,30.0,0.0,6.0,0.0,1.5,0.0,0.63,0.7608474807008886
10.0,25.0,222.0,222.0,100,11.62,2.154534799445162,0.38733333333333336,0.07181782664817205,0.9079999999999999,0.09120960431441373,0.33333333333333326,0.0,0.0006666666666666687,0.004690176471209669,3.95,0.701729465267237,2.84,0.6149648918286459,2.16,0.6149648918286459,0.0,0.0,0.0,0.0,2.23,1.8414695493029747,1.83,1.705931423065423,17.77,1.8414695493029742,5.0,0.0,30.0,0.0,6.0,0.0,1.5,0.0,0.63,0.7608474807008886
10.0,25.0,223.0,223.0,100,11.59,2.156011094216316,0.3863333333333333,0.07186703647387722,0.9095,0.091479147041467,0.33333333333333326,0.0,0.0009999999999999998,0.00571488693325884,3.95,0.701729465267237,2.83,0.620442982835244,2.17,0.620442982835244,0.0,0.0,0.0,0.0,2.2,1.8477395417486233,1.83,1.705931423065423,17.8,1.847739541748624,5.0,0.0,30.0,0.0,6.0,0.0,1.5,0.0,0.63,0.7608474807008886
10.0,25.0,224.0,224.0,100,11.57,2.1473733073716184,0.3856666666666666,0.07157911024572061,0.9105,0.09109186172610194,0.33333333333333326,0.0,0.0006666666666666682,0.004690176471209665,3.95,0.701729465267237,2.83,0.620442982835244,2.17,0.620442982835244,0.0,0.0,0.0,0.0,2.18,1.8443470827412503,1.83,1.705931423065423,17.82,1.8443470827412505,5.0,0.0,30.0,0.0,6.0,0.0,1.5,0.0,0.63,0.7608474807008886
10.0,25.0,225.0,225.0,100,11.55,2.1337830965283935,0.385,0.07112610321761316,0.9115000000000001,0.09041291362131268,0.33333333333333326,0.0,0.0006666666666666665,0.004690176471209652,3.95,0.701729465267237,2.82,0.6093546843285373,2.18,0.6093546843285373,0.0,0.0,0.0,0.0,2.16,1.8352331753978315,1.82,1.701929979924455,17.84,1.8352331753978315,5.0,0.0,30.0,0.0,6.0,0.0,1.5,0.0,0.63,0.7608474807008886
10.0,25.0,226.0,226.0,100,11.52,2.129542085742729,0.384,0.07098473619142434,0.9129999999999999,0.09034725376361068,0.33333333333333326,0.0,0.0010000000000000015,0.005714886933258851,3.95,0.701729465267237,2.82,0.6093546843285373,2.18,0.6093546843285373,0.0,0.0,0.0,0.0,2.13,1.8403721626262708,1.81,1.6978596151411556,17.87,1.8403721626262708,5.0,0.0,30.0,0.0,6.0,0.0,1.5,0.0,0.63,0.7608474807008886
10.0,25.0,227.0,227.0,100,11.51,2.1009617807186314,0.38366666666666666,0.07003205935728775,0.9135,0.08872127504981345,0.33333333333333326,0.0,0.00033333333333333327,0.0033333333333333322,3.96,0.6804633002817293,2.82,0.6093546843285373,2.18,0.6093546843285373,0.0,0.0,0.0,0.0,2.12,1.8106307846670002,1.8,1.699673171197595,17.88,1.8106307846670004,5.0,0.0,30.0,0.0,6.0,0.0,1.5,0.0,0.63,0.7608474807008886
10.0,25.0,228.0,228.0,100,11.49,2.1153360169595903,0.38299999999999995,0.0705112005653197,0.914,0.08906926143924927,0.33333333333333326,0.0,0.000666666666666666,0.006666666666666661,3.96,0.6804633002817293,2.82,0.6093546843285373,2.18,0.6093546843285373,0.0,0.0,0.0,0.0,2.11,1.8140584557307073,1.78,1.6488747310781005,17.89,1.8140584557307078,5.0,0.0,30.0,0.0,6.0,0.0,1.5,0.0,0.63,0.7608474807008886
10.0,25.0,229.0,229.0,100,11.44,2.133522718866427,0.3813333333333333,0.07111742396221424,0.9155,0.08839049037016815,0.33333333333333326,0.0,0.0016666666666666655,0.008703882797784888,3.96,0.6804633002817293,2.82,0.6093546843285373,2.18,0.6093546843285373,0.0,0.0,0.0,0.0,2.07,1.8160618954432166,1.76,1.6460543580012625,17.93,1.8160618954432162,5.0,0.0,30.0,0.0,6.0,0.0,1.5,0.0,0.63,0.7608474807008886
10.0,25.0,230.0,230.0,100,11.43,2.1237236214258246,0.38099999999999995,0.07079078738086082,0.9159999999999999,0.08787042802451872,0.33333333333333326,0.0,0.0003333333333333338,0.003333333333333339,3.97,0.6735253251633255,2.82,0.6093546843285373,2.18,0.6093546843285373,0.0,0.0,0.0,0.0,2.06,1.8080627503189455,1.73,1.63827329647388,17.94,1.8080627503189455,5.0,0.0,30.0,0.0,6.0,0.0,1.5,0.0,0.63,0.7608474807008886
10.0,25.0,231.0,231.0,100,11.42,2.123366870959154,0.38066666666666665,0.07077889569863846,0.9165000000000001,0.08792070578112139,0.33333333333333326,0.0,0.00033333333333333435,0.003333333333333344,3.97,0.6735253251633255,2.81,0.614554121031474,2.19,0.614554121031474,0.0,0.0,0.0,0.0,2.05,1.811160685942313,1.68,1.6198266524040108,17.95,1.811160685942313,5.0,0.0,30.0,0.0,6.0,0.0,1.5,0.0,0.63,0.7608474807008886
10.0,25.0,232.0,232.0,100,11.37,2.1113210953516206,0.379,0.07037736984505402,0.9185,0.08606287342297017,0.33333333333333326,0.0,0.0016666666666666648,0.0073014304519196695,3.97,0.6735253251633255,2.8,0.6195469181897233,2.2,0.6195469181897233,0.0,0.0,0.0,0.0,2.0,1.763834207376394,1.66,1.6219454586104527,18.0,1.7638342073763937,5.0,0.0,30.0,0.0,6.0,0.0,1.5,0.0,0.63,0.7608474807008886
10.0,25.0,233.0,233.0,100,11.36,2.124983660067898,0.37866666666666665,0.0708327886689299,0.9185,0.08606287342297017,0.33333333333333326,0.0,0.0003333333333333338,0.0033333333333333388,3.97,0.6735253251633255,2.8,0.6195469181897233,2.2,0.6195469181897233,0.0,0.0,0.0,0.0,1.99,1.7723749973730538,1.63,1.6121696278899775,18.01,1.7723749973730532,5.0,0.0,30.0,0.0,6.0,0.0,1.5,0.0,0.63,0.7608474807008886
10.0,25.0,234.0,234.0,100,11.34,2.1044445511076955,0.37799999999999995,0.07014815170358983,0.9195,0.08495245253622283,0.33333333333333326,0.0,0.000666666666666666,0.00469017647120965,3.97,0.6735253251633255,2.8,0.6195469181897233,2.2,0.6195469181897233,0.0,0.0,0.0,0.0,1.97,1.7549640993191256,1.62,1.6192029464579734,18.03,1.754964099319126,5.0,0.0,30.0,0.0,6.0,0.0,1.5,0.0,0.63,0.7608474807008886
10.0,25.0,235.0,235.0,100,11.31,2.116290828002349,0.37699999999999995,0.07054302760007831,0.92,0.08348471099367218,0.33333333333333326,0.0,0.0010000000000000007,0.005714886933258846,3.97,0.6735253251633255,2.8,0.6195469181897233,2.2,0.6195469181897233,0.0,0.0,0.0,0.0,1.94,1.7280806191444382,1.62,1.6192029464579734,18.06,1.7280806191444382,5.0,0.0,30.0,0.0,6.0,0.0,1.5,0.0,0.63,0.7608474807008886
10.0,25.0,236.0,236.0,100,11.3,2.1105794120443453,0.37666666666666665,0.07035264706814487,0.9205,0.08321051555536654,0.33333333333333326,0.0,0.0003333333333333327,0.0033333333333333266,3.97,0.6735253251633255,2.79,0.6243380332784314,2.21,0.6243380332784314,0.0,0.0,0.0,0.0,1.93,1.7247749084586323,1.6,1.6017667013821226,18.07,1.7247749084586323,5.0,0.0,30.0,0.0,6.0,0.0,1.5,0.0,0.63,0.7608474807008886
10.0,25.0,237.0,237.0,100,11.28,2.079627006183677,0.37599999999999995,0.06932090020612258,0.9215000000000001,0.08141891920211425,0.33333333333333326,0.0,0.0006666666666666665,0.004690176471209652,3.97,0.6735253251633255,2.79,0.6243380332784314,2.21,0.6243380332784314,0.0,0.0,0.0,0.0,1.91,1.6942862982996882,1.59,1.6023656753612012,18.09,1.6942862982996882,5.0,0.0,30.0,0.0,6.0,0.0,1.5,0.0,0.63,0.7608474807008886
10.0,25.0,238.0,238.0,100,11.28,2.079627006183677,0.37599999999999995,0.06932090020612258,0.9215000000000001,0.08141891920211425,0.33333333333333326,0.0,0.0,0.0,3.97,0.6735253251633255,2.79,0.6243380332784314,2.21,0.6243380332784314,0.0,0.0,0.0,0.0,1.91,1.6942862982996882,1.57,1.609661486465431,18.09,1.6942862982996882,5.0,0.0,30.0,0.0,6.0,0.0,1.5,0.0,0.63,0.7608474807008886
10.0,25.0,239.0,239.0,100,11.28,2.079627006183677,0.37599999999999995,0.06932090020612258,0.9215000000000001,0.08141891920211425,0.33333333333333326,0.0,0.0,0.0,3.97,0.6735253251633255,2.79,0.6243380332784314,2.21,0.6243380332784314,0.0,0.0,0.0,0.0,1.91,1.6942862982996882,1.57,1.609661486465431,18.09,1.6942862982996882,5.0,0.0,30.0,0.0,6.0,0.0,1.5,0.0,0.63,0.7608474807008886
10.0,25.0,240.0,240.0,100,11.25,2.0859075005881973,0.375,0.06953025001960658,0.9225,0.08145612935869845,0.33333333333333326,0.0,0.0009999999999999987,0.005714886933258835,3.98,0.6813533769215677,2.78,0.612661028100805,2.22,0.612661028100805,0.0,0.0,0.0,0.0,1.88,1.7072631533385454,1.56,1.5974727515420073,18.12,1.707263153338546,5.0,0.0,30.0,0.0,6.0,0.0,1.5,0.0,0.63,0.7608474807008886
10.0,25.0,241.0,241.0,100,11.22,2.0771970235746715,0.374,0.06923990078582241,0.924,0.08117819282232752,0.33333333333333326,0.0,0.0010000000000000009,0.005714886933258847,3.99,0.6741249472052225,2.78,0.612661028100805,2.22,0.612661028100805,0.0,0.0,0.0,0.0,1.85,1.7078251276599332,1.56,1.5974727515420073,18.15,1.707825127659933,5.0,0.0,30.0,0.0,6.0,0.0,1.5,0.0,0.63,0.7608474807008886
10.0,25.0,242.0,242.0,100,11.21,2.0806710261816788,0.37366666666666665,0.06935570087272262,0.9245,0.08149332252498737,0.33333333333333326,0.0,0.0003333333333333327,0.0033333333333333275,3.99,0.6741249472052225,2.78,0.612661028100805,2.22,0.612661028100805,0.0,0.0,0.0,0.0,1.84,1.7157617503133658,1.53,1.5664087473058759,18.16,1.7157617503133655,5.0,0.0,30.0,0.0,6.0,0.0,1.5,0.0,0.63,0.7608474807008886
10.0,25.0,243.0,243.0,100,11.17,2.0452210865647977,0.37233333333333335,0.06817403621882659,0.9265000000000001,0.07959969290839704,0.33333333333333326,0.0,0.001333333333333333,0.006564879518897744,4.0,0.6666666666666664,2.76,0.6215003027051766,2.24,0.6215003027051766,0.0,0.0,0.0,0.0,1.8,1.687745492805372,1.52,1.5601087763163803,18.2,1.687745492805372,5.0,0.0,30.0,0.0,6.0,0.0,1.5,0.0,0.63,0.7608474807008886
10.0,25.0,244.0,244.0,100,11.15,2.0169734302121625,0.37166666666666665,0.06723244767373876,0.9275,0.07797143999276565,0.33333333333333326,0.0,0.000666666666666666,0.0046901764712096485,4.0,0.6666666666666664,2.76,0.6215003027051766,2.24,0.6215003027051766,0.0,0.0,0.0,0.0,1.78,1.661081551035926,1.53,1.5599469040433214,18.22,1.6610815510359254,5.0,0.0,30.0,0.0,6.0,0.0,1.5,0.0,0.63,0.7608474807008886
10.0,25.0,245.0,245.0,100,11.13,2.0233735206432857,0.371,0.06744578402144286,0.9279999999999999,0.07762900634596984,0.33333333333333326,0.0,0.0006666666666666665,0.0046901764712096545,4.01,0.6741249472052226,2.76,0.6215003027051766,2.24,0.6215003027051766,0.0,0.0,0.0,0.0,1.76,1.6582819392066566,1.52,1.5471054758921103,18.24,1.6582819392066563,5.0,0.0,30.0,0.0,6.0,0.0,1.5,0.0,0.63,0.7608474807008886
10.0,25.0,246.0,246.0,100,11.13,2.0233735206432857,0.371,0.06744578402144286,0.9279999999999999,0.07762900634596984,0.33333333333333326,0.0,0.0,0.0,4.01,0.6741249472052226,2.76,0.6215003027051766,2.24,0.6215003027051766,0.0,0.0,0.0,0.0,1.76,1.6582819392066566,1.5,1.5275252316519465,18.24,1.6582819392066563,5.0,0.0,30.0,0.0,6.0,0.0,1.5,0.0,0.63,0.7608474807008886
10.0,25.0,247.0,247.0,100,11.11,2.0195759130785027,0.3703333333333333,0.06731919710261677,0.929,0.07758345132302326,0.33333333333333326,0.0,0.0006666666666666687,0.004690176471209671,4.02,0.6663635674617903,2.75,0.6256309946079569,2.25,0.6256309946079569,0.0,0.0,0.0,0.0,1.74,1.6613247725836147,1.48,1.5207653575510172,18.26,1.6613247725836147,5.0,0.0,30.0,0.0,6.0,0.0,1.5,0.0,0.63,0.7608474807008886
10.0,25.0,248.0,248.0,100,11.09,2.010552966803718,0.3696666666666666,0.06701843222679058,0.93,0.07719841941125452,0.33333333333333326,0.0,0.0006666666666666665,0.004690176471209653,4.02,0.6663635674617903,2.75,0.6256309946079569,2.25,0.6256309946079569,0.0,0.0,0.0,0.0,1.72,1.6580382712986175,1.47,1.527227632811901,18.28,1.6580382712986177,5.0,0.0,30.0,0.0,6.0,0.0,1.5,0.0,0.63,0.7608474807008886
10.0,25.0,249.0,249.0,100,11.08,2.003431399808182,0.3693333333333333,0.06678104666027275,0.9305,0.07683611051314271,0.33333333333333326,0.0,0.0003333333333333327,0.003333333333333328,4.02,0.6663635674617903,2.74,0.6295741706611193,2.26,0.6295741706611193,0.0,0.0,0.0,0.0,1.71,1.65324902033309,1.47,1.527227632811901,18.29,1.6532490203330905,5.0,0.0,30.0,0.0,6.0,0.0,1.5,0.0,0.63,0.7608474807008886
10.0,25.0,250.0,250.0,100,11.07,1.9911673648258381,0.369,0.06637224549419461,0.9309999999999999,0.07613783354528611,0.33333333333333326,0.0,0.0003333333333333338,0.0033333333333333388,4.03,0.65835730681321,2.74,0.6295741706611193,2.26,0.6295741706611193,0.0,0.0,0.0,0.0,1.7,1.6422453217986939,1.48,1.5273929726593916,18.3,1.6422453217986945,5.0,0.0,30.0,0.0,6.0,0.0,1.5,0.0,0.63,0.7608474807008886
10.0,25.0,251.0,251.0,100,11.07,1.9911673648258381,0.369,0.06637224549419461,0.9309999999999999,0.07613783354528611,0.33333333333333326,0.0,0.0,0.0,4.03,0.65835730681321,2.74,0.6295741706611193,2.26,0.6295741706611193,0.0,0.0,0.0,0.0,1.7,1.6422453217986939,1.47,1.5072551813870743,18.3,1.6422453217986945,5.0,0.0,30.0,0.0,6.0,0.0,1.5,0.0,0.63,0.7608474807008886
10.0,25.0,252.0,252.0,100,11.07,1.9911673648258381,0.369,0.06637224549419461,0.9309999999999999,0.07613783354528611,0.33333333333333326,0.0,0.0,0.0,4.03,0.65835730681321,2.74,0.6295741706611193,2.26,0.6295741706611193,0.0,0.0,0.0,0.0,1.7,1.6422453217986939,1.46,1.5137084036607353,18.3,1.6422453217986945,5.0,0.0,30.0,0.0,6.0,0.0,1.5,0.0,0.63,0.7608474807008886
10.0,25.0,253.0,253.0,100,11.06,1.9940314982872298,0.3686666666666667,0.06646771660957435,0.9315000000000001,0.07642749254137293,0.33333333333333326,0.0,0.0003333333333333327,0.0033333333333333275,4.03,0.65835730681321,2.74,0.6295741706611193,2.26,0.6295741706611193,0.0,0.0,0.0,0.0,1.69,1.6495790708878162,1.46,1.5137084036607353,18.31,1.6495790708878162,5.0,0.0,30.0,0.0,6.0,0.0,1.5,0.0,0.63,0.7608474807008886
10.0,25.0,254.0,254.0,100,11.03,1.98201509539757,0.36766666666666664,0.06606716984658567,0.9329999999999999,0.07595187205518285,0.33333333333333326,0.0,0.0010000000000000015,0.005714886933258851,4.03,0.65835730681321,2.73,0.617178329908861,2.27,0.617178329908861,0.0,0.0,0.0,0.0,1.66,1.6281612607199236,1.46,1.5137084036607353,18.34,1.6281612607199234,5.0,0.0,30.0,0.0,6.0,0.0,1.5,0.0,0.63,0.7608474807008886
10.0,25.0,255.0,255.0,100,11.01,1.961729807691119,0.36699999999999994,0.06539099358970402,0.934,0.07483314773547882,0.33333333333333326,0.0,0.0006666666666666676,0.0046901764712096615,4.03,0.65835730681321,2.73,0.617178329908861,2.27,0.617178329908861,0.0,0.0,0.0,0.0,1.64,1.6113235666257837,1.43,1.4991917014097156,18.36,1.6113235666257837,5.0,0.0,30.0,0.0,6.0,0.0,1.5,0.0,0.63,0.7608474807008886
10.0,25.0,256.0,256.0,100,10.99,1.9514045705541927,0.36633333333333334,0.06504681901847315,0.935,0.07436600722307894,0.33333333333333326,0.0,0.0006666666666666671,0.004690176471209657,4.03,0.65835730681321,2.73,0.617178329908861,2.27,0.617178329908861,0.0,0.0,0.0,0.0,1.62,1.6003787430518193,1.43,1.4991917014097156,18.38,1.600378743051819,5.0,0.0,30.0,0.0,6.0,0.0,1.5,0.0,0.63,0.7608474807008886
10.0,25.0,257.0,257.0,100,10.97,1.9460137967058961,0.36566666666666664,0.06486712655686322,0.9359999999999999,0.07422325046163711,0.33333333333333326,0.0,0.0006666666666666687,0.0046901764712096675,4.05,0.657128740672771,2.73,0.617178329908861,2.27,0.617178329908861,0.0,0.0,0.0,0.0,1.6,1.5954480704349314,1.43,1.4991917014097156,18.4,1.5954480704349314,5.0,0.0,30.0,0.0,6.0,0.0,1.5,0.0,0.63,0.7608474807008886
10.0,25.0,258.0,258.0,100,10.95,1.9455985031227625,0.365,0.06485328343742543,0.937,0.07440674456232874,0.33333333333333326,0.0,0.0006666666666666671,0.004690176471209659,4.05,0.657128740672771,2.71,0.6079440431453865,2.29,0.6079440431453865,0.0,0.0,0.0,0.0,1.58,1.602901409723296,1.41,1.504840674139776,18.42,1.6029014097232959,5.0,0.0,30.0,0.0,6.0,0.0,1.5,0.0,0.63,0.7608474807008886
10.0,25.0,259.0,259.0,100,10.94,1.9322881187176444,0.36466666666666664,0.06440960395725483,0.9375,0.07364088401139546,0.33333333333333326,0.0,0.0003333333333333338,0.0033333333333333388,4.05,0.657128740672771,2.71,0.6079440431453865,2.29,0.6079440431453865,0.0,0.0,0.0,0.0,1.57,1.5907243760010845,1.41,1.504840674139776,18.43,1.5907243760010845,5.0,0.0,30.0,0.0,6.0,0.0,1.5,0.0,0.63,0.7608474807008886
10.0,25.0,260.0,260.0,100,10.93,1.9345607389082546,0.3643333333333333,0.0644853579636085,0.938,0.07389591369355997,0.33333333333333326,0.0,0.0003333333333333327,0.0033333333333333266,4.05,0.657128740672771,2.71,0.6079440431453865,2.29,0.6079440431453865,0.0,0.0,0.0,0.0,1.56,1.597472751542007,1.4,1.4974726182552531,18.44,1.597472751542007,5.0,0.0,30.0,0.0,6.0,0.0,1.5,0.0,0.63,0.7608474807008886
10.0,25.0,261.0,261.0,100,10.92,1.9158034946995557,0.364,0.0638601164899852,0.9384999999999999,0.07277160896054911,0.33333333333333326,0.0,0.00033333333333333327,0.0033333333333333335,4.06,0.6485414871895713,2.71,0.6079440431453865,2.29,0.6079440431453865,0.0,0.0,0.0,0.0,1.55,1.5787413475374117,1.39,1.4900003389600318,18.45,1.5787413475374115,5.0,0.0,30.0,0.0,6.0,0.0,1.5,0.0,0.63,0.7608474807008886
10.0,25.0,262.0,262.0,100,10.89,1.9010629668794259,0.363,0.06336876556264752,0.94,0.07212503172976913,0.33333333333333326,0.0,0.0010000000000000009,0.005714886933258847,4.06,0.6485414871895713,2.71,0.6079440431453865,2.29,0.6079440431453865,0.0,0.0,0.0,0.0,1.52,1.5730045881507893,1.39,1.4900003389600318,18.48,1.5730045881507893,5.0,0.0,30.0,0.0,6.0,0.0,1.5,0.0,0.63,0.7608474807008886
10.0,25.0,263.0,263.0,100,10.89,1.9010629668794259,0.363,0.06336876556264752,0.94,0.07212503172976913,0.33333333333333326,0.0,0.0,0.0,4.06,0.6485414871895713,2.71,0.6079440431453865,2.29,0.6079440431453865,0.0,0.0,0.0,0.0,1.52,1.5730045881507893,1.38,1.4755926732583546,18.48,1.5730045881507893,5.0,0.0,30.0,0.0,6.0,0.0,1.5,0.0,0.63,0.7608474807008886
10.0,25.0,264.0,264.0,100,10.87,1.9103915723212244,0.3623333333333333,0.06367971907737414,0.9405,0.0723679570813023,0.33333333333333326,0.0,0.000666666666666666,0.006666666666666659,4.06,0.6485414871895713,2.71,0.6079440431453865,2.29,0.6079440431453865,0.0,0.0,0.0,0.0,1.51,1.560205891618931,1.37,1.4747367510333786,18.49,1.5602058916189314,5.0,0.0,30.0,0.0,6.0,0.0,1.5,0.0,0.63,0.7608474807008886
10.0,25.0,265.0,265.0,100,10.86,1.8964080880347554,0.36199999999999993,0.06321360293449187,0.941,0.07155558692514526,0.33333333333333326,0.0,0.0003333333333333338,0.0033333333333333383,4.07,0.6396811074214395,2.71,0.6079440431453865,2.29,0.6079440431453865,0.0,0.0,0.0,0.0,1.5,1.547236049844817,1.35,1.4659433478105144,18.5,1.5472360498448172,5.0,0.0,30.0,0.0,6.0,0.0,1.5,0.0,0.63,0.7608474807008886
10.0,25.0,266.0,266.0,100,10.81,1.8946762203073066,0.36033333333333334,0.06315587401024354,0.9425,0.06976692799904725,0.33333333333333326,0.0,0.0016666666666666655,0.008703882797784888,4.07,0.6396811074214395,2.7,0.611340636419152,2.3,0.611340636419152,0.0,0.0,0.0,0.0,1.46,1.4935551783268908,1.32,1.462528597665666,18.54,1.493555178326891,5.0,0.0,30.0,0.0,6.0,0.0,1.5,0.0,0.63,0.7608474807008886
10.0,25.0,267.0,267.0,100,10.81,1.8946762203073066,0.36033333333333334,0.06315587401024354,0.9425,0.06976692799904725,0.33333333333333326,0.0,0.0,0.0,4.07,0.6396811074214395,2.7,0.611340636419152,2.3,0.611340636419152,0.0,0.0,0.0,0.0,1.46,1.4935551783268908,1.32,1.462528597665666,18.54,1.493555178326891,5.0,0.0,30.0,0.0,6.0,0.0,1.5,0.0,0.63,0.7608474807008886
10.0,25.0,268.0,268.0,100,10.81,1.8946762203073066,0.36033333333333334,0.06315587401024354,0.9425,0.06976692799904725,0.33333333333333326,0.0,0.0,0.0,4.07,0.6396811074214395,2.7,0.611340636419152,2.3,0.611340636419152,0.0,0.0,0.0,0.0,1.46,1.4935551783268908,1.32,1.462528597665666,18.54,1.493555178326891,5.0,0.0,30.0,0.0,6.0,0.0,1.5,0.0,0.63,0.7608474807008886
10.0,25.0,269.0,269.0,100,10.8,1.8963015572317603,0.36,0.06321005190772533,0.943,0.06999999999999999,0.33333333333333326,0.0,0.0003333333333333327,0.003333333333333328,4.07,0.6396811074214395,2.7,0.611340636419152,2.3,0.611340636419152,0.0,0.0,0.0,0.0,1.45,1.4932508094081114,1.31,1.4612503294276877,18.55,1.4932508094081116,5.0,0.0,30.0,0.0,6.0,0.0,1.5,0.0,0.63,0.7608474807008886
10.0,25.0,270.0,270.0,100,10.8,1.8963015572317603,0.36,0.06321005190772533,0.943,0.06999999999999999,0.33333333333333326,0.0,0.0,0.0,4.07,0.6396811074214395,2.7,0.611340636419152,2.3,0.611340636419152,0.0,0.0,0.0,0.0,1.45,1.4932508094081114,1.3,1.4459976109624426,18.55,1.4932508094081116,5.0,0.0,30.0,0.0,6.0,0.0,1.5,0.0,0.63,0.7608474807008886
10.0,25.0,271.0,271.0,100,10.79,1.8871976980473328,0.35966666666666663,0.06290658993491109,0.9434999999999999,0.0695058314536313,0.33333333333333326,0.0,0.0003333333333333327,0.0033333333333333275,4.08,0.6305360874492099,2.7,0.611340636419152,2.3,0.611340636419152,0.0,0.0,0.0,0.0,1.44,1.486097186756253,1.3,1.4459976109624426,18.56,1.486097186756252,5.0,0.0,30.0,0.0,6.0,0.0,1.5,0.0,0.63,0.7608474807008886
10.0,25.0,272.0,272.0,100,10.78,1.8887225119833588,0.3593333333333333,0.06295741706611194,0.9440000000000001,0.0697325337459228,0.33333333333333326,0.0,0.0003333333333333327,0.003333333333333328,4.08,0.6305360874492099,2.7,0.611340636419152,2.3,0.611340636419152,0.0,0.0,0.0,0.0,1.43,1.4924388554891412,1.29,1.4445648745444688,18.57,1.4924388554891412,5.0,0.0,30.0,0.0,6.0,0.0,1.5,0.0,0.63,0.7608474807008886
10.0,25.0,273.0,273.0,100,10.78,1.8887225119833588,0.3593333333333333,0.06295741706611194,0.9440000000000001,0.0697325337459228,0.33333333333333326,0.0,0.0,0.0,4.08,0.6305360874492099,2.7,0.611340636419152,2.3,0.611340636419152,0.0,0.0,0.0,0.0,1.43,1.4924388554891412,1.29,1.4445648745444688,18.57,1.4924388554891412,5.0,0.0,30.0,0.0,6.0,0.0,1.5,0.0,0.63,0.7608474807008886
10.0,25.0,274.0,274.0,100,10.77,1.8901926575955912,0.359,0.06300642191985302,0.9445,0.06995489167089652,0.33333333333333326,0.0,0.0003333333333333327,0.0033333333333333266,4.08,0.6305360874492099,2.7,0.611340636419152,2.3,0.611340636419152,0.0,0.0,0.0,0.0,1.42,1.498686293411869,1.29,1.4445648745444688,18.58,1.498686293411869,5.0,0.0,30.0,0.0,6.0,0.0,1.5,0.0,0.63,0.7608474807008886
10.0,25.0,275.0,275.0,100,10.75,1.9036116656864057,0.3583333333333333,0.06345372218954687,0.945,0.0701729465267237,0.33333333333333326,0.0,0.0006666666666666665,0.004690176471209652,4.09,0.6371495868001454,2.7,0.611340636419152,2.3,0.611340636419152,0.0,0.0,0.0,0.0,1.4,1.49071198499986,1.29,1.4445648745444688,18.6,1.4907119849998596,5.0,0.0,30.0,0.0,6.0,0.0,1.5,0.0,0.63,0.7608474807008886
10.0,25.0,276.0,276.0,100,10.75,1.9036116656864057,0.3583333333333333,0.06345372218954687,0.945,0.0701729465267237,0.33333333333333326,0.0,0.0,0.0,4.09,0.6371495868001454,2.7,0.611340636419152,2.3,0.611340636419152,0.0,0.0,0.0,0.0,1.4,1.49071198499986,1.29,1.4445648745444688,18.6,1.4907119849998596,5.0,0.0,30.0,0.0,6.0,0.0,1.5,0.0,0.63,0.7608474807008886
10.0,25.0,277.0,277.0,100,10.75,1.9036116656864057,0.3583333333333333,0.06345372218954687,0.945,0.0701729465267237,0.33333333333333326,0.0,0.0,0.0,4.09,0.6371495868001454,2.7,0.611340636419152,2.3,0.611340636419152,0.0,0.0,0.0,0.0,1.4,1.49071198499986,1.28,1.4289927228716743,18.6,1.4907119849998596,5.0,0.0,30.0,0.0,6.0,0.0,1.5,0.0,0.63,0.7608474807008886
10.0,25.0,278.0,278.0,100,10.75,1.9036116656864057,0.3583333333333333,0.06345372218954687,0.945,0.0701729465267237,0.33333333333333326,0.0,0.0,0.0,4.09,0.6371495868001454,2.7,0.611340636419152,2.3,0.611340636419152,0.0,0.0,0.0,0.0,1.4,1.49071198499986,1.26,1.4257374487356616,18.6,1.4907119849998596,5.0,0.0,30.0,0.0,6.0,0.0,1.5,0.0,0.63,0.7608474807008886
10.0,25.0,279.0,279.0,100,10.74,1.910206504252587,0.358,0.0636735501417529,0.945,0.0701729465267237,0.33333333333333326,0.0,0.00033333333333333327,0.0033333333333333327,4.09,0.6371495868001454,2.7,0.611340636419152,2.3,0.611340636419152,0.0,0.0,0.0,0.0,1.39,1.4832056465301737,1.26,1.4257374487356616,18.61,1.4832056465301733,5.0,0.0,30.0,0.0,6.0,0.0,1.5,0.0,0.63,0.7608474807008886
10.0,25.0,280.0,280.0,100,10.74,1.910206504252587,0.358,0.0636735501417529,0.945,0.0701729465267237,0.33333333333333326,0.0,0.0,0.0,4.09,0.6371495868001454,2.7,0.611340636419152,2.3,0.611340636419152,0.0,0.0,0.0,0.0,1.39,1.4832056465301737,1.24,1.4292754398044774,18.61,1.4832056465301733,5.0,0.0,30.0,0.0,6.0,0.0,1.5,0.0,0.63,0.7608474807008886
10.0,25.0,281.0,281.0,100,10.74,1.910206504252587,0.358,0.0636735501417529,0.945,0.0701729465267237,0.33333333333333326,0.0,0.0,0.0,4.09,0.6371495868001454,2.7,0.611340636419152,2.3,0.611340636419152,0.0,0.0,0.0,0.0,1.39,1.4832056465301737,1.23,1.4344604447933609,18.61,1.4832056465301733,5.0,0.0,30.0,0.0,6.0,0.0,1.5,0.0,0.63,0.7608474807008886
10.0,25.0,282.0,282.0,100,10.74,1.910206504252587,0.358,0.0636735501417529,0.945,0.0701729465267237,0.33333333333333326,0.0,0.0,0.0,4.09,0.6371495868001454,2.7,0.611340636419152,2.3,0.611340636419152,0.0,0.0,0.0,0.0,1.39,1.4832056465301737,1.23,1.4344604447933609,18.61,1.4832056465301733,5.0,0.0,30.0,0.0,6.0,0.0,1.5,0.0,0.63,0.7608474807008886
10.0,25.0,283.0,283.0,100,10.73,1.9061569566628933,0.35766666666666663,0.06353856522209646,0.9455,0.07002705105020404,0.33333333333333326,0.0,0.00033333333333333435,0.0033333333333333444,4.09,0.6371495868001454,2.7,0.611340636419152,2.3,0.611340636419152,0.0,0.0,0.0,0.0,1.38,1.482422260213249,1.22,1.425454030096794,18.62,1.4824222602132486,5.0,0.0,30.0,0.0,6.0,0.0,1.5,0.0,0.63,0.7608474807008886
10.0,25.0,284.0,284.0,100,10.71,1.9451831208750947,0.357,0.06483943736250318,0.9455,0.07002705105020404,0.33333333333333326,0.0,0.000666666666666666,0.004690176471209651,4.09,0.6371495868001454,2.7,0.611340636419152,2.3,0.611340636419152,0.0,0.0,0.0,0.0,1.36,1.4806495980897143,1.22,1.425454030096794,18.64,1.4806495980897143,5.0,0.0,30.0,0.0,6.0,0.0,1.5,0.0,0.63,0.7608474807008886
10.0,25.0,285.0,285.0,100,10.71,1.9451831208750947,0.357,0.06483943736250318,0.9455,0.07002705105020404,0.33333333333333326,0.0,0.0,0.0,4.09,0.6371495868001454,2.7,0.611340636419152,2.3,0.611340636419152,0.0,0.0,0.0,0.0,1.36,1.4806495980897143,1.22,1.425454030096794,18.64,1.4806495980897143,5.0,0.0,30.0,0.0,6.0,0.0,1.5,0.0,0.63,0.7608474807008886
10.0,25.0,286.0,286.0,100,10.71,1.9451831208750947,0.357,0.06483943736250318,0.9455,0.07002705105020404,0.33333333333333326,0.0,0.0,0.0,4.09,0.6371495868001454,2.7,0.611340636419152,2.3,0.611340636419152,0.0,0.0,0.0,0.0,1.36,1.4806495980897143,1.22,1.425454030096794,18.64,1.4806495980897143,5.0,0.0,30.0,0.0,6.0,0.0,1.5,0.0,0.63,0.7608474807008886
10.0,25.0,287.0,287.0,100,10.71,1.9451831208750947,0.357,0.06483943736250318,0.9455,0.07002705105020404,0.33333333333333326,0.0,0.0,0.0,4.09,0.6371495868001454,2.7,0.611340636419152,2.3,0.611340636419152,0.0,0.0,0.0,0.0,1.36,1.4806495980897143,1.22,1.425454030096794,18.64,1.4806495980897143,5.0,0.0,30.0,0.0,6.0,0.0,1.5,0.0,0.63,0.7608474807008886
10.0,25.0,288.0,288.0,100,10.69,1.9316345723795996,0.35633333333333334,0.06438781907932002,0.9465,0.06936035312668604,0.33333333333333326,0.0,0.0006666666666666665,0.004690176471209653,4.1,0.6435381994422817,2.7,0.611340636419152,2.3,0.611340636419152,0.0,0.0,0.0,0.0,1.34,1.471754261437896,1.22,1.425454030096794,18.66,1.4717542614378958,5.0,0.0,30.0,0.0,6.0,0.0,1.5,0.0,0.63,0.7608474807008886
10.0,25.0,289.0,289.0,100,10.69,1.9316345723795996,0.35633333333333334,0.06438781907932002,0.9465,0.06936035312668604,0.33333333333333326,0.0,0.0,0.0,4.1,0.6435381994422817,2.7,0.611340636419152,2.3,0.611340636419152,0.0,0.0,0.0,0.0,1.34,1.471754261437896,1.2,1.4142135623730954,18.66,1.4717542614378958,5.0,0.0,30.0,0.0,6.0,0.0,1.5,0.0,0.63,0.7608474807008886
10.0,25.0,290.0,290.0,100,10.67,1.9543011357753766,0.35566666666666663,0.06514337119251258,0.9470000000000001,0.06920179830675569,0.33333333333333326,0.0,0.0006666666666666685,0.004690176471209669,4.11,0.633970970880522,2.69,0.6307763374436204,2.31,0.6307763374436204,0.0,0.0,0.0,0.0,1.32,1.4694189052791988,1.2,1.4142135623730954,18.68,1.4694189052791986,5.0,0.0,30.0,0.0,6.0,0.0,1.5,0.0,0.63,0.7608474807008886
10.0,25.0,291.0,291.0,100,10.65,1.9611118264799676,0.355,0.06537039421599893,0.9475,0.06940402864329413,0.33333333333333326,0.0,0.000666666666666666,0.00469017647120965,4.11,0.633970970880522,2.68,0.633731931983991,2.32,0.633731931983991,0.0,0.0,0.0,0.0,1.3,1.4668044012461758,1.18,1.42403609079222,18.7,1.4668044012461758,5.0,0.0,30.0,0.0,6.0,0.0,1.5,0.0,0.63,0.7608474807008886
10.0,25.0,292.0,292.0,100,10.64,1.9515339731823396,0.35466666666666663,0.06505113243941132,0.948,0.06887259501016604,0.33333333333333326,0.0,0.0003333333333333327,0.003333333333333328,4.11,0.633970970880522,2.68,0.633731931983991,2.32,0.633731931983991,0.0,0.0,0.0,0.0,1.29,1.4515404565390857,1.18,1.42403609079222,18.71,1.4515404565390855,5.0,0.0,30.0,0.0,6.0,0.0,1.5,0.0,0.63,0.7608474807008886
10.0,25.0,293.0,293.0,100,10.62,1.937300005969987,0.354,0.06457666686566625,0.9490000000000001,0.06815757144627843,0.33333333333333326,0.0,0.0006666666666666671,0.004690176471209656,4.12,0.6400757530925302,2.68,0.633731931983991,2.32,0.633731931983991,0.0,0.0,0.0,0.0,1.27,1.4414849246103087,1.18,1.42403609079222,18.73,1.441484924610309,5.0,0.0,30.0,0.0,6.0,0.0,1.5,0.0,0.63,0.7608474807008886
10.0,25.0,294.0,294.0,100,10.62,1.937300005969987,0.354,0.06457666686566625,0.9490000000000001,0.06815757144627843,0.33333333333333326,0.0,0.0,0.0,4.12,0.6400757530925302,2.68,0.633731931983991,2.32,0.633731931983991,0.0,0.0,0.0,0.0,1.27,1.4414849246103087,1.18,1.42403609079222,18.73,1.441484924610309,5.0,0.0,30.0,0.0,6.0,0.0,1.5,0.0,0.63,0.7608474807008886
10.0,25.0,295.0,295.0,100,10.62,1.937300005969987,0.354,0.06457666686566625,0.9490000000000001,0.06815757144627843,0.33333333333333326,0.0,0.0,0.0,4.12,0.6400757530925302,2.68,0.633731931983991,2.32,0.633731931983991,0.0,0.0,0.0,0.0,1.27,1.4414849246103087,1.18,1.42403609079222,18.73,1.441484924610309,5.0,0.0,30.0,0.0,6.0,0.0,1.5,0.0,0.63,0.7608474807008886
10.0,25.0,296.0,296.0,100,10.6,1.9436506316150997,0.3533333333333333,0.06478835438717001,0.9495,0.06834811370085242,0.33333333333333326,0.0,0.000666666666666666,0.00469017647120965,4.12,0.6400757530925302,2.68,0.633731931983991,2.32,0.633731931983991,0.0,0.0,0.0,0.0,1.25,1.4240006242195884,1.18,1.42403609079222,18.75,1.4240006242195888,5.0,0.0,30.0,0.0,6.0,0.0,1.5,0.0,0.63,0.7608474807008886
10.0,25.0,297.0,297.0,100,10.59,1.9493329602453728,0.353,0.06497776534151244,0.9495,0.06834811370085242,0.33333333333333326,0.0,0.00033333333333333327,0.0033333333333333335,4.12,0.6400757530925302,2.68,0.633731931983991,2.32,0.633731931983991,0.0,0.0,0.0,0.0,1.24,1.4150704019320883,1.17,1.4146063449281963,18.76,1.4150704019320883,5.0,0.0,30.0,0.0,6.0,0.0,1.5,0.0,0.63,0.7608474807008886
10.0,25.0,298.0,298.0,100,10.59,1.9493329602453728,0.353,0.06497776534151244,0.9495,0.06834811370085242,0.33333333333333326,0.0,0.0,0.0,4.12,0.6400757530925302,2.68,0.633731931983991,2.32,0.633731931983991,0.0,0.0,0.0,0.0,1.24,1.4150704019320883,1.15,1.3953385599809447,18.76,1.4150704019320883,5.0,0.0,30.0,0.0,6.0,0.0,1.5,0.0,0.63,0.7608474807008886
10.0,25.0,299.0,299.0,100,10.57,1.970771268803002,0.35233333333333333,0.06569237562676676,0.95,0.06853444168423423,0.33333333333333326,0.0,0.0006666666666666657,0.004690176471209649,4.13,0.645966506308746,2.68,0.633731931983991,2.32,0.633731931983991,0.0,0.0,0.0,0.0,1.22,1.41835015835906,1.14,1.4000000000000001,18.78,1.4183501583590605,5.0,0.0,30.0,0.0,6.0,0.0,1.5,0.0,0.63,0.7608474807008886
10.0,25.0,300.0,300.0,100,10.57,1.970771268803002,0.35233333333333333,0.06569237562676676,0.95,0.06853444168423423,0.33333333333333326,0.0,0.0,0.0,4.13,0.645966506308746,2.68,0.633731931983991,2.32,0.633731931983991,0.0,0.0,0.0,0.0,1.22,1.41835015835906,1.14,1.4000000000000001,18.78,1.4183501583590605,5.0,0.0,30.0,0.0,6.0,0.0,1.5,0.0,0.63,0.7608474807008886
10.0,25.0,301.0,301.0,100,10.57,1.970771268803002,0.35233333333333333,0.06569237562676676,0.95,0.06853444168423423,0.33333333333333326,0.0,0.0,0.0,4.13,0.645966506308746,2.68,0.633731931983991,2.32,0.633731931983991,0.0,0.0,0.0,0.0,1.22,1.41835015835906,1.13,1.4045740574381556,18.78,1.4183501583590605,5.0,0.0,30.0,0.0,6.0,0.0,1.5,0.0,0.63,0.7608474807008886
10.0,25.0,302.0,302.0,100,10.57,1.970771268803002,0.35233333333333333,0.06569237562676676,0.95,0.06853444168423423,0.33333333333333326,0.0,0.0,0.0,4.13,0.645966506308746,2.68,0.633731931983991,2.32,0.633731931983991,0.0,0.0,0.0,0.0,1.22,1.41835015835906,1.12,1.3946506749184557,18.78,1.4183501583590605,5.0,0.0,30.0,0.0,6.0,0.0,1.5,0.0,0.63,0.7608474807008886
10.0,25.0,303.0,303.0,100,10.57,1.970771268803002,0.35233333333333333,0.06569237562676676,0.95,0.06853444168423423,0.33333333333333326,0.0,0.0,0.0,4.13,0.645966506308746,2.68,0.633731931983991,2.32,0.633731931983991,0.0,0.0,0.0,0.0,1.22,1.41835015835906,1.11,1.3990978334179305,18.78,1.4183501583590605,5.0,0.0,30.0,0.0,6.0,0.0,1.5,0.0,0.63,0.7608474807008886
10.0,25.0,304.0,304.0,100,10.56,1.971104392276707,0.352,0.06570347974255691,0.9505,0.06871658967796423,0.33333333333333326,0.0,0.0003333333333333327,0.003333333333333328,4.13,0.645966506308746,2.68,0.633731931983991,2.32,0.633731931983991,0.0,0.0,0.0,0.0,1.21,1.4234330388752454,1.1,1.4034589305344738,18.79,1.423433038875246,5.0,0.0,30.0,0.0,6.0,0.0,1.5,0.0,0.63,0.7608474807008886
10.0,25.0,305.0,305.0,100,10.56,1.971104392276707,0.352,0.06570347974255691,0.9505,0.06871658967796423,0.33333333333333326,0.0,0.0,0.0,4.13,0.645966506308746,2.68,0.633731931983991,2.32,0.633731931983991,0.0,0.0,0.0,0.0,1.21,1.4234330388752454,1.1,1.4034589305344738,18.79,1.423433038875246,5.0,0.0,30.0,0.0,6.0,0.0,1.5,0.0,0.63,0.7608474807008886
10.0,25.0,306.0,306.0,100,10.55,1.981607346768697,0.3516666666666666,0.06605357822562326,0.9505,0.06871658967796423,0.33333333333333326,0.0,0.0003333333333333338,0.0033333333333333388,4.13,0.645966506308746,2.68,0.633731931983991,2.32,0.633731931983991,0.0,0.0,0.0,0.0,1.2,1.428427121138506,1.1,1.4034589305344738,18.8,1.4284271211385062,5.0,0.0,30.0,0.0,6.0,0.0,1.5,0.0,0.63,0.7608474807008886
10.0,25.0,307.0,307.0,100,10.55,1.981607346768697,0.3516666666666666,0.06605357822562326,0.9505,0.06871658967796423,0.33333333333333326,0.0,0.0,0.0,4.13,0.645966506308746,2.68,0.633731931983991,2.32,0.633731931983991,0.0,0.0,0.0,0.0,1.2,1.428427121138506,1.1,1.4034589305344738,18.8,1.4284271211385062,5.0,0.0,30.0,0.0,6.0,0.0,1.5,0.0,0.63,0.7608474807008886
10.0,25.0,308.0,308.0,100,10.54,1.9767333526489468,0.35133333333333333,0.06589111175496493,0.951,0.06852707199318818,0.33333333333333326,0.0,0.00033333333333333435,0.003333333333333344,4.13,0.645966506308746,2.68,0.633731931983991,2.32,0.633731931983991,0.0,0.0,0.0,0.0,1.19,1.419168913146143,1.1,1.4034589305344738,18.81,1.419168913146143,5.0,0.0,30.0,0.0,6.0,0.0,1.5,0.0,0.63,0.7608474807008886
10.0,25.0,309.0,309.0,100,10.54,1.9767333526489468,0.35133333333333333,0.06589111175496493,0.951,0.06852707199318818,0.33333333333333326,0.0,0.0,0.0,4.13,0.645966506308746,2.68,0.633731931983991,2.32,0.633731931983991,0.0,0.0,0.0,0.0,1.19,1.419168913146143,1.1,1.4034589305344738,18.81,1.419168913146143,5.0,0.0,30.0,0.0,6.0,0.0,1.5,0.0,0.63,0.7608474807008886
10.0,25.0,310.0,310.0,100,10.54,1.9767333526489468,0.35133333333333333,0.06589111175496493,0.951,0.06852707199318818,0.33333333333333326,0.0,0.0,0.0,4.13,0.645966506308746,2.68,0.633731931983991,2.32,0.633731931983991,0.0,0.0,0.0,0.0,1.19,1.419168913146143,1.1,1.4034589305344738,18.81,1.419168913146143,5.0,0.0,30.0,0.0,6.0,0.0,1.5,0.0,0.63,0.7608474807008886
10.0,25.0,311.0,311.0,100,10.54,1.9767333526489468,0.35133333333333333,0.06589111175496493,0.951,0.06852707199318818,0.33333333333333326,0.0,0.0,0.0,4.13,0.645966506308746,2.68,0.633731931983991,2.32,0.633731931983991,0.0,0.0,0.0,0.0,1.19,1.419168913146143,1.09,1.4005410210040803,18.81,1.419168913146143,5.0,0.0,30.0,0.0,6.0,0.0,1.5,0.0,0.63,0.7608474807008886
10.0,25.0,312.0,312.0,100,10.54,1.9767333526489468,0.35133333333333333,0.06589111175496493,0.951,0.06852707199318818,0.33333333333333326,0.0,0.0,0.0,4.13,0.645966506308746,2.68,0.633731931983991,2.32,0.633731931983991,0.0,0.0,0.0,0.0,1.19,1.419168913146143,1.09,1.4005410210040803,18.81,1.419168913146143,5.0,0.0,30.0,0.0,6.0,0.0,1.5,0.0,0.63,0.7608474807008886
10.0,25.0,313.0,313.0,100,10.54,1.9767333526489468,0.35133333333333333,0.06589111175496493,0.951,0.06852707199318818,0.33333333333333326,0.0,0.0,0.0,4.13,0.645966506308746,2.68,0.633731931983991,2.32,0.633731931983991,0.0,0.0,0.0,0.0,1.19,1.419168913146143,1.09,1.4005410210040803,18.81,1.419168913146143,5.0,0.0,30.0,0.0,6.0,0.0,1.5,0.0,0.63,0.7608474807008886
10.0,25.0,314.0,314.0,100,10.54,1.9767333526489468,0.35133333333333333,0.06589111175496493,0.951,0.06852707199318818,0.33333333333333326,0.0,0.0,0.0,4.13,0.645966506308746,2.68,0.633731931983991,2.32,0.633731931983991,0.0,0.0,0.0,0.0,1.19,1.419168913146143,1.09,1.4005410210040803,18.81,1.419168913146143,5.0,0.0,30.0,0.0,6.0,0.0,1.5,0.0,0.63,0.7608474807008886
10.0,25.0,315.0,315.0,100,10.54,1.9767333526489468,0.35133333333333333,0.06589111175496493,0.951,0.06852707199318818,0.33333333333333326,0.0,0.0,0.0,4.13,0.645966506308746,2.68,0.633731931983991,2.32,0.633731931983991,0.0,0.0,0.0,0.0,1.19,1.419168913146143,1.09,1.4005410210040803,18.81,1.419168913146143,5.0,0.0,30.0,0.0,6.0,0.0,1.5,0.0,0.63,0.7608474807008886
10.0,25.0,316.0,316.0,100,10.52,1.9667950651460437,0.3506666666666666,0.06555983550486812,0.9520000000000001,0.0681353376921568,0.33333333333333326,0.0,0.0006666666666666655,0.004690176471209646,4.13,0.645966506308746,2.67,0.6365151334819267,2.33,0.6365151334819267,0.0,0.0,0.0,0.0,1.17,1.4146063449281963,1.08,1.3756908273755597,18.83,1.414606344928197,5.0,0.0,30.0,0.0,6.0,0.0,1.5,0.0,0.63,0.7608474807008886
10.0,25.0,317.0,317.0,100,10.52,1.9667950651460437,0.3506666666666666,0.06555983550486812,0.9520000000000001,0.0681353376921568,0.33333333333333326,0.0,0.0,0.0,4.13,0.645966506308746,2.67,0.6365151334819267,2.33,0.6365151334819267,0.0,0.0,0.0,0.0,1.17,1.4146063449281963,1.08,1.3756908273755597,18.83,1.414606344928197,5.0,0.0,30.0,0.0,6.0,0.0,1.5,0.0,0.63,0.7608474807008886
10.0,25.0,318.0,318.0,100,10.52,1.9667950651460437,0.3506666666666666,0.06555983550486812,0.9520000000000001,0.0681353376921568,0.33333333333333326,0.0,0.0,0.0,4.13,0.645966506308746,2.67,0.6365151334819267,2.33,0.6365151334819267,0.0,0.0,0.0,0.0,1.17,1.4146063449281963,1.08,1.3756908273755597,18.83,1.414606344928197,5.0,0.0,30.0,0.0,6.0,0.0,1.5,0.0,0.63,0.7608474807008886
10.0,25.0,319.0,319.0,100,10.52,1.9667950651460437,0.3506666666666666,0.06555983550486812,0.9520000000000001,0.0681353376921568,0.33333333333333326,0.0,0.0,0.0,4.13,0.645966506308746,2.67,0.6365151334819267,2.33,0.6365151334819267,0.0,0.0,0.0,0.0,1.17,1.4146063449281963,1.07,1.3651876697866026,18.83,1.414606344928197,5.0,0.0,30.0,0.0,6.0,0.0,1.5,0.0,0.63,0.7608474807008886
10.0,25.0,320.0,320.0,100,10.51,1.9668721002103469,0.35033333333333333,0.06556240334034488,0.9525,0.06830376300324922,0.33333333333333326,0.0,0.0003333333333333327,0.0033333333333333275,4.13,0.645966506308746,2.67,0.6365151334819267,2.33,0.6365151334819267,0.0,0.0,0.0,0.0,1.16,1.4193468408199081,1.05,1.351205970885851,18.84,1.419346840819909,5.0,0.0,30.0,0.0,6.0,0.0,1.5,0.0,0.63,0.7608474807008886
10.0,25.0,321.0,321.0,100,10.5,1.9565998130130826,0.35,0.06521999376710273,0.953,0.06772642532179507,0.33333333333333326,0.0,0.0003333333333333327,0.003333333333333328,4.13,0.645966506308746,2.67,0.6365151334819267,2.33,0.6365151334819267,0.0,0.0,0.0,0.0,1.15,1.4097424365371631,1.03,1.3443108707332976,18.85,1.409742436537164,5.0,0.0,30.0,0.0,6.0,0.0,1.5,0.0,0.63,0.7608474807008886
10.0,25.0,322.0,322.0,100,10.49,1.9462214102659996,0.3496666666666666,0.06487404700886666,0.9534999999999999,0.06714036254614869,0.33333333333333326,0.0,0.0003333333333333327,0.0033333333333333266,4.13,0.645966506308746,2.67,0.6365151334819267,2.33,0.6365151334819267,0.0,0.0,0.0,0.0,1.14,1.4,1.03,1.3443108707332976,18.86,1.3999999999999997,5.0,0.0,30.0,0.0,6.0,0.0,1.5,0.0,0.63,0.7608474807008886
10.0,25.0,323.0,323.0,100,10.49,1.9462214102659996,0.3496666666666666,0.06487404700886666,0.9534999999999999,0.06714036254614869,0.33333333333333326,0.0,0.0,0.0,4.13,0.645966506308746,2.67,0.6365151334819267,2.33,0.6365151334819267,0.0,0.0,0.0,0.0,1.14,1.4,1.03,1.3443108707332976,18.86,1.3999999999999997,5.0,0.0,30.0,0.0,6.0,0.0,1.5,0.0,0.63,0.7608474807008886
10.0,25.0,324.0,324.0,100,10.46,1.9406340731989136,0.3486666666666667,0.0646878024399638,0.9545,0.06670264180857027,0.33333333333333326,0.0,0.0009999999999999987,0.005714886933258835,4.13,0.645966506308746,2.66,0.6391281940932104,2.34,0.6391281940932104,0.0,0.0,0.0,0.0,1.11,1.3990978334179305,1.03,1.3443108707332976,18.89,1.3990978334179307,5.0,0.0,30.0,0.0,6.0,0.0,1.5,0.0,0.63,0.7608474807008886
10.0,25.0,325.0,325.0,100,10.46,1.9406340731989136,0.3486666666666667,0.0646878024399638,0.9545,0.06670264180857027,0.33333333333333326,0.0,0.0,0.0,4.13,0.645966506308746,2.66,0.6391281940932104,2.34,0.6391281940932104,0.0,0.0,0.0,0.0,1.11,1.3990978334179305,1.01,1.3446113929235457,18.89,1.3990978334179307,5.0,0.0,30.0,0.0,6.0,0.0,1.5,0.0,0.63,0.7608474807008886
10.0,25.0,326.0,326.0,100,10.46,1.9406340731989136,0.3486666666666667,0.0646878024399638,0.9545,0.06670264180857027,0.33333333333333326,0.0,0.0,0.0,4.13,0.645966506308746,2.66,0.6391281940932104,2.34,0.6391281940932104,0.0,0.0,0.0,0.0,1.11,1.3990978334179305,1.01,1.3446113929235457,18.89,1.3990978334179307,5.0,0.0,30.0,0.0,6.0,0.0,1.5,0.0,0.63,0.7608474807008886
10.0,25.0,327.0,327.0,100,10.45,1.966255735188487,0.3483333333333333,0.06554185783961623,0.9545,0.06670264180857027,0.33333333333333326,0.0,0.0003333333333333341,0.003333333333333341,4.13,0.645966506308746,2.65,0.6571287406727709,2.35,0.6571287406727709,0.0,0.0,0.0,0.0,1.1,1.4034589305344738,0.99,1.3521027395068093,18.9,1.403458930534474,5.0,0.0,30.0,0.0,6.0,0.0,1.5,0.0,0.63,0.7608474807008886
10.0,25.0,328.0,328.0,100,10.45,1.966255735188487,0.3483333333333333,0.06554185783961623,0.9545,0.06670264180857027,0.33333333333333326,0.0,0.0,0.0,4.13,0.645966506308746,2.65,0.6571287406727709,2.35,0.6571287406727709,0.0,0.0,0.0,0.0,1.1,1.4034589305344738,0.99,1.3521027395068093,18.9,1.403458930534474,5.0,0.0,30.0,0.0,6.0,0.0,1.5,0.0,0.63,0.7608474807008886
10.0,25.0,329.0,329.0,100,10.45,1.966255735188487,0.3483333333333333,0.06554185783961623,0.9545,0.06670264180857027,0.33333333333333326,0.0,0.0,0.0,4.13,0.645966506308746,2.65,0.6571287406727709,2.35,0.6571287406727709,0.0,0.0,0.0,0.0,1.1,1.4034589305344738,0.99,1.3521027395068093,18.9,1.403458930534474,5.0,0.0,30.0,0.0,6.0,0.0,1.5,0.0,0.63,0.7608474807008886
10.0,25.0,330.0,330.0,100,10.45,1.966255735188487,0.3483333333333333,0.06554185783961623,0.9545,0.06670264180857027,0.33333333333333326,0.0,0.0,0.0,4.13,0.645966506308746,2.65,0.6571287406727709,2.35,0.6571287406727709,0.0,0.0,0.0,0.0,1.1,1.4034589305344738,0.97,1.344310870733298,18.9,1.403458930534474,5.0,0.0,30.0,0.0,6.0,0.0,1.5,0.0,0.63,0.7608474807008886
10.0,25.0,331.0,331.0,100,10.44,1.960828520000789,0.348,0.065360950666693,0.955,0.06647700293478882,0.33333333333333326,0.0,0.00033333333333333435,0.0033333333333333444,4.14,0.6516490348695873,2.65,0.6571287406727709,2.35,0.6571287406727709,0.0,0.0,0.0,0.0,1.09,1.4005410210040803,0.95,1.3437096247164249,18.91,1.4005410210040796,5.0,0.0,30.0,0.0,6.0,0.0,1.5,0.0,0.63,0.7608474807008886
10.0,25.0,332.0,332.0,100,10.44,1.960828520000789,0.348,0.065360950666693,0.955,0.06647700293478882,0.33333333333333326,0.0,0.0,0.0,4.14,0.6516490348695873,2.65,0.6571287406727709,2.35,0.6571287406727709,0.0,0.0,0.0,0.0,1.09,1.4005410210040803,0.95,1.3437096247164249,18.91,1.4005410210040796,5.0,0.0,30.0,0.0,6.0,0.0,1.5,0.0,0.63,0.7608474807008886
10.0,25.0,333.0,333.0,100,10.44,1.960828520000789,0.348,0.065360950666693,0.955,0.06647700293478882,0.33333333333333326,0.0,0.0,0.0,4.14,0.6516490348695873,2.65,0.6571287406727709,2.35,0.6571287406727709,0.0,0.0,0.0,0.0,1.09,1.4005410210040803,0.95,1.3437096247164249,18.91,1.4005410210040796,5.0,0.0,30.0,0.0,6.0,0.0,1.5,0.0,0.63,0.7608474807008886
10.0,25.0,334.0,334.0,100,10.44,1.960828520000789,0.348,0.065360950666693,0.955,0.06647700293478882,0.33333333333333326,0.0,0.0,0.0,4.14,0.6516490348695873,2.65,0.6571287406727709,2.35,0.6571287406727709,0.0,0.0,0.0,0.0,1.09,1.4005410210040803,0.93,1.3352637540685708,18.91,1.4005410210040796,5.0,0.0,30.0,0.0,6.0,0.0,1.5,0.0,0.63,0.7608474807008886
10.0,25.0,335.0,335.0,100,10.43,1.9397750572494918,0.3476666666666667,0.06465916857498309,0.9555,0.06509317331426709,0.33333333333333326,0.0,0.00033333333333333327,0.0033333333333333327,4.14,0.6516490348695873,2.65,0.6571287406727709,2.35,0.6571287406727709,0.0,0.0,0.0,0.0,1.08,1.37569082737556,0.93,1.3352637540685708,18.92,1.3756908273755595,5.0,0.0,30.0,0.0,6.0,0.0,1.5,0.0,0.63,0.7608474807008886
10.0,25.0,336.0,336.0,100,10.42,1.9497733616028705,0.3473333333333333,0.0649924453867624,0.9555,0.06509317331426709,0.33333333333333326,0.0,0.0003333333333333338,0.003333333333333339,4.14,0.6516490348695873,2.64,0.6593538312222619,2.36,0.6593538312222619,0.0,0.0,0.0,0.0,1.07,1.3725667174820297,0.93,1.3352637540685708,18.93,1.3725667174820297,5.0,0.0,30.0,0.0,6.0,0.0,1.5,0.0,0.63,0.7608474807008886
10.0,25.0,337.0,337.0,100,10.42,1.9497733616028705,0.3473333333333333,0.0649924453867624,0.9555,0.06509317331426709,0.33333333333333326,0.0,0.0,0.0,4.14,0.6516490348695873,2.64,0.6593538312222619,2.36,0.6593538312222619,0.0,0.0,0.0,0.0,1.07,1.3725667174820297,0.93,1.3352637540685708,18.93,1.3725667174820297,5.0,0.0,30.0,0.0,6.0,0.0,1.5,0.0,0.63,0.7608474807008886
10.0,25.0,338.0,338.0,100,10.42,1.9497733616028705,0.3473333333333333,0.0649924453867624,0.9555,0.06509317331426709,0.33333333333333326,0.0,0.0,0.0,4.14,0.6516490348695873,2.64,0.6593538312222619,2.36,0.6593538312222619,0.0,0.0,0.0,0.0,1.07,1.3725667174820297,0.91,1.3340528361714052,18.93,1.3725667174820297,5.0,0.0,30.0,0.0,6.0,0.0,1.5,0.0,0.63,0.7608474807008886
10.0,25.0,339.0,339.0,100,10.42,1.9497733616028705,0.3473333333333333,0.0649924453867624,0.9555,0.06509317331426709,0.33333333333333326,0.0,0.0,0.0,4.14,0.6516490348695873,2.64,0.6593538312222619,2.36,0.6593538312222619,0.0,0.0,0.0,0.0,1.07,1.3725667174820297,0.91,1.3340528361714052,18.93,1.3725667174820297,5.0,0.0,30.0,0.0,6.0,0.0,1.5,0.0,0.63,0.7608474807008886
10.0,25.0,340.0,340.0,100,10.42,1.9497733616028705,0.3473333333333333,0.0649924453867624,0.9555,0.06509317331426709,0.33333333333333326,0.0,0.0,0.0,4.14,0.6516490348695873,2.64,0.6593538312222619,2.36,0.6593538312222619,0.0,0.0,0.0,0.0,1.07,1.3725667174820297,0.91,1.3340528361714052,18.93,1.3725667174820297,5.0,0.0,30.0,0.0,6.0,0.0,1.5,0.0,0.63,0.7608474807008886
10.0,25.0,341.0,341.0,100,10.42,1.9497733616028705,0.3473333333333333,0.0649924453867624,0.9555,0.06509317331426709,0.33333333333333326,0.0,0.0,0.0,4.14,0.6516490348695873,2.64,0.6593538312222619,2.36,0.6593538312222619,0.0,0.0,0.0,0.0,1.07,1.3725667174820297,0.91,1.3340528361714052,18.93,1.3725667174820297,5.0,0.0,30.0,0.0,6.0,0.0,1.5,0.0,0.63,0.7608474807008886
10.0,25.0,342.0,342.0,100,10.42,1.9497733616028705,0.3473333333333333,0.0649924453867624,0.9555,0.06509317331426709,0.33333333333333326,0.0,0.0,0.0,4.14,0.6516490348695873,2.64,0.6593538312222619,2.36,0.6593538312222619,0.0,0.0,0.0,0.0,1.07,1.3725667174820297,0.91,1.3340528361714052,18.93,1.3725667174820297,5.0,0.0,30.0,0.0,6.0,0.0,1.5,0.0,0.63,0.7608474807008886
10.0,25.0,343.0,343.0,100,10.41,1.9389417086377172,0.347,0.06463139028792392,0.956,0.06446359868604572,0.33333333333333326,0.0,0.0003333333333333327,0.0033333333333333275,4.14,0.6516490348695873,2.64,0.6593538312222619,2.36,0.6593538312222619,0.0,0.0,0.0,0.0,1.06,1.361965306074092,0.91,1.3340528361714052,18.94,1.3619653060740924,5.0,0.0,30.0,0.0,6.0,0.0,1.5,0.0,0.63,0.7608474807008886
10.0,25.0,344.0,344.0,100,10.38,1.9215944557906208,0.3459999999999999,0.06405314852635406,0.9575,0.063712976969715,0.33333333333333326,0.0,0.001000000000000003,0.005714886933258858,4.15,0.6571287406727709,2.63,0.6459665063087461,2.37,0.6459665063087461,0.0,0.0,0.0,0.0,1.03,1.3518038827336374,0.91,1.3340528361714052,18.97,1.3518038827336372,5.0,0.0,30.0,0.0,6.0,0.0,1.5,0.0,0.63,0.7608474807008886
10.0,25.0,345.0,345.0,100,10.36,1.9043809142780932,0.3453333333333333,0.06347936380926977,0.9584999999999999,0.06278671608845071,0.33333333333333326,0.0,0.0006666666666666671,0.004690176471209656,4.15,0.6571287406727709,2.62,0.6479181891241979,2.38,0.6479181891241979,0.0,0.0,0.0,0.0,1.01,1.3370780746754387,0.9,1.3371158468430429,18.99,1.3370780746754374,5.0,0.0,30.0,0.0,6.0,0.0,1.5,0.0,0.63,0.7608474807008886
10.0,25.0,346.0,346.0,100,10.34,1.9027890215696701,0.3446666666666666,0.06342630071898897,0.9595,0.06304359562631995,0.33333333333333326,0.0,0.0006666666666666655,0.004690176471209648,4.15,0.6571287406727709,2.62,0.6479181891241979,2.38,0.6479181891241979,0.0,0.0,0.0,0.0,0.99,1.344611392923546,0.9,1.3371158468430429,19.01,1.3446113929235444,5.0,0.0,30.0,0.0,6.0,0.0,1.5,0.0,0.63,0.7608474807008886
10.0,25.0,347.0,347.0,100,10.34,1.9027890215696701,0.3446666666666666,0.06342630071898897,0.9595,0.06304359562631995,0.33333333333333326,0.0,0.0,0.0,4.15,0.6571287406727709,2.62,0.6479181891241979,2.38,0.6479181891241979,0.0,0.0,0.0,0.0,0.99,1.344611392923546,0.9,1.3371158468430429,19.01,1.3446113929235444,5.0,0.0,30.0,0.0,6.0,0.0,1.5,0.0,0.63,0.7608474807008886
10.0,25.0,348.0,348.0,100,10.33,1.8965945025415178,0.3443333333333333,0.06321981675138393,0.96,0.06276459144608477,0.33333333333333326,0.0,0.00033333333333333435,0.0033333333333333444,4.16,0.646982116125213,2.62,0.6479181891241979,2.38,0.6479181891241979,0.0,0.0,0.0,0.0,0.98,1.3407370202898692,0.89,1.3400964837871134,19.02,1.340737020289869,5.0,0.0,30.0,0.0,6.0,0.0,1.5,0.0,0.63,0.7608474807008886
10.0,25.0,349.0,349.0,100,10.32,1.8903262505010434,0.344,0.06301087501670145,0.9605,0.06248029992555956,0.33333333333333326,0.0,0.00033333333333333435,0.0033333333333333444,4.16,0.646982116125213,2.62,0.6479181891241979,2.38,0.6479181891241979,0.0,0.0,0.0,0.0,0.97,1.3367758589119183,0.89,1.3400964837871134,19.03,1.3367758589119179,5.0,0.0,30.0,0.0,6.0,0.0,1.5,0.0,0.63,0.7608474807008886
10.0,25.0,350.0,350.0,100,10.32,1.8903262505010434,0.344,0.06301087501670145,0.9605,0.06248029992555956,0.33333333333333326,0.0,0.0,0.0,4.16,0.646982116125213,2.62,0.6479181891241979,2.38,0.6479181891241979,0.0,0.0,0.0,0.0,0.97,1.3367758589119183,0.89,1.3400964837871134,19.03,1.3367758589119179,5.0,0.0,30.0,0.0,6.0,0.0,1.5,0.0,0.63,0.7608474807008886
10.0,25.0,351.0,351.0,100,10.31,1.8893374393146292,0.3436666666666667,0.06297791464382099,0.961,0.0625953817640073,0.33333333333333326,0.0,0.0003333333333333327,0.003333333333333328,4.16,0.646982116125213,2.62,0.6479181891241979,2.38,0.6479181891241979,0.0,0.0,0.0,0.0,0.96,1.3327271349235805,0.89,1.3400964837871134,19.04,1.3327271349235805,5.0,0.0,30.0,0.0,6.0,0.0,1.5,0.0,0.63,0.7608474807008886
10.0,25.0,352.0,352.0,100,10.31,1.8893374393146292,0.3436666666666667,0.06297791464382099,0.961,0.0625953817640073,0.33333333333333326,0.0,0.0,0.0,4.16,0.646982116125213,2.62,0.6479181891241979,2.38,0.6479181891241979,0.0,0.0,0.0,0.0,0.96,1.3327271349235805,0.88,1.2892719737209142,19.04,1.3327271349235805,5.0,0.0,30.0,0.0,6.0,0.0,1.5,0.0,0.63,0.7608474807008886
10.0,25.0,353.0,353.0,100,10.3,1.8829377433825432,0.34333333333333327,0.0627645914460848,0.9615,0.06230221229270799,0.33333333333333326,0.0,0.00033333333333333435,0.0033333333333333444,4.16,0.646982116125213,2.62,0.6479181891241979,2.38,0.6479181891241979,0.0,0.0,0.0,0.0,0.95,1.328590047814417,0.87,1.284365975723415,19.05,1.328590047814417,5.0,0.0,30.0,0.0,6.0,0.0,1.5,0.0,0.63,0.7608474807008886
10.0,25.0,354.0,354.0,100,10.29,1.8978722801914756,0.34299999999999997,0.06326240933971587,0.9615,0.06230221229270799,0.33333333333333326,0.0,0.000333333333333333,0.003333333333333331,4.16,0.646982116125213,2.62,0.6479181891241979,2.37,0.6459665063087461,0.01,0.09999999999999999,0.01,0.09999999999999999,0.94,1.3319689989415722,0.84,1.2927146286443545,19.06,1.3319689989415717,5.0,0.0,30.0,0.0,6.0,0.0,1.5,0.0,0.63,0.7608474807008886
10.0,25.0,355.0,355.0,100,10.29,1.8978722801914756,0.34299999999999997,0.06326240933971587,0.9615,0.06230221229270799,0.33333333333333326,0.0,0.0,0.0,4.16,0.646982116125213,2.62,0.6479181891241979,2.38,0.6479181891241979,0.0,0.0,0.0,0.0,0.95,1.328590047814417,0.83,1.2796385221908364,19.05,1.328590047814417,5.0,0.0,30.0,0.0,6.0,0.0,1.5,0.0,0.63,0.7608474807008886
10.0,25.0,356.0,356.0,100,10.28,1.8967276445435584,0.3426666666666667,0.06322425481811864,0.9620000000000001,0.062409530481726073,0.33333333333333326,0.0,0.0003333333333333327,0.0033333333333333275,4.16,0.646982116125213,2.62,0.6479181891241979,2.38,0.6479181891241979,0.0,0.0,0.0,0.0,0.94,1.3319689989415722,0.84,1.2769914137170504,19.06,1.331968998941572,5.0,0.0,30.0,0.0,6.0,0.0,1.5,0.0,0.63,0.7608474807008886
10.0,25.0,357.0,357.0,100,10.27,1.895529029856916,0.3423333333333333,0.06318430099523056,0.9625,0.0625126249875038,0.33333333333333326,0.0,0.0003333333333333327,0.0033333333333333275,4.16,0.646982116125213,2.62,0.6479181891241979,2.38,0.6479181891241979,0.0,0.0,0.0,0.0,0.93,1.3352637540685708,0.83,1.2796385221908364,19.07,1.3352637540685703,5.0,0.0,30.0,0.0,6.0,0.0,1.5,0.0,0.63,0.7608474807008886
10.0,25.0,358.0,358.0,100,10.26,1.8942763336648711,0.34199999999999997,0.06314254445549572,0.963,0.06261151667386777,0.33333333333333326,0.0,0.0003333333333333327,0.003333333333333328,4.16,0.646982116125213,2.62,0.6479181891241979,2.38,0.6479181891241979,0.0,0.0,0.0,0.0,0.92,1.3384749349596174,0.83,1.2796385221908364,19.08,1.3384749349596177,5.0,0.0,30.0,0.0,6.0,0.0,1.5,0.0,0.63,0.7608474807008886
10.0,25.0,359.0,359.0,100,10.25,1.9036116656864057,0.3416666666666666,0.06345372218954688,0.963,0.06261151667386777,0.33333333333333326,0.0,0.0003333333333333338,0.003333333333333339,4.17,0.6521913333934567,2.62,0.6479181891241979,2.38,0.6479181891241979,0.0,0.0,0.0,0.0,0.91,1.334052836171405,0.83,1.2796385221908364,19.09,1.3340528361714052,5.0,0.0,30.0,0.0,6.0,0.0,1.5,0.0,0.63,0.7608474807008886
10.0,25.0,360.0,360.0,100,10.25,1.9036116656864057,0.3416666666666666,0.06345372218954688,0.963,0.06261151667386777,0.33333333333333326,0.0,0.0,0.0,4.17,0.6521913333934567,2.62,0.6479181891241979,2.38,0.6479181891241979,0.0,0.0,0.0,0.0,0.91,1.334052836171405,0.83,1.2796385221908364,19.09,1.3340528361714052,5.0,0.0,30.0,0.0,6.0,0.0,1.5,0.0,0.63,0.7608474807008886
10.0,25.0,361.0,361.0,100,10.24,1.9181219771411613,0.3413333333333333,0.06393739923803873,0.963,0.06261151667386777,0.33333333333333326,0.0,0.000333333333333333,0.0033333333333333305,4.17,0.6521913333934567,2.62,0.6479181891241979,2.38,0.6479181891241979,0.0,0.0,0.0,0.0,0.9,1.3371158468430429,0.82,1.234029287670387,19.1,1.3371158468430437,5.0,0.0,30.0,0.0,6.0,0.0,1.5,0.0,0.63,0.7608474807008886
10.0,25.0,362.0,362.0,100,10.23,1.8794744591039914,0.34099999999999997,0.06264914863679974,0.9634999999999999,0.05982086052152172,0.33333333333333326,0.0,0.00033333333333333327,0.0033333333333333327,4.18,0.6257117159804115,2.62,0.6479181891241979,2.38,0.6479181891241979,0.0,0.0,0.0,0.0,0.89,1.2862520921049825,0.81,1.236604997237161,19.11,1.2862520921049834,5.0,0.0,30.0,0.0,6.0,0.0,1.5,0.0,0.63,0.7608474807008886
10.0,25.0,363.0,363.0,100,10.22,1.8726095873584185,0.3406666666666666,0.06242031957861397,0.9640000000000001,0.059492805778463165,0.33333333333333326,0.0,0.00033333333333333435,0.0033333333333333435,4.19,0.6145541210314738,2.62,0.6479181891241979,2.38,0.6479181891241979,0.0,0.0,0.0,0.0,0.88,1.2814133611056977,0.79,1.165973820244241,19.12,1.2814133611056977,5.0,0.0,30.0,0.0,6.0,0.0,1.5,0.0,0.63,0.7608474807008886
10.0,25.0,364.0,364.0,100,10.22,1.8726095873584185,0.3406666666666666,0.06242031957861397,0.9640000000000001,0.059492805778463165,0.33333333333333326,0.0,0.0,0.0,4.19,0.6145541210314738,2.62,0.6479181891241979,2.38,0.6479181891241979,0.0,0.0,0.0,0.0,0.88,1.2814133611056977,0.79,1.165973820244241,19.12,1.2814133611056977,5.0,0.0,30.0,0.0,6.0,0.0,1.5,0.0,0.63,0.7608474807008886
10.0,25.0,365.0,365.0,100,10.22,1.8726095873584185,0.3406666666666666,0.06242031957861397,0.9640000000000001,0.059492805778463165,0.33333333333333326,0.0,0.0,0.0,4.19,0.6145541210314738,2.62,0.6479181891241979,2.38,0.6479181891241979,0.0,0.0,0.0,0.0,0.88,1.2814133611056977,0.78,1.1597631245433289,19.12,1.2814133611056977,5.0,0.0,30.0,0.0,6.0,0.0,1.5,0.0,0.63,0.7608474807008886
10.0,25.0,366.0,366.0,100,10.21,1.8925425151676698,0.3403333333333333,0.06308475050558902,0.9640000000000001,0.059492805778463165,0.33333333333333326,0.0,0.000333333333333333,0.003333333333333331,4.19,0.6145541210314738,2.61,0.6650738547884982,2.38,0.6479181891241979,0.01,0.09999999999999999,0.01,0.09999999999999999,0.87,1.2843659757234147,0.78,1.1597631245433289,19.13,1.284365975723415,5.0,0.0,30.0,0.0,6.0,0.0,1.5,0.0,0.63,0.7608474807008886
10.0,25.0,367.0,367.0,100,10.2,1.8909673650694168,0.34,0.06303224550231391,0.9645,0.0595839955462247,0.33333333333333326,0.0,0.0003333333333333327,0.0033333333333333266,4.19,0.6145541210314738,2.61,0.6650738547884982,2.39,0.6650738547884982,0.0,0.0,0.0,0.0,0.87,1.284365975723415,0.78,1.1597631245433289,19.13,1.2843659757234152,5.0,0.0,30.0,0.0,6.0,0.0,1.5,0.0,0.63,0.7608474807008886
10.0,25.0,368.0,368.0,100,10.2,1.8909673650694168,0.34,0.06303224550231391,0.9645,0.0595839955462247,0.33333333333333326,0.0,0.0,0.0,4.19,0.6145541210314738,2.61,0.6650738547884982,2.39,0.6650738547884982,0.0,0.0,0.0,0.0,0.87,1.284365975723415,0.78,1.1597631245433289,19.13,1.2843659757234152,5.0,0.0,30.0,0.0,6.0,0.0,1.5,0.0,0.63,0.7608474807008886
10.0,25.0,369.0,369.0,100,10.19,1.8893374393146292,0.3396666666666666,0.06297791464382099,0.965,0.05967081414398551,0.33333333333333326,0.0,0.0003333333333333327,0.0033333333333333275,4.19,0.6145541210314738,2.61,0.6650738547884982,2.39,0.6650738547884982,0.0,0.0,0.0,0.0,0.86,1.2872333498514157,0.78,1.1510206274643755,19.14,1.2872333498514166,5.0,0.0,30.0,0.0,6.0,0.0,1.5,0.0,0.63,0.7608474807008886
10.0,25.0,370.0,370.0,100,10.19,1.8893374393146292,0.3396666666666666,0.06297791464382099,0.965,0.05967081414398551,0.33333333333333326,0.0,0.0,0.0,4.19,0.6145541210314738,2.61,0.6650738547884982,2.39,0.6650738547884982,0.0,0.0,0.0,0.0,0.86,1.2872333498514157,0.78,1.1510206274643755,19.14,1.2872333498514166,5.0,0.0,30.0,0.0,6.0,0.0,1.5,0.0,0.63,0.7608474807008886
10.0,25.0,371.0,371.0,100,10.16,1.801906958438389,0.33866666666666667,0.06006356528127966,0.9665,0.0532077119040145,0.33333333333333326,0.0,0.0009999999999999998,0.009999999999999997,4.21,0.6079440431453862,2.61,0.6650738547884982,2.39,0.6650738547884982,0.0,0.0,0.0,0.0,0.84,1.2036980056845192,0.78,1.1510206274643755,19.16,1.2036980056845203,5.0,0.0,30.0,0.0,6.0,0.0,1.5,0.0,0.63,0.7608474807008886
10.0,25.0,372.0,372.0,100,10.16,1.801906958438389,0.33866666666666667,0.06006356528127966,0.9665,0.0532077119040145,0.33333333333333326,0.0,0.0,0.0,4.21,0.6079440431453862,2.61,0.6650738547884982,2.39,0.6650738547884982,0.0,0.0,0.0,0.0,0.84,1.2036980056845192,0.78,1.1510206274643755,19.16,1.2036980056845203,5.0,0.0,30.0,0.0,6.0,0.0,1.5,0.0,0.63,0.7608474807008886
10.0,25.0,373.0,373.0,100,10.14,1.8258525060194128,0.33799999999999997,0.06086175020064714,0.9670000000000001,0.05280993172584957,0.33333333333333326,0.0,0.0006666666666666674,0.0046901764712096615,4.22,0.5959458995173259,2.61,0.6650738547884982,2.39,0.6650738547884982,0.0,0.0,0.0,0.0,0.82,1.1753357568857257,0.78,1.1510206274643755,19.18,1.1753357568857261,5.0,0.0,30.0,0.0,6.0,0.0,1.5,0.0,0.63,0.7608474807008886
10.0,25.0,374.0,374.0,100,10.14,1.8258525060194128,0.33799999999999997,0.06086175020064714,0.9670000000000001,0.05280993172584957,0.33333333333333326,0.0,0.0,0.0,4.22,0.5959458995173259,2.61,0.6650738547884982,2.39,0.6650738547884982,0.0,0.0,0.0,0.0,0.82,1.1753357568857257,0.78,1.1510206274643755,19.18,1.1753357568857261,5.0,0.0,30.0,0.0,6.0,0.0,1.5,0.0,0.63,0.7608474807008886
10.0,25.0,375.0,375.0,100,10.14,1.8258525060194128,0.33799999999999997,0.06086175020064714,0.9670000000000001,0.05280993172584957,0.33333333333333326,0.0,0.0,0.0,4.22,0.5959458995173259,2.61,0.6650738547884982,2.39,0.6650738547884982,0.0,0.0,0.0,0.0,0.82,1.1753357568857257,0.78,1.1510206274643755,19.18,1.1753357568857261,5.0,0.0,30.0,0.0,6.0,0.0,1.5,0.0,0.63,0.7608474807008886
10.0,25.0,376.0,376.0,100,10.14,1.8258525060194128,0.33799999999999997,0.06086175020064714,0.9670000000000001,0.05280993172584957,0.33333333333333326,0.0,0.0,0.0,4.22,0.5959458995173259,2.61,0.6650738547884982,2.39,0.6650738547884982,0.0,0.0,0.0,0.0,0.82,1.1753357568857257,0.78,1.1510206274643755,19.18,1.1753357568857261,5.0,0.0,30.0,0.0,6.0,0.0,1.5,0.0,0.63,0.7608474807008886
10.0,25.0,377.0,377.0,100,10.14,1.8258525060194128,0.33799999999999997,0.06086175020064714,0.9670000000000001,0.05280993172584957,0.33333333333333326,0.0,0.0,0.0,4.22,0.5959458995173259,2.61,0.6650738547884982,2.39,0.6650738547884982,0.0,0.0,0.0,0.0,0.82,1.1753357568857257,0.78,1.1510206274643755,19.18,1.1753357568857261,5.0,0.0,30.0,0.0,6.0,0.0,1.5,0.0,0.63,0.7608474807008886
10.0,25.0,378.0,378.0,100,10.14,1.8258525060194128,0.33799999999999997,0.06086175020064714,0.9670000000000001,0.05280993172584957,0.33333333333333326,0.0,0.0,0.0,4.22,0.5959458995173259,2.61,0.6650738547884982,2.39,0.6650738547884982,0.0,0.0,0.0,0.0,0.82,1.1753357568857257,0.78,1.1510206274643755,19.18,1.1753357568857261,5.0,0.0,30.0,0.0,6.0,0.0,1.5,0.0,0.63,0.7608474807008886
10.0,25.0,379.0,379.0,100,10.14,1.8258525060194128,0.33799999999999997,0.06086175020064714,0.9670000000000001,0.05280993172584957,0.33333333333333326,0.0,0.0,0.0,4.22,0.5959458995173259,2.61,0.6650738547884982,2.39,0.6650738547884982,0.0,0.0,0.0,0.0,0.82,1.1753357568857257,0.78,1.1510206274643755,19.18,1.1753357568857261,5.0,0.0,30.0,0.0,6.0,0.0,1.5,0.0,0.63,0.7608474807008886
10.0,25.0,380.0,380.0,100,10.13,1.812721599131978,0.33766666666666667,0.0604240533043993,0.9675,0.05192019906266802,0.33333333333333326,0.0,0.0003333333333333327,0.003333333333333328,4.22,0.5959458995173259,2.61,0.6650738547884982,2.39,0.6650738547884982,0.0,0.0,0.0,0.0,0.81,1.1607642901871758,0.77,1.1534314198963198,19.19,1.160764290187176,5.0,0.0,30.0,0.0,6.0,0.0,1.5,0.0,0.63,0.7608474807008886
10.0,25.0,381.0,381.0,100,10.12,1.8106307846669998,0.3373333333333333,0.06035435948890002,0.968,0.05199067515459193,0.33333333333333326,0.0,0.0003333333333333327,0.0033333333333333275,4.22,0.5959458995173259,2.61,0.6650738547884982,2.39,0.6650738547884982,0.0,0.0,0.0,0.0,0.8,1.1634153830577252,0.76,1.155749789425711,19.2,1.163415383057725,5.0,0.0,30.0,0.0,6.0,0.0,1.5,0.0,0.63,0.7608474807008886
10.0,25.0,382.0,382.0,100,10.12,1.8106307846669998,0.3373333333333333,0.06035435948890002,0.968,0.05199067515459193,0.33333333333333326,0.0,0.0,0.0,4.22,0.5959458995173259,2.61,0.6650738547884982,2.39,0.6650738547884982,0.0,0.0,0.0,0.0,0.8,1.1634153830577252,0.76,1.155749789425711,19.2,1.163415383057725,5.0,0.0,30.0,0.0,6.0,0.0,1.5,0.0,0.63,0.7608474807008886
10.0,25.0,383.0,383.0,100,10.12,1.8106307846669998,0.3373333333333333,0.06035435948890002,0.968,0.05199067515459193,0.33333333333333326,0.0,0.0,0.0,4.22,0.5959458995173259,2.61,0.6650738547884982,2.39,0.6650738547884982,0.0,0.0,0.0,0.0,0.8,1.1634153830577252,0.76,1.155749789425711,19.2,1.163415383057725,5.0,0.0,30.0,0.0,6.0,0.0,1.5,0.0,0.63,0.7608474807008886
10.0,25.0,384.0,384.0,100,10.12,1.8106307846669998,0.3373333333333333,0.06035435948890002,0.968,0.05199067515459193,0.33333333333333326,0.0,0.0,0.0,4.22,0.5959458995173259,2.61,0.6650738547884982,2.39,0.6650738547884982,0.0,0.0,0.0,0.0,0.8,1.1634153830577252,0.73,1.1357816691600546,19.2,1.163415383057725,5.0,0.0,30.0,0.0,6.0,0.0,1.5,0.0,0.63,0.7608474807008886
10.0,25.0,385.0,385.0,100,10.11,1.802887694895064,0.33699999999999997,0.060096256496502166,0.9684999999999999,0.051568822309060285,0.33333333333333326,0.0,0.00033333333333333435,0.0033333333333333444,4.22,0.5959458995173259,2.61,0.6650738547884982,2.39,0.6650738547884982,0.0,0.0,0.0,0.0,0.79,1.157278241950884,0.73,1.1357816691600546,19.21,1.157278241950884,5.0,0.0,30.0,0.0,6.0,0.0,1.5,0.0,0.63,0.7608474807008886
10.0,25.0,386.0,386.0,100,10.11,1.802887694895064,0.33699999999999997,0.060096256496502166,0.9684999999999999,0.051568822309060285,0.33333333333333326,0.0,0.0,0.0,4.22,0.5959458995173259,2.61,0.6650738547884982,2.39,0.6650738547884982,0.0,0.0,0.0,0.0,0.79,1.157278241950884,0.72,1.1377809343390555,19.21,1.157278241950884,5.0,0.0,30.0,0.0,6.0,0.0,1.5,0.0,0.63,0.7608474807008886
10.0,25.0,387.0,387.0,100,10.11,1.802887694895064,0.33699999999999997,0.060096256496502166,0.9684999999999999,0.051568822309060285,0.33333333333333326,0.0,0.0,0.0,4.22,0.5959458995173259,2.61,0.6650738547884982,2.39,0.6650738547884982,0.0,0.0,0.0,0.0,0.79,1.157278241950884,0.7,1.1326200964261062,19.21,1.157278241950884,5.0,0.0,30.0,0.0,6.0,0.0,1.5,0.0,0.63,0.7608474807008886
10.0,25.0,388.0,388.0,100,10.11,1.802887694895064,0.33699999999999997,0.060096256496502166,0.9684999999999999,0.051568822309060285,0.33333333333333326,0.0,0.0,0.0,4.22,0.5959458995173259,2.61,0.6650738547884982,2.39,0.6650738547884982,0.0,0.0,0.0,0.0,0.79,1.157278241950884,0.7,1.1326200964261062,19.21,1.157278241950884,5.0,0.0,30.0,0.0,6.0,0.0,1.5,0.0,0.63,0.7608474807008886
10.0,25.0,389.0,389.0,100,10.11,1.802887694895064,0.33699999999999997,0.060096256496502166,0.9684999999999999,0.051568822309060285,0.33333333333333326,0.0,0.0,0.0,4.22,0.5959458995173259,2.61,0.6650738547884982,2.39,0.6650738547884982,0.0,0.0,0.0,0.0,0.79,1.157278241950884,0.7,1.1326200964261062,19.21,1.157278241950884,5.0,0.0,30.0,0.0,6.0,0.0,1.5,0.0,0.63,0.7608474807008886
10.0,25.0,390.0,390.0,100,10.11,1.802887694895064,0.33699999999999997,0.060096256496502166,0.9684999999999999,0.051568822309060285,0.33333333333333326,0.0,0.0,0.0,4.22,0.5959458995173259,2.61,0.6650738547884982,2.39,0.6650738547884982,0.0,0.0,0.0,0.0,0.79,1.157278241950884,0.7,1.1326200964261062,19.21,1.157278241950884,5.0,0.0,30.0,0.0,6.0,0.0,1.5,0.0,0.63,0.7608474807008886
10.0,25.0,391.0,391.0,100,10.11,1.802887694895064,0.33699999999999997,0.060096256496502166,0.9684999999999999,0.051568822309060285,0.33333333333333326,0.0,0.0,0.0,4.22,0.5959458995173259,2.61,0.6650738547884982,2.39,0.6650738547884982,0.0,0.0,0.0,0.0,0.79,1.157278241950884,0.69,1.1073218214058715,19.21,1.157278241950884,5.0,0.0,30.0,0.0,6.0,0.0,1.5,0.0,0.63,0.7608474807008886
10.0,25.0,392.0,392.0,100,10.11,1.802887694895064,0.33699999999999997,0.060096256496502166,0.9684999999999999,0.051568822309060285,0.33333333333333326,0.0,0.0,0.0,4.22,0.5959458995173259,2.61,0.6650738547884982,2.39,0.6650738547884982,0.0,0.0,0.0,0.0,0.79,1.157278241950884,0.68,1.0998622503281807,19.21,1.157278241950884,5.0,0.0,30.0,0.0,6.0,0.0,1.5,0.0,0.63,0.7608474807008886
10.0,25.0,393.0,393.0,100,10.11,1.802887694895064,0.33699999999999997,0.060096256496502166,0.9684999999999999,0.051568822309060285,0.33333333333333326,0.0,0.0,0.0,4.22,0.5959458995173259,2.61,0.6650738547884982,2.39,0.6650738547884982,0.0,0.0,0.0,0.0,0.79,1.157278241950884,0.68,1.0998622503281807,19.21,1.157278241950884,5.0,0.0,30.0,0.0,6.0,0.0,1.5,0.0,0.63,0.7608474807008886
10.0,25.0,394.0,394.0,100,10.1,1.7950549357115004,0.33666666666666667,0.05983516452371674,0.9690000000000001,0.051138552141721,0.33333333333333326,0.0,0.00033333333333333435,0.0033333333333333444,4.22,0.5959458995173259,2.61,0.6650738547884982,2.39,0.6650738547884982,0.0,0.0,0.0,0.0,0.78,1.1510206274643755,0.67,1.1014682579322579,19.22,1.1510206274643762,5.0,0.0,30.0,0.0,6.0,0.0,1.5,0.0,0.63,0.7608474807008886
10.0,25.0,395.0,395.0,100,10.1,1.7950549357115004,0.33666666666666667,0.05983516452371674,0.9690000000000001,0.051138552141721,0.33333333333333326,0.0,0.0,0.0,4.22,0.5959458995173259,2.61,0.6650738547884982,2.39,0.6650738547884982,0.0,0.0,0.0,0.0,0.78,1.1510206274643755,0.67,1.1014682579322579,19.22,1.1510206274643762,5.0,0.0,30.0,0.0,6.0,0.0,1.5,0.0,0.63,0.7608474807008886
10.0,25.0,396.0,396.0,100,10.1,1.7950549357115004,0.33666666666666667,0.05983516452371674,0.9690000000000001,0.051138552141721,0.33333333333333326,0.0,0.0,0.0,4.22,0.5959458995173259,2.61,0.6650738547884982,2.39,0.6650738547884982,0.0,0.0,0.0,0.0,0.78,1.1510206274643755,0.67,1.1014682579322579,19.22,1.1510206274643762,5.0,0.0,30.0,0.0,6.0,0.0,1.5,0.0,0.63,0.7608474807008886
10.0,25.0,397.0,397.0,100,10.09,1.7871313280893442,0.3363333333333333,0.05957104426964481,0.9695,0.05069965034844464,0.33333333333333326,0.0,0.00033333333333333435,0.003333333333333344,4.23,0.5835281060112278,2.61,0.6650738547884982,2.39,0.6650738547884982,0.0,0.0,0.0,0.0,0.77,1.1446405637587809,0.66,1.075155614764484,19.23,1.1446405637587804,5.0,0.0,30.0,0.0,6.0,0.0,1.5,0.0,0.63,0.7608474807008886
10.0,25.0,398.0,398.0,100,10.09,1.7871313280893442,0.3363333333333333,0.05957104426964481,0.9695,0.05069965034844464,0.33333333333333326,0.0,0.0,0.0,4.23,0.5835281060112278,2.61,0.6650738547884982,2.39,0.6650738547884982,0.0,0.0,0.0,0.0,0.77,1.1446405637587809,0.66,1.075155614764484,19.23,1.1446405637587804,5.0,0.0,30.0,0.0,6.0,0.0,1.5,0.0,0.63,0.7608474807008886
10.0,25.0,399.0,399.0,100,10.09,1.7871313280893442,0.3363333333333333,0.05957104426964481,0.9695,0.05069965034844464,0.33333333333333326,0.0,0.0,0.0,4.23,0.5835281060112278,2.61,0.6650738547884982,2.39,0.6650738547884982,0.0,0.0,0.0,0.0,0.77,1.1446405637587809,0.66,1.075155614764484,19.23,1.1446405637587804,5.0,0.0,30.0,0.0,6.0,0.0,1.5,0.0,0.63,0.7608474807008886
10.0,25.0,400.0,400.0,100,10.09,1.7871313280893442,0.3363333333333333,0.05957104426964481,0.9695,0.05069965034844464,0.33333333333333326,0.0,0.0,0.0,4.23,0.5835281060112278,2.61,0.6650738547884982,2.39,0.6650738547884982,0.0,0.0,0.0,0.0,0.77,1.1446405637587809,0.65,1.0671873729054746,19.23,1.1446405637587804,5.0,0.0,30.0,0.0,6.0,0.0,1.5,0.0,0.63,0.7608474807008886
10.0,25.0,401.0,401.0,100,10.09,1.7871313280893442,0.3363333333333333,0.05957104426964481,0.9695,0.05069965034844464,0.33333333333333326,0.0,0.0,0.0,4.23,0.5835281060112278,2.61,0.6650738547884982,2.39,0.6650738547884982,0.0,0.0,0.0,0.0,0.77,1.1446405637587809,0.64,1.06855892763019,19.23,1.1446405637587804,5.0,0.0,30.0,0.0,6.0,0.0,1.5,0.0,0.63,0.7608474807008886
10.0,25.0,402.0,402.0,100,10.09,1.7871313280893442,0.3363333333333333,0.05957104426964481,0.9695,0.05069965034844464,0.33333333333333326,0.0,0.0,0.0,4.23,0.5835281060112278,2.61,0.6650738547884982,2.39,0.6650738547884982,0.0,0.0,0.0,0.0,0.77,1.1446405637587809,0.64,1.06855892763019,19.23,1.1446405637587804,5.0,0.0,30.0,0.0,6.0,0.0,1.5,0.0,0.63,0.7608474807008886
10.0,25.0,403.0,403.0,100,10.09,1.7871313280893442,0.3363333333333333,0.05957104426964481,0.9695,0.05069965034844464,0.33333333333333326,0.0,0.0,0.0,4.23,0.5835281060112278,2.61,0.6650738547884982,2.39,0.6650738547884982,0.0,0.0,0.0,0.0,0.77,1.1446405637587809,0.63,1.069834311725631,19.23,1.1446405637587804,5.0,0.0,30.0,0.0,6.0,0.0,1.5,0.0,0.63,0.7608474807008886
10.0,25.0,404.0,404.0,100,10.09,1.7871313280893442,0.3363333333333333,0.05957104426964481,0.9695,0.05069965034844464,0.33333333333333326,0.0,0.0,0.0,4.23,0.5835281060112278,2.61,0.6650738547884982,2.39,0.6650738547884982,0.0,0.0,0.0,0.0,0.77,1.1446405637587809,0.62,1.0519822558706335,19.23,1.1446405637587804,5.0,0.0,30.0,0.0,6.0,0.0,1.5,0.0,0.63,0.7608474807008886
10.0,25.0,405.0,405.0,100,10.08,1.7847841733538945,0.33599999999999997,0.059492805778463144,0.97,0.050751921892255226,0.33333333333333326,0.0,0.0003333333333333327,0.003333333333333328,4.23,0.5835281060112278,2.6,0.6666666666666666,2.4,0.6666666666666666,0.0,0.0,0.0,0.0,0.76,1.14697670227235,0.61,1.0337242662266657,19.24,1.1469767022723512,5.0,0.0,30.0,0.0,6.0,0.0,1.5,0.0,0.63,0.7608474807008886
10.0,25.0,406.0,406.0,100,10.06,1.7799103370902731,0.3353333333333333,0.05933034456967575,0.971,0.05084140522102517,0.33333333333333326,0.0,0.0006666666666666655,0.004690176471209646,4.24,0.5880974288828218,2.6,0.6666666666666666,2.4,0.6666666666666666,0.0,0.0,0.0,0.0,0.74,1.1513716018977391,0.61,1.0337242662266657,19.26,1.15137160189774,5.0,0.0,30.0,0.0,6.0,0.0,1.5,0.0,0.63,0.7608474807008886
10.0,25.0,407.0,407.0,100,10.06,1.7799103370902731,0.3353333333333333,0.05933034456967575,0.971,0.05084140522102517,0.33333333333333326,0.0,0.0,0.0,4.24,0.5880974288828218,2.6,0.6666666666666666,2.4,0.6666666666666666,0.0,0.0,0.0,0.0,0.74,1.1513716018977391,0.6,1.0249414863810766,19.26,1.15137160189774,5.0,0.0,30.0,0.0,6.0,0.0,1.5,0.0,0.63,0.7608474807008886
10.0,25.0,408.0,408.0,100,10.06,1.7799103370902731,0.3353333333333333,0.05933034456967575,0.971,0.05084140522102517,0.33333333333333326,0.0,0.0,0.0,4.24,0.5880974288828218,2.6,0.6666666666666666,2.4,0.6666666666666666,0.0,0.0,0.0,0.0,0.74,1.1513716018977391,0.6,1.0249414863810766,19.26,1.15137160189774,5.0,0.0,30.0,0.0,6.0,0.0,1.5,0.0,0.63,0.7608474807008886
10.0,25.0,409.0,409.0,100,10.04,1.8030277565553703,0.3346666666666666,0.060100925218512354,0.971,0.05084140522102517,0.33333333333333326,0.0,0.0006666666666666668,0.00666666666666667,4.24,0.5880974288828218,2.6,0.6666666666666666,2.4,0.6666666666666666,0.0,0.0,0.0,0.0,0.72,1.1288682094662041,0.6,1.0249414863810766,19.28,1.1288682094662044,5.0,0.0,30.0,0.0,6.0,0.0,1.5,0.0,0.63,0.7608474807008886
10.0,25.0,410.0,410.0,100,10.02,1.7921264385408673,0.33399999999999996,0.05973754795136224,0.972,0.0504124403437697,0.33333333333333326,0.0,0.0006666666666666671,0.004690176471209656,4.25,0.5751591786697667,2.6,0.6666666666666666,2.4,0.6666666666666666,0.0,0.0,0.0,0.0,0.7,1.1236664374387366,0.6,1.0249414863810766,19.3,1.1236664374387368,5.0,0.0,30.0,0.0,6.0,0.0,1.5,0.0,0.63,0.7608474807008886
10.0,25.0,411.0,411.0,100,10.02,1.7921264385408673,0.33399999999999996,0.05973754795136224,0.972,0.0504124403437697,0.33333333333333326,0.0,0.0,0.0,4.25,0.5751591786697667,2.6,0.6666666666666666,2.4,0.6666666666666666,0.0,0.0,0.0,0.0,0.7,1.1236664374387366,0.6,1.0249414863810766,19.3,1.1236664374387368,5.0,0.0,30.0,0.0,6.0,0.0,1.5,0.0,0.63,0.7608474807008886
10.0,25.0,412.0,412.0,100,10.01,1.772374997373054,0.33366666666666667,0.0590791665791018,0.9725,0.04891499532532704,0.33333333333333326,0.0,0.0003333333333333338,0.0033333333333333388,4.25,0.5751591786697667,2.6,0.6666666666666666,2.4,0.6666666666666666,0.0,0.0,0.0,0.0,0.69,1.0981619170047723,0.6,1.0249414863810766,19.31,1.098161917004772,5.0,0.0,30.0,0.0,6.0,0.0,1.5,0.0,0.63,0.7608474807008886
10.0,25.0,413.0,413.0,100,9.99,1.766666666666667,0.33299999999999996,0.0588888888888889,0.9734999999999999,0.04895627816447212,0.33333333333333326,0.0,0.0006666666666666655,0.004690176471209645,4.26,0.5794459213400122,2.6,0.6666666666666666,2.4,0.6666666666666666,0.0,0.0,0.0,0.0,0.67,1.1014682579322579,0.6,1.0249414863810766,19.33,1.1014682579322583,5.0,0.0,30.0,0.0,6.0,0.0,1.5,0.0,0.63,0.7608474807008886
10.0,25.0,414.0,414.0,100,9.99,1.766666666666667,0.33299999999999996,0.0588888888888889,0.9734999999999999,0.04895627816447212,0.33333333333333326,0.0,0.0,0.0,4.26,0.5794459213400122,2.6,0.6666666666666666,2.4,0.6666666666666666,0.0,0.0,0.0,0.0,0.67,1.1014682579322579,0.59,1.0258773037864921,19.33,1.1014682579322583,5.0,0.0,30.0,0.0,6.0,0.0,1.5,0.0,0.63,0.7608474807008886
10.0,25.0,415.0,415.0,100,9.98,1.757983233852089,0.33266666666666667,0.05859944112840299,0.9740000000000001,0.048450745582237914,0.33333333333333326,0.0,0.00033333333333333435,0.0033333333333333444,4.26,0.5794459213400122,2.59,0.6681045100608409,2.41,0.6681045100608409,0.0,0.0,0.0,0.0,0.66,1.0937840903778207,0.59,1.0258773037864921,19.34,1.0937840903778195,5.0,0.0,30.0,0.0,6.0,0.0,1.5,0.0,0.63,0.7608474807008886
10.0,25.0,416.0,416.0,100,9.97,1.7549640993191253,0.33233333333333337,0.058498803310637504,0.9745,0.04845856295054904,0.33333333333333326,0.0,0.0003333333333333327,0.003333333333333328,4.26,0.5794459213400122,2.59,0.6681045100608409,2.41,0.6681045100608409,0.0,0.0,0.0,0.0,0.65,1.0671873729054746,0.6,1.0249414863810766,19.35,1.0671873729054742,5.0,0.0,30.0,0.0,6.0,0.0,1.5,0.0,0.63,0.7608474807008886
10.0,25.0,417.0,417.0,100,9.97,1.7549640993191253,0.33233333333333337,0.058498803310637504,0.9745,0.04845856295054904,0.33333333333333326,0.0,0.0,0.0,4.26,0.5794459213400122,2.59,0.6681045100608409,2.41,0.6681045100608409,0.0,0.0,0.0,0.0,0.65,1.0671873729054746,0.59,1.015983376941878,19.35,1.0671873729054742,5.0,0.0,30.0,0.0,6.0,0.0,1.5,0.0,0.63,0.7608474807008886
10.0,25.0,418.0,418.0,100,9.96,1.7747954783295417,0.33199999999999996,0.0591598492776514,0.9745,0.04845856295054904,0.33333333333333326,0.0,0.000333333333333333,0.00333333333333333,4.26,0.5794459213400122,2.58,0.6843119378491276,2.42,0.6843119378491276,0.0,0.0,0.0,0.0,0.64,1.06855892763019,0.59,1.015983376941878,19.36,1.06855892763019,5.0,0.0,30.0,0.0,6.0,0.0,1.5,0.0,0.63,0.7608474807008886
10.0,25.0,419.0,419.0,100,9.96,1.7747954783295417,0.33199999999999996,0.0591598492776514,0.9745,0.04845856295054904,0.33333333333333326,0.0,0.0,0.0,4.26,0.5794459213400122,2.58,0.6843119378491276,2.42,0.6843119378491276,0.0,0.0,0.0,0.0,0.64,1.06855892763019,0.59,1.015983376941878,19.36,1.06855892763019,5.0,0.0,30.0,0.0,6.0,0.0,1.5,0.0,0.63,0.7608474807008886
10.0,25.0,420.0,420.0,100,9.96,1.7747954783295417,0.33199999999999996,0.0591598492776514,0.9745,0.04845856295054904,0.33333333333333326,0.0,0.0,0.0,4.26,0.5794459213400122,2.58,0.6843119378491276,2.42,0.6843119378491276,0.0,0.0,0.0,0.0,0.64,1.06855892763019,0.59,1.015983376941878,19.36,1.06855892763019,5.0,0.0,30.0,0.0,6.0,0.0,1.5,0.0,0.63,0.7608474807008886
10.0,25.0,421.0,421.0,100,9.96,1.7747954783295417,0.33199999999999996,0.0591598492776514,0.9745,0.04845856295054904,0.33333333333333326,0.0,0.0,0.0,4.26,0.5794459213400122,2.58,0.6843119378491276,2.42,0.6843119378491276,0.0,0.0,0.0,0.0,0.64,1.06855892763019,0.59,1.015983376941878,19.36,1.06855892763019,5.0,0.0,30.0,0.0,6.0,0.0,1.5,0.0,0.63,0.7608474807008886
10.0,25.0,422.0,422.0,100,9.96,1.7747954783295417,0.33199999999999996,0.0591598492776514,0.9745,0.04845856295054904,0.33333333333333326,0.0,0.0,0.0,4.26,0.5794459213400122,2.58,0.6843119378491276,2.42,0.6843119378491276,0.0,0.0,0.0,0.0,0.64,1.06855892763019,0.58,1.0168281044205032,19.36,1.06855892763019,5.0,0.0,30.0,0.0,6.0,0.0,1.5,0.0,0.63,0.7608474807008886
10.0,25.0,423.0,423.0,100,9.95,1.7773831632742854,0.33166666666666667,0.05924610544247621,0.9745,0.04845856295054904,0.33333333333333326,0.0,0.00033333333333333327,0.0033333333333333335,4.26,0.5794459213400122,2.58,0.6843119378491276,2.42,0.6843119378491276,0.0,0.0,0.0,0.0,0.63,1.0507813350747217,0.58,1.0168281044205032,19.37,1.0507813350747217,5.0,0.0,30.0,0.0,6.0,0.0,1.5,0.0,0.63,0.7608474807008886
10.0,25.0,424.0,424.0,100,9.94,1.7628030937897592,0.3313333333333333,0.058760103126325305,0.975,0.04740753893079398,0.33333333333333326,0.0,0.0003333333333333327,0.0033333333333333275,4.26,0.5794459213400122,2.58,0.6843119378491276,2.42,0.6843119378491276,0.0,0.0,0.0,0.0,0.62,1.0325999352424087,0.58,1.0168281044205032,19.38,1.032599935242408,5.0,0.0,30.0,0.0,6.0,0.0,1.5,0.0,0.63,0.7608474807008886
10.0,25.0,425.0,425.0,100,9.94,1.7628030937897592,0.3313333333333333,0.058760103126325305,0.975,0.04740753893079398,0.33333333333333326,0.0,0.0,0.0,4.26,0.5794459213400122,2.58,0.6843119378491276,2.42,0.6843119378491276,0.0,0.0,0.0,0.0,0.62,1.0325999352424087,0.58,1.0168281044205032,19.38,1.032599935242408,5.0,0.0,30.0,0.0,6.0,0.0,1.5,0.0,0.63,0.7608474807008886
10.0,25.0,426.0,426.0,100,9.94,1.7628030937897592,0.3313333333333333,0.058760103126325305,0.975,0.04740753893079398,0.33333333333333326,0.0,0.0,0.0,4.26,0.5794459213400122,2.58,0.6843119378491276,2.42,0.6843119378491276,0.0,0.0,0.0,0.0,0.62,1.0325999352424087,0.58,1.0168281044205032,19.38,1.032599935242408,5.0,0.0,30.0,0.0,6.0,0.0,1.5,0.0,0.63,0.7608474807008886
10.0,25.0,427.0,427.0,100,9.94,1.7628030937897592,0.3313333333333333,0.058760103126325305,0.975,0.04740753893079398,0.33333333333333326,0.0,0.0,0.0,4.26,0.5794459213400122,2.58,0.6843119378491276,2.42,0.6843119378491276,0.0,0.0,0.0,0.0,0.62,1.0325999352424087,0.58,1.0168281044205032,19.38,1.032599935242408,5.0,0.0,30.0,0.0,6.0,0.0,1.5,0.0,0.63,0.7608474807008886
10.0,25.0,428.0,428.0,100,9.94,1.7628030937897592,0.3313333333333333,0.058760103126325305,0.975,0.04740753893079398,0.33333333333333326,0.0,0.0,0.0,4.26,0.5794459213400122,2.58,0.6843119378491276,2.42,0.6843119378491276,0.0,0.0,0.0,0.0,0.62,1.0325999352424087,0.58,1.0168281044205032,19.38,1.032599935242408,5.0,0.0,30.0,0.0,6.0,0.0,1.5,0.0,0.63,0.7608474807008886
10.0,25.0,429.0,429.0,100,9.94,1.7628030937897592,0.3313333333333333,0.058760103126325305,0.975,0.04740753893079398,0.33333333333333326,0.0,0.0,0.0,4.26,0.5794459213400122,2.58,0.6843119378491276,2.42,0.6843119378491276,0.0,0.0,0.0,0.0,0.62,1.0325999352424087,0.58,1.0168281044205032,19.38,1.032599935242408,5.0,0.0,30.0,0.0,6.0,0.0,1.5,0.0,0.63,0.7608474807008886
10.0,25.0,430.0,430.0,100,9.94,1.7628030937897592,0.3313333333333333,0.058760103126325305,0.975,0.04740753893079398,0.33333333333333326,0.0,0.0,0.0,4.26,0.5794459213400122,2.58,0.6843119378491276,2.42,0.6843119378491276,0.0,0.0,0.0,0.0,0.62,1.0325999352424087,0.57,0.9975221827360556,19.38,1.032599935242408,5.0,0.0,30.0,0.0,6.0,0.0,1.5,0.0,0.63,0.7608474807008886
10.0,25.0,431.0,431.0,100,9.93,1.753812585728186,0.33099999999999996,0.058460419524272875,0.9754999999999999,0.04686914946654327,0.33333333333333326,0.0,0.00033333333333333435,0.0033333333333333444,4.26,0.5794459213400122,2.58,0.6843119378491276,2.42,0.6843119378491276,0.0,0.0,0.0,0.0,0.61,1.0239061667867022,0.57,0.9975221827360556,19.39,1.023906166786702,5.0,0.0,30.0,0.0,6.0,0.0,1.5,0.0,0.63,0.7608474807008886
10.0,25.0,432.0,432.0,100,9.93,1.753812585728186,0.33099999999999996,0.058460419524272875,0.9754999999999999,0.04686914946654327,0.33333333333333326,0.0,0.0,0.0,4.26,0.5794459213400122,2.58,0.6843119378491276,2.42,0.6843119378491276,0.0,0.0,0.0,0.0,0.61,1.0239061667867022,0.57,0.9975221827360556,19.39,1.023906166786702,5.0,0.0,30.0,0.0,6.0,0.0,1.5,0.0,0.63,0.7608474807008886
10.0,25.0,433.0,433.0,100,9.93,1.753812585728186,0.33099999999999996,0.058460419524272875,0.9754999999999999,0.04686914946654327,0.33333333333333326,0.0,0.0,0.0,4.26,0.5794459213400122,2.58,0.6843119378491276,2.42,0.6843119378491276,0.0,0.0,0.0,0.0,0.61,1.0239061667867022,0.57,0.9975221827360556,19.39,1.023906166786702,5.0,0.0,30.0,0.0,6.0,0.0,1.5,0.0,0.63,0.7608474807008886
10.0,25.0,434.0,434.0,100,9.93,1.753812585728186,0.33099999999999996,0.058460419524272875,0.9754999999999999,0.04686914946654327,0.33333333333333326,0.0,0.0,0.0,4.26,0.5794459213400122,2.58,0.6843119378491276,2.42,0.6843119378491276,0.0,0.0,0.0,0.0,0.61,1.0239061667867022,0.57,0.9975221827360556,19.39,1.023906166786702,5.0,0.0,30.0,0.0,6.0,0.0,1.5,0.0,0.63,0.7608474807008886
10.0,25.0,435.0,435.0,100,9.93,1.753812585728186,0.33099999999999996,0.058460419524272875,0.9754999999999999,0.04686914946654327,0.33333333333333326,0.0,0.0,0.0,4.26,0.5794459213400122,2.58,0.6843119378491276,2.42,0.6843119378491276,0.0,0.0,0.0,0.0,0.61,1.0239061667867022,0.57,0.9975221827360556,19.39,1.023906166786702,5.0,0.0,30.0,0.0,6.0,0.0,1.5,0.0,0.63,0.7608474807008886
10.0,25.0,436.0,436.0,100,9.92,1.7504977647064914,0.3306666666666666,0.058349925490216406,0.976,0.04686106695285113,0.33333333333333326,0.0,0.0003333333333333327,0.0033333333333333275,4.26,0.5794459213400122,2.58,0.6843119378491276,2.42,0.6843119378491276,0.0,0.0,0.0,0.0,0.6,1.0249414863810766,0.57,0.9975221827360556,19.4,1.0249414863810766,5.0,0.0,30.0,0.0,6.0,0.0,1.5,0.0,0.63,0.7608474807008886
10.0,25.0,437.0,437.0,100,9.92,1.7504977647064914,0.3306666666666666,0.058349925490216406,0.976,0.04686106695285113,0.33333333333333326,0.0,0.0,0.0,4.26,0.5794459213400122,2.58,0.6843119378491276,2.42,0.6843119378491276,0.0,0.0,0.0,0.0,0.6,1.0249414863810766,0.57,0.9975221827360556,19.4,1.0249414863810766,5.0,0.0,30.0,0.0,6.0,0.0,1.5,0.0,0.63,0.7608474807008886
10.0,25.0,438.0,438.0,100,9.92,1.7504977647064914,0.3306666666666666,0.058349925490216406,0.976,0.04686106695285113,0.33333333333333326,0.0,0.0,0.0,4.26,0.5794459213400122,2.58,0.6843119378491276,2.42,0.6843119378491276,0.0,0.0,0.0,0.0,0.6,1.0249414863810766,0.56,0.988008915021325,19.4,1.0249414863810766,5.0,0.0,30.0,0.0,6.0,0.0,1.5,0.0,0.63,0.7608474807008886
10.0,25.0,439.0,439.0,100,9.92,1.7504977647064914,0.3306666666666666,0.058349925490216406,0.976,0.04686106695285113,0.33333333333333326,0.0,0.0,0.0,4.26,0.5794459213400122,2.58,0.6843119378491276,2.42,0.6843119378491276,0.0,0.0,0.0,0.0,0.6,1.0249414863810766,0.56,0.988008915021325,19.4,1.0249414863810766,5.0,0.0,30.0,0.0,6.0,0.0,1.5,0.0,0.63,0.7608474807008886
10.0,25.0,440.0,440.0,100,9.91,1.7586438760670915,0.3303333333333333,0.05862146253556972,0.976,0.04686106695285113,0.33333333333333326,0.0,0.0003333333333333338,0.003333333333333339,4.26,0.5794459213400122,2.58,0.6843119378491276,2.42,0.6843119378491276,0.0,0.0,0.0,0.0,0.59,1.015983376941878,0.56,0.988008915021325,19.41,1.0159833769418782,5.0,0.0,30.0,0.0,6.0,0.0,1.5,0.0,0.63,0.7608474807008886
10.0,25.0,441.0,441.0,100,9.91,1.7586438760670915,0.3303333333333333,0.05862146253556972,0.976,0.04686106695285113,0.33333333333333326,0.0,0.0,0.0,4.26,0.5794459213400122,2.58,0.6843119378491276,2.42,0.6843119378491276,0.0,0.0,0.0,0.0,0.59,1.015983376941878,0.56,0.988008915021325,19.41,1.0159833769418782,5.0,0.0,30.0,0.0,6.0,0.0,1.5,0.0,0.63,0.7608474807008886
10.0,25.0,442.0,442.0,100,9.9,1.772403492835122,0.33,0.05908011642783742,0.976,0.04686106695285113,0.33333333333333326,0.0,0.000333333333333333,0.0033333333333333305,4.26,0.5794459213400122,2.58,0.6843119378491276,2.42,0.6843119378491276,0.0,0.0,0.0,0.0,0.58,1.0168281044205032,0.56,0.988008915021325,19.42,1.016828104420503,5.0,0.0,30.0,0.0,6.0,0.0,1.5,0.0,0.63,0.7608474807008886
10.0,25.0,443.0,443.0,100,9.9,1.772403492835122,0.33,0.05908011642783742,0.976,0.04686106695285113,0.33333333333333326,0.0,0.0,0.0,4.26,0.5794459213400122,2.58,0.6843119378491276,2.42,0.6843119378491276,0.0,0.0,0.0,0.0,0.58,1.0168281044205032,0.56,0.988008915021325,19.42,1.016828104420503,5.0,0.0,30.0,0.0,6.0,0.0,1.5,0.0,0.63,0.7608474807008886
10.0,25.0,444.0,444.0,100,9.9,1.772403492835122,0.33,0.05908011642783742,0.976,0.04686106695285113,0.33333333333333326,0.0,0.0,0.0,4.26,0.5794459213400122,2.58,0.6843119378491276,2.42,0.6843119378491276,0.0,0.0,0.0,0.0,0.58,1.0168281044205032,0.56,0.988008915021325,19.42,1.016828104420503,5.0,0.0,30.0,0.0,6.0,0.0,1.5,0.0,0.63,0.7608474807008886
10.0,25.0,445.0,445.0,100,9.9,1.772403492835122,0.33,0.05908011642783742,0.976,0.04686106695285113,0.33333333333333326,0.0,0.0,0.0,4.26,0.5794459213400122,2.58,0.6843119378491276,2.42,0.6843119378491276,0.0,0.0,0.0,0.0,0.58,1.0168281044205032,0.55,0.9468181696950297,19.42,1.016828104420503,5.0,0.0,30.0,0.0,6.0,0.0,1.5,0.0,0.63,0.7608474807008886
10.0,25.0,446.0,446.0,100,9.9,1.772403492835122,0.33,0.05908011642783742,0.976,0.04686106695285113,0.33333333333333326,0.0,0.0,0.0,4.26,0.5794459213400122,2.58,0.6843119378491276,2.42,0.6843119378491276,0.0,0.0,0.0,0.0,0.58,1.0168281044205032,0.55,0.9468181696950297,19.42,1.016828104420503,5.0,0.0,30.0,0.0,6.0,0.0,1.5,0.0,0.63,0.7608474807008886
10.0,25.0,447.0,447.0,100,9.9,1.772403492835122,0.33,0.05908011642783742,0.976,0.04686106695285113,0.33333333333333326,0.0,0.0,0.0,4.26,0.5794459213400122,2.58,0.6843119378491276,2.42,0.6843119378491276,0.0,0.0,0.0,0.0,0.58,1.0168281044205032,0.55,0.9468181696950297,19.42,1.016828104420503,5.0,0.0,30.0,0.0,6.0,0.0,1.5,0.0,0.63,0.7608474807008886
10.0,25.0,448.0,448.0,100,9.9,1.772403492835122,0.33,0.05908011642783742,0.976,0.04686106695285113,0.33333333333333326,0.0,0.0,0.0,4.26,0.5794459213400122,2.58,0.6843119378491276,2.42,0.6843119378491276,0.0,0.0,0.0,0.0,0.58,1.0168281044205032,0.55,0.9468181696950297,19.42,1.016828104420503,5.0,0.0,30.0,0.0,6.0,0.0,1.5,0.0,0.63,0.7608474807008886
10.0,25.0,449.0,449.0,100,9.9,1.772403492835122,0.33,0.05908011642783742,0.976,0.04686106695285113,0.33333333333333326,0.0,0.0,0.0,4.26,0.5794459213400122,2.58,0.6843119378491276,2.42,0.6843119378491276,0.0,0.0,0.0,0.0,0.58,1.0168281044205032,0.55,0.9468181696950297,19.42,1.016828104420503,5.0,0.0,30.0,0.0,6.0,0.0,1.5,0.0,0.63,0.7608474807008886
10.0,25.0,450.0,450.0,100,9.9,1.772403492835122,0.33,0.05908011642783742,0.976,0.04686106695285113,0.33333333333333326,0.0,0.0,0.0,4.26,0.5794459213400122,2.58,0.6843119378491276,2.42,0.6843119378491276,0.0,0.0,0.0,0.0,0.58,1.0168281044205032,0.55,0.9468181696950297,19.42,1.016828104420503,5.0,0.0,30.0,0.0,6.0,0.0,1.5,0.0,0.63,0.7608474807008886
10.0,25.0,451.0,451.0,100,9.9,1.772403492835122,0.33,0.05908011642783742,0.976,0.04686106695285113,0.33333333333333326,0.0,0.0,0.0,4.26,0.5794459213400122,2.58,0.6843119378491276,2.42,0.6843119378491276,0.0,0.0,0.0,0.0,0.58,1.0168281044205032,0.55,0.9468181696950297,19.42,1.016828104420503,5.0,0.0,30.0,0.0,6.0,0.0,1.5,0.0,0.63,0.7608474807008886
10.0,25.0,452.0,452.0,100,9.9,1.772403492835122,0.33,0.05908011642783742,0.976,0.04686106695285113,0.33333333333333326,0.0,0.0,0.0,4.26,0.5794459213400122,2.58,0.6843119378491276,2.42,0.6843119378491276,0.0,0.0,0.0,0.0,0.58,1.0168281044205032,0.55,0.9468181696950297,19.42,1.016828104420503,5.0,0.0,30.0,0.0,6.0,0.0,1.5,0.0,0.63,0.7608474807008886
10.0,25.0,453.0,453.0,100,9.9,1.772403492835122,0.33,0.05908011642783742,0.976,0.04686106695285113,0.33333333333333326,0.0,0.0,0.0,4.26,0.5794459213400122,2.58,0.6843119378491276,2.42,0.6843119378491276,0.0,0.0,0.0,0.0,0.58,1.0168281044205032,0.55,0.9468181696950297,19.42,1.016828104420503,5.0,0.0,30.0,0.0,6.0,0.0,1.5,0.0,0.63,0.7608474807008886
10.0,25.0,454.0,454.0,100,9.9,1.772403492835122,0.33,0.05908011642783742,0.976,0.04686106695285113,0.33333333333333326,0.0,0.0,0.0,4.26,0.5794459213400122,2.58,0.6843119378491276,2.42,0.6843119378491276,0.0,0.0,0.0,0.0,0.58,1.0168281044205032,0.55,0.9468181696950297,19.42,1.016828104420503,5.0,0.0,30.0,0.0,6.0,0.0,1.5,0.0,0.63,0.7608474807008886
10.0,25.0,455.0,455.0,100,9.89,1.7574947734738433,0.3296666666666666,0.05858315911579481,0.9765,0.045756823192687535,0.33333333333333326,0.0,0.0003333333333333327,0.0033333333333333275,4.26,0.5794459213400122,2.58,0.6843119378491276,2.42,0.6843119378491276,0.0,0.0,0.0,0.0,0.57,0.9975221827360556,0.54,0.925726577867189,19.43,0.9975221827360558,5.0,0.0,30.0,0.0,6.0,0.0,1.5,0.0,0.63,0.7608474807008886
10.0,25.0,456.0,456.0,100,9.89,1.7574947734738433,0.3296666666666666,0.05858315911579481,0.9765,0.045756823192687535,0.33333333333333326,0.0,0.0,0.0,4.26,0.5794459213400122,2.58,0.6843119378491276,2.42,0.6843119378491276,0.0,0.0,0.0,0.0,0.57,0.9975221827360556,0.53,0.9261083995282452,19.43,0.9975221827360558,5.0,0.0,30.0,0.0,6.0,0.0,1.5,0.0,0.63,0.7608474807008886
10.0,25.0,457.0,457.0,100,9.89,1.7574947734738433,0.3296666666666666,0.05858315911579481,0.9765,0.045756823192687535,0.33333333333333326,0.0,0.0,0.0,4.26,0.5794459213400122,2.58,0.6843119378491276,2.42,0.6843119378491276,0.0,0.0,0.0,0.0,0.57,0.9975221827360556,0.53,0.9261083995282452,19.43,0.9975221827360558,5.0,0.0,30.0,0.0,6.0,0.0,1.5,0.0,0.63,0.7608474807008886
10.0,25.0,458.0,458.0,100,9.89,1.7574947734738433,0.3296666666666666,0.05858315911579481,0.9765,0.045756823192687535,0.33333333333333326,0.0,0.0,0.0,4.26,0.5794459213400122,2.58,0.6843119378491276,2.42,0.6843119378491276,0.0,0.0,0.0,0.0,0.57,0.9975221827360556,0.53,0.9261083995282452,19.43,0.9975221827360558,5.0,0.0,30.0,0.0,6.0,0.0,1.5,0.0,0.63,0.7608474807008886
10.0,25.0,459.0,459.0,100,9.89,1.7574947734738433,0.3296666666666666,0.05858315911579481,0.9765,0.045756823192687535,0.33333333333333326,0.0,0.0,0.0,4.26,0.5794459213400122,2.58,0.6843119378491276,2.42,0.6843119378491276,0.0,0.0,0.0,0.0,0.57,0.9975221827360556,0.53,0.9261083995282452,19.43,0.9975221827360558,5.0,0.0,30.0,0.0,6.0,0.0,1.5,0.0,0.63,0.7608474807008886
10.0,25.0,460.0,460.0,100,9.89,1.7574947734738433,0.3296666666666666,0.05858315911579481,0.9765,0.045756823192687535,0.33333333333333326,0.0,0.0,0.0,4.26,0.5794459213400122,2.58,0.6843119378491276,2.42,0.6843119378491276,0.0,0.0,0.0,0.0,0.57,0.9975221827360556,0.53,0.9261083995282452,19.43,0.9975221827360558,5.0,0.0,30.0,0.0,6.0,0.0,1.5,0.0,0.63,0.7608474807008886
10.0,25.0,461.0,461.0,100,9.89,1.7574947734738433,0.3296666666666666,0.05858315911579481,0.9765,0.045756823192687535,0.33333333333333326,0.0,0.0,0.0,4.26,0.5794459213400122,2.58,0.6843119378491276,2.42,0.6843119378491276,0.0,0.0,0.0,0.0,0.57,0.9975221827360556,0.53,0.9261083995282452,19.43,0.9975221827360558,5.0,0.0,30.0,0.0,6.0,0.0,1.5,0.0,0.63,0.7608474807008886
10.0,25.0,462.0,462.0,100,9.89,1.7574947734738433,0.3296666666666666,0.05858315911579481,0.9765,0.045756823192687535,0.33333333333333326,0.0,0.0,0.0,4.26,0.5794459213400122,2.58,0.6843119378491276,2.42,0.6843119378491276,0.0,0.0,0.0,0.0,0.57,0.9975221827360556,0.53,0.9261083995282452,19.43,0.9975221827360558,5.0,0.0,30.0,0.0,6.0,0.0,1.5,0.0,0.63,0.7608474807008886
10.0,25.0,463.0,463.0,100,9.88,1.7481880951893067,0.3293333333333333,0.0582729365063102,0.977,0.04518201125906351,0.33333333333333326,0.0,0.00033333333333333435,0.0033333333333333435,4.26,0.5794459213400122,2.57,0.6854181058288289,2.43,0.6854181058288289,0.0,0.0,0.0,0.0,0.56,0.988008915021325,0.52,0.8930709700666334,19.44,0.9880089150213253,5.0,0.0,30.0,0.0,6.0,0.0,1.5,0.0,0.63,0.7608474807008886
10.0,25.0,464.0,464.0,100,9.87,1.7271158886795333,0.32899999999999996,0.05757052962265108,0.9775,0.043446821087695965,0.33333333333333326,0.0,0.0003333333333333338,0.0033333333333333383,4.26,0.5794459213400122,2.57,0.6854181058288289,2.43,0.6854181058288289,0.0,0.0,0.0,0.0,0.55,0.9468181696950297,0.52,0.8930709700666334,19.45,0.9468181696950301,5.0,0.0,30.0,0.0,6.0,0.0,1.5,0.0,0.63,0.7608474807008886
10.0,25.0,465.0,465.0,100,9.87,1.7271158886795333,0.32899999999999996,0.05757052962265108,0.9775,0.043446821087695965,0.33333333333333326,0.0,0.0,0.0,4.26,0.5794459213400122,2.57,0.6854181058288289,2.43,0.6854181058288289,0.0,0.0,0.0,0.0,0.55,0.9468181696950297,0.52,0.8930709700666334,19.45,0.9468181696950301,5.0,0.0,30.0,0.0,6.0,0.0,1.5,0.0,0.63,0.7608474807008886
10.0,25.0,466.0,466.0,100,9.87,1.7271158886795333,0.32899999999999996,0.05757052962265108,0.9775,0.043446821087695965,0.33333333333333326,0.0,0.0,0.0,4.26,0.5794459213400122,2.57,0.6854181058288289,2.43,0.6854181058288289,0.0,0.0,0.0,0.0,0.55,0.9468181696950297,0.52,0.8930709700666334,19.45,0.9468181696950301,5.0,0.0,30.0,0.0,6.0,0.0,1.5,0.0,0.63,0.7608474807008886
10.0,25.0,467.0,467.0,100,9.87,1.7271158886795333,0.32899999999999996,0.05757052962265108,0.9775,0.043446821087695965,0.33333333333333326,0.0,0.0,0.0,4.26,0.5794459213400122,2.57,0.6854181058288289,2.43,0.6854181058288289,0.0,0.0,0.0,0.0,0.55,0.9468181696950297,0.52,0.8930709700666334,19.45,0.9468181696950301,5.0,0.0,30.0,0.0,6.0,0.0,1.5,0.0,0.63,0.7608474807008886
10.0,25.0,468.0,468.0,100,9.87,1.7271158886795333,0.32899999999999996,0.05757052962265108,0.9775,0.043446821087695965,0.33333333333333326,0.0,0.0,0.0,4.26,0.5794459213400122,2.57,0.6854181058288289,2.43,0.6854181058288289,0.0,0.0,0.0,0.0,0.55,0.9468181696950297,0.51,0.8932406102942186,19.45,0.9468181696950301,5.0,0.0,30.0,0.0,6.0,0.0,1.5,0.0,0.63,0.7608474807008886
10.0,25.0,469.0,469.0,100,9.87,1.7271158886795333,0.32899999999999996,0.05757052962265108,0.9775,0.043446821087695965,0.33333333333333326,0.0,0.0,0.0,4.26,0.5794459213400122,2.57,0.6854181058288289,2.43,0.6854181058288289,0.0,0.0,0.0,0.0,0.55,0.9468181696950297,0.5,0.8819171036881966,19.45,0.9468181696950301,5.0,0.0,30.0,0.0,6.0,0.0,1.5,0.0,0.63,0.7608474807008886
10.0,25.0,470.0,470.0,100,9.87,1.7271158886795333,0.32899999999999996,0.05757052962265108,0.9775,0.043446821087695965,0.33333333333333326,0.0,0.0,0.0,4.26,0.5794459213400122,2.57,0.6854181058288289,2.43,0.6854181058288289,0.0,0.0,0.0,0.0,0.55,0.9468181696950297,0.5,0.8819171036881966,19.45,0.9468181696950301,5.0,0.0,30.0,0.0,6.0,0.0,1.5,0.0,0.63,0.7608474807008886
10.0,25.0,471.0,471.0,100,9.87,1.7271158886795333,0.32899999999999996,0.05757052962265108,0.9775,0.043446821087695965,0.33333333333333326,0.0,0.0,0.0,4.26,0.5794459213400122,2.57,0.6854181058288289,2.43,0.6854181058288289,0.0,0.0,0.0,0.0,0.55,0.9468181696950297,0.5,0.8819171036881966,19.45,0.9468181696950301,5.0,0.0,30.0,0.0,6.0,0.0,1.5,0.0,0.63,0.7608474807008886
10.0,25.0,472.0,472.0,100,9.87,1.7271158886795333,0.32899999999999996,0.05757052962265108,0.9775,0.043446821087695965,0.33333333333333326,0.0,0.0,0.0,4.26,0.5794459213400122,2.57,0.6854181058288289,2.43,0.6854181058288289,0.0,0.0,0.0,0.0,0.55,0.9468181696950297,0.48,0.8701561452818207,19.45,0.9468181696950301,5.0,0.0,30.0,0.0,6.0,0.0,1.5,0.0,0.63,0.7608474807008886
10.0,25.0,473.0,473.0,100,9.86,1.7057241715749203,0.32866666666666666,0.05685747238583068,0.978,0.04163331998932263,0.33333333333333326,0.0,0.0003333333333333338,0.0033333333333333388,4.27,0.5659532050470516,2.57,0.6854181058288289,2.43,0.6854181058288289,0.0,0.0,0.0,0.0,0.54,0.9147500624584163,0.47,0.8698658900466589,19.46,0.9147500624584171,5.0,0.0,30.0,0.0,6.0,0.0,1.5,0.0,0.63,0.7608474807008886
10.0,25.0,474.0,474.0,100,9.86,1.7057241715749203,0.32866666666666666,0.05685747238583068,0.978,0.04163331998932263,0.33333333333333326,0.0,0.0,0.0,4.27,0.5659532050470516,2.57,0.6854181058288289,2.43,0.6854181058288289,0.0,0.0,0.0,0.0,0.54,0.9147500624584163,0.46,0.8459051693633014,19.46,0.9147500624584171,5.0,0.0,30.0,0.0,6.0,0.0,1.5,0.0,0.63,0.7608474807008886
10.0,25.0,475.0,475.0,100,9.86,1.7057241715749203,0.32866666666666666,0.05685747238583068,0.978,0.04163331998932263,0.33333333333333326,0.0,0.0,0.0,4.27,0.5659532050470516,2.57,0.6854181058288289,2.43,0.6854181058288289,0.0,0.0,0.0,0.0,0.54,0.9147500624584163,0.45,0.8087276451565163,19.46,0.9147500624584171,5.0,0.0,30.0,0.0,6.0,0.0,1.5,0.0,0.63,0.7608474807008886
10.0,25.0,476.0,476.0,100,9.86,1.7057241715749203,0.32866666666666666,0.05685747238583068,0.978,0.04163331998932263,0.33333333333333326,0.0,0.0,0.0,4.27,0.5659532050470516,2.57,0.6854181058288289,2.43,0.6854181058288289,0.0,0.0,0.0,0.0,0.54,0.9147500624584163,0.43,0.7818005635787948,19.46,0.9147500624584171,5.0,0.0,30.0,0.0,6.0,0.0,1.5,0.0,0.63,0.7608474807008886
10.0,25.0,477.0,477.0,100,9.86,1.7057241715749203,0.32866666666666666,0.05685747238583068,0.978,0.04163331998932263,0.33333333333333326,0.0,0.0,0.0,4.27,0.5659532050470516,2.57,0.6854181058288289,2.43,0.6854181058288289,0.0,0.0,0.0,0.0,0.54,0.9147500624584163,0.43,0.7818005635787948,19.46,0.9147500624584171,5.0,0.0,30.0,0.0,6.0,0.0,1.5,0.0,0.63,0.7608474807008886
10.0,25.0,478.0,478.0,100,9.86,1.7057241715749203,0.32866666666666666,0.05685747238583068,0.978,0.04163331998932263,0.33333333333333326,0.0,0.0,0.0,4.27,0.5659532050470516,2.57,0.6854181058288289,2.43,0.6854181058288289,0.0,0.0,0.0,0.0,0.54,0.9147500624584163,0.42,0.7545150292028179,19.46,0.9147500624584171,5.0,0.0,30.0,0.0,6.0,0.0,1.5,0.0,0.63,0.7608474807008886
10.0,25.0,479.0,479.0,100,9.86,1.7057241715749203,0.32866666666666666,0.05685747238583068,0.978,0.04163331998932263,0.33333333333333326,0.0,0.0,0.0,4.27,0.5659532050470516,2.57,0.6854181058288289,2.43,0.6854181058288289,0.0,0.0,0.0,0.0,0.54,0.9147500624584163,0.42,0.7545150292028179,19.46,0.9147500624584171,5.0,0.0,30.0,0.0,6.0,0.0,1.5,0.0,0.63,0.7608474807008886
10.0,25.0,480.0,480.0,100,9.85,1.6899883449481559,0.3283333333333333,0.05633294483160518,0.9784999999999999,0.04036137267289609,0.33333333333333326,0.0,0.0003333333333333327,0.003333333333333328,4.27,0.5659532050470516,2.57,0.6854181058288289,2.43,0.6854181058288289,0.0,0.0,0.0,0.0,0.53,0.892788164723697,0.42,0.7545150292028179,19.47,0.892788164723698,5.0,0.0,30.0,0.0,6.0,0.0,1.5,0.0,0.63,0.7608474807008886
10.0,25.0,481.0,481.0,100,9.84,1.6860688843663183,0.32799999999999996,0.05620229614554397,0.9790000000000001,0.04031442081008392,0.33333333333333326,0.0,0.0003333333333333327,0.003333333333333328,4.27,0.5659532050470516,2.57,0.6854181058288289,2.43,0.6854181058288289,0.0,0.0,0.0,0.0,0.52,0.8930709700666334,0.42,0.7545150292028179,19.48,0.8930709700666338,5.0,0.0,30.0,0.0,6.0,0.0,1.5,0.0,0.63,0.7608474807008886
10.0,25.0,482.0,482.0,100,9.84,1.6860688843663183,0.32799999999999996,0.05620229614554397,0.9790000000000001,0.04031442081008392,0.33333333333333326,0.0,0.0,0.0,4.27,0.5659532050470516,2.57,0.6854181058288289,2.43,0.6854181058288289,0.0,0.0,0.0,0.0,0.52,0.8930709700666334,0.42,0.7545150292028179,19.48,0.8930709700666338,5.0,0.0,30.0,0.0,6.0,0.0,1.5,0.0,0.63,0.7608474807008886
10.0,25.0,483.0,483.0,100,9.84,1.6860688843663183,0.32799999999999996,0.05620229614554397,0.9790000000000001,0.04031442081008392,0.33333333333333326,0.0,0.0,0.0,4.27,0.5659532050470516,2.57,0.6854181058288289,2.43,0.6854181058288289,0.0,0.0,0.0,0.0,0.52,0.8930709700666334,0.42,0.7545150292028179,19.48,0.8930709700666338,5.0,0.0,30.0,0.0,6.0,0.0,1.5,0.0,0.63,0.7608474807008886
10.0,25.0,484.0,484.0,100,9.84,1.6860688843663183,0.32799999999999996,0.05620229614554397,0.9790000000000001,0.04031442081008392,0.33333333333333326,0.0,0.0,0.0,4.27,0.5659532050470516,2.57,0.6854181058288289,2.43,0.6854181058288289,0.0,0.0,0.0,0.0,0.52,0.8930709700666334,0.41,0.7260659179246174,19.48,0.8930709700666338,5.0,0.0,30.0,0.0,6.0,0.0,1.5,0.0,0.63,0.7608474807008886
10.0,25.0,485.0,485.0,100,9.84,1.6860688843663183,0.32799999999999996,0.05620229614554397,0.9790000000000001,0.04031442081008392,0.33333333333333326,0.0,0.0,0.0,4.27,0.5659532050470516,2.57,0.6854181058288289,2.43,0.6854181058288289,0.0,0.0,0.0,0.0,0.52,0.8930709700666334,0.41,0.7260659179246174,19.48,0.8930709700666338,5.0,0.0,30.0,0.0,6.0,0.0,1.5,0.0,0.63,0.7608474807008886
10.0,25.0,486.0,486.0,100,9.83,1.676064413795579,0.32766666666666666,0.055868813793186,0.9795,0.03962896094341291,0.33333333333333326,0.0,0.00033333333333333435,0.0033333333333333444,4.28,0.5519478821831502,2.57,0.6854181058288289,2.43,0.6854181058288289,0.0,0.0,0.0,0.0,0.51,0.8818598344843515,0.41,0.7260659179246174,19.49,0.881859834484352,5.0,0.0,30.0,0.0,6.0,0.0,1.5,0.0,0.63,0.7608474807008886
10.0,25.0,487.0,487.0,100,9.82,1.6598649087053787,0.32733333333333337,0.05532883029017931,0.98,0.038270699819136625,0.33333333333333326,0.0,0.0003333333333333327,0.003333333333333328,4.28,0.5519478821831502,2.57,0.6854181058288289,2.43,0.6854181058288289,0.0,0.0,0.0,0.0,0.5,0.8587046857760456,0.41,0.7260659179246174,19.5,0.8587046857760459,5.0,0.0,30.0,0.0,6.0,0.0,1.5,0.0,0.63,0.7608474807008886
10.0,25.0,488.0,488.0,100,9.82,1.6598649087053787,0.32733333333333337,0.05532883029017931,0.98,0.038270699819136625,0.33333333333333326,0.0,0.0,0.0,4.28,0.5519478821831502,2.57,0.6854181058288289,2.43,0.6854181058288289,0.0,0.0,0.0,0.0,0.5,0.8587046857760456,0.41,0.7260659179246174,19.5,0.8587046857760459,5.0,0.0,30.0,0.0,6.0,0.0,1.5,0.0,0.63,0.7608474807008886
10.0,25.0,489.0,489.0,100,9.82,1.6598649087053787,0.32733333333333337,0.05532883029017931,0.98,0.038270699819136625,0.33333333333333326,0.0,0.0,0.0,4.28,0.5519478821831502,2.57,0.6854181058288289,2.43,0.6854181058288289,0.0,0.0,0.0,0.0,0.5,0.8587046857760456,0.41,0.7260659179246174,19.5,0.8587046857760459,5.0,0.0,30.0,0.0,6.0,0.0,1.5,0.0,0.63,0.7608474807008886
10.0,25.0,490.0,490.0,100,9.82,1.6598649087053787,0.32733333333333337,0.05532883029017931,0.98,0.038270699819136625,0.33333333333333326,0.0,0.0,0.0,4.28,0.5519478821831502,2.57,0.6854181058288289,2.43,0.6854181058288289,0.0,0.0,0.0,0.0,0.5,0.8587046857760456,0.41,0.7260659179246174,19.5,0.8587046857760459,5.0,0.0,30.0,0.0,6.0,0.0,1.5,0.0,0.63,0.7608474807008886
10.0,25.0,491.0,491.0,100,9.8,1.6453178133937247,0.32666666666666666,0.054843927113124157,0.981,0.0374570461065779,0.33333333333333326,0.0,0.0006666666666666671,0.004690176471209657,4.28,0.5519478821831502,2.57,0.6854181058288289,2.43,0.6854181058288289,0.0,0.0,0.0,0.0,0.48,0.8466213302106655,0.4,0.7106690545187015,19.52,0.8466213302106653,5.0,0.0,30.0,0.0,6.0,0.0,1.5,0.0,0.63,0.7608474807008886
10.0,25.0,492.0,492.0,100,9.78,1.6365768660175537,0.32599999999999996,0.05455256220058513,0.982,0.03728134908904169,0.33333333333333326,0.0,0.0006666666666666655,0.004690176471209644,4.29,0.555868598672293,2.57,0.6854181058288289,2.43,0.6854181058288289,0.0,0.0,0.0,0.0,0.46,0.8459051693633012,0.4,0.7106690545187015,19.54,0.8459051693633012,5.0,0.0,30.0,0.0,6.0,0.0,1.5,0.0,0.63,0.7608474807008886
10.0,25.0,493.0,493.0,100,9.78,1.6365768660175537,0.32599999999999996,0.05455256220058513,0.982,0.03728134908904169,0.33333333333333326,0.0,0.0,0.0,4.29,0.555868598672293,2.57,0.6854181058288289,2.43,0.6854181058288289,0.0,0.0,0.0,0.0,0.46,0.8459051693633012,0.4,0.7106690545187015,19.54,0.8459051693633012,5.0,0.0,30.0,0.0,6.0,0.0,1.5,0.0,0.63,0.7608474807008886
10.0,25.0,494.0,494.0,100,9.78,1.6365768660175537,0.32599999999999996,0.05455256220058513,0.982,0.03728134908904169,0.33333333333333326,0.0,0.0,0.0,4.29,0.555868598672293,2.57,0.6854181058288289,2.43,0.6854181058288289,0.0,0.0,0.0,0.0,0.46,0.8459051693633012,0.4,0.7106690545187015,19.54,0.8459051693633012,5.0,0.0,30.0,0.0,6.0,0.0,1.5,0.0,0.63,0.7608474807008886
10.0,25.0,495.0,495.0,100,9.78,1.6365768660175537,0.32599999999999996,0.05455256220058513,0.982,0.03728134908904169,0.33333333333333326,0.0,0.0,0.0,4.29,0.555868598672293,2.57,0.6854181058288289,2.43,0.6854181058288289,0.0,0.0,0.0,0.0,0.46,0.8459051693633012,0.39,0.6947857747012908,19.54,0.8459051693633012,5.0,0.0,30.0,0.0,6.0,0.0,1.5,0.0,0.63,0.7608474807008886
10.0,25.0,496.0,496.0,100,9.78,1.6365768660175537,0.32599999999999996,0.05455256220058513,0.982,0.03728134908904169,0.33333333333333326,0.0,0.0,0.0,4.29,0.555868598672293,2.57,0.6854181058288289,2.43,0.6854181058288289,0.0,0.0,0.0,0.0,0.46,0.8459051693633012,0.39,0.6947857747012908,19.54,0.8459051693633012,5.0,0.0,30.0,0.0,6.0,0.0,1.5,0.0,0.63,0.7608474807008886
10.0,25.0,497.0,497.0,100,9.78,1.6365768660175537,0.32599999999999996,0.05455256220058513,0.982,0.03728134908904169,0.33333333333333326,0.0,0.0,0.0,4.29,0.555868598672293,2.57,0.6854181058288289,2.43,0.6854181058288289,0.0,0.0,0.0,0.0,0.46,0.8459051693633012,0.39,0.6947857747012908,19.54,0.8459051693633012,5.0,0.0,30.0,0.0,6.0,0.0,1.5,0.0,0.63,0.7608474807008886
10.0,25.0,498.0,498.0,100,9.78,1.6365768660175537,0.32599999999999996,0.05455256220058513,0.982,0.03728134908904169,0.33333333333333326,0.0,0.0,0.0,4.29,0.555868598672293,2.57,0.6854181058288289,2.43,0.6854181058288289,0.0,0.0,0.0,0.0,0.46,0.8459051693633012,0.39,0.6947857747012908,19.54,0.8459051693633012,5.0,0.0,30.0,0.0,6.0,0.0,1.5,0.0,0.63,0.7608474807008886
10.0,25.0,499.0,499.0,100,9.78,1.6365768660175537,0.32599999999999996,0.05455256220058513,0.982,0.03728134908904169,0.33333333333333326,0.0,0.0,0.0,4.29,0.555868598672293,2.57,0.6854181058288289,2.43,0.6854181058288289,0.0,0.0,0.0,0.0,0.46,0.8459051693633012,0.38,0.6931118527366564,19.54,0.8459051693633012,5.0,0.0,30.0,0.0,6.0,0.0,1.5,0.0,0.63,0.7608474807008886
10.0,25.0,500.0,500.0,100,9.77,1.6196707484341788,0.3256666666666666,0.05398902494780597,0.9825,0.03579896166882017,0.33333333333333326,0.0,0.0003333333333333327,0.0033333333333333275,4.29,0.555868598672293,2.57,0.6854181058288289,2.43,0.6854181058288289,0.0,0.0,0.0,0.0,0.45,0.8087276451565161,0.37,0.6765181207305297,19.55,0.808727645156516,5.0,0.0,30.0,0.0,6.0,0.0,1.5,0.0,0.63,0.7608474807008886
10.0,25.0,501.0,501.0,100,9.75,1.5978204852330262,0.325,0.05326068284110087,0.9834999999999999,0.03412321701413774,0.33333333333333326,0.0,0.0006666666666666687,0.004690176471209668,4.3,0.541229427257326,2.57,0.6854181058288289,2.43,0.6854181058288289,0.0,0.0,0.0,0.0,0.43,0.7818005635787949,0.37,0.6765181207305297,19.57,0.7818005635787949,5.0,0.0,30.0,0.0,6.0,0.0,1.5,0.0,0.63,0.7608474807008886
10.0,25.0,502.0,502.0,100,9.75,1.5978204852330262,0.325,0.05326068284110087,0.9834999999999999,0.03412321701413774,0.33333333333333326,0.0,0.0,0.0,4.3,0.541229427257326,2.57,0.6854181058288289,2.43,0.6854181058288289,0.0,0.0,0.0,0.0,0.43,0.7818005635787949,0.36,0.659353831222262,19.57,0.7818005635787949,5.0,0.0,30.0,0.0,6.0,0.0,1.5,0.0,0.63,0.7608474807008886
10.0,25.0,503.0,503.0,100,9.74,1.586687038320966,0.3246666666666666,0.05288956794403219,0.9840000000000001,0.03324229993623343,0.33333333333333326,0.0,0.00033333333333333435,0.003333333333333344,4.3,0.541229427257326,2.57,0.6854181058288289,2.43,0.6854181058288289,0.0,0.0,0.0,0.0,0.42,0.7545150292028181,0.36,0.659353831222262,19.58,0.754515029202818,5.0,0.0,30.0,0.0,6.0,0.0,1.5,0.0,0.63,0.7608474807008886
10.0,25.0,504.0,504.0,100,9.74,1.586687038320966,0.3246666666666666,0.05288956794403219,0.9840000000000001,0.03324229993623343,0.33333333333333326,0.0,0.0,0.0,4.3,0.541229427257326,2.57,0.6854181058288289,2.43,0.6854181058288289,0.0,0.0,0.0,0.0,0.42,0.7545150292028181,0.36,0.659353831222262,19.58,0.754515029202818,5.0,0.0,30.0,0.0,6.0,0.0,1.5,0.0,0.63,0.7608474807008886
10.0,25.0,505.0,505.0,100,9.73,1.5754108010037229,0.3243333333333333,0.05251369336679078,0.9845,0.032329584287491546,0.33333333333333326,0.0,0.00033333333333333435,0.0033333333333333444,4.3,0.541229427257326,2.57,0.6854181058288289,2.43,0.6854181058288289,0.0,0.0,0.0,0.0,0.41,0.739847104051734,0.35,0.6571287406727712,19.59,0.739847104051734,5.0,0.0,30.0,0.0,6.0,0.0,1.5,0.0,0.63,0.7608474807008886
10.0,25.0,506.0,506.0,100,9.73,1.5754108010037229,0.3243333333333333,0.05251369336679078,0.9845,0.032329584287491546,0.33333333333333326,0.0,0.0,0.0,4.3,0.541229427257326,2.57,0.6854181058288289,2.43,0.6854181058288289,0.0,0.0,0.0,0.0,0.41,0.739847104051734,0.35,0.6571287406727712,19.59,0.739847104051734,5.0,0.0,30.0,0.0,6.0,0.0,1.5,0.0,0.63,0.7608474807008886
10.0,25.0,507.0,507.0,100,9.73,1.5754108010037229,0.3243333333333333,0.05251369336679078,0.9845,0.032329584287491546,0.33333333333333326,0.0,0.0,0.0,4.3,0.541229427257326,2.57,0.6854181058288289,2.43,0.6854181058288289,0.0,0.0,0.0,0.0,0.41,0.739847104051734,0.34,0.6391281940932106,19.59,0.739847104051734,5.0,0.0,30.0,0.0,6.0,0.0,1.5,0.0,0.63,0.7608474807008886
10.0,25.0,508.0,508.0,100,9.72,1.5896127474541362,0.324,0.052987091581804535,0.9845,0.032329584287491546,0.33333333333333326,0.0,0.000333333333333333,0.0033333333333333305,4.3,0.541229427257326,2.57,0.6854181058288289,2.43,0.6854181058288289,0.0,0.0,0.0,0.0,0.4,0.7106690545187015,0.34,0.6391281940932106,19.6,0.7106690545187012,5.0,0.0,30.0,0.0,6.0,0.0,1.5,0.0,0.63,0.7608474807008886
10.0,25.0,509.0,509.0,100,9.72,1.5896127474541362,0.324,0.052987091581804535,0.9845,0.032329584287491546,0.33333333333333326,0.0,0.0,0.0,4.3,0.541229427257326,2.57,0.6854181058288289,2.43,0.6854181058288289,0.0,0.0,0.0,0.0,0.4,0.7106690545187015,0.34,0.6391281940932106,19.6,0.7106690545187012,5.0,0.0,30.0,0.0,6.0,0.0,1.5,0.0,0.63,0.7608474807008886
10.0,25.0,510.0,510.0,100,9.72,1.5896127474541362,0.324,0.052987091581804535,0.9845,0.032329584287491546,0.33333333333333326,0.0,0.0,0.0,4.3,0.541229427257326,2.57,0.6854181058288289,2.43,0.6854181058288289,0.0,0.0,0.0,0.0,0.4,0.7106690545187015,0.34,0.6391281940932106,19.6,0.7106690545187012,5.0,0.0,30.0,0.0,6.0,0.0,1.5,0.0,0.63,0.7608474807008886
10.0,25.0,511.0,511.0,100,9.72,1.5896127474541362,0.324,0.052987091581804535,0.9845,0.032329584287491546,0.33333333333333326,0.0,0.0,0.0,4.3,0.541229427257326,2.57,0.6854181058288289,2.43,0.6854181058288289,0.0,0.0,0.0,0.0,0.4,0.7106690545187015,0.34,0.6391281940932106,19.6,0.7106690545187012,5.0,0.0,30.0,0.0,6.0,0.0,1.5,0.0,0.63,0.7608474807008886
10.0,25.0,512.0,512.0,100,9.72,1.5896127474541362,0.324,0.052987091581804535,0.9845,0.032329584287491546,0.33333333333333326,0.0,0.0,0.0,4.3,0.541229427257326,2.57,0.6854181058288289,2.43,0.6854181058288289,0.0,0.0,0.0,0.0,0.4,0.7106690545187015,0.34,0.6391281940932106,19.6,0.7106690545187012,5.0,0.0,30.0,0.0,6.0,0.0,1.5,0.0,0.63,0.7608474807008886
10.0,25.0,513.0,513.0,100,9.72,1.5896127474541362,0.324,0.052987091581804535,0.9845,0.032329584287491546,0.33333333333333326,0.0,0.0,0.0,4.3,0.541229427257326,2.57,0.6854181058288289,2.43,0.6854181058288289,0.0,0.0,0.0,0.0,0.4,0.7106690545187015,0.34,0.6391281940932106,19.6,0.7106690545187012,5.0,0.0,30.0,0.0,6.0,0.0,1.5,0.0,0.63,0.7608474807008886
10.0,25.0,514.0,514.0,100,9.72,1.5896127474541362,0.324,0.052987091581804535,0.9845,0.032329584287491546,0.33333333333333326,0.0,0.0,0.0,4.3,0.541229427257326,2.57,0.6854181058288289,2.43,0.6854181058288289,0.0,0.0,0.0,0.0,0.4,0.7106690545187015,0.34,0.6391281940932106,19.6,0.7106690545187012,5.0,0.0,30.0,0.0,6.0,0.0,1.5,0.0,0.63,0.7608474807008886
10.0,25.0,515.0,515.0,100,9.72,1.5896127474541362,0.324,0.052987091581804535,0.9845,0.032329584287491546,0.33333333333333326,0.0,0.0,0.0,4.3,0.541229427257326,2.57,0.6854181058288289,2.43,0.6854181058288289,0.0,0.0,0.0,0.0,0.4,0.7106690545187015,0.34,0.6391281940932106,19.6,0.7106690545187012,5.0,0.0,30.0,0.0,6.0,0.0,1.5,0.0,0.63,0.7608474807008886
10.0,25.0,516.0,516.0,100,9.72,1.5896127474541362,0.324,0.052987091581804535,0.9845,0.032329584287491546,0.33333333333333326,0.0,0.0,0.0,4.3,0.541229427257326,2.57,0.6854181058288289,2.43,0.6854181058288289,0.0,0.0,0.0,0.0,0.4,0.7106690545187015,0.34,0.6391281940932106,19.6,0.7106690545187012,5.0,0.0,30.0,0.0,6.0,0.0,1.5,0.0,0.63,0.7608474807008886
10.0,25.0,517.0,517.0,100,9.71,1.57822941323753,0.32366666666666666,0.0526076471079177,0.985,0.03138229572304239,0.33333333333333326,0.0,0.00033333333333333435,0.003333333333333344,4.31,0.5259911279353169,2.57,0.6854181058288289,2.43,0.6854181058288289,0.0,0.0,0.0,0.0,0.39,0.6947857747012907,0.33,0.6365151334819267,19.61,0.6947857747012904,5.0,0.0,30.0,0.0,6.0,0.0,1.5,0.0,0.63,0.7608474807008886
10.0,25.0,518.0,518.0,100,9.71,1.57822941323753,0.32366666666666666,0.0526076471079177,0.985,0.03138229572304239,0.33333333333333326,0.0,0.0,0.0,4.31,0.5259911279353169,2.57,0.6854181058288289,2.43,0.6854181058288289,0.0,0.0,0.0,0.0,0.39,0.6947857747012907,0.32,0.6337319319839909,19.61,0.6947857747012904,5.0,0.0,30.0,0.0,6.0,0.0,1.5,0.0,0.63,0.7608474807008886
10.0,25.0,519.0,519.0,100,9.7,1.5666989036012804,0.3233333333333333,0.05222329678670937,0.9854999999999999,0.030397202157269335,0.33333333333333326,0.0,0.00033333333333333435,0.0033333333333333444,4.31,0.5259911279353169,2.57,0.6854181058288289,2.43,0.6854181058288289,0.0,0.0,0.0,0.0,0.38,0.6783819132332615,0.32,0.6337319319839909,19.62,0.6783819132332616,5.0,0.0,30.0,0.0,6.0,0.0,1.5,0.0,0.63,0.7608474807008886
10.0,25.0,520.0,520.0,100,9.69,1.5615001851690022,0.32299999999999995,0.05205000617230009,0.986,0.030218062696528273,0.33333333333333326,0.0,0.0003333333333333327,0.0033333333333333275,4.31,0.5259911279353169,2.57,0.6854181058288289,2.43,0.6854181058288289,0.0,0.0,0.0,0.0,0.37,0.6614187383758852,0.31,0.6145541210314741,19.63,0.6614187383758853,5.0,0.0,30.0,0.0,6.0,0.0,1.5,0.0,0.63,0.7608474807008886
10.0,25.0,521.0,521.0,100,9.68,1.549714864617411,0.32266666666666666,0.0516571621539137,0.9865,0.0291764053005614,0.33333333333333326,0.0,0.00033333333333333435,0.0033333333333333444,4.31,0.5259911279353169,2.57,0.6854181058288289,2.43,0.6854181058288289,0.0,0.0,0.0,0.0,0.36,0.643852043986392,0.31,0.6145541210314741,19.64,0.643852043986391,5.0,0.0,30.0,0.0,6.0,0.0,1.5,0.0,0.63,0.7608474807008886
10.0,25.0,522.0,522.0,100,9.68,1.549714864617411,0.32266666666666666,0.0516571621539137,0.9865,0.0291764053005614,0.33333333333333326,0.0,0.0,0.0,4.31,0.5259911279353169,2.57,0.6854181058288289,2.43,0.6854181058288289,0.0,0.0,0.0,0.0,0.36,0.643852043986392,0.31,0.6145541210314741,19.64,0.643852043986391,5.0,0.0,30.0,0.0,6.0,0.0,1.5,0.0,0.63,0.7608474807008886
10.0,25.0,523.0,523.0,100,9.67,1.5443281694476387,0.32233333333333325,0.05147760564825463,0.987,0.02897229606700063,0.33333333333333326,0.0,0.0003333333333333327,0.003333333333333328,4.31,0.5259911279353169,2.56,0.6714976477316141,2.44,0.6714976477316141,0.0,0.0,0.0,0.0,0.35,0.6415731927193979,0.31,0.6145541210314741,19.65,0.6415731927193977,5.0,0.0,30.0,0.0,6.0,0.0,1.5,0.0,0.63,0.7608474807008886
10.0,25.0,524.0,524.0,100,9.66,1.5388569810352124,0.32199999999999995,0.051295232701173726,0.9875,0.028757958933488363,0.33333333333333326,0.0,0.0003333333333333327,0.003333333333333328,4.31,0.5259911279353169,2.56,0.6714976477316141,2.44,0.6714976477316141,0.0,0.0,0.0,0.0,0.34,0.6391281940932106,0.31,0.6145541210314741,19.66,0.6391281940932104,5.0,0.0,30.0,0.0,6.0,0.0,1.5,0.0,0.63,0.7608474807008886
10.0,25.0,525.0,525.0,100,9.66,1.5388569810352124,0.32199999999999995,0.051295232701173726,0.9875,0.028757958933488363,0.33333333333333326,0.0,0.0,0.0,4.31,0.5259911279353169,2.56,0.6714976477316141,2.44,0.6714976477316141,0.0,0.0,0.0,0.0,0.34,0.6391281940932106,0.31,0.6145541210314741,19.66,0.6391281940932104,5.0,0.0,30.0,0.0,6.0,0.0,1.5,0.0,0.63,0.7608474807008886
10.0,25.0,526.0,526.0,100,9.66,1.5388569810352124,0.32199999999999995,0.051295232701173726,0.9875,0.028757958933488363,0.33333333333333326,0.0,0.0,0.0,4.31,0.5259911279353169,2.56,0.6714976477316141,2.44,0.6714976477316141,0.0,0.0,0.0,0.0,0.34,0.6391281940932106,0.31,0.6145541210314741,19.66,0.6391281940932104,5.0,0.0,30.0,0.0,6.0,0.0,1.5,0.0,0.63,0.7608474807008886
10.0,25.0,527.0,527.0,100,9.65,1.5398740601789882,0.32166666666666666,0.05132913533929961,0.9875,0.028757958933488363,0.33333333333333326,0.0,0.00033333333333333327,0.0033333333333333335,4.32,0.5295319068800673,2.56,0.6714976477316141,2.44,0.6714976477316141,0.0,0.0,0.0,0.0,0.33,0.6365151334819267,0.31,0.6145541210314741,19.67,0.6365151334819268,5.0,0.0,30.0,0.0,6.0,0.0,1.5,0.0,0.63,0.7608474807008886
10.0,25.0,528.0,528.0,100,9.65,1.5398740601789882,0.32166666666666666,0.05132913533929961,0.9875,0.028757958933488363,0.33333333333333326,0.0,0.0,0.0,4.32,0.5295319068800673,2.56,0.6714976477316141,2.44,0.6714976477316141,0.0,0.0,0.0,0.0,0.33,0.6365151334819267,0.31,0.6145541210314741,19.67,0.6365151334819268,5.0,0.0,30.0,0.0,6.0,0.0,1.5,0.0,0.63,0.7608474807008886
10.0,25.0,529.0,529.0,100,9.65,1.5398740601789882,0.32166666666666666,0.05132913533929961,0.9875,0.028757958933488363,0.33333333333333326,0.0,0.0,0.0,4.32,0.5295319068800673,2.56,0.6714976477316141,2.44,0.6714976477316141,0.0,0.0,0.0,0.0,0.33,0.6365151334819267,0.31,0.6145541210314741,19.67,0.6365151334819268,5.0,0.0,30.0,0.0,6.0,0.0,1.5,0.0,0.63,0.7608474807008886
10.0,25.0,530.0,530.0,100,9.64,1.5276574791940025,0.3213333333333333,0.05092191597313341,0.988,0.027633971188310322,0.33333333333333326,0.0,0.00033333333333333435,0.003333333333333344,4.33,0.5328596381218922,2.56,0.6714976477316141,2.44,0.6714976477316141,0.0,0.0,0.0,0.0,0.32,0.6175873552900362,0.31,0.6145541210314741,19.68,0.6175873552900362,5.0,0.0,30.0,0.0,6.0,0.0,1.5,0.0,0.63,0.7608474807008886
10.0,25.0,531.0,531.0,100,9.63,1.5219272736443836,0.32099999999999995,0.050730909121479456,0.9884999999999999,0.027390737946476087,0.33333333333333326,0.0,0.0003333333333333327,0.0033333333333333275,4.33,0.5328596381218922,2.56,0.6714976477316141,2.44,0.6714976477316141,0.0,0.0,0.0,0.0,0.31,0.6145541210314741,0.31,0.6145541210314741,19.69,0.6145541210314748,5.0,0.0,30.0,0.0,6.0,0.0,1.5,0.0,0.63,0.7608474807008886
10.0,25.0,532.0,532.0,100,9.63,1.5219272736443836,0.32099999999999995,0.050730909121479456,0.9884999999999999,0.027390737946476087,0.33333333333333326,0.0,0.0,0.0,4.33,0.5328596381218922,2.56,0.6714976477316141,2.44,0.6714976477316141,0.0,0.0,0.0,0.0,0.31,0.6145541210314741,0.31,0.6145541210314741,19.69,0.6145541210314748,5.0,0.0,30.0,0.0,6.0,0.0,1.5,0.0,0.63,0.7608474807008886
10.0,25.0,533.0,533.0,100,9.63,1.5219272736443836,0.32099999999999995,0.050730909121479456,0.9884999999999999,0.027390737946476087,0.33333333333333326,0.0,0.0,0.0,4.33,0.5328596381218922,2.56,0.6714976477316141,2.44,0.6714976477316141,0.0,0.0,0.0,0.0,0.31,0.6145541210314741,0.31,0.6145541210314741,19.69,0.6145541210314748,5.0,0.0,30.0,0.0,6.0,0.0,1.5,0.0,0.63,0.7608474807008886
10.0,25.0,534.0,534.0,100,9.63,1.5219272736443836,0.32099999999999995,0.050730909121479456,0.9884999999999999,0.027390737946476087,0.33333333333333326,0.0,0.0,0.0,4.33,0.5328596381218922,2.56,0.6714976477316141,2.44,0.6714976477316141,0.0,0.0,0.0,0.0,0.31,0.6145541210314741,0.31,0.6145541210314741,19.69,0.6145541210314748,5.0,0.0,30.0,0.0,6.0,0.0,1.5,0.0,0.63,0.7608474807008886
10.0,25.0,535.0,535.0,100,9.63,1.5219272736443836,0.32099999999999995,0.050730909121479456,0.9884999999999999,0.027390737946476087,0.33333333333333326,0.0,0.0,0.0,4.33,0.5328596381218922,2.56,0.6714976477316141,2.44,0.6714976477316141,0.0,0.0,0.0,0.0,0.31,0.6145541210314741,0.31,0.6145541210314741,19.69,0.6145541210314748,5.0,0.0,30.0,0.0,6.0,0.0,1.5,0.0,0.63,0.7608474807008886
10.0,25.0,536.0,536.0,100,9.63,1.5219272736443836,0.32099999999999995,0.050730909121479456,0.9884999999999999,0.027390737946476087,0.33333333333333326,0.0,0.0,0.0,4.33,0.5328596381218922,2.56,0.6714976477316141,2.44,0.6714976477316141,0.0,0.0,0.0,0.0,0.31,0.6145541210314741,0.31,0.6145541210314741,19.69,0.6145541210314748,5.0,0.0,30.0,0.0,6.0,0.0,1.5,0.0,0.63,0.7608474807008886
10.0,25.0,537.0,537.0,100,9.63,1.5219272736443836,0.32099999999999995,0.050730909121479456,0.9884999999999999,0.027390737946476087,0.33333333333333326,0.0,0.0,0.0,4.33,0.5328596381218922,2.56,0.6714976477316141,2.44,0.6714976477316141,0.0,0.0,0.0,0.0,0.31,0.6145541210314741,0.3,0.594588390010563,19.69,0.6145541210314748,5.0,0.0,30.0,0.0,6.0,0.0,1.5,0.0,0.63,0.7608474807008886
10.0,25.0,538.0,538.0,100,9.63,1.5219272736443836,0.32099999999999995,0.050730909121479456,0.9884999999999999,0.027390737946476087,0.33333333333333326,0.0,0.0,0.0,4.33,0.5328596381218922,2.56,0.6714976477316141,2.44,0.6714976477316141,0.0,0.0,0.0,0.0,0.31,0.6145541210314741,0.3,0.594588390010563,19.69,0.6145541210314748,5.0,0.0,30.0,0.0,6.0,0.0,1.5,0.0,0.63,0.7608474807008886
10.0,25.0,539.0,539.0,100,9.63,1.5219272736443836,0.32099999999999995,0.050730909121479456,0.9884999999999999,0.027390737946476087,0.33333333333333326,0.0,0.0,0.0,4.33,0.5328596381218922,2.56,0.6714976477316141,2.44,0.6714976477316141,0.0,0.0,0.0,0.0,0.31,0.6145541210314741,0.3,0.594588390010563,19.69,0.6145541210314748,5.0,0.0,30.0,0.0,6.0,0.0,1.5,0.0,0.63,0.7608474807008886
10.0,25.0,540.0,540.0,100,9.63,1.5219272736443836,0.32099999999999995,0.050730909121479456,0.9884999999999999,0.027390737946476087,0.33333333333333326,0.0,0.0,0.0,4.33,0.5328596381218922,2.56,0.6714976477316141,2.44,0.6714976477316141,0.0,0.0,0.0,0.0,0.31,0.6145541210314741,0.3,0.594588390010563,19.69,0.6145541210314748,5.0,0.0,30.0,0.0,6.0,0.0,1.5,0.0,0.63,0.7608474807008886
10.0,25.0,541.0,541.0,100,9.63,1.5219272736443836,0.32099999999999995,0.050730909121479456,0.9884999999999999,0.027390737946476087,0.33333333333333326,0.0,0.0,0.0,4.33,0.5328596381218922,2.56,0.6714976477316141,2.44,0.6714976477316141,0.0,0.0,0.0,0.0,0.31,0.6145541210314741,0.3,0.594588390010563,19.69,0.6145541210314748,5.0,0.0,30.0,0.0,6.0,0.0,1.5,0.0,0.63,0.7608474807008886
10.0,25.0,542.0,542.0,100,9.63,1.5219272736443836,0.32099999999999995,0.050730909121479456,0.9884999999999999,0.027390737946476087,0.33333333333333326,0.0,0.0,0.0,4.33,0.5328596381218922,2.56,0.6714976477316141,2.44,0.6714976477316141,0.0,0.0,0.0,0.0,0.31,0.6145541210314741,0.3,0.594588390010563,19.69,0.6145541210314748,5.0,0.0,30.0,0.0,6.0,0.0,1.5,0.0,0.63,0.7608474807008886
10.0,25.0,543.0,543.0,100,9.63,1.5219272736443836,0.32099999999999995,0.050730909121479456,0.9884999999999999,0.027390737946476087,0.33333333333333326,0.0,0.0,0.0,4.33,0.5328596381218922,2.56,0.6714976477316141,2.44,0.6714976477316141,0.0,0.0,0.0,0.0,0.31,0.6145541210314741,0.3,0.594588390010563,19.69,0.6145541210314748,5.0,0.0,30.0,0.0,6.0,0.0,1.5,0.0,0.63,0.7608474807008886
10.0,25.0,544.0,544.0,100,9.63,1.5219272736443836,0.32099999999999995,0.050730909121479456,0.9884999999999999,0.027390737946476087,0.33333333333333326,0.0,0.0,0.0,4.33,0.5328596381218922,2.56,0.6714976477316141,2.44,0.6714976477316141,0.0,0.0,0.0,0.0,0.31,0.6145541210314741,0.3,0.594588390010563,19.69,0.6145541210314748,5.0,0.0,30.0,0.0,6.0,0.0,1.5,0.0,0.63,0.7608474807008886
10.0,25.0,545.0,545.0,100,9.63,1.5219272736443836,0.32099999999999995,0.050730909121479456,0.9884999999999999,0.027390737946476087,0.33333333333333326,0.0,0.0,0.0,4.33,0.5328596381218922,2.56,0.6714976477316141,2.44,0.6714976477316141,0.0,0.0,0.0,0.0,0.31,0.6145541210314741,0.3,0.594588390010563,19.69,0.6145541210314748,5.0,0.0,30.0,0.0,6.0,0.0,1.5,0.0,0.63,0.7608474807008886
10.0,25.0,546.0,546.0,100,9.63,1.5219272736443836,0.32099999999999995,0.050730909121479456,0.9884999999999999,0.027390737946476087,0.33333333333333326,0.0,0.0,0.0,4.33,0.5328596381218922,2.56,0.6714976477316141,2.44,0.6714976477316141,0.0,0.0,0.0,0.0,0.31,0.6145541210314741,0.3,0.594588390010563,19.69,0.6145541210314748,5.0,0.0,30.0,0.0,6.0,0.0,1.5,0.0,0.63,0.7608474807008886
10.0,25.0,547.0,547.0,100,9.62,1.5094316275949162,0.32066666666666666,0.05031438758649722,0.9890000000000001,0.026188901959772682,0.33333333333333326,0.0,0.00033333333333333435,0.0033333333333333444,4.34,0.5167888418597166,2.56,0.6714976477316141,2.44,0.6714976477316141,0.0,0.0,0.0,0.0,0.3,0.594588390010563,0.3,0.594588390010563,19.7,0.5945883900105634,5.0,0.0,30.0,0.0,6.0,0.0,1.5,0.0,0.63,0.7608474807008886
10.0,25.0,548.0,548.0,100,9.62,1.5094316275949162,0.32066666666666666,0.05031438758649722,0.9890000000000001,0.026188901959772682,0.33333333333333326,0.0,0.0,0.0,4.34,0.5167888418597166,2.56,0.6714976477316141,2.44,0.6714976477316141,0.0,0.0,0.0,0.0,0.3,0.594588390010563,0.3,0.594588390010563,19.7,0.5945883900105634,5.0,0.0,30.0,0.0,6.0,0.0,1.5,0.0,0.63,0.7608474807008886
10.0,25.0,549.0,549.0,100,9.62,1.5094316275949162,0.32066666666666666,0.05031438758649722,0.9890000000000001,0.026188901959772682,0.33333333333333326,0.0,0.0,0.0,4.34,0.5167888418597166,2.56,0.6714976477316141,2.44,0.6714976477316141,0.0,0.0,0.0,0.0,0.3,0.594588390010563,0.3,0.594588390010563,19.7,0.5945883900105634,5.0,0.0,30.0,0.0,6.0,0.0,1.5,0.0,0.63,0.7608474807008886
10.0,25.0,550.0,550.0,100,9.62,1.5094316275949162,0.32066666666666666,0.05031438758649722,0.9890000000000001,0.026188901959772682,0.33333333333333326,0.0,0.0,0.0,4.34,0.5167888418597166,2.56,0.6714976477316141,2.44,0.6714976477316141,0.0,0.0,0.0,0.0,0.3,0.594588390010563,0.3,0.594588390010563,19.7,0.5945883900105634,5.0,0.0,30.0,0.0,6.0,0.0,1.5,0.0,0.63,0.7608474807008886
10.0,25.0,551.0,551.0,100,9.62,1.5094316275949162,0.32066666666666666,0.05031438758649722,0.9890000000000001,0.026188901959772682,0.33333333333333326,0.0,0.0,0.0,4.34,0.5167888418597166,2.56,0.6714976477316141,2.44,0.6714976477316141,0.0,0.0,0.0,0.0,0.3,0.594588390010563,0.3,0.594588390010563,19.7,0.5945883900105634,5.0,0.0,30.0,0.0,6.0,0.0,1.5,0.0,0.63,0.7608474807008886
10.0,25.0,552.0,552.0,100,9.62,1.5094316275949162,0.32066666666666666,0.05031438758649722,0.9890000000000001,0.026188901959772682,0.33333333333333326,0.0,0.0,0.0,4.34,0.5167888418597166,2.56,0.6714976477316141,2.44,0.6714976477316141,0.0,0.0,0.0,0.0,0.3,0.594588390010563,0.3,0.594588390010563,19.7,0.5945883900105634,5.0,0.0,30.0,0.0,6.0,0.0,1.5,0.0,0.63,0.7608474807008886
10.0,25.0,553.0,553.0,100,9.62,1.5094316275949162,0.32066666666666666,0.05031438758649722,0.9890000000000001,0.026188901959772682,0.33333333333333326,0.0,0.0,0.0,4.34,0.5167888418597166,2.56,0.6714976477316141,2.44,0.6714976477316141,0.0,0.0,0.0,0.0,0.3,0.594588390010563,0.3,0.594588390010563,19.7,0.5945883900105634,5.0,0.0,30.0,0.0,6.0,0.0,1.5,0.0,0.63,0.7608474807008886
10.0,25.0,554.0,554.0,100,9.62,1.5094316275949162,0.32066666666666666,0.05031438758649722,0.9890000000000001,0.026188901959772682,0.33333333333333326,0.0,0.0,0.0,4.34,0.5167888418597166,2.56,0.6714976477316141,2.44,0.6714976477316141,0.0,0.0,0.0,0.0,0.3,0.594588390010563,0.3,0.594588390010563,19.7,0.5945883900105634,5.0,0.0,30.0,0.0,6.0,0.0,1.5,0.0,0.63,0.7608474807008886
10.0,25.0,555.0,555.0,100,9.62,1.5094316275949162,0.32066666666666666,0.05031438758649722,0.9890000000000001,0.026188901959772682,0.33333333333333326,0.0,0.0,0.0,4.34,0.5167888418597166,2.56,0.6714976477316141,2.44,0.6714976477316141,0.0,0.0,0.0,0.0,0.3,0.594588390010563,0.3,0.594588390010563,19.7,0.5945883900105634,5.0,0.0,30.0,0.0,6.0,0.0,1.5,0.0,0.63,0.7608474807008886
10.0,25.0,556.0,556.0,100,9.62,1.5094316275949162,0.32066666666666666,0.05031438758649722,0.9890000000000001,0.026188901959772682,0.33333333333333326,0.0,0.0,0.0,4.34,0.5167888418597166,2.56,0.6714976477316141,2.44,0.6714976477316141,0.0,0.0,0.0,0.0,0.3,0.594588390010563,0.3,0.594588390010563,19.7,0.5945883900105634,5.0,0.0,30.0,0.0,6.0,0.0,1.5,0.0,0.63,0.7608474807008886
10.0,25.0,557.0,557.0,100,9.62,1.5094316275949162,0.32066666666666666,0.05031438758649722,0.9890000000000001,0.026188901959772682,0.33333333333333326,0.0,0.0,0.0,4.34,0.5167888418597166,2.56,0.6714976477316141,2.44,0.6714976477316141,0.0,0.0,0.0,0.0,0.3,0.594588390010563,0.3,0.594588390010563,19.7,0.5945883900105634,5.0,0.0,30.0,0.0,6.0,0.0,1.5,0.0,0.63,0.7608474807008886
10.0,25.0,558.0,558.0,100,9.62,1.5094316275949162,0.32066666666666666,0.05031438758649722,0.9890000000000001,0.026188901959772682,0.33333333333333326,0.0,0.0,0.0,4.34,0.5167888418597166,2.56,0.6714976477316141,2.44,0.6714976477316141,0.0,0.0,0.0,0.0,0.3,0.594588390010563,0.3,0.594588390010563,19.7,0.5945883900105634,5.0,0.0,30.0,0.0,6.0,0.0,1.5,0.0,0.63,0.7608474807008886
10.0,25.0,559.0,559.0,100,9.62,1.5094316275949162,0.32066666666666666,0.05031438758649722,0.9890000000000001,0.026188901959772682,0.33333333333333326,0.0,0.0,0.0,4.34,0.5167888418597166,2.56,0.6714976477316141,2.44,0.6714976477316141,0.0,0.0,0.0,0.0,0.3,0.594588390010563,0.29,0.5558685986722933,19.7,0.5945883900105634,5.0,0.0,30.0,0.0,6.0,0.0,1.5,0.0,0.63,0.7608474807008886
10.0,25.0,560.0,560.0,100,9.62,1.5094316275949162,0.32066666666666666,0.05031438758649722,0.9890000000000001,0.026188901959772682,0.33333333333333326,0.0,0.0,0.0,4.34,0.5167888418597166,2.56,0.6714976477316141,2.44,0.6714976477316141,0.0,0.0,0.0,0.0,0.3,0.594588390010563,0.29,0.5558685986722933,19.7,0.5945883900105634,5.0,0.0,30.0,0.0,6.0,0.0,1.5,0.0,0.63,0.7608474807008886
10.0,25.0,561.0,561.0,100,9.62,1.5094316275949162,0.32066666666666666,0.05031438758649722,0.9890000000000001,0.026188901959772682,0.33333333333333326,0.0,0.0,0.0,4.34,0.5167888418597166,2.56,0.6714976477316141,2.44,0.6714976477316141,0.0,0.0,0.0,0.0,0.3,0.594588390010563,0.29,0.5558685986722933,19.7,0.5945883900105634,5.0,0.0,30.0,0.0,6.0,0.0,1.5,0.0,0.63,0.7608474807008886
10.0,25.0,562.0,562.0,100,9.62,1.5094316275949162,0.32066666666666666,0.05031438758649722,0.9890000000000001,0.026188901959772682,0.33333333333333326,0.0,0.0,0.0,4.34,0.5167888418597166,2.56,0.6714976477316141,2.44,0.6714976477316141,0.0,0.0,0.0,0.0,0.3,0.594588390010563,0.29,0.5558685986722933,19.7,0.5945883900105634,5.0,0.0,30.0,0.0,6.0,0.0,1.5,0.0,0.63,0.7608474807008886
10.0,25.0,563.0,563.0,100,9.62,1.5094316275949162,0.32066666666666666,0.05031438758649722,0.9890000000000001,0.026188901959772682,0.33333333333333326,0.0,0.0,0.0,4.34,0.5167888418597166,2.56,0.6714976477316141,2.44,0.6714976477316141,0.0,0.0,0.0,0.0,0.3,0.594588390010563,0.29,0.5558685986722933,19.7,0.5945883900105634,5.0,0.0,30.0,0.0,6.0,0.0,1.5,0.0,0.63,0.7608474807008886
10.0,25.0,564.0,564.0,100,9.62,1.5094316275949162,0.32066666666666666,0.05031438758649722,0.9890000000000001,0.026188901959772682,0.33333333333333326,0.0,0.0,0.0,4.34,0.5167888418597166,2.56,0.6714976477316141,2.44,0.6714976477316141,0.0,0.0,0.0,0.0,0.3,0.594588390010563,0.29,0.5558685986722933,19.7,0.5945883900105634,5.0,0.0,30.0,0.0,6.0,0.0,1.5,0.0,0.63,0.7608474807008886
10.0,25.0,565.0,565.0,100,9.62,1.5094316275949162,0.32066666666666666,0.05031438758649722,0.9890000000000001,0.026188901959772682,0.33333333333333326,0.0,0.0,0.0,4.34,0.5167888418597166,2.56,0.6714976477316141,2.44,0.6714976477316141,0.0,0.0,0.0,0.0,0.3,0.594588390010563,0.28,0.5519478821831502,19.7,0.5945883900105634,5.0,0.0,30.0,0.0,6.0,0.0,1.5,0.0,0.63,0.7608474807008886
10.0,25.0,566.0,566.0,100,9.62,1.5094316275949162,0.32066666666666666,0.05031438758649722,0.9890000000000001,0.026188901959772682,0.33333333333333326,0.0,0.0,0.0,4.34,0.5167888418597166,2.56,0.6714976477316141,2.44,0.6714976477316141,0.0,0.0,0.0,0.0,0.3,0.594588390010563,0.28,0.5519478821831502,19.7,0.5945883900105634,5.0,0.0,30.0,0.0,6.0,0.0,1.5,0.0,0.63,0.7608474807008886
10.0,25.0,567.0,567.0,100,9.62,1.5094316275949162,0.32066666666666666,0.05031438758649722,0.9890000000000001,0.026188901959772682,0.33333333333333326,0.0,0.0,0.0,4.34,0.5167888418597166,2.56,0.6714976477316141,2.44,0.6714976477316141,0.0,0.0,0.0,0.0,0.3,0.594588390010563,0.28,0.5519478821831502,19.7,0.5945883900105634,5.0,0.0,30.0,0.0,6.0,0.0,1.5,0.0,0.63,0.7608474807008886
10.0,25.0,568.0,568.0,100,9.62,1.5094316275949162,0.32066666666666666,0.05031438758649722,0.9890000000000001,0.026188901959772682,0.33333333333333326,0.0,0.0,0.0,4.34,0.5167888418597166,2.56,0.6714976477316141,2.44,0.6714976477316141,0.0,0.0,0.0,0.0,0.3,0.594588390010563,0.28,0.5519478821831502,19.7,0.5945883900105634,5.0,0.0,30.0,0.0,6.0,0.0,1.5,0.0,0.63,0.7608474807008886
10.0,25.0,569.0,569.0,100,9.62,1.5094316275949162,0.32066666666666666,0.05031438758649722,0.9890000000000001,0.026188901959772682,0.33333333333333326,0.0,0.0,0.0,4.34,0.5167888418597166,2.56,0.6714976477316141,2.44,0.6714976477316141,0.0,0.0,0.0,0.0,0.3,0.594588390010563,0.28,0.5519478821831502,19.7,0.5945883900105634,5.0,0.0,30.0,0.0,6.0,0.0,1.5,0.0,0.63,0.7608474807008886
10.0,25.0,570.0,570.0,100,9.62,1.5094316275949162,0.32066666666666666,0.05031438758649722,0.9890000000000001,0.026188901959772682,0.33333333333333326,0.0,0.0,0.0,4.34,0.5167888418597166,2.56,0.6714976477316141,2.44,0.6714976477316141,0.0,0.0,0.0,0.0,0.3,0.594588390010563,0.28,0.5519478821831502,19.7,0.5945883900105634,5.0,0.0,30.0,0.0,6.0,0.0,1.5,0.0,0.63,0.7608474807008886
10.0,25.0,571.0,571.0,100,9.62,1.5094316275949162,0.32066666666666666,0.05031438758649722,0.9890000000000001,0.026188901959772682,0.33333333333333326,0.0,0.0,0.0,4.34,0.5167888418597166,2.56,0.6714976477316141,2.44,0.6714976477316141,0.0,0.0,0.0,0.0,0.3,0.594588390010563,0.27,0.5478147589295218,19.7,0.5945883900105634,5.0,0.0,30.0,0.0,6.0,0.0,1.5,0.0,0.63,0.7608474807008886
10.0,25.0,572.0,572.0,100,9.62,1.5094316275949162,0.32066666666666666,0.05031438758649722,0.9890000000000001,0.026188901959772682,0.33333333333333326,0.0,0.0,0.0,4.34,0.5167888418597166,2.56,0.6714976477316141,2.44,0.6714976477316141,0.0,0.0,0.0,0.0,0.3,0.594588390010563,0.27,0.5478147589295218,19.7,0.5945883900105634,5.0,0.0,30.0,0.0,6.0,0.0,1.5,0.0,0.63,0.7608474807008886
10.0,25.0,573.0,573.0,100,9.62,1.5094316275949162,0.32066666666666666,0.05031438758649722,0.9890000000000001,0.026188901959772682,0.33333333333333326,0.0,0.0,0.0,4.34,0.5167888418597166,2.56,0.6714976477316141,2.44,0.6714976477316141,0.0,0.0,0.0,0.0,0.3,0.594588390010563,0.27,0.5478147589295218,19.7,0.5945883900105634,5.0,0.0,30.0,0.0,6.0,0.0,1.5,0.0,0.63,0.7608474807008886
10.0,25.0,574.0,574.0,100,9.62,1.5094316275949162,0.32066666666666666,0.05031438758649722,0.9890000000000001,0.026188901959772682,0.33333333333333326,0.0,0.0,0.0,4.34,0.5167888418597166,2.56,0.6714976477316141,2.44,0.6714976477316141,0.0,0.0,0.0,0.0,0.3,0.594588390010563,0.27,0.5478147589295218,19.7,0.5945883900105634,5.0,0.0,30.0,0.0,6.0,0.0,1.5,0.0,0.63,0.7608474807008886
10.0,25.0,575.0,575.0,100,9.61,1.5034976057530154,0.3203333333333333,0.05011658685843386,0.9895,0.025912634880780612,0.33333333333333326,0.0,0.0003333333333333327,0.0033333333333333275,4.35,0.5198095999517709,2.56,0.6714976477316141,2.44,0.6714976477316141,0.0,0.0,0.0,0.0,0.29,0.5910955416799719,0.27,0.5478147589295218,19.71,0.5910955416799724,5.0,0.0,30.0,0.0,6.0,0.0,1.5,0.0,0.63,0.7608474807008886
10.0,25.0,576.0,576.0,100,9.61,1.5034976057530154,0.3203333333333333,0.05011658685843386,0.9895,0.025912634880780612,0.33333333333333326,0.0,0.0,0.0,4.35,0.5198095999517709,2.56,0.6714976477316141,2.44,0.6714976477316141,0.0,0.0,0.0,0.0,0.29,0.5910955416799719,0.27,0.5478147589295218,19.71,0.5910955416799724,5.0,0.0,30.0,0.0,6.0,0.0,1.5,0.0,0.63,0.7608474807008886
10.0,25.0,577.0,577.0,100,9.61,1.5034976057530154,0.3203333333333333,0.05011658685843386,0.9895,0.025912634880780612,0.33333333333333326,0.0,0.0,0.0,4.35,0.5198095999517709,2.56,0.6714976477316141,2.44,0.6714976477316141,0.0,0.0,0.0,0.0,0.29,0.5910955416799719,0.27,0.5478147589295218,19.71,0.5910955416799724,5.0,0.0,30.0,0.0,6.0,0.0,1.5,0.0,0.63,0.7608474807008886
10.0,25.0,578.0,578.0,100,9.61,1.5034976057530154,0.3203333333333333,0.05011658685843386,0.9895,0.025912634880780612,0.33333333333333326,0.0,0.0,0.0,4.35,0.5198095999517709,2.56,0.6714976477316141,2.44,0.6714976477316141,0.0,0.0,0.0,0.0,0.29,0.5910955416799719,0.27,0.5478147589295218,19.71,0.5910955416799724,5.0,0.0,30.0,0.0,6.0,0.0,1.5,0.0,0.63,0.7608474807008886
10.0,25.0,579.0,579.0,100,9.61,1.5034976057530154,0.3203333333333333,0.05011658685843386,0.9895,0.025912634880780612,0.33333333333333326,0.0,0.0,0.0,4.35,0.5198095999517709,2.56,0.6714976477316141,2.44,0.6714976477316141,0.0,0.0,0.0,0.0,0.29,0.5910955416799719,0.27,0.5478147589295218,19.71,0.5910955416799724,5.0,0.0,30.0,0.0,6.0,0.0,1.5,0.0,0.63,0.7608474807008886
10.0,25.0,580.0,580.0,100,9.61,1.5034976057530154,0.3203333333333333,0.05011658685843386,0.9895,0.025912634880780612,0.33333333333333326,0.0,0.0,0.0,4.35,0.5198095999517709,2.56,0.6714976477316141,2.44,0.6714976477316141,0.0,0.0,0.0,0.0,0.29,0.5910955416799719,0.27,0.5478147589295218,19.71,0.5910955416799724,5.0,0.0,30.0,0.0,6.0,0.0,1.5,0.0,0.63,0.7608474807008886
10.0,25.0,581.0,581.0,100,9.61,1.5034976057530154,0.3203333333333333,0.05011658685843386,0.9895,0.025912634880780612,0.33333333333333326,0.0,0.0,0.0,4.35,0.5198095999517709,2.56,0.6714976477316141,2.44,0.6714976477316141,0.0,0.0,0.0,0.0,0.29,0.5910955416799719,0.27,0.5478147589295218,19.71,0.5910955416799724,5.0,0.0,30.0,0.0,6.0,0.0,1.5,0.0,0.63,0.7608474807008886
10.0,25.0,582.0,582.0,100,9.61,1.5034976057530154,0.3203333333333333,0.05011658685843386,0.9895,0.025912634880780612,0.33333333333333326,0.0,0.0,0.0,4.35,0.5198095999517709,2.56,0.6714976477316141,2.44,0.6714976477316141,0.0,0.0,0.0,0.0,0.29,0.5910955416799719,0.27,0.5478147589295218,19.71,0.5910955416799724,5.0,0.0,30.0,0.0,6.0,0.0,1.5,0.0,0.63,0.7608474807008886
10.0,25.0,583.0,583.0,100,9.61,1.5034976057530154,0.3203333333333333,0.05011658685843386,0.9895,0.025912634880780612,0.33333333333333326,0.0,0.0,0.0,4.35,0.5198095999517709,2.56,0.6714976477316141,2.44,0.6714976477316141,0.0,0.0,0.0,0.0,0.29,0.5910955416799719,0.27,0.5478147589295218,19.71,0.5910955416799724,5.0,0.0,30.0,0.0,6.0,0.0,1.5,0.0,0.63,0.7608474807008886
10.0,25.0,584.0,584.0,100,9.6,1.4839205511145812,0.31999999999999995,0.04946401837048603,0.99,0.023570226039551608,0.33333333333333326,0.0,0.0003333333333333327,0.0033333333333333275,4.35,0.5198095999517709,2.55,0.6723244767373875,2.45,0.6723244767373875,0.0,0.0,0.0,0.0,0.28,0.5519478821831502,0.27,0.5478147589295218,19.72,0.5519478821831502,5.0,0.0,30.0,0.0,6.0,0.0,1.5,0.0,0.63,0.7608474807008886
10.0,25.0,585.0,585.0,100,9.6,1.4839205511145812,0.31999999999999995,0.04946401837048603,0.99,0.023570226039551608,0.33333333333333326,0.0,0.0,0.0,4.35,0.5198095999517709,2.55,0.6723244767373875,2.45,0.6723244767373875,0.0,0.0,0.0,0.0,0.28,0.5519478821831502,0.27,0.5478147589295218,19.72,0.5519478821831502,5.0,0.0,30.0,0.0,6.0,0.0,1.5,0.0,0.63,0.7608474807008886
10.0,25.0,586.0,586.0,100,9.6,1.4839205511145812,0.31999999999999995,0.04946401837048603,0.99,0.023570226039551608,0.33333333333333326,0.0,0.0,0.0,4.35,0.5198095999517709,2.55,0.6723244767373875,2.45,0.6723244767373875,0.0,0.0,0.0,0.0,0.28,0.5519478821831502,0.27,0.5478147589295218,19.72,0.5519478821831502,5.0,0.0,30.0,0.0,6.0,0.0,1.5,0.0,0.63,0.7608474807008886
10.0,25.0,587.0,587.0,100,9.6,1.4839205511145812,0.31999999999999995,0.04946401837048603,0.99,0.023570226039551608,0.33333333333333326,0.0,0.0,0.0,4.35,0.5198095999517709,2.55,0.6723244767373875,2.45,0.6723244767373875,0.0,0.0,0.0,0.0,0.28,0.5519478821831502,0.27,0.5478147589295218,19.72,0.5519478821831502,5.0,0.0,30.0,0.0,6.0,0.0,1.5,0.0,0.63,0.7608474807008886
10.0,25.0,588.0,588.0,100,9.6,1.4839205511145812,0.31999999999999995,0.04946401837048603,0.99,0.023570226039551608,0.33333333333333326,0.0,0.0,0.0,4.35,0.5198095999517709,2.55,0.6723244767373875,2.45,0.6723244767373875,0.0,0.0,0.0,0.0,0.28,0.5519478821831502,0.27,0.5478147589295218,19.72,0.5519478821831502,5.0,0.0,30.0,0.0,6.0,0.0,1.5,0.0,0.63,0.7608474807008886
10.0,25.0,589.0,589.0,100,9.6,1.4839205511145812,0.31999999999999995,0.04946401837048603,0.99,0.023570226039551608,0.33333333333333326,0.0,0.0,0.0,4.35,0.5198095999517709,2.55,0.6723244767373875,2.45,0.6723244767373875,0.0,0.0,0.0,0.0,0.28,0.5519478821831502,0.27,0.5478147589295218,19.72,0.5519478821831502,5.0,0.0,30.0,0.0,6.0,0.0,1.5,0.0,0.63,0.7608474807008886
10.0,25.0,590.0,590.0,100,9.59,1.47774739848777,0.31966666666666665,0.049258246616259,0.9904999999999999,0.02324115993558659,0.33333333333333326,0.0,0.0003333333333333327,0.003333333333333328,4.35,0.5198095999517709,2.55,0.6723244767373875,2.45,0.6723244767373875,0.0,0.0,0.0,0.0,0.27,0.5478147589295218,0.27,0.5478147589295218,19.73,0.5478147589295216,5.0,0.0,30.0,0.0,6.0,0.0,1.5,0.0,0.63,0.7608474807008886
10.0,25.0,591.0,591.0,100,9.59,1.47774739848777,0.31966666666666665,0.049258246616259,0.9904999999999999,0.02324115993558659,0.33333333333333326,0.0,0.0,0.0,4.35,0.5198095999517709,2.55,0.6723244767373875,2.45,0.6723244767373875,0.0,0.0,0.0,0.0,0.27,0.5478147589295218,0.27,0.5478147589295218,19.73,0.5478147589295216,5.0,0.0,30.0,0.0,6.0,0.0,1.5,0.0,0.63,0.7608474807008886
10.0,25.0,592.0,592.0,100,9.59,1.47774739848777,0.31966666666666665,0.049258246616259,0.9904999999999999,0.02324115993558659,0.33333333333333326,0.0,0.0,0.0,4.35,0.5198095999517709,2.55,0.6723244767373875,2.45,0.6723244767373875,0.0,0.0,0.0,0.0,0.27,0.5478147589295218,0.27,0.5478147589295218,19.73,0.5478147589295216,5.0,0.0,30.0,0.0,6.0,0.0,1.5,0.0,0.63,0.7608474807008886
10.0,25.0,593.0,593.0,100,9.59,1.47774739848777,0.31966666666666665,0.049258246616259,0.9904999999999999,0.02324115993558659,0.33333333333333326,0.0,0.0,0.0,4.35,0.5198095999517709,2.55,0.6723244767373875,2.45,0.6723244767373875,0.0,0.0,0.0,0.0,0.27,0.5478147589295218,0.27,0.5478147589295218,19.73,0.5478147589295216,5.0,0.0,30.0,0.0,6.0,0.0,1.5,0.0,0.63,0.7608474807008886
10.0,25.0,594.0,594.0,100,9.59,1.47774739848777,0.31966666666666665,0.049258246616259,0.9904999999999999,0.02324115993558659,0.33333333333333326,0.0,0.0,0.0,4.35,0.5198095999517709,2.55,0.6723244767373875,2.45,0.6723244767373875,0.0,0.0,0.0,0.0,0.27,0.5478147589295218,0.27,0.5478147589295218,19.73,0.5478147589295216,5.0,0.0,30.0,0.0,6.0,0.0,1.5,0.0,0.63,0.7608474807008886
10.0,25.0,595.0,595.0,100,9.59,1.47774739848777,0.31966666666666665,0.049258246616259,0.9904999999999999,0.02324115993558659,0.33333333333333326,0.0,0.0,0.0,4.35,0.5198095999517709,2.55,0.6723244767373875,2.45,0.6723244767373875,0.0,0.0,0.0,0.0,0.27,0.5478147589295218,0.27,0.5478147589295218,19.73,0.5478147589295216,5.0,0.0,30.0,0.0,6.0,0.0,1.5,0.0,0.63,0.7608474807008886
10.0,25.0,596.0,596.0,100,9.59,1.47774739848777,0.31966666666666665,0.049258246616259,0.9904999999999999,0.02324115993558659,0.33333333333333326,0.0,0.0,0.0,4.35,0.5198095999517709,2.55,0.6723244767373875,2.45,0.6723244767373875,0.0,0.0,0.0,0.0,0.27,0.5478147589295218,0.27,0.5478147589295218,19.73,0.5478147589295216,5.0,0.0,30.0,0.0,6.0,0.0,1.5,0.0,0.63,0.7608474807008886
10.0,25.0,597.0,597.0,100,9.59,1.47774739848777,0.31966666666666665,0.049258246616259,0.9904999999999999,0.02324115993558659,0.33333333333333326,0.0,0.0,0.0,4.35,0.5198095999517709,2.55,0.6723244767373875,2.45,0.6723244767373875,0.0,0.0,0.0,0.0,0.27,0.5478147589295218,0.27,0.5478147589295218,19.73,0.5478147589295216,5.0,0.0,30.0,0.0,6.0,0.0,1.5,0.0,0.63,0.7608474807008886
10.0,25.0,598.0,598.0,100,9.59,1.47774739848777,0.31966666666666665,0.049258246616259,0.9904999999999999,0.02324115993558659,0.33333333333333326,0.0,0.0,0.0,4.35,0.5198095999517709,2.55,0.6723244767373875,2.45,0.6723244767373875,0.0,0.0,0.0,0.0,0.27,0.5478147589295218,0.27,0.5478147589295218,19.73,0.5478147589295216,5.0,0.0,30.0,0.0,6.0,0.0,1.5,0.0,0.63,0.7608474807008886
10.0,25.0,599.0,599.0,100,9.59,1.47774739848777,0.31966666666666665,0.049258246616259,0.9904999999999999,0.02324115993558659,0.33333333333333326,0.0,0.0,0.0,4.35,0.5198095999517709,2.55,0.6723244767373875,2.45,0.6723244767373875,0.0,0.0,0.0,0.0,0.27,0.5478147589295218,0.27,0.5478147589295218,19.73,0.5478147589295216,5.0,0.0,30.0,0.0,6.0,0.0,1.5,0.0,0.63,0.7608474807008886
10.0,25.0,600.0,600.0,100,9.59,1.47774739848777,0.31966666666666665,0.049258246616259,0.9904999999999999,0.02324115993558659,0.33333333333333326,0.0,0.0,0.0,4.35,0.5198095999517709,2.55,0.6723244767373875,2.45,0.6723244767373875,0.0,0.0,0.0,0.0,0.27,0.5478147589295218,0.27,0.5478147589295218,19.73,0.5478147589295216,5.0,0.0,30.0,0.0,6.0,0.0,1.5,0.0,0.63,0.7608474807008886
25.0,10.0,0.0,0.0,100,30.0,0.0,1.0,0.0,0.0,0.0,0.33333333333333326,0.0,,,0.0,0.0,5.0,0.0,0.0,0.0,0.0,0.0,0.0,0.0,20.0,0.0,0.0,0.0,0.0,0.0,5.0,0.0,30.0,0.0,6.0,0.0,1.5,0.0,0.63,0.7608474807008886
25.0,10.0,1.0,1.0,100,30.0,0.0,1.0,0.0,0.0,0.0,0.33333333333333326,0.0,0.0,0.0,0.0,0.0,5.0,0.0,0.0,0.0,0.0,0.0,0.0,0.0,20.0,0.0,16.2,4.490168834422172,0.0,0.0,5.0,0.0,30.0,0.0,6.0,0.0,1.5,0.0,0.63,0.7608474807008886
25.0,10.0,2.0,2.0,100,30.0,0.0,1.0,0.0,0.0,0.0,0.33333333333333326,0.0,0.0,0.0,0.0,0.0,5.0,0.0,0.0,0.0,0.0,0.0,0.0,0.0,20.0,0.0,15.99,4.600164687434043,0.0,0.0,5.0,0.0,30.0,0.0,6.0,0.0,1.5,0.0,0.63,0.7608474807008886
25.0,10.0,3.0,3.0,100,30.0,0.0,1.0,0.0,0.0,0.0,0.33333333333333326,0.0,0.0,0.0,0.0,0.0,5.0,0.0,0.0,0.0,0.0,0.0,0.0,0.0,20.0,0.0,15.81,4.666006446803964,0.0,0.0,5.0,0.0,30.0,0.0,6.0,0.0,1.5,0.0,0.63,0.7608474807008886
25.0,10.0,4.0,4.0,100,30.0,0.0,1.0,0.0,0.0,0.0,0.33333333333333326,0.0,0.0,0.0,0.0,0.0,5.0,0.0,0.0,0.0,0.0,0.0,0.0,0.0,20.0,0.0,15.53,4.795736743097029,0.0,0.0,5.0,0.0,30.0,0.0,6.0,0.0,1.5,0.0,0.63,0.7608474807008886
25.0,10.0,5.0,5.0,100,30.0,0.0,1.0,0.0,0.0,0.0,0.33333333333333326,0.0,0.0,0.0,0.0,0.0,5.0,0.0,0.0,0.0,0.0,0.0,0.0,0.0,20.0,0.0,15.27,4.878017066908489,0.0,0.0,5.0,0.0,30.0,0.0,6.0,0.0,1.5,0.0,0.63,0.7608474807008886
25.0,10.0,6.0,6.0,100,30.0,0.0,1.0,0.0,0.0,0.0,0.33333333333333326,0.0,0.0,0.0,0.0,0.0,5.0,0.0,0.0,0.0,0.0,0.0,0.0,0.0,20.0,0.0,15.03,4.883397972475288,0.0,0.0,5.0,0.0,30.0,0.0,6.0,0.0,1.5,0.0,0.63,0.7608474807008886
25.0,10.0,7.0,7.0,100,30.0,0.0,1.0,0.0,0.0,0.0,0.33333333333333326,0.0,0.0,0.0,0.0,0.0,5.0,0.0,0.0,0.0,0.0,0.0,0.0,0.0,20.0,0.0,14.67,5.005158954680277,0.0,0.0,5.0,0.0,30.0,0.0,6.0,0.0,1.5,0.0,0.63,0.7608474807008886
25.0,10.0,8.0,8.0,100,30.0,0.0,1.0,0.0,0.0,0.0,0.33333333333333326,0.0,0.0,0.0,0.0,0.0,5.0,0.0,0.0,0.0,0.0,0.0,0.0,0.0,20.0,0.0,14.33,5.0693274512582835,0.0,0.0,5.0,0.0,30.0,0.0,6.0,0.0,1.5,0.0,0.63,0.7608474807008886
25.0,10.0,9.0,9.0,100,30.0,0.0,1.0,0.0,0.0,0.0,0.33333333333333326,0.0,0.0,0.0,0.0,0.0,5.0,0.0,0.0,0.0,0.0,0.0,0.0,0.0,20.0,0.0,14.08,5.126047564777722,0.0,0.0,5.0,0.0,30.0,0.0,6.0,0.0,1.5,0.0,0.63,0.7608474807008886
25.0,10.0,10.0,10.0,100,29.98,0.14070529413629035,0.9993333333333334,0.004690176471209598,0.001,0.007035264706814486,0.33333333333333326,0.0,0.0006666666666666643,0.004690176471209637,0.02,0.1407052941362897,5.0,0.0,0.0,0.0,0.0,0.0,0.0,0.0,19.98,0.14070529413629035,13.78,5.252378008814175,0.02,0.1407052941362897,5.0,0.0,30.0,0.0,6.0,0.0,1.5,0.0,0.63,0.7608474807008886
25.0,10.0,11.0,11.0,100,29.92,0.33874396636320303,0.9973333333333333,0.011291465545440103,0.004,0.01693719831816015,0.33333333333333326,0.0,0.0019999999999999996,0.0079561085525314,0.06,0.238683256575942,5.0,0.0,0.0,0.0,0.0,0.0,0.0,0.0,19.92,0.33874396636320303,13.56,5.294021785624486,0.08,0.3387439663632029,5.0,0.0,30.0,0.0,6.0,0.0,1.5,0.0,0.63,0.7608474807008886
25.0,10.0,12.0,12.0,100,29.8,0.7521014330903548,0.9933333333333333,0.025070047769678496,0.01,0.03760507165451775,0.33333333333333326,0.0,0.004000000000000001,0.01519052217948079,0.08,0.2726599243442907,5.0,0.0,0.0,0.0,0.0,0.0,0.0,0.0,19.8,0.7521014330903548,13.31,5.37990086649683,0.2,0.752101433090355,5.0,0.0,30.0,0.0,6.0,0.0,1.5,0.0,0.63,0.7608474807008886
25.0,10.0,13.0,13.0,100,29.68,1.023758178517177,0.9893333333333334,0.03412527261723922,0.016,0.05118790892585886,0.33333333333333326,0.0,0.003999999999999997,0.015190522179480762,0.11,0.31446603773522014,5.0,0.0,0.0,0.0,0.0,0.0,0.0,0.0,19.68,1.023758178517177,12.98,5.391688328372017,0.32,1.023758178517177,5.0,0.0,30.0,0.0,6.0,0.0,1.5,0.0,0.63,0.7608474807008886
25.0,10.0,14.0,14.0,100,29.59,1.1379140937911285,0.9863333333333334,0.03793046979303761,0.020499999999999997,0.05689570468955641,0.33333333333333326,0.0,0.0029999999999999927,0.009587449708822022,0.17,0.3775251680686369,5.0,0.0,0.0,0.0,0.0,0.0,0.0,0.0,19.59,1.1379140937911285,12.69,5.467433427379641,0.41,1.1379140937911285,5.0,0.0,30.0,0.0,6.0,0.0,1.5,0.0,0.63,0.7608474807008886
25.0,10.0,15.0,15.0,100,29.44,1.4236104336041753,0.9813333333333334,0.04745368112013917,0.027999999999999997,0.07118052168020875,0.33333333333333326,0.0,0.005000000000000004,0.014506471329641496,0.21,0.4333333333333333,4.97,0.17144660799776537,0.02,0.1407052941362897,0.01,0.1,0.01,0.1,19.43,1.465116260426338,12.39,5.6136467917949995,0.57,1.4651162604263381,5.0,0.0,30.0,0.0,6.0,0.0,1.5,0.0,0.63,0.7608474807008886
25.0,10.0,16.0,16.0,100,29.27,1.6320960062868153,0.9756666666666667,0.05440320020956049,0.0365,0.0816048003143408,0.33333333333333326,0.0,0.00566666666666667,0.016449767088366454,0.25,0.4578165130223676,4.96,0.19694638556693242,0.02,0.1407052941362897,0.02,0.1407052941362897,0.02,0.1407052941362897,19.25,1.7019003045021894,12.22,5.562464390988055,0.75,1.70190030450219,5.0,0.0,30.0,0.0,6.0,0.0,1.5,0.0,0.63,0.7608474807008886
25.0,10.0,17.0,17.0,100,29.12,1.7365936703090838,0.9706666666666667,0.05788645567696946,0.044000000000000004,0.0868296835154542,0.33333333333333326,0.0,0.005000000000000002,0.013710981778281044,0.3,0.5025189076296059,4.96,0.19694638556693242,0.02,0.14070529413628968,0.02,0.1407052941362897,0.04,0.31526804372460493,19.08,1.878533707147383,11.96,5.524820029977118,0.92,1.8785337071473829,5.0,0.0,30.0,0.0,6.0,0.0,1.5,0.0,0.63,0.7608474807008886
25.0,10.0,18.0,18.0,100,28.85,1.9611118264799678,0.9616666666666667,0.06537039421599891,0.0575,0.09805559132399841,0.33333333333333326,0.0,0.008999999999999996,0.02264992449624823,0.38,0.5646130345536479,4.95,0.21904291355759029,0.04,0.19694638556693236,0.01,0.1,0.02,0.2,18.85,2.001893043490525,11.75,5.532959096508519,1.15,2.001893043490525,5.0,0.0,30.0,0.0,6.0,0.0,1.5,0.0,0.63,0.7608474807008886
25.0,10.0,19.0,19.0,100,28.52,2.380391275875172,0.9506666666666667,0.07934637586250572,0.07400000000000001,0.11901956379375857,0.33333333333333326,0.0,0.010999999999999996,0.024183640851792445,0.45,0.6415731927193978,4.9,0.3015113445777637,0.07,0.2564323999762428,0.03,0.1714466079977653,0.03,0.1714466079977653,18.51,2.426682484130934,11.44,5.657425620055878,1.49,2.4266824841309336,5.0,0.0,30.0,0.0,6.0,0.0,1.5,0.0,0.63,0.7608474807008886
25.0,10.0,20.0,20.0,100,28.17,2.681982532200816,0.9390000000000001,0.0893994177400272,0.0915,0.1340991266100408,0.33333333333333326,0.0,0.011666666666666665,0.024331695899890714,0.5,0.6590473688161074,4.84,0.3684529491774705,0.12,0.32659863237109044,0.04,0.19694638556693242,0.05,0.2611164839335468,18.14,2.781686139336675,11.29,5.637706747759888,1.86,2.781686139336675,5.0,0.0,30.0,0.0,6.0,0.0,1.5,0.0,0.63,0.7608474807008886
25.0,10.0,21.0,21.0,100,27.93,2.8998606723758162,0.931,0.09666202241252718,0.1035,0.1449930336187908,0.33333333333333326,0.0,0.007999999999999995,0.020167647526025595,0.53,0.6735253251633257,4.81,0.41911402464790604,0.14,0.3765875486765086,0.05,0.21904291355759034,0.07,0.32582451743479374,17.88,3.0193985620927344,11.07,5.728283540750433,2.12,3.019398562092734,5.0,0.0,30.0,0.0,6.0,0.0,1.5,0.0,0.63,0.7608474807008886
25.0,10.0,22.0,22.0,100,27.74,3.020535774268592,0.9246666666666666,0.10068452580895308,0.113,0.1510267887134296,0.33333333333333326,0.0,0.006333333333333337,0.014751971087077974,0.58,0.7272474743090477,4.8,0.4264014327112208,0.16,0.3949172013974524,0.04,0.19694638556693236,0.05,0.26111648393354675,17.71,3.0889016059617584,10.84,5.707906973681511,2.29,3.0889016059617593,5.0,0.0,30.0,0.0,6.0,0.0,1.5,0.0,0.63,0.7608474807008886
25.0,10.0,23.0,23.0,100,27.5,3.1446603773522015,0.9166666666666667,0.10482201257840669,0.125,0.15723301886761004,0.33333333333333326,0.0,0.007999999999999997,0.021251526650118997,0.63,0.7474535896541461,4.75,0.4793724854411024,0.2,0.426401432711221,0.05,0.2190429135575903,0.11,0.5103969538555755,17.42,3.3640403797766263,10.7,5.666666666666667,2.58,3.3640403797766267,5.0,0.0,30.0,0.0,6.0,0.0,1.5,0.0,0.63,0.7608474807008886
25.0,10.0,24.0,24.0,100,27.22,3.3411423679981556,0.9073333333333333,0.1113714122666052,0.139,0.16705711839990778,0.33333333333333326,0.0,0.009333333333333338,0.021230391362294397,0.68,0.7769403861535089,4.75,0.4793724854411024,0.2,0.4020151261036848,0.05,0.21904291355759029,0.08,0.3673547263197997,17.18,3.4622932786629645,10.66,5.552722509969976,2.82,3.4622932786629654,5.0,0.0,30.0,0.0,6.0,0.0,1.5,0.0,0.63,0.7608474807008886
25.0,10.0,25.0,25.0,100,27.0,3.587295202333769,0.9,0.11957650674445894,0.15,0.17936476011668842,0.33333333333333326,0.0,0.007333333333333343,0.019864863317244224,0.7,0.8102873913406629,4.71,0.5182526976156114,0.24,0.4739688435398098,0.05,0.21904291355759034,0.05,0.21904291355759034,17.01,3.6027346515802368,10.49,5.468911216959907,2.99,3.6027346515802363,5.0,0.0,30.0,0.0,6.0,0.0,1.5,0.0,0.63,0.7608474807008886
25.0,10.0,26.0,26.0,100,26.78,3.7106997897017933,0.8926666666666666,0.12368999299005969,0.161,0.18553498948508965,0.33333333333333326,0.0,0.007333333333333326,0.021493088702019107,0.73,0.8270062840990955,4.67,0.5328596381218924,0.31,0.5259911279353165,0.02,0.14070529413628968,0.02,0.14070529413628968,16.82,3.671842077544219,10.39,5.374641167256441,3.18,3.6718420775442175,5.0,0.0,30.0,0.0,6.0,0.0,1.5,0.0,0.63,0.7608474807008886
25.0,10.0,27.0,27.0,100,26.58,3.840717525555754,0.8859999999999999,0.12802391751852513,0.171,0.19203587627778768,0.33333333333333326,0.0,0.006666666666666666,0.02171129824263099,0.75,0.8211226608993472,4.66,0.5359782899266792,0.3,0.5222329678670935,0.04,0.1969463855669324,0.09,0.5522223238420327,16.56,3.9423112740901347,10.13,5.307998538512277,3.44,3.9423112740901356,5.0,0.0,30.0,0.0,6.0,0.0,1.5,0.0,0.63,0.7608474807008886
25.0,10.0,28.0,28.0,100,26.38,3.9664756765835945,0.8793333333333334,0.13221585588611987,0.18100000000000002,0.19832378382917978,0.33333333333333326,0.0,0.0066666666666666645,0.018951174787165372,0.8,0.8287754140107481,4.63,0.5623723199648311,0.33,0.5514901759246614,0.04,0.19694638556693236,0.07,0.43239992711573966,16.38,4.01708472613781,9.95,5.195909424487185,3.62,4.017084726137811,5.0,0.0,30.0,0.0,6.0,0.0,1.5,0.0,0.63,0.7608474807008886
25.0,10.0,29.0,29.0,100,26.11,4.180027064819828,0.8703333333333333,0.13933423549399426,0.1945,0.20900135324099137,0.33333333333333326,0.0,0.009000000000000003,0.02500504999500153,0.84,0.8612886750783282,4.57,0.590411600991934,0.38,0.5822283907453321,0.05,0.2190429135575903,0.07,0.3554766326548573,16.13,4.181863196947001,9.8,5.289593366204816,3.87,4.181863196947001,5.0,0.0,30.0,0.0,6.0,0.0,1.5,0.0,0.63,0.7608474807008886
25.0,10.0,30.0,30.0,100,25.91,4.2831476200749306,0.8636666666666667,0.14277158733583098,0.2045,0.21415738100374646,0.33333333333333326,0.0,0.0066666666666666645,0.02118805753879094,0.88,0.9020739291972546,4.57,0.590411600991934,0.41,0.5876678784428627,0.02,0.1407052941362897,0.03,0.22270150335361366,15.97,4.234192229739203,9.55,5.19396502946186,4.03,4.234192229739203,5.0,0.0,30.0,0.0,6.0,0.0,1.5,0.0,0.63,0.7608474807008886
25.0,10.0,31.0,31.0,100,25.78,4.356766477723375,0.8593333333333334,0.1452255492574458,0.21100000000000002,0.21783832388616875,0.33333333333333326,0.0,0.004333333333333331,0.011266588966321031,0.93,0.9017939472142863,4.54,0.642281287696639,0.44,0.640706680552849,0.02,0.1407052941362897,0.02,0.1407052941362897,15.85,4.295581474261685,9.35,5.178383586183681,4.15,4.295581474261685,5.0,0.0,30.0,0.0,6.0,0.0,1.5,0.0,0.63,0.7608474807008886
25.0,10.0,32.0,32.0,100,25.5,4.326334674660724,0.85,0.14421115582202418,0.225,0.21631673373303614,0.33333333333333326,0.0,0.009333333333333338,0.023726840560069584,0.99,0.8932406102942183,4.51,0.6434597143880916,0.45,0.6256309946079568,0.04,0.19694638556693236,0.06,0.31204765240863036,15.54,4.283914003795967,9.2,5.132585541755183,4.46,4.283914003795966,5.0,0.0,30.0,0.0,6.0,0.0,1.5,0.0,0.63,0.7608474807008886
25.0,10.0,33.0,33.0,100,25.31,4.34310087984671,0.8436666666666668,0.1447700293282236,0.2345,0.21715504399233543,0.33333333333333326,0.0,0.006333333333333335,0.020485137367715813,1.03,0.8814015468948797,4.5,0.6435381994422821,0.45,0.6256309946079568,0.05,0.21904291355759034,0.05,0.21904291355759034,15.36,4.300622459057935,9.02,5.167849327008933,4.64,4.300622459057935,5.0,0.0,30.0,0.0,6.0,0.0,1.5,0.0,0.63,0.7608474807008886
25.0,10.0,34.0,34.0,100,25.02,4.401514890731749,0.8340000000000001,0.1467171630243917,0.249,0.2200757445365876,0.33333333333333326,0.0,0.009666666666666672,0.022866911092135355,1.08,0.8953301969754853,4.49,0.6589707309451798,0.48,0.6587407638361193,0.03,0.17144660799776532,0.07,0.455161199106116,15.06,4.38044322281237,8.93,5.121266809820957,4.94,4.380443222812371,5.0,0.0,30.0,0.0,6.0,0.0,1.5,0.0,0.63,0.7608474807008886
25.0,10.0,35.0,35.0,100,24.83,4.463216668536609,0.8276666666666667,0.1487738889512203,0.25849999999999995,0.2231608334268305,0.33333333333333326,0.0,0.006333333333333326,0.014751971087077953,1.12,0.9020739291972547,4.44,0.6863753427324669,0.48,0.6587407638361193,0.08,0.3074824459143229,0.14,0.5688904671695277,14.81,4.5164010880211665,8.78,4.992074526768212,5.19,4.516401088021167,5.0,0.0,30.0,0.0,6.0,0.0,1.5,0.0,0.63,0.7608474807008886
25.0,10.0,36.0,36.0,100,24.55,4.531316396239429,0.8183333333333332,0.15104387987464765,0.2725,0.2265658198119714,0.33333333333333326,0.0,0.009333333333333329,0.024654742772733895,1.14,0.899157855153837,4.39,0.6947857747012909,0.53,0.6583573068132101,0.08,0.27265992434429065,0.16,0.6469821161252132,14.54,4.5380990992202275,8.68,5.016900729463654,5.46,4.5380990992202275,5.0,0.0,30.0,0.0,6.0,0.0,1.5,0.0,0.63,0.7608474807008886
25.0,10.0,37.0,37.0,100,24.35,4.575682319268754,0.8116666666666668,0.1525227439756252,0.2825,0.22878411596343773,0.33333333333333326,0.0,0.006666666666666669,0.02272166036202424,1.16,0.9180567971690438,4.37,0.6912877750103699,0.55,0.6723244767373874,0.08,0.27265992434429076,0.13,0.5252224156094121,14.37,4.565250831171837,8.49,4.918517884669951,5.63,4.565250831171837,5.0,0.0,30.0,0.0,6.0,0.0,1.5,0.0,0.63,0.7608474807008886
25.0,10.0,38.0,38.0,100,24.19,4.545382827717049,0.8063333333333333,0.1515127609239017,0.2905,0.22726914138585252,0.33333333333333326,0.0,0.005333333333333332,0.016897392861677973,1.23,0.9084897001912213,4.35,0.6871842709362765,0.57,0.6854181058288289,0.08,0.27265992434429076,0.13,0.5056249258655725,14.22,4.516143881183986,8.5,4.862763067070475,5.78,4.516143881183986,5.0,0.0,30.0,0.0,6.0,0.0,1.5,0.0,0.63,0.7608474807008886
25.0,10.0,39.0,39.0,100,23.96,4.503466678150525,0.7986666666666667,0.15011555593835083,0.302,0.22517333390752622,0.33333333333333326,0.0,0.007666666666666671,0.018260491964317394,1.25,0.9142530206997326,4.31,0.6771150924952484,0.64,0.6893123494842631,0.05,0.21904291355759034,0.08,0.3673547263197997,14.05,4.420738546094905,8.4,4.7884541273038135,5.95,4.4207385460949045,5.0,0.0,30.0,0.0,6.0,0.0,1.5,0.0,0.63,0.7608474807008886
25.0,10.0,40.0,40.0,100,23.77,4.539067229413034,0.7923333333333333,0.15130224098043446,0.3115,0.22695336147065168,0.33333333333333326,0.0,0.006333333333333333,0.017533037597843883,1.26,0.9169558772416918,4.29,0.6860073327640605,0.67,0.6971080231639828,0.04,0.19694638556693236,0.04,0.19694638556693236,13.91,4.4337889945829465,8.27,4.71159112286825,6.09,4.4337889945829465,5.0,0.0,30.0,0.0,6.0,0.0,1.5,0.0,0.63,0.7608474807008886
25.0,10.0,41.0,41.0,100,23.59,4.508342435435835,0.7863333333333334,0.1502780811811945,0.32049999999999995,0.22541712177179174,0.33333333333333326,0.0,0.006,0.015264227232213004,1.33,0.9217352980091191,4.26,0.6907761700954347,0.72,0.6974701760395539,0.02,0.14070529413628968,0.04,0.315268043724605,13.73,4.428682910666818,8.09,4.586090080037922,6.27,4.428682910666818,5.0,0.0,30.0,0.0,6.0,0.0,1.5,0.0,0.63,0.7608474807008886
25.0,10.0,42.0,42.0,100,23.36,4.5449939160542,0.7786666666666667,0.1514997972018067,0.332,0.22724969580270996,0.33333333333333326,0.0,0.007666666666666666,0.020019631218355826,1.39,0.9416834270431208,4.23,0.6794977348874475,0.75,0.6871842709362768,0.02,0.1407052941362897,0.03,0.22270150335361363,13.52,4.44149397014886,8.03,4.6000768548696085,6.48,4.441493970148861,5.0,0.0,30.0,0.0,6.0,0.0,1.5,0.0,0.63,0.7608474807008886
25.0,10.0,43.0,43.0,100,23.12,4.612849860810976,0.7706666666666666,0.15376166202703254,0.344,0.23064249304054885,0.33333333333333326,0.0,0.008000000000000002,0.02016764752602561,1.44,0.9568466729604883,4.22,0.675397376484108,0.76,0.6834257143762641,0.02,0.1407052941362897,0.03,0.22270150335361363,13.3,4.500280574867,7.96,4.501223178316101,6.7,4.500280574867,5.0,0.0,30.0,0.0,6.0,0.0,1.5,0.0,0.63,0.7608474807008886
25.0,10.0,44.0,44.0,100,22.87,4.709017783450013,0.7623333333333333,0.1569672594483338,0.3565,0.23545088917250076,0.33333333333333326,0.0,0.008333333333333338,0.020309059861498096,1.48,0.9793834382875379,4.19,0.6918720031095845,0.78,0.69019101440372,0.03,0.1714466079977653,0.04,0.24287836253956216,13.05,4.55577112079289,7.87,4.498383548059741,6.95,4.55577112079289,5.0,0.0,30.0,0.0,6.0,0.0,1.5,0.0,0.63,0.7608474807008886
25.0,10.0,45.0,45.0,100,22.68,4.767058682756956,0.7559999999999999,0.15890195609189856,0.366,0.23835293413784778,0.33333333333333326,0.0,0.0063333333333333375,0.018769677291688294,1.5,0.9692233691951199,4.18,0.6872577626503993,0.81,0.6918720031095844,0.01,0.09999999999999999,0.01,0.09999999999999999,12.89,4.574622576472481,7.82,4.5112205788579125,7.11,4.574622576472481,5.0,0.0,30.0,0.0,6.0,0.0,1.5,0.0,0.63,0.7608474807008886
25.0,10.0,46.0,46.0,100,22.46,4.825060841192796,0.7486666666666666,0.16083536137309315,0.377,0.2412530420596398,0.33333333333333326,0.0,0.0073333333333333315,0.01809068067466581,1.54,0.978764424149038,4.14,0.7109532653097146,0.86,0.7109532653097147,0.0,0.0,0.0,0.0,12.69,4.626875813978565,7.78,4.522848838526622,7.31,4.626875813978564,5.0,0.0,30.0,0.0,6.0,0.0,1.5,0.0,0.63,0.7608474807008886
25.0,10.0,47.0,47.0,100,22.2,4.784233364802441,0.74,0.15947444549341475,0.39,0.23921166824012205,0.33333333333333326,0.0,0.008666666666666666,0.02151396591791936,1.59,0.9649933270298409,4.08,0.7202693099028161,0.89,0.7232781713361139,0.03,0.1714466079977653,0.04,0.24287836253956216,12.41,4.621196224513145,7.74,4.459967839717359,7.59,4.621196224513145,5.0,0.0,30.0,0.0,6.0,0.0,1.5,0.0,0.63,0.7608474807008886
25.0,10.0,48.0,48.0,100,22.05,4.789245106159079,0.735,0.159641503538636,0.3975,0.23946225530795393,0.33333333333333326,0.0,0.0049999999999999975,0.013710981778281034,1.64,0.9483638222717795,4.05,0.7436600722307893,0.9,0.74535599249993,0.05,0.21904291355759034,0.06,0.2777979790634143,12.25,4.63925934527563,7.65,4.4001262608146945,7.75,4.63925934527563,5.0,0.0,30.0,0.0,6.0,0.0,1.5,0.0,0.63,0.7608474807008886
25.0,10.0,49.0,49.0,100,21.82,4.749013720040331,0.7273333333333334,0.15830045733467774,0.409,0.23745068600201663,0.33333333333333326,0.0,0.007666666666666671,0.02057261099696205,1.68,0.9307323064461801,4.04,0.7374539876076227,0.89,0.7232781713361142,0.07,0.3258245174347937,0.08,0.3938927711338647,12.01,4.652565274809548,7.54,4.267376834837187,7.99,4.652565274809548,5.0,0.0,30.0,0.0,6.0,0.0,1.5,0.0,0.63,0.7608474807008886
25.0,10.0,50.0,50.0,100,21.69,4.683292893171676,0.723,0.15610976310572255,0.4155,0.23416464465858375,0.33333333333333326,0.0,0.004333333333333335,0.013938295960270549,1.74,0.9494283234737321,4.05,0.7299508769967216,0.93,0.7142842712828139,0.02,0.1407052941362897,0.02,0.1407052941362897,11.92,4.5431266766402185,7.38,4.16037100132751,8.08,4.5431266766402185,5.0,0.0,30.0,0.0,6.0,0.0,1.5,0.0,0.63,0.7608474807008886
25.0,10.0,51.0,51.0,100,21.52,4.667705512077079,0.7173333333333334,0.15559018373590267,0.424,0.23338527560385397,0.33333333333333326,0.0,0.0056666666666666645,0.015023363772297871,1.76,0.9440938148897763,4.02,0.7382753585556713,0.96,0.7095310729167141,0.02,0.2,0.03,0.3,11.76,4.497182058205613,7.42,4.095279371582985,8.24,4.497182058205612,5.0,0.0,30.0,0.0,6.0,0.0,1.5,0.0,0.63,0.7608474807008886
25.0,10.0,52.0,52.0,100,21.24,4.645232159772194,0.708,0.1548410719924064,0.43799999999999994,0.23226160798860962,0.33333333333333326,0.0,0.009333333333333336,0.020145375131018852,1.81,0.9607972278953105,3.97,0.731057073315377,1.03,0.731057073315377,0.0,0.0,0.0,0.0,11.51,4.430142392312194,7.38,4.0246211942959,8.49,4.430142392312194,5.0,0.0,30.0,0.0,6.0,0.0,1.5,0.0,0.63,0.7608474807008886
25.0,10.0,53.0,53.0,100,21.05,4.5933087038087095,0.7016666666666667,0.15311029012695698,0.4475,0.22966543519043545,0.33333333333333326,0.0,0.006333333333333333,0.01549410662372439,1.85,0.9468181696950297,3.97,0.731057073315377,0.99,0.717670192393766,0.04,0.2428783625395622,0.05,0.29729419500528154,11.3,4.40729422937049,7.36,4.026478020867027,8.7,4.40729422937049,5.0,0.0,30.0,0.0,6.0,0.0,1.5,0.0,0.63,0.7608474807008886
25.0,10.0,54.0,54.0,100,20.85,4.573474244670749,0.695,0.15244914148902494,0.4575,0.2286737122335374,0.33333333333333326,0.0,0.006666666666666669,0.018349396085439347,1.9,0.9692233691951196,3.97,0.7028800779936817,1.01,0.717670192393766,0.02,0.1407052941362897,0.03,0.22270150335361366,11.12,4.383808592739626,7.2,3.8898988587511028,8.88,4.383808592739626,5.0,0.0,30.0,0.0,6.0,0.0,1.5,0.0,0.63,0.7608474807008886
25.0,10.0,55.0,55.0,100,20.65,4.6370815447353575,0.6883333333333332,0.15456938482451202,0.4675,0.2318540772367679,0.33333333333333326,0.0,0.006666666666666665,0.017082358106351277,1.93,0.956160250294073,3.94,0.708106024133492,1.04,0.7236272269866326,0.02,0.1407052941362897,0.02,0.1407052941362897,10.93,4.44552890809713,7.11,3.9667685242842863,9.07,4.44552890809713,5.0,0.0,30.0,0.0,6.0,0.0,1.5,0.0,0.63,0.7608474807008886
25.0,10.0,56.0,56.0,100,20.52,4.659041389241641,0.684,0.155301379641388,0.474,0.232952069462082,0.33333333333333326,0.0,0.004333333333333332,0.01310837156792324,1.95,0.9574271077563381,3.93,0.7142842712828138,1.05,0.7299508769967213,0.02,0.14070529413628968,0.05,0.4113294533484311,10.77,4.518994703616407,7.07,3.817172786344375,9.23,4.518994703616407,5.0,0.0,30.0,0.0,6.0,0.0,1.5,0.0,0.63,0.7608474807008886
25.0,10.0,57.0,57.0,100,20.46,4.643709767420915,0.682,0.1547903255806972,0.47700000000000004,0.23218548837104577,0.33333333333333326,0.0,0.002000000000000003,0.007956108552531413,1.99,0.9691712590109807,3.92,0.7061061241667985,1.07,0.7142842712828137,0.01,0.09999999999999999,0.04,0.39999999999999997,10.72,4.492597727755552,7.01,3.7992423487114415,9.28,4.492597727755552,5.0,0.0,30.0,0.0,6.0,0.0,1.5,0.0,0.63,0.7608474807008886
25.0,10.0,58.0,58.0,100,20.28,4.694892991540938,0.6759999999999999,0.15649643305136451,0.486,0.23474464957704683,0.33333333333333326,0.0,0.006000000000000002,0.01526422723221301,2.0,0.9639984073082949,3.9,0.7316785737969475,1.07,0.7420283421851624,0.03,0.17144660799776532,0.06,0.3711842908553348,10.54,4.511310141402294,6.82,3.8095573591596277,9.46,4.511310141402294,5.0,0.0,30.0,0.0,6.0,0.0,1.5,0.0,0.63,0.7608474807008886
25.0,10.0,59.0,59.0,100,20.09,4.671199097672995,0.6696666666666666,0.15570663658909992,0.4955,0.23355995488364978,0.33333333333333326,0.0,0.006333333333333329,0.01620228469015082,2.05,0.9360890055238477,3.89,0.7506899183653349,1.06,0.7496800664418135,0.05,0.21904291355759034,0.09,0.4734357550306209,10.34,4.449991487904695,6.78,3.762064767269606,9.66,4.449991487904695,5.0,0.0,30.0,0.0,6.0,0.0,1.5,0.0,0.63,0.7608474807008886
25.0,10.0,60.0,60.0,100,19.94,4.592088057438872,0.6646666666666667,0.15306960191462918,0.503,0.2296044028719437,0.33333333333333326,0.0,0.0050000000000000044,0.0145064713296415,2.1,0.9156330260447352,3.88,0.755852585702484,1.08,0.747791360736348,0.04,0.19694638556693236,0.08,0.4187523556393866,10.2,4.394670785523224,6.66,3.69334646097656,9.8,4.394670785523224,5.0,0.0,30.0,0.0,6.0,0.0,1.5,0.0,0.63,0.7608474807008886
25.0,10.0,61.0,61.0,100,19.81,4.538711159558294,0.6603333333333333,0.15129037198527642,0.5095000000000001,0.2269355579779147,0.33333333333333326,0.0,0.004333333333333333,0.013108371567923245,2.1,0.9156330260447352,3.86,0.7523699927965003,1.11,0.7371114795831993,0.03,0.17144660799776532,0.04,0.2428783625395621,10.12,4.307100081390159,6.72,3.5959573260689695,9.88,4.307100081390159,5.0,0.0,30.0,0.0,6.0,0.0,1.5,0.0,0.63,0.7608474807008886
25.0,10.0,62.0,62.0,100,19.66,4.445449381335951,0.6553333333333333,0.14818164604453174,0.517,0.22227246906679765,0.33333333333333326,0.0,0.0049999999999999975,0.015260550434078916,2.12,0.9132028219072662,3.85,0.7436600722307894,1.13,0.7608474807008886,0.02,0.1407052941362897,0.02,0.1407052941362897,9.99,4.198352250128808,6.69,3.647871940867674,10.01,4.198352250128808,5.0,0.0,30.0,0.0,6.0,0.0,1.5,0.0,0.63,0.7608474807008886
25.0,10.0,63.0,63.0,100,19.59,4.4063659183118915,0.653,0.1468788639437298,0.5205,0.2203182959155946,0.33333333333333326,0.0,0.002333333333333334,0.009772955652070103,2.16,0.9180567971690438,3.84,0.7347094526395993,1.15,0.7436600722307893,0.01,0.09999999999999999,0.02,0.19999999999999998,9.93,4.183312205669213,6.56,3.5740930897419854,10.07,4.183312205669213,5.0,0.0,30.0,0.0,6.0,0.0,1.5,0.0,0.63,0.7608474807008886
25.0,10.0,64.0,64.0,100,19.48,4.36579912733076,0.6493333333333333,0.145526637577692,0.526,0.21828995636653797,0.33333333333333326,0.0,0.0036666666666666675,0.011503183573395342,2.2,0.9211323729436767,3.84,0.7347094526395993,1.13,0.7474535896541461,0.03,0.1714466079977653,0.03,0.1714466079977653,9.82,4.127708783087756,6.51,3.497459395364328,10.18,4.127708783087756,5.0,0.0,30.0,0.0,6.0,0.0,1.5,0.0,0.63,0.7608474807008886
25.0,10.0,65.0,65.0,100,19.34,4.288156110530822,0.6446666666666667,0.14293853701769407,0.5329999999999999,0.21440780552654112,0.33333333333333326,0.0,0.004666666666666667,0.013417244377632597,2.26,0.9058730929915407,3.83,0.7255092255537735,1.17,0.7255092255537735,0.0,0.0,0.0,0.0,9.71,4.02842175276892,6.49,3.439212383407256,10.29,4.02842175276892,5.0,0.0,30.0,0.0,6.0,0.0,1.5,0.0,0.63,0.7608474807008886
25.0,10.0,66.0,66.0,100,19.24,4.226228827336507,0.6413333333333333,0.14087429424455022,0.5379999999999999,0.21131144136682534,0.33333333333333326,0.0,0.0033333333333333344,0.012079051255657981,2.3,0.8932971498777985,3.8,0.7247430753394787,1.19,0.706320670013903,0.01,0.1,0.01,0.1,9.61,3.964221298697954,6.34,3.3880956183661532,10.39,3.964221298697954,5.0,0.0,30.0,0.0,6.0,0.0,1.5,0.0,0.63,0.7608474807008886
25.0,10.0,67.0,67.0,100,19.08,4.246638599402991,0.636,0.14155461998009972,0.546,0.21233192997014955,0.33333333333333326,0.0,0.005333333333333334,0.017549033438774956,2.32,0.9198155282776033,3.78,0.746439359339871,1.19,0.7479939501726932,0.03,0.1714466079977653,0.04,0.24287836253956216,9.43,3.9549355432819833,6.33,3.4113743194605233,10.57,3.9549355432819833,5.0,0.0,30.0,0.0,6.0,0.0,1.5,0.0,0.63,0.7608474807008886
25.0,10.0,68.0,68.0,100,19.01,4.2031613883558725,0.6336666666666667,0.1401053796118624,0.5495,0.21015806941779358,0.33333333333333326,0.0,0.002333333333333334,0.008547746665874762,2.34,0.9014018263378727,3.78,0.746439359339871,1.19,0.7613783354528612,0.03,0.1714466079977653,0.03,0.1714466079977653,9.37,3.9097262814626275,6.26,3.3382388146803383,10.63,3.9097262814626275,5.0,0.0,30.0,0.0,6.0,0.0,1.5,0.0,0.63,0.7608474807008886
25.0,10.0,69.0,69.0,100,18.88,4.139682318363294,0.6293333333333333,0.13798941061210981,0.556,0.20698411591816462,0.33333333333333326,0.0,0.004333333333333332,0.013108371567923242,2.38,0.8851182652246781,3.77,0.7501514998500454,1.23,0.7501514998500456,0.0,0.0,0.0,0.0,9.27,3.8686906928271845,6.18,3.3616374076640176,10.73,3.8686906928271845,5.0,0.0,30.0,0.0,6.0,0.0,1.5,0.0,0.63,0.7608474807008886
25.0,10.0,70.0,70.0,100,18.76,4.131964582753743,0.6253333333333333,0.1377321527584581,0.562,0.20659822913768713,0.33333333333333326,0.0,0.004,0.01187287697366878,2.39,0.8977525248973662,3.77,0.7501514998500454,1.22,0.746439359339871,0.01,0.09999999999999999,0.01,0.09999999999999999,9.14,3.86128151647804,6.17,3.4700886374147775,10.86,3.86128151647804,5.0,0.0,30.0,0.0,6.0,0.0,1.5,0.0,0.63,0.7608474807008886
25.0,10.0,71.0,71.0,100,18.65,4.088354982709605,0.6216666666666666,0.13627849942365355,0.5675,0.20441774913548033,0.33333333333333326,0.0,0.003666666666666669,0.010482201257840678,2.42,0.8896713727636466,3.75,0.7571210756756961,1.25,0.7571210756756961,0.0,0.0,0.0,0.0,9.04,3.82157617279107,6.13,3.4572570431812353,10.96,3.82157617279107,5.0,0.0,30.0,0.0,6.0,0.0,1.5,0.0,0.63,0.7608474807008886
25.0,10.0,72.0,72.0,100,18.58,4.075499597558189,0.6193333333333333,0.135849986585273,0.5710000000000001,0.20377497987790946,0.33333333333333326,0.0,0.002333333333333335,0.010860817247826459,2.43,0.8905224887841421,3.73,0.7634980634744878,1.26,0.7603826787755085,0.01,0.09999999999999998,0.01,0.09999999999999998,8.96,3.8189321052150724,6.06,3.4342893638048944,11.04,3.8189321052150724,5.0,0.0,30.0,0.0,6.0,0.0,1.5,0.0,0.63,0.7608474807008886
25.0,10.0,73.0,73.0,100,18.54,4.066169865332409,0.618,0.13553899551108023,0.573,0.20330849326662037,0.33333333333333326,0.0,0.001333333333333333,0.006564879518897744,2.46,0.881000349694378,3.73,0.7634980634744878,1.26,0.7603826787755085,0.01,0.09999999999999998,0.01,0.09999999999999998,8.92,3.81300274049074,5.99,3.4333333333333336,11.08,3.81300274049074,5.0,0.0,30.0,0.0,6.0,0.0,1.5,0.0,0.63,0.7608474807008886
25.0,10.0,74.0,74.0,100,18.48,4.001211937613024,0.616,0.13337373125376745,0.5760000000000001,0.20006059688065117,0.33333333333333326,0.0,0.0020000000000000005,0.007956108552531404,2.49,0.8468002757856823,3.73,0.7634980634744878,1.27,0.7634980634744877,0.0,0.0,0.0,0.0,8.87,3.7461225745341467,5.88,3.282275633357645,11.13,3.7461225745341467,5.0,0.0,30.0,0.0,6.0,0.0,1.5,0.0,0.63,0.7608474807008886
25.0,10.0,75.0,75.0,100,18.31,3.9381454898200374,0.6103333333333333,0.13127151632733455,0.5845,0.19690727449100184,0.33333333333333326,0.0,0.005666666666666665,0.016449767088366447,2.56,0.7954415583355403,3.71,0.7692971999287281,1.29,0.7692971999287282,0.0,0.0,0.0,0.0,8.71,3.720798762946395,5.9,3.325748947320898,11.29,3.720798762946395,5.0,0.0,30.0,0.0,6.0,0.0,1.5,0.0,0.63,0.7608474807008886
25.0,10.0,76.0,76.0,100,18.17,3.861373074464836,0.6056666666666666,0.1287124358154945,0.5915,0.19306865372324178,0.33333333333333326,0.0,0.004666666666666667,0.014229164972073003,2.59,0.7925792188682582,3.69,0.7745314647572361,1.31,0.7745314647572362,0.0,0.0,0.0,0.0,8.58,3.6436744690440768,5.88,3.3159546974522374,11.42,3.6436744690440768,5.0,0.0,30.0,0.0,6.0,0.0,1.5,0.0,0.63,0.7608474807008886
25.0,10.0,77.0,77.0,100,18.08,3.8315015386143374,0.6026666666666667,0.12771671795381123,0.596,0.1915750769307169,0.33333333333333326,0.0,0.0030000000000000005,0.010694198475460789,2.63,0.7740096311357559,3.69,0.7745314647572361,1.31,0.7745314647572362,0.0,0.0,0.0,0.0,8.5,3.633458435433135,5.77,3.240697642811068,11.5,3.633458435433135,5.0,0.0,30.0,0.0,6.0,0.0,1.5,0.0,0.63,0.7608474807008886
25.0,10.0,78.0,78.0,100,17.97,3.8414407019589225,0.599,0.12804802339863078,0.6015,0.19207203509794618,0.33333333333333326,0.0,0.0036666666666666675,0.012440655988997854,2.65,0.7703468981143127,3.69,0.7745314647572361,1.31,0.7745314647572362,0.0,0.0,0.0,0.0,8.4,3.6348481690603265,5.73,3.3389498137267437,11.6,3.6348481690603265,5.0,0.0,30.0,0.0,6.0,0.0,1.5,0.0,0.63,0.7608474807008886
25.0,10.0,79.0,79.0,100,17.88,3.7826824964153234,0.596,0.12608941654717748,0.606,0.18913412482076622,0.33333333333333326,0.0,0.0029999999999999983,0.012619796324000605,2.69,0.7479939501726933,3.68,0.7769403861535089,1.32,0.7769403861535089,0.0,0.0,0.0,0.0,8.31,3.575152748025905,5.72,3.3305442877291465,11.69,3.575152748025905,5.0,0.0,30.0,0.0,6.0,0.0,1.5,0.0,0.63,0.7608474807008886
25.0,10.0,80.0,80.0,100,17.83,3.7472009755970075,0.5943333333333333,0.12490669918656684,0.6085,0.1873600487798503,0.33333333333333326,0.0,0.0016666666666666668,0.007301430451919678,2.71,0.7560530150830439,3.68,0.7769403861535089,1.32,0.7769403861535089,0.0,0.0,0.0,0.0,8.26,3.5437240013832616,5.58,3.210399767422535,11.74,3.5437240013832616,5.0,0.0,30.0,0.0,6.0,0.0,1.5,0.0,0.63,0.7608474807008886
25.0,10.0,81.0,81.0,100,17.75,3.737267948270732,0.5916666666666667,0.12457559827569101,0.6125,0.18686339741353652,0.33333333333333326,0.0,0.002666666666666666,0.009088664144809692,2.71,0.7560530150830439,3.67,0.7792122414154677,1.33,0.7792122414154676,0.0,0.0,0.0,0.0,8.18,3.5316176509247463,5.5,3.233348953414316,11.82,3.5316176509247463,5.0,0.0,30.0,0.0,6.0,0.0,1.5,0.0,0.63,0.7608474807008886
25.0,10.0,82.0,82.0,100,17.7,3.718639916459085,0.59,0.12395466388196949,0.615,0.18593199582295425,0.33333333333333326,0.0,0.0016666666666666663,0.007301430451919676,2.74,0.7469804535460066,3.67,0.7792122414154677,1.33,0.7792122414154676,0.0,0.0,0.0,0.0,8.13,3.515205067512657,5.46,3.2703751367929548,11.87,3.515205067512657,5.0,0.0,30.0,0.0,6.0,0.0,1.5,0.0,0.63,0.7608474807008886
25.0,10.0,83.0,83.0,100,17.63,3.689063826933862,0.5876666666666667,0.1229687942311288,0.6185,0.18445319134669308,0.33333333333333326,0.0,0.002333333333333334,0.008547746665874762,2.75,0.7299508769967217,3.67,0.7792122414154677,1.33,0.7792122414154676,0.0,0.0,0.0,0.0,8.06,3.483931368121046,5.38,3.3144312552011916,11.94,3.483931368121046,5.0,0.0,30.0,0.0,6.0,0.0,1.5,0.0,0.63,0.7608474807008886
25.0,10.0,84.0,84.0,100,17.52,3.658337647543532,0.584,0.12194458825145106,0.624,0.18291688237717654,0.33333333333333326,0.0,0.0036666666666666705,0.010482201257840683,2.81,0.7479939501726932,3.66,0.7683118053909038,1.34,0.768311805390904,0.0,0.0,0.0,0.0,7.95,3.4476606034184454,5.24,3.333696949864422,12.05,3.4476606034184454,5.0,0.0,30.0,0.0,6.0,0.0,1.5,0.0,0.63,0.7608474807008886
25.0,10.0,85.0,85.0,100,17.43,3.602061699200678,0.581,0.12006872330668926,0.6285000000000001,0.18010308496003397,0.33333333333333326,0.0,0.002999999999999999,0.009587449708822044,2.83,0.7114503609961949,3.66,0.7683118053909038,1.34,0.768311805390904,0.0,0.0,0.0,0.0,7.86,3.3904798385115837,5.28,3.333575748760971,12.14,3.3904798385115837,5.0,0.0,30.0,0.0,6.0,0.0,1.5,0.0,0.63,0.7608474807008886
25.0,10.0,86.0,86.0,100,17.39,3.5587280669567116,0.5796666666666667,0.11862426889855711,0.6305,0.17793640334783553,0.33333333333333326,0.0,0.0013333333333333335,0.008095945417985405,2.84,0.7208300490378851,3.66,0.7683118053909038,1.34,0.768311805390904,0.0,0.0,0.0,0.0,7.82,3.3435600696553873,5.22,3.2739559982974535,12.18,3.3435600696553878,5.0,0.0,30.0,0.0,6.0,0.0,1.5,0.0,0.63,0.7608474807008886
25.0,10.0,87.0,87.0,100,17.35,3.52301237034674,0.5783333333333333,0.11743374567822475,0.6325,0.176150618517337,0.33333333333333326,0.0,0.0013333333333333352,0.006564879518897754,2.85,0.7159792333764037,3.66,0.7683118053909038,1.34,0.768311805390904,0.0,0.0,0.0,0.0,7.78,3.3107721336890776,5.15,3.22357164359878,12.22,3.3107721336890776,5.0,0.0,30.0,0.0,6.0,0.0,1.5,0.0,0.63,0.7608474807008886
25.0,10.0,88.0,88.0,100,17.35,3.52301237034674,0.5783333333333333,0.11743374567822475,0.6325,0.176150618517337,0.33333333333333326,0.0,0.0,0.0,2.85,0.7159792333764037,3.66,0.7683118053909038,1.34,0.768311805390904,0.0,0.0,0.0,0.0,7.78,3.3107721336890776,5.11,3.281090604594082,12.22,3.3107721336890776,5.0,0.0,30.0,0.0,6.0,0.0,1.5,0.0,0.63,0.7608474807008886
25.0,10.0,89.0,89.0,100,17.27,3.5157797244291444,0.5756666666666667,0.11719265748097145,0.6365,0.1757889862214573,0.33333333333333326,0.0,0.0026666666666666666,0.009088664144809692,2.89,0.7091750791795299,3.66,0.7683118053909038,1.34,0.768311805390904,0.0,0.0,0.0,0.0,7.7,3.301361824912546,4.95,3.22357164359878,12.3,3.301361824912546,5.0,0.0,30.0,0.0,6.0,0.0,1.5,0.0,0.63,0.7608474807008886
25.0,10.0,90.0,90.0,100,17.16,3.4836414246815903,0.572,0.11612138082271964,0.642,0.17418207123407942,0.33333333333333326,0.0,0.0036666666666666653,0.013312272929516722,2.94,0.722229992188196,3.66,0.7683118053909038,1.34,0.768311805390904,0.0,0.0,0.0,0.0,7.6,3.2752515517548773,5.01,3.1414305433330623,12.4,3.2752515517548773,5.0,0.0,30.0,0.0,6.0,0.0,1.5,0.0,0.63,0.7608474807008886
25.0,10.0,91.0,91.0,100,17.07,3.4208363322616337,0.569,0.11402787774205439,0.6465000000000001,0.17104181661308163,0.33333333333333326,0.0,0.0030000000000000005,0.010694198475460787,2.96,0.7236272269866328,3.66,0.7683118053909038,1.34,0.768311805390904,0.0,0.0,0.0,0.0,7.52,3.223900642627708,4.83,3.1206545544941124,12.48,3.223900642627708,5.0,0.0,30.0,0.0,6.0,0.0,1.5,0.0,0.63,0.7608474807008886
25.0,10.0,92.0,92.0,100,17.01,3.3889153832380448,0.567,0.11296384610793485,0.6495000000000001,0.1694457691619023,0.33333333333333326,0.0,0.002000000000000003,0.007956108552531415,2.97,0.7171069824248152,3.66,0.7683118053909038,1.34,0.768311805390904,0.0,0.0,0.0,0.0,7.46,3.1922254040563973,4.77,3.1809248385151805,12.54,3.1922254040563978,5.0,0.0,30.0,0.0,6.0,0.0,1.5,0.0,0.63,0.7608474807008886
25.0,10.0,93.0,93.0,100,16.96,3.360254920584615,0.5653333333333334,0.11200849735282055,0.652,0.16801274602923083,0.33333333333333326,0.0,0.0016666666666666663,0.009909806500176045,3.0,0.7385489458759962,3.66,0.7683118053909038,1.34,0.768311805390904,0.0,0.0,0.0,0.0,7.41,3.1689624851555496,4.69,3.1804167187729506,12.59,3.1689624851555487,5.0,0.0,30.0,0.0,6.0,0.0,1.5,0.0,0.63,0.7608474807008886
25.0,10.0,94.0,94.0,100,16.92,3.3805145744218863,0.564,0.1126838191473962,0.654,0.1690257287210943,0.33333333333333326,0.0,0.0013333333333333324,0.006564879518897741,3.0,0.7385489458759962,3.65,0.7833494518006403,1.35,0.7833494518006402,0.0,0.0,0.0,0.0,7.37,3.1929689170191597,4.62,3.024412456506338,12.63,3.1929689170191597,5.0,0.0,30.0,0.0,6.0,0.0,1.5,0.0,0.63,0.7608474807008886
25.0,10.0,95.0,95.0,100,16.89,3.3751767630478526,0.563,0.11250589210159509,0.6555,0.16875883815239262,0.33333333333333326,0.0,0.0009999999999999998,0.005714886933258841,3.0,0.7385489458759962,3.65,0.7833494518006403,1.34,0.768311805390904,0.01,0.1,0.01,0.1,7.33,3.2131516357531953,4.58,3.0655465675105575,12.67,3.2131516357531953,5.0,0.0,30.0,0.0,6.0,0.0,1.5,0.0,0.63,0.7608474807008886
25.0,10.0,96.0,96.0,100,16.81,3.3715835682325523,0.5603333333333333,0.11238611894108505,0.6595,0.16857917841162762,0.33333333333333326,0.0,0.0026666666666666666,0.010249414863810764,3.01,0.7587203474644435,3.65,0.7833494518006403,1.35,0.7833494518006402,0.0,0.0,0.0,0.0,7.27,3.1904370999737464,4.64,3.141510927736987,12.73,3.1904370999737464,5.0,0.0,30.0,0.0,6.0,0.0,1.5,0.0,0.63,0.7608474807008886
25.0,10.0,97.0,97.0,100,16.79,3.3703849853532972,0.5596666666666666,0.11234616617844322,0.6605,0.16851924926766487,0.33333333333333326,0.0,0.0006666666666666671,0.004690176471209658,3.02,0.7651500150000297,3.65,0.7833494518006403,1.35,0.7833494518006402,0.0,0.0,0.0,0.0,7.25,3.1920830094773436,4.56,3.036212419872144,12.75,3.192083009477344,5.0,0.0,30.0,0.0,6.0,0.0,1.5,0.0,0.63,0.7608474807008886
25.0,10.0,98.0,98.0,100,16.75,3.346564648934031,0.5583333333333332,0.11155215496446771,0.6625,0.16732823244670145,0.33333333333333326,0.0,0.001333333333333333,0.006564879518897747,3.03,0.7713951678941898,3.65,0.7833494518006403,1.35,0.7833494518006402,0.0,0.0,0.0,0.0,7.21,3.172785157643936,4.51,3.040118950357573,12.79,3.172785157643936,5.0,0.0,30.0,0.0,6.0,0.0,1.5,0.0,0.63,0.7608474807008886
25.0,10.0,99.0,99.0,100,16.67,3.3091699957249174,0.5556666666666666,0.11030566652416393,0.6665000000000001,0.165458499786246,0.33333333333333326,0.0,0.002666666666666668,0.009088664144809694,3.07,0.7687718133556282,3.65,0.7833494518006403,1.35,0.7833494518006402,0.0,0.0,0.0,0.0,7.13,3.132285446955963,4.45,3.0197163556676756,12.87,3.132285446955963,5.0,0.0,30.0,0.0,6.0,0.0,1.5,0.0,0.63,0.7608474807008886
25.0,10.0,100.0,100.0,100,16.57,3.3310749925603003,0.5523333333333333,0.11103583308534332,0.6715000000000001,0.16655374962801503,0.33333333333333326,0.0,0.003333333333333333,0.012079051255657976,3.1,0.7849596270902193,3.62,0.7756391955130694,1.38,0.7756391955130696,0.0,0.0,0.0,0.0,7.05,3.1249242415059464,4.4,3.0084057323614193,12.95,3.124924241505947,5.0,0.0,30.0,0.0,6.0,0.0,1.5,0.0,0.63,0.7608474807008886
25.0,10.0,101.0,101.0,100,16.47,3.328648222612144,0.5489999999999999,0.11095494075373814,0.6765000000000001,0.1664324111306072,0.33333333333333326,0.0,0.0033333333333333344,0.012079051255657981,3.1,0.7849596270902193,3.59,0.779730593204985,1.41,0.7797305932049851,0.0,0.0,0.0,0.0,6.95,3.134606446710269,4.31,2.9803904564213184,13.05,3.1346064467102686,5.0,0.0,30.0,0.0,6.0,0.0,1.5,0.0,0.63,0.7608474807008886
25.0,10.0,102.0,102.0,100,16.43,3.3310749925603016,0.5476666666666666,0.11103583308534333,0.6785,0.166553749628015,0.33333333333333326,0.0,0.0013333333333333324,0.006564879518897744,3.12,0.782123501575788,3.59,0.779730593204985,1.41,0.7797305932049851,0.0,0.0,0.0,0.0,6.91,3.1304790352115424,4.34,2.985554446586991,13.09,3.1304790352115424,5.0,0.0,30.0,0.0,6.0,0.0,1.5,0.0,0.63,0.7608474807008886
25.0,10.0,103.0,103.0,100,16.38,3.329634311221677,0.546,0.11098781037405586,0.6809999999999999,0.1664817155610838,0.33333333333333326,0.0,0.0016666666666666674,0.0073014304519196825,3.13,0.7996842811353425,3.58,0.7808309482192477,1.42,0.7808309482192478,0.0,0.0,0.0,0.0,6.86,3.1237765281754393,4.34,2.9855544465869905,13.14,3.1237765281754393,5.0,0.0,30.0,0.0,6.0,0.0,1.5,0.0,0.63,0.7608474807008886
25.0,10.0,104.0,104.0,100,16.34,3.3400538312966757,0.5446666666666666,0.11133512770988913,0.6829999999999999,0.16700269156483377,0.33333333333333326,0.0,0.0013333333333333324,0.006564879518897741,3.15,0.7961396760860394,3.58,0.7808309482192477,1.42,0.7808309482192478,0.0,0.0,0.0,0.0,6.82,3.121706345102067,4.16,2.855864071688216,13.18,3.121706345102067,5.0,0.0,30.0,0.0,6.0,0.0,1.5,0.0,0.63,0.7608474807008886
25.0,10.0,105.0,105.0,100,16.31,3.3475303726717107,0.5436666666666666,0.11158434575572368,0.684,0.16634514441578105,0.33333333333333326,0.0,0.0009999999999999998,0.00571488693325884,3.15,0.7961396760860394,3.58,0.7808309482192477,1.42,0.7808309482192478,0.0,0.0,0.0,0.0,6.79,3.1214312956291916,4.19,2.9325584375931872,13.21,3.121431295629191,5.0,0.0,30.0,0.0,6.0,0.0,1.5,0.0,0.63,0.7608474807008886
25.0,10.0,106.0,106.0,100,16.24,3.3124192385809517,0.5413333333333333,0.11041397461936504,0.6875,0.16458932670330254,0.33333333333333326,0.0,0.0023333333333333327,0.009772955652070097,3.2,0.7654139963827326,3.57,0.7818005635787947,1.43,0.7818005635787948,0.0,0.0,0.0,0.0,6.72,3.088198454919907,4.13,2.963259875695868,13.28,3.088198454919907,5.0,0.0,30.0,0.0,6.0,0.0,1.5,0.0,0.63,0.7608474807008886
25.0,10.0,107.0,107.0,100,16.23,3.2932591084753042,0.541,0.10977530361584346,0.688,0.16362682351539237,0.33333333333333326,0.0,0.00033333333333333435,0.0033333333333333435,3.21,0.7560530150830439,3.57,0.7818005635787947,1.43,0.7818005635787948,0.0,0.0,0.0,0.0,6.71,3.0692183060351073,4.11,2.8029385734376433,13.29,3.0692183060351073,5.0,0.0,30.0,0.0,6.0,0.0,1.5,0.0,0.63,0.7608474807008886
25.0,10.0,108.0,108.0,100,16.2,3.2628920678540148,0.54,0.10876306892846714,0.6895,0.16210343997745777,0.33333333333333326,0.0,0.0009999999999999998,0.007423383445120453,3.24,0.7669959767057636,3.57,0.7818005635787947,1.43,0.7818005635787948,0.0,0.0,0.0,0.0,6.69,3.0507326492122666,4.04,2.8423919362381955,13.31,3.050732649212267,5.0,0.0,30.0,0.0,6.0,0.0,1.5,0.0,0.63,0.7608474807008886
25.0,10.0,109.0,109.0,100,16.18,3.2671613725592805,0.5393333333333333,0.10890537908530935,0.6905,0.16232138590842654,0.33333333333333326,0.0,0.0006666666666666676,0.004690176471209661,3.25,0.7833494518006402,3.57,0.7818005635787947,1.43,0.7818005635787948,0.0,0.0,0.0,0.0,6.67,3.0519243804921548,4.05,2.772064832276373,13.33,3.051924380492155,5.0,0.0,30.0,0.0,6.0,0.0,1.5,0.0,0.63,0.7608474807008886
25.0,10.0,110.0,110.0,100,16.07,3.2325834806847538,0.5356666666666666,0.10775278268949177,0.696,0.16059862761530436,0.33333333333333326,0.0,0.0036666666666666653,0.014130226454777703,3.27,0.7895146188218006,3.56,0.7826399252052327,1.44,0.7826399252052327,0.0,0.0,0.0,0.0,6.56,3.022875746334569,3.96,2.7151650432563414,13.44,3.0228757463345692,5.0,0.0,30.0,0.0,6.0,0.0,1.5,0.0,0.63,0.7608474807008886
25.0,10.0,111.0,111.0,100,16.0,3.22552947654186,0.5333333333333333,0.10751764921806195,0.6995,0.16025468996745668,0.33333333333333326,0.0,0.0023333333333333327,0.009772955652070094,3.29,0.7951240294584373,3.56,0.7826399252052327,1.44,0.7826399252052327,0.0,0.0,0.0,0.0,6.49,3.0167713023875526,4.0,2.8391206491810204,13.51,3.0167713023875526,5.0,0.0,30.0,0.0,6.0,0.0,1.5,0.0,0.63,0.7608474807008886
25.0,10.0,112.0,112.0,100,15.97,3.201814510807295,0.5323333333333333,0.10672715036024318,0.701,0.15906608752974408,0.33333333333333326,0.0,0.0009999999999999998,0.005714886933258841,3.31,0.7745314647572361,3.56,0.7826399252052327,1.43,0.7818005635787948,0.01,0.09999999999999998,0.01,0.09999999999999998,6.45,2.9962097268503625,3.96,2.831710765347665,13.55,2.9962097268503625,5.0,0.0,30.0,0.0,6.0,0.0,1.5,0.0,0.63,0.7608474807008886
25.0,10.0,113.0,113.0,100,15.91,3.19752113583967,0.5303333333333333,0.10658403786132235,0.7040000000000001,0.15885957206402024,0.33333333333333326,0.0,0.001999999999999999,0.007956108552531397,3.34,0.7813482261482715,3.56,0.7826399252052327,1.44,0.7826399252052327,0.0,0.0,0.0,0.0,6.4,2.9881922510596484,3.99,2.826623069989697,13.6,2.9881922510596484,5.0,0.0,30.0,0.0,6.0,0.0,1.5,0.0,0.63,0.7608474807008886
25.0,10.0,114.0,114.0,100,15.89,3.1905637385416665,0.5296666666666667,0.1063521246180555,0.705,0.15851265762160016,0.33333333333333326,0.0,0.0006666666666666665,0.004690176471209653,3.35,0.7833494518006403,3.56,0.7826399252052327,1.44,0.7826399252052327,0.0,0.0,0.0,0.0,6.38,2.9840654256645354,3.87,2.783991030985204,13.62,2.984065425664535,5.0,0.0,30.0,0.0,6.0,0.0,1.5,0.0,0.63,0.7608474807008886
25.0,10.0,115.0,115.0,100,15.87,3.1834642206948773,0.529,0.10611547402316253,0.706,0.1581585957643195,0.33333333333333326,0.0,0.000666666666666666,0.00469017647120965,3.37,0.7740096311357562,3.56,0.7826399252052327,1.44,0.7826399252052327,0.0,0.0,0.0,0.0,6.36,2.979797294983657,3.9,2.797906865548392,13.64,2.979797294983657,5.0,0.0,30.0,0.0,6.0,0.0,1.5,0.0,0.63,0.7608474807008886
25.0,10.0,116.0,116.0,100,15.78,3.148127549942517,0.526,0.1049375849980839,0.7105,0.15639483186583708,0.33333333333333326,0.0,0.003,0.009587449708822046,3.41,0.8052228501376737,3.55,0.7833494518006403,1.45,0.7833494518006402,0.0,0.0,0.0,0.0,6.27,2.9262138118612033,3.87,2.736417328913812,13.73,2.926213811861204,5.0,0.0,30.0,0.0,6.0,0.0,1.5,0.0,0.63,0.7608474807008886
25.0,10.0,117.0,117.0,100,15.76,3.140224530349718,0.5253333333333333,0.10467415101165727,0.7115,0.15600035612494959,0.33333333333333326,0.0,0.0006666666666666671,0.004690176471209658,3.41,0.8052228501376737,3.55,0.7833494518006403,1.45,0.7833494518006402,0.0,0.0,0.0,0.0,6.25,2.9141764260978165,3.86,2.8284985487717758,13.75,2.914176426097817,5.0,0.0,30.0,0.0,6.0,0.0,1.5,0.0,0.63,0.7608474807008886
25.0,10.0,118.0,118.0,100,15.73,3.136152825589746,0.5243333333333333,0.10453842751965814,0.713,0.15580031249563453,0.33333333333333326,0.0,0.0009999999999999992,0.005714886933258838,3.41,0.8052228501376737,3.54,0.7839294959021854,1.46,0.7839294959021853,0.0,0.0,0.0,0.0,6.22,2.900992515632809,3.7,2.6723424446380633,13.78,2.9009925156328094,5.0,0.0,30.0,0.0,6.0,0.0,1.5,0.0,0.63,0.7608474807008886
25.0,10.0,119.0,119.0,100,15.68,3.1394524389073983,0.5226666666666666,0.10464841463024661,0.715,0.1549682274375993,0.33333333333333326,0.0,0.0016666666666666663,0.0073014304519196755,3.42,0.8062884162016777,3.54,0.7839294959021854,1.46,0.7839294959021853,0.0,0.0,0.0,0.0,6.17,2.881690721458744,3.79,2.7387787590291213,13.83,2.8816907214587437,5.0,0.0,30.0,0.0,6.0,0.0,1.5,0.0,0.63,0.7608474807008886
25.0,10.0,120.0,120.0,100,15.63,3.1290589801104907,0.521,0.10430196600368301,0.7175,0.15445816013510985,0.33333333333333326,0.0,0.0016666666666666657,0.007301430451919674,3.44,0.8204458014587636,3.54,0.7839294959021854,1.46,0.7839294959021853,0.0,0.0,0.0,0.0,6.12,2.8684279296992607,3.81,2.773230621641136,13.88,2.86842792969926,5.0,0.0,30.0,0.0,6.0,0.0,1.5,0.0,0.63,0.7608474807008886
25.0,10.0,121.0,121.0,100,15.59,3.1272507046440916,0.5196666666666667,0.10424169015480307,0.7195,0.15437966449011603,0.33333333333333326,0.0,0.0013333333333333324,0.0065648795188977425,3.44,0.8204458014587636,3.54,0.7839294959021854,1.46,0.7839294959021853,0.0,0.0,0.0,0.0,6.08,2.8663142841910374,3.76,2.6897485895056206,13.92,2.8663142841910374,5.0,0.0,30.0,0.0,6.0,0.0,1.5,0.0,0.63,0.7608474807008886
25.0,10.0,122.0,122.0,100,15.57,3.108330286780537,0.519,0.1036110095593512,0.7204999999999999,0.15342800107917562,0.33333333333333326,0.0,0.0006666666666666665,0.004690176471209655,3.44,0.8204458014587636,3.54,0.7839294959021854,1.46,0.7839294959021853,0.0,0.0,0.0,0.0,6.06,2.849135966846047,3.81,2.81301089635826,13.94,2.849135966846047,5.0,0.0,30.0,0.0,6.0,0.0,1.5,0.0,0.63,0.7608474807008886
25.0,10.0,123.0,123.0,100,15.56,3.108541507368094,0.5186666666666667,0.10361805024560312,0.721,0.1534419904864521,0.33333333333333326,0.0,0.00033333333333333327,0.0033333333333333335,3.44,0.8204458014587636,3.54,0.7839294959021854,1.46,0.7839294959021853,0.0,0.0,0.0,0.0,6.05,2.8511029232189915,3.69,2.714327864790058,13.95,2.851102923218991,5.0,0.0,30.0,0.0,6.0,0.0,1.5,0.0,0.63,0.7608474807008886
25.0,10.0,124.0,124.0,100,15.53,3.0894247772919567,0.5176666666666666,0.10298082590973184,0.7225,0.15248364707817894,0.33333333333333326,0.0,0.0009999999999999998,0.0057148869332588415,3.46,0.8092895000860291,3.54,0.7839294959021854,1.46,0.7839294959021853,0.0,0.0,0.0,0.0,6.02,2.835489375751565,3.69,2.725469100573664,13.98,2.835489375751565,5.0,0.0,30.0,0.0,6.0,0.0,1.5,0.0,0.63,0.7608474807008886
25.0,10.0,125.0,125.0,100,15.51,3.079731721229541,0.5169999999999999,0.1026577240409847,0.7234999999999999,0.15199930223125332,0.33333333333333326,0.0,0.0006666666666666665,0.004690176471209653,3.46,0.8092895000860291,3.54,0.7839294959021854,1.46,0.7839294959021853,0.0,0.0,0.0,0.0,6.0,2.8284271247461903,3.67,2.745262218161436,14.0,2.82842712474619,5.0,0.0,30.0,0.0,6.0,0.0,1.5,0.0,0.63,0.7608474807008886
25.0,10.0,126.0,126.0,100,15.47,3.0598573941815124,0.5156666666666666,0.10199524647271707,0.7254999999999999,0.1510058865666428,0.33333333333333326,0.0,0.001333333333333333,0.006564879518897746,3.47,0.8097262288308102,3.54,0.7839294959021854,1.46,0.7839294959021853,0.0,0.0,0.0,0.0,5.96,2.8030286650281857,3.7,2.7024119417717025,14.04,2.803028665028186,5.0,0.0,30.0,0.0,6.0,0.0,1.5,0.0,0.63,0.7608474807008886
25.0,10.0,127.0,127.0,100,15.41,3.035463787305065,0.5136666666666667,0.10118212624350215,0.728,0.14878633585572884,0.33333333333333326,0.0,0.0019999999999999996,0.010401588413621009,3.48,0.8100380337747211,3.54,0.7839294959021854,1.46,0.7839294959021853,0.0,0.0,0.0,0.0,5.92,2.7731759862123884,3.7,2.8051179776770296,14.08,2.773175986212389,5.0,0.0,30.0,0.0,6.0,0.0,1.5,0.0,0.63,0.7608474807008886
25.0,10.0,128.0,128.0,100,15.38,3.017725412735007,0.5126666666666666,0.10059084709116688,0.7295,0.14789687234179374,0.33333333333333326,0.0,0.0009999999999999998,0.007423383445120453,3.49,0.8102250591438445,3.54,0.7839294959021854,1.46,0.7839294959021853,0.0,0.0,0.0,0.0,5.89,2.7593550703090752,3.64,2.78712769856008,14.11,2.759355070309076,5.0,0.0,30.0,0.0,6.0,0.0,1.5,0.0,0.63,0.7608474807008886
25.0,10.0,129.0,129.0,100,15.33,2.9985013091559765,0.511,0.09995004363853252,0.7315,0.14593048711872056,0.33333333333333326,0.0,0.0016666666666666663,0.0073014304519196755,3.51,0.8102250591438447,3.54,0.7839294959021854,1.46,0.7839294959021853,0.0,0.0,0.0,0.0,5.84,2.7181395895506966,3.61,2.7113491367609117,14.16,2.718139589550696,5.0,0.0,30.0,0.0,6.0,0.0,1.5,0.0,0.63,0.7608474807008886
25.0,10.0,130.0,130.0,100,15.28,2.9715145952693875,0.5093333333333333,0.09905048650897953,0.7340000000000001,0.14457880309032267,0.33333333333333326,0.0,0.0016666666666666674,0.008703882797784895,3.53,0.8221061889187952,3.54,0.7839294959021854,1.46,0.7839294959021853,0.0,0.0,0.0,0.0,5.8,2.689297906949551,3.52,2.6609028618880544,14.2,2.689297906949551,5.0,0.0,30.0,0.0,6.0,0.0,1.5,0.0,0.63,0.7608474807008886
25.0,10.0,131.0,131.0,100,15.27,2.946852455407191,0.509,0.09822841518023975,0.7345,0.1433183572162042,0.33333333333333326,0.0,0.00033333333333333435,0.003333333333333344,3.54,0.8092895000860293,3.54,0.7839294959021854,1.46,0.7839294959021853,0.0,0.0,0.0,0.0,5.79,2.663994873656608,3.51,2.6227250844659387,14.21,2.6639948736566077,5.0,0.0,30.0,0.0,6.0,0.0,1.5,0.0,0.63,0.7608474807008886
25.0,10.0,132.0,132.0,100,15.24,2.9374626582625467,0.508,0.09791542194208488,0.736,0.14285685425656278,0.33333333333333326,0.0,0.0009999999999999998,0.005714886933258841,3.55,0.7961396760860395,3.54,0.7839294959021854,1.46,0.7839294959021853,0.0,0.0,0.0,0.0,5.76,2.65953592063189,3.56,2.6716619879351837,14.24,2.659535920631889,5.0,0.0,30.0,0.0,6.0,0.0,1.5,0.0,0.63,0.7608474807008886
25.0,10.0,133.0,133.0,100,15.23,2.922759869117758,0.5076666666666667,0.09742532897059196,0.7365,0.14210804681543182,0.33333333333333326,0.0,0.00033333333333333327,0.0033333333333333335,3.55,0.7961396760860395,3.54,0.7839294959021854,1.46,0.7839294959021853,0.0,0.0,0.0,0.0,5.75,2.6452740401468327,3.51,2.6533569360911526,14.25,2.645274040146833,5.0,0.0,30.0,0.0,6.0,0.0,1.5,0.0,0.63,0.7608474807008886
25.0,10.0,134.0,134.0,100,15.21,2.9173635531092277,0.507,0.09724545177030762,0.7375,0.1418448077828353,0.33333333333333326,0.0,0.0006666666666666665,0.004690176471209652,3.55,0.7961396760860395,3.53,0.7713951678941895,1.47,0.7713951678941896,0.0,0.0,0.0,0.0,5.73,2.643287668221092,3.53,2.713434589727062,14.27,2.643287668221092,5.0,0.0,30.0,0.0,6.0,0.0,1.5,0.0,0.63,0.7608474807008886
25.0,10.0,135.0,135.0,100,15.19,2.9152853872114965,0.5063333333333333,0.09717617957371658,0.7384999999999999,0.14175220234157518,0.33333333333333326,0.0,0.0006666666666666671,0.004690176471209655,3.55,0.7961396760860395,3.53,0.7713951678941895,1.47,0.7713951678941896,0.0,0.0,0.0,0.0,5.71,2.625804350070371,3.57,2.745998006282061,14.29,2.6258043500703705,5.0,0.0,30.0,0.0,6.0,0.0,1.5,0.0,0.63,0.7608474807008886
25.0,10.0,136.0,136.0,100,15.16,2.89450890794653,0.5053333333333333,0.09648363026488435,0.74,0.14070529413628968,0.33333333333333326,0.0,0.0009999999999999998,0.00571488693325884,3.56,0.7954415583355401,3.52,0.771722460186015,1.48,0.771722460186015,0.0,0.0,0.0,0.0,5.68,2.6087653335738277,3.5,2.615030370451524,14.32,2.608765333573828,5.0,0.0,30.0,0.0,6.0,0.0,1.5,0.0,0.63,0.7608474807008886
25.0,10.0,137.0,137.0,100,15.12,2.8507663332635116,0.504,0.09502554444211704,0.742,0.13848385385227324,0.33333333333333326,0.0,0.0013333333333333342,0.00656487951889775,3.56,0.7954415583355401,3.52,0.771722460186015,1.48,0.771722460186015,0.0,0.0,0.0,0.0,5.64,2.560460817110779,3.51,2.6380854704681096,14.36,2.560460817110779,5.0,0.0,30.0,0.0,6.0,0.0,1.5,0.0,0.63,0.7608474807008886
25.0,10.0,138.0,138.0,100,15.06,2.842036543954303,0.502,0.09473455146514344,0.745,0.13807844352271853,0.33333333333333326,0.0,0.0019999999999999996,0.012372809695177824,3.57,0.8072274534579217,3.51,0.7587203474644432,1.49,0.7587203474644432,0.0,0.0,0.0,0.0,5.6,2.5425669046549126,3.56,2.7388709610739492,14.4,2.5425669046549118,5.0,0.0,30.0,0.0,6.0,0.0,1.5,0.0,0.63,0.7608474807008886
25.0,10.0,139.0,139.0,100,15.06,2.842036543954303,0.502,0.09473455146514344,0.745,0.13807844352271853,0.33333333333333326,0.0,0.0,0.0,3.57,0.8072274534579217,3.51,0.7587203474644432,1.49,0.7587203474644432,0.0,0.0,0.0,0.0,5.6,2.5425669046549126,3.45,2.5677683586013638,14.4,2.5425669046549118,5.0,0.0,30.0,0.0,6.0,0.0,1.5,0.0,0.63,0.7608474807008886
25.0,10.0,140.0,140.0,100,15.04,2.831710765347664,0.5013333333333333,0.09439035884492214,0.746,0.13756174004145308,0.33333333333333326,0.0,0.0006666666666666665,0.004690176471209653,3.58,0.8062884162016778,3.51,0.7587203474644432,1.49,0.7587203474644432,0.0,0.0,0.0,0.0,5.58,2.5353261699195206,3.52,2.660902861888055,14.42,2.5353261699195206,5.0,0.0,30.0,0.0,6.0,0.0,1.5,0.0,0.63,0.7608474807008886
25.0,10.0,141.0,141.0,100,15.0,2.835560621888385,0.5,0.09451868739627943,0.748,0.13778918167206952,0.33333333333333326,0.0,0.001333333333333333,0.008095945417985403,3.58,0.8062884162016778,3.51,0.7587203474644432,1.49,0.7587203474644432,0.0,0.0,0.0,0.0,5.55,2.532116932848118,3.56,2.6792129101999005,14.45,2.5321169328481186,5.0,0.0,30.0,0.0,6.0,0.0,1.5,0.0,0.63,0.7608474807008886
25.0,10.0,142.0,142.0,100,14.98,2.814034093394726,0.4993333333333333,0.09380113644649087,0.7490000000000001,0.1366962274017048,0.33333333333333326,0.0,0.0006666666666666665,0.004690176471209652,3.59,0.8176709965419212,3.51,0.7587203474644432,1.49,0.7587203474644432,0.0,0.0,0.0,0.0,5.53,2.5124136248281697,3.49,2.724727768813137,14.47,2.512413624828169,5.0,0.0,30.0,0.0,6.0,0.0,1.5,0.0,0.63,0.7608474807008886
25.0,10.0,143.0,143.0,100,14.98,2.814034093394726,0.4993333333333333,0.09380113644649087,0.7490000000000001,0.1366962274017048,0.33333333333333326,0.0,0.0,0.0,3.59,0.8176709965419212,3.51,0.7587203474644432,1.49,0.7587203474644432,0.0,0.0,0.0,0.0,5.53,2.5124136248281697,3.39,2.5461200428745054,14.47,2.512413624828169,5.0,0.0,30.0,0.0,6.0,0.0,1.5,0.0,0.63,0.7608474807008886
25.0,10.0,144.0,144.0,100,14.97,2.794131657093436,0.499,0.09313772190311458,0.7495,0.13567917446623254,0.33333333333333326,0.0,0.00033333333333333327,0.0033333333333333335,3.59,0.8176709965419212,3.51,0.7587203474644432,1.49,0.7587203474644432,0.0,0.0,0.0,0.0,5.52,2.4923316736977785,3.3,2.630435689993565,14.48,2.492331673697778,5.0,0.0,30.0,0.0,6.0,0.0,1.5,0.0,0.63,0.7608474807008886
25.0,10.0,145.0,145.0,100,14.94,2.795450849960602,0.498,0.09318169499868674,0.7505,0.13455782430170338,0.33333333333333326,0.0,0.0010000000000000002,0.0074233834451204565,3.59,0.8176709965419212,3.51,0.7587203474644432,1.49,0.7587203474644432,0.0,0.0,0.0,0.0,5.5,2.4924127290882643,3.38,2.5456637720649673,14.5,2.492412729088265,5.0,0.0,30.0,0.0,6.0,0.0,1.5,0.0,0.63,0.7608474807008886
25.0,10.0,146.0,146.0,100,14.94,2.795450849960602,0.498,0.09318169499868674,0.7505,0.13455782430170338,0.33333333333333326,0.0,0.0,0.0,3.59,0.8176709965419212,3.51,0.7587203474644432,1.49,0.7587203474644432,0.0,0.0,0.0,0.0,5.5,2.4924127290882643,3.38,2.608378109790903,14.5,2.492412729088265,5.0,0.0,30.0,0.0,6.0,0.0,1.5,0.0,0.63,0.7608474807008886
25.0,10.0,147.0,147.0,100,14.93,2.778906841245894,0.49766666666666665,0.09263022804152982,0.7509999999999999,0.13370780746754382,0.33333333333333326,0.0,0.00033333333333333327,0.0033333333333333335,3.59,0.8176709965419212,3.51,0.7587203474644432,1.49,0.7587203474644432,0.0,0.0,0.0,0.0,5.49,2.4761284541017092,3.38,2.58503853789924,14.51,2.4761284541017092,5.0,0.0,30.0,0.0,6.0,0.0,1.5,0.0,0.63,0.7608474807008886
25.0,10.0,148.0,148.0,100,14.93,2.778906841245894,0.49766666666666665,0.09263022804152982,0.7509999999999999,0.13370780746754382,0.33333333333333326,0.0,0.0,0.0,3.59,0.8176709965419212,3.51,0.7587203474644432,1.49,0.7587203474644432,0.0,0.0,0.0,0.0,5.49,2.4761284541017092,3.43,2.5946915505362558,14.51,2.4761284541017092,5.0,0.0,30.0,0.0,6.0,0.0,1.5,0.0,0.63,0.7608474807008886
25.0,10.0,149.0,149.0,100,14.89,2.7812321954940264,0.49633333333333335,0.09270773984980087,0.753,0.13386635880684145,0.33333333333333326,0.0,0.0013333333333333342,0.008095945417985409,3.59,0.8176709965419212,3.5,0.7587869106393281,1.5,0.7587869106393281,0.0,0.0,0.0,0.0,5.46,2.4676492719373493,3.45,2.610681245509794,14.54,2.467649271937349,5.0,0.0,30.0,0.0,6.0,0.0,1.5,0.0,0.63,0.7608474807008886
25.0,10.0,150.0,150.0,100,14.88,2.768071932270226,0.496,0.09226906440900753,0.7535,0.13319216011144017,0.33333333333333326,0.0,0.00033333333333333327,0.0033333333333333335,3.6,0.8040302522073696,3.5,0.7587869106393281,1.5,0.7587869106393281,0.0,0.0,0.0,0.0,5.45,2.4551533104427055,3.46,2.5679453721493832,14.55,2.455153310442706,5.0,0.0,30.0,0.0,6.0,0.0,1.5,0.0,0.63,0.7608474807008886
25.0,10.0,151.0,151.0,100,14.86,2.7598126125818143,0.4953333333333333,0.09199375375272713,0.7545000000000001,0.13278200407457558,0.33333333333333326,0.0,0.0006666666666666665,0.004690176471209655,3.62,0.8137703743822469,3.5,0.7587869106393281,1.5,0.7587869106393281,0.0,0.0,0.0,0.0,5.43,2.438143854358363,3.34,2.57893565078873,14.57,2.4381438543583633,5.0,0.0,30.0,0.0,6.0,0.0,1.5,0.0,0.63,0.7608474807008886
25.0,10.0,152.0,152.0,100,14.86,2.7598126125818143,0.4953333333333333,0.09199375375272713,0.7545000000000001,0.13278200407457558,0.33333333333333326,0.0,0.0,0.0,3.62,0.8137703743822469,3.5,0.7587869106393281,1.5,0.7587869106393281,0.0,0.0,0.0,0.0,5.43,2.438143854358363,3.3,2.524626184950433,14.57,2.4381438543583633,5.0,0.0,30.0,0.0,6.0,0.0,1.5,0.0,0.63,0.7608474807008886
25.0,10.0,153.0,153.0,100,14.85,2.768418576397257,0.495,0.0922806192132419,0.755,0.13323860271154622,0.33333333333333326,0.0,0.0003333333333333327,0.0033333333333333275,3.62,0.8137703743822469,3.49,0.7719187689508437,1.51,0.7719187689508435,0.0,0.0,0.0,0.0,5.42,2.441973039006025,3.28,2.59401019444583,14.58,2.4419730390060255,5.0,0.0,30.0,0.0,6.0,0.0,1.5,0.0,0.63,0.7608474807008886
25.0,10.0,154.0,154.0,100,14.85,2.768418576397257,0.495,0.0922806192132419,0.755,0.13323860271154622,0.33333333333333326,0.0,0.0,0.0,3.62,0.8137703743822469,3.49,0.7719187689508437,1.51,0.7719187689508435,0.0,0.0,0.0,0.0,5.42,2.441973039006025,3.38,2.680946614066521,14.58,2.4419730390060255,5.0,0.0,30.0,0.0,6.0,0.0,1.5,0.0,0.63,0.7608474807008886
25.0,10.0,155.0,155.0,100,14.84,2.7805965496125413,0.4946666666666667,0.09268655165375139,0.7555,0.1338805060454654,0.33333333333333326,0.0,0.00033333333333333435,0.0033333333333333444,3.62,0.8137703743822469,3.49,0.7719187689508437,1.51,0.7719187689508435,0.0,0.0,0.0,0.0,5.41,2.449881464871146,3.29,2.641146827735362,14.59,2.4498814648711456,5.0,0.0,30.0,0.0,6.0,0.0,1.5,0.0,0.63,0.7608474807008886
25.0,10.0,156.0,156.0,100,14.84,2.7805965496125413,0.4946666666666667,0.09268655165375139,0.7555,0.1338805060454654,0.33333333333333326,0.0,0.0,0.0,3.62,0.8137703743822469,3.49,0.7719187689508437,1.51,0.7719187689508435,0.0,0.0,0.0,0.0,5.41,2.449881464871146,3.26,2.6154938502715095,14.59,2.4498814648711456,5.0,0.0,30.0,0.0,6.0,0.0,1.5,0.0,0.63,0.7608474807008886
25.0,10.0,157.0,157.0,100,14.83,2.77089855243363,0.4943333333333333,0.09236328508112106,0.7559999999999999,0.133386353094757,0.33333333333333326,0.0,0.00033333333333333327,0.0033333333333333335,3.62,0.8137703743822469,3.49,0.7719187689508437,1.51,0.7719187689508435,0.0,0.0,0.0,0.0,5.4,2.441228371045191,3.24,2.5746236363179125,14.6,2.441228371045191,5.0,0.0,30.0,0.0,6.0,0.0,1.5,0.0,0.63,0.7608474807008886
25.0,10.0,158.0,158.0,100,14.83,2.77089855243363,0.4943333333333333,0.09236328508112106,0.7559999999999999,0.133386353094757,0.33333333333333326,0.0,0.0,0.0,3.62,0.8137703743822469,3.49,0.7719187689508437,1.51,0.7719187689508435,0.0,0.0,0.0,0.0,5.4,2.441228371045191,3.23,2.6394635206359025,14.6,2.441228371045191,5.0,0.0,30.0,0.0,6.0,0.0,1.5,0.0,0.63,0.7608474807008886
25.0,10.0,159.0,159.0,100,14.8,2.7816135133001025,0.49333333333333335,0.09272045044333674,0.7575,0.1339710129962162,0.33333333333333326,0.0,0.0010000000000000002,0.007423383445120459,3.63,0.8122173167921067,3.49,0.7719187689508437,1.51,0.7719187689508435,0.0,0.0,0.0,0.0,5.38,2.427868500258087,3.16,2.4442056816359403,14.62,2.427868500258087,5.0,0.0,30.0,0.0,6.0,0.0,1.5,0.0,0.63,0.7608474807008886
25.0,10.0,160.0,160.0,100,14.8,2.7816135133001025,0.49333333333333335,0.09272045044333674,0.7575,0.1339710129962162,0.33333333333333326,0.0,0.0,0.0,3.63,0.8122173167921067,3.49,0.7719187689508437,1.51,0.7719187689508435,0.0,0.0,0.0,0.0,5.38,2.427868500258087,3.18,2.479736056335615,14.62,2.427868500258087,5.0,0.0,30.0,0.0,6.0,0.0,1.5,0.0,0.63,0.7608474807008886
25.0,10.0,161.0,161.0,100,14.78,2.7361404654119363,0.49266666666666664,0.09120468218039786,0.7585,0.1316283028114019,0.33333333333333326,0.0,0.0006666666666666665,0.006666666666666665,3.65,0.8211226608993473,3.49,0.7719187689508437,1.51,0.7719187689508435,0.0,0.0,0.0,0.0,5.37,2.4022506282251403,3.11,2.5341904451167854,14.63,2.4022506282251403,5.0,0.0,30.0,0.0,6.0,0.0,1.5,0.0,0.63,0.7608474807008886
25.0,10.0,162.0,162.0,100,14.74,2.72519112479596,0.49133333333333334,0.09083970415986535,0.7605,0.13109773515059733,0.33333333333333326,0.0,0.0013333333333333324,0.006564879518897741,3.66,0.8192137151629673,3.49,0.7719187689508437,1.51,0.7719187689508435,0.0,0.0,0.0,0.0,5.33,2.374336696316415,3.21,2.5437385991107773,14.67,2.374336696316415,5.0,0.0,30.0,0.0,6.0,0.0,1.5,0.0,0.63,0.7608474807008886
25.0,10.0,163.0,163.0,100,14.74,2.72519112479596,0.49133333333333334,0.09083970415986535,0.7605,0.13109773515059733,0.33333333333333326,0.0,0.0,0.0,3.66,0.8192137151629673,3.49,0.7719187689508437,1.51,0.7719187689508435,0.0,0.0,0.0,0.0,5.33,2.374336696316415,3.26,2.5999999999999996,14.67,2.374336696316415,5.0,0.0,30.0,0.0,6.0,0.0,1.5,0.0,0.63,0.7608474807008886
25.0,10.0,164.0,164.0,100,14.74,2.72519112479596,0.49133333333333334,0.09083970415986535,0.7605,0.13109773515059733,0.33333333333333326,0.0,0.0,0.0,3.66,0.8192137151629673,3.49,0.7719187689508437,1.51,0.7719187689508435,0.0,0.0,0.0,0.0,5.33,2.374336696316415,3.16,2.5334928179463736,14.67,2.374336696316415,5.0,0.0,30.0,0.0,6.0,0.0,1.5,0.0,0.63,0.7608474807008886
25.0,10.0,165.0,165.0,100,14.73,2.7260620208304407,0.491,0.09086873402768135,0.7609999999999999,0.1311526214035011,0.33333333333333326,0.0,0.00033333333333333327,0.0033333333333333335,3.66,0.8192137151629673,3.49,0.7719187689508437,1.51,0.7719187689508435,0.0,0.0,0.0,0.0,5.32,2.377843858234055,3.12,2.499616132145255,14.68,2.3778438582340544,5.0,0.0,30.0,0.0,6.0,0.0,1.5,0.0,0.63,0.7608474807008886
25.0,10.0,166.0,166.0,100,14.73,2.7260620208304407,0.491,0.09086873402768135,0.7609999999999999,0.1311526214035011,0.33333333333333326,0.0,0.0,0.0,3.66,0.8192137151629673,3.49,0.7719187689508437,1.51,0.7719187689508435,0.0,0.0,0.0,0.0,5.32,2.377843858234055,3.16,2.6312803658364428,14.68,2.3778438582340544,5.0,0.0,30.0,0.0,6.0,0.0,1.5,0.0,0.63,0.7608474807008886
25.0,10.0,167.0,167.0,100,14.73,2.7260620208304407,0.491,0.09086873402768135,0.7609999999999999,0.1311526214035011,0.33333333333333326,0.0,0.0,0.0,3.66,0.8192137151629673,3.49,0.7719187689508437,1.51,0.7719187689508435,0.0,0.0,0.0,0.0,5.32,2.377843858234055,3.18,2.5990674318207896,14.68,2.3778438582340544,5.0,0.0,30.0,0.0,6.0,0.0,1.5,0.0,0.63,0.7608474807008886
25.0,10.0,168.0,168.0,100,14.72,2.730597300255315,0.49066666666666664,0.09101991000851054,0.7615000000000001,0.13139788445939313,0.33333333333333326,0.0,0.0003333333333333338,0.003333333333333339,3.67,0.8294454761946671,3.49,0.7719187689508437,1.51,0.7719187689508435,0.0,0.0,0.0,0.0,5.31,2.385541464910657,3.19,2.6464956818289718,14.69,2.3855414649106566,5.0,0.0,30.0,0.0,6.0,0.0,1.5,0.0,0.63,0.7608474807008886
25.0,10.0,169.0,169.0,100,14.72,2.730597300255315,0.49066666666666664,0.09101991000851054,0.7615000000000001,0.13139788445939313,0.33333333333333326,0.0,0.0,0.0,3.67,0.8294454761946671,3.49,0.7719187689508437,1.51,0.7719187689508435,0.0,0.0,0.0,0.0,5.31,2.385541464910657,3.17,2.6516813800707926,14.69,2.3855414649106566,5.0,0.0,30.0,0.0,6.0,0.0,1.5,0.0,0.63,0.7608474807008886
25.0,10.0,170.0,170.0,100,14.71,2.727691886981195,0.4903333333333333,0.0909230628993732,0.762,0.13125655346794243,0.33333333333333326,0.0,0.00033333333333333327,0.0033333333333333322,3.67,0.8294454761946671,3.49,0.7719187689508437,1.51,0.7719187689508435,0.0,0.0,0.0,0.0,5.3,2.384715640672633,3.12,2.6103136542832117,14.7,2.384715640672633,5.0,0.0,30.0,0.0,6.0,0.0,1.5,0.0,0.63,0.7608474807008886
25.0,10.0,171.0,171.0,100,14.71,2.727691886981195,0.4903333333333333,0.0909230628993732,0.762,0.13125655346794243,0.33333333333333326,0.0,0.0,0.0,3.67,0.8294454761946671,3.49,0.7719187689508437,1.51,0.7719187689508435,0.0,0.0,0.0,0.0,5.3,2.384715640672633,3.05,2.50403714433353,14.7,2.384715640672633,5.0,0.0,30.0,0.0,6.0,0.0,1.5,0.0,0.63,0.7608474807008886
25.0,10.0,172.0,172.0,100,14.7,2.70614713628663,0.49,0.09020490454288765,0.7625,0.13014657626357795,0.33333333333333326,0.0,0.00033333333333333327,0.0033333333333333335,3.68,0.8150106896491752,3.49,0.7719187689508437,1.51,0.7719187689508435,0.0,0.0,0.0,0.0,5.29,2.362565802621627,3.05,2.5400827155862866,14.71,2.362565802621627,5.0,0.0,30.0,0.0,6.0,0.0,1.5,0.0,0.63,0.7608474807008886
25.0,10.0,173.0,173.0,100,14.68,2.7150162303958947,0.4893333333333333,0.09050054101319648,0.7635,0.13062688788447743,0.33333333333333326,0.0,0.0006666666666666676,0.004690176471209661,3.68,0.8150106896491752,3.49,0.7719187689508437,1.51,0.7719187689508435,0.0,0.0,0.0,0.0,5.27,2.369226102176051,3.04,2.4900610515415162,14.73,2.369226102176051,5.0,0.0,30.0,0.0,6.0,0.0,1.5,0.0,0.63,0.7608474807008886
25.0,10.0,174.0,174.0,100,14.66,2.7162808798395317,0.4886666666666667,0.09054269599465105,0.7645000000000001,0.130711920116744,0.33333333333333326,0.0,0.0006666666666666665,0.004690176471209652,3.68,0.8150106896491752,3.48,0.7717224601860151,1.52,0.7717224601860149,0.0,0.0,0.0,0.0,5.25,2.3756976646743992,3.05,2.5161097116000484,14.75,2.375697664674399,5.0,0.0,30.0,0.0,6.0,0.0,1.5,0.0,0.63,0.7608474807008886
25.0,10.0,175.0,175.0,100,14.65,2.716857215849433,0.48833333333333334,0.09056190719498113,0.765,0.1307515185225762,0.33333333333333326,0.0,0.00033333333333333327,0.0033333333333333327,3.68,0.8150106896491752,3.48,0.7717224601860151,1.52,0.7717224601860149,0.0,0.0,0.0,0.0,5.24,2.3788631526403314,3.03,2.4014095187551154,14.76,2.3788631526403314,5.0,0.0,30.0,0.0,6.0,0.0,1.5,0.0,0.63,0.7608474807008886
25.0,10.0,176.0,176.0,100,14.65,2.716857215849433,0.48833333333333334,0.09056190719498113,0.765,0.1307515185225762,0.33333333333333326,0.0,0.0,0.0,3.68,0.8150106896491752,3.48,0.7717224601860151,1.52,0.7717224601860149,0.0,0.0,0.0,0.0,5.24,2.3788631526403314,3.09,2.558783644111736,14.76,2.3788631526403314,5.0,0.0,30.0,0.0,6.0,0.0,1.5,0.0,0.63,0.7608474807008886
25.0,10.0,177.0,177.0,100,14.65,2.716857215849433,0.48833333333333334,0.09056190719498113,0.765,0.1307515185225762,0.33333333333333326,0.0,0.0,0.0,3.68,0.8150106896491752,3.48,0.7717224601860151,1.52,0.7717224601860149,0.0,0.0,0.0,0.0,5.24,2.3788631526403314,3.03,2.455482424981686,14.76,2.3788631526403314,5.0,0.0,30.0,0.0,6.0,0.0,1.5,0.0,0.63,0.7608474807008886
25.0,10.0,178.0,178.0,100,14.64,2.706221787591764,0.488,0.0902073929197255,0.7655,0.13020865151476274,0.33333333333333326,0.0,0.00033333333333333327,0.0033333333333333322,3.69,0.8127146181194543,3.48,0.7717224601860151,1.52,0.7717224601860149,0.0,0.0,0.0,0.0,5.23,2.369226102176051,3.06,2.4733733558797306,14.77,2.369226102176051,5.0,0.0,30.0,0.0,6.0,0.0,1.5,0.0,0.63,0.7608474807008886
25.0,10.0,179.0,179.0,100,14.63,2.6992516733271823,0.48766666666666664,0.08997505577757274,0.7659999999999999,0.12985617529646507,0.33333333333333326,0.0,0.00033333333333333327,0.0033333333333333322,3.69,0.8127146181194543,3.48,0.7717224601860151,1.52,0.7717224601860149,0.0,0.0,0.0,0.0,5.22,2.363783989173873,2.96,2.403364644859705,14.78,2.363783989173873,5.0,0.0,30.0,0.0,6.0,0.0,1.5,0.0,0.63,0.7608474807008886
25.0,10.0,180.0,180.0,100,14.59,2.640381821179687,0.48633333333333334,0.0880127273726562,0.768,0.12683402022670684,0.33333333333333326,0.0,0.001333333333333333,0.008095945417985403,3.7,0.8102873913406629,3.47,0.7713951678941896,1.53,0.7713951678941898,0.0,0.0,0.0,0.0,5.19,2.3124389153821423,3.01,2.4802044555669482,14.81,2.312438915382142,5.0,0.0,30.0,0.0,6.0,0.0,1.5,0.0,0.63,0.7608474807008886
25.0,10.0,181.0,181.0,100,14.58,2.6407069760451147,0.486,0.08802356586817048,0.7685,0.12686089574288392,0.33333333333333326,0.0,0.00033333333333333327,0.0033333333333333327,3.71,0.8201379534116576,3.47,0.7713951678941896,1.53,0.7713951678941898,0.0,0.0,0.0,0.0,5.18,2.3154291440707317,3.03,2.463695999874574,14.82,2.3154291440707313,5.0,0.0,30.0,0.0,6.0,0.0,1.5,0.0,0.63,0.7608474807008886
25.0,10.0,182.0,182.0,100,14.56,2.633582650261346,0.48533333333333334,0.08778608834204485,0.7695000000000001,0.1265100706655323,0.33333333333333326,0.0,0.000666666666666666,0.0046901764712096485,3.71,0.8201379534116576,3.46,0.7709367252527499,1.54,0.7709367252527499,0.0,0.0,0.0,0.0,5.16,2.303795726073548,2.98,2.4287004464498825,14.84,2.3037957260735484,5.0,0.0,30.0,0.0,6.0,0.0,1.5,0.0,0.63,0.7608474807008886
25.0,10.0,183.0,183.0,100,14.56,2.633582650261346,0.48533333333333334,0.08778608834204485,0.7695000000000001,0.1265100706655323,0.33333333333333326,0.0,0.0,0.0,3.71,0.8201379534116576,3.46,0.7709367252527499,1.54,0.7709367252527499,0.0,0.0,0.0,0.0,5.16,2.303795726073548,2.97,2.443110287888755,14.84,2.3037957260735484,5.0,0.0,30.0,0.0,6.0,0.0,1.5,0.0,0.63,0.7608474807008886
25.0,10.0,184.0,184.0,100,14.54,2.614721338262966,0.4846666666666667,0.08715737794209888,0.7705,0.12554829245104746,0.33333333333333326,0.0,0.0006666666666666665,0.004690176471209653,3.72,0.8297498710363551,3.46,0.7709367252527499,1.54,0.7709367252527499,0.0,0.0,0.0,0.0,5.14,2.2875155240407166,2.97,2.467792535850613,14.86,2.287515524040716,5.0,0.0,30.0,0.0,6.0,0.0,1.5,0.0,0.63,0.7608474807008886
25.0,10.0,185.0,185.0,100,14.54,2.614721338262966,0.4846666666666667,0.08715737794209888,0.7705,0.12554829245104746,0.33333333333333326,0.0,0.0,0.0,3.72,0.8297498710363551,3.46,0.7709367252527499,1.54,0.7709367252527499,0.0,0.0,0.0,0.0,5.14,2.2875155240407166,2.9,2.2719190482092806,14.86,2.287515524040716,5.0,0.0,30.0,0.0,6.0,0.0,1.5,0.0,0.63,0.7608474807008886
25.0,10.0,186.0,186.0,100,14.53,2.634100386941402,0.4843333333333333,0.08780334623138013,0.7705,0.12554829245104746,0.33333333333333326,0.0,0.00033333333333333327,0.0033333333333333335,3.72,0.8297498710363551,3.45,0.757121075675696,1.55,0.7571210756756959,0.0,0.0,0.0,0.0,5.13,2.2903177848402514,2.98,2.3397314876590936,14.87,2.290317784840252,5.0,0.0,30.0,0.0,6.0,0.0,1.5,0.0,0.63,0.7608474807008886
25.0,10.0,187.0,187.0,100,14.53,2.634100386941402,0.4843333333333333,0.08780334623138013,0.7705,0.12554829245104746,0.33333333333333326,0.0,0.0,0.0,3.72,0.8297498710363551,3.45,0.757121075675696,1.55,0.7571210756756959,0.0,0.0,0.0,0.0,5.13,2.2903177848402514,2.95,2.459264076503334,14.87,2.290317784840252,5.0,0.0,30.0,0.0,6.0,0.0,1.5,0.0,0.63,0.7608474807008886
25.0,10.0,188.0,188.0,100,14.53,2.634100386941402,0.4843333333333333,0.08780334623138013,0.7705,0.12554829245104746,0.33333333333333326,0.0,0.0,0.0,3.72,0.8297498710363551,3.45,0.757121075675696,1.55,0.7571210756756959,0.0,0.0,0.0,0.0,5.13,2.2903177848402514,2.92,2.4399039557186084,14.87,2.290317784840252,5.0,0.0,30.0,0.0,6.0,0.0,1.5,0.0,0.63,0.7608474807008886
25.0,10.0,189.0,189.0,100,14.53,2.634100386941402,0.4843333333333333,0.08780334623138013,0.7705,0.12554829245104746,0.33333333333333326,0.0,0.0,0.0,3.72,0.8297498710363551,3.45,0.757121075675696,1.55,0.7571210756756959,0.0,0.0,0.0,0.0,5.13,2.2903177848402514,2.91,2.331579427397365,14.87,2.290317784840252,5.0,0.0,30.0,0.0,6.0,0.0,1.5,0.0,0.63,0.7608474807008886
25.0,10.0,190.0,190.0,100,14.52,2.634196252937487,0.484,0.08780654176458291,0.7709999999999999,0.1255653880122491,0.33333333333333326,0.0,0.00033333333333333327,0.0033333333333333335,3.72,0.8297498710363551,3.45,0.757121075675696,1.55,0.7571210756756959,0.0,0.0,0.0,0.0,5.12,2.2798192379168483,2.91,2.2922574995938927,14.88,2.2798192379168483,5.0,0.0,30.0,0.0,6.0,0.0,1.5,0.0,0.63,0.7608474807008886
25.0,10.0,191.0,191.0,100,14.52,2.634196252937487,0.484,0.08780654176458291,0.7709999999999999,0.1255653880122491,0.33333333333333326,0.0,0.0,0.0,3.72,0.8297498710363551,3.45,0.757121075675696,1.55,0.7571210756756959,0.0,0.0,0.0,0.0,5.12,2.2798192379168483,2.93,2.3836776610773516,14.88,2.2798192379168483,5.0,0.0,30.0,0.0,6.0,0.0,1.5,0.0,0.63,0.7608474807008886
25.0,10.0,192.0,192.0,100,14.52,2.634196252937487,0.484,0.08780654176458291,0.7709999999999999,0.1255653880122491,0.33333333333333326,0.0,0.0,0.0,3.72,0.8297498710363551,3.45,0.757121075675696,1.55,0.7571210756756959,0.0,0.0,0.0,0.0,5.12,2.2798192379168483,2.93,2.3666666666666667,14.88,2.2798192379168483,5.0,0.0,30.0,0.0,6.0,0.0,1.5,0.0,0.63,0.7608474807008886
25.0,10.0,193.0,193.0,100,14.52,2.634196252937487,0.484,0.08780654176458291,0.7709999999999999,0.1255653880122491,0.33333333333333326,0.0,0.0,0.0,3.72,0.8297498710363551,3.45,0.757121075675696,1.55,0.7571210756756959,0.0,0.0,0.0,0.0,5.12,2.2798192379168483,2.94,2.4029443218979116,14.88,2.2798192379168483,5.0,0.0,30.0,0.0,6.0,0.0,1.5,0.0,0.63,0.7608474807008886
25.0,10.0,194.0,194.0,100,14.52,2.634196252937487,0.484,0.08780654176458291,0.7709999999999999,0.1255653880122491,0.33333333333333326,0.0,0.0,0.0,3.72,0.8297498710363551,3.45,0.757121075675696,1.55,0.7571210756756959,0.0,0.0,0.0,0.0,5.12,2.2798192379168483,2.92,2.42745242023922,14.88,2.2798192379168483,5.0,0.0,30.0,0.0,6.0,0.0,1.5,0.0,0.63,0.7608474807008886
25.0,10.0,195.0,195.0,100,14.49,2.6419116127715108,0.483,0.08806372042571708,0.7725,0.12600605244402055,0.33333333333333326,0.0,0.0010000000000000002,0.007423383445120459,3.73,0.8270062840990955,3.45,0.757121075675696,1.55,0.7571210756756959,0.0,0.0,0.0,0.0,5.1,2.2674686638218713,2.93,2.442283250310552,14.9,2.2674686638218717,5.0,0.0,30.0,0.0,6.0,0.0,1.5,0.0,0.63,0.7608474807008886
25.0,10.0,196.0,196.0,100,14.49,2.6419116127715108,0.483,0.08806372042571708,0.7725,0.12600605244402055,0.33333333333333326,0.0,0.0,0.0,3.73,0.8270062840990955,3.45,0.757121075675696,1.55,0.7571210756756959,0.0,0.0,0.0,0.0,5.1,2.2674686638218713,2.82,2.2713854624858194,14.9,2.2674686638218717,5.0,0.0,30.0,0.0,6.0,0.0,1.5,0.0,0.63,0.7608474807008886
25.0,10.0,197.0,197.0,100,14.48,2.6418542615734766,0.48266666666666663,0.0880618087191159,0.773,0.12601507044714128,0.33333333333333326,0.0,0.00033333333333333327,0.0033333333333333327,3.73,0.8270062840990955,3.45,0.757121075675696,1.55,0.7571210756756959,0.0,0.0,0.0,0.0,5.09,2.270117693740645,2.88,2.454762429616884,14.91,2.2701176937406444,5.0,0.0,30.0,0.0,6.0,0.0,1.5,0.0,0.63,0.7608474807008886
25.0,10.0,198.0,198.0,100,14.47,2.6417586734766076,0.48233333333333334,0.08805862244922029,0.7735,0.1260220840034224,0.33333333333333326,0.0,0.00033333333333333327,0.0033333333333333335,3.74,0.8362977576162328,3.45,0.757121075675696,1.55,0.7571210756756959,0.0,0.0,0.0,0.0,5.08,2.2638128201882077,2.86,2.4578055416993596,14.92,2.263812820188208,5.0,0.0,30.0,0.0,6.0,0.0,1.5,0.0,0.63,0.7608474807008886
25.0,10.0,199.0,199.0,100,14.44,2.652690648524188,0.48133333333333334,0.08842302161747291,0.775,0.12663077641455703,0.33333333333333326,0.0,0.0010000000000000015,0.005714886933258853,3.74,0.8362977576162328,3.45,0.757121075675696,1.55,0.7571210756756959,0.0,0.0,0.0,0.0,5.05,2.284665614416467,2.78,2.2678250159636004,14.95,2.2846656144164665,5.0,0.0,30.0,0.0,6.0,0.0,1.5,0.0,0.63,0.7608474807008886
25.0,10.0,200.0,200.0,100,14.42,2.7012155886870004,0.48066666666666663,0.09004051962289998,0.775,0.12663077641455703,0.33333333333333326,0.0,0.0006666666666666668,0.0066666666666666706,3.74,0.8362977576162328,3.44,0.7563869460277668,1.56,0.7563869460277668,0.0,0.0,0.0,0.0,5.04,2.2914862187910034,2.91,2.4867121614166314,14.96,2.291486218791004,5.0,0.0,30.0,0.0,6.0,0.0,1.5,0.0,0.63,0.7608474807008886
25.0,10.0,201.0,201.0,100,14.42,2.7012155886870004,0.48066666666666663,0.09004051962289998,0.775,0.12663077641455703,0.33333333333333326,0.0,0.0,0.0,3.74,0.8362977576162328,3.44,0.7563869460277668,1.56,0.7563869460277668,0.0,0.0,0.0,0.0,5.04,2.2914862187910034,2.89,2.3990528434060274,14.96,2.291486218791004,5.0,0.0,30.0,0.0,6.0,0.0,1.5,0.0,0.63,0.7608474807008886
25.0,10.0,202.0,202.0,100,14.41,2.7046350040348344,0.48033333333333333,0.09015450013449443,0.7755,0.12682904265429923,0.33333333333333326,0.0,0.0003333333333333338,0.0033333333333333383,3.74,0.8362977576162328,3.43,0.7555184185763314,1.57,0.7555184185763314,0.0,0.0,0.0,0.0,5.03,2.2982426312117683,2.88,2.400673306227302,14.97,2.2982426312117683,5.0,0.0,30.0,0.0,6.0,0.0,1.5,0.0,0.63,0.7608474807008886
25.0,10.0,203.0,203.0,100,14.39,2.7150720361743925,0.4796666666666667,0.09050240120581306,0.7765000000000001,0.1274170357923186,0.33333333333333326,0.0,0.0006666666666666665,0.006666666666666667,3.74,0.8362977576162328,3.43,0.7555184185763314,1.57,0.7555184185763314,0.0,0.0,0.0,0.0,5.02,2.2961540088424455,2.78,2.276715692271291,14.98,2.2961540088424455,5.0,0.0,30.0,0.0,6.0,0.0,1.5,0.0,0.63,0.7608474807008886
25.0,10.0,204.0,204.0,100,14.36,2.7248204463132004,0.4786666666666667,0.09082734821043996,0.778,0.1279835848060132,0.33333333333333326,0.0,0.0009999999999999998,0.0074233834451204565,3.75,0.8453676505795951,3.43,0.7555184185763314,1.57,0.7555184185763314,0.0,0.0,0.0,0.0,5.0,2.2785783269221165,2.84,2.325614939856736,15.0,2.2785783269221165,5.0,0.0,30.0,0.0,6.0,0.0,1.5,0.0,0.63,0.7608474807008886
25.0,10.0,205.0,205.0,100,14.36,2.7248204463132004,0.4786666666666667,0.09082734821043996,0.778,0.1279835848060132,0.33333333333333326,0.0,0.0,0.0,3.75,0.8453676505795951,3.43,0.7555184185763314,1.57,0.7555184185763314,0.0,0.0,0.0,0.0,5.0,2.2785783269221165,2.83,2.3529693254406543,15.0,2.2785783269221165,5.0,0.0,30.0,0.0,6.0,0.0,1.5,0.0,0.63,0.7608474807008886
25.0,10.0,206.0,206.0,100,14.35,2.7131367660166186,0.4783333333333333,0.09043789220055391,0.7785,0.12737739202856993,0.33333333333333326,0.0,0.00033333333333333327,0.0033333333333333327,3.75,0.8453676505795951,3.43,0.7555184185763314,1.57,0.7555184185763314,0.0,0.0,0.0,0.0,4.99,2.2674463899534936,2.81,2.402418814781503,15.01,2.2674463899534936,5.0,0.0,30.0,0.0,6.0,0.0,1.5,0.0,0.63,0.7608474807008886
25.0,10.0,207.0,207.0,100,14.33,2.681982532200817,0.4776666666666667,0.08939941774002719,0.7795000000000001,0.12574926953218765,0.33333333333333326,0.0,0.0006666666666666665,0.004690176471209654,3.77,0.8270062840990957,3.43,0.7555184185763314,1.57,0.7555184185763314,0.0,0.0,0.0,0.0,4.97,2.235864689351954,2.81,2.385541464910656,15.03,2.235864689351954,5.0,0.0,30.0,0.0,6.0,0.0,1.5,0.0,0.63,0.7608474807008886
25.0,10.0,208.0,208.0,100,14.33,2.681982532200817,0.4776666666666667,0.08939941774002719,0.7795000000000001,0.12574926953218765,0.33333333333333326,0.0,0.0,0.0,3.77,0.8270062840990957,3.43,0.7555184185763314,1.57,0.7555184185763314,0.0,0.0,0.0,0.0,4.97,2.235864689351954,2.86,2.403784894324328,15.03,2.235864689351954,5.0,0.0,30.0,0.0,6.0,0.0,1.5,0.0,0.63,0.7608474807008886
25.0,10.0,209.0,209.0,100,14.32,2.6662120824658473,0.47733333333333333,0.08887373608219487,0.78,0.12492421945347748,0.33333333333333326,0.0,0.00033333333333333327,0.0033333333333333335,3.77,0.8270062840990957,3.43,0.7555184185763314,1.57,0.7555184185763314,0.0,0.0,0.0,0.0,4.96,2.219837103860725,2.75,2.341436147393994,15.04,2.219837103860725,5.0,0.0,30.0,0.0,6.0,0.0,1.5,0.0,0.63,0.7608474807008886
25.0,10.0,210.0,210.0,100,14.32,2.6662120824658473,0.47733333333333333,0.08887373608219487,0.78,0.12492421945347748,0.33333333333333326,0.0,0.0,0.0,3.77,0.8270062840990957,3.43,0.7555184185763314,1.57,0.7555184185763314,0.0,0.0,0.0,0.0,4.96,2.219837103860725,2.82,2.4010940267412533,15.04,2.219837103860725,5.0,0.0,30.0,0.0,6.0,0.0,1.5,0.0,0.63,0.7608474807008886
25.0,10.0,211.0,211.0,100,14.32,2.6662120824658473,0.47733333333333333,0.08887373608219487,0.78,0.12492421945347748,0.33333333333333326,0.0,0.0,0.0,3.77,0.8270062840990957,3.43,0.7555184185763314,1.57,0.7555184185763314,0.0,0.0,0.0,0.0,4.96,2.219837103860725,2.86,2.4205350439499735,15.04,2.219837103860725,5.0,0.0,30.0,0.0,6.0,0.0,1.5,0.0,0.63,0.7608474807008886
25.0,10.0,212.0,212.0,100,14.31,2.6730794105962388,0.477,0.08910264701987461,0.7805,0.12530669446110082,0.33333333333333326,0.0,0.0003333333333333327,0.0033333333333333266,3.77,0.8270062840990957,3.42,0.754515029202818,1.58,0.7545150292028181,0.0,0.0,0.0,0.0,4.95,2.230980216692368,2.86,2.378438499724073,15.05,2.2309802166923682,5.0,0.0,30.0,0.0,6.0,0.0,1.5,0.0,0.63,0.7608474807008886
25.0,10.0,213.0,213.0,100,14.3,2.6495663834299417,0.4766666666666666,0.0883188794476647,0.7809999999999999,0.12406824449845856,0.33333333333333326,0.0,0.00033333333333333327,0.0033333333333333322,3.78,0.835814488140675,3.42,0.754515029202818,1.58,0.7545150292028181,0.0,0.0,0.0,0.0,4.94,2.205685948871802,2.75,2.328458110363416,15.06,2.2056859488718024,5.0,0.0,30.0,0.0,6.0,0.0,1.5,0.0,0.63,0.7608474807008886
25.0,10.0,214.0,214.0,100,14.3,2.6495663834299417,0.4766666666666666,0.0883188794476647,0.7809999999999999,0.12406824449845856,0.33333333333333326,0.0,0.0,0.0,3.78,0.835814488140675,3.42,0.754515029202818,1.57,0.7555184185763314,0.01,0.09999999999999998,0.01,0.09999999999999998,4.93,2.2213609442061513,2.86,2.4495722157968807,15.07,2.2213609442061513,5.0,0.0,30.0,0.0,6.0,0.0,1.5,0.0,0.63,0.7608474807008886
25.0,10.0,215.0,215.0,100,14.3,2.6495663834299417,0.4766666666666666,0.0883188794476647,0.7809999999999999,0.12406824449845856,0.33333333333333326,0.0,0.0,0.0,3.78,0.835814488140675,3.42,0.754515029202818,1.58,0.7545150292028181,0.0,0.0,0.0,0.0,4.94,2.205685948871802,2.75,2.3457462037750916,15.06,2.2056859488718024,5.0,0.0,30.0,0.0,6.0,0.0,1.5,0.0,0.63,0.7608474807008886
25.0,10.0,216.0,216.0,100,14.29,2.637319575905534,0.47633333333333333,0.08791065253018444,0.7815000000000001,0.12343055136432392,0.33333333333333326,0.0,0.00033333333333333327,0.0033333333333333335,3.79,0.8444112167838033,3.42,0.754515029202818,1.58,0.7545150292028181,0.0,0.0,0.0,0.0,4.93,2.1939080024541413,2.79,2.371101265682513,15.07,2.193908002454142,5.0,0.0,30.0,0.0,6.0,0.0,1.5,0.0,0.63,0.7608474807008886
25.0,10.0,217.0,217.0,100,14.29,2.637319575905534,0.47633333333333333,0.08791065253018444,0.7815000000000001,0.12343055136432392,0.33333333333333326,0.0,0.0,0.0,3.79,0.8444112167838033,3.42,0.754515029202818,1.58,0.7545150292028181,0.0,0.0,0.0,0.0,4.93,2.1939080024541413,2.75,2.354342645608174,15.07,2.193908002454142,5.0,0.0,30.0,0.0,6.0,0.0,1.5,0.0,0.63,0.7608474807008886
25.0,10.0,218.0,218.0,100,14.29,2.637319575905534,0.47633333333333333,0.08791065253018444,0.7815000000000001,0.12343055136432392,0.33333333333333326,0.0,0.0,0.0,3.79,0.8444112167838033,3.42,0.754515029202818,1.58,0.7545150292028181,0.0,0.0,0.0,0.0,4.93,2.1939080024541413,2.71,2.2798856962310166,15.07,2.193908002454142,5.0,0.0,30.0,0.0,6.0,0.0,1.5,0.0,0.63,0.7608474807008886
25.0,10.0,219.0,219.0,100,14.29,2.637319575905534,0.47633333333333333,0.08791065253018444,0.7815000000000001,0.12343055136432392,0.33333333333333326,0.0,0.0,0.0,3.79,0.8444112167838033,3.42,0.754515029202818,1.58,0.7545150292028181,0.0,0.0,0.0,0.0,4.93,2.1939080024541413,2.65,2.315407331574967,15.07,2.193908002454142,5.0,0.0,30.0,0.0,6.0,0.0,1.5,0.0,0.63,0.7608474807008886
25.0,10.0,220.0,220.0,100,14.29,2.637319575905534,0.47633333333333333,0.08791065253018444,0.7815000000000001,0.12343055136432392,0.33333333333333326,0.0,0.0,0.0,3.79,0.8444112167838033,3.42,0.754515029202818,1.58,0.7545150292028181,0.0,0.0,0.0,0.0,4.93,2.1939080024541413,2.69,2.3939950127792917,15.07,2.193908002454142,5.0,0.0,30.0,0.0,6.0,0.0,1.5,0.0,0.63,0.7608474807008886
25.0,10.0,221.0,221.0,100,14.29,2.637319575905534,0.47633333333333333,0.08791065253018444,0.7815000000000001,0.12343055136432392,0.33333333333333326,0.0,0.0,0.0,3.79,0.8444112167838033,3.42,0.754515029202818,1.58,0.7545150292028181,0.0,0.0,0.0,0.0,4.93,2.1939080024541413,2.67,2.3658129061848294,15.07,2.193908002454142,5.0,0.0,30.0,0.0,6.0,0.0,1.5,0.0,0.63,0.7608474807008886
25.0,10.0,222.0,222.0,100,14.29,2.637319575905534,0.47633333333333333,0.08791065253018444,0.7815000000000001,0.12343055136432392,0.33333333333333326,0.0,0.0,0.0,3.79,0.8444112167838033,3.42,0.754515029202818,1.58,0.7545150292028181,0.0,0.0,0.0,0.0,4.93,2.1939080024541413,2.74,2.4230375793848324,15.07,2.193908002454142,5.0,0.0,30.0,0.0,6.0,0.0,1.5,0.0,0.63,0.7608474807008886
25.0,10.0,223.0,223.0,100,14.29,2.637319575905534,0.47633333333333333,0.08791065253018444,0.7815000000000001,0.12343055136432392,0.33333333333333326,0.0,0.0,0.0,3.79,0.8444112167838033,3.42,0.754515029202818,1.58,0.7545150292028181,0.0,0.0,0.0,0.0,4.93,2.1939080024541413,2.77,2.3946700074215745,15.07,2.193908002454142,5.0,0.0,30.0,0.0,6.0,0.0,1.5,0.0,0.63,0.7608474807008886
25.0,10.0,224.0,224.0,100,14.29,2.637319575905534,0.47633333333333333,0.08791065253018444,0.7815000000000001,0.12343055136432392,0.33333333333333326,0.0,0.0,0.0,3.79,0.8444112167838033,3.42,0.754515029202818,1.58,0.7545150292028181,0.0,0.0,0.0,0.0,4.93,2.1939080024541413,2.71,2.3582864863105906,15.07,2.193908002454142,5.0,0.0,30.0,0.0,6.0,0.0,1.5,0.0,0.63,0.7608474807008886
25.0,10.0,225.0,225.0,100,14.29,2.637319575905534,0.47633333333333333,0.08791065253018444,0.7815000000000001,0.12343055136432392,0.33333333333333326,0.0,0.0,0.0,3.79,0.8444112167838033,3.42,0.754515029202818,1.58,0.7545150292028181,0.0,0.0,0.0,0.0,4.93,2.1939080024541413,2.81,2.419178423023866,15.07,2.193908002454142,5.0,0.0,30.0,0.0,6.0,0.0,1.5,0.0,0.63,0.7608474807008886
25.0,10.0,226.0,226.0,100,14.29,2.637319575905534,0.47633333333333333,0.08791065253018444,0.7815000000000001,0.12343055136432392,0.33333333333333326,0.0,0.0,0.0,3.79,0.8444112167838033,3.42,0.754515029202818,1.58,0.7545150292028181,0.0,0.0,0.0,0.0,4.93,2.1939080024541413,2.74,2.4272027379914376,15.07,2.193908002454142,5.0,0.0,30.0,0.0,6.0,0.0,1.5,0.0,0.63,0.7608474807008886
25.0,10.0,227.0,227.0,100,14.29,2.637319575905534,0.47633333333333333,0.08791065253018444,0.7815000000000001,0.12343055136432392,0.33333333333333326,0.0,0.0,0.0,3.79,0.8444112167838033,3.42,0.754515029202818,1.58,0.7545150292028181,0.0,0.0,0.0,0.0,4.93,2.1939080024541413,2.65,2.3110406943429385,15.07,2.193908002454142,5.0,0.0,30.0,0.0,6.0,0.0,1.5,0.0,0.63,0.7608474807008886
25.0,10.0,228.0,228.0,100,14.29,2.637319575905534,0.47633333333333333,0.08791065253018444,0.7815000000000001,0.12343055136432392,0.33333333333333326,0.0,0.0,0.0,3.79,0.8444112167838033,3.42,0.754515029202818,1.58,0.7545150292028181,0.0,0.0,0.0,0.0,4.93,2.1939080024541413,2.71,2.4007364190046676,15.07,2.193908002454142,5.0,0.0,30.0,0.0,6.0,0.0,1.5,0.0,0.63,0.7608474807008886
25.0,10.0,229.0,229.0,100,14.29,2.637319575905534,0.47633333333333333,0.08791065253018444,0.7815000000000001,0.12343055136432392,0.33333333333333326,0.0,0.0,0.0,3.79,0.8444112167838033,3.42,0.754515029202818,1.58,0.7545150292028181,0.0,0.0,0.0,0.0,4.93,2.1939080024541413,2.74,2.423037579384833,15.07,2.193908002454142,5.0,0.0,30.0,0.0,6.0,0.0,1.5,0.0,0.63,0.7608474807008886
25.0,10.0,230.0,230.0,100,14.28,2.6288223733655096,0.47600000000000003,0.08762741244551696,0.782,0.1229929783657292,0.33333333333333326,0.0,0.00033333333333333327,0.0033333333333333335,3.8,0.8408749651825218,3.42,0.754515029202818,1.58,0.7545150292028181,0.0,0.0,0.0,0.0,4.92,2.186644493605246,2.65,2.3671787751531053,15.08,2.1866444936052463,5.0,0.0,30.0,0.0,6.0,0.0,1.5,0.0,0.63,0.7608474807008886
25.0,10.0,231.0,231.0,100,14.25,2.6414527683213884,0.475,0.08804842561071292,0.7829999999999999,0.12272577627220847,0.33333333333333326,0.0,0.0009999999999999998,0.007423383445120454,3.8,0.8408749651825218,3.42,0.754515029202818,1.58,0.7545150292028181,0.0,0.0,0.0,0.0,4.89,2.196852661459484,2.66,2.3750385430152665,15.11,2.196852661459484,5.0,0.0,30.0,0.0,6.0,0.0,1.5,0.0,0.63,0.7608474807008886
25.0,10.0,232.0,232.0,100,14.25,2.6414527683213884,0.475,0.08804842561071292,0.7829999999999999,0.12272577627220847,0.33333333333333326,0.0,0.0,0.0,3.8,0.8408749651825218,3.42,0.754515029202818,1.58,0.7545150292028181,0.0,0.0,0.0,0.0,4.89,2.196852661459484,2.62,2.259793500890439,15.11,2.196852661459484,5.0,0.0,30.0,0.0,6.0,0.0,1.5,0.0,0.63,0.7608474807008886
25.0,10.0,233.0,233.0,100,14.25,2.6414527683213884,0.475,0.08804842561071292,0.7829999999999999,0.12272577627220847,0.33333333333333326,0.0,0.0,0.0,3.8,0.8408749651825218,3.42,0.754515029202818,1.58,0.7545150292028181,0.0,0.0,0.0,0.0,4.89,2.196852661459484,2.6,2.326830766115451,15.11,2.196852661459484,5.0,0.0,30.0,0.0,6.0,0.0,1.5,0.0,0.63,0.7608474807008886
25.0,10.0,234.0,234.0,100,14.24,2.6328154458140767,0.4746666666666667,0.08776051486046921,0.7835,0.12227948612613941,0.33333333333333326,0.0,0.00033333333333333327,0.003333333333333333,3.8,0.8408749651825218,3.42,0.754515029202818,1.58,0.7545150292028181,0.0,0.0,0.0,0.0,4.88,2.1894143859798114,2.6,2.3910607932822865,15.12,2.1894143859798105,5.0,0.0,30.0,0.0,6.0,0.0,1.5,0.0,0.63,0.7608474807008886
25.0,10.0,235.0,235.0,100,14.23,2.6356338244463435,0.4743333333333333,0.08785446081487806,0.784,0.12244974231879537,0.33333333333333326,0.0,0.0003333333333333338,0.003333333333333339,3.8,0.8408749651825218,3.42,0.754515029202818,1.58,0.7545150292028181,0.0,0.0,0.0,0.0,4.87,2.1957488771061984,2.66,2.404625172916191,15.13,2.1957488771061984,5.0,0.0,30.0,0.0,6.0,0.0,1.5,0.0,0.63,0.7608474807008886
25.0,10.0,236.0,236.0,100,14.23,2.6356338244463435,0.4743333333333333,0.08785446081487806,0.784,0.12244974231879537,0.33333333333333326,0.0,0.0,0.0,3.8,0.8408749651825218,3.42,0.754515029202818,1.58,0.7545150292028181,0.0,0.0,0.0,0.0,4.87,2.1957488771061984,2.66,2.429698405859119,15.13,2.1957488771061984,5.0,0.0,30.0,0.0,6.0,0.0,1.5,0.0,0.63,0.7608474807008886
25.0,10.0,237.0,237.0,100,14.23,2.6356338244463435,0.4743333333333333,0.08785446081487806,0.784,0.12244974231879537,0.33333333333333326,0.0,0.0,0.0,3.8,0.8408749651825218,3.42,0.754515029202818,1.58,0.7545150292028181,0.0,0.0,0.0,0.0,4.87,2.1957488771061984,2.68,2.4898987850103382,15.13,2.1957488771061984,5.0,0.0,30.0,0.0,6.0,0.0,1.5,0.0,0.63,0.7608474807008886
25.0,10.0,238.0,238.0,100,14.22,2.626900466444449,0.474,0.08756334888148154,0.7845,0.12199830268731551,0.33333333333333326,0.0,0.00033333333333333327,0.003333333333333333,3.81,0.8372031359885668,3.42,0.754515029202818,1.58,0.7545150292028181,0.0,0.0,0.0,0.0,4.86,2.1882145297668667,2.66,2.417194299767456,15.14,2.1882145297668667,5.0,0.0,30.0,0.0,6.0,0.0,1.5,0.0,0.63,0.7608474807008886
25.0,10.0,239.0,239.0,100,14.19,2.619642199332812,0.473,0.08732140664442706,0.7859999999999999,0.12166355330180112,0.33333333333333326,0.0,0.0009999999999999992,0.00742338344512045,3.81,0.8372031359885668,3.42,0.754515029202818,1.58,0.7545150292028181,0.0,0.0,0.0,0.0,4.84,2.1822053528529803,2.64,2.401682911643585,15.16,2.1822053528529812,5.0,0.0,30.0,0.0,6.0,0.0,1.5,0.0,0.63,0.7608474807008886
25.0,10.0,240.0,240.0,100,14.19,2.619642199332812,0.473,0.08732140664442706,0.7859999999999999,0.12166355330180112,0.33333333333333326,0.0,0.0,0.0,3.81,0.8372031359885668,3.42,0.754515029202818,1.58,0.7545150292028181,0.0,0.0,0.0,0.0,4.84,2.1822053528529803,2.67,2.3828299955890238,15.16,2.1822053528529812,5.0,0.0,30.0,0.0,6.0,0.0,1.5,0.0,0.63,0.7608474807008886
25.0,10.0,241.0,241.0,100,14.19,2.619642199332812,0.473,0.08732140664442706,0.7859999999999999,0.12166355330180112,0.33333333333333326,0.0,0.0,0.0,3.81,0.8372031359885668,3.42,0.754515029202818,1.58,0.7545150292028181,0.0,0.0,0.0,0.0,4.84,2.1822053528529803,2.6,2.33981782939345,15.16,2.1822053528529812,5.0,0.0,30.0,0.0,6.0,0.0,1.5,0.0,0.63,0.7608474807008886
25.0,10.0,242.0,242.0,100,14.19,2.619642199332812,0.473,0.08732140664442706,0.7859999999999999,0.12166355330180112,0.33333333333333326,0.0,0.0,0.0,3.81,0.8372031359885668,3.42,0.754515029202818,1.58,0.7545150292028181,0.0,0.0,0.0,0.0,4.84,2.1822053528529803,2.65,2.4469110603725954,15.16,2.1822053528529812,5.0,0.0,30.0,0.0,6.0,0.0,1.5,0.0,0.63,0.7608474807008886
25.0,10.0,243.0,243.0,100,14.19,2.619642199332812,0.473,0.08732140664442706,0.7859999999999999,0.12166355330180112,0.33333333333333326,0.0,0.0,0.0,3.81,0.8372031359885668,3.42,0.754515029202818,1.58,0.7545150292028181,0.0,0.0,0.0,0.0,4.84,2.1822053528529803,2.58,2.458463016610257,15.16,2.1822053528529812,5.0,0.0,30.0,0.0,6.0,0.0,1.5,0.0,0.63,0.7608474807008886
25.0,10.0,244.0,244.0,100,14.19,2.619642199332812,0.473,0.08732140664442706,0.7859999999999999,0.12166355330180112,0.33333333333333326,0.0,0.0,0.0,3.81,0.8372031359885668,3.42,0.754515029202818,1.58,0.7545150292028181,0.0,0.0,0.0,0.0,4.84,2.1822053528529803,2.65,2.392644452221741,15.16,2.1822053528529812,5.0,0.0,30.0,0.0,6.0,0.0,1.5,0.0,0.63,0.7608474807008886
25.0,10.0,245.0,245.0,100,14.19,2.619642199332812,0.473,0.08732140664442706,0.7859999999999999,0.12166355330180112,0.33333333333333326,0.0,0.0,0.0,3.81,0.8372031359885668,3.42,0.754515029202818,1.58,0.7545150292028181,0.0,0.0,0.0,0.0,4.84,2.1822053528529803,2.56,2.341198864089106,15.16,2.1822053528529812,5.0,0.0,30.0,0.0,6.0,0.0,1.5,0.0,0.63,0.7608474807008886
25.0,10.0,246.0,246.0,100,14.19,2.619642199332812,0.473,0.08732140664442706,0.7859999999999999,0.12166355330180112,0.33333333333333326,0.0,0.0,0.0,3.81,0.8372031359885668,3.42,0.754515029202818,1.58,0.7545150292028181,0.0,0.0,0.0,0.0,4.84,2.1822053528529803,2.56,2.3238769417514433,15.16,2.1822053528529812,5.0,0.0,30.0,0.0,6.0,0.0,1.5,0.0,0.63,0.7608474807008886
25.0,10.0,247.0,247.0,100,14.18,2.629974843371639,0.4726666666666667,0.08766582811238793,0.7865000000000001,0.12223817618555882,0.33333333333333326,0.0,0.00033333333333333435,0.0033333333333333444,3.81,0.8372031359885668,3.42,0.754515029202818,1.58,0.7545150292028181,0.0,0.0,0.0,0.0,4.83,2.1744847293977116,2.6,2.4037008503093262,15.17,2.174484729397712,5.0,0.0,30.0,0.0,6.0,0.0,1.5,0.0,0.63,0.7608474807008886
25.0,10.0,248.0,248.0,100,14.18,2.629974843371639,0.4726666666666667,0.08766582811238793,0.7865000000000001,0.12223817618555882,0.33333333333333326,0.0,0.0,0.0,3.81,0.8372031359885668,3.42,0.754515029202818,1.58,0.7545150292028181,0.0,0.0,0.0,0.0,4.83,2.1744847293977116,2.54,2.2848645606700764,15.17,2.174484729397712,5.0,0.0,30.0,0.0,6.0,0.0,1.5,0.0,0.63,0.7608474807008886
25.0,10.0,249.0,249.0,100,14.17,2.6364002087327445,0.4723333333333333,0.08788000695775813,0.787,0.12260225581657594,0.33333333333333326,0.0,0.0003333333333333327,0.003333333333333328,3.82,0.8333939371902428,3.42,0.754515029202818,1.58,0.7545150292028181,0.0,0.0,0.0,0.0,4.82,2.185258230817021,2.57,2.4422832503105525,15.18,2.185258230817021,5.0,0.0,30.0,0.0,6.0,0.0,1.5,0.0,0.63,0.7608474807008886
25.0,10.0,250.0,250.0,100,14.17,2.6364002087327445,0.4723333333333333,0.08788000695775813,0.787,0.12260225581657594,0.33333333333333326,0.0,0.0,0.0,3.82,0.8333939371902428,3.42,0.754515029202818,1.58,0.7545150292028181,0.0,0.0,0.0,0.0,4.82,2.185258230817021,2.67,2.4165046967665815,15.18,2.185258230817021,5.0,0.0,30.0,0.0,6.0,0.0,1.5,0.0,0.63,0.7608474807008886
25.0,10.0,251.0,251.0,100,14.16,2.650404962387156,0.472,0.08834683207957185,0.7875,0.12337325316274837,0.33333333333333326,0.0,0.0003333333333333327,0.003333333333333328,3.83,0.8415353933031089,3.42,0.754515029202818,1.58,0.7545150292028181,0.0,0.0,0.0,0.0,4.81,2.1959328796940065,2.65,2.4303427035226246,15.19,2.195932879694007,5.0,0.0,30.0,0.0,6.0,0.0,1.5,0.0,0.63,0.7608474807008886
25.0,10.0,252.0,252.0,100,14.16,2.650404962387156,0.472,0.08834683207957185,0.7875,0.12337325316274837,0.33333333333333326,0.0,0.0,0.0,3.83,0.8415353933031089,3.42,0.754515029202818,1.58,0.7545150292028181,0.0,0.0,0.0,0.0,4.81,2.1959328796940065,2.59,2.3998947788382194,15.19,2.195932879694007,5.0,0.0,30.0,0.0,6.0,0.0,1.5,0.0,0.63,0.7608474807008886
25.0,10.0,253.0,253.0,100,14.16,2.650404962387156,0.472,0.08834683207957185,0.7875,0.12337325316274837,0.33333333333333326,0.0,0.0,0.0,3.83,0.8415353933031089,3.42,0.754515029202818,1.58,0.7545150292028181,0.0,0.0,0.0,0.0,4.81,2.1959328796940065,2.58,2.3232683352500976,15.19,2.195932879694007,5.0,0.0,30.0,0.0,6.0,0.0,1.5,0.0,0.63,0.7608474807008886
25.0,10.0,254.0,254.0,100,14.16,2.650404962387156,0.472,0.08834683207957185,0.7875,0.12337325316274837,0.33333333333333326,0.0,0.0,0.0,3.83,0.8415353933031089,3.42,0.754515029202818,1.58,0.7545150292028181,0.0,0.0,0.0,0.0,4.81,2.1959328796940065,2.52,2.3114995788514223,15.19,2.195932879694007,5.0,0.0,30.0,0.0,6.0,0.0,1.5,0.0,0.63,0.7608474807008886
25.0,10.0,255.0,255.0,100,14.16,2.650404962387156,0.472,0.08834683207957185,0.7875,0.12337325316274837,0.33333333333333326,0.0,0.0,0.0,3.83,0.8415353933031089,3.42,0.754515029202818,1.58,0.7545150292028181,0.0,0.0,0.0,0.0,4.81,2.1959328796940065,2.64,2.3763140968459298,15.19,2.195932879694007,5.0,0.0,30.0,0.0,6.0,0.0,1.5,0.0,0.63,0.7608474807008886
25.0,10.0,256.0,256.0,100,14.16,2.650404962387156,0.472,0.08834683207957185,0.7875,0.12337325316274837,0.33333333333333326,0.0,0.0,0.0,3.83,0.8415353933031089,3.42,0.754515029202818,1.58,0.7545150292028181,0.0,0.0,0.0,0.0,4.81,2.1959328796940065,2.58,2.310188238427704,15.19,2.195932879694007,5.0,0.0,30.0,0.0,6.0,0.0,1.5,0.0,0.63,0.7608474807008886
25.0,10.0,257.0,257.0,100,14.16,2.650404962387156,0.472,0.08834683207957185,0.7875,0.12337325316274837,0.33333333333333326,0.0,0.0,0.0,3.83,0.8415353933031089,3.42,0.754515029202818,1.58,0.7545150292028181,0.0,0.0,0.0,0.0,4.81,2.1959328796940065,2.56,2.354106663220293,15.19,2.195932879694007,5.0,0.0,30.0,0.0,6.0,0.0,1.5,0.0,0.63,0.7608474807008886
25.0,10.0,258.0,258.0,100,14.16,2.650404962387156,0.472,0.08834683207957185,0.7875,0.12337325316274837,0.33333333333333326,0.0,0.0,0.0,3.83,0.8415353933031089,3.42,0.754515029202818,1.58,0.7545150292028181,0.0,0.0,0.0,0.0,4.81,2.1959328796940065,2.65,2.438640952860773,15.19,2.195932879694007,5.0,0.0,30.0,0.0,6.0,0.0,1.5,0.0,0.63,0.7608474807008886
25.0,10.0,259.0,259.0,100,14.16,2.650404962387156,0.472,0.08834683207957185,0.7875,0.12337325316274837,0.33333333333333326,0.0,0.0,0.0,3.83,0.8415353933031089,3.42,0.754515029202818,1.58,0.7545150292028181,0.0,0.0,0.0,0.0,4.81,2.1959328796940065,2.56,2.323876941751443,15.19,2.195932879694007,5.0,0.0,30.0,0.0,6.0,0.0,1.5,0.0,0.63,0.7608474807008886
25.0,10.0,260.0,260.0,100,14.16,2.650404962387156,0.472,0.08834683207957185,0.7875,0.12337325316274837,0.33333333333333326,0.0,0.0,0.0,3.83,0.8415353933031089,3.42,0.754515029202818,1.58,0.7545150292028181,0.0,0.0,0.0,0.0,4.81,2.1959328796940065,2.53,2.2982426312117683,15.19,2.195932879694007,5.0,0.0,30.0,0.0,6.0,0.0,1.5,0.0,0.63,0.7608474807008886
25.0,10.0,261.0,261.0,100,14.16,2.650404962387156,0.472,0.08834683207957185,0.7875,0.12337325316274837,0.33333333333333326,0.0,0.0,0.0,3.83,0.8415353933031089,3.42,0.754515029202818,1.58,0.7545150292028181,0.0,0.0,0.0,0.0,4.81,2.1959328796940065,2.58,2.3791179080075073,15.19,2.195932879694007,5.0,0.0,30.0,0.0,6.0,0.0,1.5,0.0,0.63,0.7608474807008886
25.0,10.0,262.0,262.0,100,14.16,2.650404962387156,0.472,0.08834683207957185,0.7875,0.12337325316274837,0.33333333333333326,0.0,0.0,0.0,3.83,0.8415353933031089,3.42,0.754515029202818,1.58,0.7545150292028181,0.0,0.0,0.0,0.0,4.81,2.1959328796940065,2.56,2.3368804207768314,15.19,2.195932879694007,5.0,0.0,30.0,0.0,6.0,0.0,1.5,0.0,0.63,0.7608474807008886
25.0,10.0,263.0,263.0,100,14.16,2.650404962387156,0.472,0.08834683207957185,0.7875,0.12337325316274837,0.33333333333333326,0.0,0.0,0.0,3.83,0.8415353933031089,3.42,0.754515029202818,1.58,0.7545150292028181,0.0,0.0,0.0,0.0,4.81,2.1959328796940065,2.5,2.3719744151787614,15.19,2.195932879694007,5.0,0.0,30.0,0.0,6.0,0.0,1.5,0.0,0.63,0.7608474807008886
25.0,10.0,264.0,264.0,100,14.13,2.6653595281202525,0.47100000000000003,0.08884531760400839,0.7885,0.1226506494812882,0.33333333333333326,0.0,0.0009999999999999996,0.007423383445120452,3.83,0.8415353933031089,3.41,0.7666666666666666,1.58,0.7545150292028181,0.01,0.1,0.01,0.1,4.79,2.1940921594227545,2.59,2.437480898656055,15.21,2.194092159422754,5.0,0.0,30.0,0.0,6.0,0.0,1.5,0.0,0.63,0.7608474807008886
25.0,10.0,265.0,265.0,100,14.14,2.636266107565583,0.4713333333333333,0.08787553691885276,0.7885,0.1226506494812882,0.33333333333333326,0.0,-0.000333333333333333,0.003333333333333331,3.83,0.8415353933031089,3.41,0.7666666666666666,1.59,0.7666666666666666,0.0,0.0,0.0,0.0,4.8,2.1835010345032515,2.59,2.4250169217362316,15.2,2.183501034503251,5.0,0.0,30.0,0.0,6.0,0.0,1.5,0.0,0.63,0.7608474807008886
25.0,10.0,266.0,266.0,100,14.14,2.636266107565583,0.4713333333333333,0.08787553691885276,0.7885,0.1226506494812882,0.33333333333333326,0.0,0.0,0.0,3.83,0.8415353933031089,3.41,0.7666666666666666,1.59,0.7666666666666666,0.0,0.0,0.0,0.0,4.8,2.1835010345032515,2.58,2.3748684174075834,15.2,2.183501034503251,5.0,0.0,30.0,0.0,6.0,0.0,1.5,0.0,0.63,0.7608474807008886
25.0,10.0,267.0,267.0,100,14.14,2.636266107565583,0.4713333333333333,0.08787553691885276,0.7885,0.1226506494812882,0.33333333333333326,0.0,0.0,0.0,3.83,0.8415353933031089,3.41,0.7666666666666666,1.59,0.7666666666666666,0.0,0.0,0.0,0.0,4.8,2.1835010345032515,2.56,2.366944072517186,15.2,2.183501034503251,5.0,0.0,30.0,0.0,6.0,0.0,1.5,0.0,0.63,0.7608474807008886
25.0,10.0,268.0,268.0,100,14.14,2.636266107565583,0.4713333333333333,0.08787553691885276,0.7885,0.1226506494812882,0.33333333333333326,0.0,0.0,0.0,3.83,0.8415353933031089,3.41,0.7666666666666666,1.59,0.7666666666666666,0.0,0.0,0.0,0.0,4.8,2.1835010345032515,2.61,2.3263749057321355,15.2,2.183501034503251,5.0,0.0,30.0,0.0,6.0,0.0,1.5,0.0,0.63,0.7608474807008886
25.0,10.0,269.0,269.0,100,14.14,2.636266107565583,0.4713333333333333,0.08787553691885276,0.7885,0.1226506494812882,0.33333333333333326,0.0,0.0,0.0,3.83,0.8415353933031089,3.41,0.7666666666666666,1.59,0.7666666666666666,0.0,0.0,0.0,0.0,4.8,2.1835010345032515,2.57,2.3365994457110038,15.2,2.183501034503251,5.0,0.0,30.0,0.0,6.0,0.0,1.5,0.0,0.63,0.7608474807008886
25.0,10.0,270.0,270.0,100,14.14,2.636266107565583,0.4713333333333333,0.08787553691885276,0.7885,0.1226506494812882,0.33333333333333326,0.0,0.0,0.0,3.83,0.8415353933031089,3.41,0.7666666666666666,1.59,0.7666666666666666,0.0,0.0,0.0,0.0,4.8,2.1835010345032515,2.65,2.4386409528607724,15.2,2.183501034503251,5.0,0.0,30.0,0.0,6.0,0.0,1.5,0.0,0.63,0.7608474807008886
25.0,10.0,271.0,271.0,100,14.13,2.6653595281202525,0.47100000000000003,0.08884531760400839,0.7885,0.1226506494812882,0.33333333333333326,0.0,0.000333333333333333,0.003333333333333331,3.83,0.8415353933031089,3.41,0.7666666666666666,1.57,0.7555184185763315,0.02,0.2,0.02,0.2,4.79,2.1940921594227545,2.56,2.315167380558045,15.21,2.194092159422754,5.0,0.0,30.0,0.0,6.0,0.0,1.5,0.0,0.63,0.7608474807008886
25.0,10.0,272.0,272.0,100,14.15,2.610681245509794,0.4716666666666666,0.08702270818365976,0.7885,0.1226506494812882,0.33333333333333326,0.0,-0.000666666666666666,0.006666666666666662,3.83,0.8415353933031089,3.42,0.754515029202818,1.58,0.7545150292028181,0.0,0.0,0.0,0.0,4.81,2.1774556554182984,2.64,2.468058575340774,15.19,2.177455655418299,5.0,0.0,30.0,0.0,6.0,0.0,1.5,0.0,0.63,0.7608474807008886
25.0,10.0,273.0,273.0,100,14.15,2.610681245509794,0.4716666666666666,0.08702270818365976,0.7885,0.1226506494812882,0.33333333333333326,0.0,0.0,0.0,3.83,0.8415353933031089,3.42,0.754515029202818,1.58,0.7545150292028181,0.0,0.0,0.0,0.0,4.81,2.1774556554182984,2.48,2.2718301259583917,15.19,2.177455655418299,5.0,0.0,30.0,0.0,6.0,0.0,1.5,0.0,0.63,0.7608474807008886
25.0,10.0,274.0,274.0,100,14.15,2.610681245509794,0.4716666666666666,0.08702270818365976,0.7885,0.1226506494812882,0.33333333333333326,0.0,0.0,0.0,3.83,0.8415353933031089,3.42,0.754515029202818,1.58,0.7545150292028181,0.0,0.0,0.0,0.0,4.81,2.1774556554182984,2.56,2.3797122311385266,15.19,2.177455655418299,5.0,0.0,30.0,0.0,6.0,0.0,1.5,0.0,0.63,0.7608474807008886
25.0,10.0,275.0,275.0,100,14.15,2.610681245509794,0.4716666666666666,0.08702270818365976,0.7885,0.1226506494812882,0.33333333333333326,0.0,0.0,0.0,3.83,0.8415353933031089,3.42,0.754515029202818,1.58,0.7545150292028181,0.0,0.0,0.0,0.0,4.81,2.1774556554182984,2.49,2.3931510017488904,15.19,2.177455655418299,5.0,0.0,30.0,0.0,6.0,0.0,1.5,0.0,0.63,0.7608474807008886
25.0,10.0,276.0,276.0,100,14.15,2.610681245509794,0.4716666666666666,0.08702270818365976,0.7885,0.1226506494812882,0.33333333333333326,0.0,0.0,0.0,3.83,0.8415353933031089,3.42,0.754515029202818,1.58,0.7545150292028181,0.0,0.0,0.0,0.0,4.81,2.1774556554182984,2.46,2.253706262846141,15.19,2.177455655418299,5.0,0.0,30.0,0.0,6.0,0.0,1.5,0.0,0.63,0.7608474807008886
25.0,10.0,277.0,277.0,100,14.15,2.610681245509794,0.4716666666666666,0.08702270818365976,0.7885,0.1226506494812882,0.33333333333333326,0.0,0.0,0.0,3.83,0.8415353933031089,3.42,0.754515029202818,1.58,0.7545150292028181,0.0,0.0,0.0,0.0,4.81,2.1774556554182984,2.57,2.4005681145777293,15.19,2.177455655418299,5.0,0.0,30.0,0.0,6.0,0.0,1.5,0.0,0.63,0.7608474807008886
25.0,10.0,278.0,278.0,100,14.13,2.6653595281202525,0.47100000000000003,0.08884531760400839,0.7885,0.1226506494812882,0.33333333333333326,0.0,0.000666666666666666,0.006666666666666662,3.83,0.8415353933031089,3.41,0.7666666666666666,1.59,0.7666666666666666,0.0,0.0,0.0,0.0,4.8,2.1835010345032515,2.65,2.451035650000987,15.2,2.183501034503251,5.0,0.0,30.0,0.0,6.0,0.0,1.5,0.0,0.63,0.7608474807008886
25.0,10.0,279.0,279.0,100,14.12,2.6978480013491937,0.4706666666666666,0.08992826671163978,0.7885,0.1226506494812882,0.33333333333333326,0.0,0.0003333333333333341,0.0033333333333333422,3.83,0.8415353933031089,3.4,0.7913675671030664,1.6,0.7913675671030662,0.0,0.0,0.0,0.0,4.79,2.1940921594227545,2.57,2.3623947788016064,15.21,2.194092159422754,5.0,0.0,30.0,0.0,6.0,0.0,1.5,0.0,0.63,0.7608474807008886
25.0,10.0,280.0,280.0,100,14.12,2.6978480013491937,0.4706666666666666,0.08992826671163978,0.7885,0.1226506494812882,0.33333333333333326,0.0,0.0,0.0,3.83,0.8415353933031089,3.4,0.7913675671030664,1.6,0.7913675671030662,0.0,0.0,0.0,0.0,4.79,2.1940921594227545,2.49,2.3246374758098076,15.21,2.194092159422754,5.0,0.0,30.0,0.0,6.0,0.0,1.5,0.0,0.63,0.7608474807008886
25.0,10.0,281.0,281.0,100,14.12,2.6978480013491937,0.4706666666666666,0.08992826671163978,0.7885,0.1226506494812882,0.33333333333333326,0.0,0.0,0.0,3.83,0.8415353933031089,3.4,0.7913675671030664,1.6,0.7913675671030662,0.0,0.0,0.0,0.0,4.79,2.1940921594227545,2.57,2.4381438543583633,15.21,2.194092159422754,5.0,0.0,30.0,0.0,6.0,0.0,1.5,0.0,0.63,0.7608474807008886
25.0,10.0,282.0,282.0,100,14.12,2.6978480013491937,0.4706666666666666,0.08992826671163978,0.7885,0.1226506494812882,0.33333333333333326,0.0,0.0,0.0,3.83,0.8415353933031089,3.4,0.7913675671030664,1.6,0.7913675671030662,0.0,0.0,0.0,0.0,4.79,2.1940921594227545,2.55,2.3241159935586584,15.21,2.194092159422754,5.0,0.0,30.0,0.0,6.0,0.0,1.5,0.0,0.63,0.7608474807008886
25.0,10.0,283.0,283.0,100,14.11,2.68890349774811,0.4703333333333333,0.08963011659160365,0.789,0.12218135221171365,0.33333333333333326,0.0,0.00033333333333333327,0.0033333333333333335,3.84,0.8494799359703333,3.4,0.7913675671030664,1.6,0.7913675671030662,0.0,0.0,0.0,0.0,4.78,2.186182503679402,2.56,2.4342671516611665,15.22,2.1861825036794027,5.0,0.0,30.0,0.0,6.0,0.0,1.5,0.0,0.63,0.7608474807008886
25.0,10.0,284.0,284.0,100,14.11,2.68890349774811,0.4703333333333333,0.08963011659160365,0.789,0.12218135221171365,0.33333333333333326,0.0,0.0,0.0,3.84,0.8494799359703333,3.4,0.7913675671030664,1.6,0.7913675671030662,0.0,0.0,0.0,0.0,4.78,2.186182503679402,2.52,2.3590787450300432,15.22,2.1861825036794027,5.0,0.0,30.0,0.0,6.0,0.0,1.5,0.0,0.63,0.7608474807008886
25.0,10.0,285.0,285.0,100,14.1,2.7024119417717025,0.47,0.09008039805905674,0.7895,0.12294677340584866,0.33333333333333326,0.0,0.0003333333333333327,0.003333333333333328,3.84,0.8494799359703333,3.4,0.7913675671030664,1.6,0.7913675671030662,0.0,0.0,0.0,0.0,4.77,2.1966687359166235,2.5,2.443296332763787,15.23,2.196668735916624,5.0,0.0,30.0,0.0,6.0,0.0,1.5,0.0,0.63,0.7608474807008886
25.0,10.0,286.0,286.0,100,14.1,2.7024119417717025,0.47,0.09008039805905674,0.7895,0.12294677340584866,0.33333333333333326,0.0,0.0,0.0,3.84,0.8494799359703333,3.4,0.7913675671030664,1.6,0.7913675671030662,0.0,0.0,0.0,0.0,4.77,2.1966687359166235,2.44,2.302041254928751,15.23,2.196668735916624,5.0,0.0,30.0,0.0,6.0,0.0,1.5,0.0,0.63,0.7608474807008886
25.0,10.0,287.0,287.0,100,14.1,2.7024119417717025,0.47,0.09008039805905674,0.7895,0.12294677340584866,0.33333333333333326,0.0,0.0,0.0,3.84,0.8494799359703333,3.4,0.7913675671030664,1.6,0.7913675671030662,0.0,0.0,0.0,0.0,4.77,2.1966687359166235,2.45,2.275805995530579,15.23,2.196668735916624,5.0,0.0,30.0,0.0,6.0,0.0,1.5,0.0,0.63,0.7608474807008886
25.0,10.0,288.0,288.0,100,14.1,2.7024119417717025,0.47,0.09008039805905674,0.7895,0.12294677340584866,0.33333333333333326,0.0,0.0,0.0,3.84,0.8494799359703333,3.4,0.7913675671030664,1.6,0.7913675671030662,0.0,0.0,0.0,0.0,4.77,2.1966687359166235,2.51,2.414162757185567,15.23,2.196668735916624,5.0,0.0,30.0,0.0,6.0,0.0,1.5,0.0,0.63,0.7608474807008886
25.0,10.0,289.0,289.0,100,14.1,2.7024119417717025,0.47,0.09008039805905674,0.7895,0.12294677340584866,0.33333333333333326,0.0,0.0,0.0,3.84,0.8494799359703333,3.4,0.7913675671030664,1.6,0.7913675671030662,0.0,0.0,0.0,0.0,4.77,2.1966687359166235,2.53,2.401409518755116,15.23,2.196668735916624,5.0,0.0,30.0,0.0,6.0,0.0,1.5,0.0,0.63,0.7608474807008886
25.0,10.0,290.0,290.0,100,14.09,2.7195327881565587,0.4696666666666667,0.09065109293855195,0.7895,0.12294677340584866,0.33333333333333326,0.0,0.00033333333333333327,0.0033333333333333335,3.84,0.8494799359703333,3.4,0.7913675671030664,1.6,0.7913675671030662,0.0,0.0,0.0,0.0,4.76,2.2116313280728166,2.5,2.393172105652397,15.24,2.2116313280728175,5.0,0.0,30.0,0.0,6.0,0.0,1.5,0.0,0.63,0.7608474807008886
25.0,10.0,291.0,291.0,100,14.09,2.7195327881565587,0.4696666666666667,0.09065109293855195,0.7895,0.12294677340584866,0.33333333333333326,0.0,0.0,0.0,3.84,0.8494799359703333,3.4,0.7913675671030664,1.6,0.7913675671030662,0.0,0.0,0.0,0.0,4.76,2.2116313280728166,2.49,2.414162757185567,15.24,2.2116313280728175,5.0,0.0,30.0,0.0,6.0,0.0,1.5,0.0,0.63,0.7608474807008886
25.0,10.0,292.0,292.0,100,14.08,2.7401983265243537,0.4693333333333333,0.09133994421747843,0.7895,0.12294677340584866,0.33333333333333326,0.0,0.0003333333333333338,0.003333333333333339,3.84,0.8494799359703333,3.39,0.7900262110470856,1.61,0.7900262110470856,0.0,0.0,0.0,0.0,4.75,2.2309802166923687,2.51,2.367690772875461,15.25,2.230980216692369,5.0,0.0,30.0,0.0,6.0,0.0,1.5,0.0,0.63,0.7608474807008886
25.0,10.0,293.0,293.0,100,14.07,2.7423170914945327,0.469,0.0914105697164844,0.79,0.12309149097933274,0.33333333333333326,0.0,0.0003333333333333338,0.003333333333333338,3.84,0.8494799359703333,3.39,0.7900262110470856,1.61,0.7900262110470856,0.0,0.0,0.0,0.0,4.74,2.2366099888948545,2.39,2.390617180782089,15.26,2.2366099888948545,5.0,0.0,30.0,0.0,6.0,0.0,1.5,0.0,0.63,0.7608474807008886
25.0,10.0,294.0,294.0,100,14.07,2.7423170914945327,0.469,0.0914105697164844,0.79,0.12309149097933274,0.33333333333333326,0.0,0.0,0.0,3.84,0.8494799359703333,3.39,0.7900262110470856,1.61,0.7900262110470856,0.0,0.0,0.0,0.0,4.74,2.2366099888948545,2.55,2.4592640765033336,15.26,2.2366099888948545,5.0,0.0,30.0,0.0,6.0,0.0,1.5,0.0,0.63,0.7608474807008886
25.0,10.0,295.0,295.0,100,14.07,2.7423170914945327,0.469,0.0914105697164844,0.79,0.12309149097933274,0.33333333333333326,0.0,0.0,0.0,3.84,0.8494799359703333,3.39,0.7900262110470856,1.61,0.7900262110470856,0.0,0.0,0.0,0.0,4.74,2.2366099888948545,2.47,2.4636959998745747,15.26,2.2366099888948545,5.0,0.0,30.0,0.0,6.0,0.0,1.5,0.0,0.63,0.7608474807008886
25.0,10.0,296.0,296.0,100,14.07,2.7423170914945327,0.469,0.0914105697164844,0.79,0.12309149097933274,0.33333333333333326,0.0,0.0,0.0,3.84,0.8494799359703333,3.39,0.7900262110470856,1.61,0.7900262110470856,0.0,0.0,0.0,0.0,4.74,2.2366099888948545,2.47,2.4389722955757125,15.26,2.2366099888948545,5.0,0.0,30.0,0.0,6.0,0.0,1.5,0.0,0.63,0.7608474807008886
25.0,10.0,297.0,297.0,100,14.07,2.7423170914945327,0.469,0.0914105697164844,0.79,0.12309149097933274,0.33333333333333326,0.0,0.0,0.0,3.84,0.8494799359703333,3.39,0.7900262110470856,1.61,0.7900262110470856,0.0,0.0,0.0,0.0,4.74,2.2366099888948545,2.42,2.353505874007945,15.26,2.2366099888948545,5.0,0.0,30.0,0.0,6.0,0.0,1.5,0.0,0.63,0.7608474807008886
25.0,10.0,298.0,298.0,100,14.07,2.7423170914945327,0.469,0.0914105697164844,0.79,0.12309149097933274,0.33333333333333326,0.0,0.0,0.0,3.84,0.8494799359703333,3.39,0.7900262110470856,1.61,0.7900262110470856,0.0,0.0,0.0,0.0,4.74,2.2366099888948545,2.55,2.50403714433353,15.26,2.2366099888948545,5.0,0.0,30.0,0.0,6.0,0.0,1.5,0.0,0.63,0.7608474807008886
25.0,10.0,299.0,299.0,100,14.07,2.7423170914945327,0.469,0.0914105697164844,0.79,0.12309149097933274,0.33333333333333326,0.0,0.0,0.0,3.84,0.8494799359703333,3.39,0.7900262110470856,1.61,0.7900262110470856,0.0,0.0,0.0,0.0,4.74,2.2366099888948545,2.45,2.3968624272055115,15.26,2.2366099888948545,5.0,0.0,30.0,0.0,6.0,0.0,1.5,0.0,0.63,0.7608474807008886
25.0,10.0,300.0,300.0,100,14.07,2.7423170914945327,0.469,0.0914105697164844,0.79,0.12309149097933274,0.33333333333333326,0.0,0.0,0.0,3.84,0.8494799359703333,3.39,0.7900262110470856,1.61,0.7900262110470856,0.0,0.0,0.0,0.0,4.74,2.2366099888948545,2.49,2.3973680854999584,15.26,2.2366099888948545,5.0,0.0,30.0,0.0,6.0,0.0,1.5,0.0,0.63,0.7608474807008886
25.0,10.0,301.0,301.0,100,14.07,2.7423170914945327,0.469,0.0914105697164844,0.79,0.12309149097933274,0.33333333333333326,0.0,0.0,0.0,3.84,0.8494799359703333,3.39,0.7900262110470856,1.61,0.7900262110470856,0.0,0.0,0.0,0.0,4.74,2.2366099888948545,2.45,2.358629117333057,15.26,2.2366099888948545,5.0,0.0,30.0,0.0,6.0,0.0,1.5,0.0,0.63,0.7608474807008886
25.0,10.0,302.0,302.0,100,14.07,2.7423170914945327,0.469,0.0914105697164844,0.79,0.12309149097933274,0.33333333333333326,0.0,0.0,0.0,3.84,0.8494799359703333,3.39,0.7900262110470856,1.61,0.7900262110470856,0.0,0.0,0.0,0.0,4.74,2.2366099888948545,2.49,2.4474063781476874,15.26,2.2366099888948545,5.0,0.0,30.0,0.0,6.0,0.0,1.5,0.0,0.63,0.7608474807008886
25.0,10.0,303.0,303.0,100,14.07,2.7423170914945327,0.469,0.0914105697164844,0.79,0.12309149097933274,0.33333333333333326,0.0,0.0,0.0,3.84,0.8494799359703333,3.39,0.7900262110470856,1.61,0.7900262110470856,0.0,0.0,0.0,0.0,4.74,2.2366099888948545,2.52,2.4963812192690424,15.26,2.2366099888948545,5.0,0.0,30.0,0.0,6.0,0.0,1.5,0.0,0.63,0.7608474807008886
25.0,10.0,304.0,304.0,100,14.06,2.7407143505872984,0.4686666666666667,0.09135714501957656,0.7905,0.12302890355973717,0.33333333333333326,0.0,0.00033333333333333327,0.0033333333333333335,3.84,0.8494799359703333,3.39,0.7900262110470856,1.61,0.7900262110470856,0.0,0.0,0.0,0.0,4.73,2.2376710475786465,2.47,2.384525025232404,15.27,2.237671047578647,5.0,0.0,30.0,0.0,6.0,0.0,1.5,0.0,0.63,0.7608474807008886
25.0,10.0,305.0,305.0,100,14.06,2.7407143505872984,0.4686666666666667,0.09135714501957656,0.7905,0.12302890355973717,0.33333333333333326,0.0,0.0,0.0,3.84,0.8494799359703333,3.39,0.7900262110470856,1.61,0.7900262110470856,0.0,0.0,0.0,0.0,4.73,2.2376710475786465,2.47,2.401409518755116,15.27,2.237671047578647,5.0,0.0,30.0,0.0,6.0,0.0,1.5,0.0,0.63,0.7608474807008886
25.0,10.0,306.0,306.0,100,14.06,2.7407143505872984,0.4686666666666667,0.09135714501957656,0.7905,0.12302890355973717,0.33333333333333326,0.0,0.0,0.0,3.84,0.8494799359703333,3.39,0.7900262110470856,1.61,0.7900262110470856,0.0,0.0,0.0,0.0,4.73,2.2376710475786465,2.46,2.418029918522244,15.27,2.237671047578647,5.0,0.0,30.0,0.0,6.0,0.0,1.5,0.0,0.63,0.7608474807008886
25.0,10.0,307.0,307.0,100,14.06,2.7407143505872984,0.4686666666666667,0.09135714501957656,0.7905,0.12302890355973717,0.33333333333333326,0.0,0.0,0.0,3.84,0.8494799359703333,3.39,0.7900262110470856,1.61,0.7900262110470856,0.0,0.0,0.0,0.0,4.73,2.2376710475786465,2.42,2.374868417407583,15.27,2.237671047578647,5.0,0.0,30.0,0.0,6.0,0.0,1.5,0.0,0.63,0.7608474807008886
25.0,10.0,308.0,308.0,100,14.06,2.7407143505872984,0.4686666666666667,0.09135714501957656,0.7905,0.12302890355973717,0.33333333333333326,0.0,0.0,0.0,3.84,0.8494799359703333,3.39,0.7900262110470856,1.61,0.7900262110470856,0.0,0.0,0.0,0.0,4.73,2.2376710475786465,2.45,2.4715553521185516,15.27,2.237671047578647,5.0,0.0,30.0,0.0,6.0,0.0,1.5,0.0,0.63,0.7608474807008886
25.0,10.0,309.0,309.0,100,14.06,2.7407143505872984,0.4686666666666667,0.09135714501957656,0.7905,0.12302890355973717,0.33333333333333326,0.0,0.0,0.0,3.84,0.8494799359703333,3.39,0.7900262110470856,1.61,0.7900262110470856,0.0,0.0,0.0,0.0,4.73,2.2376710475786465,2.46,2.4470968162871745,15.27,2.237671047578647,5.0,0.0,30.0,0.0,6.0,0.0,1.5,0.0,0.63,0.7608474807008886
25.0,10.0,310.0,310.0,100,14.06,2.7407143505872984,0.4686666666666667,0.09135714501957656,0.7905,0.12302890355973717,0.33333333333333326,0.0,0.0,0.0,3.84,0.8494799359703333,3.39,0.7900262110470856,1.61,0.7900262110470856,0.0,0.0,0.0,0.0,4.73,2.2376710475786465,2.42,2.4044571406897943,15.27,2.237671047578647,5.0,0.0,30.0,0.0,6.0,0.0,1.5,0.0,0.63,0.7608474807008886
25.0,10.0,311.0,311.0,100,14.06,2.7407143505872984,0.4686666666666667,0.09135714501957656,0.7905,0.12302890355973717,0.33333333333333326,0.0,0.0,0.0,3.84,0.8494799359703333,3.39,0.7900262110470856,1.61,0.7900262110470856,0.0,0.0,0.0,0.0,4.73,2.2376710475786465,2.57,2.5236457514452932,15.27,2.237671047578647,5.0,0.0,30.0,0.0,6.0,0.0,1.5,0.0,0.63,0.7608474807008886
25.0,10.0,312.0,312.0,100,14.06,2.7407143505872984,0.4686666666666667,0.09135714501957656,0.7905,0.12302890355973717,0.33333333333333326,0.0,0.0,0.0,3.84,0.8494799359703333,3.39,0.7900262110470856,1.61,0.7900262110470856,0.0,0.0,0.0,0.0,4.73,2.2376710475786465,2.41,2.4250169217362316,15.27,2.237671047578647,5.0,0.0,30.0,0.0,6.0,0.0,1.5,0.0,0.63,0.7608474807008886
25.0,10.0,313.0,313.0,100,14.06,2.7407143505872984,0.4686666666666667,0.09135714501957656,0.7905,0.12302890355973717,0.33333333333333326,0.0,0.0,0.0,3.84,0.8494799359703333,3.39,0.7900262110470856,1.61,0.7900262110470856,0.0,0.0,0.0,0.0,4.73,2.2376710475786465,2.49,2.4474063781476874,15.27,2.237671047578647,5.0,0.0,30.0,0.0,6.0,0.0,1.5,0.0,0.63,0.7608474807008886
25.0,10.0,314.0,314.0,100,14.06,2.7407143505872984,0.4686666666666667,0.09135714501957656,0.7905,0.12302890355973717,0.33333333333333326,0.0,0.0,0.0,3.84,0.8494799359703333,3.39,0.7900262110470856,1.61,0.7900262110470856,0.0,0.0,0.0,0.0,4.73,2.2376710475786465,2.5,2.4720661623652207,15.27,2.237671047578647,5.0,0.0,30.0,0.0,6.0,0.0,1.5,0.0,0.63,0.7608474807008886
25.0,10.0,315.0,315.0,100,14.06,2.7407143505872984,0.4686666666666667,0.09135714501957656,0.7905,0.12302890355973717,0.33333333333333326,0.0,0.0,0.0,3.84,0.8494799359703333,3.39,0.7900262110470856,1.61,0.7900262110470856,0.0,0.0,0.0,0.0,4.73,2.2376710475786465,2.4,2.3910607932822865,15.27,2.237671047578647,5.0,0.0,30.0,0.0,6.0,0.0,1.5,0.0,0.63,0.7608474807008886
25.0,10.0,316.0,316.0,100,14.06,2.7407143505872984,0.4686666666666667,0.09135714501957656,0.7905,0.12302890355973717,0.33333333333333326,0.0,0.0,0.0,3.84,0.8494799359703333,3.39,0.7900262110470856,1.61,0.7900262110470856,0.0,0.0,0.0,0.0,4.73,2.2376710475786465,2.45,2.4633679826980415,15.27,2.237671047578647,5.0,0.0,30.0,0.0,6.0,0.0,1.5,0.0,0.63,0.7608474807008886
25.0,10.0,317.0,317.0,100,14.06,2.7407143505872984,0.4686666666666667,0.09135714501957656,0.7905,0.12302890355973717,0.33333333333333326,0.0,0.0,0.0,3.84,0.8494799359703333,3.39,0.7900262110470856,1.61,0.7900262110470856,0.0,0.0,0.0,0.0,4.73,2.2376710475786465,2.44,2.4590381629549154,15.27,2.237671047578647,5.0,0.0,30.0,0.0,6.0,0.0,1.5,0.0,0.63,0.7608474807008886
25.0,10.0,318.0,318.0,100,14.05,2.7353835621943836,0.46833333333333327,0.09117945207314608,0.7909999999999999,0.12275869406969497,0.33333333333333326,0.0,0.00033333333333333327,0.0033333333333333335,3.84,0.8494799359703333,3.39,0.7900262110470856,1.61,0.7900262110470856,0.0,0.0,0.0,0.0,4.72,2.2205650386577487,2.47,2.4759652744745915,15.28,2.220565038657749,5.0,0.0,30.0,0.0,6.0,0.0,1.5,0.0,0.63,0.7608474807008886
25.0,10.0,319.0,319.0,100,14.05,2.7353835621943836,0.46833333333333327,0.09117945207314608,0.7909999999999999,0.12275869406969497,0.33333333333333326,0.0,0.0,0.0,3.84,0.8494799359703333,3.39,0.7900262110470856,1.61,0.7900262110470856,0.0,0.0,0.0,0.0,4.72,2.2205650386577487,2.42,2.387594199315717,15.28,2.220565038657749,5.0,0.0,30.0,0.0,6.0,0.0,1.5,0.0,0.63,0.7608474807008886
25.0,10.0,320.0,320.0,100,14.05,2.7353835621943836,0.46833333333333327,0.09117945207314608,0.7909999999999999,0.12275869406969497,0.33333333333333326,0.0,0.0,0.0,3.84,0.8494799359703333,3.39,0.7900262110470856,1.61,0.7900262110470856,0.0,0.0,0.0,0.0,4.72,2.2205650386577487,2.48,2.48014336503177,15.28,2.220565038657749,5.0,0.0,30.0,0.0,6.0,0.0,1.5,0.0,0.63,0.7608474807008886
25.0,10.0,321.0,321.0,100,14.05,2.7353835621943836,0.46833333333333327,0.09117945207314608,0.7909999999999999,0.12275869406969497,0.33333333333333326,0.0,0.0,0.0,3.84,0.8494799359703333,3.39,0.7900262110470856,1.61,0.7900262110470856,0.0,0.0,0.0,0.0,4.72,2.2205650386577487,2.43,2.4256832839304048,15.28,2.220565038657749,5.0,0.0,30.0,0.0,6.0,0.0,1.5,0.0,0.63,0.7608474807008886
25.0,10.0,322.0,322.0,100,14.05,2.7353835621943836,0.46833333333333327,0.09117945207314608,0.7909999999999999,0.12275869406969497,0.33333333333333326,0.0,0.0,0.0,3.84,0.8494799359703333,3.39,0.7900262110470856,1.61,0.7900262110470856,0.0,0.0,0.0,0.0,4.72,2.2205650386577487,2.47,2.4962800606931386,15.28,2.220565038657749,5.0,0.0,30.0,0.0,6.0,0.0,1.5,0.0,0.63,0.7608474807008886
25.0,10.0,323.0,323.0,100,14.05,2.7353835621943836,0.46833333333333327,0.09117945207314608,0.7909999999999999,0.12275869406969497,0.33333333333333326,0.0,0.0,0.0,3.84,0.8494799359703333,3.39,0.7900262110470856,1.61,0.7900262110470856,0.0,0.0,0.0,0.0,4.72,2.2205650386577487,2.43,2.45054106579578,15.28,2.220565038657749,5.0,0.0,30.0,0.0,6.0,0.0,1.5,0.0,0.63,0.7608474807008886
25.0,10.0,324.0,324.0,100,14.05,2.7353835621943836,0.46833333333333327,0.09117945207314608,0.7909999999999999,0.12275869406969497,0.33333333333333326,0.0,0.0,0.0,3.84,0.8494799359703333,3.39,0.7900262110470856,1.61,0.7900262110470856,0.0,0.0,0.0,0.0,4.72,2.2205650386577487,2.56,2.5636148720354255,15.28,2.220565038657749,5.0,0.0,30.0,0.0,6.0,0.0,1.5,0.0,0.63,0.7608474807008886
25.0,10.0,325.0,325.0,100,14.05,2.7353835621943836,0.46833333333333327,0.09117945207314608,0.7909999999999999,0.12275869406969497,0.33333333333333326,0.0,0.0,0.0,3.84,0.8494799359703333,3.39,0.7900262110470856,1.61,0.7900262110470856,0.0,0.0,0.0,0.0,4.72,2.2205650386577487,2.46,2.438827338677092,15.28,2.220565038657749,5.0,0.0,30.0,0.0,6.0,0.0,1.5,0.0,0.63,0.7608474807008886
25.0,10.0,326.0,326.0,100,14.05,2.7353835621943836,0.46833333333333327,0.09117945207314608,0.7909999999999999,0.12275869406969497,0.33333333333333326,0.0,0.0,0.0,3.84,0.8494799359703333,3.39,0.7900262110470856,1.61,0.7900262110470856,0.0,0.0,0.0,0.0,4.72,2.2205650386577487,2.47,2.459592640986706,15.28,2.220565038657749,5.0,0.0,30.0,0.0,6.0,0.0,1.5,0.0,0.63,0.7608474807008886
25.0,10.0,327.0,327.0,100,14.05,2.7353835621943836,0.46833333333333327,0.09117945207314608,0.7909999999999999,0.12275869406969497,0.33333333333333326,0.0,0.0,0.0,3.84,0.8494799359703333,3.39,0.7900262110470856,1.61,0.7900262110470856,0.0,0.0,0.0,0.0,4.72,2.2205650386577487,2.49,2.496441912447038,15.28,2.220565038657749,5.0,0.0,30.0,0.0,6.0,0.0,1.5,0.0,0.63,0.7608474807008886
25.0,10.0,328.0,328.0,100,14.05,2.7353835621943836,0.46833333333333327,0.09117945207314608,0.7909999999999999,0.12275869406969497,0.33333333333333326,0.0,0.0,0.0,3.84,0.8494799359703333,3.39,0.7900262110470856,1.61,0.7900262110470856,0.0,0.0,0.0,0.0,4.72,2.2205650386577487,2.45,2.479715689144604,15.28,2.220565038657749,5.0,0.0,30.0,0.0,6.0,0.0,1.5,0.0,0.63,0.7608474807008886
25.0,10.0,329.0,329.0,100,14.04,2.744765449676415,0.46799999999999997,0.09149218165588048,0.7915000000000001,0.1233077369016153,0.33333333333333326,0.0,0.00033333333333333435,0.0033333333333333444,3.84,0.8494799359703333,3.38,0.788554488807325,1.62,0.788554488807325,0.0,0.0,0.0,0.0,4.71,2.235141737308528,2.31,2.35999914398204,15.29,2.235141737308528,5.0,0.0,30.0,0.0,6.0,0.0,1.5,0.0,0.63,0.7608474807008886
25.0,10.0,330.0,330.0,100,14.04,2.744765449676415,0.46799999999999997,0.09149218165588048,0.7915000000000001,0.1233077369016153,0.33333333333333326,0.0,0.0,0.0,3.84,0.8494799359703333,3.38,0.788554488807325,1.62,0.788554488807325,0.0,0.0,0.0,0.0,4.71,2.235141737308528,2.46,2.442965576523912,15.29,2.235141737308528,5.0,0.0,30.0,0.0,6.0,0.0,1.5,0.0,0.63,0.7608474807008886
25.0,10.0,331.0,331.0,100,14.04,2.744765449676415,0.46799999999999997,0.09149218165588048,0.7915000000000001,0.1233077369016153,0.33333333333333326,0.0,0.0,0.0,3.84,0.8494799359703333,3.38,0.788554488807325,1.62,0.788554488807325,0.0,0.0,0.0,0.0,4.71,2.235141737308528,2.43,2.511609407965701,15.29,2.235141737308528,5.0,0.0,30.0,0.0,6.0,0.0,1.5,0.0,0.63,0.7608474807008886
25.0,10.0,332.0,332.0,100,14.04,2.744765449676415,0.46799999999999997,0.09149218165588048,0.7915000000000001,0.1233077369016153,0.33333333333333326,0.0,0.0,0.0,3.84,0.8494799359703333,3.38,0.788554488807325,1.62,0.788554488807325,0.0,0.0,0.0,0.0,4.71,2.235141737308528,2.44,2.421786634914501,15.29,2.235141737308528,5.0,0.0,30.0,0.0,6.0,0.0,1.5,0.0,0.63,0.7608474807008886
25.0,10.0,333.0,333.0,100,14.04,2.744765449676415,0.46799999999999997,0.09149218165588048,0.7915000000000001,0.1233077369016153,0.33333333333333326,0.0,0.0,0.0,3.84,0.8494799359703333,3.38,0.788554488807325,1.62,0.788554488807325,0.0,0.0,0.0,0.0,4.71,2.235141737308528,2.37,2.419011401712725,15.29,2.235141737308528,5.0,0.0,30.0,0.0,6.0,0.0,1.5,0.0,0.63,0.7608474807008886
25.0,10.0,334.0,334.0,100,14.04,2.744765449676415,0.46799999999999997,0.09149218165588048,0.7915000000000001,0.1233077369016153,0.33333333333333326,0.0,0.0,0.0,3.84,0.8494799359703333,3.38,0.788554488807325,1.62,0.788554488807325,0.0,0.0,0.0,0.0,4.71,2.235141737308528,2.44,2.4835621208419183,15.29,2.235141737308528,5.0,0.0,30.0,0.0,6.0,0.0,1.5,0.0,0.63,0.7608474807008886
25.0,10.0,335.0,335.0,100,14.04,2.744765449676415,0.46799999999999997,0.09149218165588048,0.7915000000000001,0.1233077369016153,0.33333333333333326,0.0,0.0,0.0,3.84,0.8494799359703333,3.38,0.788554488807325,1.62,0.788554488807325,0.0,0.0,0.0,0.0,4.71,2.235141737308528,2.4,2.4659294557647184,15.29,2.235141737308528,5.0,0.0,30.0,0.0,6.0,0.0,1.5,0.0,0.63,0.7608474807008886
25.0,10.0,336.0,336.0,100,14.04,2.744765449676415,0.46799999999999997,0.09149218165588048,0.7915000000000001,0.1233077369016153,0.33333333333333326,0.0,0.0,0.0,3.84,0.8494799359703333,3.38,0.788554488807325,1.62,0.788554488807325,0.0,0.0,0.0,0.0,4.71,2.235141737308528,2.42,2.4789212381700447,15.29,2.235141737308528,5.0,0.0,30.0,0.0,6.0,0.0,1.5,0.0,0.63,0.7608474807008886
25.0,10.0,337.0,337.0,100,14.04,2.744765449676415,0.46799999999999997,0.09149218165588048,0.7915000000000001,0.1233077369016153,0.33333333333333326,0.0,0.0,0.0,3.84,0.8494799359703333,3.38,0.788554488807325,1.62,0.788554488807325,0.0,0.0,0.0,0.0,4.71,2.235141737308528,2.52,2.5877723347631747,15.29,2.235141737308528,5.0,0.0,30.0,0.0,6.0,0.0,1.5,0.0,0.63,0.7608474807008886
25.0,10.0,338.0,338.0,100,14.04,2.744765449676415,0.46799999999999997,0.09149218165588048,0.7915000000000001,0.1233077369016153,0.33333333333333326,0.0,0.0,0.0,3.84,0.8494799359703333,3.38,0.788554488807325,1.62,0.788554488807325,0.0,0.0,0.0,0.0,4.71,2.235141737308528,2.39,2.4572917670237753,15.29,2.235141737308528,5.0,0.0,30.0,0.0,6.0,0.0,1.5,0.0,0.63,0.7608474807008886
25.0,10.0,339.0,339.0,100,14.04,2.744765449676415,0.46799999999999997,0.09149218165588048,0.7915000000000001,0.1233077369016153,0.33333333333333326,0.0,0.0,0.0,3.84,0.8494799359703333,3.38,0.788554488807325,1.62,0.788554488807325,0.0,0.0,0.0,0.0,4.71,2.235141737308528,2.45,2.4837858038067457,15.29,2.235141737308528,5.0,0.0,30.0,0.0,6.0,0.0,1.5,0.0,0.63,0.7608474807008886
25.0,10.0,340.0,340.0,100,14.04,2.744765449676415,0.46799999999999997,0.09149218165588048,0.7915000000000001,0.1233077369016153,0.33333333333333326,0.0,0.0,0.0,3.84,0.8494799359703333,3.38,0.788554488807325,1.62,0.788554488807325,0.0,0.0,0.0,0.0,4.71,2.235141737308528,2.39,2.4654993142742647,15.29,2.235141737308528,5.0,0.0,30.0,0.0,6.0,0.0,1.5,0.0,0.63,0.7608474807008886
25.0,10.0,341.0,341.0,100,14.04,2.744765449676415,0.46799999999999997,0.09149218165588048,0.7915000000000001,0.1233077369016153,0.33333333333333326,0.0,0.0,0.0,3.84,0.8494799359703333,3.38,0.788554488807325,1.62,0.788554488807325,0.0,0.0,0.0,0.0,4.71,2.235141737308528,2.47,2.540400827357047,15.29,2.235141737308528,5.0,0.0,30.0,0.0,6.0,0.0,1.5,0.0,0.63,0.7608474807008886
25.0,10.0,342.0,342.0,100,14.04,2.744765449676415,0.46799999999999997,0.09149218165588048,0.7915000000000001,0.1233077369016153,0.33333333333333326,0.0,0.0,0.0,3.84,0.8494799359703333,3.38,0.788554488807325,1.62,0.788554488807325,0.0,0.0,0.0,0.0,4.71,2.235141737308528,2.45,2.4427795064581086,15.29,2.235141737308528,5.0,0.0,30.0,0.0,6.0,0.0,1.5,0.0,0.63,0.7608474807008886
25.0,10.0,343.0,343.0,100,14.04,2.744765449676415,0.46799999999999997,0.09149218165588048,0.7915000000000001,0.1233077369016153,0.33333333333333326,0.0,0.0,0.0,3.84,0.8494799359703333,3.38,0.788554488807325,1.62,0.788554488807325,0.0,0.0,0.0,0.0,4.71,2.235141737308528,2.37,2.3896029001074677,15.29,2.235141737308528,5.0,0.0,30.0,0.0,6.0,0.0,1.5,0.0,0.63,0.7608474807008886
25.0,10.0,344.0,344.0,100,14.04,2.744765449676415,0.46799999999999997,0.09149218165588048,0.7915000000000001,0.1233077369016153,0.33333333333333326,0.0,0.0,0.0,3.84,0.8494799359703333,3.38,0.788554488807325,1.62,0.788554488807325,0.0,0.0,0.0,0.0,4.71,2.235141737308528,2.4,2.4453625456766077,15.29,2.235141737308528,5.0,0.0,30.0,0.0,6.0,0.0,1.5,0.0,0.63,0.7608474807008886
25.0,10.0,345.0,345.0,100,14.04,2.744765449676415,0.46799999999999997,0.09149218165588048,0.7915000000000001,0.1233077369016153,0.33333333333333326,0.0,0.0,0.0,3.84,0.8494799359703333,3.38,0.788554488807325,1.62,0.788554488807325,0.0,0.0,0.0,0.0,4.71,2.235141737308528,2.47,2.4881740495813593,15.29,2.235141737308528,5.0,0.0,30.0,0.0,6.0,0.0,1.5,0.0,0.63,0.7608474807008886
25.0,10.0,346.0,346.0,100,14.04,2.744765449676415,0.46799999999999997,0.09149218165588048,0.7915000000000001,0.1233077369016153,0.33333333333333326,0.0,0.0,0.0,3.84,0.8494799359703333,3.38,0.788554488807325,1.62,0.788554488807325,0.0,0.0,0.0,0.0,4.71,2.235141737308528,2.43,2.4546595558964053,15.29,2.235141737308528,5.0,0.0,30.0,0.0,6.0,0.0,1.5,0.0,0.63,0.7608474807008886
25.0,10.0,347.0,347.0,100,14.04,2.744765449676415,0.46799999999999997,0.09149218165588048,0.7915000000000001,0.1233077369016153,0.33333333333333326,0.0,0.0,0.0,3.84,0.8494799359703333,3.38,0.788554488807325,1.62,0.788554488807325,0.0,0.0,0.0,0.0,4.71,2.235141737308528,2.45,2.4837858038067453,15.29,2.235141737308528,5.0,0.0,30.0,0.0,6.0,0.0,1.5,0.0,0.63,0.7608474807008886
25.0,10.0,348.0,348.0,100,14.04,2.744765449676415,0.46799999999999997,0.09149218165588048,0.7915000000000001,0.1233077369016153,0.33333333333333326,0.0,0.0,0.0,3.84,0.8494799359703333,3.38,0.788554488807325,1.62,0.788554488807325,0.0,0.0,0.0,0.0,4.71,2.235141737308528,2.35,2.3884190282581184,15.29,2.235141737308528,5.0,0.0,30.0,0.0,6.0,0.0,1.5,0.0,0.63,0.7608474807008886
25.0,10.0,349.0,349.0,100,14.04,2.744765449676415,0.46799999999999997,0.09149218165588048,0.7915000000000001,0.1233077369016153,0.33333333333333326,0.0,0.0,0.0,3.84,0.8494799359703333,3.38,0.788554488807325,1.62,0.788554488807325,0.0,0.0,0.0,0.0,4.71,2.235141737308528,2.42,2.482992655094357,15.29,2.235141737308528,5.0,0.0,30.0,0.0,6.0,0.0,1.5,0.0,0.63,0.7608474807008886
25.0,10.0,350.0,350.0,100,14.04,2.744765449676415,0.46799999999999997,0.09149218165588048,0.7915000000000001,0.1233077369016153,0.33333333333333326,0.0,0.0,0.0,3.84,0.8494799359703333,3.38,0.788554488807325,1.62,0.788554488807325,0.0,0.0,0.0,0.0,4.71,2.235141737308528,2.43,2.563358749923249,15.29,2.235141737308528,5.0,0.0,30.0,0.0,6.0,0.0,1.5,0.0,0.63,0.7608474807008886
25.0,10.0,351.0,351.0,100,14.04,2.744765449676415,0.46799999999999997,0.09149218165588048,0.7915000000000001,0.1233077369016153,0.33333333333333326,0.0,0.0,0.0,3.84,0.8494799359703333,3.38,0.788554488807325,1.62,0.788554488807325,0.0,0.0,0.0,0.0,4.71,2.235141737308528,2.4,2.4984843890695503,15.29,2.235141737308528,5.0,0.0,30.0,0.0,6.0,0.0,1.5,0.0,0.63,0.7608474807008886
25.0,10.0,352.0,352.0,100,14.04,2.744765449676415,0.46799999999999997,0.09149218165588048,0.7915000000000001,0.1233077369016153,0.33333333333333326,0.0,0.0,0.0,3.84,0.8494799359703333,3.38,0.788554488807325,1.62,0.788554488807325,0.0,0.0,0.0,0.0,4.71,2.235141737308528,2.4,2.4700222875533124,15.29,2.235141737308528,5.0,0.0,30.0,0.0,6.0,0.0,1.5,0.0,0.63,0.7608474807008886
25.0,10.0,353.0,353.0,100,14.04,2.744765449676415,0.46799999999999997,0.09149218165588048,0.7915000000000001,0.1233077369016153,0.33333333333333326,0.0,0.0,0.0,3.84,0.8494799359703333,3.38,0.788554488807325,1.62,0.788554488807325,0.0,0.0,0.0,0.0,4.71,2.235141737308528,2.38,2.444453627163652,15.29,2.235141737308528,5.0,0.0,30.0,0.0,6.0,0.0,1.5,0.0,0.63,0.7608474807008886
25.0,10.0,354.0,354.0,100,14.04,2.744765449676415,0.46799999999999997,0.09149218165588048,0.7915000000000001,0.1233077369016153,0.33333333333333326,0.0,0.0,0.0,3.84,0.8494799359703333,3.38,0.788554488807325,1.62,0.788554488807325,0.0,0.0,0.0,0.0,4.71,2.235141737308528,2.43,2.5196400255960887,15.29,2.235141737308528,5.0,0.0,30.0,0.0,6.0,0.0,1.5,0.0,0.63,0.7608474807008886
25.0,10.0,355.0,355.0,100,14.04,2.744765449676415,0.46799999999999997,0.09149218165588048,0.7915000000000001,0.1233077369016153,0.33333333333333326,0.0,0.0,0.0,3.84,0.8494799359703333,3.38,0.788554488807325,1.62,0.788554488807325,0.0,0.0,0.0,0.0,4.71,2.235141737308528,2.43,2.4587711474546703,15.29,2.235141737308528,5.0,0.0,30.0,0.0,6.0,0.0,1.5,0.0,0.63,0.7608474807008886
25.0,10.0,356.0,356.0,100,14.04,2.744765449676415,0.46799999999999997,0.09149218165588048,0.7915000000000001,0.1233077369016153,0.33333333333333326,0.0,0.0,0.0,3.84,0.8494799359703333,3.38,0.788554488807325,1.62,0.788554488807325,0.0,0.0,0.0,0.0,4.71,2.235141737308528,2.45,2.548023595342917,15.29,2.235141737308528,5.0,0.0,30.0,0.0,6.0,0.0,1.5,0.0,0.63,0.7608474807008886
25.0,10.0,357.0,357.0,100,14.04,2.744765449676415,0.46799999999999997,0.09149218165588048,0.7915000000000001,0.1233077369016153,0.33333333333333326,0.0,0.0,0.0,3.84,0.8494799359703333,3.38,0.788554488807325,1.62,0.788554488807325,0.0,0.0,0.0,0.0,4.71,2.235141737308528,2.4,2.4329389468689753,15.29,2.235141737308528,5.0,0.0,30.0,0.0,6.0,0.0,1.5,0.0,0.63,0.7608474807008886
25.0,10.0,358.0,358.0,100,14.04,2.744765449676415,0.46799999999999997,0.09149218165588048,0.7915000000000001,0.1233077369016153,0.33333333333333326,0.0,0.0,0.0,3.84,0.8494799359703333,3.38,0.788554488807325,1.62,0.788554488807325,0.0,0.0,0.0,0.0,4.71,2.235141737308528,2.4,2.441228371045192,15.29,2.235141737308528,5.0,0.0,30.0,0.0,6.0,0.0,1.5,0.0,0.63,0.7608474807008886
25.0,10.0,359.0,359.0,100,14.04,2.744765449676415,0.46799999999999997,0.09149218165588048,0.7915000000000001,0.1233077369016153,0.33333333333333326,0.0,0.0,0.0,3.84,0.8494799359703333,3.38,0.788554488807325,1.62,0.788554488807325,0.0,0.0,0.0,0.0,4.71,2.235141737308528,2.36,2.4350969117669568,15.29,2.235141737308528,5.0,0.0,30.0,0.0,6.0,0.0,1.5,0.0,0.63,0.7608474807008886
25.0,10.0,360.0,360.0,100,14.04,2.744765449676415,0.46799999999999997,0.09149218165588048,0.7915000000000001,0.1233077369016153,0.33333333333333326,0.0,0.0,0.0,3.84,0.8494799359703333,3.38,0.788554488807325,1.62,0.788554488807325,0.0,0.0,0.0,0.0,4.71,2.235141737308528,2.42,2.531338927855527,15.29,2.235141737308528,5.0,0.0,30.0,0.0,6.0,0.0,1.5,0.0,0.63,0.7608474807008886
25.0,10.0,361.0,361.0,100,14.04,2.744765449676415,0.46799999999999997,0.09149218165588048,0.7915000000000001,0.1233077369016153,0.33333333333333326,0.0,0.0,0.0,3.84,0.8494799359703333,3.38,0.788554488807325,1.62,0.788554488807325,0.0,0.0,0.0,0.0,4.71,2.235141737308528,2.36,2.4598595673145844,15.29,2.235141737308528,5.0,0.0,30.0,0.0,6.0,0.0,1.5,0.0,0.63,0.7608474807008886
25.0,10.0,362.0,362.0,100,14.04,2.744765449676415,0.46799999999999997,0.09149218165588048,0.7915000000000001,0.1233077369016153,0.33333333333333326,0.0,0.0,0.0,3.84,0.8494799359703333,3.38,0.788554488807325,1.62,0.788554488807325,0.0,0.0,0.0,0.0,4.71,2.235141737308528,2.36,2.4639624816768446,15.29,2.235141737308528,5.0,0.0,30.0,0.0,6.0,0.0,1.5,0.0,0.63,0.7608474807008886
25.0,10.0,363.0,363.0,100,14.04,2.744765449676415,0.46799999999999997,0.09149218165588048,0.7915000000000001,0.1233077369016153,0.33333333333333326,0.0,0.0,0.0,3.84,0.8494799359703333,3.38,0.788554488807325,1.62,0.788554488807325,0.0,0.0,0.0,0.0,4.71,2.235141737308528,2.39,2.420013356670712,15.29,2.235141737308528,5.0,0.0,30.0,0.0,6.0,0.0,1.5,0.0,0.63,0.7608474807008886
25.0,10.0,364.0,364.0,100,14.04,2.744765449676415,0.46799999999999997,0.09149218165588048,0.7915000000000001,0.1233077369016153,0.33333333333333326,0.0,0.0,0.0,3.84,0.8494799359703333,3.38,0.788554488807325,1.62,0.788554488807325,0.0,0.0,0.0,0.0,4.71,2.235141737308528,2.37,2.452189291884361,15.29,2.235141737308528,5.0,0.0,30.0,0.0,6.0,0.0,1.5,0.0,0.63,0.7608474807008886
25.0,10.0,365.0,365.0,100,14.04,2.744765449676415,0.46799999999999997,0.09149218165588048,0.7915000000000001,0.1233077369016153,0.33333333333333326,0.0,0.0,0.0,3.84,0.8494799359703333,3.38,0.788554488807325,1.62,0.788554488807325,0.0,0.0,0.0,0.0,4.71,2.235141737308528,2.34,2.4462711264785075,15.29,2.235141737308528,5.0,0.0,30.0,0.0,6.0,0.0,1.5,0.0,0.63,0.7608474807008886
25.0,10.0,366.0,366.0,100,14.04,2.744765449676415,0.46799999999999997,0.09149218165588048,0.7915000000000001,0.1233077369016153,0.33333333333333326,0.0,0.0,0.0,3.84,0.8494799359703333,3.38,0.788554488807325,1.62,0.788554488807325,0.0,0.0,0.0,0.0,4.71,2.235141737308528,2.41,2.445754928793393,15.29,2.235141737308528,5.0,0.0,30.0,0.0,6.0,0.0,1.5,0.0,0.63,0.7608474807008886
25.0,10.0,367.0,367.0,100,14.04,2.744765449676415,0.46799999999999997,0.09149218165588048,0.7915000000000001,0.1233077369016153,0.33333333333333326,0.0,0.0,0.0,3.84,0.8494799359703333,3.38,0.788554488807325,1.62,0.788554488807325,0.0,0.0,0.0,0.0,4.71,2.235141737308528,2.46,2.544234917048997,15.29,2.235141737308528,5.0,0.0,30.0,0.0,6.0,0.0,1.5,0.0,0.63,0.7608474807008886
25.0,10.0,368.0,368.0,100,14.04,2.744765449676415,0.46799999999999997,0.09149218165588048,0.7915000000000001,0.1233077369016153,0.33333333333333326,0.0,0.0,0.0,3.84,0.8494799359703333,3.38,0.788554488807325,1.62,0.788554488807325,0.0,0.0,0.0,0.0,4.71,2.235141737308528,2.42,2.4829926550943573,15.29,2.235141737308528,5.0,0.0,30.0,0.0,6.0,0.0,1.5,0.0,0.63,0.7608474807008886
25.0,10.0,369.0,369.0,100,14.04,2.744765449676415,0.46799999999999997,0.09149218165588048,0.7915000000000001,0.1233077369016153,0.33333333333333326,0.0,0.0,0.0,3.84,0.8494799359703333,3.38,0.788554488807325,1.62,0.788554488807325,0.0,0.0,0.0,0.0,4.71,2.235141737308528,2.45,2.5241260113576187,15.29,2.235141737308528,5.0,0.0,30.0,0.0,6.0,0.0,1.5,0.0,0.63,0.7608474807008886
25.0,10.0,370.0,370.0,100,14.04,2.744765449676415,0.46799999999999997,0.09149218165588048,0.7915000000000001,0.1233077369016153,0.33333333333333326,0.0,0.0,0.0,3.84,0.8494799359703333,3.38,0.788554488807325,1.62,0.788554488807325,0.0,0.0,0.0,0.0,4.71,2.235141737308528,2.48,2.5563547279181535,15.29,2.235141737308528,5.0,0.0,30.0,0.0,6.0,0.0,1.5,0.0,0.63,0.7608474807008886
25.0,10.0,371.0,371.0,100,14.04,2.744765449676415,0.46799999999999997,0.09149218165588048,0.7915000000000001,0.1233077369016153,0.33333333333333326,0.0,0.0,0.0,3.84,0.8494799359703333,3.38,0.788554488807325,1.62,0.788554488807325,0.0,0.0,0.0,0.0,4.71,2.235141737308528,2.35,2.475638882952819,15.29,2.235141737308528,5.0,0.0,30.0,0.0,6.0,0.0,1.5,0.0,0.63,0.7608474807008886
25.0,10.0,372.0,372.0,100,14.04,2.744765449676415,0.46799999999999997,0.09149218165588048,0.7915000000000001,0.1233077369016153,0.33333333333333326,0.0,0.0,0.0,3.84,0.8494799359703333,3.38,0.788554488807325,1.62,0.788554488807325,0.0,0.0,0.0,0.0,4.71,2.235141737308528,2.35,2.4386409528607724,15.29,2.235141737308528,5.0,0.0,30.0,0.0,6.0,0.0,1.5,0.0,0.63,0.7608474807008886
25.0,10.0,373.0,373.0,100,14.04,2.744765449676415,0.46799999999999997,0.09149218165588048,0.7915000000000001,0.1233077369016153,0.33333333333333326,0.0,0.0,0.0,3.84,0.8494799359703333,3.38,0.788554488807325,1.62,0.788554488807325,0.0,0.0,0.0,0.0,4.71,2.235141737308528,2.36,2.4475095567337486,15.29,2.235141737308528,5.0,0.0,30.0,0.0,6.0,0.0,1.5,0.0,0.63,0.7608474807008886
25.0,10.0,374.0,374.0,100,14.04,2.744765449676415,0.46799999999999997,0.09149218165588048,0.7915000000000001,0.1233077369016153,0.33333333333333326,0.0,0.0,0.0,3.84,0.8494799359703333,3.38,0.788554488807325,1.62,0.788554488807325,0.0,0.0,0.0,0.0,4.71,2.235141737308528,2.35,2.4427795064581077,15.29,2.235141737308528,5.0,0.0,30.0,0.0,6.0,0.0,1.5,0.0,0.63,0.7608474807008886
25.0,10.0,375.0,375.0,100,14.04,2.744765449676415,0.46799999999999997,0.09149218165588048,0.7915000000000001,0.1233077369016153,0.33333333333333326,0.0,0.0,0.0,3.84,0.8494799359703333,3.38,0.788554488807325,1.62,0.788554488807325,0.0,0.0,0.0,0.0,4.71,2.235141737308528,2.36,2.447509556733748,15.29,2.235141737308528,5.0,0.0,30.0,0.0,6.0,0.0,1.5,0.0,0.63,0.7608474807008886
25.0,10.0,376.0,376.0,100,14.04,2.744765449676415,0.46799999999999997,0.09149218165588048,0.7915000000000001,0.1233077369016153,0.33333333333333326,0.0,0.0,0.0,3.84,0.8494799359703333,3.38,0.788554488807325,1.62,0.788554488807325,0.0,0.0,0.0,0.0,4.71,2.235141737308528,2.29,2.404940201696785,15.29,2.235141737308528,5.0,0.0,30.0,0.0,6.0,0.0,1.5,0.0,0.63,0.7608474807008886
25.0,10.0,377.0,377.0,100,14.04,2.744765449676415,0.46799999999999997,0.09149218165588048,0.7915000000000001,0.1233077369016153,0.33333333333333326,0.0,0.0,0.0,3.84,0.8494799359703333,3.38,0.788554488807325,1.62,0.788554488807325,0.0,0.0,0.0,0.0,4.71,2.235141737308528,2.4,2.5105836578433918,15.29,2.235141737308528,5.0,0.0,30.0,0.0,6.0,0.0,1.5,0.0,0.63,0.7608474807008886
25.0,10.0,378.0,378.0,100,14.04,2.744765449676415,0.46799999999999997,0.09149218165588048,0.7915000000000001,0.1233077369016153,0.33333333333333326,0.0,0.0,0.0,3.84,0.8494799359703333,3.38,0.788554488807325,1.62,0.788554488807325,0.0,0.0,0.0,0.0,4.71,2.235141737308528,2.36,2.4680585753407738,15.29,2.235141737308528,5.0,0.0,30.0,0.0,6.0,0.0,1.5,0.0,0.63,0.7608474807008886
25.0,10.0,379.0,379.0,100,14.04,2.744765449676415,0.46799999999999997,0.09149218165588048,0.7915000000000001,0.1233077369016153,0.33333333333333326,0.0,0.0,0.0,3.84,0.8494799359703333,3.38,0.788554488807325,1.62,0.788554488807325,0.0,0.0,0.0,0.0,4.71,2.235141737308528,2.3,2.4308621740219887,15.29,2.235141737308528,5.0,0.0,30.0,0.0,6.0,0.0,1.5,0.0,0.63,0.7608474807008886
25.0,10.0,380.0,380.0,100,14.04,2.744765449676415,0.46799999999999997,0.09149218165588048,0.7915000000000001,0.1233077369016153,0.33333333333333326,0.0,0.0,0.0,3.84,0.8494799359703333,3.38,0.788554488807325,1.62,0.788554488807325,0.0,0.0,0.0,0.0,4.71,2.235141737308528,2.4,2.490385552885377,15.29,2.235141737308528,5.0,0.0,30.0,0.0,6.0,0.0,1.5,0.0,0.63,0.7608474807008886
25.0,10.0,381.0,381.0,100,14.04,2.744765449676415,0.46799999999999997,0.09149218165588048,0.7915000000000001,0.1233077369016153,0.33333333333333326,0.0,0.0,0.0,3.84,0.8494799359703333,3.38,0.788554488807325,1.62,0.788554488807325,0.0,0.0,0.0,0.0,4.71,2.235141737308528,2.45,2.5361029517387856,15.29,2.235141737308528,5.0,0.0,30.0,0.0,6.0,0.0,1.5,0.0,0.63,0.7608474807008886
25.0,10.0,382.0,382.0,100,14.04,2.744765449676415,0.46799999999999997,0.09149218165588048,0.7915000000000001,0.1233077369016153,0.33333333333333326,0.0,0.0,0.0,3.84,0.8494799359703333,3.38,0.788554488807325,1.62,0.788554488807325,0.0,0.0,0.0,0.0,4.71,2.235141737308528,2.35,2.475638882952819,15.29,2.235141737308528,5.0,0.0,30.0,0.0,6.0,0.0,1.5,0.0,0.63,0.7608474807008886
25.0,10.0,383.0,383.0,100,14.04,2.744765449676415,0.46799999999999997,0.09149218165588048,0.7915000000000001,0.1233077369016153,0.33333333333333326,0.0,0.0,0.0,3.84,0.8494799359703333,3.38,0.788554488807325,1.62,0.788554488807325,0.0,0.0,0.0,0.0,4.71,2.235141737308528,2.51,2.6072742064997274,15.29,2.235141737308528,5.0,0.0,30.0,0.0,6.0,0.0,1.5,0.0,0.63,0.7608474807008886
25.0,10.0,384.0,384.0,100,14.04,2.744765449676415,0.46799999999999997,0.09149218165588048,0.7915000000000001,0.1233077369016153,0.33333333333333326,0.0,0.0,0.0,3.84,0.8494799359703333,3.38,0.788554488807325,1.62,0.788554488807325,0.0,0.0,0.0,0.0,4.71,2.235141737308528,2.33,2.4206810962406777,15.29,2.235141737308528,5.0,0.0,30.0,0.0,6.0,0.0,1.5,0.0,0.63,0.7608474807008886
25.0,10.0,385.0,385.0,100,14.04,2.744765449676415,0.46799999999999997,0.09149218165588048,0.7915000000000001,0.1233077369016153,0.33333333333333326,0.0,0.0,0.0,3.84,0.8494799359703333,3.38,0.788554488807325,1.62,0.788554488807325,0.0,0.0,0.0,0.0,4.71,2.235141737308528,2.36,2.4184476196289406,15.29,2.235141737308528,5.0,0.0,30.0,0.0,6.0,0.0,1.5,0.0,0.63,0.7608474807008886
25.0,10.0,386.0,386.0,100,14.04,2.744765449676415,0.46799999999999997,0.09149218165588048,0.7915000000000001,0.1233077369016153,0.33333333333333326,0.0,0.0,0.0,3.84,0.8494799359703333,3.38,0.788554488807325,1.62,0.788554488807325,0.0,0.0,0.0,0.0,4.71,2.235141737308528,2.34,2.4668304613922145,15.29,2.235141737308528,5.0,0.0,30.0,0.0,6.0,0.0,1.5,0.0,0.63,0.7608474807008886
25.0,10.0,387.0,387.0,100,14.03,2.7504086014167917,0.4676666666666667,0.09168028671389306,0.792,0.12364824660660939,0.33333333333333326,0.0,0.0003333333333333327,0.003333333333333328,3.84,0.8494799359703333,3.38,0.788554488807325,1.62,0.788554488807325,0.0,0.0,0.0,0.0,4.7,2.245084417211086,2.37,2.4315061633115844,15.3,2.245084417211086,5.0,0.0,30.0,0.0,6.0,0.0,1.5,0.0,0.63,0.7608474807008886
25.0,10.0,388.0,388.0,100,14.03,2.7504086014167917,0.4676666666666667,0.09168028671389306,0.792,0.12364824660660939,0.33333333333333326,0.0,0.0,0.0,3.84,0.8494799359703333,3.38,0.788554488807325,1.62,0.788554488807325,0.0,0.0,0.0,0.0,4.7,2.245084417211086,2.33,2.382829995589024,15.3,2.245084417211086,5.0,0.0,30.0,0.0,6.0,0.0,1.5,0.0,0.63,0.7608474807008886
25.0,10.0,389.0,389.0,100,14.03,2.7504086014167917,0.4676666666666667,0.09168028671389306,0.792,0.12364824660660939,0.33333333333333326,0.0,0.0,0.0,3.84,0.8494799359703333,3.38,0.788554488807325,1.62,0.788554488807325,0.0,0.0,0.0,0.0,4.7,2.245084417211086,2.29,2.392306692949571,15.3,2.245084417211086,5.0,0.0,30.0,0.0,6.0,0.0,1.5,0.0,0.63,0.7608474807008886
25.0,10.0,390.0,390.0,100,14.03,2.7504086014167917,0.4676666666666667,0.09168028671389306,0.792,0.12364824660660939,0.33333333333333326,0.0,0.0,0.0,3.84,0.8494799359703333,3.38,0.788554488807325,1.62,0.788554488807325,0.0,0.0,0.0,0.0,4.7,2.245084417211086,2.33,2.4743328863197114,15.3,2.245084417211086,5.0,0.0,30.0,0.0,6.0,0.0,1.5,0.0,0.63,0.7608474807008886
25.0,10.0,391.0,391.0,100,14.03,2.7504086014167917,0.4676666666666667,0.09168028671389306,0.792,0.12364824660660939,0.33333333333333326,0.0,0.0,0.0,3.84,0.8494799359703333,3.38,0.788554488807325,1.62,0.788554488807325,0.0,0.0,0.0,0.0,4.7,2.245084417211086,2.31,2.43996605374631,15.3,2.245084417211086,5.0,0.0,30.0,0.0,6.0,0.0,1.5,0.0,0.63,0.7608474807008886
25.0,10.0,392.0,392.0,100,14.03,2.7504086014167917,0.4676666666666667,0.09168028671389306,0.792,0.12364824660660939,0.33333333333333326,0.0,0.0,0.0,3.84,0.8494799359703333,3.38,0.788554488807325,1.62,0.788554488807325,0.0,0.0,0.0,0.0,4.7,2.245084417211086,2.35,2.4344953638829696,15.3,2.245084417211086,5.0,0.0,30.0,0.0,6.0,0.0,1.5,0.0,0.63,0.7608474807008886
25.0,10.0,393.0,393.0,100,14.02,2.7376167471991866,0.4673333333333333,0.09125389157330621,0.7925,0.1229632038251667,0.33333333333333326,0.0,0.00033333333333333327,0.0033333333333333335,3.84,0.8494799359703333,3.38,0.788554488807325,1.62,0.788554488807325,0.0,0.0,0.0,0.0,4.69,2.232428582001533,2.33,2.4906086230339985,15.31,2.232428582001533,5.0,0.0,30.0,0.0,6.0,0.0,1.5,0.0,0.63,0.7608474807008886
25.0,10.0,394.0,394.0,100,14.02,2.7376167471991866,0.4673333333333333,0.09125389157330621,0.7925,0.1229632038251667,0.33333333333333326,0.0,0.0,0.0,3.84,0.8494799359703333,3.38,0.788554488807325,1.62,0.788554488807325,0.0,0.0,0.0,0.0,4.69,2.232428582001533,2.38,2.5257462143679317,15.31,2.232428582001533,5.0,0.0,30.0,0.0,6.0,0.0,1.5,0.0,0.63,0.7608474807008886
25.0,10.0,395.0,395.0,100,14.02,2.7376167471991866,0.4673333333333333,0.09125389157330621,0.7925,0.1229632038251667,0.33333333333333326,0.0,0.0,0.0,3.84,0.8494799359703333,3.38,0.788554488807325,1.62,0.788554488807325,0.0,0.0,0.0,0.0,4.69,2.232428582001533,2.34,2.4912777136370496,15.31,2.232428582001533,5.0,0.0,30.0,0.0,6.0,0.0,1.5,0.0,0.63,0.7608474807008886
25.0,10.0,396.0,396.0,100,14.02,2.7376167471991866,0.4673333333333333,0.09125389157330621,0.7925,0.1229632038251667,0.33333333333333326,0.0,0.0,0.0,3.84,0.8494799359703333,3.38,0.788554488807325,1.62,0.788554488807325,0.0,0.0,0.0,0.0,4.69,2.232428582001533,2.31,2.406619658736748,15.31,2.232428582001533,5.0,0.0,30.0,0.0,6.0,0.0,1.5,0.0,0.63,0.7608474807008886
25.0,10.0,397.0,397.0,100,14.02,2.7376167471991866,0.4673333333333333,0.09125389157330621,0.7925,0.1229632038251667,0.33333333333333326,0.0,0.0,0.0,3.84,0.8494799359703333,3.38,0.788554488807325,1.62,0.788554488807325,0.0,0.0,0.0,0.0,4.69,2.232428582001533,2.39,2.530201413310647,15.31,2.232428582001533,5.0,0.0,30.0,0.0,6.0,0.0,1.5,0.0,0.63,0.7608474807008886
25.0,10.0,398.0,398.0,100,14.02,2.7376167471991866,0.4673333333333333,0.09125389157330621,0.7925,0.1229632038251667,0.33333333333333326,0.0,0.0,0.0,3.84,0.8494799359703333,3.38,0.788554488807325,1.62,0.788554488807325,0.0,0.0,0.0,0.0,4.69,2.232428582001533,2.35,2.4715553521185516,15.31,2.232428582001533,5.0,0.0,30.0,0.0,6.0,0.0,1.5,0.0,0.63,0.7608474807008886
25.0,10.0,399.0,399.0,100,14.02,2.7376167471991866,0.4673333333333333,0.09125389157330621,0.7925,0.1229632038251667,0.33333333333333326,0.0,0.0,0.0,3.84,0.8494799359703333,3.38,0.788554488807325,1.62,0.788554488807325,0.0,0.0,0.0,0.0,4.69,2.232428582001533,2.31,2.43996605374631,15.31,2.232428582001533,5.0,0.0,30.0,0.0,6.0,0.0,1.5,0.0,0.63,0.7608474807008886
25.0,10.0,400.0,400.0,100,14.02,2.7376167471991866,0.4673333333333333,0.09125389157330621,0.7925,0.1229632038251667,0.33333333333333326,0.0,0.0,0.0,3.84,0.8494799359703333,3.38,0.788554488807325,1.62,0.788554488807325,0.0,0.0,0.0,0.0,4.69,2.232428582001533,2.28,2.4456929777496885,15.31,2.232428582001533,5.0,0.0,30.0,0.0,6.0,0.0,1.5,0.0,0.63,0.7608474807008886
25.0,10.0,401.0,401.0,100,14.02,2.7376167471991866,0.4673333333333333,0.09125389157330621,0.7925,0.1229632038251667,0.33333333333333326,0.0,0.0,0.0,3.84,0.8494799359703333,3.38,0.788554488807325,1.62,0.788554488807325,0.0,0.0,0.0,0.0,4.69,2.232428582001533,2.32,2.457230106843842,15.31,2.232428582001533,5.0,0.0,30.0,0.0,6.0,0.0,1.5,0.0,0.63,0.7608474807008886
25.0,10.0,402.0,402.0,100,14.02,2.7376167471991866,0.4673333333333333,0.09125389157330621,0.7925,0.1229632038251667,0.33333333333333326,0.0,0.0,0.0,3.84,0.8494799359703333,3.38,0.788554488807325,1.62,0.788554488807325,0.0,0.0,0.0,0.0,4.69,2.232428582001533,2.32,2.457230106843842,15.31,2.232428582001533,5.0,0.0,30.0,0.0,6.0,0.0,1.5,0.0,0.63,0.7608474807008886
25.0,10.0,403.0,403.0,100,14.02,2.7376167471991866,0.4673333333333333,0.09125389157330621,0.7925,0.1229632038251667,0.33333333333333326,0.0,0.0,0.0,3.84,0.8494799359703333,3.38,0.788554488807325,1.62,0.788554488807325,0.0,0.0,0.0,0.0,4.69,2.232428582001533,2.29,2.400736419004668,15.31,2.232428582001533,5.0,0.0,30.0,0.0,6.0,0.0,1.5,0.0,0.63,0.7608474807008886
25.0,10.0,404.0,404.0,100,14.02,2.7376167471991866,0.4673333333333333,0.09125389157330621,0.7925,0.1229632038251667,0.33333333333333326,0.0,0.0,0.0,3.84,0.8494799359703333,3.38,0.788554488807325,1.62,0.788554488807325,0.0,0.0,0.0,0.0,4.69,2.232428582001533,2.22,2.3680533709519227,15.31,2.232428582001533,5.0,0.0,30.0,0.0,6.0,0.0,1.5,0.0,0.63,0.7608474807008886
25.0,10.0,405.0,405.0,100,14.02,2.7376167471991866,0.4673333333333333,0.09125389157330621,0.7925,0.1229632038251667,0.33333333333333326,0.0,0.0,0.0,3.84,0.8494799359703333,3.38,0.788554488807325,1.62,0.788554488807325,0.0,0.0,0.0,0.0,4.69,2.232428582001533,2.41,2.5309997226312757,15.31,2.232428582001533,5.0,0.0,30.0,0.0,6.0,0.0,1.5,0.0,0.63,0.7608474807008886
25.0,10.0,406.0,406.0,100,14.02,2.7376167471991866,0.4673333333333333,0.09125389157330621,0.7925,0.1229632038251667,0.33333333333333326,0.0,0.0,0.0,3.84,0.8494799359703333,3.38,0.788554488807325,1.62,0.788554488807325,0.0,0.0,0.0,0.0,4.69,2.232428582001533,2.25,2.4094720491334933,15.31,2.232428582001533,5.0,0.0,30.0,0.0,6.0,0.0,1.5,0.0,0.63,0.7608474807008886
25.0,10.0,407.0,407.0,100,14.02,2.7376167471991866,0.4673333333333333,0.09125389157330621,0.7925,0.1229632038251667,0.33333333333333326,0.0,0.0,0.0,3.84,0.8494799359703333,3.38,0.788554488807325,1.62,0.788554488807325,0.0,0.0,0.0,0.0,4.69,2.232428582001533,2.41,2.534987498225902,15.31,2.232428582001533,5.0,0.0,30.0,0.0,6.0,0.0,1.5,0.0,0.63,0.7608474807008886
25.0,10.0,408.0,408.0,100,14.02,2.7376167471991866,0.4673333333333333,0.09125389157330621,0.7925,0.1229632038251667,0.33333333333333326,0.0,0.0,0.0,3.84,0.8494799359703333,3.38,0.788554488807325,1.62,0.788554488807325,0.0,0.0,0.0,0.0,4.69,2.232428582001533,2.3,2.4391586560728165,15.31,2.232428582001533,5.0,0.0,30.0,0.0,6.0,0.0,1.5,0.0,0.63,0.7608474807008886
25.0,10.0,409.0,409.0,100,14.02,2.7376167471991866,0.4673333333333333,0.09125389157330621,0.7925,0.1229632038251667,0.33333333333333326,0.0,0.0,0.0,3.84,0.8494799359703333,3.38,0.788554488807325,1.62,0.788554488807325,0.0,0.0,0.0,0.0,4.69,2.232428582001533,2.37,2.452189291884361,15.31,2.232428582001533,5.0,0.0,30.0,0.0,6.0,0.0,1.5,0.0,0.63,0.7608474807008886
25.0,10.0,410.0,410.0,100,14.02,2.7376167471991866,0.4673333333333333,0.09125389157330621,0.7925,0.1229632038251667,0.33333333333333326,0.0,0.0,0.0,3.84,0.8494799359703333,3.38,0.788554488807325,1.62,0.788554488807325,0.0,0.0,0.0,0.0,4.69,2.232428582001533,2.31,2.4523540535657578,15.31,2.232428582001533,5.0,0.0,30.0,0.0,6.0,0.0,1.5,0.0,0.63,0.7608474807008886
25.0,10.0,411.0,411.0,100,14.0,2.711740281357223,0.4666666666666666,0.09039134271190744,0.7935,0.12157530816557921,0.33333333333333326,0.0,0.0006666666666666665,0.0046901764712096545,3.84,0.8494799359703333,3.38,0.788554488807325,1.62,0.788554488807325,0.0,0.0,0.0,0.0,4.67,2.206761876550794,2.36,2.4639624816768437,15.33,2.2067618765507944,5.0,0.0,30.0,0.0,6.0,0.0,1.5,0.0,0.63,0.7608474807008886
25.0,10.0,412.0,412.0,100,14.0,2.711740281357223,0.4666666666666666,0.09039134271190744,0.7935,0.12157530816557921,0.33333333333333326,0.0,0.0,0.0,3.84,0.8494799359703333,3.38,0.788554488807325,1.62,0.788554488807325,0.0,0.0,0.0,0.0,4.67,2.206761876550794,2.33,2.4331672836660925,15.33,2.2067618765507944,5.0,0.0,30.0,0.0,6.0,0.0,1.5,0.0,0.63,0.7608474807008886
25.0,10.0,413.0,413.0,100,14.0,2.711740281357223,0.4666666666666666,0.09039134271190744,0.7935,0.12157530816557921,0.33333333333333326,0.0,0.0,0.0,3.84,0.8494799359703333,3.38,0.788554488807325,1.62,0.788554488807325,0.0,0.0,0.0,0.0,4.67,2.206761876550794,2.36,2.480306269781857,15.33,2.2067618765507944,5.0,0.0,30.0,0.0,6.0,0.0,1.5,0.0,0.63,0.7608474807008886
25.0,10.0,414.0,414.0,100,14.0,2.711740281357223,0.4666666666666666,0.09039134271190744,0.7935,0.12157530816557921,0.33333333333333326,0.0,0.0,0.0,3.84,0.8494799359703333,3.38,0.788554488807325,1.62,0.788554488807325,0.0,0.0,0.0,0.0,4.67,2.206761876550794,2.35,2.548023595342916,15.33,2.2067618765507944,5.0,0.0,30.0,0.0,6.0,0.0,1.5,0.0,0.63,0.7608474807008886
25.0,10.0,415.0,415.0,100,14.0,2.711740281357223,0.4666666666666666,0.09039134271190744,0.7935,0.12157530816557921,0.33333333333333326,0.0,0.0,0.0,3.84,0.8494799359703333,3.38,0.788554488807325,1.62,0.788554488807325,0.0,0.0,0.0,0.0,4.67,2.206761876550794,2.24,2.4042050703303204,15.33,2.2067618765507944,5.0,0.0,30.0,0.0,6.0,0.0,1.5,0.0,0.63,0.7608474807008886
25.0,10.0,416.0,416.0,100,14.0,2.711740281357223,0.4666666666666666,0.09039134271190744,0.7935,0.12157530816557921,0.33333333333333326,0.0,0.0,0.0,3.84,0.8494799359703333,3.38,0.788554488807325,1.62,0.788554488807325,0.0,0.0,0.0,0.0,4.67,2.206761876550794,2.28,2.445692977749689,15.33,2.2067618765507944,5.0,0.0,30.0,0.0,6.0,0.0,1.5,0.0,0.63,0.7608474807008886
25.0,10.0,417.0,417.0,100,14.0,2.711740281357223,0.4666666666666666,0.09039134271190744,0.7935,0.12157530816557921,0.33333333333333326,0.0,0.0,0.0,3.84,0.8494799359703333,3.38,0.788554488807325,1.62,0.788554488807325,0.0,0.0,0.0,0.0,4.67,2.206761876550794,2.33,2.457949379363854,15.33,2.2067618765507944,5.0,0.0,30.0,0.0,6.0,0.0,1.5,0.0,0.63,0.7608474807008886
25.0,10.0,418.0,418.0,100,14.0,2.711740281357223,0.4666666666666666,0.09039134271190744,0.7935,0.12157530816557921,0.33333333333333326,0.0,0.0,0.0,3.84,0.8494799359703333,3.38,0.788554488807325,1.62,0.788554488807325,0.0,0.0,0.0,0.0,4.67,2.206761876550794,2.38,2.501635828449421,15.33,2.2067618765507944,5.0,0.0,30.0,0.0,6.0,0.0,1.5,0.0,0.63,0.7608474807008886
25.0,10.0,419.0,419.0,100,14.0,2.711740281357223,0.4666666666666666,0.09039134271190744,0.7935,0.12157530816557921,0.33333333333333326,0.0,0.0,0.0,3.84,0.8494799359703333,3.38,0.788554488807325,1.62,0.788554488807325,0.0,0.0,0.0,0.0,4.67,2.206761876550794,2.29,2.430010184124645,15.33,2.2067618765507944,5.0,0.0,30.0,0.0,6.0,0.0,1.5,0.0,0.63,0.7608474807008886
25.0,10.0,420.0,420.0,100,14.0,2.711740281357223,0.4666666666666666,0.09039134271190744,0.7935,0.12157530816557921,0.33333333333333326,0.0,0.0,0.0,3.84,0.8494799359703333,3.38,0.788554488807325,1.62,0.788554488807325,0.0,0.0,0.0,0.0,4.67,2.206761876550794,2.33,2.42485030257519,15.33,2.2067618765507944,5.0,0.0,30.0,0.0,6.0,0.0,1.5,0.0,0.63,0.7608474807008886
25.0,10.0,421.0,421.0,100,14.0,2.711740281357223,0.4666666666666666,0.09039134271190744,0.7935,0.12157530816557921,0.33333333333333326,0.0,0.0,0.0,3.84,0.8494799359703333,3.38,0.788554488807325,1.62,0.788554488807325,0.0,0.0,0.0,0.0,4.67,2.206761876550794,2.29,2.4630399218375767,15.33,2.2067618765507944,5.0,0.0,30.0,0.0,6.0,0.0,1.5,0.0,0.63,0.7608474807008886
25.0,10.0,422.0,422.0,100,14.0,2.711740281357223,0.4666666666666666,0.09039134271190744,0.7935,0.12157530816557921,0.33333333333333326,0.0,0.0,0.0,3.84,0.8494799359703333,3.38,0.788554488807325,1.62,0.788554488807325,0.0,0.0,0.0,0.0,4.67,2.206761876550794,2.31,2.402418814781503,15.33,2.2067618765507944,5.0,0.0,30.0,0.0,6.0,0.0,1.5,0.0,0.63,0.7608474807008886
25.0,10.0,423.0,423.0,100,14.0,2.711740281357223,0.4666666666666666,0.09039134271190744,0.7935,0.12157530816557921,0.33333333333333326,0.0,0.0,0.0,3.84,0.8494799359703333,3.38,0.788554488807325,1.62,0.788554488807325,0.0,0.0,0.0,0.0,4.67,2.206761876550794,2.35,2.5400827155862857,15.33,2.2067618765507944,5.0,0.0,30.0,0.0,6.0,0.0,1.5,0.0,0.63,0.7608474807008886
25.0,10.0,424.0,424.0,100,14.0,2.711740281357223,0.4666666666666666,0.09039134271190744,0.7935,0.12157530816557921,0.33333333333333326,0.0,0.0,0.0,3.84,0.8494799359703333,3.38,0.788554488807325,1.62,0.788554488807325,0.0,0.0,0.0,0.0,4.67,2.206761876550794,2.36,2.516691751831633,15.33,2.2067618765507944,5.0,0.0,30.0,0.0,6.0,0.0,1.5,0.0,0.63,0.7608474807008886
25.0,10.0,425.0,425.0,100,14.0,2.711740281357223,0.4666666666666666,0.09039134271190744,0.7935,0.12157530816557921,0.33333333333333326,0.0,0.0,0.0,3.84,0.8494799359703333,3.38,0.788554488807325,1.62,0.788554488807325,0.0,0.0,0.0,0.0,4.67,2.206761876550794,2.27,2.4156685504130206,15.33,2.2067618765507944,5.0,0.0,30.0,0.0,6.0,0.0,1.5,0.0,0.63,0.7608474807008886
25.0,10.0,426.0,426.0,100,14.0,2.711740281357223,0.4666666666666666,0.09039134271190744,0.7935,0.12157530816557921,0.33333333333333326,0.0,0.0,0.0,3.84,0.8494799359703333,3.38,0.788554488807325,1.62,0.788554488807325,0.0,0.0,0.0,0.0,4.67,2.206761876550794,2.36,2.4965430644647952,15.33,2.2067618765507944,5.0,0.0,30.0,0.0,6.0,0.0,1.5,0.0,0.63,0.7608474807008886
25.0,10.0,427.0,427.0,100,14.0,2.711740281357223,0.4666666666666666,0.09039134271190744,0.7935,0.12157530816557921,0.33333333333333326,0.0,0.0,0.0,3.84,0.8494799359703333,3.38,0.788554488807325,1.62,0.788554488807325,0.0,0.0,0.0,0.0,4.67,2.206761876550794,2.34,2.4872198588509677,15.33,2.2067618765507944,5.0,0.0,30.0,0.0,6.0,0.0,1.5,0.0,0.63,0.7608474807008886
25.0,10.0,428.0,428.0,100,14.0,2.711740281357223,0.4666666666666666,0.09039134271190744,0.7935,0.12157530816557921,0.33333333333333326,0.0,0.0,0.0,3.84,0.8494799359703333,3.38,0.788554488807325,1.62,0.788554488807325,0.0,0.0,0.0,0.0,4.67,2.206761876550794,2.28,2.4415593626230185,15.33,2.2067618765507944,5.0,0.0,30.0,0.0,6.0,0.0,1.5,0.0,0.63,0.7608474807008886
25.0,10.0,429.0,429.0,100,14.0,2.711740281357223,0.4666666666666666,0.09039134271190744,0.7935,0.12157530816557921,0.33333333333333326,0.0,0.0,0.0,3.84,0.8494799359703333,3.38,0.788554488807325,1.62,0.788554488807325,0.0,0.0,0.0,0.0,4.67,2.206761876550794,2.33,2.474332886319712,15.33,2.2067618765507944,5.0,0.0,30.0,0.0,6.0,0.0,1.5,0.0,0.63,0.7608474807008886
25.0,10.0,430.0,430.0,100,14.0,2.711740281357223,0.4666666666666666,0.09039134271190744,0.7935,0.12157530816557921,0.33333333333333326,0.0,0.0,0.0,3.84,0.8494799359703333,3.38,0.788554488807325,1.62,0.788554488807325,0.0,0.0,0.0,0.0,4.67,2.206761876550794,2.32,2.4448668138313256,15.33,2.2067618765507944,5.0,0.0,30.0,0.0,6.0,0.0,1.5,0.0,0.63,0.7608474807008886
25.0,10.0,431.0,431.0,100,14.0,2.711740281357223,0.4666666666666666,0.09039134271190744,0.7935,0.12157530816557921,0.33333333333333326,0.0,0.0,0.0,3.84,0.8494799359703333,3.38,0.788554488807325,1.62,0.788554488807325,0.0,0.0,0.0,0.0,4.67,2.206761876550794,2.3,2.4350139484801576,15.33,2.2067618765507944,5.0,0.0,30.0,0.0,6.0,0.0,1.5,0.0,0.63,0.7608474807008886
25.0,10.0,432.0,432.0,100,14.0,2.711740281357223,0.4666666666666666,0.09039134271190744,0.7935,0.12157530816557921,0.33333333333333326,0.0,0.0,0.0,3.84,0.8494799359703333,3.38,0.788554488807325,1.62,0.788554488807325,0.0,0.0,0.0,0.0,4.67,2.206761876550794,2.36,2.5247062035297123,15.33,2.2067618765507944,5.0,0.0,30.0,0.0,6.0,0.0,1.5,0.0,0.63,0.7608474807008886
25.0,10.0,433.0,433.0,100,14.0,2.711740281357223,0.4666666666666666,0.09039134271190744,0.7935,0.12157530816557921,0.33333333333333326,0.0,0.0,0.0,3.84,0.8494799359703333,3.38,0.788554488807325,1.62,0.788554488807325,0.0,0.0,0.0,0.0,4.67,2.206761876550794,2.35,2.430342703522624,15.33,2.2067618765507944,5.0,0.0,30.0,0.0,6.0,0.0,1.5,0.0,0.63,0.7608474807008886
25.0,10.0,434.0,434.0,100,14.0,2.711740281357223,0.4666666666666666,0.09039134271190744,0.7935,0.12157530816557921,0.33333333333333326,0.0,0.0,0.0,3.84,0.8494799359703333,3.38,0.788554488807325,1.62,0.788554488807325,0.0,0.0,0.0,0.0,4.67,2.206761876550794,2.27,2.4072911134822275,15.33,2.2067618765507944,5.0,0.0,30.0,0.0,6.0,0.0,1.5,0.0,0.63,0.7608474807008886
25.0,10.0,435.0,435.0,100,14.0,2.711740281357223,0.4666666666666666,0.09039134271190744,0.7935,0.12157530816557921,0.33333333333333326,0.0,0.0,0.0,3.84,0.8494799359703333,3.38,0.788554488807325,1.62,0.788554488807325,0.0,0.0,0.0,0.0,4.67,2.206761876550794,2.36,2.4100798427614074,15.33,2.2067618765507944,5.0,0.0,30.0,0.0,6.0,0.0,1.5,0.0,0.63,0.7608474807008886
25.0,10.0,436.0,436.0,100,14.0,2.711740281357223,0.4666666666666666,0.09039134271190744,0.7935,0.12157530816557921,0.33333333333333326,0.0,0.0,0.0,3.84,0.8494799359703333,3.38,0.788554488807325,1.62,0.788554488807325,0.0,0.0,0.0,0.0,4.67,2.206761876550794,2.29,2.4712283781491537,15.33,2.2067618765507944,5.0,0.0,30.0,0.0,6.0,0.0,1.5,0.0,0.63,0.7608474807008886
25.0,10.0,437.0,437.0,100,14.0,2.711740281357223,0.4666666666666666,0.09039134271190744,0.7935,0.12157530816557921,0.33333333333333326,0.0,0.0,0.0,3.84,0.8494799359703333,3.38,0.788554488807325,1.62,0.788554488807325,0.0,0.0,0.0,0.0,4.67,2.206761876550794,2.33,2.494660965609021,15.33,2.2067618765507944,5.0,0.0,30.0,0.0,6.0,0.0,1.5,0.0,0.63,0.7608474807008886
25.0,10.0,438.0,438.0,100,14.0,2.711740281357223,0.4666666666666666,0.09039134271190744,0.7935,0.12157530816557921,0.33333333333333326,0.0,0.0,0.0,3.84,0.8494799359703333,3.38,0.788554488807325,1.62,0.788554488807325,0.0,0.0,0.0,0.0,4.67,2.206761876550794,2.28,2.4825858138707555,15.33,2.2067618765507944,5.0,0.0,30.0,0.0,6.0,0.0,1.5,0.0,0.63,0.7608474807008886
25.0,10.0,439.0,439.0,100,14.0,2.711740281357223,0.4666666666666666,0.09039134271190744,0.7935,0.12157530816557921,0.33333333333333326,0.0,0.0,0.0,3.84,0.8494799359703333,3.38,0.788554488807325,1.62,0.788554488807325,0.0,0.0,0.0,0.0,4.67,2.206761876550794,2.34,2.4503967932652144,15.33,2.2067618765507944,5.0,0.0,30.0,0.0,6.0,0.0,1.5,0.0,0.63,0.7608474807008886
25.0,10.0,440.0,440.0,100,14.0,2.711740281357223,0.4666666666666666,0.09039134271190744,0.7935,0.12157530816557921,0.33333333333333326,0.0,0.0,0.0,3.84,0.8494799359703333,3.38,0.788554488807325,1.62,0.788554488807325,0.0,0.0,0.0,0.0,4.67,2.206761876550794,2.28,2.474434942128866,15.33,2.2067618765507944,5.0,0.0,30.0,0.0,6.0,0.0,1.5,0.0,0.63,0.7608474807008886
25.0,10.0,441.0,441.0,100,14.0,2.711740281357223,0.4666666666666666,0.09039134271190744,0.7935,0.12157530816557921,0.33333333333333326,0.0,0.0,0.0,3.84,0.8494799359703333,3.38,0.788554488807325,1.62,0.788554488807325,0.0,0.0,0.0,0.0,4.67,2.206761876550794,2.37,2.557046117786077,15.33,2.2067618765507944,5.0,0.0,30.0,0.0,6.0,0.0,1.5,0.0,0.63,0.7608474807008886
25.0,10.0,442.0,442.0,100,14.0,2.711740281357223,0.4666666666666666,0.09039134271190744,0.7935,0.12157530816557921,0.33333333333333326,0.0,0.0,0.0,3.84,0.8494799359703333,3.38,0.788554488807325,1.62,0.788554488807325,0.0,0.0,0.0,0.0,4.67,2.206761876550794,2.3,2.4679767200905864,15.33,2.2067618765507944,5.0,0.0,30.0,0.0,6.0,0.0,1.5,0.0,0.63,0.7608474807008886
25.0,10.0,443.0,443.0,100,14.0,2.711740281357223,0.4666666666666666,0.09039134271190744,0.7935,0.12157530816557921,0.33333333333333326,0.0,0.0,0.0,3.84,0.8494799359703333,3.38,0.788554488807325,1.62,0.788554488807325,0.0,0.0,0.0,0.0,4.67,2.206761876550794,2.25,2.442779506458108,15.33,2.2067618765507944,5.0,0.0,30.0,0.0,6.0,0.0,1.5,0.0,0.63,0.7608474807008886
25.0,10.0,444.0,444.0,100,14.0,2.711740281357223,0.4666666666666666,0.09039134271190744,0.7935,0.12157530816557921,0.33333333333333326,0.0,0.0,0.0,3.84,0.8494799359703333,3.38,0.788554488807325,1.62,0.788554488807325,0.0,0.0,0.0,0.0,4.67,2.206761876550794,2.25,2.451035650000986,15.33,2.2067618765507944,5.0,0.0,30.0,0.0,6.0,0.0,1.5,0.0,0.63,0.7608474807008886
25.0,10.0,445.0,445.0,100,14.0,2.711740281357223,0.4666666666666666,0.09039134271190744,0.7935,0.12157530816557921,0.33333333333333326,0.0,0.0,0.0,3.84,0.8494799359703333,3.38,0.788554488807325,1.62,0.788554488807325,0.0,0.0,0.0,0.0,4.67,2.206761876550794,2.35,2.4878492597812154,15.33,2.2067618765507944,5.0,0.0,30.0,0.0,6.0,0.0,1.5,0.0,0.63,0.7608474807008886
25.0,10.0,446.0,446.0,100,14.0,2.711740281357223,0.4666666666666666,0.09039134271190744,0.7935,0.12157530816557921,0.33333333333333326,0.0,0.0,0.0,3.84,0.8494799359703333,3.38,0.788554488807325,1.62,0.788554488807325,0.0,0.0,0.0,0.0,4.67,2.206761876550794,2.34,2.495328969628387,15.33,2.2067618765507944,5.0,0.0,30.0,0.0,6.0,0.0,1.5,0.0,0.63,0.7608474807008886
25.0,10.0,447.0,447.0,100,14.0,2.711740281357223,0.4666666666666666,0.09039134271190744,0.7935,0.12157530816557921,0.33333333333333326,0.0,0.0,0.0,3.84,0.8494799359703333,3.38,0.788554488807325,1.62,0.788554488807325,0.0,0.0,0.0,0.0,4.67,2.206761876550794,2.26,2.4396555478016135,15.33,2.2067618765507944,5.0,0.0,30.0,0.0,6.0,0.0,1.5,0.0,0.63,0.7608474807008886
25.0,10.0,448.0,448.0,100,14.0,2.711740281357223,0.4666666666666666,0.09039134271190744,0.7935,0.12157530816557921,0.33333333333333326,0.0,0.0,0.0,3.84,0.8494799359703333,3.38,0.788554488807325,1.62,0.788554488807325,0.0,0.0,0.0,0.0,4.67,2.206761876550794,2.36,2.4721478822099523,15.33,2.2067618765507944,5.0,0.0,30.0,0.0,6.0,0.0,1.5,0.0,0.63,0.7608474807008886
25.0,10.0,449.0,449.0,100,14.0,2.711740281357223,0.4666666666666666,0.09039134271190744,0.7935,0.12157530816557921,0.33333333333333326,0.0,0.0,0.0,3.84,0.8494799359703333,3.38,0.788554488807325,1.62,0.788554488807325,0.0,0.0,0.0,0.0,4.67,2.206761876550794,2.26,2.4520451163315187,15.33,2.2067618765507944,5.0,0.0,30.0,0.0,6.0,0.0,1.5,0.0,0.63,0.7608474807008886
25.0,10.0,450.0,450.0,100,14.0,2.711740281357223,0.4666666666666666,0.09039134271190744,0.7935,0.12157530816557921,0.33333333333333326,0.0,0.0,0.0,3.84,0.8494799359703333,3.38,0.788554488807325,1.62,0.788554488807325,0.0,0.0,0.0,0.0,4.67,2.206761876550794,2.37,2.576721744677712,15.33,2.2067618765507944,5.0,0.0,30.0,0.0,6.0,0.0,1.5,0.0,0.63,0.7608474807008886
25.0,10.0,451.0,451.0,100,14.0,2.711740281357223,0.4666666666666666,0.09039134271190744,0.7935,0.12157530816557921,0.33333333333333326,0.0,0.0,0.0,3.84,0.8494799359703333,3.38,0.788554488807325,1.62,0.788554488807325,0.0,0.0,0.0,0.0,4.67,2.206761876550794,2.2,2.378353560042252,15.33,2.2067618765507944,5.0,0.0,30.0,0.0,6.0,0.0,1.5,0.0,0.63,0.7608474807008886
25.0,10.0,452.0,452.0,100,14.0,2.711740281357223,0.4666666666666666,0.09039134271190744,0.7935,0.12157530816557921,0.33333333333333326,0.0,0.0,0.0,3.84,0.8494799359703333,3.38,0.788554488807325,1.62,0.788554488807325,0.0,0.0,0.0,0.0,4.67,2.206761876550794,2.33,2.5148247323309505,15.33,2.2067618765507944,5.0,0.0,30.0,0.0,6.0,0.0,1.5,0.0,0.63,0.7608474807008886
25.0,10.0,453.0,453.0,100,14.0,2.711740281357223,0.4666666666666666,0.09039134271190744,0.7935,0.12157530816557921,0.33333333333333326,0.0,0.0,0.0,3.84,0.8494799359703333,3.38,0.788554488807325,1.62,0.788554488807325,0.0,0.0,0.0,0.0,4.67,2.206761876550794,2.27,2.390448163889446,15.33,2.2067618765507944,5.0,0.0,30.0,0.0,6.0,0.0,1.5,0.0,0.63,0.7608474807008886
25.0,10.0,454.0,454.0,100,14.0,2.711740281357223,0.4666666666666666,0.09039134271190744,0.7935,0.12157530816557921,0.33333333333333326,0.0,0.0,0.0,3.84,0.8494799359703333,3.38,0.788554488807325,1.62,0.788554488807325,0.0,0.0,0.0,0.0,4.67,2.206761876550794,2.34,2.5710902454999616,15.33,2.2067618765507944,5.0,0.0,30.0,0.0,6.0,0.0,1.5,0.0,0.63,0.7608474807008886
25.0,10.0,455.0,455.0,100,14.0,2.711740281357223,0.4666666666666666,0.09039134271190744,0.7935,0.12157530816557921,0.33333333333333326,0.0,0.0,0.0,3.84,0.8494799359703333,3.38,0.788554488807325,1.62,0.788554488807325,0.0,0.0,0.0,0.0,4.67,2.206761876550794,2.26,2.468467810876482,15.33,2.2067618765507944,5.0,0.0,30.0,0.0,6.0,0.0,1.5,0.0,0.63,0.7608474807008886
25.0,10.0,456.0,456.0,100,14.0,2.711740281357223,0.4666666666666666,0.09039134271190744,0.7935,0.12157530816557921,0.33333333333333326,0.0,0.0,0.0,3.84,0.8494799359703333,3.38,0.788554488807325,1.62,0.788554488807325,0.0,0.0,0.0,0.0,4.67,2.206761876550794,2.28,2.470349421160144,15.33,2.2067618765507944,5.0,0.0,30.0,0.0,6.0,0.0,1.5,0.0,0.63,0.7608474807008886
25.0,10.0,457.0,457.0,100,14.0,2.711740281357223,0.4666666666666666,0.09039134271190744,0.7935,0.12157530816557921,0.33333333333333326,0.0,0.0,0.0,3.84,0.8494799359703333,3.38,0.788554488807325,1.62,0.788554488807325,0.0,0.0,0.0,0.0,4.67,2.206761876550794,2.31,2.4728628156552688,15.33,2.2067618765507944,5.0,0.0,30.0,0.0,6.0,0.0,1.5,0.0,0.63,0.7608474807008886
25.0,10.0,458.0,458.0,100,14.0,2.711740281357223,0.4666666666666666,0.09039134271190744,0.7935,0.12157530816557921,0.33333333333333326,0.0,0.0,0.0,3.84,0.8494799359703333,3.38,0.788554488807325,1.62,0.788554488807325,0.0,0.0,0.0,0.0,4.67,2.206761876550794,2.3,2.480224818744291,15.33,2.2067618765507944,5.0,0.0,30.0,0.0,6.0,0.0,1.5,0.0,0.63,0.7608474807008886
25.0,10.0,459.0,459.0,100,14.0,2.711740281357223,0.4666666666666666,0.09039134271190744,0.7935,0.12157530816557921,0.33333333333333326,0.0,0.0,0.0,3.84,0.8494799359703333,3.38,0.788554488807325,1.62,0.788554488807325,0.0,0.0,0.0,0.0,4.67,2.206761876550794,2.32,2.5060734307685477,15.33,2.2067618765507944,5.0,0.0,30.0,0.0,6.0,0.0,1.5,0.0,0.63,0.7608474807008886
25.0,10.0,460.0,460.0,100,14.0,2.711740281357223,0.4666666666666666,0.09039134271190744,0.7935,0.12157530816557921,0.33333333333333326,0.0,0.0,0.0,3.84,0.8494799359703333,3.38,0.788554488807325,1.62,0.788554488807325,0.0,0.0,0.0,0.0,4.67,2.206761876550794,2.27,2.3606838591451176,15.33,2.2067618765507944,5.0,0.0,30.0,0.0,6.0,0.0,1.5,0.0,0.63,0.7608474807008886
25.0,10.0,461.0,461.0,100,14.0,2.711740281357223,0.4666666666666666,0.09039134271190744,0.7935,0.12157530816557921,0.33333333333333326,0.0,0.0,0.0,3.84,0.8494799359703333,3.38,0.788554488807325,1.62,0.788554488807325,0.0,0.0,0.0,0.0,4.67,2.206761876550794,2.34,2.495328969628387,15.33,2.2067618765507944,5.0,0.0,30.0,0.0,6.0,0.0,1.5,0.0,0.63,0.7608474807008886
25.0,10.0,462.0,462.0,100,14.0,2.711740281357223,0.4666666666666666,0.09039134271190744,0.7935,0.12157530816557921,0.33333333333333326,0.0,0.0,0.0,3.84,0.8494799359703333,3.38,0.788554488807325,1.62,0.788554488807325,0.0,0.0,0.0,0.0,4.67,2.206761876550794,2.34,2.523505658420604,15.33,2.2067618765507944,5.0,0.0,30.0,0.0,6.0,0.0,1.5,0.0,0.63,0.7608474807008886
25.0,10.0,463.0,463.0,100,14.0,2.711740281357223,0.4666666666666666,0.09039134271190744,0.7935,0.12157530816557921,0.33333333333333326,0.0,0.0,0.0,3.84,0.8494799359703333,3.38,0.788554488807325,1.62,0.788554488807325,0.0,0.0,0.0,0.0,4.67,2.206761876550794,2.33,2.5067786886638794,15.33,2.2067618765507944,5.0,0.0,30.0,0.0,6.0,0.0,1.5,0.0,0.63,0.7608474807008886
25.0,10.0,464.0,464.0,100,14.0,2.711740281357223,0.4666666666666666,0.09039134271190744,0.7935,0.12157530816557921,0.33333333333333326,0.0,0.0,0.0,3.84,0.8494799359703333,3.38,0.788554488807325,1.62,0.788554488807325,0.0,0.0,0.0,0.0,4.67,2.206761876550794,2.27,2.4571273364387825,15.33,2.2067618765507944,5.0,0.0,30.0,0.0,6.0,0.0,1.5,0.0,0.63,0.7608474807008886
25.0,10.0,465.0,465.0,100,14.0,2.711740281357223,0.4666666666666666,0.09039134271190744,0.7935,0.12157530816557921,0.33333333333333326,0.0,0.0,0.0,3.84,0.8494799359703333,3.38,0.788554488807325,1.62,0.788554488807325,0.0,0.0,0.0,0.0,4.67,2.206761876550794,2.31,2.4810188522972862,15.33,2.2067618765507944,5.0,0.0,30.0,0.0,6.0,0.0,1.5,0.0,0.63,0.7608474807008886
25.0,10.0,466.0,466.0,100,14.0,2.711740281357223,0.4666666666666666,0.09039134271190744,0.7935,0.12157530816557921,0.33333333333333326,0.0,0.0,0.0,3.84,0.8494799359703333,3.38,0.788554488807325,1.62,0.788554488807325,0.0,0.0,0.0,0.0,4.67,2.206761876550794,2.24,2.425121052898622,15.33,2.2067618765507944,5.0,0.0,30.0,0.0,6.0,0.0,1.5,0.0,0.63,0.7608474807008886
25.0,10.0,467.0,467.0,100,14.0,2.711740281357223,0.4666666666666666,0.09039134271190744,0.7935,0.12157530816557921,0.33333333333333326,0.0,0.0,0.0,3.84,0.8494799359703333,3.38,0.788554488807325,1.62,0.788554488807325,0.0,0.0,0.0,0.0,4.67,2.206761876550794,2.33,2.470247196561756,15.33,2.2067618765507944,5.0,0.0,30.0,0.0,6.0,0.0,1.5,0.0,0.63,0.7608474807008886
25.0,10.0,468.0,468.0,100,14.0,2.711740281357223,0.4666666666666666,0.09039134271190744,0.7935,0.12157530816557921,0.33333333333333326,0.0,0.0,0.0,3.84,0.8494799359703333,3.38,0.788554488807325,1.62,0.788554488807325,0.0,0.0,0.0,0.0,4.67,2.206761876550794,2.34,2.483155372919827,15.33,2.2067618765507944,5.0,0.0,30.0,0.0,6.0,0.0,1.5,0.0,0.63,0.7608474807008886
25.0,10.0,469.0,469.0,100,14.0,2.711740281357223,0.4666666666666666,0.09039134271190744,0.7935,0.12157530816557921,0.33333333333333326,0.0,0.0,0.0,3.84,0.8494799359703333,3.38,0.788554488807325,1.62,0.788554488807325,0.0,0.0,0.0,0.0,4.67,2.206761876550794,2.32,2.4898987850103382,15.33,2.2067618765507944,5.0,0.0,30.0,0.0,6.0,0.0,1.5,0.0,0.63,0.7608474807008886
25.0,10.0,470.0,470.0,100,14.0,2.711740281357223,0.4666666666666666,0.09039134271190744,0.7935,0.12157530816557921,0.33333333333333326,0.0,0.0,0.0,3.84,0.8494799359703333,3.38,0.788554488807325,1.62,0.788554488807325,0.0,0.0,0.0,0.0,4.67,2.206761876550794,2.3,2.4679767200905864,15.33,2.2067618765507944,5.0,0.0,30.0,0.0,6.0,0.0,1.5,0.0,0.63,0.7608474807008886
25.0,10.0,471.0,471.0,100,14.0,2.711740281357223,0.4666666666666666,0.09039134271190744,0.7935,0.12157530816557921,0.33333333333333326,0.0,0.0,0.0,3.84,0.8494799359703333,3.38,0.788554488807325,1.62,0.788554488807325,0.0,0.0,0.0,0.0,4.67,2.206761876550794,2.3,2.5085711656098764,15.33,2.2067618765507944,5.0,0.0,30.0,0.0,6.0,0.0,1.5,0.0,0.63,0.7608474807008886
25.0,10.0,472.0,472.0,100,14.0,2.711740281357223,0.4666666666666666,0.09039134271190744,0.7935,0.12157530816557921,0.33333333333333326,0.0,0.0,0.0,3.84,0.8494799359703333,3.38,0.788554488807325,1.62,0.788554488807325,0.0,0.0,0.0,0.0,4.67,2.206761876550794,2.31,2.43996605374631,15.33,2.2067618765507944,5.0,0.0,30.0,0.0,6.0,0.0,1.5,0.0,0.63,0.7608474807008886
25.0,10.0,473.0,473.0,100,14.0,2.711740281357223,0.4666666666666666,0.09039134271190744,0.7935,0.12157530816557921,0.33333333333333326,0.0,0.0,0.0,3.84,0.8494799359703333,3.38,0.788554488807325,1.62,0.788554488807325,0.0,0.0,0.0,0.0,4.67,2.206761876550794,2.27,2.448891730369211,15.33,2.2067618765507944,5.0,0.0,30.0,0.0,6.0,0.0,1.5,0.0,0.63,0.7608474807008886
25.0,10.0,474.0,474.0,100,14.0,2.711740281357223,0.4666666666666666,0.09039134271190744,0.7935,0.12157530816557921,0.33333333333333326,0.0,0.0,0.0,3.84,0.8494799359703333,3.38,0.788554488807325,1.62,0.788554488807325,0.0,0.0,0.0,0.0,4.67,2.206761876550794,2.33,2.4946609656090213,15.33,2.2067618765507944,5.0,0.0,30.0,0.0,6.0,0.0,1.5,0.0,0.63,0.7608474807008886
25.0,10.0,475.0,475.0,100,14.0,2.711740281357223,0.4666666666666666,0.09039134271190744,0.7935,0.12157530816557921,0.33333333333333326,0.0,0.0,0.0,3.84,0.8494799359703333,3.38,0.788554488807325,1.62,0.788554488807325,0.0,0.0,0.0,0.0,4.67,2.206761876550794,2.31,2.4605780711947434,15.33,2.2067618765507944,5.0,0.0,30.0,0.0,6.0,0.0,1.5,0.0,0.63,0.7608474807008886
25.0,10.0,476.0,476.0,100,14.0,2.711740281357223,0.4666666666666666,0.09039134271190744,0.7935,0.12157530816557921,0.33333333333333326,0.0,0.0,0.0,3.84,0.8494799359703333,3.38,0.788554488807325,1.62,0.788554488807325,0.0,0.0,0.0,0.0,4.67,2.206761876550794,2.34,2.495328969628387,15.33,2.2067618765507944,5.0,0.0,30.0,0.0,6.0,0.0,1.5,0.0,0.63,0.7608474807008886
25.0,10.0,477.0,477.0,100,14.0,2.711740281357223,0.4666666666666666,0.09039134271190744,0.7935,0.12157530816557921,0.33333333333333326,0.0,0.0,0.0,3.84,0.8494799359703333,3.38,0.788554488807325,1.62,0.788554488807325,0.0,0.0,0.0,0.0,4.67,2.206761876550794,2.32,2.4898987850103387,15.33,2.2067618765507944,5.0,0.0,30.0,0.0,6.0,0.0,1.5,0.0,0.63,0.7608474807008886
25.0,10.0,478.0,478.0,100,14.0,2.711740281357223,0.4666666666666666,0.09039134271190744,0.7935,0.12157530816557921,0.33333333333333326,0.0,0.0,0.0,3.84,0.8494799359703333,3.38,0.788554488807325,1.62,0.788554488807325,0.0,0.0,0.0,0.0,4.67,2.206761876550794,2.29,2.425849845878239,15.33,2.2067618765507944,5.0,0.0,30.0,0.0,6.0,0.0,1.5,0.0,0.63,0.7608474807008886
25.0,10.0,479.0,479.0,100,14.0,2.711740281357223,0.4666666666666666,0.09039134271190744,0.7935,0.12157530816557921,0.33333333333333326,0.0,0.0,0.0,3.84,0.8494799359703333,3.38,0.788554488807325,1.62,0.788554488807325,0.0,0.0,0.0,0.0,4.67,2.206761876550794,2.27,2.469429247433667,15.33,2.2067618765507944,5.0,0.0,30.0,0.0,6.0,0.0,1.5,0.0,0.63,0.7608474807008886
25.0,10.0,480.0,480.0,100,14.0,2.711740281357223,0.4666666666666666,0.09039134271190744,0.7935,0.12157530816557921,0.33333333333333326,0.0,0.0,0.0,3.84,0.8494799359703333,3.38,0.788554488807325,1.62,0.788554488807325,0.0,0.0,0.0,0.0,4.67,2.206761876550794,2.34,2.543440761859987,15.33,2.2067618765507944,5.0,0.0,30.0,0.0,6.0,0.0,1.5,0.0,0.63,0.7608474807008886
25.0,10.0,481.0,481.0,100,14.0,2.711740281357223,0.4666666666666666,0.09039134271190744,0.7935,0.12157530816557921,0.33333333333333326,0.0,0.0,0.0,3.84,0.8494799359703333,3.38,0.788554488807325,1.62,0.788554488807325,0.0,0.0,0.0,0.0,4.67,2.206761876550794,2.32,2.461337404376291,15.33,2.2067618765507944,5.0,0.0,30.0,0.0,6.0,0.0,1.5,0.0,0.63,0.7608474807008886
25.0,10.0,482.0,482.0,100,14.0,2.711740281357223,0.4666666666666666,0.09039134271190744,0.7935,0.12157530816557921,0.33333333333333326,0.0,0.0,0.0,3.84,0.8494799359703333,3.38,0.788554488807325,1.62,0.788554488807325,0.0,0.0,0.0,0.0,4.67,2.206761876550794,2.36,2.4475095567337486,15.33,2.2067618765507944,5.0,0.0,30.0,0.0,6.0,0.0,1.5,0.0,0.63,0.7608474807008886
25.0,10.0,483.0,483.0,100,14.0,2.711740281357223,0.4666666666666666,0.09039134271190744,0.7935,0.12157530816557921,0.33333333333333326,0.0,0.0,0.0,3.84,0.8494799359703333,3.38,0.788554488807325,1.62,0.788554488807325,0.0,0.0,0.0,0.0,4.67,2.206761876550794,2.31,2.4728628156552688,15.33,2.2067618765507944,5.0,0.0,30.0,0.0,6.0,0.0,1.5,0.0,0.63,0.7608474807008886
25.0,10.0,484.0,484.0,100,14.0,2.711740281357223,0.4666666666666666,0.09039134271190744,0.7935,0.12157530816557921,0.33333333333333326,0.0,0.0,0.0,3.84,0.8494799359703333,3.38,0.788554488807325,1.62,0.788554488807325,0.0,0.0,0.0,0.0,4.67,2.206761876550794,2.24,2.5150857968778255,15.33,2.2067618765507944,5.0,0.0,30.0,0.0,6.0,0.0,1.5,0.0,0.63,0.7608474807008886
25.0,10.0,485.0,485.0,100,14.0,2.711740281357223,0.4666666666666666,0.09039134271190744,0.7935,0.12157530816557921,0.33333333333333326,0.0,0.0,0.0,3.84,0.8494799359703333,3.38,0.788554488807325,1.62,0.788554488807325,0.0,0.0,0.0,0.0,4.67,2.206761876550794,2.29,2.409136649079789,15.33,2.2067618765507944,5.0,0.0,30.0,0.0,6.0,0.0,1.5,0.0,0.63,0.7608474807008886
25.0,10.0,486.0,486.0,100,14.0,2.711740281357223,0.4666666666666666,0.09039134271190744,0.7935,0.12157530816557921,0.33333333333333326,0.0,0.0,0.0,3.84,0.8494799359703333,3.38,0.788554488807325,1.62,0.788554488807325,0.0,0.0,0.0,0.0,4.67,2.206761876550794,2.21,2.4258498458782385,15.33,2.2067618765507944,5.0,0.0,30.0,0.0,6.0,0.0,1.5,0.0,0.63,0.7608474807008886
25.0,10.0,487.0,487.0,100,14.0,2.711740281357223,0.4666666666666666,0.09039134271190744,0.7935,0.12157530816557921,0.33333333333333326,0.0,0.0,0.0,3.84,0.8494799359703333,3.38,0.788554488807325,1.62,0.788554488807325,0.0,0.0,0.0,0.0,4.67,2.206761876550794,2.4,2.5425669046549126,15.33,2.2067618765507944,5.0,0.0,30.0,0.0,6.0,0.0,1.5,0.0,0.63,0.7608474807008886
25.0,10.0,488.0,488.0,100,14.0,2.711740281357223,0.4666666666666666,0.09039134271190744,0.7935,0.12157530816557921,0.33333333333333326,0.0,0.0,0.0,3.84,0.8494799359703333,3.38,0.788554488807325,1.62,0.788554488807325,0.0,0.0,0.0,0.0,4.67,2.206761876550794,2.26,2.427202737991437,15.33,2.2067618765507944,5.0,0.0,30.0,0.0,6.0,0.0,1.5,0.0,0.63,0.7608474807008886
25.0,10.0,489.0,489.0,100,14.0,2.711740281357223,0.4666666666666666,0.09039134271190744,0.7935,0.12157530816557921,0.33333333333333326,0.0,0.0,0.0,3.84,0.8494799359703333,3.38,0.788554488807325,1.62,0.788554488807325,0.0,0.0,0.0,0.0,4.67,2.206761876550794,2.28,2.4124257459656615,15.33,2.2067618765507944,5.0,0.0,30.0,0.0,6.0,0.0,1.5,0.0,0.63,0.7608474807008886
25.0,10.0,490.0,490.0,100,14.0,2.711740281357223,0.4666666666666666,0.09039134271190744,0.7935,0.12157530816557921,0.33333333333333326,0.0,0.0,0.0,3.84,0.8494799359703333,3.38,0.788554488807325,1.62,0.788554488807325,0.0,0.0,0.0,0.0,4.67,2.206761876550794,2.33,2.5108049335106495,15.33,2.2067618765507944,5.0,0.0,30.0,0.0,6.0,0.0,1.5,0.0,0.63,0.7608474807008886
25.0,10.0,491.0,491.0,100,14.0,2.711740281357223,0.4666666666666666,0.09039134271190744,0.7935,0.12157530816557921,0.33333333333333326,0.0,0.0,0.0,3.84,0.8494799359703333,3.38,0.788554488807325,1.62,0.788554488807325,0.0,0.0,0.0,0.0,4.67,2.206761876550794,2.32,2.5141217315014956,15.33,2.2067618765507944,5.0,0.0,30.0,0.0,6.0,0.0,1.5,0.0,0.63,0.7608474807008886
25.0,10.0,492.0,492.0,100,14.0,2.711740281357223,0.4666666666666666,0.09039134271190744,0.7935,0.12157530816557921,0.33333333333333326,0.0,0.0,0.0,3.84,0.8494799359703333,3.38,0.788554488807325,1.62,0.788554488807325,0.0,0.0,0.0,0.0,4.67,2.206761876550794,2.31,2.4728628156552688,15.33,2.2067618765507944,5.0,0.0,30.0,0.0,6.0,0.0,1.5,0.0,0.63,0.7608474807008886
25.0,10.0,493.0,493.0,100,14.0,2.711740281357223,0.4666666666666666,0.09039134271190744,0.7935,0.12157530816557921,0.33333333333333326,0.0,0.0,0.0,3.84,0.8494799359703333,3.38,0.788554488807325,1.62,0.788554488807325,0.0,0.0,0.0,0.0,4.67,2.206761876550794,2.32,2.5618806223616906,15.33,2.2067618765507944,5.0,0.0,30.0,0.0,6.0,0.0,1.5,0.0,0.63,0.7608474807008886
25.0,10.0,494.0,494.0,100,14.0,2.711740281357223,0.4666666666666666,0.09039134271190744,0.7935,0.12157530816557921,0.33333333333333326,0.0,0.0,0.0,3.84,0.8494799359703333,3.38,0.788554488807325,1.62,0.788554488807325,0.0,0.0,0.0,0.0,4.67,2.206761876550794,2.29,2.467137547192632,15.33,2.2067618765507944,5.0,0.0,30.0,0.0,6.0,0.0,1.5,0.0,0.63,0.7608474807008886
25.0,10.0,495.0,495.0,100,14.0,2.711740281357223,0.4666666666666666,0.09039134271190744,0.7935,0.12157530816557921,0.33333333333333326,0.0,0.0,0.0,3.84,0.8494799359703333,3.38,0.788554488807325,1.62,0.788554488807325,0.0,0.0,0.0,0.0,4.67,2.206761876550794,2.28,2.412425745965661,15.33,2.2067618765507944,5.0,0.0,30.0,0.0,6.0,0.0,1.5,0.0,0.63,0.7608474807008886
25.0,10.0,496.0,496.0,100,14.0,2.711740281357223,0.4666666666666666,0.09039134271190744,0.7935,0.12157530816557921,0.33333333333333326,0.0,0.0,0.0,3.84,0.8494799359703333,3.38,0.788554488807325,1.62,0.788554488807325,0.0,0.0,0.0,0.0,4.67,2.206761876550794,2.29,2.5238058482371337,15.33,2.2067618765507944,5.0,0.0,30.0,0.0,6.0,0.0,1.5,0.0,0.63,0.7608474807008886
25.0,10.0,497.0,497.0,100,14.0,2.711740281357223,0.4666666666666666,0.09039134271190744,0.7935,0.12157530816557921,0.33333333333333326,0.0,0.0,0.0,3.84,0.8494799359703333,3.38,0.788554488807325,1.62,0.788554488807325,0.0,0.0,0.0,0.0,4.67,2.206761876550794,2.33,2.538809869910615,15.33,2.2067618765507944,5.0,0.0,30.0,0.0,6.0,0.0,1.5,0.0,0.63,0.7608474807008886
25.0,10.0,498.0,498.0,100,14.0,2.711740281357223,0.4666666666666666,0.09039134271190744,0.7935,0.12157530816557921,0.33333333333333326,0.0,0.0,0.0,3.84,0.8494799359703333,3.38,0.788554488807325,1.62,0.788554488807325,0.0,0.0,0.0,0.0,4.67,2.206761876550794,2.31,2.4850868326190465,15.33,2.2067618765507944,5.0,0.0,30.0,0.0,6.0,0.0,1.5,0.0,0.63,0.7608474807008886
25.0,10.0,499.0,499.0,100,14.0,2.711740281357223,0.4666666666666666,0.09039134271190744,0.7935,0.12157530816557921,0.33333333333333326,0.0,0.0,0.0,3.84,0.8494799359703333,3.38,0.788554488807325,1.62,0.788554488807325,0.0,0.0,0.0,0.0,4.67,2.206761876550794,2.24,2.425121052898622,15.33,2.2067618765507944,5.0,0.0,30.0,0.0,6.0,0.0,1.5,0.0,0.63,0.7608474807008886
25.0,10.0,500.0,500.0,100,14.0,2.711740281357223,0.4666666666666666,0.09039134271190744,0.7935,0.12157530816557921,0.33333333333333326,0.0,0.0,0.0,3.84,0.8494799359703333,3.38,0.788554488807325,1.62,0.788554488807325,0.0,0.0,0.0,0.0,4.67,2.206761876550794,2.31,2.4564695040326523,15.33,2.2067618765507944,5.0,0.0,30.0,0.0,6.0,0.0,1.5,0.0,0.63,0.7608474807008886
25.0,10.0,501.0,501.0,100,14.0,2.711740281357223,0.4666666666666666,0.09039134271190744,0.7935,0.12157530816557921,0.33333333333333326,0.0,0.0,0.0,3.84,0.8494799359703333,3.38,0.788554488807325,1.62,0.788554488807325,0.0,0.0,0.0,0.0,4.67,2.206761876550794,2.24,2.4209523128327217,15.33,2.2067618765507944,5.0,0.0,30.0,0.0,6.0,0.0,1.5,0.0,0.63,0.7608474807008886
25.0,10.0,502.0,502.0,100,14.0,2.711740281357223,0.4666666666666666,0.09039134271190744,0.7935,0.12157530816557921,0.33333333333333326,0.0,0.0,0.0,3.84,0.8494799359703333,3.38,0.788554488807325,1.62,0.788554488807325,0.0,0.0,0.0,0.0,4.67,2.206761876550794,2.38,2.5416927470097597,15.33,2.2067618765507944,5.0,0.0,30.0,0.0,6.0,0.0,1.5,0.0,0.63,0.7608474807008886
25.0,10.0,503.0,503.0,100,14.0,2.711740281357223,0.4666666666666666,0.09039134271190744,0.7935,0.12157530816557921,0.33333333333333326,0.0,0.0,0.0,3.84,0.8494799359703333,3.38,0.788554488807325,1.62,0.788554488807325,0.0,0.0,0.0,0.0,4.67,2.206761876550794,2.23,2.4323368652928457,15.33,2.2067618765507944,5.0,0.0,30.0,0.0,6.0,0.0,1.5,0.0,0.63,0.7608474807008886
25.0,10.0,504.0,504.0,100,14.0,2.711740281357223,0.4666666666666666,0.09039134271190744,0.7935,0.12157530816557921,0.33333333333333326,0.0,0.0,0.0,3.84,0.8494799359703333,3.38,0.788554488807325,1.62,0.788554488807325,0.0,0.0,0.0,0.0,4.67,2.206761876550794,2.31,2.4687746930103778,15.33,2.2067618765507944,5.0,0.0,30.0,0.0,6.0,0.0,1.5,0.0,0.63,0.7608474807008886
25.0,10.0,505.0,505.0,100,14.0,2.711740281357223,0.4666666666666666,0.09039134271190744,0.7935,0.12157530816557921,0.33333333333333326,0.0,0.0,0.0,3.84,0.8494799359703333,3.38,0.788554488807325,1.62,0.788554488807325,0.0,0.0,0.0,0.0,4.67,2.206761876550794,2.25,2.5361029517387856,15.33,2.2067618765507944,5.0,0.0,30.0,0.0,6.0,0.0,1.5,0.0,0.63,0.7608474807008886
25.0,10.0,506.0,506.0,100,14.0,2.711740281357223,0.4666666666666666,0.09039134271190744,0.7935,0.12157530816557921,0.33333333333333326,0.0,0.0,0.0,3.84,0.8494799359703333,3.38,0.788554488807325,1.62,0.788554488807325,0.0,0.0,0.0,0.0,4.67,2.206761876550794,2.32,2.542090128658349,15.33,2.2067618765507944,5.0,0.0,30.0,0.0,6.0,0.0,1.5,0.0,0.63,0.7608474807008886
25.0,10.0,507.0,507.0,100,14.0,2.711740281357223,0.4666666666666666,0.09039134271190744,0.7935,0.12157530816557921,0.33333333333333326,0.0,0.0,0.0,3.84,0.8494799359703333,3.38,0.788554488807325,1.62,0.788554488807325,0.0,0.0,0.0,0.0,4.67,2.206761876550794,2.3,2.4391586560728165,15.33,2.2067618765507944,5.0,0.0,30.0,0.0,6.0,0.0,1.5,0.0,0.63,0.7608474807008886
25.0,10.0,508.0,508.0,100,14.0,2.711740281357223,0.4666666666666666,0.09039134271190744,0.7935,0.12157530816557921,0.33333333333333326,0.0,0.0,0.0,3.84,0.8494799359703333,3.38,0.788554488807325,1.62,0.788554488807325,0.0,0.0,0.0,0.0,4.67,2.206761876550794,2.31,2.5012925951324934,15.33,2.2067618765507944,5.0,0.0,30.0,0.0,6.0,0.0,1.5,0.0,0.63,0.7608474807008886
25.0,10.0,509.0,509.0,100,14.0,2.711740281357223,0.4666666666666666,0.09039134271190744,0.7935,0.12157530816557921,0.33333333333333326,0.0,0.0,0.0,3.84,0.8494799359703333,3.38,0.788554488807325,1.62,0.788554488807325,0.0,0.0,0.0,0.0,4.67,2.206761876550794,2.29,2.4753124483934785,15.33,2.2067618765507944,5.0,0.0,30.0,0.0,6.0,0.0,1.5,0.0,0.63,0.7608474807008886
25.0,10.0,510.0,510.0,100,14.0,2.711740281357223,0.4666666666666666,0.09039134271190744,0.7935,0.12157530816557921,0.33333333333333326,0.0,0.0,0.0,3.84,0.8494799359703333,3.38,0.788554488807325,1.62,0.788554488807325,0.0,0.0,0.0,0.0,4.67,2.206761876550794,2.33,2.5148247323309505,15.33,2.2067618765507944,5.0,0.0,30.0,0.0,6.0,0.0,1.5,0.0,0.63,0.7608474807008886
25.0,10.0,511.0,511.0,100,14.0,2.711740281357223,0.4666666666666666,0.09039134271190744,0.7935,0.12157530816557921,0.33333333333333326,0.0,0.0,0.0,3.84,0.8494799359703333,3.38,0.788554488807325,1.62,0.788554488807325,0.0,0.0,0.0,0.0,4.67,2.206761876550794,2.25,2.5161097116000493,15.33,2.2067618765507944,5.0,0.0,30.0,0.0,6.0,0.0,1.5,0.0,0.63,0.7608474807008886
25.0,10.0,512.0,512.0,100,14.0,2.711740281357223,0.4666666666666666,0.09039134271190744,0.7935,0.12157530816557921,0.33333333333333326,0.0,0.0,0.0,3.84,0.8494799359703333,3.38,0.788554488807325,1.62,0.788554488807325,0.0,0.0,0.0,0.0,4.67,2.206761876550794,2.31,2.4605780711947434,15.33,2.2067618765507944,5.0,0.0,30.0,0.0,6.0,0.0,1.5,0.0,0.63,0.7608474807008886
25.0,10.0,513.0,513.0,100,14.0,2.711740281357223,0.4666666666666666,0.09039134271190744,0.7935,0.12157530816557921,0.33333333333333326,0.0,0.0,0.0,3.84,0.8494799359703333,3.38,0.788554488807325,1.62,0.788554488807325,0.0,0.0,0.0,0.0,4.67,2.206761876550794,2.24,2.429282639260846,15.33,2.2067618765507944,5.0,0.0,30.0,0.0,6.0,0.0,1.5,0.0,0.63,0.7608474807008886
25.0,10.0,514.0,514.0,100,14.0,2.711740281357223,0.4666666666666666,0.09039134271190744,0.7935,0.12157530816557921,0.33333333333333326,0.0,0.0,0.0,3.84,0.8494799359703333,3.38,0.788554488807325,1.62,0.788554488807325,0.0,0.0,0.0,0.0,4.67,2.206761876550794,2.26,2.4561610844419937,15.33,2.2067618765507944,5.0,0.0,30.0,0.0,6.0,0.0,1.5,0.0,0.63,0.7608474807008886
25.0,10.0,515.0,515.0,100,14.0,2.711740281357223,0.4666666666666666,0.09039134271190744,0.7935,0.12157530816557921,0.33333333333333326,0.0,0.0,0.0,3.84,0.8494799359703333,3.38,0.788554488807325,1.62,0.788554488807325,0.0,0.0,0.0,0.0,4.67,2.206761876550794,2.29,2.4753124483934785,15.33,2.2067618765507944,5.0,0.0,30.0,0.0,6.0,0.0,1.5,0.0,0.63,0.7608474807008886
25.0,10.0,516.0,516.0,100,14.0,2.711740281357223,0.4666666666666666,0.09039134271190744,0.7935,0.12157530816557921,0.33333333333333326,0.0,0.0,0.0,3.84,0.8494799359703333,3.38,0.788554488807325,1.62,0.788554488807325,0.0,0.0,0.0,0.0,4.67,2.206761876550794,2.25,2.4756388829528184,15.33,2.2067618765507944,5.0,0.0,30.0,0.0,6.0,0.0,1.5,0.0,0.63,0.7608474807008886
25.0,10.0,517.0,517.0,100,14.0,2.711740281357223,0.4666666666666666,0.09039134271190744,0.7935,0.12157530816557921,0.33333333333333326,0.0,0.0,0.0,3.84,0.8494799359703333,3.38,0.788554488807325,1.62,0.788554488807325,0.0,0.0,0.0,0.0,4.67,2.206761876550794,2.26,2.3809852811579724,15.33,2.2067618765507944,5.0,0.0,30.0,0.0,6.0,0.0,1.5,0.0,0.63,0.7608474807008886
25.0,10.0,518.0,518.0,100,14.0,2.711740281357223,0.4666666666666666,0.09039134271190744,0.7935,0.12157530816557921,0.33333333333333326,0.0,0.0,0.0,3.84,0.8494799359703333,3.38,0.788554488807325,1.62,0.788554488807325,0.0,0.0,0.0,0.0,4.67,2.206761876550794,2.27,2.4653354311084703,15.33,2.2067618765507944,5.0,0.0,30.0,0.0,6.0,0.0,1.5,0.0,0.63,0.7608474807008886
25.0,10.0,519.0,519.0,100,14.0,2.711740281357223,0.4666666666666666,0.09039134271190744,0.7935,0.12157530816557921,0.33333333333333326,0.0,0.0,0.0,3.84,0.8494799359703333,3.38,0.788554488807325,1.62,0.788554488807325,0.0,0.0,0.0,0.0,4.67,2.206761876550794,2.3,2.5326155282911404,15.33,2.2067618765507944,5.0,0.0,30.0,0.0,6.0,0.0,1.5,0.0,0.63,0.7608474807008886
25.0,10.0,520.0,520.0,100,14.0,2.711740281357223,0.4666666666666666,0.09039134271190744,0.7935,0.12157530816557921,0.33333333333333326,0.0,0.0,0.0,3.84,0.8494799359703333,3.38,0.788554488807325,1.62,0.788554488807325,0.0,0.0,0.0,0.0,4.67,2.206761876550794,2.28,2.408235029974433,15.33,2.2067618765507944,5.0,0.0,30.0,0.0,6.0,0.0,1.5,0.0,0.63,0.7608474807008886
25.0,10.0,521.0,521.0,100,14.0,2.711740281357223,0.4666666666666666,0.09039134271190744,0.7935,0.12157530816557921,0.33333333333333326,0.0,0.0,0.0,3.84,0.8494799359703333,3.38,0.788554488807325,1.62,0.788554488807325,0.0,0.0,0.0,0.0,4.67,2.206761876550794,2.25,2.479715689144604,15.33,2.2067618765507944,5.0,0.0,30.0,0.0,6.0,0.0,1.5,0.0,0.63,0.7608474807008886
25.0,10.0,522.0,522.0,100,14.0,2.711740281357223,0.4666666666666666,0.09039134271190744,0.7935,0.12157530816557921,0.33333333333333326,0.0,0.0,0.0,3.84,0.8494799359703333,3.38,0.788554488807325,1.62,0.788554488807325,0.0,0.0,0.0,0.0,4.67,2.206761876550794,2.28,2.5068794235950884,15.33,2.2067618765507944,5.0,0.0,30.0,0.0,6.0,0.0,1.5,0.0,0.63,0.7608474807008886
25.0,10.0,523.0,523.0,100,14.0,2.711740281357223,0.4666666666666666,0.09039134271190744,0.7935,0.12157530816557921,0.33333333333333326,0.0,0.0,0.0,3.84,0.8494799359703333,3.38,0.788554488807325,1.62,0.788554488807325,0.0,0.0,0.0,0.0,4.67,2.206761876550794,2.31,2.513378345389071,15.33,2.2067618765507944,5.0,0.0,30.0,0.0,6.0,0.0,1.5,0.0,0.63,0.7608474807008886
25.0,10.0,524.0,524.0,100,14.0,2.711740281357223,0.4666666666666666,0.09039134271190744,0.7935,0.12157530816557921,0.33333333333333326,0.0,0.0,0.0,3.84,0.8494799359703333,3.38,0.788554488807325,1.62,0.788554488807325,0.0,0.0,0.0,0.0,4.67,2.206761876550794,2.33,2.506778688663879,15.33,2.2067618765507944,5.0,0.0,30.0,0.0,6.0,0.0,1.5,0.0,0.63,0.7608474807008886
25.0,10.0,525.0,525.0,100,14.0,2.711740281357223,0.4666666666666666,0.09039134271190744,0.7935,0.12157530816557921,0.33333333333333326,0.0,0.0,0.0,3.84,0.8494799359703333,3.38,0.788554488807325,1.62,0.788554488807325,0.0,0.0,0.0,0.0,4.67,2.206761876550794,2.32,2.5341306560274632,15.33,2.2067618765507944,5.0,0.0,30.0,0.0,6.0,0.0,1.5,0.0,0.63,0.7608474807008886
25.0,10.0,526.0,526.0,100,14.0,2.711740281357223,0.4666666666666666,0.09039134271190744,0.7935,0.12157530816557921,0.33333333333333326,0.0,0.0,0.0,3.84,0.8494799359703333,3.38,0.788554488807325,1.62,0.788554488807325,0.0,0.0,0.0,0.0,4.67,2.206761876550794,2.33,2.5148247323309505,15.33,2.2067618765507944,5.0,0.0,30.0,0.0,6.0,0.0,1.5,0.0,0.63,0.7608474807008886
25.0,10.0,527.0,527.0,100,14.0,2.711740281357223,0.4666666666666666,0.09039134271190744,0.7935,0.12157530816557921,0.33333333333333326,0.0,0.0,0.0,3.84,0.8494799359703333,3.38,0.788554488807325,1.62,0.788554488807325,0.0,0.0,0.0,0.0,4.67,2.206761876550794,2.18,2.3371397523944135,15.33,2.2067618765507944,5.0,0.0,30.0,0.0,6.0,0.0,1.5,0.0,0.63,0.7608474807008886
25.0,10.0,528.0,528.0,100,13.98,2.711665781974488,0.466,0.09038885939914959,0.7945,0.121625148582342,0.33333333333333326,0.0,0.0006666666666666671,0.0066666666666666706,3.84,0.8494799359703333,3.38,0.788554488807325,1.62,0.788554488807325,0.0,0.0,0.0,0.0,4.66,2.19374685242515,2.32,2.5181362355937176,15.34,2.1937468524251496,5.0,0.0,30.0,0.0,6.0,0.0,1.5,0.0,0.63,0.7608474807008886
25.0,10.0,529.0,529.0,100,13.98,2.711665781974488,0.466,0.09038885939914959,0.7945,0.121625148582342,0.33333333333333326,0.0,0.0,0.0,3.84,0.8494799359703333,3.38,0.788554488807325,1.62,0.788554488807325,0.0,0.0,0.0,0.0,4.66,2.19374685242515,2.24,2.4458581770458854,15.34,2.1937468524251496,5.0,0.0,30.0,0.0,6.0,0.0,1.5,0.0,0.63,0.7608474807008886
25.0,10.0,530.0,530.0,100,13.98,2.711665781974488,0.466,0.09038885939914959,0.7945,0.121625148582342,0.33333333333333326,0.0,0.0,0.0,3.84,0.8494799359703333,3.38,0.788554488807325,1.62,0.788554488807325,0.0,0.0,0.0,0.0,4.66,2.19374685242515,2.29,2.4175076906482498,15.34,2.1937468524251496,5.0,0.0,30.0,0.0,6.0,0.0,1.5,0.0,0.63,0.7608474807008886
25.0,10.0,531.0,531.0,100,13.98,2.711665781974488,0.466,0.09038885939914959,0.7945,0.121625148582342,0.33333333333333326,0.0,0.0,0.0,3.84,0.8494799359703333,3.38,0.788554488807325,1.62,0.788554488807325,0.0,0.0,0.0,0.0,4.66,2.19374685242515,2.21,2.4300101841246455,15.34,2.1937468524251496,5.0,0.0,30.0,0.0,6.0,0.0,1.5,0.0,0.63,0.7608474807008886
25.0,10.0,532.0,532.0,100,13.98,2.711665781974488,0.466,0.09038885939914959,0.7945,0.121625148582342,0.33333333333333326,0.0,0.0,0.0,3.84,0.8494799359703333,3.38,0.788554488807325,1.62,0.788554488807325,0.0,0.0,0.0,0.0,4.66,2.19374685242515,2.34,2.535485529181121,15.34,2.1937468524251496,5.0,0.0,30.0,0.0,6.0,0.0,1.5,0.0,0.63,0.7608474807008886
25.0,10.0,533.0,533.0,100,13.98,2.711665781974488,0.466,0.09038885939914959,0.7945,0.121625148582342,0.33333333333333326,0.0,0.0,0.0,3.84,0.8494799359703333,3.38,0.788554488807325,1.62,0.788554488807325,0.0,0.0,0.0,0.0,4.66,2.19374685242515,2.23,2.407291113482229,15.34,2.1937468524251496,5.0,0.0,30.0,0.0,6.0,0.0,1.5,0.0,0.63,0.7608474807008886
25.0,10.0,534.0,534.0,100,13.98,2.711665781974488,0.466,0.09038885939914959,0.7945,0.121625148582342,0.33333333333333326,0.0,0.0,0.0,3.84,0.8494799359703333,3.38,0.788554488807325,1.62,0.788554488807325,0.0,0.0,0.0,0.0,4.66,2.19374685242515,2.25,2.4715553521185516,15.34,2.1937468524251496,5.0,0.0,30.0,0.0,6.0,0.0,1.5,0.0,0.63,0.7608474807008886
25.0,10.0,535.0,535.0,100,13.98,2.711665781974488,0.466,0.09038885939914959,0.7945,0.121625148582342,0.33333333333333326,0.0,0.0,0.0,3.84,0.8494799359703333,3.38,0.788554488807325,1.62,0.788554488807325,0.0,0.0,0.0,0.0,4.66,2.19374685242515,2.3,2.4964621431784684,15.34,2.1937468524251496,5.0,0.0,30.0,0.0,6.0,0.0,1.5,0.0,0.63,0.7608474807008886
25.0,10.0,536.0,536.0,100,13.96,2.6964997888208915,0.4653333333333333,0.0898833262940297,0.7955,0.1208335945660708,0.33333333333333326,0.0,0.0006666666666666665,0.006666666666666665,3.86,0.8530397222150722,3.38,0.788554488807325,1.62,0.788554488807325,0.0,0.0,0.0,0.0,4.65,2.185235118986633,2.33,2.597804045455673,15.35,2.185235118986633,5.0,0.0,30.0,0.0,6.0,0.0,1.5,0.0,0.63,0.7608474807008886
25.0,10.0,537.0,537.0,100,13.96,2.6964997888208915,0.4653333333333333,0.0898833262940297,0.7955,0.1208335945660708,0.33333333333333326,0.0,0.0,0.0,3.86,0.8530397222150722,3.38,0.788554488807325,1.62,0.788554488807325,0.0,0.0,0.0,0.0,4.65,2.185235118986633,2.25,2.3926444522217403,15.35,2.185235118986633,5.0,0.0,30.0,0.0,6.0,0.0,1.5,0.0,0.63,0.7608474807008886
25.0,10.0,538.0,538.0,100,13.96,2.6964997888208915,0.4653333333333333,0.0898833262940297,0.7955,0.1208335945660708,0.33333333333333326,0.0,0.0,0.0,3.86,0.8530397222150722,3.38,0.788554488807325,1.62,0.788554488807325,0.0,0.0,0.0,0.0,4.65,2.185235118986633,2.35,2.532116932848118,15.35,2.185235118986633,5.0,0.0,30.0,0.0,6.0,0.0,1.5,0.0,0.63,0.7608474807008886
25.0,10.0,539.0,539.0,100,13.96,2.6964997888208915,0.4653333333333333,0.0898833262940297,0.7955,0.1208335945660708,0.33333333333333326,0.0,0.0,0.0,3.86,0.8530397222150722,3.38,0.788554488807325,1.62,0.788554488807325,0.0,0.0,0.0,0.0,4.65,2.185235118986633,2.31,2.4769441909846344,15.35,2.185235118986633,5.0,0.0,30.0,0.0,6.0,0.0,1.5,0.0,0.63,0.7608474807008886
25.0,10.0,540.0,540.0,100,13.96,2.6964997888208915,0.4653333333333333,0.0898833262940297,0.7955,0.1208335945660708,0.33333333333333326,0.0,0.0,0.0,3.86,0.8530397222150722,3.38,0.788554488807325,1.62,0.788554488807325,0.0,0.0,0.0,0.0,4.65,2.185235118986633,2.29,2.5037144123453574,15.35,2.185235118986633,5.0,0.0,30.0,0.0,6.0,0.0,1.5,0.0,0.63,0.7608474807008886
25.0,10.0,541.0,541.0,100,13.96,2.6964997888208915,0.4653333333333333,0.0898833262940297,0.7955,0.1208335945660708,0.33333333333333326,0.0,0.0,0.0,3.86,0.8530397222150722,3.38,0.788554488807325,1.62,0.788554488807325,0.0,0.0,0.0,0.0,4.65,2.185235118986633,2.24,2.4908722256359206,15.35,2.185235118986633,5.0,0.0,30.0,0.0,6.0,0.0,1.5,0.0,0.63,0.7608474807008886
25.0,10.0,542.0,542.0,100,13.96,2.6964997888208915,0.4653333333333333,0.0898833262940297,0.7955,0.1208335945660708,0.33333333333333326,0.0,0.0,0.0,3.86,0.8530397222150722,3.38,0.788554488807325,1.62,0.788554488807325,0.0,0.0,0.0,0.0,4.65,2.185235118986633,2.3,2.447427014212884,15.35,2.185235118986633,5.0,0.0,30.0,0.0,6.0,0.0,1.5,0.0,0.63,0.7608474807008886
25.0,10.0,543.0,543.0,100,13.96,2.6964997888208915,0.4653333333333333,0.0898833262940297,0.7955,0.1208335945660708,0.33333333333333326,0.0,0.0,0.0,3.86,0.8530397222150722,3.38,0.788554488807325,1.62,0.788554488807325,0.0,0.0,0.0,0.0,4.65,2.185235118986633,2.3,2.4597774392219,15.35,2.185235118986633,5.0,0.0,30.0,0.0,6.0,0.0,1.5,0.0,0.63,0.7608474807008886
25.0,10.0,544.0,544.0,100,13.96,2.6964997888208915,0.4653333333333333,0.0898833262940297,0.7955,0.1208335945660708,0.33333333333333326,0.0,0.0,0.0,3.86,0.8530397222150722,3.38,0.788554488807325,1.62,0.788554488807325,0.0,0.0,0.0,0.0,4.65,2.185235118986633,2.17,2.387065312906375,15.35,2.185235118986633,5.0,0.0,30.0,0.0,6.0,0.0,1.5,0.0,0.63,0.7608474807008886
25.0,10.0,545.0,545.0,100,13.96,2.6964997888208915,0.4653333333333333,0.0898833262940297,0.7955,0.1208335945660708,0.33333333333333326,0.0,0.0,0.0,3.86,0.8530397222150722,3.38,0.788554488807325,1.62,0.788554488807325,0.0,0.0,0.0,0.0,4.65,2.185235118986633,2.33,2.530840080912169,15.35,2.185235118986633,5.0,0.0,30.0,0.0,6.0,0.0,1.5,0.0,0.63,0.7608474807008886
25.0,10.0,546.0,546.0,100,13.96,2.6964997888208915,0.4653333333333333,0.0898833262940297,0.7955,0.1208335945660708,0.33333333333333326,0.0,0.0,0.0,3.86,0.8530397222150722,3.38,0.788554488807325,1.62,0.788554488807325,0.0,0.0,0.0,0.0,4.65,2.185235118986633,2.24,2.425121052898622,15.35,2.185235118986633,5.0,0.0,30.0,0.0,6.0,0.0,1.5,0.0,0.63,0.7608474807008886
25.0,10.0,547.0,547.0,100,13.96,2.6964997888208915,0.4653333333333333,0.0898833262940297,0.7955,0.1208335945660708,0.33333333333333326,0.0,0.0,0.0,3.86,0.8530397222150722,3.38,0.788554488807325,1.62,0.788554488807325,0.0,0.0,0.0,0.0,4.65,2.185235118986633,2.33,2.4824840931468772,15.35,2.185235118986633,5.0,0.0,30.0,0.0,6.0,0.0,1.5,0.0,0.63,0.7608474807008886
25.0,10.0,548.0,548.0,100,13.96,2.6964997888208915,0.4653333333333333,0.0898833262940297,0.7955,0.1208335945660708,0.33333333333333326,0.0,0.0,0.0,3.86,0.8530397222150722,3.38,0.788554488807325,1.62,0.788554488807325,0.0,0.0,0.0,0.0,4.65,2.185235118986633,2.19,2.464679789474986,15.35,2.185235118986633,5.0,0.0,30.0,0.0,6.0,0.0,1.5,0.0,0.63,0.7608474807008886
25.0,10.0,549.0,549.0,100,13.96,2.6964997888208915,0.4653333333333333,0.0898833262940297,0.7955,0.1208335945660708,0.33333333333333326,0.0,0.0,0.0,3.86,0.8530397222150722,3.38,0.788554488807325,1.62,0.788554488807325,0.0,0.0,0.0,0.0,4.65,2.185235118986633,2.24,2.4827485583603517,15.35,2.185235118986633,5.0,0.0,30.0,0.0,6.0,0.0,1.5,0.0,0.63,0.7608474807008886
25.0,10.0,550.0,550.0,100,13.96,2.6964997888208915,0.4653333333333333,0.0898833262940297,0.7955,0.1208335945660708,0.33333333333333326,0.0,0.0,0.0,3.86,0.8530397222150722,3.38,0.788554488807325,1.62,0.788554488807325,0.0,0.0,0.0,0.0,4.65,2.185235118986633,2.33,2.522845115092774,15.35,2.185235118986633,5.0,0.0,30.0,0.0,6.0,0.0,1.5,0.0,0.63,0.7608474807008886
25.0,10.0,551.0,551.0,100,13.96,2.6964997888208915,0.4653333333333333,0.0898833262940297,0.7955,0.1208335945660708,0.33333333333333326,0.0,0.0,0.0,3.86,0.8530397222150722,3.38,0.788554488807325,1.62,0.788554488807325,0.0,0.0,0.0,0.0,4.65,2.185235118986633,2.25,2.4094720491334933,15.35,2.185235118986633,5.0,0.0,30.0,0.0,6.0,0.0,1.5,0.0,0.63,0.7608474807008886
25.0,10.0,552.0,552.0,100,13.96,2.6964997888208915,0.4653333333333333,0.0898833262940297,0.7955,0.1208335945660708,0.33333333333333326,0.0,0.0,0.0,3.86,0.8530397222150722,3.38,0.788554488807325,1.62,0.788554488807325,0.0,0.0,0.0,0.0,4.65,2.185235118986633,2.4,2.522624895547565,15.35,2.185235118986633,5.0,0.0,30.0,0.0,6.0,0.0,1.5,0.0,0.63,0.7608474807008886
25.0,10.0,553.0,553.0,100,13.96,2.6964997888208915,0.4653333333333333,0.0898833262940297,0.7955,0.1208335945660708,0.33333333333333326,0.0,0.0,0.0,3.86,0.8530397222150722,3.38,0.788554488807325,1.62,0.788554488807325,0.0,0.0,0.0,0.0,4.65,2.185235118986633,2.32,2.514121731501496,15.35,2.185235118986633,5.0,0.0,30.0,0.0,6.0,0.0,1.5,0.0,0.63,0.7608474807008886
25.0,10.0,554.0,554.0,100,13.96,2.6964997888208915,0.4653333333333333,0.0898833262940297,0.7955,0.1208335945660708,0.33333333333333326,0.0,0.0,0.0,3.86,0.8530397222150722,3.38,0.788554488807325,1.62,0.788554488807325,0.0,0.0,0.0,0.0,4.65,2.185235118986633,2.34,2.5513711900652467,15.35,2.185235118986633,5.0,0.0,30.0,0.0,6.0,0.0,1.5,0.0,0.63,0.7608474807008886
25.0,10.0,555.0,555.0,100,13.96,2.6964997888208915,0.4653333333333333,0.0898833262940297,0.7955,0.1208335945660708,0.33333333333333326,0.0,0.0,0.0,3.86,0.8530397222150722,3.38,0.788554488807325,1.62,0.788554488807325,0.0,0.0,0.0,0.0,4.65,2.185235118986633,2.21,2.438309565119559,15.35,2.185235118986633,5.0,0.0,30.0,0.0,6.0,0.0,1.5,0.0,0.63,0.7608474807008886
25.0,10.0,556.0,556.0,100,13.96,2.6964997888208915,0.4653333333333333,0.0898833262940297,0.7955,0.1208335945660708,0.33333333333333326,0.0,0.0,0.0,3.86,0.8530397222150722,3.38,0.788554488807325,1.62,0.788554488807325,0.0,0.0,0.0,0.0,4.65,2.185235118986633,2.3,2.4883567252142913,15.35,2.185235118986633,5.0,0.0,30.0,0.0,6.0,0.0,1.5,0.0,0.63,0.7608474807008886
25.0,10.0,557.0,557.0,100,13.96,2.6964997888208915,0.4653333333333333,0.0898833262940297,0.7955,0.1208335945660708,0.33333333333333326,0.0,0.0,0.0,3.86,0.8530397222150722,3.38,0.788554488807325,1.62,0.788554488807325,0.0,0.0,0.0,0.0,4.65,2.185235118986633,2.22,2.3977261956051006,15.35,2.185235118986633,5.0,0.0,30.0,0.0,6.0,0.0,1.5,0.0,0.63,0.7608474807008886
25.0,10.0,558.0,558.0,100,13.96,2.6964997888208915,0.4653333333333333,0.0898833262940297,0.7955,0.1208335945660708,0.33333333333333326,0.0,0.0,0.0,3.86,0.8530397222150722,3.38,0.788554488807325,1.62,0.788554488807325,0.0,0.0,0.0,0.0,4.65,2.185235118986633,2.24,2.494924140058464,15.35,2.185235118986633,5.0,0.0,30.0,0.0,6.0,0.0,1.5,0.0,0.63,0.7608474807008886
25.0,10.0,559.0,559.0,100,13.96,2.6964997888208915,0.4653333333333333,0.0898833262940297,0.7955,0.1208335945660708,0.33333333333333326,0.0,0.0,0.0,3.86,0.8530397222150722,3.38,0.788554488807325,1.62,0.788554488807325,0.0,0.0,0.0,0.0,4.65,2.185235118986633,2.29,2.4383095651195594,15.35,2.185235118986633,5.0,0.0,30.0,0.0,6.0,0.0,1.5,0.0,0.63,0.7608474807008886
25.0,10.0,560.0,560.0,100,13.96,2.6964997888208915,0.4653333333333333,0.0898833262940297,0.7955,0.1208335945660708,0.33333333333333326,0.0,0.0,0.0,3.86,0.8530397222150722,3.38,0.788554488807325,1.62,0.788554488807325,0.0,0.0,0.0,0.0,4.65,2.185235118986633,2.28,2.445692977749688,15.35,2.185235118986633,5.0,0.0,30.0,0.0,6.0,0.0,1.5,0.0,0.63,0.7608474807008886
25.0,10.0,561.0,561.0,100,13.96,2.6964997888208915,0.4653333333333333,0.0898833262940297,0.7955,0.1208335945660708,0.33333333333333326,0.0,0.0,0.0,3.86,0.8530397222150722,3.38,0.788554488807325,1.62,0.788554488807325,0.0,0.0,0.0,0.0,4.65,2.185235118986633,2.2,2.391060793282286,15.35,2.185235118986633,5.0,0.0,30.0,0.0,6.0,0.0,1.5,0.0,0.63,0.7608474807008886
25.0,10.0,562.0,562.0,100,13.96,2.6964997888208915,0.4653333333333333,0.0898833262940297,0.7955,0.1208335945660708,0.33333333333333326,0.0,0.0,0.0,3.86,0.8530397222150722,3.38,0.788554488807325,1.62,0.788554488807325,0.0,0.0,0.0,0.0,4.65,2.185235118986633,2.28,2.4947621898366146,15.35,2.185235118986633,5.0,0.0,30.0,0.0,6.0,0.0,1.5,0.0,0.63,0.7608474807008886
25.0,10.0,563.0,563.0,100,13.96,2.6964997888208915,0.4653333333333333,0.0898833262940297,0.7955,0.1208335945660708,0.33333333333333326,0.0,0.0,0.0,3.86,0.8530397222150722,3.38,0.788554488807325,1.62,0.788554488807325,0.0,0.0,0.0,0.0,4.65,2.185235118986633,2.34,2.5314985381162773,15.35,2.185235118986633,5.0,0.0,30.0,0.0,6.0,0.0,1.5,0.0,0.63,0.7608474807008886
25.0,10.0,564.0,564.0,100,13.96,2.6964997888208915,0.4653333333333333,0.0898833262940297,0.7955,0.1208335945660708,0.33333333333333326,0.0,0.0,0.0,3.86,0.8530397222150722,3.38,0.788554488807325,1.62,0.788554488807325,0.0,0.0,0.0,0.0,4.65,2.185235118986633,2.25,2.4094720491334933,15.35,2.185235118986633,5.0,0.0,30.0,0.0,6.0,0.0,1.5,0.0,0.63,0.7608474807008886
25.0,10.0,565.0,565.0,100,13.96,2.6964997888208915,0.4653333333333333,0.0898833262940297,0.7955,0.1208335945660708,0.33333333333333326,0.0,0.0,0.0,3.86,0.8530397222150722,3.38,0.788554488807325,1.62,0.788554488807325,0.0,0.0,0.0,0.0,4.65,2.185235118986633,2.36,2.5525586292102194,15.35,2.185235118986633,5.0,0.0,30.0,0.0,6.0,0.0,1.5,0.0,0.63,0.7608474807008886
25.0,10.0,566.0,566.0,100,13.96,2.6964997888208915,0.4653333333333333,0.0898833262940297,0.7955,0.1208335945660708,0.33333333333333326,0.0,0.0,0.0,3.86,0.8530397222150722,3.38,0.788554488807325,1.62,0.788554488807325,0.0,0.0,0.0,0.0,4.65,2.185235118986633,2.36,2.5565127763728417,15.35,2.185235118986633,5.0,0.0,30.0,0.0,6.0,0.0,1.5,0.0,0.63,0.7608474807008886
25.0,10.0,567.0,567.0,100,13.96,2.6964997888208915,0.4653333333333333,0.0898833262940297,0.7955,0.1208335945660708,0.33333333333333326,0.0,0.0,0.0,3.86,0.8530397222150722,3.38,0.788554488807325,1.62,0.788554488807325,0.0,0.0,0.0,0.0,4.65,2.185235118986633,2.22,2.4394899284709317,15.35,2.185235118986633,5.0,0.0,30.0,0.0,6.0,0.0,1.5,0.0,0.63,0.7608474807008886
25.0,10.0,568.0,568.0,100,13.96,2.6964997888208915,0.4653333333333333,0.0898833262940297,0.7955,0.1208335945660708,0.33333333333333326,0.0,0.0,0.0,3.86,0.8530397222150722,3.38,0.788554488807325,1.62,0.788554488807325,0.0,0.0,0.0,0.0,4.65,2.185235118986633,2.34,2.5394662606321217,15.35,2.185235118986633,5.0,0.0,30.0,0.0,6.0,0.0,1.5,0.0,0.63,0.7608474807008886
25.0,10.0,569.0,569.0,100,13.96,2.6964997888208915,0.4653333333333333,0.0898833262940297,0.7955,0.1208335945660708,0.33333333333333326,0.0,0.0,0.0,3.86,0.8530397222150722,3.38,0.788554488807325,1.62,0.788554488807325,0.0,0.0,0.0,0.0,4.65,2.185235118986633,2.25,2.4010729924663923,15.35,2.185235118986633,5.0,0.0,30.0,0.0,6.0,0.0,1.5,0.0,0.63,0.7608474807008886
25.0,10.0,570.0,570.0,100,13.96,2.6964997888208915,0.4653333333333333,0.0898833262940297,0.7955,0.1208335945660708,0.33333333333333326,0.0,0.0,0.0,3.86,0.8530397222150722,3.38,0.788554488807325,1.62,0.788554488807325,0.0,0.0,0.0,0.0,4.65,2.185235118986633,2.28,2.4907100119516854,15.35,2.185235118986633,5.0,0.0,30.0,0.0,6.0,0.0,1.5,0.0,0.63,0.7608474807008886
25.0,10.0,571.0,571.0,100,13.96,2.6964997888208915,0.4653333333333333,0.0898833262940297,0.7955,0.1208335945660708,0.33333333333333326,0.0,0.0,0.0,3.86,0.8530397222150722,3.38,0.788554488807325,1.62,0.788554488807325,0.0,0.0,0.0,0.0,4.65,2.185235118986633,2.25,2.467465063254967,15.35,2.185235118986633,5.0,0.0,30.0,0.0,6.0,0.0,1.5,0.0,0.63,0.7608474807008886
25.0,10.0,572.0,572.0,100,13.96,2.6964997888208915,0.4653333333333333,0.0898833262940297,0.7955,0.1208335945660708,0.33333333333333326,0.0,0.0,0.0,3.86,0.8530397222150722,3.38,0.788554488807325,1.62,0.788554488807325,0.0,0.0,0.0,0.0,4.65,2.185235118986633,2.28,2.433271066036022,15.35,2.185235118986633,5.0,0.0,30.0,0.0,6.0,0.0,1.5,0.0,0.63,0.7608474807008886
25.0,10.0,573.0,573.0,100,13.96,2.6964997888208915,0.4653333333333333,0.0898833262940297,0.7955,0.1208335945660708,0.33333333333333326,0.0,0.0,0.0,3.86,0.8530397222150722,3.38,0.788554488807325,1.62,0.788554488807325,0.0,0.0,0.0,0.0,4.65,2.185235118986633,2.3,2.4679767200905864,15.35,2.185235118986633,5.0,0.0,30.0,0.0,6.0,0.0,1.5,0.0,0.63,0.7608474807008886
25.0,10.0,574.0,574.0,100,13.96,2.6964997888208915,0.4653333333333333,0.0898833262940297,0.7955,0.1208335945660708,0.33333333333333326,0.0,0.0,0.0,3.86,0.8530397222150722,3.38,0.788554488807325,1.62,0.788554488807325,0.0,0.0,0.0,0.0,4.65,2.185235118986633,2.24,2.4458581770458854,15.35,2.185235118986633,5.0,0.0,30.0,0.0,6.0,0.0,1.5,0.0,0.63,0.7608474807008886
25.0,10.0,575.0,575.0,100,13.96,2.6964997888208915,0.4653333333333333,0.0898833262940297,0.7955,0.1208335945660708,0.33333333333333326,0.0,0.0,0.0,3.86,0.8530397222150722,3.38,0.788554488807325,1.62,0.788554488807325,0.0,0.0,0.0,0.0,4.65,2.185235118986633,2.3,2.4474270142128836,15.35,2.185235118986633,5.0,0.0,30.0,0.0,6.0,0.0,1.5,0.0,0.63,0.7608474807008886
25.0,10.0,576.0,576.0,100,13.96,2.6964997888208915,0.4653333333333333,0.0898833262940297,0.7955,0.1208335945660708,0.33333333333333326,0.0,0.0,0.0,3.86,0.8530397222150722,3.38,0.788554488807325,1.62,0.788554488807325,0.0,0.0,0.0,0.0,4.65,2.185235118986633,2.23,2.4694292474336677,15.35,2.185235118986633,5.0,0.0,30.0,0.0,6.0,0.0,1.5,0.0,0.63,0.7608474807008886
25.0,10.0,577.0,577.0,100,13.96,2.6964997888208915,0.4653333333333333,0.0898833262940297,0.7955,0.1208335945660708,0.33333333333333326,0.0,0.0,0.0,3.86,0.8530397222150722,3.38,0.788554488807325,1.62,0.788554488807325,0.0,0.0,0.0,0.0,4.65,2.185235118986633,2.29,2.475312448393479,15.35,2.185235118986633,5.0,0.0,30.0,0.0,6.0,0.0,1.5,0.0,0.63,0.7608474807008886
25.0,10.0,578.0,578.0,100,13.96,2.6964997888208915,0.4653333333333333,0.0898833262940297,0.7955,0.1208335945660708,0.33333333333333326,0.0,0.0,0.0,3.86,0.8530397222150722,3.38,0.788554488807325,1.62,0.788554488807325,0.0,0.0,0.0,0.0,4.65,2.185235118986633,2.23,2.5100002012153326,15.35,2.185235118986633,5.0,0.0,30.0,0.0,6.0,0.0,1.5,0.0,0.63,0.7608474807008886
25.0,10.0,579.0,579.0,100,13.96,2.6964997888208915,0.4653333333333333,0.0898833262940297,0.7955,0.1208335945660708,0.33333333333333326,0.0,0.0,0.0,3.86,0.8530397222150722,3.38,0.788554488807325,1.62,0.788554488807325,0.0,0.0,0.0,0.0,4.65,2.185235118986633,2.31,2.517394034964079,15.35,2.185235118986633,5.0,0.0,30.0,0.0,6.0,0.0,1.5,0.0,0.63,0.7608474807008886
25.0,10.0,580.0,580.0,100,13.96,2.6964997888208915,0.4653333333333333,0.0898833262940297,0.7955,0.1208335945660708,0.33333333333333326,0.0,0.0,0.0,3.86,0.8530397222150722,3.38,0.788554488807325,1.62,0.788554488807325,0.0,0.0,0.0,0.0,4.65,2.185235118986633,2.31,2.4891481647058664,15.35,2.185235118986633,5.0,0.0,30.0,0.0,6.0,0.0,1.5,0.0,0.63,0.7608474807008886
25.0,10.0,581.0,581.0,100,13.96,2.6964997888208915,0.4653333333333333,0.0898833262940297,0.7955,0.1208335945660708,0.33333333333333326,0.0,0.0,0.0,3.86,0.8530397222150722,3.38,0.788554488807325,1.62,0.788554488807325,0.0,0.0,0.0,0.0,4.65,2.185235118986633,2.33,2.5228451150927746,15.35,2.185235118986633,5.0,0.0,30.0,0.0,6.0,0.0,1.5,0.0,0.63,0.7608474807008886
25.0,10.0,582.0,582.0,100,13.96,2.6964997888208915,0.4653333333333333,0.0898833262940297,0.7955,0.1208335945660708,0.33333333333333326,0.0,0.0,0.0,3.86,0.8530397222150722,3.38,0.788554488807325,1.62,0.788554488807325,0.0,0.0,0.0,0.0,4.65,2.185235118986633,2.29,2.434163411760089,15.35,2.185235118986633,5.0,0.0,30.0,0.0,6.0,0.0,1.5,0.0,0.63,0.7608474807008886
25.0,10.0,583.0,583.0,100,13.96,2.6964997888208915,0.4653333333333333,0.0898833262940297,0.7955,0.1208335945660708,0.33333333333333326,0.0,0.0,0.0,3.86,0.8530397222150722,3.38,0.788554488807325,1.62,0.788554488807325,0.0,0.0,0.0,0.0,4.65,2.185235118986633,2.28,2.470349421160145,15.35,2.185235118986633,5.0,0.0,30.0,0.0,6.0,0.0,1.5,0.0,0.63,0.7608474807008886
25.0,10.0,584.0,584.0,100,13.96,2.6964997888208915,0.4653333333333333,0.0898833262940297,0.7955,0.1208335945660708,0.33333333333333326,0.0,0.0,0.0,3.86,0.8530397222150722,3.38,0.788554488807325,1.62,0.788554488807325,0.0,0.0,0.0,0.0,4.65,2.185235118986633,2.29,2.4915817863316865,15.35,2.185235118986633,5.0,0.0,30.0,0.0,6.0,0.0,1.5,0.0,0.63,0.7608474807008886
25.0,10.0,585.0,585.0,100,13.96,2.6964997888208915,0.4653333333333333,0.0898833262940297,0.7955,0.1208335945660708,0.33333333333333326,0.0,0.0,0.0,3.86,0.8530397222150722,3.38,0.788554488807325,1.62,0.788554488807325,0.0,0.0,0.0,0.0,4.65,2.185235118986633,2.23,2.3904481638894466,15.35,2.185235118986633,5.0,0.0,30.0,0.0,6.0,0.0,1.5,0.0,0.63,0.7608474807008886
25.0,10.0,586.0,586.0,100,13.96,2.6964997888208915,0.4653333333333333,0.0898833262940297,0.7955,0.1208335945660708,0.33333333333333326,0.0,0.0,0.0,3.86,0.8530397222150722,3.38,0.788554488807325,1.62,0.788554488807325,0.0,0.0,0.0,0.0,4.65,2.185235118986633,2.31,2.53737715530877,15.35,2.185235118986633,5.0,0.0,30.0,0.0,6.0,0.0,1.5,0.0,0.63,0.7608474807008886
25.0,10.0,587.0,587.0,100,13.96,2.6964997888208915,0.4653333333333333,0.0898833262940297,0.7955,0.1208335945660708,0.33333333333333326,0.0,0.0,0.0,3.86,0.8530397222150722,3.38,0.788554488807325,1.62,0.788554488807325,0.0,0.0,0.0,0.0,4.65,2.185235118986633,2.25,2.4010729924663923,15.35,2.185235118986633,5.0,0.0,30.0,0.0,6.0,0.0,1.5,0.0,0.63,0.7608474807008886
25.0,10.0,588.0,588.0,100,13.96,2.6964997888208915,0.4653333333333333,0.0898833262940297,0.7955,0.1208335945660708,0.33333333333333326,0.0,0.0,0.0,3.86,0.8530397222150722,3.38,0.788554488807325,1.62,0.788554488807325,0.0,0.0,0.0,0.0,4.65,2.185235118986633,2.26,2.418865248605033,15.35,2.185235118986633,5.0,0.0,30.0,0.0,6.0,0.0,1.5,0.0,0.63,0.7608474807008886
25.0,10.0,589.0,589.0,100,13.96,2.6964997888208915,0.4653333333333333,0.0898833262940297,0.7955,0.1208335945660708,0.33333333333333326,0.0,0.0,0.0,3.86,0.8530397222150722,3.38,0.788554488807325,1.62,0.788554488807325,0.0,0.0,0.0,0.0,4.65,2.185235118986633,2.29,2.4793897913345,15.35,2.185235118986633,5.0,0.0,30.0,0.0,6.0,0.0,1.5,0.0,0.63,0.7608474807008886
25.0,10.0,590.0,590.0,100,13.96,2.6964997888208915,0.4653333333333333,0.0898833262940297,0.7955,0.1208335945660708,0.33333333333333326,0.0,0.0,0.0,3.86,0.8530397222150722,3.38,0.788554488807325,1.62,0.788554488807325,0.0,0.0,0.0,0.0,4.65,2.185235118986633,2.21,2.396525262402492,15.35,2.185235118986633,5.0,0.0,30.0,0.0,6.0,0.0,1.5,0.0,0.63,0.7608474807008886
25.0,10.0,591.0,591.0,100,13.96,2.6964997888208915,0.4653333333333333,0.0898833262940297,0.7955,0.1208335945660708,0.33333333333333326,0.0,0.0,0.0,3.86,0.8530397222150722,3.38,0.788554488807325,1.62,0.788554488807325,0.0,0.0,0.0,0.0,4.65,2.185235118986633,2.28,2.5626690631590976,15.35,2.185235118986633,5.0,0.0,30.0,0.0,6.0,0.0,1.5,0.0,0.63,0.7608474807008886
25.0,10.0,592.0,592.0,100,13.96,2.6964997888208915,0.4653333333333333,0.0898833262940297,0.7955,0.1208335945660708,0.33333333333333326,0.0,0.0,0.0,3.86,0.8530397222150722,3.38,0.788554488807325,1.62,0.788554488807325,0.0,0.0,0.0,0.0,4.65,2.185235118986633,2.34,2.5235056584206044,15.35,2.185235118986633,5.0,0.0,30.0,0.0,6.0,0.0,1.5,0.0,0.63,0.7608474807008886
25.0,10.0,593.0,593.0,100,13.96,2.6964997888208915,0.4653333333333333,0.0898833262940297,0.7955,0.1208335945660708,0.33333333333333326,0.0,0.0,0.0,3.86,0.8530397222150722,3.38,0.788554488807325,1.62,0.788554488807325,0.0,0.0,0.0,0.0,4.65,2.185235118986633,2.27,2.530041721219457,15.35,2.185235118986633,5.0,0.0,30.0,0.0,6.0,0.0,1.5,0.0,0.63,0.7608474807008886
25.0,10.0,594.0,594.0,100,13.96,2.6964997888208915,0.4653333333333333,0.0898833262940297,0.7955,0.1208335945660708,0.33333333333333326,0.0,0.0,0.0,3.86,0.8530397222150722,3.38,0.788554488807325,1.62,0.788554488807325,0.0,0.0,0.0,0.0,4.65,2.185235118986633,2.29,2.515788528313125,15.35,2.185235118986633,5.0,0.0,30.0,0.0,6.0,0.0,1.5,0.0,0.63,0.7608474807008886
25.0,10.0,595.0,595.0,100,13.96,2.6964997888208915,0.4653333333333333,0.0898833262940297,0.7955,0.1208335945660708,0.33333333333333326,0.0,0.0,0.0,3.86,0.8530397222150722,3.38,0.788554488807325,1.62,0.788554488807325,0.0,0.0,0.0,0.0,4.65,2.185235118986633,2.36,2.468058575340774,15.35,2.185235118986633,5.0,0.0,30.0,0.0,6.0,0.0,1.5,0.0,0.63,0.7608474807008886
25.0,10.0,596.0,596.0,100,13.96,2.6964997888208915,0.4653333333333333,0.0898833262940297,0.7955,0.1208335945660708,0.33333333333333326,0.0,0.0,0.0,3.86,0.8530397222150722,3.38,0.788554488807325,1.62,0.788554488807325,0.0,0.0,0.0,0.0,4.65,2.185235118986633,2.29,2.4753124483934785,15.35,2.185235118986633,5.0,0.0,30.0,0.0,6.0,0.0,1.5,0.0,0.63,0.7608474807008886
25.0,10.0,597.0,597.0,100,13.96,2.6964997888208915,0.4653333333333333,0.0898833262940297,0.7955,0.1208335945660708,0.33333333333333326,0.0,0.0,0.0,3.86,0.8530397222150722,3.38,0.788554488807325,1.62,0.788554488807325,0.0,0.0,0.0,0.0,4.65,2.185235118986633,2.29,2.4589354681169726,15.35,2.185235118986633,5.0,0.0,30.0,0.0,6.0,0.0,1.5,0.0,0.63,0.7608474807008886
25.0,10.0,598.0,598.0,100,13.96,2.6964997888208915,0.4653333333333333,0.0898833262940297,0.7955,0.1208335945660708,0.33333333333333326,0.0,0.0,0.0,3.86,0.8530397222150722,3.38,0.788554488807325,1.62,0.788554488807325,0.0,0.0,0.0,0.0,4.65,2.185235118986633,2.25,2.4715553521185516,15.35,2.185235118986633,5.0,0.0,30.0,0.0,6.0,0.0,1.5,0.0,0.63,0.7608474807008886
25.0,10.0,599.0,599.0,100,13.96,2.6964997888208915,0.4653333333333333,0.0898833262940297,0.7955,0.1208335945660708,0.33333333333333326,0.0,0.0,0.0,3.86,0.8530397222150722,3.38,0.788554488807325,1.62,0.788554488807325,0.0,0.0,0.0,0.0,4.65,2.185235118986633,2.25,2.4136606173523183,15.35,2.185235118986633,5.0,0.0,30.0,0.0,6.0,0.0,1.5,0.0,0.63,0.7608474807008886
25.0,10.0,600.0,600.0,100,13.96,2.6964997888208915,0.4653333333333333,0.0898833262940297,0.7955,0.1208335945660708,0.33333333333333326,0.0,0.0,0.0,3.86,0.8530397222150722,3.38,0.788554488807325,1.62,0.788554488807325,0.0,0.0,0.0,0.0,4.65,2.185235118986633,2.2,2.3527332053068695,15.35,2.185235118986633,5.0,0.0,30.0,0.0,6.0,0.0,1.5,0.0,0.63,0.7608474807008886
25.0,25.0,0.0,0.0,100,30.0,0.0,1.0,0.0,0.0,0.0,0.33333333333333326,0.0,,,0.0,0.0,5.0,0.0,0.0,0.0,0.0,0.0,0.0,0.0,20.0,0.0,0.0,0.0,0.0,0.0,5.0,0.0,30.0,0.0,6.0,0.0,1.5,0.0,0.63,0.7608474807008886
25.0,25.0,1.0,1.0,100,30.0,0.0,1.0,0.0,0.0,0.0,0.33333333333333326,0.0,0.0,0.0,0.0,0.0,5.0,0.0,0.0,0.0,0.0,0.0,0.0,0.0,20.0,0.0,16.2,4.490168834422172,0.0,0.0,5.0,0.0,30.0,0.0,6.0,0.0,1.5,0.0,0.63,0.7608474807008886
25.0,25.0,2.0,2.0,100,30.0,0.0,1.0,0.0,0.0,0.0,0.33333333333333326,0.0,0.0,0.0,0.0,0.0,5.0,0.0,0.0,0.0,0.0,0.0,0.0,0.0,20.0,0.0,15.99,4.600164687434043,0.0,0.0,5.0,0.0,30.0,0.0,6.0,0.0,1.5,0.0,0.63,0.7608474807008886
25.0,25.0,3.0,3.0,100,30.0,0.0,1.0,0.0,0.0,0.0,0.33333333333333326,0.0,0.0,0.0,0.0,0.0,5.0,0.0,0.0,0.0,0.0,0.0,0.0,0.0,20.0,0.0,15.81,4.666006446803964,0.0,0.0,5.0,0.0,30.0,0.0,6.0,0.0,1.5,0.0,0.63,0.7608474807008886
25.0,25.0,4.0,4.0,100,30.0,0.0,1.0,0.0,0.0,0.0,0.33333333333333326,0.0,0.0,0.0,0.0,0.0,5.0,0.0,0.0,0.0,0.0,0.0,0.0,0.0,20.0,0.0,15.54,4.799873735713041,0.0,0.0,5.0,0.0,30.0,0.0,6.0,0.0,1.5,0.0,0.63,0.7608474807008886
25.0,25.0,5.0,5.0,100,30.0,0.0,1.0,0.0,0.0,0.0,0.33333333333333326,0.0,0.0,0.0,0.0,0.0,5.0,0.0,0.0,0.0,0.0,0.0,0.0,0.0,20.0,0.0,15.28,4.8743401521838745,0.0,0.0,5.0,0.0,30.0,0.0,6.0,0.0,1.5,0.0,0.63,0.7608474807008886
25.0,25.0,6.0,6.0,100,30.0,0.0,1.0,0.0,0.0,0.0,0.33333333333333326,0.0,0.0,0.0,0.0,0.0,5.0,0.0,0.0,0.0,0.0,0.0,0.0,0.0,20.0,0.0,15.03,4.883397972475288,0.0,0.0,5.0,0.0,30.0,0.0,6.0,0.0,1.5,0.0,0.63,0.7608474807008886
25.0,25.0,7.0,7.0,100,30.0,0.0,1.0,0.0,0.0,0.0,0.33333333333333326,0.0,0.0,0.0,0.0,0.0,5.0,0.0,0.0,0.0,0.0,0.0,0.0,0.0,20.0,0.0,14.71,4.985423196123318,0.0,0.0,5.0,0.0,30.0,0.0,6.0,0.0,1.5,0.0,0.63,0.7608474807008886
25.0,25.0,8.0,8.0,100,30.0,0.0,1.0,0.0,0.0,0.0,0.33333333333333326,0.0,0.0,0.0,0.0,0.0,5.0,0.0,0.0,0.0,0.0,0.0,0.0,0.0,20.0,0.0,14.31,5.08651415633794,0.0,0.0,5.0,0.0,30.0,0.0,6.0,0.0,1.5,0.0,0.63,0.7608474807008886
25.0,25.0,9.0,9.0,100,30.0,0.0,1.0,0.0,0.0,0.0,0.33333333333333326,0.0,0.0,0.0,0.0,0.0,5.0,0.0,0.0,0.0,0.0,0.0,0.0,0.0,20.0,0.0,14.06,5.124352632185834,0.0,0.0,5.0,0.0,30.0,0.0,6.0,0.0,1.5,0.0,0.63,0.7608474807008886
25.0,25.0,10.0,10.0,100,29.98,0.14070529413629035,0.9993333333333334,0.004690176471209598,0.001,0.007035264706814486,0.33333333333333326,0.0,0.0006666666666666643,0.004690176471209637,0.02,0.1407052941362897,5.0,0.0,0.0,0.0,0.0,0.0,0.0,0.0,19.98,0.14070529413629035,13.8,5.2358515462283135,0.02,0.1407052941362897,5.0,0.0,30.0,0.0,6.0,0.0,1.5,0.0,0.63,0.7608474807008886
25.0,25.0,11.0,11.0,100,29.92,0.33874396636320303,0.9973333333333333,0.011291465545440103,0.004,0.01693719831816015,0.33333333333333326,0.0,0.0019999999999999996,0.0079561085525314,0.06,0.238683256575942,5.0,0.0,0.0,0.0,0.0,0.0,0.0,0.0,19.92,0.33874396636320303,13.57,5.276697390748815,0.08,0.3387439663632029,5.0,0.0,30.0,0.0,6.0,0.0,1.5,0.0,0.63,0.7608474807008886
25.0,25.0,12.0,12.0,100,29.8,0.7521014330903548,0.9933333333333333,0.025070047769678496,0.01,0.03760507165451775,0.33333333333333326,0.0,0.004000000000000001,0.01519052217948079,0.08,0.2726599243442907,5.0,0.0,0.0,0.0,0.0,0.0,0.0,0.0,19.8,0.7521014330903548,13.34,5.3318558559554905,0.2,0.752101433090355,5.0,0.0,30.0,0.0,6.0,0.0,1.5,0.0,0.63,0.7608474807008886
25.0,25.0,13.0,13.0,100,29.69,0.9815983667138783,0.9896666666666667,0.03271994555712927,0.0155,0.04907991833569392,0.33333333333333326,0.0,0.0036666666666666636,0.012440655988997842,0.11,0.31446603773522014,5.0,0.0,0.0,0.0,0.0,0.0,0.0,0.0,19.69,0.9815983667138783,12.99,5.431845864432227,0.31,0.9815983667138782,5.0,0.0,30.0,0.0,6.0,0.0,1.5,0.0,0.63,0.7608474807008886
25.0,25.0,14.0,14.0,100,29.61,1.0720979150217294,0.987,0.03573659716739097,0.0195,0.053604895751086484,0.33333333333333326,0.0,0.002666666666666659,0.009088664144809668,0.17,0.3775251680686369,5.0,0.0,0.0,0.0,0.0,0.0,0.0,0.0,19.61,1.0720979150217294,12.73,5.491692532242395,0.39,1.0720979150217291,5.0,0.0,30.0,0.0,6.0,0.0,1.5,0.0,0.63,0.7608474807008886
25.0,25.0,15.0,15.0,100,29.46,1.3737804508991707,0.982,0.045792681696639,0.027000000000000003,0.06868902254495851,0.33333333333333326,0.0,0.005000000000000004,0.014506471329641496,0.21,0.4333333333333333,4.97,0.17144660799776537,0.02,0.1407052941362897,0.01,0.1,0.01,0.1,19.45,1.4168894655461863,12.41,5.60320074474033,0.55,1.4168894655461866,5.0,0.0,30.0,0.0,6.0,0.0,1.5,0.0,0.63,0.7608474807008886
25.0,25.0,16.0,16.0,100,29.27,1.6320960062868153,0.9756666666666667,0.05440320020956049,0.0365,0.0816048003143408,0.33333333333333326,0.0,0.006333333333333337,0.017533037597843894,0.25,0.4578165130223676,4.96,0.19694638556693242,0.03,0.17144660799776532,0.01,0.1,0.01,0.1,19.26,1.6673937807854562,12.24,5.5616290034231115,0.74,1.6673937807854564,5.0,0.0,30.0,0.0,6.0,0.0,1.5,0.0,0.63,0.7608474807008886
25.0,25.0,17.0,17.0,100,29.13,1.7153790404820888,0.971,0.057179301349402974,0.0435,0.08576895202410446,0.33333333333333326,0.0,0.004666666666666669,0.01341724437763259,0.3,0.5025189076296059,4.96,0.19694638556693242,0.02,0.14070529413628968,0.02,0.1407052941362897,0.04,0.31526804372460493,19.09,1.859156971980754,11.94,5.573784235783684,0.91,1.8591569719807544,5.0,0.0,30.0,0.0,6.0,0.0,1.5,0.0,0.63,0.7608474807008886
25.0,25.0,18.0,18.0,100,28.86,1.9695664292406896,0.9620000000000001,0.06565221430802294,0.057,0.09847832146203447,0.33333333333333326,0.0,0.008999999999999996,0.022649924496248232,0.38,0.5646130345536479,4.95,0.21904291355759029,0.04,0.19694638556693236,0.01,0.1,0.02,0.2,18.86,2.01017613178748,11.64,5.585913017799708,1.14,2.010176131787481,5.0,0.0,30.0,0.0,6.0,0.0,1.5,0.0,0.63,0.7608474807008886
25.0,25.0,19.0,19.0,100,28.51,2.3762078268458837,0.9503333333333334,0.07920692756152944,0.0745,0.1188103913422942,0.33333333333333326,0.0,0.011666666666666664,0.024788669074359636,0.46,0.6422812876966388,4.9,0.3015113445777637,0.07,0.2564323999762428,0.03,0.1714466079977653,0.03,0.1714466079977653,18.5,2.422537279111896,11.35,5.643222447853673,1.5,2.4225372791118964,5.0,0.0,30.0,0.0,6.0,0.0,1.5,0.0,0.63,0.7608474807008886
25.0,25.0,20.0,20.0,100,28.18,2.671888826090991,0.9393333333333334,0.08906296086969968,0.091,0.1335944413045496,0.33333333333333326,0.0,0.011000000000000001,0.0232369341054661,0.5,0.6590473688161074,4.84,0.3684529491774705,0.12,0.32659863237109044,0.04,0.19694638556693242,0.05,0.2611164839335468,18.15,2.7720648322763717,11.12,5.653782143419796,1.85,2.772064832276372,5.0,0.0,30.0,0.0,6.0,0.0,1.5,0.0,0.63,0.7608474807008886
25.0,25.0,21.0,21.0,100,27.94,2.8913664589601926,0.9313333333333333,0.09637888196533974,0.10300000000000001,0.1445683229480096,0.33333333333333326,0.0,0.007999999999999995,0.020167647526025595,0.53,0.6735253251633257,4.81,0.41911402464790604,0.14,0.3765875486765086,0.05,0.21904291355759034,0.07,0.32582451743479374,17.89,3.0114092811482553,10.99,5.691558519758747,2.11,3.011409281148256,5.0,0.0,30.0,0.0,6.0,0.0,1.5,0.0,0.63,0.7608474807008886
25.0,25.0,22.0,22.0,100,27.73,3.028000640486702,0.9243333333333333,0.10093335468289008,0.11349999999999999,0.15140003202433513,0.33333333333333326,0.0,0.007000000000000003,0.0159227935217208,0.58,0.7272474743090477,4.8,0.4264014327112208,0.16,0.3949172013974524,0.04,0.19694638556693236,0.05,0.26111648393354675,17.7,3.0961037750467257,10.86,5.6747179879201255,2.3,3.0961037750467257,5.0,0.0,30.0,0.0,6.0,0.0,1.5,0.0,0.63,0.7608474807008886
25.0,25.0,23.0,23.0,100,27.49,3.160664167512577,0.9163333333333334,0.10535547225041927,0.1255,0.15803320837562893,0.33333333333333326,0.0,0.007999999999999997,0.0201676475260256,0.63,0.7474535896541461,4.76,0.4739688435398098,0.19,0.4191140246479062,0.05,0.2190429135575903,0.11,0.5103969538555755,17.41,3.378766136633402,10.61,5.633405056025398,2.59,3.378766136633402,5.0,0.0,30.0,0.0,6.0,0.0,1.5,0.0,0.63,0.7608474807008886
25.0,25.0,24.0,24.0,100,27.24,3.3276314869785852,0.9079999999999999,0.11092104956595282,0.13799999999999998,0.16638157434892925,0.33333333333333326,0.0,0.008333333333333335,0.018577347634090427,0.68,0.7769403861535089,4.75,0.4793724854411024,0.2,0.4020151261036848,0.05,0.21904291355759029,0.08,0.3673547263197997,17.19,3.4632121482575084,10.55,5.582032865282226,2.81,3.4632121482575076,5.0,0.0,30.0,0.0,6.0,0.0,1.5,0.0,0.63,0.7608474807008886
25.0,25.0,25.0,25.0,100,27.01,3.557592535193519,0.9003333333333333,0.11858641783978399,0.1495,0.17787962675967597,0.33333333333333326,0.0,0.0076666666666666775,0.020019631218355843,0.71,0.8323630715188433,4.72,0.5140451577852126,0.23,0.4682872294787989,0.05,0.21904291355759034,0.05,0.21904291355759034,17.0,3.60134654951408,10.44,5.4315204263092065,3.0,3.6013465495140795,5.0,0.0,30.0,0.0,6.0,0.0,1.5,0.0,0.63,0.7608474807008886
25.0,25.0,26.0,26.0,100,26.79,3.7044744989176692,0.893,0.12348248329725556,0.1605,0.18522372494588346,0.33333333333333326,0.0,0.007333333333333327,0.02149308870201911,0.74,0.8482900209220663,4.67,0.5328596381218924,0.31,0.5259911279353165,0.02,0.14070529413628968,0.03,0.22270150335361363,16.8,3.703670033516986,10.35,5.31887244069681,3.2,3.7036700335169854,5.0,0.0,30.0,0.0,6.0,0.0,1.5,0.0,0.63,0.7608474807008886
25.0,25.0,27.0,27.0,100,26.58,3.8459738885638766,0.8859999999999999,0.12819912961879595,0.171,0.19229869442819386,0.33333333333333326,0.0,0.006999999999999999,0.021863262443398323,0.77,0.851083682338837,4.65,0.5573204290227128,0.3,0.5222329678670935,0.05,0.2190429135575903,0.1,0.5595813731096785,16.53,3.978363198273095,10.21,5.166510261562275,3.47,3.978363198273095,5.0,0.0,30.0,0.0,6.0,0.0,1.5,0.0,0.63,0.7608474807008886
25.0,25.0,28.0,28.0,100,26.37,3.9839450525601094,0.879,0.13279816841867034,0.1815,0.1991972526280055,0.33333333333333326,0.0,0.0069999999999999975,0.019703184722665735,0.81,0.8491826135237996,4.62,0.582228390745332,0.34,0.5724305789148302,0.04,0.19694638556693236,0.07,0.43239992711573966,16.35,4.053617912657554,10.08,5.036593365288955,3.65,4.053617912657554,5.0,0.0,30.0,0.0,6.0,0.0,1.5,0.0,0.63,0.7608474807008886
25.0,25.0,29.0,29.0,100,26.11,4.172771285611063,0.8703333333333333,0.1390923761870354,0.1945,0.20863856428055313,0.33333333333333326,0.0,0.008666666666666671,0.024899348451533573,0.86,0.899157855153837,4.58,0.5891270720911638,0.38,0.5822283907453321,0.04,0.19694638556693236,0.06,0.3428932159955306,16.11,4.1945009695836735,9.84,5.135969413672731,3.89,4.194500969583674,5.0,0.0,30.0,0.0,6.0,0.0,1.5,0.0,0.63,0.7608474807008886
25.0,25.0,30.0,30.0,100,25.94,4.265956380272053,0.8646666666666667,0.14219854600906842,0.203,0.21329781901360273,0.33333333333333326,0.0,0.005666666666666664,0.01838300586415537,0.88,0.9020739291972546,4.58,0.5891270720911638,0.4,0.5860327153276884,0.02,0.1407052941362897,0.03,0.22270150335361366,15.97,4.243723826922755,9.71,5.033814947859418,4.03,4.243723826922755,5.0,0.0,30.0,0.0,6.0,0.0,1.5,0.0,0.63,0.7608474807008886
25.0,25.0,31.0,31.0,100,25.82,4.290887690410596,0.8606666666666666,0.14302958968035318,0.209,0.21454438452052976,0.33333333333333326,0.0,0.004000000000000004,0.010886621079036356,0.92,0.9065418808958479,4.57,0.6072790781740128,0.4,0.6030226891555273,0.03,0.1714466079977653,0.03,0.1714466079977653,15.86,4.2545756711350355,9.51,5.05623927000647,4.14,4.2545756711350355,5.0,0.0,30.0,0.0,6.0,0.0,1.5,0.0,0.63,0.7608474807008886
25.0,25.0,32.0,32.0,100,25.55,4.333041948245196,0.8516666666666667,0.14443473160817322,0.2225,0.2166520974122598,0.33333333333333326,0.0,0.008999999999999996,0.02314013329259582,0.99,0.8932406102942183,4.53,0.6428314889862843,0.43,0.6236905474591539,0.04,0.19694638556693236,0.06,0.31204765240863036,15.58,4.28806188708544,9.29,5.079757808590818,4.42,4.288061887085439,5.0,0.0,30.0,0.0,6.0,0.0,1.5,0.0,0.63,0.7608474807008886
25.0,25.0,33.0,33.0,100,25.35,4.349329450233295,0.845,0.14497764834110982,0.2325,0.21746647251166484,0.33333333333333326,0.0,0.006666666666666667,0.018951174787165383,1.03,0.8814015468948797,4.51,0.6434597143880916,0.43,0.6236905474591539,0.06,0.23868325657594203,0.06,0.23868325657594203,15.38,4.31997942381931,9.16,5.032661002658212,4.62,4.31997942381931,5.0,0.0,30.0,0.0,6.0,0.0,1.5,0.0,0.63,0.7608474807008886
25.0,25.0,34.0,34.0,100,25.05,4.423022870518681,0.835,0.14743409568395602,0.2475,0.22115114352593396,0.33333333333333326,0.0,0.010000000000000009,0.02296730707252945,1.08,0.8953301969754853,4.5,0.6590473688161077,0.48,0.6587407638361192,0.02,0.1407052941362897,0.06,0.4454030067072273,15.08,4.409997824044906,9.01,4.930824505397682,4.92,4.409997824044906,5.0,0.0,30.0,0.0,6.0,0.0,1.5,0.0,0.63,0.7608474807008886
25.0,25.0,35.0,35.0,100,24.84,4.485036851081109,0.828,0.14950122836937033,0.258,0.22425184255405553,0.33333333333333326,0.0,0.006999999999999995,0.01661270726428143,1.12,0.9020739291972547,4.46,0.6730002176294542,0.46,0.6578200914591108,0.08,0.3074824459143229,0.14,0.5688904671695277,14.8,4.548281948919688,8.73,4.956079829131817,5.2,4.548281948919689,5.0,0.0,30.0,0.0,6.0,0.0,1.5,0.0,0.63,0.7608474807008886
25.0,25.0,36.0,36.0,100,24.56,4.555649173711624,0.8186666666666668,0.1518549724570541,0.272,0.22778245868558114,0.33333333333333326,0.0,0.009333333333333329,0.02419524027730079,1.15,0.9031370691409836,4.42,0.6843119378491278,0.52,0.6587407638361195,0.06,0.23868325657594203,0.14,0.6359594676112972,14.54,4.580194517504885,8.51,4.943100486965892,5.46,4.580194517504886,5.0,0.0,30.0,0.0,6.0,0.0,1.5,0.0,0.63,0.7608474807008886
25.0,25.0,37.0,37.0,100,24.38,4.605179341532397,0.8126666666666666,0.15350597805107993,0.28099999999999997,0.23025896707661989,0.33333333333333326,0.0,0.006000000000000001,0.017966173478235602,1.15,0.9031370691409836,4.38,0.6931118527366563,0.54,0.6578200914591107,0.08,0.2726599243442907,0.13,0.525222415609412,14.38,4.602985416821864,8.5,4.730088516480147,5.62,4.602985416821864,5.0,0.0,30.0,0.0,6.0,0.0,1.5,0.0,0.63,0.7608474807008886
25.0,25.0,38.0,38.0,100,24.18,4.562428911857977,0.8059999999999999,0.1520809637285993,0.291,0.22812144559289896,0.33333333333333326,0.0,0.006666666666666667,0.016412198797244367,1.23,0.9084897001912213,4.34,0.6849021164304495,0.56,0.6714976477316141,0.1,0.30151134457776363,0.16,0.5453198486885815,14.16,4.554318629808216,8.49,4.665573465028255,5.84,4.554318629808216,5.0,0.0,30.0,0.0,6.0,0.0,1.5,0.0,0.63,0.7608474807008886
25.0,25.0,39.0,39.0,100,23.94,4.5278487321700736,0.7979999999999999,0.15092829107233577,0.303,0.22639243660850375,0.33333333333333326,0.0,0.008000000000000005,0.01780301239342892,1.27,0.9304609480024273,4.31,0.677115092495248,0.63,0.6912877750103699,0.06,0.23868325657594203,0.1,0.41438770700537414,13.99,4.452884662573445,8.49,4.632984508342916,6.01,4.452884662573444,5.0,0.0,30.0,0.0,6.0,0.0,1.5,0.0,0.63,0.7608474807008886
25.0,25.0,40.0,40.0,100,23.73,4.559051381038549,0.7909999999999999,0.15196837936795163,0.3135,0.22795256905192737,0.33333333333333326,0.0,0.007000000000000004,0.016612707264281438,1.3,0.9481507786158797,4.3,0.6741998624632419,0.64,0.6893123494842632,0.06,0.23868325657594203,0.07,0.2931886695621029,13.81,4.502961988143656,8.49,4.575947216620066,6.19,4.502961988143656,5.0,0.0,30.0,0.0,6.0,0.0,1.5,0.0,0.63,0.7608474807008886
25.0,25.0,41.0,41.0,100,23.53,4.527034393953774,0.7843333333333333,0.15090114646512576,0.3235,0.2263517196976886,0.33333333333333326,0.0,0.006666666666666663,0.014982219165849811,1.37,0.9498006170356029,4.28,0.6828342597311782,0.7,0.6890192121758834,0.02,0.14070529413628968,0.05,0.4113294533484311,13.63,4.480383731762089,8.39,4.503410604276171,6.37,4.480383731762089,5.0,0.0,30.0,0.0,6.0,0.0,1.5,0.0,0.63,0.7608474807008886
25.0,25.0,42.0,42.0,100,23.31,4.529800316690673,0.777,0.15099334388968902,0.3345,0.22649001583453357,0.33333333333333326,0.0,0.007333333333333336,0.016804146781256583,1.41,0.9438262980061959,4.25,0.6723244767373876,0.74,0.6759953379792623,0.01,0.09999999999999999,0.03,0.30000000000000004,13.44,4.4660786587182475,8.22,4.518379972485446,6.56,4.466078658718248,5.0,0.0,30.0,0.0,6.0,0.0,1.5,0.0,0.63,0.7608474807008886
25.0,25.0,43.0,43.0,100,23.02,4.565969864999199,0.7673333333333333,0.15219899549997334,0.349,0.22829849324996,0.33333333333333326,0.0,0.009666666666666665,0.0213437474581095,1.47,0.9582707489445912,4.24,0.6684823758848748,0.75,0.6723244767373876,0.01,0.09999999999999999,0.02,0.19999999999999998,13.18,4.468475436574842,8.12,4.493047378725795,6.82,4.468475436574841,5.0,0.0,30.0,0.0,6.0,0.0,1.5,0.0,0.63,0.7608474807008886
25.0,25.0,44.0,44.0,100,22.8,4.649318403396525,0.76,0.15497728011321749,0.36,0.23246592016982626,0.33333333333333326,0.0,0.007333333333333336,0.021493088702019124,1.52,0.9896433394884943,4.19,0.7063206700139029,0.76,0.6980492298346351,0.05,0.2190429135575903,0.08,0.39389277113386484,12.92,4.569729121340152,8.0,4.422166387140533,7.08,4.569729121340152,5.0,0.0,30.0,0.0,6.0,0.0,1.5,0.0,0.63,0.7608474807008886
25.0,25.0,45.0,45.0,100,22.64,4.7087281947593045,0.7546666666666667,0.1569576064919768,0.368,0.2354364097379652,0.33333333333333326,0.0,0.005333333333333337,0.01621959297912651,1.54,0.9991915924305199,4.16,0.7066781016799227,0.82,0.7160497697278261,0.02,0.1407052941362897,0.03,0.22270150335361363,12.81,4.567551340984056,7.89,4.345890895635517,7.19,4.567551340984057,5.0,0.0,30.0,0.0,6.0,0.0,1.5,0.0,0.63,0.7608474807008886
25.0,25.0,46.0,46.0,100,22.38,4.7583631851741,0.746,0.15861210617246996,0.381,0.23791815925870494,0.33333333333333326,0.0,0.008666666666666666,0.019314864044667077,1.57,1.0075974023649155,4.13,0.7057484028184605,0.86,0.7109532653097148,0.01,0.09999999999999999,0.01,0.09999999999999999,12.57,4.608413474014104,7.81,4.352393977265079,7.43,4.608413474014104,5.0,0.0,30.0,0.0,6.0,0.0,1.5,0.0,0.63,0.7608474807008886
25.0,25.0,47.0,47.0,100,22.17,4.7631900862740935,0.7390000000000001,0.1587730028758031,0.39149999999999996,0.2381595043137046,0.33333333333333326,0.0,0.006999999999999999,0.01970318472266572,1.58,0.9967624358568865,4.07,0.7142842712828137,0.88,0.7003606574508954,0.05,0.21904291355759034,0.07,0.3258245174347937,12.3,4.63299540952141,7.63,4.2513337182393,7.7,4.63299540952141,5.0,0.0,30.0,0.0,6.0,0.0,1.5,0.0,0.63,0.7608474807008886
25.0,25.0,48.0,48.0,100,22.01,4.7193883356454425,0.7336666666666667,0.15731294452151479,0.3995,0.2359694167822721,0.33333333333333326,0.0,0.005333333333333332,0.015512205107436337,1.63,0.9603766096293853,4.05,0.701729465267237,0.9,0.7177405625652734,0.05,0.21904291355759034,0.06,0.2777979790634143,12.17,4.58820402353864,7.62,4.1797491587777165,7.83,4.588204023538639,5.0,0.0,30.0,0.0,6.0,0.0,1.5,0.0,0.63,0.7608474807008886
25.0,25.0,49.0,49.0,100,21.88,4.7167871277047055,0.7293333333333334,0.15722623759015691,0.406,0.23583935638523532,0.33333333333333326,0.0,0.004333333333333336,0.013938295960270557,1.67,0.9326296048260423,4.03,0.7028800779936817,0.9,0.7177405625652733,0.07,0.2931886695621029,0.08,0.3387439663632029,12.03,4.589084545930372,7.5,4.02893574437757,7.97,4.589084545930373,5.0,0.0,30.0,0.0,6.0,0.0,1.5,0.0,0.63,0.7608474807008886
25.0,25.0,50.0,50.0,100,21.69,4.635600055956928,0.723,0.15452000186523096,0.4155,0.2317800027978464,0.33333333333333326,0.0,0.006333333333333335,0.01688077955232079,1.75,0.9468181696950297,4.03,0.6883591968139771,0.96,0.6951491374031353,0.01,0.09999999999999999,0.01,0.09999999999999999,11.9,4.5025245443781055,7.39,3.9565697825824384,8.1,4.5025245443781055,5.0,0.0,30.0,0.0,6.0,0.0,1.5,0.0,0.63,0.7608474807008886
25.0,25.0,51.0,51.0,100,21.48,4.580326837616933,0.716,0.15267756125389784,0.426,0.2290163418808467,0.33333333333333326,0.0,0.006999999999999998,0.018528953289076448,1.77,0.9624778627914702,4.02,0.69602043392737,0.98,0.69602043392737,0.0,0.0,0.0,0.0,11.7,4.43015379261969,7.3,3.8599209705627264,8.3,4.43015379261969,5.0,0.0,30.0,0.0,6.0,0.0,1.5,0.0,0.63,0.7608474807008886
25.0,25.0,52.0,52.0,100,21.24,4.572911015044481,0.708,0.15243036716814942,0.43799999999999994,0.22864555075222417,0.33333333333333326,0.0,0.008,0.019603247629427403,1.82,0.9886221408474208,3.99,0.717670192393766,1.0,0.7247430753394787,0.01,0.09999999999999999,0.01,0.09999999999999999,11.45,4.418453040683727,7.2,3.781934730138834,8.55,4.418453040683727,5.0,0.0,30.0,0.0,6.0,0.0,1.5,0.0,0.63,0.7608474807008886
25.0,25.0,53.0,53.0,100,20.97,4.575858919206846,0.6990000000000001,0.15252863064022826,0.4515,0.22879294596034236,0.33333333333333326,0.0,0.008999999999999998,0.02001963121835583,1.88,0.9875998862664652,3.95,0.6871842709362768,1.02,0.7103847300206166,0.03,0.1714466079977653,0.03,0.1714466079977653,11.17,4.413146109733803,7.08,3.765017069729371,8.83,4.413146109733803,5.0,0.0,30.0,0.0,6.0,0.0,1.5,0.0,0.63,0.7608474807008886
25.0,25.0,54.0,54.0,100,20.68,4.57017118349681,0.6893333333333334,0.15233903944989374,0.466,0.22850855917484053,0.33333333333333326,0.0,0.009666666666666669,0.022370715987251443,1.93,0.9975221827360559,3.92,0.6916529754030112,1.07,0.7000000000000001,0.01,0.09999999999999999,0.01,0.09999999999999999,10.92,4.412287709146223,6.95,3.6442150087917464,9.08,4.412287709146224,5.0,0.0,30.0,0.0,6.0,0.0,1.5,0.0,0.63,0.7608474807008886
25.0,25.0,55.0,55.0,100,20.49,4.571530256805579,0.6829999999999999,0.15238434189351932,0.4755,0.22857651284027902,0.33333333333333326,0.0,0.006333333333333333,0.01688077955232079,1.93,0.9975221827360559,3.88,0.7003606574508955,1.09,0.71201804539611,0.03,0.17144660799776532,0.03,0.17144660799776532,10.71,4.441073216366886,6.94,3.6922523305872894,9.29,4.441073216366886,5.0,0.0,30.0,0.0,6.0,0.0,1.5,0.0,0.63,0.7608474807008886
25.0,25.0,56.0,56.0,100,20.33,4.675435484497349,0.6776666666666666,0.15584784948324504,0.48350000000000004,0.23377177422486753,0.33333333333333326,0.0,0.005333333333333333,0.01689739286167797,1.94,0.9931075602685875,3.85,0.7017294652672372,1.11,0.6947857747012907,0.04,0.1969463855669324,0.08,0.46449712136629634,10.51,4.586971008225694,6.92,3.617242657666809,9.49,4.586971008225694,5.0,0.0,30.0,0.0,6.0,0.0,1.5,0.0,0.63,0.7608474807008886
25.0,25.0,57.0,57.0,100,20.21,4.7125343285730885,0.6736666666666666,0.1570844776191029,0.48950000000000005,0.2356267164286544,0.33333333333333326,0.0,0.003999999999999999,0.01363299621721453,2.0,1.005037815259212,3.83,0.7114503609961951,1.13,0.7199186261535594,0.04,0.24287836253956216,0.06,0.37118429085533483,10.43,4.577624543870595,6.81,3.5009233991141038,9.57,4.577624543870595,5.0,0.0,30.0,0.0,6.0,0.0,1.5,0.0,0.63,0.7608474807008886
25.0,25.0,58.0,58.0,100,20.1,4.659084749934339,0.67,0.15530282499781126,0.495,0.23295423749671693,0.33333333333333326,0.0,0.0036666666666666653,0.014130226454777704,2.03,0.9893881386437221,3.84,0.7066781016799228,1.14,0.7109532653097146,0.02,0.14070529413628968,0.03,0.22270150335361363,10.34,4.515338617233797,6.78,3.3802157602523817,9.66,4.515338617233798,5.0,0.0,30.0,0.0,6.0,0.0,1.5,0.0,0.63,0.7608474807008886
25.0,25.0,59.0,59.0,100,19.86,4.599121567421239,0.662,0.15330405224737467,0.507,0.229956078371062,0.33333333333333326,0.0,0.008,0.01780301239342892,2.09,0.9330627313348554,3.82,0.7300200633744889,1.16,0.7483314773547882,0.02,0.1407052941362897,0.05,0.41132945334843124,10.08,4.4214353901296475,6.65,3.379603108608639,9.92,4.4214353901296475,5.0,0.0,30.0,0.0,6.0,0.0,1.5,0.0,0.63,0.7608474807008886
25.0,25.0,60.0,60.0,100,19.79,4.5666666666666655,0.6596666666666667,0.15222222222222226,0.5105,0.2283333333333334,0.33333333333333326,0.0,0.002333333333333336,0.010860817247826468,2.1,0.9265990819042823,3.82,0.7300200633744889,1.16,0.7347094526395994,0.02,0.14070529413628968,0.04,0.31526804372460504,10.02,4.392325722498873,6.56,3.285474613255052,9.98,4.392325722498873,5.0,0.0,30.0,0.0,6.0,0.0,1.5,0.0,0.63,0.7608474807008886
25.0,25.0,61.0,61.0,100,19.53,4.547071429597141,0.6509999999999999,0.15156904765323803,0.5235,0.22735357147985702,0.33333333333333326,0.0,0.00866666666666667,0.019887449866117308,2.15,0.9468181696950297,3.77,0.7501514998500455,1.21,0.7560530150830441,0.02,0.14070529413628968,0.03,0.22270150335361363,9.79,4.330523564585966,6.48,3.264377676703726,10.21,4.330523564585966,5.0,0.0,30.0,0.0,6.0,0.0,1.5,0.0,0.63,0.7608474807008886
25.0,25.0,62.0,62.0,100,19.37,4.437341546466758,0.6456666666666666,0.1479113848822253,0.5315,0.2218670773233379,0.33333333333333326,0.0,0.005333333333333332,0.016219592979126497,2.18,0.9361429572258912,3.76,0.7401883462192497,1.22,0.7464393593398712,0.02,0.1407052941362897,0.02,0.1407052941362897,9.64,4.222402973270891,6.46,3.2455719640361353,10.36,4.222402973270891,5.0,0.0,30.0,0.0,6.0,0.0,1.5,0.0,0.63,0.7608474807008886
25.0,25.0,63.0,63.0,100,19.26,4.368435912684576,0.642,0.1456145304228192,0.537,0.21842179563422875,0.33333333333333326,0.0,0.0036666666666666636,0.011503183573395326,2.2,0.9211323729436764,3.75,0.7299508769967216,1.24,0.726413634010794,0.01,0.09999999999999999,0.02,0.19999999999999998,9.53,4.169284026416202,6.48,3.239528585233576,10.47,4.169284026416202,5.0,0.0,30.0,0.0,6.0,0.0,1.5,0.0,0.63,0.7608474807008886
25.0,25.0,64.0,64.0,100,19.14,4.332214307727725,0.638,0.14440714359092416,0.5429999999999999,0.2166107153863862,0.33333333333333326,0.0,0.004000000000000002,0.01443278472686203,2.2,0.9211323729436764,3.74,0.7194273817250477,1.24,0.726413634010794,0.02,0.14070529413628968,0.03,0.22270150335361363,9.4,4.10960933531265,6.44,3.2421466887719856,10.6,4.10960933531265,5.0,0.0,30.0,0.0,6.0,0.0,1.5,0.0,0.63,0.7608474807008886
25.0,25.0,65.0,65.0,100,19.01,4.300563740354104,0.6336666666666667,0.14335212467847022,0.5495,0.21502818701770524,0.33333333333333326,0.0,0.004333333333333333,0.013108371567923244,2.24,0.9224473377429688,3.74,0.7194273817250477,1.24,0.7401883462192497,0.02,0.1407052941362897,0.03,0.22270150335361363,9.28,4.080205976183165,6.42,3.241710485019733,10.72,4.080205976183165,5.0,0.0,30.0,0.0,6.0,0.0,1.5,0.0,0.63,0.7608474807008886
25.0,25.0,66.0,66.0,100,18.89,4.273231218937849,0.6296666666666667,0.1424410406312616,0.5555,0.2136615609468924,0.33333333333333326,0.0,0.004000000000000002,0.010886621079036355,2.29,0.9133687230480493,3.72,0.7258572083190239,1.26,0.7469804535460068,0.02,0.1407052941362897,0.02,0.1407052941362897,9.17,4.057802062170797,6.37,3.274187384726634,10.83,4.057802062170797,5.0,0.0,30.0,0.0,6.0,0.0,1.5,0.0,0.63,0.7608474807008886
25.0,25.0,67.0,67.0,100,18.74,4.244116545586991,0.6246666666666667,0.14147055151956636,0.563,0.21220582727934956,0.33333333333333326,0.0,0.005000000000000002,0.012866403235209089,2.32,0.8975837374064695,3.69,0.7479939501726933,1.28,0.7396422831820172,0.03,0.1714466079977653,0.03,0.1714466079977653,9.03,4.05132476151102,6.29,3.282321794650299,10.97,4.05132476151102,5.0,0.0,30.0,0.0,6.0,0.0,1.5,0.0,0.63,0.7608474807008886
25.0,25.0,68.0,68.0,100,18.61,4.194500969583674,0.6203333333333333,0.13981669898612248,0.5695,0.20972504847918366,0.33333333333333326,0.0,0.004333333333333333,0.013108371567923245,2.36,0.8821461433242331,3.68,0.7504880566886613,1.32,0.750488056688661,0.0,0.0,0.0,0.0,8.93,3.9829307518129635,6.23,3.246925507695741,11.07,3.9829307518129635,5.0,0.0,30.0,0.0,6.0,0.0,1.5,0.0,0.63,0.7608474807008886
25.0,25.0,69.0,69.0,100,18.5,4.15239981726522,0.6166666666666667,0.138413327242174,0.575,0.20761999086326113,0.33333333333333326,0.0,0.0036666666666666675,0.01244065598899786,2.38,0.8736316862570424,3.67,0.7528397417562896,1.33,0.7528397417562895,0.0,0.0,0.0,0.0,8.82,3.93733745856591,6.14,3.219322972930862,11.18,3.93733745856591,5.0,0.0,30.0,0.0,6.0,0.0,1.5,0.0,0.63,0.7608474807008886
25.0,25.0,70.0,70.0,100,18.34,4.1150622563622745,0.6113333333333333,0.13716874187874248,0.583,0.20575311281811373,0.33333333333333326,0.0,0.005333333333333337,0.01399053712580266,2.4,0.8528028654224418,3.63,0.7474535896541461,1.36,0.745626981780834,0.01,0.09999999999999999,0.01,0.09999999999999999,8.66,3.908602271550755,6.09,3.2101323173585055,11.34,3.908602271550755,5.0,0.0,30.0,0.0,6.0,0.0,1.5,0.0,0.63,0.7608474807008886
25.0,25.0,71.0,71.0,100,18.19,4.138254646001321,0.6063333333333333,0.13794182153337736,0.5905,0.20691273230006602,0.33333333333333326,0.0,0.004999999999999999,0.014506471329641486,2.43,0.8675403521602109,3.61,0.7640270765734507,1.38,0.7491409221315581,0.01,0.09999999999999999,0.01,0.09999999999999999,8.52,3.9324600982390696,6.03,3.2425672582449896,11.48,3.9324600982390696,5.0,0.0,30.0,0.0,6.0,0.0,1.5,0.0,0.63,0.7608474807008886
25.0,25.0,72.0,72.0,100,18.02,4.082433419697452,0.6006666666666667,0.13608111398991501,0.599,0.20412167098487252,0.33333333333333326,0.0,0.005666666666666666,0.015023363772297882,2.47,0.8221061889187948,3.57,0.7818005635787947,1.42,0.7808309482192478,0.01,0.09999999999999999,0.01,0.09999999999999999,8.36,3.9016184158149367,6.05,3.1634752658390988,11.64,3.9016184158149367,5.0,0.0,30.0,0.0,6.0,0.0,1.5,0.0,0.63,0.7608474807008886
25.0,25.0,73.0,73.0,100,17.92,4.051885706406066,0.5973333333333334,0.13506285688020217,0.604,0.2025942853203032,0.33333333333333326,0.0,0.003333333333333333,0.012079051255657976,2.49,0.8102250591438446,3.56,0.7696253844067464,1.43,0.7687718133556283,0.01,0.09999999999999999,0.01,0.09999999999999999,8.27,3.8686906928271836,5.99,3.131769435635356,11.73,3.8686906928271836,5.0,0.0,30.0,0.0,6.0,0.0,1.5,0.0,0.63,0.7608474807008886
25.0,25.0,74.0,74.0,100,17.78,4.034147175592809,0.5926666666666667,0.13447157251976027,0.611,0.20170735877964047,0.33333333333333326,0.0,0.004666666666666666,0.013417244377632594,2.55,0.8211226608993469,3.55,0.7703468981143127,1.45,0.7703468981143127,0.0,0.0,0.0,0.0,8.15,3.8438590667781414,5.9,3.0368111930480994,11.85,3.8438590667781414,5.0,0.0,30.0,0.0,6.0,0.0,1.5,0.0,0.63,0.7608474807008886
25.0,25.0,75.0,75.0,100,17.66,4.053231657416939,0.5886666666666667,0.13510772191389794,0.617,0.20266158287084698,0.33333333333333326,0.0,0.004,0.011872876973668777,2.58,0.8309663353620593,3.52,0.7717224601860151,1.47,0.7843803447642765,0.01,0.1,0.01,0.1,8.04,3.8531634648517943,5.85,3.062892935006565,11.96,3.8531634648517943,5.0,0.0,30.0,0.0,6.0,0.0,1.5,0.0,0.63,0.7608474807008886
25.0,25.0,76.0,76.0,100,17.56,3.9754804042334886,0.5853333333333333,0.1325160134744496,0.622,0.1987740202116743,0.33333333333333326,0.0,0.0033333333333333322,0.012079051255657974,2.62,0.813770374382247,3.52,0.7717224601860151,1.48,0.7717224601860151,0.0,0.0,0.0,0.0,7.96,3.7710218854583766,5.72,3.0354138719023767,12.04,3.771021885458377,5.0,0.0,30.0,0.0,6.0,0.0,1.5,0.0,0.63,0.7608474807008886
25.0,25.0,77.0,77.0,100,17.46,3.968105163155153,0.5820000000000001,0.13227017210517175,0.627,0.19840525815775767,0.33333333333333326,0.0,0.003333333333333333,0.011111111111111113,2.65,0.8211226608993473,3.51,0.7719187689508435,1.49,0.7719187689508435,0.0,0.0,0.0,0.0,7.86,3.7686103861269933,5.61,3.034798181098703,12.14,3.7686103861269937,5.0,0.0,30.0,0.0,6.0,0.0,1.5,0.0,0.63,0.7608474807008886
25.0,25.0,78.0,78.0,100,17.34,3.9343604206010294,0.578,0.13114534735336766,0.633,0.19671802103005154,0.33333333333333326,0.0,0.004000000000000002,0.011872876973668785,2.68,0.8394322275481592,3.51,0.7719187689508435,1.49,0.7719187689508435,0.0,0.0,0.0,0.0,7.75,3.729150795632387,5.54,3.009815592189976,12.25,3.7291507956323864,5.0,0.0,30.0,0.0,6.0,0.0,1.5,0.0,0.63,0.7608474807008886
25.0,25.0,79.0,79.0,100,17.24,3.9083438327700275,0.5746666666666667,0.13027812775900097,0.638,0.19541719163850144,0.33333333333333326,0.0,0.0033333333333333327,0.01005037815259212,2.7,0.8226589066968625,3.49,0.7719187689508437,1.5,0.7719841941125453,0.01,0.09999999999999999,0.01,0.09999999999999999,7.64,3.7132577109975586,5.44,2.9723303105051215,12.36,3.7132577109975586,5.0,0.0,30.0,0.0,6.0,0.0,1.5,0.0,0.63,0.7608474807008886
25.0,25.0,80.0,80.0,100,17.15,3.885676884210118,0.5716666666666667,0.1295225628070039,0.6425,0.19428384421050593,0.33333333333333326,0.0,0.0029999999999999966,0.010694198475460772,2.72,0.8050346626579556,3.48,0.784702221073431,1.51,0.7848952835000386,0.01,0.1,0.01,0.1,7.56,3.6854066562894006,5.36,2.9007835931943378,12.44,3.685406656289401,5.0,0.0,30.0,0.0,6.0,0.0,1.5,0.0,0.63,0.7608474807008886
25.0,25.0,81.0,81.0,100,17.06,3.8345057495633457,0.5686666666666667,0.12781685831877812,0.647,0.19172528747816722,0.33333333333333326,0.0,0.002999999999999999,0.009587449708822044,2.73,0.789514618821801,3.47,0.7971540286886504,1.53,0.7971540286886503,0.0,0.0,0.0,0.0,7.48,3.6278384916106896,5.29,2.8895317854963873,12.52,3.6278384916106883,5.0,0.0,30.0,0.0,6.0,0.0,1.5,0.0,0.63,0.7608474807008886
25.0,25.0,82.0,82.0,100,16.97,3.8097562158545557,0.5656666666666667,0.12699187386181857,0.6515000000000001,0.19048781079272778,0.33333333333333326,0.0,0.003000000000000001,0.010694198475460787,2.78,0.7730302436358859,3.47,0.7971540286886504,1.52,0.7974707492814993,0.01,0.1,0.01,0.1,7.39,3.6010520348331205,5.22,2.932162300687968,12.61,3.6010520348331205,5.0,0.0,30.0,0.0,6.0,0.0,1.5,0.0,0.63,0.7608474807008886
25.0,25.0,83.0,83.0,100,16.85,3.774917217635374,0.5616666666666666,0.1258305739211792,0.6575,0.18874586088176878,0.33333333333333326,0.0,0.004000000000000001,0.012783266278429394,2.82,0.7571877794400365,3.47,0.7971540286886504,1.53,0.7971540286886503,0.0,0.0,0.0,0.0,7.28,3.553572679414169,5.17,2.849968987958155,12.72,3.553572679414168,5.0,0.0,30.0,0.0,6.0,0.0,1.5,0.0,0.63,0.7608474807008886
25.0,25.0,84.0,84.0,100,16.77,3.7654865407924234,0.5589999999999999,0.1255162180264141,0.6615000000000001,0.18827432703962113,0.33333333333333326,0.0,0.0026666666666666683,0.009088664144809697,2.87,0.7199186261535595,3.47,0.7971540286886504,1.53,0.7971540286886503,0.0,0.0,0.0,0.0,7.2,3.536248083074843,5.09,2.818033557520763,12.8,3.5362480830748435,5.0,0.0,30.0,0.0,6.0,0.0,1.5,0.0,0.63,0.7608474807008886
25.0,25.0,85.0,85.0,100,16.62,3.6921428997154484,0.5539999999999999,0.12307142999051492,0.669,0.18460714498577233,0.33333333333333326,0.0,0.005,0.01526055043407892,2.9,0.7316785737969476,3.45,0.8087276451565161,1.55,0.8087276451565162,0.0,0.0,0.0,0.0,7.06,3.4518915909332315,5.02,2.8176213193028437,12.94,3.4518915909332306,5.0,0.0,30.0,0.0,6.0,0.0,1.5,0.0,0.63,0.7608474807008886
25.0,25.0,86.0,86.0,100,16.53,3.5913898156675788,0.551,0.11971299385558597,0.6735,0.17956949078337897,0.33333333333333326,0.0,0.0030000000000000014,0.011696690563826318,2.91,0.7260659179246174,3.45,0.8087276451565161,1.55,0.8087276451565162,0.0,0.0,0.0,0.0,6.97,3.355848204510622,4.95,2.819037015892075,13.03,3.355848204510622,5.0,0.0,30.0,0.0,6.0,0.0,1.5,0.0,0.63,0.7608474807008886
25.0,25.0,87.0,87.0,100,16.45,3.6023981911044656,0.5483333333333333,0.12007993970348221,0.6775,0.1801199095552234,0.33333333333333326,0.0,0.002666666666666666,0.009088664144809688,2.93,0.7420283421851622,3.45,0.8087276451565161,1.54,0.8216760402686177,0.01,0.1,0.01,0.1,6.89,3.3571723310855015,4.83,2.756278416102174,13.11,3.357172331085501,5.0,0.0,30.0,0.0,6.0,0.0,1.5,0.0,0.63,0.7608474807008886
25.0,25.0,88.0,88.0,100,16.35,3.593976442141305,0.545,0.11979921473804349,0.6825,0.17969882210706523,0.33333333333333326,0.0,0.0033333333333333335,0.011111111111111115,2.95,0.7436600722307896,3.42,0.8187203614806646,1.57,0.8196451560389908,0.01,0.09999999999999999,0.01,0.09999999999999999,6.79,3.331196284650409,4.77,2.737155494673294,13.21,3.3311962846504084,5.0,0.0,30.0,0.0,6.0,0.0,1.5,0.0,0.63,0.7608474807008886
25.0,25.0,89.0,89.0,100,16.3,3.5176323534072425,0.5433333333333333,0.11725441178024139,0.685,0.17588161767036214,0.33333333333333326,0.0,0.0016666666666666674,0.008703882797784895,2.98,0.7382753585556713,3.42,0.8187203614806646,1.58,0.8187203614806644,0.0,0.0,0.0,0.0,6.76,3.278703858218822,4.72,2.6441473392220702,13.24,3.278703858218822,5.0,0.0,30.0,0.0,6.0,0.0,1.5,0.0,0.63,0.7608474807008886
25.0,25.0,90.0,90.0,100,16.22,3.5350481830613933,0.5406666666666666,0.11783493943537979,0.6890000000000001,0.17675240915306972,0.33333333333333326,0.0,0.0026666666666666666,0.011291465545440096,2.98,0.7382753585556713,3.41,0.8299324543526895,1.59,0.8299324543526894,0.0,0.0,0.0,0.0,6.68,3.2933357870190823,4.64,2.5840223909965863,13.32,3.2933357870190814,5.0,0.0,30.0,0.0,6.0,0.0,1.5,0.0,0.63,0.7608474807008886
25.0,25.0,91.0,91.0,100,16.16,3.4603672368899536,0.5386666666666666,0.11534557456299846,0.6920000000000001,0.17301836184449773,0.33333333333333326,0.0,0.0020000000000000018,0.010401588413621021,2.99,0.7316095442601369,3.41,0.8299324543526895,1.59,0.8299324543526894,0.0,0.0,0.0,0.0,6.63,3.2275800109792367,4.56,2.598834237487915,13.37,3.2275800109792363,5.0,0.0,30.0,0.0,6.0,0.0,1.5,0.0,0.63,0.7608474807008886
25.0,25.0,92.0,92.0,100,16.15,3.450589175280891,0.5383333333333333,0.11501963917602968,0.6925,0.1725294587640446,0.33333333333333326,0.0,0.00033333333333333327,0.0033333333333333322,3.0,0.7247430753394786,3.41,0.8299324543526895,1.59,0.8299324543526894,0.0,0.0,0.0,0.0,6.62,3.2185698561926417,4.49,2.564304304417977,13.38,3.2185698561926417,5.0,0.0,30.0,0.0,6.0,0.0,1.5,0.0,0.63,0.7608474807008886
25.0,25.0,93.0,93.0,100,16.03,3.382829489278961,0.5343333333333333,0.11276098297596536,0.6984999999999999,0.16914147446394806,0.33333333333333326,0.0,0.004,0.011872876973668779,3.05,0.701729465267237,3.39,0.8396127053287694,1.6,0.8408749651825215,0.01,0.1,0.01,0.1,6.5,3.1638743669907328,4.44,2.591049083582816,13.5,3.1638743669907328,5.0,0.0,30.0,0.0,6.0,0.0,1.5,0.0,0.63,0.7608474807008886
25.0,25.0,94.0,94.0,100,15.98,3.321129173925488,0.5326666666666666,0.11070430579751624,0.701,0.1660564586962744,0.33333333333333326,0.0,0.0016666666666666674,0.008703882797784895,3.05,0.701729465267237,3.38,0.8382280492958122,1.62,0.8382280492958121,0.0,0.0,0.0,0.0,6.46,3.1088664340962775,4.36,2.5918286512761135,13.54,3.108866434096276,5.0,0.0,30.0,0.0,6.0,0.0,1.5,0.0,0.63,0.7608474807008886
25.0,25.0,95.0,95.0,100,15.94,3.3175992293320555,0.5313333333333333,0.11058664097773512,0.703,0.16587996146660275,0.33333333333333326,0.0,0.0013333333333333324,0.0065648795188977425,3.08,0.7202693099028159,3.38,0.8382280492958122,1.62,0.8382280492958121,0.0,0.0,0.0,0.0,6.42,3.0950596019130137,4.33,2.597804045455673,13.58,3.0950596019130123,5.0,0.0,30.0,0.0,6.0,0.0,1.5,0.0,0.63,0.7608474807008886
25.0,25.0,96.0,96.0,100,15.86,3.3242907650969844,0.5286666666666666,0.11080969216989946,0.7070000000000001,0.16621453825484925,0.33333333333333326,0.0,0.0026666666666666666,0.011291465545440098,3.09,0.7260659179246174,3.38,0.8382280492958122,1.62,0.8382280492958121,0.0,0.0,0.0,0.0,6.34,3.1017101832063645,4.28,2.6017864880295094,13.66,3.101710183206365,5.0,0.0,30.0,0.0,6.0,0.0,1.5,0.0,0.63,0.7608474807008886
25.0,25.0,97.0,97.0,100,15.73,3.360059523282287,0.5243333333333333,0.11200198410940963,0.713,0.16706316473149016,0.33333333333333326,0.0,0.004333333333333331,0.015465104994884639,3.12,0.7003606574508954,3.36,0.8470984344075707,1.63,0.8487066809581683,0.01,0.1,0.01,0.1,6.22,3.096364763311122,4.24,2.5980567718775878,13.78,3.096364763311122,5.0,0.0,30.0,0.0,6.0,0.0,1.5,0.0,0.63,0.7608474807008886
25.0,25.0,98.0,98.0,100,15.65,3.3223303249193616,0.5216666666666666,0.1107443441639787,0.7175,0.16611651624596802,0.33333333333333326,0.0,0.002666666666666668,0.010249414863810768,3.18,0.7018014338295785,3.35,0.8333333333333335,1.64,0.8350890595461884,0.01,0.1,0.01,0.1,6.14,3.051808538151657,4.16,2.596501142271688,13.86,3.051808538151657,5.0,0.0,30.0,0.0,6.0,0.0,1.5,0.0,0.63,0.7608474807008886
25.0,25.0,99.0,99.0,100,15.47,3.3468061059928624,0.5156666666666666,0.11156020353309543,0.7254999999999999,0.16537300965765947,0.33333333333333326,0.0,0.006000000000000001,0.018580368095476796,3.2,0.7247430753394787,3.33,0.8171767114754176,1.65,0.8211226608993472,0.02,0.1407052941362897,0.02,0.1407052941362897,5.98,3.0384073446329065,4.11,2.5815780938304873,14.02,3.0384073446329065,5.0,0.0,30.0,0.0,6.0,0.0,1.5,0.0,0.63,0.7608474807008886
25.0,25.0,100.0,100.0,100,15.38,3.3927432957279664,0.5126666666666666,0.11309144319093221,0.73,0.16772391937738976,0.33333333333333326,0.0,0.0030000000000000005,0.01069419847546078,3.2,0.7247430753394787,3.31,0.8250497383231333,1.69,0.8250497383231333,0.0,0.0,0.0,0.0,5.91,3.042111839568763,4.1,2.5800321037858533,14.09,3.042111839568763,5.0,0.0,30.0,0.0,6.0,0.0,1.5,0.0,0.63,0.7608474807008886
25.0,25.0,101.0,101.0,100,15.32,3.348088554637849,0.5106666666666666,0.11160295182126165,0.733,0.1654836804184886,0.33333333333333326,0.0,0.002,0.009259932635447143,3.22,0.7046741492105812,3.31,0.8250497383231333,1.69,0.8250497383231333,0.0,0.0,0.0,0.0,5.86,3.011828532820404,4.04,2.481934729198172,14.14,3.011828532820404,5.0,0.0,30.0,0.0,6.0,0.0,1.5,0.0,0.63,0.7608474807008886
25.0,25.0,102.0,102.0,100,15.23,3.348013130080573,0.5076666666666667,0.11160043766935239,0.737,0.16462691214385394,0.33333333333333326,0.0,0.0030000000000000014,0.009587449708822051,3.27,0.7086051171994261,3.3,0.8226589066968623,1.7,0.8226589066968621,0.0,0.0,0.0,0.0,5.77,3.0112751082851568,4.03,2.496280060693139,14.23,3.011275108285155,5.0,0.0,30.0,0.0,6.0,0.0,1.5,0.0,0.63,0.7608474807008886
25.0,25.0,103.0,103.0,100,15.07,3.25748555195754,0.5023333333333333,0.10858285173191806,0.745,0.16009782363078245,0.33333333333333326,0.0,0.005333333333333334,0.01817732828961938,3.32,0.7089613971340493,3.29,0.8077278269468264,1.71,0.8077278269468264,0.0,0.0,0.0,0.0,5.63,2.91514679014296,4.0,2.5146038103908777,14.37,2.915146790142961,5.0,0.0,30.0,0.0,6.0,0.0,1.5,0.0,0.63,0.7608474807008886
25.0,25.0,104.0,104.0,100,15.0,3.2380315756410543,0.5,0.10793438585470175,0.7484999999999999,0.15914147825444525,0.33333333333333326,0.0,0.0023333333333333344,0.008547746665874765,3.34,0.7137891491854927,3.29,0.8077278269468264,1.71,0.8077278269468264,0.0,0.0,0.0,0.0,5.56,2.9070447349342756,3.94,2.47337335587973,14.44,2.907044734934275,5.0,0.0,30.0,0.0,6.0,0.0,1.5,0.0,0.63,0.7608474807008886
25.0,25.0,105.0,105.0,100,14.89,3.165135195861437,0.49633333333333335,0.10550450652871443,0.754,0.15548555423497568,0.33333333333333326,0.0,0.0036666666666666657,0.013312272929516727,3.37,0.7338152686370379,3.28,0.8174856746652067,1.72,0.8174856746652069,0.0,0.0,0.0,0.0,5.47,2.8549266296362257,3.9,2.447427014212884,14.53,2.8549266296362257,5.0,0.0,30.0,0.0,6.0,0.0,1.5,0.0,0.63,0.7608474807008886
25.0,25.0,106.0,106.0,100,14.73,3.1522158311994835,0.491,0.10507386103998274,0.7615000000000001,0.15404561176823736,0.33333333333333326,0.0,0.005333333333333334,0.01689739286167797,3.4,0.7385489458759964,3.27,0.8147007878585696,1.72,0.8174856746652069,0.01,0.1,0.01,0.1,5.31,2.809417783603621,3.84,2.431776172581546,14.69,2.8094177836036223,5.0,0.0,30.0,0.0,6.0,0.0,1.5,0.0,0.63,0.7608474807008886
25.0,25.0,107.0,107.0,100,14.71,3.1568268174791525,0.4903333333333333,0.10522756058263844,0.7625,0.15429458247721525,0.33333333333333326,0.0,0.000666666666666666,0.0046901764712096485,3.4,0.7385489458759964,3.26,0.8241310085125536,1.74,0.8241310085125537,0.0,0.0,0.0,0.0,5.3,2.826640937561577,3.81,2.419178423023867,14.7,2.826640937561576,5.0,0.0,30.0,0.0,6.0,0.0,1.5,0.0,0.63,0.7608474807008886
25.0,25.0,108.0,108.0,100,14.66,3.1405461790953333,0.4886666666666667,0.10468487263651119,0.765,0.15349464505514857,0.33333333333333326,0.0,0.0016666666666666663,0.009909806500176047,3.41,0.7533762390570581,3.26,0.8241310085125536,1.74,0.8241310085125537,0.0,0.0,0.0,0.0,5.25,2.819037015892076,3.78,2.4270362688894975,14.75,2.8190370158920763,5.0,0.0,30.0,0.0,6.0,0.0,1.5,0.0,0.63,0.7608474807008886
25.0,25.0,109.0,109.0,100,14.59,3.104558395051192,0.48633333333333334,0.10348527983503969,0.768,0.1508427504175635,0.33333333333333326,0.0,0.0023333333333333327,0.009772955652070096,3.43,0.7282884321503675,3.26,0.8241310085125536,1.74,0.8241310085125537,0.0,0.0,0.0,0.0,5.19,2.769585900564569,3.73,2.390448163889446,14.81,2.769585900564569,5.0,0.0,30.0,0.0,6.0,0.0,1.5,0.0,0.63,0.7608474807008886
25.0,25.0,110.0,110.0,100,14.51,3.1188414062231056,0.4836666666666667,0.10396138020743685,0.772,0.15164418747831918,0.33333333333333326,0.0,0.0026666666666666644,0.012245157543993315,3.44,0.7152028743756218,3.23,0.8391313449880263,1.77,0.8391313449880263,0.0,0.0,0.0,0.0,5.11,2.802938573437643,3.7,2.3889476149699695,14.89,2.8029385734376433,5.0,0.0,30.0,0.0,6.0,0.0,1.5,0.0,0.63,0.7608474807008886
25.0,25.0,111.0,111.0,100,14.49,3.1091101068578557,0.483,0.10363700356192851,0.773,0.1511604940104885,0.33333333333333326,0.0,0.0006666666666666665,0.004690176471209652,3.45,0.7299508769967215,3.23,0.8391313449880263,1.77,0.8391313449880263,0.0,0.0,0.0,0.0,5.09,2.796444351332779,3.66,2.353677543717061,14.91,2.796444351332779,5.0,0.0,30.0,0.0,6.0,0.0,1.5,0.0,0.63,0.7608474807008886
25.0,25.0,112.0,112.0,100,14.37,3.0506002058876245,0.479,0.10168667352958749,0.779,0.148252446451274,0.33333333333333326,0.0,0.003999999999999999,0.011872876973668773,3.51,0.688945908360348,3.21,0.8444112167838033,1.79,0.8444112167838032,0.0,0.0,0.0,0.0,4.98,2.770625134579493,3.6,2.348435972120916,15.02,2.7706251345794937,5.0,0.0,30.0,0.0,6.0,0.0,1.5,0.0,0.63,0.7608474807008886
25.0,25.0,113.0,113.0,100,14.31,3.0073814913215493,0.477,0.10024604971071836,0.782,0.1460800942613125,0.33333333333333326,0.0,0.0019999999999999996,0.0079561085525314,3.54,0.6878454136877801,3.21,0.8444112167838033,1.79,0.8444112167838032,0.0,0.0,0.0,0.0,4.92,2.732815915549898,3.58,2.3362752017221387,15.08,2.732815915549898,5.0,0.0,30.0,0.0,6.0,0.0,1.5,0.0,0.63,0.7608474807008886
25.0,25.0,114.0,114.0,100,14.25,2.98607881119482,0.475,0.09953596037316066,0.785,0.14503569745188089,0.33333333333333326,0.0,0.0020000000000000005,0.007956108552531406,3.58,0.6989169110021938,3.21,0.8444112167838033,1.79,0.8444112167838032,0.0,0.0,0.0,0.0,4.86,2.704354886758643,3.49,2.3548574341886463,15.14,2.7043548867586433,5.0,0.0,30.0,0.0,6.0,0.0,1.5,0.0,0.63,0.7608474807008886
25.0,25.0,115.0,115.0,100,14.2,3.018461712712472,0.4733333333333333,0.10061539042374906,0.7875,0.14674498597598118,0.33333333333333326,0.0,0.0016666666666666679,0.0073014304519196825,3.6,0.6963106238227916,3.21,0.8444112167838033,1.79,0.8444112167838032,0.0,0.0,0.0,0.0,4.81,2.7328713578552977,3.43,2.3666666666666667,15.19,2.7328713578552977,5.0,0.0,30.0,0.0,6.0,0.0,1.5,0.0,0.63,0.7608474807008886
25.0,25.0,116.0,116.0,100,14.12,3.026081908536469,0.4706666666666666,0.10086939695121563,0.7905,0.14506964541282238,0.33333333333333326,0.0,0.0026666666666666683,0.009088664144809697,3.63,0.7057484028184606,3.2,0.8528028654224418,1.78,0.8478135872866622,0.02,0.2,0.03,0.3,4.72,2.730597300255315,3.41,2.370249102537707,15.28,2.730597300255315,5.0,0.0,30.0,0.0,6.0,0.0,1.5,0.0,0.63,0.7608474807008886
25.0,25.0,117.0,117.0,100,14.07,2.9755060684926127,0.469,0.09918353561642039,0.7929999999999999,0.14249224682080217,0.33333333333333326,0.0,0.0016666666666666668,0.007301430451919679,3.66,0.6994947671662234,3.2,0.8528028654224418,1.8,0.8528028654224419,0.0,0.0,0.0,0.0,4.69,2.6579212656783984,3.38,2.385901350124362,15.31,2.6579212656783984,5.0,0.0,30.0,0.0,6.0,0.0,1.5,0.0,0.63,0.7608474807008886
25.0,25.0,118.0,118.0,100,14.03,2.982965103396419,0.4676666666666667,0.09943217011321397,0.795,0.14293107754891138,0.33333333333333326,0.0,0.0013333333333333313,0.006564879518897736,3.67,0.7114503609961951,3.18,0.8454273917655346,1.82,0.8454273917655344,0.0,0.0,0.0,0.0,4.65,2.656704877866717,3.37,2.376887872743676,15.35,2.6567048778667175,5.0,0.0,30.0,0.0,6.0,0.0,1.5,0.0,0.63,0.7608474807008886
25.0,25.0,119.0,119.0,100,13.95,3.016369481427108,0.465,0.1005456493809036,0.7979999999999999,0.14282856857085702,0.33333333333333326,0.0,0.002666666666666666,0.010249414863810763,3.7,0.7177405625652736,3.18,0.8454273917655346,1.82,0.8454273917655344,0.0,0.0,0.0,0.0,4.57,2.6676324008870917,3.36,2.3890321779906496,15.43,2.6676324008870904,5.0,0.0,30.0,0.0,6.0,0.0,1.5,0.0,0.63,0.7608474807008886
25.0,25.0,120.0,120.0,100,13.86,3.0151804475541986,0.46199999999999997,0.10050601491847329,0.8025,0.14290899131258256,0.33333333333333326,0.0,0.003000000000000001,0.011696690563826313,3.72,0.7258572083190241,3.17,0.8415353933031088,1.83,0.8415353933031088,0.0,0.0,0.0,0.0,4.49,2.653356936091152,3.34,2.413011865413484,15.51,2.653356936091153,5.0,0.0,30.0,0.0,6.0,0.0,1.5,0.0,0.63,0.7608474807008886
25.0,25.0,121.0,121.0,100,13.82,3.0264156884327567,0.4606666666666666,0.10088052294775861,0.8045,0.14356482363677595,0.33333333333333326,0.0,0.0013333333333333348,0.008095945417985414,3.74,0.7333333333333336,3.17,0.8415353933031088,1.83,0.8415353933031088,0.0,0.0,0.0,0.0,4.46,2.6492613798162417,3.31,2.3770578538193043,15.54,2.6492613798162425,5.0,0.0,30.0,0.0,6.0,0.0,1.5,0.0,0.63,0.7608474807008886
25.0,25.0,122.0,122.0,100,13.78,3.0635689229156484,0.4593333333333333,0.10211896409718826,0.8059999999999999,0.14464865130111762,0.33333333333333326,0.0,0.0013333333333333348,0.006564879518897753,3.75,0.7436600722307894,3.16,0.8253557543339245,1.84,0.8253557543339244,0.0,0.0,0.0,0.0,4.42,2.678685038475695,3.27,2.4156685504130206,15.58,2.678685038475694,5.0,0.0,30.0,0.0,6.0,0.0,1.5,0.0,0.63,0.7608474807008886
25.0,25.0,123.0,123.0,100,13.69,3.02078657226086,0.4563333333333333,0.10069288574202866,0.8105,0.1425409740843989,0.33333333333333326,0.0,0.002999999999999999,0.010694198475460779,3.79,0.7425726505966548,3.14,0.829019135649309,1.86,0.8290191356493088,0.0,0.0,0.0,0.0,4.33,2.644051834024836,3.25,2.4094720491334924,15.67,2.644051834024836,5.0,0.0,30.0,0.0,6.0,0.0,1.5,0.0,0.63,0.7608474807008886
25.0,25.0,124.0,124.0,100,13.65,2.962305272123811,0.455,0.09874350907079373,0.8125,0.13951123194346696,0.33333333333333326,0.0,0.001333333333333333,0.006564879518897743,3.81,0.7479939501726934,3.14,0.829019135649309,1.86,0.8290191356493088,0.0,0.0,0.0,0.0,4.29,2.5831427104645734,3.23,2.3564011251538357,15.71,2.5831427104645734,5.0,0.0,30.0,0.0,6.0,0.0,1.5,0.0,0.63,0.7608474807008886
25.0,25.0,125.0,125.0,100,13.59,2.978356268246977,0.45299999999999996,0.09927854227489924,0.815,0.1395338559980945,0.33333333333333326,0.0,0.002000000000000003,0.007956108552531413,3.83,0.7528397417562896,3.14,0.829019135649309,1.86,0.8290191356493088,0.0,0.0,0.0,0.0,4.23,2.593133902123728,3.21,2.349704473143615,15.77,2.5931339021237285,5.0,0.0,30.0,0.0,6.0,0.0,1.5,0.0,0.63,0.7608474807008886
25.0,25.0,126.0,126.0,100,13.54,2.9350545914080466,0.4513333333333333,0.09783515304693485,0.8175,0.1373219692267892,0.33333333333333326,0.0,0.0016666666666666657,0.0073014304519196755,3.86,0.7388224318864349,3.14,0.829019135649309,1.86,0.8290191356493088,0.0,0.0,0.0,0.0,4.18,2.544076105843383,3.16,2.3212675046798954,15.82,2.544076105843383,5.0,0.0,30.0,0.0,6.0,0.0,1.5,0.0,0.63,0.7608474807008886
25.0,25.0,127.0,127.0,100,13.47,2.8795868109887226,0.449,0.09598622703295744,0.821,0.13449869512340626,0.33333333333333326,0.0,0.0023333333333333327,0.009772955652070094,3.88,0.7558525857024841,3.14,0.829019135649309,1.86,0.8290191356493088,0.0,0.0,0.0,0.0,4.12,2.4793286807260366,3.14,2.296329966083122,15.88,2.479328680726036,5.0,0.0,30.0,0.0,6.0,0.0,1.5,0.0,0.63,0.7608474807008886
25.0,25.0,128.0,128.0,100,13.41,2.8536526301099325,0.44699999999999995,0.09512175433699771,0.8240000000000001,0.13323481208571258,0.33333333333333326,0.0,0.0020000000000000013,0.007956108552531406,3.89,0.7640270765734509,3.14,0.829019135649309,1.86,0.8290191356493088,0.0,0.0,0.0,0.0,4.06,2.456983450649938,3.11,2.291376014626155,15.94,2.456983450649938,5.0,0.0,30.0,0.0,6.0,0.0,1.5,0.0,0.63,0.7608474807008886
25.0,25.0,129.0,129.0,100,13.37,2.8092739635037733,0.44566666666666666,0.09364246545012579,0.826,0.13094065276091513,0.33333333333333326,0.0,0.0013333333333333324,0.006564879518897744,3.91,0.753376239057058,3.14,0.829019135649309,1.86,0.8290191356493088,0.0,0.0,0.0,0.0,4.02,2.416191175792967,3.06,2.2954500450000888,15.98,2.416191175792967,5.0,0.0,30.0,0.0,6.0,0.0,1.5,0.0,0.63,0.7608474807008886
25.0,25.0,130.0,130.0,100,13.28,2.7927756729812656,0.44266666666666665,0.09309252243270884,0.83,0.12909944487358052,0.33333333333333326,0.0,0.0030000000000000005,0.010694198475460782,3.91,0.753376239057058,3.14,0.829019135649309,1.86,0.8290191356493088,0.0,0.0,0.0,0.0,3.93,2.3623947788016064,3.05,2.306665790856376,16.07,2.3623947788016064,5.0,0.0,30.0,0.0,6.0,0.0,1.5,0.0,0.63,0.7608474807008886
25.0,25.0,131.0,131.0,100,13.17,2.792685250630816,0.439,0.09308950835436054,0.8340000000000001,0.12630730522632239,0.33333333333333326,0.0,0.0036666666666666657,0.012440655988997849,3.92,0.7477913607363482,3.12,0.8321810214882654,1.88,0.8321810214882653,0.0,0.0,0.0,0.0,3.83,2.318371947045703,3.04,2.300285445616072,16.17,2.3183719470457027,5.0,0.0,30.0,0.0,6.0,0.0,1.5,0.0,0.63,0.7608474807008886
25.0,25.0,132.0,132.0,100,13.13,2.7876169178723393,0.43766666666666665,0.09292056392907798,0.836,0.12614726042657964,0.33333333333333326,0.0,0.0013333333333333335,0.008095945417985407,3.92,0.7477913607363482,3.12,0.8321810214882654,1.88,0.8321810214882653,0.0,0.0,0.0,0.0,3.8,2.3006367146790674,3.04,2.282653072743436,16.2,2.3006367146790674,5.0,0.0,30.0,0.0,6.0,0.0,1.5,0.0,0.63,0.7608474807008886
25.0,25.0,133.0,133.0,100,13.07,2.7789068412458944,0.43566666666666665,0.09263022804152979,0.8384999999999999,0.1250969321136311,0.33333333333333326,0.0,0.002,0.009259932635447147,3.92,0.7477913607363482,3.12,0.8321810214882654,1.88,0.8321810214882653,0.0,0.0,0.0,0.0,3.74,2.2945697864851486,3.02,2.291750687164992,16.26,2.2945697864851495,5.0,0.0,30.0,0.0,6.0,0.0,1.5,0.0,0.63,0.7608474807008886
25.0,25.0,134.0,134.0,100,13.03,2.8013524872060915,0.4343333333333333,0.09337841624020306,0.84,0.12532785287824372,0.33333333333333326,0.0,0.0013333333333333333,0.006564879518897748,3.93,0.7555184185763315,3.11,0.8151965741742627,1.88,0.8199531891048611,0.01,0.1,0.01,0.1,3.7,2.311586975096188,3.01,2.3028090005315884,16.3,2.3115869750961884,5.0,0.0,30.0,0.0,6.0,0.0,1.5,0.0,0.63,0.7608474807008886
25.0,25.0,135.0,135.0,100,12.99,2.790659022126813,0.433,0.09302196740422707,0.8420000000000001,0.1248676066556863,0.33333333333333326,0.0,0.0013333333333333335,0.008095945417985407,3.93,0.7555184185763315,3.11,0.8151965741742627,1.89,0.8151965741742626,0.0,0.0,0.0,0.0,3.67,2.305264068223513,3.02,2.2829185644076686,16.33,2.3052640682235137,5.0,0.0,30.0,0.0,6.0,0.0,1.5,0.0,0.63,0.7608474807008886
25.0,25.0,136.0,136.0,100,12.98,2.788794316075271,0.43266666666666664,0.09295981053584237,0.8425,0.12479781628496127,0.33333333333333326,0.0,0.0003333333333333338,0.0033333333333333388,3.93,0.7555184185763315,3.11,0.8151965741742627,1.89,0.8151965741742626,0.0,0.0,0.0,0.0,3.66,2.305986937858876,3.02,2.2829185644076686,16.34,2.305986937858877,5.0,0.0,30.0,0.0,6.0,0.0,1.5,0.0,0.63,0.7608474807008886
25.0,25.0,137.0,137.0,100,12.94,2.7736858750286295,0.43133333333333335,0.09245619583428766,0.8445,0.12409164908944263,0.33333333333333326,0.0,0.0013333333333333335,0.008095945417985405,3.94,0.7496800664418135,3.11,0.8151965741742627,1.89,0.8151965741742626,0.0,0.0,0.0,0.0,3.63,2.3035107154431937,3.03,2.2805944644129763,16.37,2.303510715443195,5.0,0.0,30.0,0.0,6.0,0.0,1.5,0.0,0.63,0.7608474807008886
25.0,25.0,138.0,138.0,100,12.94,2.7736858750286295,0.43133333333333335,0.09245619583428766,0.8445,0.12409164908944263,0.33333333333333326,0.0,0.0,0.0,3.94,0.7496800664418135,3.11,0.8151965741742627,1.89,0.8151965741742626,0.0,0.0,0.0,0.0,3.63,2.3035107154431937,3.02,2.2829185644076686,16.37,2.303510715443195,5.0,0.0,30.0,0.0,6.0,0.0,1.5,0.0,0.63,0.7608474807008886
25.0,25.0,139.0,139.0,100,12.9,2.776161145731765,0.43,0.09253870485772549,0.8465,0.12436809977813537,0.33333333333333326,0.0,0.001333333333333333,0.006564879518897743,3.95,0.7436600722307894,3.11,0.8151965741742627,1.89,0.8151965741742626,0.0,0.0,0.0,0.0,3.59,2.3185462181411363,2.99,2.2540423844078594,16.41,2.318546218141137,5.0,0.0,30.0,0.0,6.0,0.0,1.5,0.0,0.63,0.7608474807008886
25.0,25.0,140.0,140.0,100,12.82,2.7684368196226585,0.42733333333333334,0.09228122732075529,0.8504999999999999,0.12421368847289094,0.33333333333333326,0.0,0.0026666666666666657,0.010249414863810764,3.99,0.7316095442601367,3.09,0.8052228501376736,1.91,0.8052228501376736,0.0,0.0,0.0,0.0,3.52,2.3202229081349803,2.98,2.251733339075262,16.48,2.3202229081349803,5.0,0.0,30.0,0.0,6.0,0.0,1.5,0.0,0.63,0.7608474807008886
25.0,25.0,141.0,141.0,100,12.77,2.777452506208238,0.42566666666666664,0.0925817502069413,0.8525,0.12378194414764092,0.33333333333333326,0.0,0.0016666666666666666,0.00870388279778489,4.0,0.7385489458759962,3.09,0.8052228501376736,1.91,0.8052228501376736,0.0,0.0,0.0,0.0,3.48,2.32022290813498,2.95,2.253504565844682,16.52,2.3202229081349803,5.0,0.0,30.0,0.0,6.0,0.0,1.5,0.0,0.63,0.7608474807008886
25.0,25.0,142.0,142.0,100,12.75,2.7757062983221865,0.425,0.09252354327740621,0.8534999999999999,0.12375746074847001,0.33333333333333326,0.0,0.000666666666666666,0.0046901764712096485,4.0,0.7385489458759962,3.09,0.8052228501376736,1.91,0.8052228501376736,0.0,0.0,0.0,0.0,3.46,2.3243115631137408,2.91,2.188560709644121,16.54,2.3243115631137408,5.0,0.0,30.0,0.0,6.0,0.0,1.5,0.0,0.63,0.7608474807008886
25.0,25.0,143.0,143.0,100,12.71,2.7461451402489874,0.4236666666666667,0.0915381713416329,0.8554999999999999,0.12224643929044277,0.33333333333333326,0.0,0.0013333333333333324,0.006564879518897743,4.01,0.7316095442601368,3.09,0.8052228501376736,1.91,0.8052228501376736,0.0,0.0,0.0,0.0,3.42,2.301426874042635,2.9,2.190429135575903,16.58,2.301426874042636,5.0,0.0,30.0,0.0,6.0,0.0,1.5,0.0,0.63,0.7608474807008886
25.0,25.0,144.0,144.0,100,12.65,2.7757062983221865,0.42166666666666663,0.09252354327740622,0.858,0.12282861509790245,0.33333333333333326,0.0,0.002000000000000001,0.010401588413621014,4.02,0.7382753585556712,3.08,0.8125281657899744,1.91,0.8052228501376736,0.01,0.1,0.01,0.1,3.37,2.3166285150553763,2.88,2.194023102370933,16.63,2.3166285150553763,5.0,0.0,30.0,0.0,6.0,0.0,1.5,0.0,0.63,0.7608474807008886
25.0,25.0,145.0,145.0,100,12.64,2.7798699192006753,0.42133333333333334,0.09266233064002251,0.8584999999999999,0.12310277384889795,0.33333333333333326,0.0,0.00033333333333333435,0.0033333333333333435,4.02,0.7382753585556712,3.08,0.8125281657899744,1.92,0.8125281657899743,0.0,0.0,0.0,0.0,3.37,2.320984639537646,2.87,2.191143790605973,16.63,2.320984639537645,5.0,0.0,30.0,0.0,6.0,0.0,1.5,0.0,0.63,0.7608474807008886
25.0,25.0,146.0,146.0,100,12.62,2.7735402020748245,0.42066666666666663,0.09245134006916078,0.8595,0.1228234752016326,0.33333333333333326,0.0,0.000666666666666666,0.00469017647120965,4.02,0.7382753585556712,3.08,0.8125281657899744,1.92,0.8125281657899743,0.0,0.0,0.0,0.0,3.35,2.3197657492326957,2.83,2.169834514008342,16.65,2.3197657492326944,5.0,0.0,30.0,0.0,6.0,0.0,1.5,0.0,0.63,0.7608474807008886
25.0,25.0,147.0,147.0,100,12.59,2.763744349299123,0.4196666666666667,0.09212481164330409,0.8604999999999999,0.12170817058800447,0.33333333333333326,0.0,0.0009999999999999998,0.005714886933258843,4.02,0.7382753585556712,3.08,0.8125281657899744,1.92,0.8125281657899743,0.0,0.0,0.0,0.0,3.32,2.3044971405291594,2.82,2.175993909676563,16.68,2.304497140529158,5.0,0.0,30.0,0.0,6.0,0.0,1.5,0.0,0.63,0.7608474807008886
25.0,25.0,148.0,148.0,100,12.54,2.8084288716776724,0.418,0.09361429572258911,0.8615,0.1218243063438558,0.33333333333333326,0.0,0.0016666666666666661,0.008703882797784892,4.02,0.7382753585556712,3.07,0.807227453457922,1.93,0.8072274534579219,0.0,0.0,0.0,0.0,3.28,2.3271780283763377,2.79,2.1475614547714814,16.72,2.3271780283763355,5.0,0.0,30.0,0.0,6.0,0.0,1.5,0.0,0.63,0.7608474807008886
25.0,25.0,149.0,149.0,100,12.5,2.7834285957205274,0.41666666666666663,0.09278095319068426,0.8634999999999999,0.12057417349138792,0.33333333333333326,0.0,0.0013333333333333324,0.0080959454179854,4.02,0.7382753585556712,3.07,0.807227453457922,1.93,0.8072274534579219,0.0,0.0,0.0,0.0,3.25,2.3154073315749675,2.77,2.1407777308560765,16.75,2.315407331574968,5.0,0.0,30.0,0.0,6.0,0.0,1.5,0.0,0.63,0.7608474807008886
25.0,25.0,150.0,150.0,100,12.49,2.7761429532662203,0.41633333333333333,0.0925380984422074,0.8640000000000001,0.12020185043702465,0.33333333333333326,0.0,0.00033333333333333327,0.0033333333333333327,4.02,0.7382753585556712,3.07,0.807227453457922,1.93,0.8072274534579219,0.0,0.0,0.0,0.0,3.24,2.309925881009513,2.72,2.0989655942050516,16.76,2.309925881009513,5.0,0.0,30.0,0.0,6.0,0.0,1.5,0.0,0.63,0.7608474807008886
25.0,25.0,151.0,151.0,100,12.47,2.761404268728782,0.41566666666666663,0.09204680895762603,0.865,0.11944738074849848,0.33333333333333326,0.0,0.0006666666666666665,0.004690176471209652,4.02,0.7382753585556712,3.07,0.807227453457922,1.93,0.8072274534579219,0.0,0.0,0.0,0.0,3.22,2.294393694256159,2.7,2.07193853502687,16.78,2.294393694256159,5.0,0.0,30.0,0.0,6.0,0.0,1.5,0.0,0.63,0.7608474807008886
25.0,25.0,152.0,152.0,100,12.42,2.7822670793815076,0.414,0.09274223597938355,0.867,0.12002104192619936,0.33333333333333326,0.0,0.0016666666666666674,0.008703882797784895,4.02,0.7382753585556712,3.07,0.807227453457922,1.93,0.8072274534579219,0.0,0.0,0.0,0.0,3.17,2.2964839176093497,2.68,2.0591260281974004,16.83,2.296483917609349,5.0,0.0,30.0,0.0,6.0,0.0,1.5,0.0,0.63,0.7608474807008886
25.0,25.0,153.0,153.0,100,12.38,2.8097233768727947,0.4126666666666667,0.09365744589575976,0.8684999999999999,0.12115917404202395,0.33333333333333326,0.0,0.001333333333333333,0.008095945417985403,4.02,0.7382753585556712,3.07,0.807227453457922,1.93,0.8072274534579219,0.0,0.0,0.0,0.0,3.14,2.296329966083122,2.66,2.065688918271748,16.86,2.296329966083122,5.0,0.0,30.0,0.0,6.0,0.0,1.5,0.0,0.63,0.7608474807008886
25.0,25.0,154.0,154.0,100,12.37,2.805676065018586,0.41233333333333333,0.09352253550061955,0.8690000000000001,0.12097666525141754,0.33333333333333326,0.0,0.0003333333333333338,0.0033333333333333383,4.02,0.7382753585556712,3.07,0.807227453457922,1.93,0.8072274534579219,0.0,0.0,0.0,0.0,3.13,2.294723856100681,2.65,2.0664467136130127,16.87,2.2947238561006813,5.0,0.0,30.0,0.0,6.0,0.0,1.5,0.0,0.63,0.7608474807008886
25.0,25.0,155.0,155.0,100,12.36,2.801586851926758,0.412,0.09338622839755868,0.8695,0.1207917901417831,0.33333333333333326,0.0,0.0003333333333333338,0.0033333333333333388,4.02,0.7382753585556712,3.07,0.807227453457922,1.93,0.8072274534579219,0.0,0.0,0.0,0.0,3.12,2.293072571503531,2.63,2.0333333333333328,16.88,2.293072571503531,5.0,0.0,30.0,0.0,6.0,0.0,1.5,0.0,0.63,0.7608474807008886
25.0,25.0,156.0,156.0,100,12.35,2.8046678263497835,0.4116666666666666,0.09348892754499276,0.87,0.12102257907706582,0.33333333333333326,0.0,0.00033333333333333435,0.003333333333333344,4.02,0.7382753585556712,3.07,0.807227453457922,1.93,0.8072274534579219,0.0,0.0,0.0,0.0,3.11,2.300175663032735,2.6,2.0100756305184238,16.89,2.3001756630327344,5.0,0.0,30.0,0.0,6.0,0.0,1.5,0.0,0.63,0.7608474807008886
25.0,25.0,157.0,157.0,100,12.34,2.8113047404069067,0.41133333333333333,0.09371015801356358,0.8704999999999999,0.12145893432462156,0.33333333333333326,0.0,0.0003333333333333327,0.003333333333333328,4.02,0.7382753585556712,3.07,0.807227453457922,1.93,0.8072274534579219,0.0,0.0,0.0,0.0,3.1,2.311586975096188,2.59,2.0004797404420747,16.9,2.3115869750961875,5.0,0.0,30.0,0.0,6.0,0.0,1.5,0.0,0.63,0.7608474807008886
25.0,25.0,158.0,158.0,100,12.32,2.7848072671464204,0.4106666666666666,0.0928269089048807,0.8715,0.12002840572888641,0.33333333333333326,0.0,0.000666666666666666,0.004690176471209649,4.02,0.7382753585556712,3.06,0.8142667272032569,1.94,0.8142667272032569,0.0,0.0,0.0,0.0,3.08,2.286013688904462,2.58,2.0059507431236647,16.92,2.286013688904463,5.0,0.0,30.0,0.0,6.0,0.0,1.5,0.0,0.63,0.7608474807008886
25.0,25.0,159.0,159.0,100,12.31,2.7659363767816565,0.4103333333333333,0.09219787922605525,0.872,0.11898561155692629,0.33333333333333326,0.0,0.00033333333333333327,0.0033333333333333335,4.02,0.7382753585556712,3.06,0.8142667272032569,1.94,0.8142667272032569,0.0,0.0,0.0,0.0,3.07,2.2663769868370633,2.55,2.0018930434905253,16.93,2.2663769868370642,5.0,0.0,30.0,0.0,6.0,0.0,1.5,0.0,0.63,0.7608474807008886
25.0,25.0,160.0,160.0,100,12.3,2.765224158448037,0.41,0.09217413861493451,0.8725,0.11899728373098917,0.33333333333333326,0.0,0.0003333333333333327,0.003333333333333328,4.02,0.7382753585556712,3.05,0.8087276451565163,1.95,0.8087276451565163,0.0,0.0,0.0,0.0,3.06,2.268893736577099,2.53,2.0173740307136847,16.94,2.2688937365770996,5.0,0.0,30.0,0.0,6.0,0.0,1.5,0.0,0.63,0.7608474807008886
25.0,25.0,161.0,161.0,100,12.27,2.788341529448731,0.409,0.09294471764829103,0.8734999999999999,0.11922625126162019,0.33333333333333326,0.0,0.001,0.0057148869332588415,4.02,0.7382753585556712,3.03,0.8221061889187953,1.96,0.815506287560375,0.01,0.09999999999999999,0.01,0.09999999999999999,3.02,2.291750687164991,2.51,1.9923844909042927,16.98,2.2917506871649924,5.0,0.0,30.0,0.0,6.0,0.0,1.5,0.0,0.63,0.7608474807008886
25.0,25.0,162.0,162.0,100,12.27,2.788341529448731,0.409,0.09294471764829103,0.8734999999999999,0.11922625126162019,0.33333333333333326,0.0,0.0,0.0,4.02,0.7382753585556712,3.03,0.8221061889187953,1.97,0.8221061889187952,0.0,0.0,0.0,0.0,3.03,2.2805944644129768,2.49,2.01256156189172,16.97,2.2805944644129768,5.0,0.0,30.0,0.0,6.0,0.0,1.5,0.0,0.63,0.7608474807008886
25.0,25.0,163.0,163.0,100,12.26,2.772957433732608,0.4086666666666667,0.09243191445775358,0.8740000000000001,0.11838133896075599,0.33333333333333326,0.0,0.00033333333333333327,0.0033333333333333335,4.02,0.7382753585556712,3.03,0.8221061889187953,1.97,0.8221061889187952,0.0,0.0,0.0,0.0,3.02,2.265151008411821,2.45,1.9968409394275093,16.98,2.2651510084118205,5.0,0.0,30.0,0.0,6.0,0.0,1.5,0.0,0.63,0.7608474807008886
25.0,25.0,164.0,164.0,100,12.25,2.757450879623307,0.40833333333333327,0.09191502932077694,0.8745,0.11752820422298123,0.33333333333333326,0.0,0.00033333333333333327,0.0033333333333333335,4.03,0.744745906095807,3.03,0.8221061889187953,1.97,0.8221061889187952,0.0,0.0,0.0,0.0,3.01,2.249556634207072,2.44,1.9711043922767062,16.99,2.2495566342070723,5.0,0.0,30.0,0.0,6.0,0.0,1.5,0.0,0.63,0.7608474807008886
25.0,25.0,165.0,165.0,100,12.18,2.72059114194253,0.406,0.09068637139808436,0.878,0.11575836902790226,0.33333333333333326,0.0,0.0023333333333333335,0.014413330903857982,4.03,0.744745906095807,3.02,0.8162491202216553,1.98,0.8162491202216553,0.0,0.0,0.0,0.0,2.96,2.2289192017838615,2.43,1.975890030882643,17.04,2.228919201783862,5.0,0.0,30.0,0.0,6.0,0.0,1.5,0.0,0.63,0.7608474807008886
25.0,25.0,166.0,166.0,100,12.15,2.701944679393908,0.405,0.09006482264646362,0.8795000000000001,0.11483299247871302,0.33333333333333326,0.0,0.001000000000000002,0.0057148869332588545,4.03,0.744745906095807,3.02,0.8162491202216553,1.98,0.8162491202216553,0.0,0.0,0.0,0.0,2.93,2.2076771466494782,2.42,1.9445858534439,17.07,2.2076771466494782,5.0,0.0,30.0,0.0,6.0,0.0,1.5,0.0,0.63,0.7608474807008886
25.0,25.0,167.0,167.0,100,12.1,2.657180095628834,0.40333333333333327,0.08857266985429446,0.882,0.11248344434860297,0.33333333333333326,0.0,0.0016666666666666679,0.007301430451919684,4.05,0.7436600722307896,3.01,0.8225975119502043,1.99,0.8225975119502043,0.0,0.0,0.0,0.0,2.88,2.170881680959898,2.37,1.9156716784976437,17.12,2.1708816809598983,5.0,0.0,30.0,0.0,6.0,0.0,1.5,0.0,0.63,0.7608474807008886
25.0,25.0,168.0,168.0,100,12.08,2.6311268085799817,0.4026666666666667,0.08770422695266608,0.883,0.11106008929558558,0.33333333333333326,0.0,0.0006666666666666665,0.004690176471209652,4.05,0.7436600722307896,3.01,0.8225975119502043,1.99,0.8225975119502043,0.0,0.0,0.0,0.0,2.86,2.1462676083062537,2.35,1.8768929838238708,17.14,2.1462676083062546,5.0,0.0,30.0,0.0,6.0,0.0,1.5,0.0,0.63,0.7608474807008886
25.0,25.0,169.0,169.0,100,12.03,2.6341003869414026,0.401,0.0878033462313801,0.885,0.11066830958984938,0.33333333333333326,0.0,0.0016666666666666663,0.007301430451919677,4.07,0.7420283421851622,3.0,0.8164965809277259,2.0,0.8164965809277259,0.0,0.0,0.0,0.0,2.81,2.1400226563513223,2.32,1.8579884854651854,17.19,2.1400226563513223,5.0,0.0,30.0,0.0,6.0,0.0,1.5,0.0,0.63,0.7608474807008886
25.0,25.0,170.0,170.0,100,12.02,2.620740893007706,0.4006666666666666,0.08735802976692353,0.8855,0.1099345535334822,0.33333333333333326,0.0,0.00033333333333333327,0.0033333333333333327,4.07,0.7420283421851622,3.0,0.8164965809277259,2.0,0.8164965809277259,0.0,0.0,0.0,0.0,2.8,2.127264093913242,2.3,1.8667748886377507,17.2,2.1272640939132414,5.0,0.0,30.0,0.0,6.0,0.0,1.5,0.0,0.63,0.7608474807008886
25.0,25.0,171.0,171.0,100,11.99,2.5917312181379284,0.3996666666666666,0.0863910406045976,0.887,0.10839042784528923,0.33333333333333326,0.0,0.0010000000000000015,0.005714886933258851,4.08,0.7341593144474153,3.0,0.8164965809277259,2.0,0.8164965809277259,0.0,0.0,0.0,0.0,2.77,2.102691877406942,2.28,1.8481768248080523,17.23,2.1026918774069423,5.0,0.0,30.0,0.0,6.0,0.0,1.5,0.0,0.63,0.7608474807008886
25.0,25.0,172.0,172.0,100,11.96,2.585585528512357,0.39866666666666667,0.08618618428374523,0.8885,0.10821205332516563,0.33333333333333326,0.0,0.0010000000000000009,0.005714886933258846,4.09,0.7260659179246172,3.0,0.8164965809277259,2.0,0.8164965809277259,0.0,0.0,0.0,0.0,2.74,2.1015626701494425,2.26,1.8565744495895355,17.26,2.101562670149443,5.0,0.0,30.0,0.0,6.0,0.0,1.5,0.0,0.63,0.7608474807008886
25.0,25.0,173.0,173.0,100,11.96,2.585585528512357,0.39866666666666667,0.08618618428374523,0.8885,0.10821205332516563,0.33333333333333326,0.0,0.0,0.0,4.09,0.7260659179246172,3.0,0.8164965809277259,2.0,0.8164965809277259,0.0,0.0,0.0,0.0,2.74,2.1015626701494425,2.24,1.8319278359039133,17.26,2.101562670149443,5.0,0.0,30.0,0.0,6.0,0.0,1.5,0.0,0.63,0.7608474807008886
25.0,25.0,174.0,174.0,100,11.94,2.577368480219366,0.39799999999999996,0.08591228267397887,0.8895000000000001,0.10784739498968253,0.33333333333333326,0.0,0.0006666666666666676,0.004690176471209663,4.09,0.7260659179246172,2.99,0.8102250591438446,2.01,0.8102250591438446,0.0,0.0,0.0,0.0,2.72,2.089318674892015,2.19,1.8129444770228558,17.28,2.0893186748920156,5.0,0.0,30.0,0.0,6.0,0.0,1.5,0.0,0.63,0.7608474807008886
25.0,25.0,175.0,175.0,100,11.93,2.5554655232274297,0.39766666666666667,0.08518218410758098,0.89,0.10660035817780518,0.33333333333333326,0.0,0.00033333333333333327,0.0033333333333333327,4.09,0.7260659179246172,2.99,0.8102250591438446,2.01,0.8102250591438446,0.0,0.0,0.0,0.0,2.71,2.066055628144087,2.19,1.8129444770228558,17.29,2.0660556281440874,5.0,0.0,30.0,0.0,6.0,0.0,1.5,0.0,0.63,0.7608474807008886
25.0,25.0,176.0,176.0,100,11.91,2.530999722631276,0.39699999999999996,0.08436665742104255,0.8909999999999999,0.1052606193207981,0.33333333333333326,0.0,0.0006666666666666665,0.006666666666666665,4.09,0.7260659179246172,2.99,0.8102250591438446,2.01,0.8102250591438446,0.0,0.0,0.0,0.0,2.69,2.043442332354051,2.15,1.7943514064131836,17.31,2.0434423323540507,5.0,0.0,30.0,0.0,6.0,0.0,1.5,0.0,0.63,0.7608474807008886
25.0,25.0,177.0,177.0,100,11.91,2.530999722631276,0.39699999999999996,0.08436665742104255,0.8909999999999999,0.1052606193207981,0.33333333333333326,0.0,0.0,0.0,4.09,0.7260659179246172,2.99,0.8102250591438446,2.01,0.8102250591438446,0.0,0.0,0.0,0.0,2.69,2.043442332354051,2.14,1.7979786630344847,17.31,2.0434423323540507,5.0,0.0,30.0,0.0,6.0,0.0,1.5,0.0,0.63,0.7608474807008886
25.0,25.0,178.0,178.0,100,11.9,2.5326155282911413,0.39666666666666667,0.0844205176097047,0.8915000000000001,0.10542243067245645,0.33333333333333326,0.0,0.00033333333333333435,0.0033333333333333444,4.1,0.7177405625652733,2.99,0.8102250591438446,2.01,0.8102250591438446,0.0,0.0,0.0,0.0,2.68,2.049291575056112,2.14,1.7979786630344847,17.32,2.049291575056112,5.0,0.0,30.0,0.0,6.0,0.0,1.5,0.0,0.63,0.7608474807008886
25.0,25.0,179.0,179.0,100,11.88,2.5357245492953275,0.39599999999999996,0.0845241516431776,0.8925,0.10573814617041265,0.33333333333333326,0.0,0.0006666666666666655,0.004690176471209645,4.1,0.7177405625652733,2.99,0.8102250591438446,2.01,0.8102250591438446,0.0,0.0,0.0,0.0,2.66,2.055885859347903,2.13,1.8015425489162213,17.34,2.0558858593479035,5.0,0.0,30.0,0.0,6.0,0.0,1.5,0.0,0.63,0.7608474807008886
25.0,25.0,180.0,180.0,100,11.86,2.538670613696957,0.3953333333333333,0.0846223537898986,0.893,0.10541404655984518,0.33333333333333326,0.0,0.0006666666666666671,0.004690176471209659,4.1,0.7177405625652733,2.99,0.8102250591438446,2.01,0.8102250591438446,0.0,0.0,0.0,0.0,2.64,2.0376258714295887,2.12,1.7881766572617366,17.36,2.037625871429589,5.0,0.0,30.0,0.0,6.0,0.0,1.5,0.0,0.63,0.7608474807008886
25.0,25.0,181.0,181.0,100,11.83,2.5348281076541537,0.3943333333333333,0.08449427025513846,0.8945000000000001,0.10538409785545481,0.33333333333333326,0.0,0.0009999999999999987,0.005714886933258834,4.11,0.7091750791795302,2.99,0.8102250591438446,2.01,0.8102250591438446,0.0,0.0,0.0,0.0,2.61,2.044430720199873,2.1,1.7609685122142593,17.39,2.0444307201998724,5.0,0.0,30.0,0.0,6.0,0.0,1.5,0.0,0.63,0.7608474807008886
25.0,25.0,182.0,182.0,100,11.8,2.5186175460824427,0.3933333333333333,0.08395391820274808,0.8959999999999999,0.10461087105762164,0.33333333333333326,0.0,0.0009999999999999987,0.005714886933258832,4.11,0.7091750791795302,2.98,0.8162491202216551,2.02,0.8162491202216551,0.0,0.0,0.0,0.0,2.58,2.0259927109065483,2.08,1.7734290245314317,17.42,2.025992710906548,5.0,0.0,30.0,0.0,6.0,0.0,1.5,0.0,0.63,0.7608474807008886
25.0,25.0,183.0,183.0,100,11.79,2.519800376893761,0.39299999999999996,0.0839933458964587,0.8965000000000001,0.10474958113269354,0.33333333333333326,0.0,0.00033333333333333435,0.003333333333333344,4.11,0.7091750791795302,2.98,0.8162491202216551,2.02,0.8162491202216551,0.0,0.0,0.0,0.0,2.57,2.0313452774857446,2.08,1.762000699388756,17.43,2.0313452774857446,5.0,0.0,30.0,0.0,6.0,0.0,1.5,0.0,0.63,0.7608474807008886
25.0,25.0,184.0,184.0,100,11.76,2.5150857968778246,0.39199999999999996,0.08383619322926082,0.898,0.10466878978738386,0.33333333333333326,0.0,0.0010000000000000002,0.005714886933258844,4.13,0.7057484028184604,2.98,0.8162491202216551,2.02,0.8162491202216551,0.0,0.0,0.0,0.0,2.54,2.0121851030382096,2.06,1.7628030937897592,17.46,2.0121851030382096,5.0,0.0,30.0,0.0,6.0,0.0,1.5,0.0,0.63,0.7608474807008886
25.0,25.0,185.0,185.0,100,11.74,2.548994652284257,0.3913333333333333,0.08496648840947522,0.898,0.10466878978738386,0.33333333333333326,0.0,0.0006666666666666674,0.004690176471209661,4.13,0.7057484028184604,2.98,0.8162491202216551,2.02,0.8162491202216551,0.0,0.0,0.0,0.0,2.52,2.007460831473179,2.05,1.765980427039572,17.48,2.00746083147318,5.0,0.0,30.0,0.0,6.0,0.0,1.5,0.0,0.63,0.7608474807008886
25.0,25.0,186.0,186.0,100,11.71,2.539764563971244,0.3903333333333333,0.08465881879904144,0.8995000000000001,0.10432442599212255,0.33333333333333326,0.0,0.0010000000000000009,0.005714886933258847,4.13,0.7057484028184604,2.97,0.8097262288308102,2.03,0.80972622883081,0.0,0.0,0.0,0.0,2.49,2.007536306073198,2.0,1.7174093715520917,17.51,2.007536306073198,5.0,0.0,30.0,0.0,6.0,0.0,1.5,0.0,0.63,0.7608474807008886
25.0,25.0,187.0,187.0,100,11.69,2.513378345389072,0.3896666666666666,0.08377927817963574,0.9005,0.10286182749472983,0.33333333333333326,0.0,0.0006666666666666665,0.004690176471209655,4.13,0.7057484028184604,2.97,0.8097262288308102,2.03,0.80972622883081,0.0,0.0,0.0,0.0,2.47,1.98201509539757,1.96,1.6692101803735282,17.53,1.9820150953975708,5.0,0.0,30.0,0.0,6.0,0.0,1.5,0.0,0.63,0.7608474807008886
25.0,25.0,188.0,188.0,100,11.68,2.506073430768547,0.3893333333333333,0.08353578102561827,0.9009999999999999,0.10248922091635004,0.33333333333333326,0.0,0.0003333333333333338,0.0033333333333333388,4.13,0.7057484028184604,2.96,0.8030245854570613,2.04,0.8030245854570613,0.0,0.0,0.0,0.0,2.46,1.976733352648947,1.94,1.6380574847154552,17.54,1.9767333526489477,5.0,0.0,30.0,0.0,6.0,0.0,1.5,0.0,0.63,0.7608474807008886
25.0,25.0,189.0,189.0,100,11.66,2.4586273578662716,0.38866666666666666,0.08195424526220906,0.902,0.09972689980870027,0.33333333333333326,0.0,0.0006666666666666665,0.004690176471209653,4.14,0.6966006928309252,2.95,0.7961396760860395,2.05,0.7961396760860395,0.0,0.0,0.0,0.0,2.44,1.9244309141754985,1.96,1.638674014333701,17.56,1.9244309141754996,5.0,0.0,30.0,0.0,6.0,0.0,1.5,0.0,0.63,0.7608474807008886
25.0,25.0,190.0,190.0,100,11.65,2.4592640765033345,0.3883333333333333,0.0819754692167778,0.9025,0.09984204697137544,0.33333333333333326,0.0,0.00033333333333333435,0.003333333333333344,4.15,0.7017294652672369,2.95,0.7961396760860395,2.05,0.7961396760860395,0.0,0.0,0.0,0.0,2.43,1.9293323281185213,1.95,1.6659089186544762,17.57,1.9293323281185224,5.0,0.0,30.0,0.0,6.0,0.0,1.5,0.0,0.63,0.7608474807008886
25.0,25.0,191.0,191.0,100,11.61,2.4241837114102274,0.38699999999999996,0.08080612371367427,0.9045000000000001,0.09798345562265895,0.33333333333333326,0.0,0.0013333333333333348,0.006564879518897752,4.16,0.6922368952836299,2.95,0.7961396760860395,2.05,0.7961396760860395,0.0,0.0,0.0,0.0,2.39,1.895742172300438,1.94,1.6625403465902426,17.61,1.8957421723004382,5.0,0.0,30.0,0.0,6.0,0.0,1.5,0.0,0.63,0.7608474807008886
25.0,25.0,192.0,192.0,100,11.6,2.4037008503093262,0.38666666666666666,0.08012336167697759,0.905,0.09679197729505719,0.33333333333333326,0.0,0.00033333333333333327,0.0033333333333333335,4.17,0.6971080231639828,2.95,0.7961396760860395,2.05,0.7961396760860395,0.0,0.0,0.0,0.0,2.38,1.8736880932287183,1.92,1.6433520805372357,17.62,1.8736880932287177,5.0,0.0,30.0,0.0,6.0,0.0,1.5,0.0,0.63,0.7608474807008886
25.0,25.0,193.0,193.0,100,11.58,2.39182108043392,0.38599999999999995,0.07972736934779731,0.9059999999999999,0.0962110474767095,0.33333333333333326,0.0,0.0006666666666666665,0.006666666666666665,4.17,0.6971080231639828,2.95,0.7961396760860395,2.05,0.7961396760860395,0.0,0.0,0.0,0.0,2.36,1.866883104335278,1.91,1.6397523833761851,17.64,1.8668831043352783,5.0,0.0,30.0,0.0,6.0,0.0,1.5,0.0,0.63,0.7608474807008886
25.0,25.0,194.0,194.0,100,11.58,2.39182108043392,0.38599999999999995,0.07972736934779731,0.9059999999999999,0.0962110474767095,0.33333333333333326,0.0,0.0,0.0,4.17,0.6971080231639828,2.95,0.7961396760860395,2.05,0.7961396760860395,0.0,0.0,0.0,0.0,2.36,1.866883104335278,1.86,1.6144549069158445,17.64,1.8668831043352783,5.0,0.0,30.0,0.0,6.0,0.0,1.5,0.0,0.63,0.7608474807008886
25.0,25.0,195.0,195.0,100,11.54,2.397052061566161,0.3846666666666666,0.07990173538553876,0.907,0.09508635097328186,0.33333333333333326,0.0,0.0013333333333333335,0.006564879518897745,4.17,0.6971080231639828,2.94,0.789066703534158,2.06,0.789066703534158,0.0,0.0,0.0,0.0,2.32,1.8579884854651854,1.83,1.6209175603261683,17.68,1.8579884854651856,5.0,0.0,30.0,0.0,6.0,0.0,1.5,0.0,0.63,0.7608474807008886
25.0,25.0,196.0,196.0,100,11.53,2.4014095187551154,0.3843333333333333,0.08004698395850386,0.9075,0.09544552626943013,0.33333333333333326,0.0,0.0003333333333333327,0.0033333333333333266,4.17,0.6971080231639828,2.94,0.789066703534158,2.05,0.7961396760860395,0.01,0.09999999999999999,0.01,0.09999999999999999,2.3,1.8721780110476955,1.81,1.6186726074475373,17.7,1.8721780110476958,5.0,0.0,30.0,0.0,6.0,0.0,1.5,0.0,0.63,0.7608474807008886
25.0,25.0,197.0,197.0,100,11.51,2.3889264737470888,0.38366666666666666,0.07963088245823627,0.9085,0.09482972512707584,0.33333333333333326,0.0,0.0006666666666666665,0.004690176471209653,4.17,0.6971080231639828,2.94,0.789066703534158,2.06,0.789066703534158,0.0,0.0,0.0,0.0,2.29,1.8602432772368913,1.81,1.6186726074475373,17.71,1.8602432772368915,5.0,0.0,30.0,0.0,6.0,0.0,1.5,0.0,0.63,0.7608474807008886
25.0,25.0,198.0,198.0,100,11.49,2.3634207360852146,0.38299999999999995,0.07878069120284048,0.9095,0.09339148621244711,0.33333333333333326,0.0,0.000666666666666666,0.004690176471209649,4.18,0.687257762650399,2.94,0.789066703534158,2.06,0.789066703534158,0.0,0.0,0.0,0.0,2.27,1.8304660774256547,1.78,1.5736466046618078,17.73,1.8304660774256543,5.0,0.0,30.0,0.0,6.0,0.0,1.5,0.0,0.63,0.7608474807008886
25.0,25.0,199.0,199.0,100,11.45,2.35004835540192,0.38166666666666665,0.07833494518006404,0.9109999999999999,0.09172312311043121,0.33333333333333326,0.0,0.0013333333333333322,0.006564879518897742,4.18,0.687257762650399,2.93,0.794615719334913,2.06,0.789066703534158,0.01,0.1,0.01,0.1,2.23,1.8026635736032273,1.75,1.5787413475374117,17.77,1.8026635736032277,5.0,0.0,30.0,0.0,6.0,0.0,1.5,0.0,0.63,0.7608474807008886
25.0,25.0,200.0,200.0,100,11.45,2.35004835540192,0.38166666666666665,0.07833494518006404,0.9109999999999999,0.09172312311043121,0.33333333333333326,0.0,0.0,0.0,4.18,0.687257762650399,2.93,0.794615719334913,2.07,0.794615719334913,0.0,0.0,0.0,0.0,2.24,1.804147858394509,1.72,1.5639886847610525,17.76,1.804147858394509,5.0,0.0,30.0,0.0,6.0,0.0,1.5,0.0,0.63,0.7608474807008886
25.0,25.0,201.0,201.0,100,11.43,2.3409184073561797,0.38099999999999995,0.0780306135785393,0.912,0.09132028219072662,0.33333333333333326,0.0,0.0006666666666666682,0.004690176471209665,4.19,0.6918720031095843,2.93,0.794615719334913,2.07,0.794615719334913,0.0,0.0,0.0,0.0,2.22,1.8011219847751578,1.72,1.5639886847610525,17.78,1.8011219847751574,5.0,0.0,30.0,0.0,6.0,0.0,1.5,0.0,0.63,0.7608474807008886
25.0,25.0,202.0,202.0,100,11.43,2.3409184073561797,0.38099999999999995,0.0780306135785393,0.912,0.09132028219072662,0.33333333333333326,0.0,0.0,0.0,4.19,0.6918720031095843,2.93,0.794615719334913,2.07,0.794615719334913,0.0,0.0,0.0,0.0,2.22,1.8011219847751578,1.73,1.5689860329898324,17.78,1.8011219847751574,5.0,0.0,30.0,0.0,6.0,0.0,1.5,0.0,0.63,0.7608474807008886
25.0,25.0,203.0,203.0,100,11.42,2.3362752017221373,0.38066666666666665,0.0778758400574046,0.9125,0.0911140366615796,0.33333333333333326,0.0,0.0003333333333333327,0.003333333333333328,4.19,0.6918720031095843,2.93,0.794615719334913,2.07,0.794615719334913,0.0,0.0,0.0,0.0,2.21,1.7995229446391696,1.71,1.5393492000179687,17.79,1.7995229446391696,5.0,0.0,30.0,0.0,6.0,0.0,1.5,0.0,0.63,0.7608474807008886
25.0,25.0,204.0,204.0,100,11.4,2.3527332053068695,0.38,0.07842444017689566,0.9129999999999999,0.0911819138543462,0.33333333333333326,0.0,0.0006666666666666674,0.004690176471209661,4.19,0.6918720031095843,2.91,0.8052228501376736,2.08,0.7999999999999999,0.01,0.09999999999999999,0.01,0.09999999999999999,2.19,1.8073642844113238,1.71,1.5393492000179687,17.81,1.8073642844113238,5.0,0.0,30.0,0.0,6.0,0.0,1.5,0.0,0.63,0.7608474807008886
25.0,25.0,205.0,205.0,100,11.38,2.3816639629307974,0.3793333333333333,0.07938879876435993,0.9135,0.09152330387128267,0.33333333333333326,0.0,0.0006666666666666668,0.0046901764712096545,4.19,0.6918720031095843,2.91,0.8052228501376736,2.09,0.8052228501376736,0.0,0.0,0.0,0.0,2.18,1.8111885711885558,1.7,1.5406937962286253,17.82,1.8111885711885558,5.0,0.0,30.0,0.0,6.0,0.0,1.5,0.0,0.63,0.7608474807008886
25.0,25.0,206.0,206.0,100,11.35,2.379945674619783,0.3783333333333333,0.07933152248732613,0.915,0.09170109546287279,0.33333333333333326,0.0,0.0009999999999999998,0.0057148869332588415,4.2,0.6963106238227912,2.91,0.8052228501376736,2.09,0.8052228501376736,0.0,0.0,0.0,0.0,2.15,1.7943514064131834,1.68,1.5431831198578283,17.85,1.7943514064131831,5.0,0.0,30.0,0.0,6.0,0.0,1.5,0.0,0.63,0.7608474807008886
25.0,25.0,207.0,207.0,100,11.33,2.361539473917107,0.37766666666666665,0.0787179824639036,0.9159999999999999,0.09069874655287481,0.33333333333333326,0.0,0.0006666666666666676,0.0046901764712096615,4.2,0.6963106238227912,2.9,0.7849596270902193,2.1,0.7849596270902193,0.0,0.0,0.0,0.0,2.13,1.778973713900089,1.68,1.5300359802991892,17.87,1.7789737139000887,5.0,0.0,30.0,0.0,6.0,0.0,1.5,0.0,0.63,0.7608474807008886
25.0,25.0,208.0,208.0,100,11.32,2.3735920866777835,0.37733333333333335,0.0791197362225928,0.9159999999999999,0.09069874655287481,0.33333333333333326,0.0,0.0003333333333333338,0.003333333333333339,4.2,0.6963106238227912,2.9,0.7849596270902193,2.1,0.7849596270902193,0.0,0.0,0.0,0.0,2.12,1.7711492588061843,1.65,1.5200677815828016,17.88,1.771149258806185,5.0,0.0,30.0,0.0,6.0,0.0,1.5,0.0,0.63,0.7608474807008886
25.0,25.0,209.0,209.0,100,11.29,2.353999390678157,0.37633333333333335,0.07846664635593857,0.9175,0.08971757032065912,0.33333333333333326,0.0,0.0010000000000000002,0.005714886933258843,4.2,0.6963106238227912,2.9,0.7849596270902193,2.1,0.7849596270902193,0.0,0.0,0.0,0.0,2.09,1.758643876067091,1.64,1.5210310166250238,17.91,1.7586438760670922,5.0,0.0,30.0,0.0,6.0,0.0,1.5,0.0,0.63,0.7608474807008886
25.0,25.0,210.0,210.0,100,11.29,2.353999390678157,0.37633333333333335,0.07846664635593857,0.9175,0.08971757032065912,0.33333333333333326,0.0,0.0,0.0,4.2,0.6963106238227912,2.9,0.7849596270902193,2.1,0.7849596270902193,0.0,0.0,0.0,0.0,2.09,1.758643876067091,1.63,1.515275752482236,17.91,1.7586438760670922,5.0,0.0,30.0,0.0,6.0,0.0,1.5,0.0,0.63,0.7608474807008886
25.0,25.0,211.0,211.0,100,11.23,2.347812220392044,0.3743333333333333,0.07826040734640151,0.92,0.08932971498777985,0.33333333333333326,0.0,0.001999999999999999,0.00925993263544714,4.22,0.6901910144037202,2.9,0.7849596270902193,2.1,0.7849596270902193,0.0,0.0,0.0,0.0,2.04,1.7344984429179662,1.6,1.5242153139344599,17.96,1.7344984429179653,5.0,0.0,30.0,0.0,6.0,0.0,1.5,0.0,0.63,0.7608474807008886
25.0,25.0,212.0,212.0,100,11.17,2.2964839176093497,0.3723333333333333,0.07654946392031164,0.9229999999999999,0.08657920995227197,0.33333333333333326,0.0,0.0020000000000000018,0.009259932635447147,4.22,0.6901910144037202,2.88,0.7821235015757879,2.12,0.7821235015757879,0.0,0.0,0.0,0.0,1.98,1.6816298010795327,1.58,1.512106030166088,18.02,1.6816298010795323,5.0,0.0,30.0,0.0,6.0,0.0,1.5,0.0,0.63,0.7608474807008886
25.0,25.0,213.0,213.0,100,11.16,2.277336739760422,0.37199999999999994,0.07591122465868072,0.9235,0.08541491129016683,0.33333333333333326,0.0,0.00033333333333333327,0.0033333333333333335,4.22,0.6901910144037202,2.88,0.7821235015757879,2.12,0.7821235015757879,0.0,0.0,0.0,0.0,1.97,1.6603212540549692,1.58,1.512106030166088,18.03,1.6603212540549699,5.0,0.0,30.0,0.0,6.0,0.0,1.5,0.0,0.63,0.7608474807008886
25.0,25.0,214.0,214.0,100,11.14,2.305110703097652,0.37133333333333335,0.07683702343658842,0.924,0.08542230210530329,0.33333333333333326,0.0,0.0006666666666666674,0.004690176471209659,4.22,0.6901910144037202,2.88,0.7821235015757879,2.12,0.7821235015757879,0.0,0.0,0.0,0.0,1.95,1.6659089186544758,1.56,1.5197022568565688,18.05,1.6659089186544762,5.0,0.0,30.0,0.0,6.0,0.0,1.5,0.0,0.63,0.7608474807008886
25.0,25.0,215.0,215.0,100,11.14,2.305110703097652,0.37133333333333335,0.07683702343658842,0.924,0.08542230210530329,0.33333333333333326,0.0,0.0,0.0,4.22,0.6901910144037202,2.88,0.7821235015757879,2.12,0.7821235015757879,0.0,0.0,0.0,0.0,1.95,1.6659089186544758,1.55,1.5266984249707212,18.05,1.6659089186544762,5.0,0.0,30.0,0.0,6.0,0.0,1.5,0.0,0.63,0.7608474807008886
25.0,25.0,216.0,216.0,100,11.13,2.303510715443194,0.37099999999999994,0.07678369051477317,0.9245,0.08542673628746024,0.33333333333333326,0.0,0.00033333333333333435,0.0033333333333333444,4.22,0.6901910144037202,2.87,0.7869516689688948,2.12,0.7821235015757879,0.01,0.1,0.01,0.1,1.94,1.6625403465902424,1.55,1.5266984249707212,18.06,1.6625403465902429,5.0,0.0,30.0,0.0,6.0,0.0,1.5,0.0,0.63,0.7608474807008886
25.0,25.0,217.0,217.0,100,11.1,2.311586975096188,0.37,0.07705289916987294,0.925,0.08453676505795954,0.33333333333333326,0.0,0.0010000000000000009,0.005714886933258846,4.22,0.6901910144037202,2.87,0.7869516689688948,2.13,0.7869516689688948,0.0,0.0,0.0,0.0,1.92,1.6494872175340072,1.57,1.5192701597088711,18.08,1.6494872175340072,5.0,0.0,30.0,0.0,6.0,0.0,1.5,0.0,0.63,0.7608474807008886
25.0,25.0,218.0,218.0,100,11.08,2.321093437902651,0.3693333333333333,0.07736978126342171,0.9255,0.08393570170196958,0.33333333333333326,0.0,0.0006666666666666668,0.0046901764712096545,4.22,0.6901910144037202,2.87,0.7869516689688948,2.13,0.7869516689688948,0.0,0.0,0.0,0.0,1.9,1.6483845780556545,1.57,1.5126069542282947,18.1,1.6483845780556545,5.0,0.0,30.0,0.0,6.0,0.0,1.5,0.0,0.63,0.7608474807008886
25.0,25.0,219.0,219.0,100,11.05,2.2890825651118374,0.3683333333333333,0.0763027521703946,0.927,0.08208765947682903,0.33333333333333326,0.0,0.0009999999999999992,0.005714886933258837,4.23,0.6942039987778748,2.87,0.7869516689688948,2.13,0.7869516689688948,0.0,0.0,0.0,0.0,1.87,1.6058919293927874,1.55,1.5134080878613145,18.13,1.6058919293927876,5.0,0.0,30.0,0.0,6.0,0.0,1.5,0.0,0.63,0.7608474807008886
25.0,25.0,220.0,220.0,100,11.04,2.2782236567780236,0.368,0.07594078855926746,0.9275,0.08145612935869839,0.33333333333333326,0.0,0.0003333333333333338,0.0033333333333333388,4.23,0.6942039987778748,2.87,0.7869516689688948,2.13,0.7869516689688948,0.0,0.0,0.0,0.0,1.86,1.5955746882733466,1.53,1.5072551813870745,18.14,1.5955746882733464,5.0,0.0,30.0,0.0,6.0,0.0,1.5,0.0,0.63,0.7608474807008886
25.0,25.0,221.0,221.0,100,11.03,2.2717189682500494,0.36766666666666664,0.07572396560833497,0.9279999999999999,0.08112840551753853,0.33333333333333326,0.0,0.0003333333333333327,0.003333333333333328,4.23,0.6942039987778748,2.87,0.7869516689688948,2.13,0.7869516689688948,0.0,0.0,0.0,0.0,1.85,1.591486186816676,1.52,1.5007069041359185,18.15,1.591486186816676,5.0,0.0,30.0,0.0,6.0,0.0,1.5,0.0,0.63,0.7608474807008886
25.0,25.0,222.0,222.0,100,11.03,2.2717189682500494,0.36766666666666664,0.07572396560833497,0.9279999999999999,0.08112840551753853,0.33333333333333326,0.0,0.0,0.0,4.23,0.6942039987778748,2.87,0.7869516689688948,2.13,0.7869516689688948,0.0,0.0,0.0,0.0,1.85,1.591486186816676,1.48,1.4939609070920132,18.15,1.591486186816676,5.0,0.0,30.0,0.0,6.0,0.0,1.5,0.0,0.63,0.7608474807008886
25.0,25.0,223.0,223.0,100,11.02,2.2562147616095967,0.3673333333333333,0.0752071587203199,0.9285,0.08016869839295256,0.33333333333333326,0.0,0.00033333333333333327,0.003333333333333333,4.23,0.6942039987778748,2.87,0.7869516689688948,2.13,0.7869516689688948,0.0,0.0,0.0,0.0,1.84,1.5745449879860272,1.47,1.4937918668322376,18.16,1.5745449879860278,5.0,0.0,30.0,0.0,6.0,0.0,1.5,0.0,0.63,0.7608474807008886
25.0,25.0,224.0,224.0,100,10.99,2.2629872096658237,0.36633333333333334,0.07543290698886082,0.9295,0.08043285674675768,0.33333333333333326,0.0,0.0010000000000000002,0.005714886933258843,4.23,0.6942039987778748,2.87,0.7869516689688948,2.13,0.7869516689688948,0.0,0.0,0.0,0.0,1.81,1.5871644240880993,1.45,1.4520970554979646,18.19,1.5871644240880995,5.0,0.0,30.0,0.0,6.0,0.0,1.5,0.0,0.63,0.7608474807008886
25.0,25.0,225.0,225.0,100,10.96,2.287073910197716,0.3653333333333333,0.07623579700659051,0.93,0.08008833506910612,0.33333333333333326,0.0,0.0009999999999999996,0.00571488693325884,4.23,0.6942039987778748,2.86,0.7916228058025278,2.14,0.7916228058025278,0.0,0.0,0.0,0.0,1.78,1.5864323738400188,1.45,1.4520970554979646,18.22,1.5864323738400188,5.0,0.0,30.0,0.0,6.0,0.0,1.5,0.0,0.63,0.7608474807008886
25.0,25.0,226.0,226.0,100,10.95,2.262451517422389,0.365,0.0754150505807463,0.9305,0.0784621764375239,0.33333333333333326,0.0,0.00033333333333333327,0.0033333333333333335,4.24,0.698049229834635,2.86,0.7916228058025278,2.14,0.7916228058025278,0.0,0.0,0.0,0.0,1.77,1.5560569177614072,1.42,1.436747167821265,18.23,1.5560569177614074,5.0,0.0,30.0,0.0,6.0,0.0,1.5,0.0,0.63,0.7608474807008886
25.0,25.0,227.0,227.0,100,10.93,2.248478722526981,0.3643333333333333,0.07494929075089937,0.9315000000000001,0.07773790464234175,0.33333333333333326,0.0,0.0006666666666666682,0.004690176471209666,4.24,0.698049229834635,2.86,0.7916228058025278,2.14,0.7916228058025278,0.0,0.0,0.0,0.0,1.75,1.5464197817585437,1.4,1.3998556924183148,18.25,1.5464197817585437,5.0,0.0,30.0,0.0,6.0,0.0,1.5,0.0,0.63,0.7608474807008886
25.0,25.0,228.0,228.0,100,10.91,2.238754162926381,0.3636666666666667,0.0746251387642127,0.9325,0.07732098908792717,0.33333333333333326,0.0,0.0006666666666666671,0.0066666666666666706,4.26,0.6907761700954347,2.86,0.7916228058025278,2.14,0.7916228058025278,0.0,0.0,0.0,0.0,1.74,1.5414803327196933,1.39,1.4062989609882985,18.26,1.5414803327196929,5.0,0.0,30.0,0.0,6.0,0.0,1.5,0.0,0.63,0.7608474807008886
25.0,25.0,229.0,229.0,100,10.89,2.21060346438878,0.363,0.07368678214629266,0.9335,0.07556353938804405,0.33333333333333326,0.0,0.000666666666666666,0.004690176471209649,4.27,0.6794977348874472,2.86,0.7916228058025278,2.14,0.7916228058025278,0.0,0.0,0.0,0.0,1.72,1.5114378731672846,1.38,1.412641340027806,18.28,1.511437873167284,5.0,0.0,30.0,0.0,6.0,0.0,1.5,0.0,0.63,0.7608474807008886
25.0,25.0,230.0,230.0,100,10.88,2.212361962822868,0.36266666666666664,0.07374539876076228,0.934,0.07583874439569233,0.33333333333333326,0.0,0.0003333333333333327,0.003333333333333328,4.27,0.6794977348874472,2.86,0.7916228058025278,2.14,0.7916228058025278,0.0,0.0,0.0,0.0,1.71,1.5195360801869426,1.36,1.3891353316710975,18.29,1.5195360801869424,5.0,0.0,30.0,0.0,6.0,0.0,1.5,0.0,0.63,0.7608474807008886
25.0,25.0,231.0,231.0,100,10.87,2.1957488771061993,0.3623333333333333,0.07319162923687329,0.9345,0.07477069322706967,0.33333333333333326,0.0,0.00033333333333333327,0.0033333333333333335,4.27,0.6794977348874472,2.86,0.7916228058025278,2.14,0.7916228058025278,0.0,0.0,0.0,0.0,1.7,1.500841514792702,1.34,1.357508115197947,18.3,1.5008415147927017,5.0,0.0,30.0,0.0,6.0,0.0,1.5,0.0,0.63,0.7608474807008886
25.0,25.0,232.0,232.0,100,10.86,2.192825767927048,0.36199999999999993,0.07309419226423494,0.935,0.07470480627649123,0.33333333333333326,0.0,0.00033333333333333435,0.0033333333333333444,4.27,0.6794977348874472,2.85,0.7833494518006403,2.15,0.7833494518006403,0.0,0.0,0.0,0.0,1.69,1.5021533365354707,1.31,1.3310207217080288,18.31,1.5021533365354702,5.0,0.0,30.0,0.0,6.0,0.0,1.5,0.0,0.63,0.7608474807008886
25.0,25.0,233.0,233.0,100,10.83,2.192986985641255,0.36099999999999993,0.07309956618804182,0.9365000000000001,0.07516144240395087,0.33333333333333326,0.0,0.0009999999999999998,0.005714886933258841,4.27,0.6794977348874472,2.84,0.7748574323087056,2.16,0.7748574323087056,0.0,0.0,0.0,0.0,1.66,1.5190374411036571,1.3,1.3371158468430435,18.34,1.5190374411036573,5.0,0.0,30.0,0.0,6.0,0.0,1.5,0.0,0.63,0.7608474807008886
25.0,25.0,234.0,234.0,100,10.81,2.2051134330290707,0.36033333333333334,0.07350378110096902,0.937,0.07508244626657909,0.33333333333333326,0.0,0.0006666666666666674,0.00469017647120966,4.28,0.6678776879493773,2.84,0.7748574323087056,2.16,0.7748574323087056,0.0,0.0,0.0,0.0,1.64,1.5276574791940023,1.29,1.3355663119955419,18.36,1.527657479194002,5.0,0.0,30.0,0.0,6.0,0.0,1.5,0.0,0.63,0.7608474807008886
25.0,25.0,235.0,235.0,100,10.81,2.2051134330290707,0.36033333333333334,0.07350378110096902,0.937,0.07508244626657909,0.33333333333333326,0.0,0.0,0.0,4.28,0.6678776879493773,2.84,0.7748574323087056,2.16,0.7748574323087056,0.0,0.0,0.0,0.0,1.64,1.5276574791940023,1.29,1.3355663119955419,18.36,1.527657479194002,5.0,0.0,30.0,0.0,6.0,0.0,1.5,0.0,0.63,0.7608474807008886
25.0,25.0,236.0,236.0,100,10.79,2.1986910706696436,0.35966666666666663,0.07328970235565481,0.938,0.07491409221315579,0.33333333333333326,0.0,0.0006666666666666655,0.004690176471209647,4.28,0.6678776879493773,2.83,0.7792122414154677,2.17,0.7792122414154677,0.0,0.0,0.0,0.0,1.62,1.5227566709057228,1.27,1.3092908096532354,18.38,1.5227566709057225,5.0,0.0,30.0,0.0,6.0,0.0,1.5,0.0,0.63,0.7608474807008886
25.0,25.0,237.0,237.0,100,10.79,2.1986910706696436,0.35966666666666663,0.07328970235565481,0.938,0.07491409221315579,0.33333333333333326,0.0,0.0,0.0,4.28,0.6678776879493773,2.83,0.7792122414154677,2.17,0.7792122414154677,0.0,0.0,0.0,0.0,1.62,1.5227566709057228,1.24,1.272236557636141,18.38,1.5227566709057225,5.0,0.0,30.0,0.0,6.0,0.0,1.5,0.0,0.63,0.7608474807008886
25.0,25.0,238.0,238.0,100,10.77,2.196668735916623,0.359,0.07322229119722079,0.9384999999999999,0.07448645731428177,0.33333333333333326,0.0,0.000666666666666666,0.00469017647120965,4.28,0.6678776879493773,2.83,0.7792122414154677,2.17,0.7792122414154677,0.0,0.0,0.0,0.0,1.6,1.5175738212786563,1.24,1.272236557636141,18.4,1.5175738212786565,5.0,0.0,30.0,0.0,6.0,0.0,1.5,0.0,0.63,0.7608474807008886
25.0,25.0,239.0,239.0,100,10.77,2.196668735916623,0.359,0.07322229119722079,0.9384999999999999,0.07448645731428177,0.33333333333333326,0.0,0.0,0.0,4.28,0.6678776879493773,2.83,0.7792122414154677,2.17,0.7792122414154677,0.0,0.0,0.0,0.0,1.6,1.5175738212786563,1.24,1.272236557636141,18.4,1.5175738212786565,5.0,0.0,30.0,0.0,6.0,0.0,1.5,0.0,0.63,0.7608474807008886
25.0,25.0,240.0,240.0,100,10.77,2.196668735916623,0.359,0.07322229119722079,0.9384999999999999,0.07448645731428177,0.33333333333333326,0.0,0.0,0.0,4.28,0.6678776879493773,2.83,0.7792122414154677,2.17,0.7792122414154677,0.0,0.0,0.0,0.0,1.6,1.5175738212786563,1.24,1.272236557636141,18.4,1.5175738212786565,5.0,0.0,30.0,0.0,6.0,0.0,1.5,0.0,0.63,0.7608474807008886
25.0,25.0,241.0,241.0,100,10.77,2.196668735916623,0.359,0.07322229119722079,0.9384999999999999,0.07448645731428177,0.33333333333333326,0.0,0.0,0.0,4.28,0.6678776879493773,2.83,0.7792122414154677,2.17,0.7792122414154677,0.0,0.0,0.0,0.0,1.6,1.5175738212786563,1.23,1.2780588184564678,18.4,1.5175738212786565,5.0,0.0,30.0,0.0,6.0,0.0,1.5,0.0,0.63,0.7608474807008886
25.0,25.0,242.0,242.0,100,10.76,2.207059380966246,0.3586666666666667,0.07356864603220821,0.9384999999999999,0.07448645731428177,0.33333333333333326,0.0,0.0003333333333333338,0.0033333333333333383,4.28,0.6678776879493773,2.83,0.7792122414154677,2.17,0.7792122414154677,0.0,0.0,0.0,0.0,1.59,1.5248447511637093,1.23,1.2780588184564678,18.41,1.524844751163709,5.0,0.0,30.0,0.0,6.0,0.0,1.5,0.0,0.63,0.7608474807008886
25.0,25.0,243.0,243.0,100,10.74,2.2230200587979816,0.358,0.0741006686265994,0.9390000000000001,0.07473184384750911,0.33333333333333326,0.0,0.0006666666666666657,0.004690176471209648,4.28,0.6678776879493773,2.83,0.7792122414154677,2.17,0.7792122414154677,0.0,0.0,0.0,0.0,1.57,1.492438855489141,1.22,1.2599502956365969,18.43,1.4924388554891412,5.0,0.0,30.0,0.0,6.0,0.0,1.5,0.0,0.63,0.7608474807008886
25.0,25.0,244.0,244.0,100,10.74,2.2230200587979816,0.358,0.0741006686265994,0.9390000000000001,0.07473184384750911,0.33333333333333326,0.0,0.0,0.0,4.28,0.6678776879493773,2.83,0.7792122414154677,2.17,0.7792122414154677,0.0,0.0,0.0,0.0,1.57,1.492438855489141,1.21,1.2414963275471782,18.43,1.4924388554891412,5.0,0.0,30.0,0.0,6.0,0.0,1.5,0.0,0.63,0.7608474807008886
25.0,25.0,245.0,245.0,100,10.7,2.2042200113840393,0.35666666666666663,0.07347400037946804,0.9405,0.07340733181117783,0.33333333333333326,0.0,0.0013333333333333352,0.006564879518897754,4.29,0.6558978733019494,2.82,0.7834139223535499,2.18,0.7834139223535499,0.0,0.0,0.0,0.0,1.53,1.4664944802507984,1.21,1.2414963275471782,18.47,1.4664944802507989,5.0,0.0,30.0,0.0,6.0,0.0,1.5,0.0,0.63,0.7608474807008886
25.0,25.0,246.0,246.0,100,10.67,2.155823684250583,0.35566666666666663,0.07186078947501943,0.9420000000000001,0.07025207139546519,0.33333333333333326,0.0,0.0010000000000000009,0.005714886933258846,4.29,0.6558978733019494,2.82,0.7834139223535499,2.18,0.7834139223535499,0.0,0.0,0.0,0.0,1.5,1.4106377954311977,1.21,1.2414963275471782,18.5,1.4106377954311984,5.0,0.0,30.0,0.0,6.0,0.0,1.5,0.0,0.63,0.7608474807008886
25.0,25.0,247.0,247.0,100,10.63,2.1445491155697294,0.3543333333333333,0.071484970518991,0.9440000000000001,0.07009373233842889,0.33333333333333326,0.0,0.0013333333333333324,0.0065648795188977425,4.32,0.649475312708791,2.82,0.7834139223535499,2.18,0.7834139223535499,0.0,0.0,0.0,0.0,1.46,1.41006483123395,1.17,1.2148492029295594,18.54,1.4100648312339499,5.0,0.0,30.0,0.0,6.0,0.0,1.5,0.0,0.63,0.7608474807008886
25.0,25.0,248.0,248.0,100,10.61,2.140966457873027,0.3536666666666667,0.07136554859576756,0.945,0.07017294652672368,0.33333333333333326,0.0,0.0006666666666666671,0.004690176471209658,4.33,0.6365151334819268,2.82,0.7834139223535499,2.18,0.7834139223535499,0.0,0.0,0.0,0.0,1.44,1.4164973160809895,1.13,1.2115187896924162,18.56,1.4164973160809895,5.0,0.0,30.0,0.0,6.0,0.0,1.5,0.0,0.63,0.7608474807008886
25.0,25.0,249.0,249.0,100,10.57,2.156760571230882,0.3523333333333333,0.0718920190410294,0.9455,0.0693020762876393,0.33333333333333326,0.0,0.001333333333333334,0.008095945417985407,4.33,0.6365151334819268,2.82,0.7834139223535499,2.18,0.7834139223535499,0.0,0.0,0.0,0.0,1.41,1.3787345977051173,1.12,1.2,18.59,1.378734597705117,5.0,0.0,30.0,0.0,6.0,0.0,1.5,0.0,0.63,0.7608474807008886
25.0,25.0,250.0,250.0,100,10.57,2.156760571230882,0.3523333333333333,0.0718920190410294,0.9455,0.0693020762876393,0.33333333333333326,0.0,0.0,0.0,4.33,0.6365151334819268,2.82,0.7834139223535499,2.18,0.7834139223535499,0.0,0.0,0.0,0.0,1.41,1.3787345977051173,1.12,1.2,18.59,1.378734597705117,5.0,0.0,30.0,0.0,6.0,0.0,1.5,0.0,0.63,0.7608474807008886
25.0,25.0,251.0,251.0,100,10.55,2.1479377001292113,0.3516666666666666,0.07159792333764037,0.9465,0.06899531531454534,0.33333333333333326,0.0,0.0006666666666666655,0.004690176471209646,4.34,0.6391281940932104,2.82,0.7834139223535499,2.18,0.7834139223535499,0.0,0.0,0.0,0.0,1.39,1.3772685601830483,1.12,1.2,18.61,1.3772685601830477,5.0,0.0,30.0,0.0,6.0,0.0,1.5,0.0,0.63,0.7608474807008886
25.0,25.0,252.0,252.0,100,10.54,2.133996109166883,0.35133333333333333,0.07113320363889608,0.9470000000000001,0.06809826530370458,0.33333333333333326,0.0,0.0003333333333333338,0.003333333333333339,4.34,0.6391281940932104,2.82,0.7834139223535499,2.18,0.7834139223535499,0.0,0.0,0.0,0.0,1.38,1.3616686139224237,1.09,1.1814645935696024,18.62,1.3616686139224234,5.0,0.0,30.0,0.0,6.0,0.0,1.5,0.0,0.63,0.7608474807008886
25.0,25.0,253.0,253.0,100,10.51,2.134351082988585,0.35033333333333333,0.0711450360996195,0.9484999999999999,0.06870188858357167,0.33333333333333326,0.0,0.000999999999999998,0.005714886933258831,4.36,0.6438520439863916,2.82,0.7834139223535499,2.18,0.7834139223535499,0.0,0.0,0.0,0.0,1.35,1.3807844352271856,1.07,1.1742609969205693,18.65,1.3807844352271852,5.0,0.0,30.0,0.0,6.0,0.0,1.5,0.0,0.63,0.7608474807008886
25.0,25.0,254.0,254.0,100,10.51,2.134351082988585,0.35033333333333333,0.0711450360996195,0.9484999999999999,0.06870188858357167,0.33333333333333326,0.0,0.0,0.0,4.36,0.6438520439863916,2.82,0.7834139223535499,2.18,0.7834139223535499,0.0,0.0,0.0,0.0,1.35,1.3807844352271856,1.04,1.1184404726712507,18.65,1.3807844352271852,5.0,0.0,30.0,0.0,6.0,0.0,1.5,0.0,0.63,0.7608474807008886
25.0,25.0,255.0,255.0,100,10.49,2.1201057720898,0.3496666666666666,0.07067019240299331,0.9495,0.06797764041182656,0.33333333333333326,0.0,0.0006666666666666671,0.004690176471209659,4.36,0.6438520439863916,2.81,0.7874649262672023,2.19,0.7874649262672023,0.0,0.0,0.0,0.0,1.33,1.371094084991614,1.04,1.1184404726712507,18.67,1.3710940849916138,5.0,0.0,30.0,0.0,6.0,0.0,1.5,0.0,0.63,0.7608474807008886
25.0,25.0,256.0,256.0,100,10.46,2.076418828539934,0.3486666666666667,0.06921396095133112,0.951,0.06512614023120164,0.33333333333333326,0.0,0.0009999999999999998,0.0074233834451204565,4.36,0.6438520439863916,2.81,0.7874649262672023,2.19,0.7874649262672023,0.0,0.0,0.0,0.0,1.3,1.3219208552234691,1.03,1.0959521481849064,18.7,1.321920855223469,5.0,0.0,30.0,0.0,6.0,0.0,1.5,0.0,0.63,0.7608474807008886
25.0,25.0,257.0,257.0,100,10.45,2.071329051697011,0.3483333333333333,0.06904430172323371,0.9515,0.06492225342591695,0.33333333333333326,0.0,0.00033333333333333435,0.003333333333333344,4.36,0.6438520439863916,2.81,0.7874649262672023,2.19,0.7874649262672023,0.0,0.0,0.0,0.0,1.29,1.3203534880225578,1.02,1.0915654591068513,18.71,1.3203534880225567,5.0,0.0,30.0,0.0,6.0,0.0,1.5,0.0,0.63,0.7608474807008886
25.0,25.0,258.0,258.0,100,10.44,2.06617785030498,0.348,0.06887259501016602,0.9520000000000001,0.06471382223203008,0.33333333333333326,0.0,0.00033333333333333435,0.0033333333333333444,4.36,0.6438520439863916,2.81,0.7874649262672023,2.19,0.7874649262672023,0.0,0.0,0.0,0.0,1.28,1.3187076624445229,1.0,1.1009637651263606,18.72,1.3187076624445229,5.0,0.0,30.0,0.0,6.0,0.0,1.5,0.0,0.63,0.7608474807008886
25.0,25.0,259.0,259.0,100,10.44,2.06617785030498,0.348,0.06887259501016602,0.9520000000000001,0.06471382223203008,0.33333333333333326,0.0,0.0,0.0,4.36,0.6438520439863916,2.81,0.7874649262672023,2.19,0.7874649262672023,0.0,0.0,0.0,0.0,1.28,1.3187076624445229,1.0,1.1009637651263606,18.72,1.3187076624445229,5.0,0.0,30.0,0.0,6.0,0.0,1.5,0.0,0.63,0.7608474807008886
25.0,25.0,260.0,260.0,100,10.44,2.06617785030498,0.348,0.06887259501016602,0.9520000000000001,0.06471382223203008,0.33333333333333326,0.0,0.0,0.0,4.36,0.6438520439863916,2.81,0.7874649262672023,2.19,0.7874649262672023,0.0,0.0,0.0,0.0,1.28,1.3187076624445229,1.0,1.1009637651263606,18.72,1.3187076624445229,5.0,0.0,30.0,0.0,6.0,0.0,1.5,0.0,0.63,0.7608474807008886
25.0,25.0,261.0,261.0,100,10.44,2.06617785030498,0.348,0.06887259501016602,0.9520000000000001,0.06471382223203008,0.33333333333333326,0.0,0.0,0.0,4.36,0.6438520439863916,2.81,0.7874649262672023,2.19,0.7874649262672023,0.0,0.0,0.0,0.0,1.28,1.3187076624445229,0.99,1.105495912304162,18.72,1.3187076624445229,5.0,0.0,30.0,0.0,6.0,0.0,1.5,0.0,0.63,0.7608474807008886
25.0,25.0,262.0,262.0,100,10.42,2.0458383478306743,0.34733333333333327,0.06819461159435583,0.953,0.06349262265266045,0.33333333333333326,0.0,0.0006666666666666682,0.0046901764712096675,4.37,0.6301354672375671,2.81,0.7874649262672023,2.19,0.7874649262672023,0.0,0.0,0.0,0.0,1.26,1.299728021277117,0.99,1.105495912304162,18.74,1.2997280212771163,5.0,0.0,30.0,0.0,6.0,0.0,1.5,0.0,0.63,0.7608474807008886
25.0,25.0,263.0,263.0,100,10.42,2.0458383478306743,0.34733333333333327,0.06819461159435583,0.953,0.06349262265266045,0.33333333333333326,0.0,0.0,0.0,4.37,0.6301354672375671,2.81,0.7874649262672023,2.19,0.7874649262672023,0.0,0.0,0.0,0.0,1.26,1.299728021277117,0.98,1.0915654591068513,18.74,1.2997280212771163,5.0,0.0,30.0,0.0,6.0,0.0,1.5,0.0,0.63,0.7608474807008886
25.0,25.0,264.0,264.0,100,10.42,2.0458383478306743,0.34733333333333327,0.06819461159435583,0.953,0.06349262265266045,0.33333333333333326,0.0,0.0,0.0,4.37,0.6301354672375671,2.81,0.7874649262672023,2.19,0.7874649262672023,0.0,0.0,0.0,0.0,1.26,1.299728021277117,0.98,1.0915654591068513,18.74,1.2997280212771163,5.0,0.0,30.0,0.0,6.0,0.0,1.5,0.0,0.63,0.7608474807008886
25.0,25.0,265.0,265.0,100,10.4,2.064612860229797,0.3466666666666666,0.06882042867432656,0.9534999999999999,0.06366539741714355,0.33333333333333326,0.0,0.0006666666666666657,0.00469017647120965,4.37,0.6301354672375671,2.81,0.7874649262672023,2.19,0.7874649262672023,0.0,0.0,0.0,0.0,1.24,1.303608046689625,0.98,1.0915654591068513,18.76,1.3036080466896247,5.0,0.0,30.0,0.0,6.0,0.0,1.5,0.0,0.63,0.7608474807008886
25.0,25.0,266.0,266.0,100,10.39,2.07386332503111,0.3463333333333333,0.06912877750103699,0.9534999999999999,0.06366539741714355,0.33333333333333326,0.0,0.0003333333333333338,0.003333333333333339,4.37,0.6301354672375671,2.81,0.7874649262672023,2.19,0.7874649262672023,0.0,0.0,0.0,0.0,1.23,1.2859379314867274,0.97,1.0773611607567217,18.77,1.2859379314867274,5.0,0.0,30.0,0.0,6.0,0.0,1.5,0.0,0.63,0.7608474807008886
25.0,25.0,267.0,267.0,100,10.39,2.07386332503111,0.3463333333333333,0.06912877750103699,0.9534999999999999,0.06366539741714355,0.33333333333333326,0.0,0.0,0.0,4.37,0.6301354672375671,2.81,0.7874649262672023,2.19,0.7874649262672023,0.0,0.0,0.0,0.0,1.23,1.2859379314867274,0.95,1.0859525446781406,18.77,1.2859379314867274,5.0,0.0,30.0,0.0,6.0,0.0,1.5,0.0,0.63,0.7608474807008886
25.0,25.0,268.0,268.0,100,10.39,2.07386332503111,0.3463333333333333,0.06912877750103699,0.9534999999999999,0.06366539741714355,0.33333333333333326,0.0,0.0,0.0,4.37,0.6301354672375671,2.81,0.7874649262672023,2.19,0.7874649262672023,0.0,0.0,0.0,0.0,1.23,1.2859379314867274,0.94,1.0807778717575633,18.77,1.2859379314867274,5.0,0.0,30.0,0.0,6.0,0.0,1.5,0.0,0.63,0.7608474807008886
25.0,25.0,269.0,269.0,100,10.39,2.07386332503111,0.3463333333333333,0.06912877750103699,0.9534999999999999,0.06366539741714355,0.33333333333333326,0.0,0.0,0.0,4.37,0.6301354672375671,2.81,0.7874649262672023,2.19,0.7874649262672023,0.0,0.0,0.0,0.0,1.23,1.2859379314867274,0.94,1.0807778717575633,18.77,1.2859379314867274,5.0,0.0,30.0,0.0,6.0,0.0,1.5,0.0,0.63,0.7608474807008886
25.0,25.0,270.0,270.0,100,10.39,2.07386332503111,0.3463333333333333,0.06912877750103699,0.9534999999999999,0.06366539741714355,0.33333333333333326,0.0,0.0,0.0,4.37,0.6301354672375671,2.81,0.7874649262672023,2.19,0.7874649262672023,0.0,0.0,0.0,0.0,1.23,1.2859379314867274,0.94,1.0807778717575633,18.77,1.2859379314867274,5.0,0.0,30.0,0.0,6.0,0.0,1.5,0.0,0.63,0.7608474807008886
25.0,25.0,271.0,271.0,100,10.38,2.053722906766582,0.3459999999999999,0.06845743022555272,0.9540000000000001,0.06223124032772666,0.33333333333333326,0.0,0.00033333333333333327,0.0033333333333333335,4.37,0.6301354672375671,2.81,0.7874649262672023,2.19,0.7874649262672023,0.0,0.0,0.0,0.0,1.22,1.2599502956365973,0.93,1.066050958662224,18.78,1.2599502956365969,5.0,0.0,30.0,0.0,6.0,0.0,1.5,0.0,0.63,0.7608474807008886
25.0,25.0,272.0,272.0,100,10.37,2.038294989604415,0.3456666666666666,0.0679431663201472,0.9545,0.06117329251537566,0.33333333333333326,0.0,0.0003333333333333338,0.0033333333333333388,4.37,0.6301354672375671,2.81,0.7874649262672023,2.19,0.7874649262672023,0.0,0.0,0.0,0.0,1.21,1.2414963275471782,0.9,1.049290284435199,18.79,1.2414963275471782,5.0,0.0,30.0,0.0,6.0,0.0,1.5,0.0,0.63,0.7608474807008886
25.0,25.0,273.0,273.0,100,10.3,2.0125866566448884,0.34333333333333327,0.06708622188816296,0.9575,0.05833333333333332,0.33333333333333326,0.0,0.002333333333333335,0.009772955652070101,4.41,0.6210938542262158,2.81,0.7874649262672023,2.19,0.7874649262672023,0.0,0.0,0.0,0.0,1.14,1.2062128729828308,0.9,1.049290284435199,18.86,1.2062128729828308,5.0,0.0,30.0,0.0,6.0,0.0,1.5,0.0,0.63,0.7608474807008886
25.0,25.0,274.0,274.0,100,10.28,2.020500987979031,0.3426666666666667,0.06735003293263439,0.958,0.058049091032478455,0.33333333333333326,0.0,0.0006666666666666674,0.004690176471209659,4.41,0.6210938542262158,2.81,0.7874649262672023,2.19,0.7874649262672023,0.0,0.0,0.0,0.0,1.12,1.1915527599724571,0.9,1.049290284435199,18.88,1.191552759972457,5.0,0.0,30.0,0.0,6.0,0.0,1.5,0.0,0.63,0.7608474807008886
25.0,25.0,275.0,275.0,100,10.26,2.0031288656812007,0.34199999999999997,0.06677096218937335,0.9590000000000001,0.05702205846437984,0.33333333333333326,0.0,0.0006666666666666665,0.004690176471209653,4.41,0.6210938542262158,2.81,0.7874649262672023,2.19,0.7874649262672023,0.0,0.0,0.0,0.0,1.1,1.1763666026534343,0.89,1.043449988637634,18.9,1.176366602653435,5.0,0.0,30.0,0.0,6.0,0.0,1.5,0.0,0.63,0.7608474807008886
25.0,25.0,276.0,276.0,100,10.25,2.0018930434905258,0.3416666666666666,0.06672976811635084,0.9595,0.05716138768805603,0.33333333333333326,0.0,0.0003333333333333327,0.0033333333333333266,4.41,0.6210938542262158,2.81,0.7874649262672023,2.19,0.7874649262672023,0.0,0.0,0.0,0.0,1.09,1.1814645935696024,0.88,1.0374794631045168,18.91,1.1814645935696027,5.0,0.0,30.0,0.0,6.0,0.0,1.5,0.0,0.63,0.7608474807008886
25.0,25.0,277.0,277.0,100,10.23,1.9942087871806926,0.34099999999999997,0.0664736262393564,0.9605,0.05698440332426257,0.33333333333333326,0.0,0.0006666666666666671,0.006666666666666672,4.43,0.6072790781740128,2.81,0.7874649262672023,2.19,0.7874649262672023,0.0,0.0,0.0,0.0,1.08,1.160633752339948,0.88,1.0374794631045168,18.92,1.160633752339948,5.0,0.0,30.0,0.0,6.0,0.0,1.5,0.0,0.63,0.7608474807008886
25.0,25.0,278.0,278.0,100,10.2,1.964328347956588,0.34,0.06547761159855293,0.9620000000000001,0.05510320894796998,0.33333333333333326,0.0,0.0009999999999999992,0.005714886933258837,4.43,0.6072790781740128,2.81,0.7874649262672023,2.19,0.7874649262672023,0.0,0.0,0.0,0.0,1.05,1.131504763712036,0.88,1.0374794631045168,18.95,1.1315047637120361,5.0,0.0,30.0,0.0,6.0,0.0,1.5,0.0,0.63,0.7608474807008886
25.0,25.0,279.0,279.0,100,10.19,1.9368567684302678,0.3396666666666666,0.06456189228100895,0.9625,0.052883997312203765,0.33333333333333326,0.0,0.00033333333333333327,0.0033333333333333322,4.44,0.6083592771553749,2.81,0.7874649262672023,2.19,0.7874649262672023,0.0,0.0,0.0,0.0,1.04,1.0910100963341403,0.87,1.031376446181206,18.96,1.0910100963341403,5.0,0.0,30.0,0.0,6.0,0.0,1.5,0.0,0.63,0.7608474807008886
25.0,25.0,280.0,280.0,100,10.18,1.935213297042603,0.3393333333333333,0.06450710990142014,0.963,0.05300085762599421,0.33333333333333326,0.0,0.0003333333333333327,0.003333333333333328,4.44,0.6083592771553749,2.81,0.7874649262672023,2.19,0.7874649262672023,0.0,0.0,0.0,0.0,1.03,1.0959521481849062,0.86,1.0251385715643964,18.97,1.0959521481849064,5.0,0.0,30.0,0.0,6.0,0.0,1.5,0.0,0.63,0.7608474807008886
25.0,25.0,281.0,281.0,100,10.18,1.935213297042603,0.3393333333333333,0.06450710990142014,0.963,0.05300085762599421,0.33333333333333326,0.0,0.0,0.0,4.44,0.6083592771553749,2.81,0.7874649262672023,2.19,0.7874649262672023,0.0,0.0,0.0,0.0,1.03,1.0959521481849062,0.86,1.0251385715643964,18.97,1.0959521481849064,5.0,0.0,30.0,0.0,6.0,0.0,1.5,0.0,0.63,0.7608474807008886
25.0,25.0,282.0,282.0,100,10.14,1.959282490808275,0.33799999999999997,0.06530941636027585,0.9640000000000001,0.05177652055524862,0.33333333333333326,0.0,0.0013333333333333342,0.008095945417985409,4.44,0.6083592771553749,2.8,0.7913675671030665,2.2,0.7913675671030665,0.0,0.0,0.0,0.0,1.0,1.0824588545146512,0.86,1.0251385715643964,19.0,1.0824588545146518,5.0,0.0,30.0,0.0,6.0,0.0,1.5,0.0,0.63,0.7608474807008886
25.0,25.0,283.0,283.0,100,10.12,1.9554637260349232,0.33733333333333326,0.06518212420116411,0.965,0.05198095999517709,0.33333333333333326,0.0,0.0006666666666666655,0.004690176471209648,4.44,0.6083592771553749,2.79,0.7823172003862641,2.21,0.7823172003862641,0.0,0.0,0.0,0.0,0.98,1.0915654591068513,0.86,1.0251385715643964,19.02,1.0915654591068518,5.0,0.0,30.0,0.0,6.0,0.0,1.5,0.0,0.63,0.7608474807008886
25.0,25.0,284.0,284.0,100,10.12,1.9554637260349232,0.33733333333333326,0.06518212420116411,0.965,0.05198095999517709,0.33333333333333326,0.0,0.0,0.0,4.44,0.6083592771553749,2.79,0.7823172003862641,2.21,0.7823172003862641,0.0,0.0,0.0,0.0,0.98,1.0915654591068513,0.86,1.0251385715643964,19.02,1.0915654591068518,5.0,0.0,30.0,0.0,6.0,0.0,1.5,0.0,0.63,0.7608474807008886
25.0,25.0,285.0,285.0,100,10.11,1.953473983973323,0.33699999999999997,0.06511579946577743,0.9655,0.05207560548729788,0.33333333333333326,0.0,0.0003333333333333327,0.003333333333333328,4.44,0.6083592771553749,2.79,0.7823172003862641,2.21,0.7823172003862641,0.0,0.0,0.0,0.0,0.97,1.0773611607567217,0.86,1.0251385715643964,19.03,1.0773611607567217,5.0,0.0,30.0,0.0,6.0,0.0,1.5,0.0,0.63,0.7608474807008886
25.0,25.0,286.0,286.0,100,10.11,1.953473983973323,0.33699999999999997,0.06511579946577743,0.9655,0.05207560548729788,0.33333333333333326,0.0,0.0,0.0,4.44,0.6083592771553749,2.79,0.7823172003862641,2.21,0.7823172003862641,0.0,0.0,0.0,0.0,0.97,1.0773611607567217,0.84,1.0122482228418406,19.03,1.0773611607567217,5.0,0.0,30.0,0.0,6.0,0.0,1.5,0.0,0.63,0.7608474807008886
25.0,25.0,287.0,287.0,100,10.11,1.953473983973323,0.33699999999999997,0.06511579946577743,0.9655,0.05207560548729788,0.33333333333333326,0.0,0.0,0.0,4.44,0.6083592771553749,2.79,0.7823172003862641,2.21,0.7823172003862641,0.0,0.0,0.0,0.0,0.97,1.0773611607567217,0.84,1.0122482228418406,19.03,1.0773611607567217,5.0,0.0,30.0,0.0,6.0,0.0,1.5,0.0,0.63,0.7608474807008886
25.0,25.0,288.0,288.0,100,10.11,1.953473983973323,0.33699999999999997,0.06511579946577743,0.9655,0.05207560548729788,0.33333333333333326,0.0,0.0,0.0,4.44,0.6083592771553749,2.79,0.7823172003862641,2.21,0.7823172003862641,0.0,0.0,0.0,0.0,0.97,1.0773611607567217,0.83,1.015585615009459,19.03,1.0773611607567217,5.0,0.0,30.0,0.0,6.0,0.0,1.5,0.0,0.63,0.7608474807008886
25.0,25.0,289.0,289.0,100,10.11,1.953473983973323,0.33699999999999997,0.06511579946577743,0.9655,0.05207560548729788,0.33333333333333326,0.0,0.0,0.0,4.44,0.6083592771553749,2.79,0.7823172003862641,2.21,0.7823172003862641,0.0,0.0,0.0,0.0,0.97,1.0773611607567217,0.81,1.011998722401078,19.03,1.0773611607567217,5.0,0.0,30.0,0.0,6.0,0.0,1.5,0.0,0.63,0.7608474807008886
25.0,25.0,290.0,290.0,100,10.11,1.953473983973323,0.33699999999999997,0.06511579946577743,0.9655,0.05207560548729788,0.33333333333333326,0.0,0.0,0.0,4.44,0.6083592771553749,2.79,0.7823172003862641,2.21,0.7823172003862641,0.0,0.0,0.0,0.0,0.97,1.0773611607567217,0.81,1.011998722401078,19.03,1.0773611607567217,5.0,0.0,30.0,0.0,6.0,0.0,1.5,0.0,0.63,0.7608474807008886
25.0,25.0,291.0,291.0,100,10.1,1.982244417142581,0.33666666666666667,0.06607481390475269,0.9655,0.05207560548729788,0.33333333333333326,0.0,0.000333333333333333,0.0033333333333333296,4.44,0.6083592771553749,2.78,0.7987363757710035,2.22,0.7987363757710035,0.0,0.0,0.0,0.0,0.96,1.081712073567181,0.81,1.011998722401078,19.04,1.081712073567181,5.0,0.0,30.0,0.0,6.0,0.0,1.5,0.0,0.63,0.7608474807008886
25.0,25.0,292.0,292.0,100,10.09,1.9801795653705527,0.3363333333333333,0.06600598551235173,0.966,0.05216523862891957,0.33333333333333326,0.0,0.0003333333333333327,0.0033333333333333275,4.44,0.6083592771553749,2.77,0.7895146188218007,2.23,0.7895146188218007,0.0,0.0,0.0,0.0,0.95,1.0859525446781406,0.81,1.011998722401078,19.05,1.0859525446781408,5.0,0.0,30.0,0.0,6.0,0.0,1.5,0.0,0.63,0.7608474807008886
25.0,25.0,293.0,293.0,100,10.08,1.9983831848610403,0.33599999999999997,0.06661277282870136,0.966,0.05216523862891957,0.33333333333333326,0.0,0.000333333333333333,0.0033333333333333305,4.44,0.6083592771553749,2.77,0.7895146188218007,2.23,0.7895146188218007,0.0,0.0,0.0,0.0,0.94,1.0807778717575633,0.8,1.005037815259212,19.06,1.0807778717575633,5.0,0.0,30.0,0.0,6.0,0.0,1.5,0.0,0.63,0.7608474807008886
25.0,25.0,294.0,294.0,100,10.08,1.9983831848610403,0.33599999999999997,0.06661277282870136,0.966,0.05216523862891957,0.33333333333333326,0.0,0.0,0.0,4.44,0.6083592771553749,2.77,0.7895146188218007,2.23,0.7895146188218007,0.0,0.0,0.0,0.0,0.94,1.0807778717575633,0.8,1.005037815259212,19.06,1.0807778717575633,5.0,0.0,30.0,0.0,6.0,0.0,1.5,0.0,0.63,0.7608474807008886
25.0,25.0,295.0,295.0,100,10.07,1.9911673648258388,0.3356666666666666,0.06637224549419463,0.9665,0.05176432608027902,0.33333333333333326,0.0,0.00033333333333333435,0.0033333333333333444,4.44,0.6083592771553749,2.76,0.7800543881581901,2.24,0.7800543881581901,0.0,0.0,0.0,0.0,0.93,1.0754843869934454,0.79,0.9979271445644643,19.07,1.0754843869934454,5.0,0.0,30.0,0.0,6.0,0.0,1.5,0.0,0.63,0.7608474807008886
25.0,25.0,296.0,296.0,100,10.06,1.9787762772874447,0.3353333333333333,0.06595920924291478,0.9670000000000001,0.050861269025346656,0.33333333333333326,0.0,0.0003333333333333327,0.0033333333333333275,4.44,0.6083592771553749,2.75,0.7833494518006401,2.25,0.7833494518006401,0.0,0.0,0.0,0.0,0.92,1.0605887444473867,0.79,0.9979271445644643,19.08,1.060588744447387,5.0,0.0,30.0,0.0,6.0,0.0,1.5,0.0,0.63,0.7608474807008886
25.0,25.0,297.0,297.0,100,10.03,1.98201509539757,0.3343333333333333,0.06606716984658566,0.9675,0.05043998333853729,0.33333333333333326,0.0,0.0010000000000000015,0.0074233834451204635,4.44,0.6083592771553749,2.75,0.7833494518006401,2.25,0.7833494518006401,0.0,0.0,0.0,0.0,0.9,1.039619199903542,0.79,0.9979271445644643,19.1,1.0396191999035422,5.0,0.0,30.0,0.0,6.0,0.0,1.5,0.0,0.63,0.7608474807008886
25.0,25.0,298.0,298.0,100,10.03,1.98201509539757,0.3343333333333333,0.06606716984658566,0.9675,0.05043998333853729,0.33333333333333326,0.0,0.0,0.0,4.44,0.6083592771553749,2.75,0.7833494518006401,2.25,0.7833494518006401,0.0,0.0,0.0,0.0,0.9,1.039619199903542,0.79,0.9979271445644643,19.1,1.0396191999035422,5.0,0.0,30.0,0.0,6.0,0.0,1.5,0.0,0.63,0.7608474807008886
25.0,25.0,299.0,299.0,100,10.01,2.0125615618917196,0.33366666666666667,0.06708538539639067,0.9675,0.05043998333853729,0.33333333333333326,0.0,0.000666666666666666,0.006666666666666661,4.44,0.6083592771553749,2.75,0.7833494518006401,2.25,0.7833494518006401,0.0,0.0,0.0,0.0,0.89,1.033724266226666,0.78,0.9906634854551476,19.11,1.033724266226666,5.0,0.0,30.0,0.0,6.0,0.0,1.5,0.0,0.63,0.7608474807008886
25.0,25.0,300.0,300.0,100,10.0,2.00504414420282,0.33333333333333326,0.06683480480676068,0.968,0.050010099990003026,0.33333333333333326,0.0,0.00033333333333333435,0.003333333333333344,4.45,0.6092717958449425,2.75,0.7833494518006401,2.25,0.7833494518006401,0.0,0.0,0.0,0.0,0.88,1.0276972395416932,0.78,0.9906634854551476,19.12,1.0276972395416932,5.0,0.0,30.0,0.0,6.0,0.0,1.5,0.0,0.63,0.7608474807008886
25.0,25.0,301.0,301.0,100,10.0,2.00504414420282,0.33333333333333326,0.06683480480676068,0.968,0.050010099990003026,0.33333333333333326,0.0,0.0,0.0,4.45,0.6092717958449425,2.75,0.7833494518006401,2.25,0.7833494518006401,0.0,0.0,0.0,0.0,0.88,1.0276972395416932,0.77,0.983243447355576,19.12,1.0276972395416932,5.0,0.0,30.0,0.0,6.0,0.0,1.5,0.0,0.63,0.7608474807008886
25.0,25.0,302.0,302.0,100,10.0,2.00504414420282,0.33333333333333326,0.06683480480676068,0.968,0.050010099990003026,0.33333333333333326,0.0,0.0,0.0,4.45,0.6092717958449425,2.75,0.7833494518006401,2.25,0.7833494518006401,0.0,0.0,0.0,0.0,0.88,1.0276972395416932,0.75,0.9885710532241612,19.12,1.0276972395416932,5.0,0.0,30.0,0.0,6.0,0.0,1.5,0.0,0.63,0.7608474807008886
25.0,25.0,303.0,303.0,100,10.0,2.00504414420282,0.33333333333333326,0.06683480480676068,0.968,0.050010099990003026,0.33333333333333326,0.0,0.0,0.0,4.45,0.6092717958449425,2.75,0.7833494518006401,2.25,0.7833494518006401,0.0,0.0,0.0,0.0,0.88,1.0276972395416932,0.75,0.9885710532241612,19.12,1.0276972395416932,5.0,0.0,30.0,0.0,6.0,0.0,1.5,0.0,0.63,0.7608474807008886
25.0,25.0,304.0,304.0,100,9.99,1.9974478666032764,0.33299999999999996,0.06658159555344254,0.9684999999999999,0.04957139530337261,0.33333333333333326,0.0,0.00033333333333333435,0.0033333333333333444,4.46,0.5932277740625365,2.75,0.7833494518006401,2.25,0.7833494518006401,0.0,0.0,0.0,0.0,0.87,1.0215357818184119,0.75,0.9885710532241612,19.13,1.0215357818184119,5.0,0.0,30.0,0.0,6.0,0.0,1.5,0.0,0.63,0.7608474807008886
25.0,25.0,305.0,305.0,100,9.98,2.0200010000997626,0.33266666666666667,0.06733336666999208,0.9684999999999999,0.04957139530337261,0.33333333333333326,0.0,0.0003333333333333341,0.0033333333333333414,4.46,0.5932277740625365,2.75,0.7833494518006401,2.25,0.7833494518006401,0.0,0.0,0.0,0.0,0.86,1.0251385715643964,0.75,0.9885710532241612,19.14,1.0251385715643964,5.0,0.0,30.0,0.0,6.0,0.0,1.5,0.0,0.63,0.7608474807008886
25.0,25.0,306.0,306.0,100,9.98,2.0200010000997626,0.33266666666666667,0.06733336666999208,0.9684999999999999,0.04957139530337261,0.33333333333333326,0.0,0.0,0.0,4.46,0.5932277740625365,2.75,0.7833494518006401,2.25,0.7833494518006401,0.0,0.0,0.0,0.0,0.86,1.0251385715643964,0.74,0.9910712498212337,19.14,1.0251385715643964,5.0,0.0,30.0,0.0,6.0,0.0,1.5,0.0,0.63,0.7608474807008886
25.0,25.0,307.0,307.0,100,9.98,2.0200010000997626,0.33266666666666667,0.06733336666999208,0.9684999999999999,0.04957139530337261,0.33333333333333326,0.0,0.0,0.0,4.46,0.5932277740625365,2.75,0.7833494518006401,2.25,0.7833494518006401,0.0,0.0,0.0,0.0,0.86,1.0251385715643964,0.74,0.9910712498212337,19.14,1.0251385715643964,5.0,0.0,30.0,0.0,6.0,0.0,1.5,0.0,0.63,0.7608474807008886
25.0,25.0,308.0,308.0,100,9.98,2.0200010000997626,0.33266666666666667,0.06733336666999208,0.9684999999999999,0.04957139530337261,0.33333333333333326,0.0,0.0,0.0,4.46,0.5932277740625365,2.75,0.7833494518006401,2.25,0.7833494518006401,0.0,0.0,0.0,0.0,0.86,1.0251385715643964,0.73,0.9832434473555758,19.14,1.0251385715643964,5.0,0.0,30.0,0.0,6.0,0.0,1.5,0.0,0.63,0.7608474807008886
25.0,25.0,309.0,309.0,100,9.98,2.0200010000997626,0.33266666666666667,0.06733336666999208,0.9684999999999999,0.04957139530337261,0.33333333333333326,0.0,0.0,0.0,4.46,0.5932277740625365,2.75,0.7833494518006401,2.25,0.7833494518006401,0.0,0.0,0.0,0.0,0.86,1.0251385715643964,0.72,0.9855521961383534,19.14,1.0251385715643964,5.0,0.0,30.0,0.0,6.0,0.0,1.5,0.0,0.63,0.7608474807008886
25.0,25.0,310.0,310.0,100,9.98,2.0200010000997626,0.33266666666666667,0.06733336666999208,0.9684999999999999,0.04957139530337261,0.33333333333333326,0.0,0.0,0.0,4.46,0.5932277740625365,2.75,0.7833494518006401,2.25,0.7833494518006401,0.0,0.0,0.0,0.0,0.86,1.0251385715643964,0.72,0.9855521961383534,19.14,1.0251385715643964,5.0,0.0,30.0,0.0,6.0,0.0,1.5,0.0,0.63,0.7608474807008886
25.0,25.0,311.0,311.0,100,9.96,2.0046410797411736,0.33199999999999996,0.0668213693247058,0.9695,0.048666562889054965,0.33333333333333326,0.0,0.0006666666666666655,0.004690176471209645,4.47,0.5938234271450248,2.75,0.7833494518006401,2.25,0.7833494518006401,0.0,0.0,0.0,0.0,0.84,1.0122482228418406,0.71,0.9774735523043813,19.16,1.0122482228418412,5.0,0.0,30.0,0.0,6.0,0.0,1.5,0.0,0.63,0.7608474807008886
25.0,25.0,312.0,312.0,100,9.95,1.9968409394275095,0.33166666666666667,0.06656136464758364,0.97,0.048199920365414727,0.33333333333333326,0.0,0.00033333333333333435,0.0033333333333333444,4.47,0.5938234271450248,2.75,0.7833494518006401,2.25,0.7833494518006401,0.0,0.0,0.0,0.0,0.83,1.0055904341291841,0.71,0.9774735523043813,19.17,1.005590434129185,5.0,0.0,30.0,0.0,6.0,0.0,1.5,0.0,0.63,0.7608474807008886
25.0,25.0,313.0,313.0,100,9.94,1.9940314982872305,0.3313333333333333,0.06646771660957433,0.9704999999999999,0.04824966635149201,0.33333333333333326,0.0,0.0003333333333333327,0.003333333333333328,4.48,0.5942485280851046,2.75,0.7833494518006401,2.25,0.7833494518006401,0.0,0.0,0.0,0.0,0.82,1.0088497300281036,0.71,0.9774735523043813,19.18,1.0088497300281043,5.0,0.0,30.0,0.0,6.0,0.0,1.5,0.0,0.63,0.7608474807008886
25.0,25.0,314.0,314.0,100,9.93,1.9911673648258383,0.33099999999999996,0.06637224549419464,0.971,0.04829413248339006,0.33333333333333326,0.0,0.0003333333333333327,0.003333333333333328,4.48,0.5942485280851046,2.74,0.7865022940753946,2.26,0.7865022940753946,0.0,0.0,0.0,0.0,0.81,1.011998722401078,0.7,0.9795896894087643,19.19,1.0119987224010776,5.0,0.0,30.0,0.0,6.0,0.0,1.5,0.0,0.63,0.7608474807008886
25.0,25.0,315.0,315.0,100,9.93,1.9911673648258383,0.33099999999999996,0.06637224549419464,0.971,0.04829413248339006,0.33333333333333326,0.0,0.0,0.0,4.48,0.5942485280851046,2.74,0.7865022940753946,2.26,0.7865022940753946,0.0,0.0,0.0,0.0,0.81,1.011998722401078,0.7,0.9795896894087643,19.19,1.0119987224010776,5.0,0.0,30.0,0.0,6.0,0.0,1.5,0.0,0.63,0.7608474807008886
25.0,25.0,316.0,316.0,100,9.93,1.9911673648258383,0.33099999999999996,0.06637224549419464,0.971,0.04829413248339006,0.33333333333333326,0.0,0.0,0.0,4.48,0.5942485280851046,2.74,0.7865022940753946,2.26,0.7865022940753946,0.0,0.0,0.0,0.0,0.81,1.011998722401078,0.68,0.9415225151129665,19.19,1.0119987224010776,5.0,0.0,30.0,0.0,6.0,0.0,1.5,0.0,0.63,0.7608474807008886
25.0,25.0,317.0,317.0,100,9.93,1.9911673648258383,0.33099999999999996,0.06637224549419464,0.971,0.04829413248339006,0.33333333333333326,0.0,0.0,0.0,4.48,0.5942485280851046,2.74,0.7865022940753946,2.26,0.7865022940753946,0.0,0.0,0.0,0.0,0.81,1.011998722401078,0.68,0.9415225151129665,19.19,1.0119987224010776,5.0,0.0,30.0,0.0,6.0,0.0,1.5,0.0,0.63,0.7608474807008886
25.0,25.0,318.0,318.0,100,9.91,1.9750719204396305,0.3303333333333333,0.06583573068132105,0.972,0.04731156136066362,0.33333333333333326,0.0,0.0006666666666666687,0.004690176471209668,4.49,0.594503442743895,2.74,0.7865022940753946,2.26,0.7865022940753946,0.0,0.0,0.0,0.0,0.79,0.9979271445644644,0.66,0.93441495767743,19.21,0.9979271445644651,5.0,0.0,30.0,0.0,6.0,0.0,1.5,0.0,0.63,0.7608474807008886
25.0,25.0,319.0,319.0,100,9.91,1.9750719204396305,0.3303333333333333,0.06583573068132105,0.972,0.04731156136066362,0.33333333333333326,0.0,0.0,0.0,4.49,0.594503442743895,2.74,0.7865022940753946,2.26,0.7865022940753946,0.0,0.0,0.0,0.0,0.79,0.9979271445644644,0.66,0.93441495767743,19.21,0.9979271445644651,5.0,0.0,30.0,0.0,6.0,0.0,1.5,0.0,0.63,0.7608474807008886
25.0,25.0,320.0,320.0,100,9.89,2.0045151054758374,0.3296666666666666,0.06681717018252793,0.972,0.04731156136066362,0.33333333333333326,0.0,0.000666666666666666,0.00469017647120965,4.49,0.594503442743895,2.73,0.8022065529122492,2.27,0.8022065529122492,0.0,0.0,0.0,0.0,0.77,0.983243447355576,0.66,0.93441495767743,19.23,0.9832434473555761,5.0,0.0,30.0,0.0,6.0,0.0,1.5,0.0,0.63,0.7608474807008886
25.0,25.0,321.0,321.0,100,9.88,2.0014136418183432,0.3293333333333333,0.06671378806061146,0.9725,0.04734090848475149,0.33333333333333326,0.0,0.0003333333333333327,0.0033333333333333275,4.49,0.594503442743895,2.73,0.8022065529122492,2.27,0.8022065529122492,0.0,0.0,0.0,0.0,0.76,0.9859620743827888,0.67,0.9326296048260423,19.24,0.9859620743827887,5.0,0.0,30.0,0.0,6.0,0.0,1.5,0.0,0.63,0.7608474807008886
25.0,25.0,322.0,322.0,100,9.88,2.0014136418183432,0.3293333333333333,0.06671378806061146,0.9725,0.04734090848475149,0.33333333333333326,0.0,0.0,0.0,4.49,0.594503442743895,2.73,0.8022065529122492,2.27,0.8022065529122492,0.0,0.0,0.0,0.0,0.76,0.9859620743827888,0.67,0.9326296048260423,19.24,0.9859620743827887,5.0,0.0,30.0,0.0,6.0,0.0,1.5,0.0,0.63,0.7608474807008886
25.0,25.0,323.0,323.0,100,9.88,2.0014136418183432,0.3293333333333333,0.06671378806061146,0.9725,0.04734090848475149,0.33333333333333326,0.0,0.0,0.0,4.49,0.594503442743895,2.73,0.8022065529122492,2.27,0.8022065529122492,0.0,0.0,0.0,0.0,0.76,0.9859620743827888,0.66,0.9125389157330622,19.24,0.9859620743827887,5.0,0.0,30.0,0.0,6.0,0.0,1.5,0.0,0.63,0.7608474807008886
25.0,25.0,324.0,324.0,100,9.88,2.0014136418183432,0.3293333333333333,0.06671378806061146,0.9725,0.04734090848475149,0.33333333333333326,0.0,0.0,0.0,4.49,0.594503442743895,2.73,0.8022065529122492,2.27,0.8022065529122492,0.0,0.0,0.0,0.0,0.76,0.9859620743827888,0.66,0.9125389157330622,19.24,0.9859620743827887,5.0,0.0,30.0,0.0,6.0,0.0,1.5,0.0,0.63,0.7608474807008886
25.0,25.0,325.0,325.0,100,9.88,2.0014136418183432,0.3293333333333333,0.06671378806061146,0.9725,0.04734090848475149,0.33333333333333326,0.0,0.0,0.0,4.49,0.594503442743895,2.73,0.8022065529122492,2.27,0.8022065529122492,0.0,0.0,0.0,0.0,0.76,0.9859620743827888,0.65,0.9142530206997326,19.24,0.9859620743827887,5.0,0.0,30.0,0.0,6.0,0.0,1.5,0.0,0.63,0.7608474807008886
25.0,25.0,326.0,326.0,100,9.88,2.0014136418183432,0.3293333333333333,0.06671378806061146,0.9725,0.04734090848475149,0.33333333333333326,0.0,0.0,0.0,4.49,0.594503442743895,2.73,0.8022065529122492,2.27,0.8022065529122492,0.0,0.0,0.0,0.0,0.76,0.9859620743827888,0.65,0.9142530206997326,19.24,0.9859620743827887,5.0,0.0,30.0,0.0,6.0,0.0,1.5,0.0,0.63,0.7608474807008886
25.0,25.0,327.0,327.0,100,9.88,2.0014136418183432,0.3293333333333333,0.06671378806061146,0.9725,0.04734090848475149,0.33333333333333326,0.0,0.0,0.0,4.49,0.594503442743895,2.73,0.8022065529122492,2.27,0.8022065529122492,0.0,0.0,0.0,0.0,0.76,0.9859620743827888,0.65,0.9142530206997326,19.24,0.9859620743827887,5.0,0.0,30.0,0.0,6.0,0.0,1.5,0.0,0.63,0.7608474807008886
25.0,25.0,328.0,328.0,100,9.88,2.0014136418183432,0.3293333333333333,0.06671378806061146,0.9725,0.04734090848475149,0.33333333333333326,0.0,0.0,0.0,4.49,0.594503442743895,2.73,0.8022065529122492,2.27,0.8022065529122492,0.0,0.0,0.0,0.0,0.76,0.9859620743827888,0.65,0.9142530206997326,19.24,0.9859620743827887,5.0,0.0,30.0,0.0,6.0,0.0,1.5,0.0,0.63,0.7608474807008886
25.0,25.0,329.0,329.0,100,9.88,2.0014136418183432,0.3293333333333333,0.06671378806061146,0.9725,0.04734090848475149,0.33333333333333326,0.0,0.0,0.0,4.49,0.594503442743895,2.73,0.8022065529122492,2.27,0.8022065529122492,0.0,0.0,0.0,0.0,0.76,0.9859620743827888,0.65,0.9142530206997326,19.24,0.9859620743827887,5.0,0.0,30.0,0.0,6.0,0.0,1.5,0.0,0.63,0.7608474807008886
25.0,25.0,330.0,330.0,100,9.88,2.0014136418183432,0.3293333333333333,0.06671378806061146,0.9725,0.04734090848475149,0.33333333333333326,0.0,0.0,0.0,4.49,0.594503442743895,2.73,0.8022065529122492,2.27,0.8022065529122492,0.0,0.0,0.0,0.0,0.76,0.9859620743827888,0.65,0.9142530206997326,19.24,0.9859620743827887,5.0,0.0,30.0,0.0,6.0,0.0,1.5,0.0,0.63,0.7608474807008886
25.0,25.0,331.0,331.0,100,9.88,2.0014136418183432,0.3293333333333333,0.06671378806061146,0.9725,0.04734090848475149,0.33333333333333326,0.0,0.0,0.0,4.49,0.594503442743895,2.73,0.8022065529122492,2.27,0.8022065529122492,0.0,0.0,0.0,0.0,0.76,0.9859620743827888,0.65,0.9142530206997326,19.24,0.9859620743827887,5.0,0.0,30.0,0.0,6.0,0.0,1.5,0.0,0.63,0.7608474807008886
25.0,25.0,332.0,332.0,100,9.88,2.0014136418183432,0.3293333333333333,0.06671378806061146,0.9725,0.04734090848475149,0.33333333333333326,0.0,0.0,0.0,4.49,0.594503442743895,2.73,0.8022065529122492,2.27,0.8022065529122492,0.0,0.0,0.0,0.0,0.76,0.9859620743827888,0.65,0.9142530206997326,19.24,0.9859620743827887,5.0,0.0,30.0,0.0,6.0,0.0,1.5,0.0,0.63,0.7608474807008886
25.0,25.0,333.0,333.0,100,9.87,2.0033053494742945,0.32899999999999996,0.06677684498247646,0.9725,0.04734090848475149,0.33333333333333326,0.0,0.00033333333333333327,0.003333333333333333,4.5,0.5945883900105634,2.73,0.8022065529122492,2.27,0.8022065529122492,0.0,0.0,0.0,0.0,0.75,0.9782999065065411,0.64,0.9047573479037672,19.25,0.978299906506541,5.0,0.0,30.0,0.0,6.0,0.0,1.5,0.0,0.63,0.7608474807008886
25.0,25.0,334.0,334.0,100,9.87,2.0033053494742945,0.32899999999999996,0.06677684498247646,0.9725,0.04734090848475149,0.33333333333333326,0.0,0.0,0.0,4.5,0.5945883900105634,2.73,0.8022065529122492,2.27,0.8022065529122492,0.0,0.0,0.0,0.0,0.75,0.9782999065065411,0.63,0.906263279247886,19.25,0.978299906506541,5.0,0.0,30.0,0.0,6.0,0.0,1.5,0.0,0.63,0.7608474807008886
25.0,25.0,335.0,335.0,100,9.85,1.9866981897031315,0.3283333333333333,0.06622327299010437,0.9734999999999999,0.04630541997641225,0.33333333333333326,0.0,0.0006666666666666655,0.004690176471209648,4.51,0.594503442743895,2.73,0.8022065529122492,2.27,0.8022065529122492,0.0,0.0,0.0,0.0,0.73,0.9624778627914704,0.63,0.906263279247886,19.27,0.9624778627914704,5.0,0.0,30.0,0.0,6.0,0.0,1.5,0.0,0.63,0.7608474807008886
25.0,25.0,336.0,336.0,100,9.82,2.046825578669309,0.32733333333333325,0.06822751928897697,0.9734999999999999,0.04630541997641225,0.33333333333333326,0.0,0.001000000000000001,0.007423383445120463,4.51,0.594503442743895,2.73,0.8022065529122492,2.27,0.8022065529122492,0.0,0.0,0.0,0.0,0.71,0.9565827225339716,0.63,0.906263279247886,19.29,0.9565827225339708,5.0,0.0,30.0,0.0,6.0,0.0,1.5,0.0,0.63,0.7608474807008886
25.0,25.0,337.0,337.0,100,9.82,2.046825578669309,0.32733333333333325,0.06822751928897697,0.9734999999999999,0.04630541997641225,0.33333333333333326,0.0,0.0,0.0,4.51,0.594503442743895,2.73,0.8022065529122492,2.27,0.8022065529122492,0.0,0.0,0.0,0.0,0.71,0.9565827225339716,0.63,0.906263279247886,19.29,0.9565827225339708,5.0,0.0,30.0,0.0,6.0,0.0,1.5,0.0,0.63,0.7608474807008886
25.0,25.0,338.0,338.0,100,9.82,2.046825578669309,0.32733333333333325,0.06822751928897697,0.9734999999999999,0.04630541997641225,0.33333333333333326,0.0,0.0,0.0,4.51,0.594503442743895,2.73,0.8022065529122492,2.27,0.8022065529122492,0.0,0.0,0.0,0.0,0.71,0.9565827225339716,0.62,0.907655432330124,19.29,0.9565827225339708,5.0,0.0,30.0,0.0,6.0,0.0,1.5,0.0,0.63,0.7608474807008886
25.0,25.0,339.0,339.0,100,9.8,2.054804667656326,0.32666666666666666,0.06849348892187751,0.9740000000000001,0.0452155332208351,0.33333333333333326,0.0,0.0006666666666666668,0.0046901764712096545,4.51,0.594503442743895,2.73,0.8022065529122492,2.27,0.8022065529122492,0.0,0.0,0.0,0.0,0.69,0.9395356686828192,0.61,0.8977525248973663,19.31,0.9395356686828195,5.0,0.0,30.0,0.0,6.0,0.0,1.5,0.0,0.63,0.7608474807008886
25.0,25.0,340.0,340.0,100,9.8,2.054804667656326,0.32666666666666666,0.06849348892187751,0.9740000000000001,0.0452155332208351,0.33333333333333326,0.0,0.0,0.0,4.51,0.594503442743895,2.73,0.8022065529122492,2.27,0.8022065529122492,0.0,0.0,0.0,0.0,0.69,0.9395356686828192,0.6,0.8989331499509896,19.31,0.9395356686828195,5.0,0.0,30.0,0.0,6.0,0.0,1.5,0.0,0.63,0.7608474807008886
25.0,25.0,341.0,341.0,100,9.8,2.054804667656326,0.32666666666666666,0.06849348892187751,0.9740000000000001,0.0452155332208351,0.33333333333333326,0.0,0.0,0.0,4.51,0.594503442743895,2.73,0.8022065529122492,2.27,0.8022065529122492,0.0,0.0,0.0,0.0,0.69,0.9395356686828192,0.59,0.8887057892227211,19.31,0.9395356686828195,5.0,0.0,30.0,0.0,6.0,0.0,1.5,0.0,0.63,0.7608474807008886
25.0,25.0,342.0,342.0,100,9.79,2.0414641210601183,0.3263333333333333,0.06804880403533728,0.9745,0.04409299172421755,0.33333333333333326,0.0,0.0003333333333333327,0.003333333333333328,4.51,0.594503442743895,2.73,0.8022065529122492,2.27,0.8022065529122492,0.0,0.0,0.0,0.0,0.68,0.9198155282776029,0.59,0.8887057892227211,19.32,0.9198155282776029,5.0,0.0,30.0,0.0,6.0,0.0,1.5,0.0,0.63,0.7608474807008886
25.0,25.0,343.0,343.0,100,9.77,2.0491683457175767,0.3256666666666666,0.06830561152391926,0.975,0.04409585518440986,0.33333333333333326,0.0,0.0006666666666666657,0.004690176471209648,4.52,0.5942485280851042,2.73,0.8022065529122492,2.27,0.8022065529122492,0.0,0.0,0.0,0.0,0.66,0.9125389157330622,0.58,0.8896713727636466,19.34,0.9125389157330626,5.0,0.0,30.0,0.0,6.0,0.0,1.5,0.0,0.63,0.7608474807008886
25.0,25.0,344.0,344.0,100,9.77,2.0491683457175767,0.3256666666666666,0.06830561152391926,0.975,0.04409585518440986,0.33333333333333326,0.0,0.0,0.0,4.52,0.5942485280851042,2.73,0.8022065529122492,2.27,0.8022065529122492,0.0,0.0,0.0,0.0,0.66,0.9125389157330622,0.57,0.8675403521602111,19.34,0.9125389157330626,5.0,0.0,30.0,0.0,6.0,0.0,1.5,0.0,0.63,0.7608474807008886
25.0,25.0,345.0,345.0,100,9.77,2.0491683457175767,0.3256666666666666,0.06830561152391926,0.975,0.04409585518440986,0.33333333333333326,0.0,0.0,0.0,4.52,0.5942485280851042,2.73,0.8022065529122492,2.27,0.8022065529122492,0.0,0.0,0.0,0.0,0.66,0.9125389157330622,0.56,0.8204458014587639,19.34,0.9125389157330626,5.0,0.0,30.0,0.0,6.0,0.0,1.5,0.0,0.63,0.7608474807008886
25.0,25.0,346.0,346.0,100,9.77,2.0491683457175767,0.3256666666666666,0.06830561152391926,0.975,0.04409585518440986,0.33333333333333326,0.0,0.0,0.0,4.52,0.5942485280851042,2.73,0.8022065529122492,2.27,0.8022065529122492,0.0,0.0,0.0,0.0,0.66,0.9125389157330622,0.55,0.821122660899347,19.34,0.9125389157330626,5.0,0.0,30.0,0.0,6.0,0.0,1.5,0.0,0.63,0.7608474807008886
25.0,25.0,347.0,347.0,100,9.77,2.0491683457175767,0.3256666666666666,0.06830561152391926,0.975,0.04409585518440986,0.33333333333333326,0.0,0.0,0.0,4.52,0.5942485280851042,2.73,0.8022065529122492,2.27,0.8022065529122492,0.0,0.0,0.0,0.0,0.66,0.9125389157330622,0.55,0.821122660899347,19.34,0.9125389157330626,5.0,0.0,30.0,0.0,6.0,0.0,1.5,0.0,0.63,0.7608474807008886
25.0,25.0,348.0,348.0,100,9.77,2.0491683457175767,0.3256666666666666,0.06830561152391926,0.975,0.04409585518440986,0.33333333333333326,0.0,0.0,0.0,4.52,0.5942485280851042,2.73,0.8022065529122492,2.27,0.8022065529122492,0.0,0.0,0.0,0.0,0.66,0.9125389157330622,0.55,0.821122660899347,19.34,0.9125389157330626,5.0,0.0,30.0,0.0,6.0,0.0,1.5,0.0,0.63,0.7608474807008886
25.0,25.0,349.0,349.0,100,9.77,2.0491683457175767,0.3256666666666666,0.06830561152391926,0.975,0.04409585518440986,0.33333333333333326,0.0,0.0,0.0,4.52,0.5942485280851042,2.73,0.8022065529122492,2.27,0.8022065529122492,0.0,0.0,0.0,0.0,0.66,0.9125389157330622,0.54,0.8216760402686175,19.34,0.9125389157330626,5.0,0.0,30.0,0.0,6.0,0.0,1.5,0.0,0.63,0.7608474807008886
25.0,25.0,350.0,350.0,100,9.76,2.045542085668839,0.3253333333333333,0.06818473618896133,0.9754999999999999,0.04409299172421757,0.33333333333333326,0.0,0.0003333333333333327,0.0033333333333333275,4.53,0.5938234271450248,2.73,0.8022065529122492,2.27,0.8022065529122492,0.0,0.0,0.0,0.0,0.65,0.9142530206997326,0.54,0.8216760402686175,19.35,0.9142530206997328,5.0,0.0,30.0,0.0,6.0,0.0,1.5,0.0,0.63,0.7608474807008886
25.0,25.0,351.0,351.0,100,9.76,2.045542085668839,0.3253333333333333,0.06818473618896133,0.9754999999999999,0.04409299172421757,0.33333333333333326,0.0,0.0,0.0,4.53,0.5938234271450248,2.73,0.8022065529122492,2.27,0.8022065529122492,0.0,0.0,0.0,0.0,0.65,0.9142530206997326,0.54,0.8216760402686175,19.35,0.9142530206997328,5.0,0.0,30.0,0.0,6.0,0.0,1.5,0.0,0.63,0.7608474807008886
25.0,25.0,352.0,352.0,100,9.75,2.0369069441164704,0.325,0.06789689813721572,0.976,0.043507807264091064,0.33333333333333326,0.0,0.00033333333333333435,0.0033333333333333444,4.53,0.5938234271450248,2.73,0.8022065529122492,2.27,0.8022065529122492,0.0,0.0,0.0,0.0,0.64,0.9047573479037672,0.54,0.8216760402686175,19.36,0.9047573479037669,5.0,0.0,30.0,0.0,6.0,0.0,1.5,0.0,0.63,0.7608474807008886
25.0,25.0,353.0,353.0,100,9.75,2.0369069441164704,0.325,0.06789689813721572,0.976,0.043507807264091064,0.33333333333333326,0.0,0.0,0.0,4.53,0.5938234271450248,2.73,0.8022065529122492,2.27,0.8022065529122492,0.0,0.0,0.0,0.0,0.64,0.9047573479037672,0.54,0.8216760402686175,19.36,0.9047573479037669,5.0,0.0,30.0,0.0,6.0,0.0,1.5,0.0,0.63,0.7608474807008886
25.0,25.0,354.0,354.0,100,9.75,2.0369069441164704,0.325,0.06789689813721572,0.976,0.043507807264091064,0.33333333333333326,0.0,0.0,0.0,4.53,0.5938234271450248,2.73,0.8022065529122492,2.27,0.8022065529122492,0.0,0.0,0.0,0.0,0.64,0.9047573479037672,0.54,0.8216760402686175,19.36,0.9047573479037669,5.0,0.0,30.0,0.0,6.0,0.0,1.5,0.0,0.63,0.7608474807008886
25.0,25.0,355.0,355.0,100,9.75,2.0369069441164704,0.325,0.06789689813721572,0.976,0.043507807264091064,0.33333333333333326,0.0,0.0,0.0,4.53,0.5938234271450248,2.73,0.8022065529122492,2.27,0.8022065529122492,0.0,0.0,0.0,0.0,0.64,0.9047573479037672,0.54,0.8216760402686175,19.36,0.9047573479037669,5.0,0.0,30.0,0.0,6.0,0.0,1.5,0.0,0.63,0.7608474807008886
25.0,25.0,356.0,356.0,100,9.75,2.0369069441164704,0.325,0.06789689813721572,0.976,0.043507807264091064,0.33333333333333326,0.0,0.0,0.0,4.53,0.5938234271450248,2.73,0.8022065529122492,2.27,0.8022065529122492,0.0,0.0,0.0,0.0,0.64,0.9047573479037672,0.53,0.8097262288308098,19.36,0.9047573479037669,5.0,0.0,30.0,0.0,6.0,0.0,1.5,0.0,0.63,0.7608474807008886
25.0,25.0,357.0,357.0,100,9.75,2.0369069441164704,0.325,0.06789689813721572,0.976,0.043507807264091064,0.33333333333333326,0.0,0.0,0.0,4.53,0.5938234271450248,2.73,0.8022065529122492,2.27,0.8022065529122492,0.0,0.0,0.0,0.0,0.64,0.9047573479037672,0.53,0.8097262288308098,19.36,0.9047573479037669,5.0,0.0,30.0,0.0,6.0,0.0,1.5,0.0,0.63,0.7608474807008886
25.0,25.0,358.0,358.0,100,9.73,2.0442330808615954,0.3243333333333333,0.06814110269538652,0.9765,0.0429087592009093,0.33333333333333326,0.0,0.0006666666666666674,0.004690176471209661,4.53,0.5938234271450248,2.73,0.8022065529122492,2.27,0.8022065529122492,0.0,0.0,0.0,0.0,0.62,0.8964576753178947,0.53,0.8097262288308098,19.38,0.8964576753178942,5.0,0.0,30.0,0.0,6.0,0.0,1.5,0.0,0.63,0.7608474807008886
25.0,25.0,359.0,359.0,100,9.73,2.0442330808615954,0.3243333333333333,0.06814110269538652,0.9765,0.0429087592009093,0.33333333333333326,0.0,0.0,0.0,4.53,0.5938234271450248,2.73,0.8022065529122492,2.27,0.8022065529122492,0.0,0.0,0.0,0.0,0.62,0.8964576753178947,0.52,0.8100380337747208,19.38,0.8964576753178942,5.0,0.0,30.0,0.0,6.0,0.0,1.5,0.0,0.63,0.7608474807008886
25.0,25.0,360.0,360.0,100,9.73,2.0442330808615954,0.3243333333333333,0.06814110269538652,0.9765,0.0429087592009093,0.33333333333333326,0.0,0.0,0.0,4.53,0.5938234271450248,2.73,0.8022065529122492,2.27,0.8022065529122492,0.0,0.0,0.0,0.0,0.62,0.8964576753178947,0.5,0.7977240352174656,19.38,0.8964576753178942,5.0,0.0,30.0,0.0,6.0,0.0,1.5,0.0,0.63,0.7608474807008886
25.0,25.0,361.0,361.0,100,9.73,2.0442330808615954,0.3243333333333333,0.06814110269538652,0.9765,0.0429087592009093,0.33333333333333326,0.0,0.0,0.0,4.53,0.5938234271450248,2.73,0.8022065529122492,2.27,0.8022065529122492,0.0,0.0,0.0,0.0,0.62,0.8964576753178947,0.5,0.7977240352174656,19.38,0.8964576753178942,5.0,0.0,30.0,0.0,6.0,0.0,1.5,0.0,0.63,0.7608474807008886
25.0,25.0,362.0,362.0,100,9.73,2.0442330808615954,0.3243333333333333,0.06814110269538652,0.9765,0.0429087592009093,0.33333333333333326,0.0,0.0,0.0,4.53,0.5938234271450248,2.73,0.8022065529122492,2.27,0.8022065529122492,0.0,0.0,0.0,0.0,0.62,0.8964576753178947,0.49,0.7719187689508435,19.38,0.8964576753178942,5.0,0.0,30.0,0.0,6.0,0.0,1.5,0.0,0.63,0.7608474807008886
25.0,25.0,363.0,363.0,100,9.72,2.0404000400000792,0.324,0.0680133346666693,0.977,0.04288815616687128,0.33333333333333326,0.0,0.0003333333333333327,0.0033333333333333266,4.54,0.5932277740625366,2.73,0.8022065529122492,2.27,0.8022065529122492,0.0,0.0,0.0,0.0,0.61,0.8977525248973663,0.49,0.7719187689508435,19.39,0.8977525248973663,5.0,0.0,30.0,0.0,6.0,0.0,1.5,0.0,0.63,0.7608474807008886
25.0,25.0,364.0,364.0,100,9.71,2.016572750129699,0.3236666666666666,0.06721909167098995,0.9775,0.040436382257825816,0.33333333333333326,0.0,0.00033333333333333327,0.0033333333333333322,4.54,0.5932277740625366,2.73,0.8022065529122492,2.27,0.8022065529122492,0.0,0.0,0.0,0.0,0.6,0.8528028654224417,0.49,0.7719187689508435,19.4,0.8528028654224414,5.0,0.0,30.0,0.0,6.0,0.0,1.5,0.0,0.63,0.7608474807008886
25.0,25.0,365.0,365.0,100,9.7,2.0125866566448893,0.3233333333333333,0.06708622188816295,0.978,0.040402020151512626,0.33333333333333326,0.0,0.0003333333333333327,0.0033333333333333275,4.54,0.5932277740625366,2.72,0.7923880286064321,2.28,0.7923880286064321,0.0,0.0,0.0,0.0,0.59,0.8539273500666898,0.49,0.7719187689508435,19.41,0.8539273500666901,5.0,0.0,30.0,0.0,6.0,0.0,1.5,0.0,0.63,0.7608474807008886
25.0,25.0,366.0,366.0,100,9.7,2.0125866566448893,0.3233333333333333,0.06708622188816295,0.978,0.040402020151512626,0.33333333333333326,0.0,0.0,0.0,4.54,0.5932277740625366,2.72,0.7923880286064321,2.28,0.7923880286064321,0.0,0.0,0.0,0.0,0.59,0.8539273500666898,0.49,0.7719187689508435,19.41,0.8539273500666901,5.0,0.0,30.0,0.0,6.0,0.0,1.5,0.0,0.63,0.7608474807008886
25.0,25.0,367.0,367.0,100,9.7,2.0125866566448893,0.3233333333333333,0.06708622188816295,0.978,0.040402020151512626,0.33333333333333326,0.0,0.0,0.0,4.54,0.5932277740625366,2.72,0.7923880286064321,2.28,0.7923880286064321,0.0,0.0,0.0,0.0,0.59,0.8539273500666898,0.49,0.7719187689508435,19.41,0.8539273500666901,5.0,0.0,30.0,0.0,6.0,0.0,1.5,0.0,0.63,0.7608474807008886
25.0,25.0,368.0,368.0,100,9.67,1.9952215643654942,0.32233333333333325,0.06650738547884984,0.9790000000000001,0.03904154741096237,0.33333333333333326,0.0,0.0009999999999999987,0.0057148869332588345,4.55,0.5924610544247622,2.72,0.7923880286064321,2.28,0.7923880286064321,0.0,0.0,0.0,0.0,0.56,0.8326663997864531,0.49,0.7719187689508435,19.44,0.832666399786453,5.0,0.0,30.0,0.0,6.0,0.0,1.5,0.0,0.63,0.7608474807008886
25.0,25.0,369.0,369.0,100,9.67,1.9952215643654942,0.32233333333333325,0.06650738547884984,0.9790000000000001,0.03904154741096237,0.33333333333333326,0.0,0.0,0.0,4.55,0.5924610544247622,2.72,0.7923880286064321,2.28,0.7923880286064321,0.0,0.0,0.0,0.0,0.56,0.8326663997864531,0.49,0.7719187689508435,19.44,0.832666399786453,5.0,0.0,30.0,0.0,6.0,0.0,1.5,0.0,0.63,0.7608474807008886
25.0,25.0,370.0,370.0,100,9.67,1.9952215643654942,0.32233333333333325,0.06650738547884984,0.9790000000000001,0.03904154741096237,0.33333333333333326,0.0,0.0,0.0,4.55,0.5924610544247622,2.72,0.7923880286064321,2.28,0.7923880286064321,0.0,0.0,0.0,0.0,0.56,0.8326663997864531,0.47,0.7581876316905234,19.44,0.832666399786453,5.0,0.0,30.0,0.0,6.0,0.0,1.5,0.0,0.63,0.7608474807008886
25.0,25.0,371.0,371.0,100,9.67,1.9952215643654942,0.32233333333333325,0.06650738547884984,0.9790000000000001,0.03904154741096237,0.33333333333333326,0.0,0.0,0.0,4.55,0.5924610544247622,2.72,0.7923880286064321,2.28,0.7923880286064321,0.0,0.0,0.0,0.0,0.56,0.8326663997864531,0.47,0.7581876316905234,19.44,0.832666399786453,5.0,0.0,30.0,0.0,6.0,0.0,1.5,0.0,0.63,0.7608474807008886
25.0,25.0,372.0,372.0,100,9.67,1.9952215643654942,0.32233333333333325,0.06650738547884984,0.9790000000000001,0.03904154741096237,0.33333333333333326,0.0,0.0,0.0,4.55,0.5924610544247622,2.72,0.7923880286064321,2.28,0.7923880286064321,0.0,0.0,0.0,0.0,0.56,0.8326663997864531,0.47,0.7581876316905234,19.44,0.832666399786453,5.0,0.0,30.0,0.0,6.0,0.0,1.5,0.0,0.63,0.7608474807008886
25.0,25.0,373.0,373.0,100,9.67,1.9952215643654942,0.32233333333333325,0.06650738547884984,0.9790000000000001,0.03904154741096237,0.33333333333333326,0.0,0.0,0.0,4.55,0.5924610544247622,2.72,0.7923880286064321,2.28,0.7923880286064321,0.0,0.0,0.0,0.0,0.56,0.8326663997864531,0.47,0.7581876316905234,19.44,0.832666399786453,5.0,0.0,30.0,0.0,6.0,0.0,1.5,0.0,0.63,0.7608474807008886
25.0,25.0,374.0,374.0,100,9.66,1.990989805107099,0.32199999999999995,0.0663663268369033,0.9795,0.03898652966024925,0.33333333333333326,0.0,0.0003333333333333327,0.0033333333333333275,4.55,0.5924610544247622,2.72,0.7923880286064321,2.28,0.7923880286064321,0.0,0.0,0.0,0.0,0.55,0.8333333333333331,0.47,0.7581876316905234,19.45,0.8333333333333333,5.0,0.0,30.0,0.0,6.0,0.0,1.5,0.0,0.63,0.7608474807008886
25.0,25.0,375.0,375.0,100,9.66,1.990989805107099,0.32199999999999995,0.0663663268369033,0.9795,0.03898652966024925,0.33333333333333326,0.0,0.0,0.0,4.55,0.5924610544247622,2.72,0.7923880286064321,2.28,0.7923880286064321,0.0,0.0,0.0,0.0,0.55,0.8333333333333331,0.46,0.757721198160256,19.45,0.8333333333333333,5.0,0.0,30.0,0.0,6.0,0.0,1.5,0.0,0.63,0.7608474807008886
25.0,25.0,376.0,376.0,100,9.66,1.990989805107099,0.32199999999999995,0.0663663268369033,0.9795,0.03898652966024925,0.33333333333333326,0.0,0.0,0.0,4.55,0.5924610544247622,2.72,0.7923880286064321,2.28,0.7923880286064321,0.0,0.0,0.0,0.0,0.55,0.8333333333333331,0.44,0.7291893935852135,19.45,0.8333333333333333,5.0,0.0,30.0,0.0,6.0,0.0,1.5,0.0,0.63,0.7608474807008886
25.0,25.0,377.0,377.0,100,9.66,1.990989805107099,0.32199999999999995,0.0663663268369033,0.9795,0.03898652966024925,0.33333333333333326,0.0,0.0,0.0,4.55,0.5924610544247622,2.72,0.7923880286064321,2.28,0.7923880286064321,0.0,0.0,0.0,0.0,0.55,0.8333333333333331,0.44,0.7291893935852135,19.45,0.8333333333333333,5.0,0.0,30.0,0.0,6.0,0.0,1.5,0.0,0.63,0.7608474807008886
25.0,25.0,378.0,378.0,100,9.64,1.9772442816948412,0.3213333333333333,0.0659081427231614,0.9804999999999999,0.03820135382867256,0.33333333333333326,0.0,0.0006666666666666671,0.006666666666666672,4.55,0.5924610544247622,2.72,0.7923880286064321,2.28,0.7923880286064321,0.0,0.0,0.0,0.0,0.54,0.8216760402686175,0.44,0.7291893935852135,19.46,0.8216760402686183,5.0,0.0,30.0,0.0,6.0,0.0,1.5,0.0,0.63,0.7608474807008886
25.0,25.0,379.0,379.0,100,9.64,1.9772442816948412,0.3213333333333333,0.0659081427231614,0.9804999999999999,0.03820135382867256,0.33333333333333326,0.0,0.0,0.0,4.55,0.5924610544247622,2.72,0.7923880286064321,2.28,0.7923880286064321,0.0,0.0,0.0,0.0,0.54,0.8216760402686175,0.44,0.7291893935852135,19.46,0.8216760402686183,5.0,0.0,30.0,0.0,6.0,0.0,1.5,0.0,0.63,0.7608474807008886
25.0,25.0,380.0,380.0,100,9.64,1.9772442816948412,0.3213333333333333,0.0659081427231614,0.9804999999999999,0.03820135382867256,0.33333333333333326,0.0,0.0,0.0,4.55,0.5924610544247622,2.72,0.7923880286064321,2.28,0.7923880286064321,0.0,0.0,0.0,0.0,0.54,0.8216760402686175,0.44,0.7291893935852135,19.46,0.8216760402686183,5.0,0.0,30.0,0.0,6.0,0.0,1.5,0.0,0.63,0.7608474807008886
25.0,25.0,381.0,381.0,100,9.63,1.9676936199058481,0.32099999999999995,0.06558978733019495,0.981,0.03745704610657791,0.33333333333333326,0.0,0.00033333333333333435,0.0033333333333333444,4.56,0.5741924500522188,2.72,0.7923880286064321,2.28,0.7923880286064321,0.0,0.0,0.0,0.0,0.53,0.8097262288308098,0.44,0.7291893935852135,19.47,0.8097262288308107,5.0,0.0,30.0,0.0,6.0,0.0,1.5,0.0,0.63,0.7608474807008886
25.0,25.0,382.0,382.0,100,9.63,1.9676936199058481,0.32099999999999995,0.06558978733019495,0.981,0.03745704610657791,0.33333333333333326,0.0,0.0,0.0,4.56,0.5741924500522188,2.72,0.7923880286064321,2.28,0.7923880286064321,0.0,0.0,0.0,0.0,0.53,0.8097262288308098,0.44,0.7291893935852135,19.47,0.8097262288308107,5.0,0.0,30.0,0.0,6.0,0.0,1.5,0.0,0.63,0.7608474807008886
25.0,25.0,383.0,383.0,100,9.63,1.9676936199058481,0.32099999999999995,0.06558978733019495,0.981,0.03745704610657791,0.33333333333333326,0.0,0.0,0.0,4.56,0.5741924500522188,2.72,0.7923880286064321,2.28,0.7923880286064321,0.0,0.0,0.0,0.0,0.53,0.8097262288308098,0.44,0.7291893935852135,19.47,0.8097262288308107,5.0,0.0,30.0,0.0,6.0,0.0,1.5,0.0,0.63,0.7608474807008886
25.0,25.0,384.0,384.0,100,9.62,1.9683351935946878,0.32066666666666666,0.0656111731198229,0.981,0.03745704610657791,0.33333333333333326,0.0,0.00033333333333333327,0.0033333333333333327,4.56,0.5741924500522188,2.72,0.7923880286064321,2.28,0.7923880286064321,0.0,0.0,0.0,0.0,0.52,0.8100380337747208,0.44,0.7291893935852135,19.48,0.8100380337747208,5.0,0.0,30.0,0.0,6.0,0.0,1.5,0.0,0.63,0.7608474807008886
25.0,25.0,385.0,385.0,100,9.6,1.9540168418367883,0.31999999999999995,0.06513389472789295,0.982,0.03659773134217392,0.33333333333333326,0.0,0.0006666666666666671,0.004690176471209659,4.57,0.5730478499949533,2.71,0.7951240294584373,2.29,0.7951240294584373,0.0,0.0,0.0,0.0,0.5,0.7977240352174656,0.44,0.7291893935852135,19.5,0.7977240352174662,5.0,0.0,30.0,0.0,6.0,0.0,1.5,0.0,0.63,0.7608474807008886
25.0,25.0,386.0,386.0,100,9.6,1.9540168418367883,0.31999999999999995,0.06513389472789295,0.982,0.03659773134217392,0.33333333333333326,0.0,0.0,0.0,4.57,0.5730478499949533,2.71,0.7951240294584373,2.29,0.7951240294584373,0.0,0.0,0.0,0.0,0.5,0.7977240352174656,0.43,0.7282884321503673,19.5,0.7977240352174662,5.0,0.0,30.0,0.0,6.0,0.0,1.5,0.0,0.63,0.7608474807008886
25.0,25.0,387.0,387.0,100,9.6,1.9540168418367883,0.31999999999999995,0.06513389472789295,0.982,0.03659773134217392,0.33333333333333326,0.0,0.0,0.0,4.57,0.5730478499949533,2.71,0.7951240294584373,2.29,0.7951240294584373,0.0,0.0,0.0,0.0,0.5,0.7977240352174656,0.42,0.7272474743090476,19.5,0.7977240352174662,5.0,0.0,30.0,0.0,6.0,0.0,1.5,0.0,0.63,0.7608474807008886
25.0,25.0,388.0,388.0,100,9.59,1.9545078690302085,0.31966666666666665,0.06515026230100697,0.982,0.03659773134217392,0.33333333333333326,0.0,0.00033333333333333327,0.0033333333333333327,4.58,0.5717243101956456,2.71,0.7951240294584373,2.29,0.7951240294584373,0.0,0.0,0.0,0.0,0.49,0.7719187689508435,0.42,0.7272474743090476,19.51,0.7719187689508435,5.0,0.0,30.0,0.0,6.0,0.0,1.5,0.0,0.63,0.7608474807008886
25.0,25.0,389.0,389.0,100,9.57,1.9553345834749947,0.319,0.06517781944916651,0.9825,0.03649754384983608,0.33333333333333326,0.0,0.0006666666666666665,0.004690176471209654,4.58,0.5717243101956456,2.71,0.7951240294584373,2.29,0.7951240294584373,0.0,0.0,0.0,0.0,0.47,0.7581876316905234,0.42,0.7272474743090476,19.53,0.7581876316905232,5.0,0.0,30.0,0.0,6.0,0.0,1.5,0.0,0.63,0.7608474807008886
25.0,25.0,390.0,390.0,100,9.57,1.9553345834749947,0.319,0.06517781944916651,0.9825,0.03649754384983608,0.33333333333333326,0.0,0.0,0.0,4.58,0.5717243101956456,2.71,0.7951240294584373,2.29,0.7951240294584373,0.0,0.0,0.0,0.0,0.47,0.7581876316905234,0.42,0.7272474743090476,19.53,0.7581876316905232,5.0,0.0,30.0,0.0,6.0,0.0,1.5,0.0,0.63,0.7608474807008886
25.0,25.0,391.0,391.0,100,9.57,1.9553345834749947,0.319,0.06517781944916651,0.9825,0.03649754384983608,0.33333333333333326,0.0,0.0,0.0,4.58,0.5717243101956456,2.71,0.7951240294584373,2.29,0.7951240294584373,0.0,0.0,0.0,0.0,0.47,0.7581876316905234,0.42,0.7272474743090476,19.53,0.7581876316905232,5.0,0.0,30.0,0.0,6.0,0.0,1.5,0.0,0.63,0.7608474807008886
25.0,25.0,392.0,392.0,100,9.57,1.9553345834749947,0.319,0.06517781944916651,0.9825,0.03649754384983608,0.33333333333333326,0.0,0.0,0.0,4.58,0.5717243101956456,2.71,0.7951240294584373,2.29,0.7951240294584373,0.0,0.0,0.0,0.0,0.47,0.7581876316905234,0.42,0.7272474743090476,19.53,0.7581876316905232,5.0,0.0,30.0,0.0,6.0,0.0,1.5,0.0,0.63,0.7608474807008886
25.0,25.0,393.0,393.0,100,9.57,1.9553345834749947,0.319,0.06517781944916651,0.9825,0.03649754384983608,0.33333333333333326,0.0,0.0,0.0,4.58,0.5717243101956456,2.71,0.7951240294584373,2.29,0.7951240294584373,0.0,0.0,0.0,0.0,0.47,0.7581876316905234,0.42,0.7272474743090476,19.53,0.7581876316905232,5.0,0.0,30.0,0.0,6.0,0.0,1.5,0.0,0.63,0.7608474807008886
25.0,25.0,394.0,394.0,100,9.57,1.9553345834749947,0.319,0.06517781944916651,0.9825,0.03649754384983608,0.33333333333333326,0.0,0.0,0.0,4.58,0.5717243101956456,2.71,0.7951240294584373,2.29,0.7951240294584373,0.0,0.0,0.0,0.0,0.47,0.7581876316905234,0.42,0.7272474743090476,19.53,0.7581876316905232,5.0,0.0,30.0,0.0,6.0,0.0,1.5,0.0,0.63,0.7608474807008886
25.0,25.0,395.0,395.0,100,9.57,1.9553345834749947,0.319,0.06517781944916651,0.9825,0.03649754384983608,0.33333333333333326,0.0,0.0,0.0,4.58,0.5717243101956456,2.71,0.7951240294584373,2.29,0.7951240294584373,0.0,0.0,0.0,0.0,0.47,0.7581876316905234,0.42,0.7272474743090476,19.53,0.7581876316905232,5.0,0.0,30.0,0.0,6.0,0.0,1.5,0.0,0.63,0.7608474807008886
25.0,25.0,396.0,396.0,100,9.57,1.9553345834749947,0.319,0.06517781944916651,0.9825,0.03649754384983608,0.33333333333333326,0.0,0.0,0.0,4.58,0.5717243101956456,2.71,0.7951240294584373,2.29,0.7951240294584373,0.0,0.0,0.0,0.0,0.47,0.7581876316905234,0.42,0.7272474743090476,19.53,0.7581876316905232,5.0,0.0,30.0,0.0,6.0,0.0,1.5,0.0,0.63,0.7608474807008886
25.0,25.0,397.0,397.0,100,9.57,1.9553345834749947,0.319,0.06517781944916651,0.9825,0.03649754384983608,0.33333333333333326,0.0,0.0,0.0,4.58,0.5717243101956456,2.71,0.7951240294584373,2.29,0.7951240294584373,0.0,0.0,0.0,0.0,0.47,0.7581876316905234,0.42,0.7272474743090476,19.53,0.7581876316905232,5.0,0.0,30.0,0.0,6.0,0.0,1.5,0.0,0.63,0.7608474807008886
25.0,25.0,398.0,398.0,100,9.57,1.9553345834749947,0.319,0.06517781944916651,0.9825,0.03649754384983608,0.33333333333333326,0.0,0.0,0.0,4.58,0.5717243101956456,2.71,0.7951240294584373,2.29,0.7951240294584373,0.0,0.0,0.0,0.0,0.47,0.7581876316905234,0.41,0.7120180453961099,19.53,0.7581876316905232,5.0,0.0,30.0,0.0,6.0,0.0,1.5,0.0,0.63,0.7608474807008886
25.0,25.0,399.0,399.0,100,9.57,1.9553345834749947,0.319,0.06517781944916651,0.9825,0.03649754384983608,0.33333333333333326,0.0,0.0,0.0,4.58,0.5717243101956456,2.71,0.7951240294584373,2.29,0.7951240294584373,0.0,0.0,0.0,0.0,0.47,0.7581876316905234,0.41,0.7120180453961099,19.53,0.7581876316905232,5.0,0.0,30.0,0.0,6.0,0.0,1.5,0.0,0.63,0.7608474807008886
25.0,25.0,400.0,400.0,100,9.57,1.9553345834749947,0.319,0.06517781944916651,0.9825,0.03649754384983608,0.33333333333333326,0.0,0.0,0.0,4.58,0.5717243101956456,2.71,0.7951240294584373,2.29,0.7951240294584373,0.0,0.0,0.0,0.0,0.47,0.7581876316905234,0.41,0.7120180453961099,19.53,0.7581876316905232,5.0,0.0,30.0,0.0,6.0,0.0,1.5,0.0,0.63,0.7608474807008886
25.0,25.0,401.0,401.0,100,9.55,1.9351871989421319,0.3183333333333333,0.06450623996473774,0.9834999999999999,0.03485540115819917,0.33333333333333326,0.0,0.0006666666666666655,0.004690176471209648,4.59,0.5522223238420326,2.71,0.7951240294584373,2.29,0.7951240294584373,0.0,0.0,0.0,0.0,0.45,0.7299508769967213,0.41,0.7120180453961099,19.55,0.7299508769967218,5.0,0.0,30.0,0.0,6.0,0.0,1.5,0.0,0.63,0.7608474807008886
25.0,25.0,402.0,402.0,100,9.55,1.9351871989421319,0.3183333333333333,0.06450623996473774,0.9834999999999999,0.03485540115819917,0.33333333333333326,0.0,0.0,0.0,4.59,0.5522223238420326,2.71,0.7951240294584373,2.29,0.7951240294584373,0.0,0.0,0.0,0.0,0.45,0.7299508769967213,0.41,0.7120180453961099,19.55,0.7299508769967218,5.0,0.0,30.0,0.0,6.0,0.0,1.5,0.0,0.63,0.7608474807008886
25.0,25.0,403.0,403.0,100,9.53,1.9408162398248001,0.3176666666666666,0.06469387466082668,0.9834999999999999,0.03485540115819917,0.33333333333333326,0.0,0.0006666666666666671,0.0066666666666666706,4.59,0.5522223238420326,2.71,0.7951240294584373,2.29,0.7951240294584373,0.0,0.0,0.0,0.0,0.44,0.7291893935852135,0.41,0.7120180453961099,19.56,0.7291893935852138,5.0,0.0,30.0,0.0,6.0,0.0,1.5,0.0,0.63,0.7608474807008886
25.0,25.0,404.0,404.0,100,9.53,1.9408162398248001,0.3176666666666666,0.06469387466082668,0.9834999999999999,0.03485540115819917,0.33333333333333326,0.0,0.0,0.0,4.59,0.5522223238420326,2.71,0.7951240294584373,2.29,0.7951240294584373,0.0,0.0,0.0,0.0,0.44,0.7291893935852135,0.41,0.7120180453961099,19.56,0.7291893935852138,5.0,0.0,30.0,0.0,6.0,0.0,1.5,0.0,0.63,0.7608474807008886
25.0,25.0,405.0,405.0,100,9.53,1.9408162398248001,0.3176666666666666,0.06469387466082668,0.9834999999999999,0.03485540115819917,0.33333333333333326,0.0,0.0,0.0,4.59,0.5522223238420326,2.71,0.7951240294584373,2.29,0.7951240294584373,0.0,0.0,0.0,0.0,0.44,0.7291893935852135,0.41,0.7120180453961099,19.56,0.7291893935852138,5.0,0.0,30.0,0.0,6.0,0.0,1.5,0.0,0.63,0.7608474807008886
25.0,25.0,406.0,406.0,100,9.53,1.9408162398248001,0.3176666666666666,0.06469387466082668,0.9834999999999999,0.03485540115819917,0.33333333333333326,0.0,0.0,0.0,4.59,0.5522223238420326,2.71,0.7951240294584373,2.29,0.7951240294584373,0.0,0.0,0.0,0.0,0.44,0.7291893935852135,0.41,0.7120180453961099,19.56,0.7291893935852138,5.0,0.0,30.0,0.0,6.0,0.0,1.5,0.0,0.63,0.7608474807008886
25.0,25.0,407.0,407.0,100,9.53,1.9408162398248001,0.3176666666666666,0.06469387466082668,0.9834999999999999,0.03485540115819917,0.33333333333333326,0.0,0.0,0.0,4.59,0.5522223238420326,2.71,0.7951240294584373,2.29,0.7951240294584373,0.0,0.0,0.0,0.0,0.44,0.7291893935852135,0.41,0.7120180453961099,19.56,0.7291893935852138,5.0,0.0,30.0,0.0,6.0,0.0,1.5,0.0,0.63,0.7608474807008886
25.0,25.0,408.0,408.0,100,9.53,1.9408162398248001,0.3176666666666666,0.06469387466082668,0.9834999999999999,0.03485540115819917,0.33333333333333326,0.0,0.0,0.0,4.59,0.5522223238420326,2.71,0.7951240294584373,2.29,0.7951240294584373,0.0,0.0,0.0,0.0,0.44,0.7291893935852135,0.41,0.7120180453961099,19.56,0.7291893935852138,5.0,0.0,30.0,0.0,6.0,0.0,1.5,0.0,0.63,0.7608474807008886
25.0,25.0,409.0,409.0,100,9.53,1.9408162398248001,0.3176666666666666,0.06469387466082668,0.9834999999999999,0.03485540115819917,0.33333333333333326,0.0,0.0,0.0,4.59,0.5522223238420326,2.71,0.7951240294584373,2.29,0.7951240294584373,0.0,0.0,0.0,0.0,0.44,0.7291893935852135,0.41,0.7120180453961099,19.56,0.7291893935852138,5.0,0.0,30.0,0.0,6.0,0.0,1.5,0.0,0.63,0.7608474807008886
25.0,25.0,410.0,410.0,100,9.53,1.9408162398248001,0.3176666666666666,0.06469387466082668,0.9834999999999999,0.03485540115819917,0.33333333333333326,0.0,0.0,0.0,4.59,0.5522223238420326,2.71,0.7951240294584373,2.29,0.7951240294584373,0.0,0.0,0.0,0.0,0.44,0.7291893935852135,0.41,0.7120180453961099,19.56,0.7291893935852138,5.0,0.0,30.0,0.0,6.0,0.0,1.5,0.0,0.63,0.7608474807008886
25.0,25.0,411.0,411.0,100,9.52,1.9513269248582525,0.3173333333333333,0.06504423082860844,0.9834999999999999,0.03485540115819917,0.33333333333333326,0.0,0.000333333333333333,0.00333333333333333,4.59,0.5522223238420326,2.71,0.7951240294584373,2.29,0.7951240294584373,0.0,0.0,0.0,0.0,0.43,0.7282884321503673,0.41,0.7120180453961099,19.57,0.7282884321503678,5.0,0.0,30.0,0.0,6.0,0.0,1.5,0.0,0.63,0.7608474807008886
25.0,25.0,412.0,412.0,100,9.51,1.9462214102659998,0.31699999999999995,0.06487404700886666,0.9840000000000001,0.03472838329177741,0.33333333333333326,0.0,0.0003333333333333327,0.0033333333333333275,4.6,0.5504818825631803,2.71,0.7951240294584373,2.29,0.7951240294584373,0.0,0.0,0.0,0.0,0.42,0.7272474743090476,0.41,0.7120180453961099,19.58,0.7272474743090483,5.0,0.0,30.0,0.0,6.0,0.0,1.5,0.0,0.63,0.7608474807008886
25.0,25.0,413.0,413.0,100,9.51,1.9462214102659998,0.31699999999999995,0.06487404700886666,0.9840000000000001,0.03472838329177741,0.33333333333333326,0.0,0.0,0.0,4.6,0.5504818825631803,2.71,0.7951240294584373,2.29,0.7951240294584373,0.0,0.0,0.0,0.0,0.42,0.7272474743090476,0.41,0.7120180453961099,19.58,0.7272474743090483,5.0,0.0,30.0,0.0,6.0,0.0,1.5,0.0,0.63,0.7608474807008886
25.0,25.0,414.0,414.0,100,9.51,1.9462214102659998,0.31699999999999995,0.06487404700886666,0.9840000000000001,0.03472838329177741,0.33333333333333326,0.0,0.0,0.0,4.6,0.5504818825631803,2.71,0.7951240294584373,2.29,0.7951240294584373,0.0,0.0,0.0,0.0,0.42,0.7272474743090476,0.41,0.7120180453961099,19.58,0.7272474743090483,5.0,0.0,30.0,0.0,6.0,0.0,1.5,0.0,0.63,0.7608474807008886
25.0,25.0,415.0,415.0,100,9.51,1.9462214102659998,0.31699999999999995,0.06487404700886666,0.9840000000000001,0.03472838329177741,0.33333333333333326,0.0,0.0,0.0,4.6,0.5504818825631803,2.71,0.7951240294584373,2.29,0.7951240294584373,0.0,0.0,0.0,0.0,0.42,0.7272474743090476,0.41,0.7120180453961099,19.58,0.7272474743090483,5.0,0.0,30.0,0.0,6.0,0.0,1.5,0.0,0.63,0.7608474807008886
25.0,25.0,416.0,416.0,100,9.51,1.9462214102659998,0.31699999999999995,0.06487404700886666,0.9840000000000001,0.03472838329177741,0.33333333333333326,0.0,0.0,0.0,4.6,0.5504818825631803,2.71,0.7951240294584373,2.29,0.7951240294584373,0.0,0.0,0.0,0.0,0.42,0.7272474743090476,0.41,0.7120180453961099,19.58,0.7272474743090483,5.0,0.0,30.0,0.0,6.0,0.0,1.5,0.0,0.63,0.7608474807008886
25.0,25.0,417.0,417.0,100,9.51,1.9462214102659998,0.31699999999999995,0.06487404700886666,0.9840000000000001,0.03472838329177741,0.33333333333333326,0.0,0.0,0.0,4.6,0.5504818825631803,2.71,0.7951240294584373,2.29,0.7951240294584373,0.0,0.0,0.0,0.0,0.42,0.7272474743090476,0.41,0.7120180453961099,19.58,0.7272474743090483,5.0,0.0,30.0,0.0,6.0,0.0,1.5,0.0,0.63,0.7608474807008886
25.0,25.0,418.0,418.0,100,9.51,1.9462214102659998,0.31699999999999995,0.06487404700886666,0.9840000000000001,0.03472838329177741,0.33333333333333326,0.0,0.0,0.0,4.6,0.5504818825631803,2.71,0.7951240294584373,2.29,0.7951240294584373,0.0,0.0,0.0,0.0,0.42,0.7272474743090476,0.41,0.7120180453961099,19.58,0.7272474743090483,5.0,0.0,30.0,0.0,6.0,0.0,1.5,0.0,0.63,0.7608474807008886
25.0,25.0,419.0,419.0,100,9.51,1.9462214102659998,0.31699999999999995,0.06487404700886666,0.9840000000000001,0.03472838329177741,0.33333333333333326,0.0,0.0,0.0,4.6,0.5504818825631803,2.71,0.7951240294584373,2.29,0.7951240294584373,0.0,0.0,0.0,0.0,0.42,0.7272474743090476,0.41,0.7120180453961099,19.58,0.7272474743090483,5.0,0.0,30.0,0.0,6.0,0.0,1.5,0.0,0.63,0.7608474807008886
25.0,25.0,420.0,420.0,100,9.51,1.9462214102659998,0.31699999999999995,0.06487404700886666,0.9840000000000001,0.03472838329177741,0.33333333333333326,0.0,0.0,0.0,4.6,0.5504818825631803,2.71,0.7951240294584373,2.29,0.7951240294584373,0.0,0.0,0.0,0.0,0.42,0.7272474743090476,0.41,0.7120180453961099,19.58,0.7272474743090483,5.0,0.0,30.0,0.0,6.0,0.0,1.5,0.0,0.63,0.7608474807008886
25.0,25.0,421.0,421.0,100,9.51,1.9462214102659998,0.31699999999999995,0.06487404700886666,0.9840000000000001,0.03472838329177741,0.33333333333333326,0.0,0.0,0.0,4.6,0.5504818825631803,2.71,0.7951240294584373,2.29,0.7951240294584373,0.0,0.0,0.0,0.0,0.42,0.7272474743090476,0.41,0.7120180453961099,19.58,0.7272474743090483,5.0,0.0,30.0,0.0,6.0,0.0,1.5,0.0,0.63,0.7608474807008886
25.0,25.0,422.0,422.0,100,9.51,1.9462214102659998,0.31699999999999995,0.06487404700886666,0.9840000000000001,0.03472838329177741,0.33333333333333326,0.0,0.0,0.0,4.6,0.5504818825631803,2.71,0.7951240294584373,2.29,0.7951240294584373,0.0,0.0,0.0,0.0,0.42,0.7272474743090476,0.39,0.7091750791795304,19.58,0.7272474743090483,5.0,0.0,30.0,0.0,6.0,0.0,1.5,0.0,0.63,0.7608474807008886
25.0,25.0,423.0,423.0,100,9.5,1.9358395459011435,0.31666666666666665,0.06452798486337145,0.9845,0.03385575462476238,0.33333333333333326,0.0,0.00033333333333333435,0.0033333333333333444,4.6,0.5504818825631803,2.7,0.7977240352174657,2.3,0.7977240352174657,0.0,0.0,0.0,0.0,0.41,0.7120180453961099,0.39,0.7091750791795304,19.59,0.7120180453961107,5.0,0.0,30.0,0.0,6.0,0.0,1.5,0.0,0.63,0.7608474807008886
25.0,25.0,424.0,424.0,100,9.5,1.9358395459011435,0.31666666666666665,0.06452798486337145,0.9845,0.03385575462476238,0.33333333333333326,0.0,0.0,0.0,4.6,0.5504818825631803,2.7,0.7977240352174657,2.3,0.7977240352174657,0.0,0.0,0.0,0.0,0.41,0.7120180453961099,0.39,0.7091750791795304,19.59,0.7120180453961107,5.0,0.0,30.0,0.0,6.0,0.0,1.5,0.0,0.63,0.7608474807008886
25.0,25.0,425.0,425.0,100,9.5,1.9358395459011435,0.31666666666666665,0.06452798486337145,0.9845,0.03385575462476238,0.33333333333333326,0.0,0.0,0.0,4.6,0.5504818825631803,2.7,0.7977240352174657,2.3,0.7977240352174657,0.0,0.0,0.0,0.0,0.41,0.7120180453961099,0.39,0.7091750791795304,19.59,0.7120180453961107,5.0,0.0,30.0,0.0,6.0,0.0,1.5,0.0,0.63,0.7608474807008886
25.0,25.0,426.0,426.0,100,9.5,1.9358395459011435,0.31666666666666665,0.06452798486337145,0.9845,0.03385575462476238,0.33333333333333326,0.0,0.0,0.0,4.6,0.5504818825631803,2.7,0.7977240352174657,2.3,0.7977240352174657,0.0,0.0,0.0,0.0,0.41,0.7120180453961099,0.39,0.7091750791795304,19.59,0.7120180453961107,5.0,0.0,30.0,0.0,6.0,0.0,1.5,0.0,0.63,0.7608474807008886
25.0,25.0,427.0,427.0,100,9.5,1.9358395459011435,0.31666666666666665,0.06452798486337145,0.9845,0.03385575462476238,0.33333333333333326,0.0,0.0,0.0,4.6,0.5504818825631803,2.7,0.7977240352174657,2.3,0.7977240352174657,0.0,0.0,0.0,0.0,0.41,0.7120180453961099,0.39,0.7091750791795304,19.59,0.7120180453961107,5.0,0.0,30.0,0.0,6.0,0.0,1.5,0.0,0.63,0.7608474807008886
25.0,25.0,428.0,428.0,100,9.5,1.9358395459011435,0.31666666666666665,0.06452798486337145,0.9845,0.03385575462476238,0.33333333333333326,0.0,0.0,0.0,4.6,0.5504818825631803,2.7,0.7977240352174657,2.3,0.7977240352174657,0.0,0.0,0.0,0.0,0.41,0.7120180453961099,0.39,0.7091750791795304,19.59,0.7120180453961107,5.0,0.0,30.0,0.0,6.0,0.0,1.5,0.0,0.63,0.7608474807008886
25.0,25.0,429.0,429.0,100,9.5,1.9358395459011435,0.31666666666666665,0.06452798486337145,0.9845,0.03385575462476238,0.33333333333333326,0.0,0.0,0.0,4.6,0.5504818825631803,2.7,0.7977240352174657,2.3,0.7977240352174657,0.0,0.0,0.0,0.0,0.41,0.7120180453961099,0.38,0.7075352009660443,19.59,0.7120180453961107,5.0,0.0,30.0,0.0,6.0,0.0,1.5,0.0,0.63,0.7608474807008886
25.0,25.0,430.0,430.0,100,9.5,1.9358395459011435,0.31666666666666665,0.06452798486337145,0.9845,0.03385575462476238,0.33333333333333326,0.0,0.0,0.0,4.6,0.5504818825631803,2.7,0.7977240352174657,2.3,0.7977240352174657,0.0,0.0,0.0,0.0,0.41,0.7120180453961099,0.38,0.7075352009660443,19.59,0.7120180453961107,5.0,0.0,30.0,0.0,6.0,0.0,1.5,0.0,0.63,0.7608474807008886
25.0,25.0,431.0,431.0,100,9.5,1.9358395459011435,0.31666666666666665,0.06452798486337145,0.9845,0.03385575462476238,0.33333333333333326,0.0,0.0,0.0,4.6,0.5504818825631803,2.7,0.7977240352174657,2.3,0.7977240352174657,0.0,0.0,0.0,0.0,0.41,0.7120180453961099,0.37,0.7057484028184606,19.59,0.7120180453961107,5.0,0.0,30.0,0.0,6.0,0.0,1.5,0.0,0.63,0.7608474807008886
25.0,25.0,432.0,432.0,100,9.5,1.9358395459011435,0.31666666666666665,0.06452798486337145,0.9845,0.03385575462476238,0.33333333333333326,0.0,0.0,0.0,4.6,0.5504818825631803,2.7,0.7977240352174657,2.3,0.7977240352174657,0.0,0.0,0.0,0.0,0.41,0.7120180453961099,0.37,0.7057484028184606,19.59,0.7120180453961107,5.0,0.0,30.0,0.0,6.0,0.0,1.5,0.0,0.63,0.7608474807008886
25.0,25.0,433.0,433.0,100,9.5,1.9358395459011435,0.31666666666666665,0.06452798486337145,0.9845,0.03385575462476238,0.33333333333333326,0.0,0.0,0.0,4.6,0.5504818825631803,2.7,0.7977240352174657,2.3,0.7977240352174657,0.0,0.0,0.0,0.0,0.41,0.7120180453961099,0.37,0.7057484028184606,19.59,0.7120180453961107,5.0,0.0,30.0,0.0,6.0,0.0,1.5,0.0,0.63,0.7608474807008886
25.0,25.0,434.0,434.0,100,9.5,1.9358395459011435,0.31666666666666665,0.06452798486337145,0.9845,0.03385575462476238,0.33333333333333326,0.0,0.0,0.0,4.6,0.5504818825631803,2.7,0.7977240352174657,2.3,0.7977240352174657,0.0,0.0,0.0,0.0,0.41,0.7120180453961099,0.37,0.7057484028184606,19.59,0.7120180453961107,5.0,0.0,30.0,0.0,6.0,0.0,1.5,0.0,0.63,0.7608474807008886
25.0,25.0,435.0,435.0,100,9.5,1.9358395459011435,0.31666666666666665,0.06452798486337145,0.9845,0.03385575462476238,0.33333333333333326,0.0,0.0,0.0,4.6,0.5504818825631803,2.7,0.7977240352174657,2.3,0.7977240352174657,0.0,0.0,0.0,0.0,0.41,0.7120180453961099,0.37,0.7057484028184606,19.59,0.7120180453961107,5.0,0.0,30.0,0.0,6.0,0.0,1.5,0.0,0.63,0.7608474807008886
25.0,25.0,436.0,436.0,100,9.5,1.9358395459011435,0.31666666666666665,0.06452798486337145,0.9845,0.03385575462476238,0.33333333333333326,0.0,0.0,0.0,4.6,0.5504818825631803,2.7,0.7977240352174657,2.3,0.7977240352174657,0.0,0.0,0.0,0.0,0.41,0.7120180453961099,0.37,0.7057484028184606,19.59,0.7120180453961107,5.0,0.0,30.0,0.0,6.0,0.0,1.5,0.0,0.63,0.7608474807008886
25.0,25.0,437.0,437.0,100,9.5,1.9358395459011435,0.31666666666666665,0.06452798486337145,0.9845,0.03385575462476238,0.33333333333333326,0.0,0.0,0.0,4.6,0.5504818825631803,2.7,0.7977240352174657,2.3,0.7977240352174657,0.0,0.0,0.0,0.0,0.41,0.7120180453961099,0.37,0.7057484028184606,19.59,0.7120180453961107,5.0,0.0,30.0,0.0,6.0,0.0,1.5,0.0,0.63,0.7608474807008886
25.0,25.0,438.0,438.0,100,9.5,1.9358395459011435,0.31666666666666665,0.06452798486337145,0.9845,0.03385575462476238,0.33333333333333326,0.0,0.0,0.0,4.6,0.5504818825631803,2.7,0.7977240352174657,2.3,0.7977240352174657,0.0,0.0,0.0,0.0,0.41,0.7120180453961099,0.37,0.7057484028184606,19.59,0.7120180453961107,5.0,0.0,30.0,0.0,6.0,0.0,1.5,0.0,0.63,0.7608474807008886
25.0,25.0,439.0,439.0,100,9.5,1.9358395459011435,0.31666666666666665,0.06452798486337145,0.9845,0.03385575462476238,0.33333333333333326,0.0,0.0,0.0,4.6,0.5504818825631803,2.7,0.7977240352174657,2.3,0.7977240352174657,0.0,0.0,0.0,0.0,0.41,0.7120180453961099,0.37,0.7057484028184606,19.59,0.7120180453961107,5.0,0.0,30.0,0.0,6.0,0.0,1.5,0.0,0.63,0.7608474807008886
25.0,25.0,440.0,440.0,100,9.5,1.9358395459011435,0.31666666666666665,0.06452798486337145,0.9845,0.03385575462476238,0.33333333333333326,0.0,0.0,0.0,4.6,0.5504818825631803,2.7,0.7977240352174657,2.3,0.7977240352174657,0.0,0.0,0.0,0.0,0.41,0.7120180453961099,0.37,0.7057484028184606,19.59,0.7120180453961107,5.0,0.0,30.0,0.0,6.0,0.0,1.5,0.0,0.63,0.7608474807008886
25.0,25.0,441.0,441.0,100,9.5,1.9358395459011435,0.31666666666666665,0.06452798486337145,0.9845,0.03385575462476238,0.33333333333333326,0.0,0.0,0.0,4.6,0.5504818825631803,2.7,0.7977240352174657,2.3,0.7977240352174657,0.0,0.0,0.0,0.0,0.41,0.7120180453961099,0.37,0.7057484028184606,19.59,0.7120180453961107,5.0,0.0,30.0,0.0,6.0,0.0,1.5,0.0,0.63,0.7608474807008886
25.0,25.0,442.0,442.0,100,9.5,1.9358395459011435,0.31666666666666665,0.06452798486337145,0.9845,0.03385575462476238,0.33333333333333326,0.0,0.0,0.0,4.6,0.5504818825631803,2.7,0.7977240352174657,2.3,0.7977240352174657,0.0,0.0,0.0,0.0,0.41,0.7120180453961099,0.37,0.7057484028184606,19.59,0.7120180453961107,5.0,0.0,30.0,0.0,6.0,0.0,1.5,0.0,0.63,0.7608474807008886
25.0,25.0,443.0,443.0,100,9.5,1.9358395459011435,0.31666666666666665,0.06452798486337145,0.9845,0.03385575462476238,0.33333333333333326,0.0,0.0,0.0,4.6,0.5504818825631803,2.7,0.7977240352174657,2.3,0.7977240352174657,0.0,0.0,0.0,0.0,0.41,0.7120180453961099,0.36,0.7038135657640705,19.59,0.7120180453961107,5.0,0.0,30.0,0.0,6.0,0.0,1.5,0.0,0.63,0.7608474807008886
25.0,25.0,444.0,444.0,100,9.5,1.9358395459011435,0.31666666666666665,0.06452798486337145,0.9845,0.03385575462476238,0.33333333333333326,0.0,0.0,0.0,4.6,0.5504818825631803,2.7,0.7977240352174657,2.3,0.7977240352174657,0.0,0.0,0.0,0.0,0.41,0.7120180453961099,0.36,0.7038135657640705,19.59,0.7120180453961107,5.0,0.0,30.0,0.0,6.0,0.0,1.5,0.0,0.63,0.7608474807008886
25.0,25.0,445.0,445.0,100,9.5,1.9358395459011435,0.31666666666666665,0.06452798486337145,0.9845,0.03385575462476238,0.33333333333333326,0.0,0.0,0.0,4.6,0.5504818825631803,2.7,0.7977240352174657,2.3,0.7977240352174657,0.0,0.0,0.0,0.0,0.41,0.7120180453961099,0.36,0.7038135657640705,19.59,0.7120180453961107,5.0,0.0,30.0,0.0,6.0,0.0,1.5,0.0,0.63,0.7608474807008886
25.0,25.0,446.0,446.0,100,9.49,1.9668721002103455,0.3163333333333333,0.06556240334034488,0.9845,0.03385575462476238,0.33333333333333326,0.0,0.000333333333333333,0.00333333333333333,4.6,0.5504818825631803,2.7,0.7977240352174657,2.3,0.7977240352174657,0.0,0.0,0.0,0.0,0.4,0.7106690545187017,0.36,0.7038135657640705,19.6,0.7106690545187018,5.0,0.0,30.0,0.0,6.0,0.0,1.5,0.0,0.63,0.7608474807008886
25.0,25.0,447.0,447.0,100,9.49,1.9668721002103455,0.3163333333333333,0.06556240334034488,0.9845,0.03385575462476238,0.33333333333333326,0.0,0.0,0.0,4.6,0.5504818825631803,2.7,0.7977240352174657,2.3,0.7977240352174657,0.0,0.0,0.0,0.0,0.4,0.7106690545187017,0.36,0.7038135657640705,19.6,0.7106690545187018,5.0,0.0,30.0,0.0,6.0,0.0,1.5,0.0,0.63,0.7608474807008886
25.0,25.0,448.0,448.0,100,9.49,1.9668721002103455,0.3163333333333333,0.06556240334034488,0.9845,0.03385575462476238,0.33333333333333326,0.0,0.0,0.0,4.6,0.5504818825631803,2.7,0.7977240352174657,2.3,0.7977240352174657,0.0,0.0,0.0,0.0,0.4,0.7106690545187017,0.36,0.7038135657640705,19.6,0.7106690545187018,5.0,0.0,30.0,0.0,6.0,0.0,1.5,0.0,0.63,0.7608474807008886
25.0,25.0,449.0,449.0,100,9.49,1.9668721002103455,0.3163333333333333,0.06556240334034488,0.9845,0.03385575462476238,0.33333333333333326,0.0,0.0,0.0,4.6,0.5504818825631803,2.7,0.7977240352174657,2.3,0.7977240352174657,0.0,0.0,0.0,0.0,0.4,0.7106690545187017,0.36,0.7038135657640705,19.6,0.7106690545187018,5.0,0.0,30.0,0.0,6.0,0.0,1.5,0.0,0.63,0.7608474807008886
25.0,25.0,450.0,450.0,100,9.49,1.9668721002103455,0.3163333333333333,0.06556240334034488,0.9845,0.03385575462476238,0.33333333333333326,0.0,0.0,0.0,4.6,0.5504818825631803,2.7,0.7977240352174657,2.3,0.7977240352174657,0.0,0.0,0.0,0.0,0.4,0.7106690545187017,0.36,0.7038135657640705,19.6,0.7106690545187018,5.0,0.0,30.0,0.0,6.0,0.0,1.5,0.0,0.63,0.7608474807008886
25.0,25.0,451.0,451.0,100,9.49,1.9668721002103455,0.3163333333333333,0.06556240334034488,0.9845,0.03385575462476238,0.33333333333333326,0.0,0.0,0.0,4.6,0.5504818825631803,2.7,0.7977240352174657,2.3,0.7977240352174657,0.0,0.0,0.0,0.0,0.4,0.7106690545187017,0.36,0.7038135657640705,19.6,0.7106690545187018,5.0,0.0,30.0,0.0,6.0,0.0,1.5,0.0,0.63,0.7608474807008886
25.0,25.0,452.0,452.0,100,9.49,1.9668721002103455,0.3163333333333333,0.06556240334034488,0.9845,0.03385575462476238,0.33333333333333326,0.0,0.0,0.0,4.6,0.5504818825631803,2.7,0.7977240352174657,2.3,0.7977240352174657,0.0,0.0,0.0,0.0,0.4,0.7106690545187017,0.36,0.7038135657640705,19.6,0.7106690545187018,5.0,0.0,30.0,0.0,6.0,0.0,1.5,0.0,0.63,0.7608474807008886
25.0,25.0,453.0,453.0,100,9.49,1.9668721002103455,0.3163333333333333,0.06556240334034488,0.9845,0.03385575462476238,0.33333333333333326,0.0,0.0,0.0,4.6,0.5504818825631803,2.7,0.7977240352174657,2.3,0.7977240352174657,0.0,0.0,0.0,0.0,0.4,0.7106690545187017,0.35,0.6871842709362769,19.6,0.7106690545187018,5.0,0.0,30.0,0.0,6.0,0.0,1.5,0.0,0.63,0.7608474807008886
25.0,25.0,454.0,454.0,100,9.48,1.9616525706864618,0.316,0.06538841902288209,0.985,0.03370999312316207,0.33333333333333326,0.0,0.0003333333333333327,0.0033333333333333275,4.6,0.5504818825631803,2.7,0.7977240352174657,2.3,0.7977240352174657,0.0,0.0,0.0,0.0,0.39,0.7091750791795304,0.35,0.6871842709362769,19.61,0.7091750791795304,5.0,0.0,30.0,0.0,6.0,0.0,1.5,0.0,0.63,0.7608474807008886
25.0,25.0,455.0,455.0,100,9.48,1.9616525706864618,0.316,0.06538841902288209,0.985,0.03370999312316207,0.33333333333333326,0.0,0.0,0.0,4.6,0.5504818825631803,2.7,0.7977240352174657,2.3,0.7977240352174657,0.0,0.0,0.0,0.0,0.39,0.7091750791795304,0.35,0.6871842709362769,19.61,0.7091750791795304,5.0,0.0,30.0,0.0,6.0,0.0,1.5,0.0,0.63,0.7608474807008886
25.0,25.0,456.0,456.0,100,9.47,1.9820150953975695,0.31566666666666665,0.06606716984658567,0.985,0.03370999312316207,0.33333333333333326,0.0,0.0003333333333333341,0.0033333333333333414,4.61,0.5485518124198397,2.7,0.7977240352174657,2.3,0.7977240352174657,0.0,0.0,0.0,0.0,0.38,0.7075352009660443,0.34,0.6849021164304496,19.62,0.7075352009660447,5.0,0.0,30.0,0.0,6.0,0.0,1.5,0.0,0.63,0.7608474807008886
25.0,25.0,457.0,457.0,100,9.47,1.9820150953975695,0.31566666666666665,0.06606716984658567,0.985,0.03370999312316207,0.33333333333333326,0.0,0.0,0.0,4.61,0.5485518124198397,2.7,0.7977240352174657,2.3,0.7977240352174657,0.0,0.0,0.0,0.0,0.38,0.7075352009660443,0.34,0.6849021164304496,19.62,0.7075352009660447,5.0,0.0,30.0,0.0,6.0,0.0,1.5,0.0,0.63,0.7608474807008886
25.0,25.0,458.0,458.0,100,9.47,1.9820150953975695,0.31566666666666665,0.06606716984658567,0.985,0.03370999312316207,0.33333333333333326,0.0,0.0,0.0,4.61,0.5485518124198397,2.7,0.7977240352174657,2.3,0.7977240352174657,0.0,0.0,0.0,0.0,0.38,0.7075352009660443,0.34,0.6849021164304496,19.62,0.7075352009660447,5.0,0.0,30.0,0.0,6.0,0.0,1.5,0.0,0.63,0.7608474807008886
25.0,25.0,459.0,459.0,100,9.46,1.9767333526489466,0.3153333333333333,0.06589111175496494,0.9854999999999999,0.03355607398087713,0.33333333333333326,0.0,0.0003333333333333327,0.003333333333333328,4.61,0.5485518124198397,2.7,0.7977240352174657,2.3,0.7977240352174657,0.0,0.0,0.0,0.0,0.37,0.7057484028184606,0.34,0.6849021164304496,19.63,0.7057484028184606,5.0,0.0,30.0,0.0,6.0,0.0,1.5,0.0,0.63,0.7608474807008886
25.0,25.0,460.0,460.0,100,9.46,1.9767333526489466,0.3153333333333333,0.06589111175496494,0.9854999999999999,0.03355607398087713,0.33333333333333326,0.0,0.0,0.0,4.61,0.5485518124198397,2.7,0.7977240352174657,2.3,0.7977240352174657,0.0,0.0,0.0,0.0,0.37,0.7057484028184606,0.34,0.6849021164304496,19.63,0.7057484028184606,5.0,0.0,30.0,0.0,6.0,0.0,1.5,0.0,0.63,0.7608474807008886
25.0,25.0,461.0,461.0,100,9.46,1.9767333526489466,0.3153333333333333,0.06589111175496494,0.9854999999999999,0.03355607398087713,0.33333333333333326,0.0,0.0,0.0,4.61,0.5485518124198397,2.7,0.7977240352174657,2.3,0.7977240352174657,0.0,0.0,0.0,0.0,0.37,0.7057484028184606,0.34,0.6849021164304496,19.63,0.7057484028184606,5.0,0.0,30.0,0.0,6.0,0.0,1.5,0.0,0.63,0.7608474807008886
25.0,25.0,462.0,462.0,100,9.46,1.9767333526489466,0.3153333333333333,0.06589111175496494,0.9854999999999999,0.03355607398087713,0.33333333333333326,0.0,0.0,0.0,4.61,0.5485518124198397,2.7,0.7977240352174657,2.3,0.7977240352174657,0.0,0.0,0.0,0.0,0.37,0.7057484028184606,0.34,0.6849021164304496,19.63,0.7057484028184606,5.0,0.0,30.0,0.0,6.0,0.0,1.5,0.0,0.63,0.7608474807008886
25.0,25.0,463.0,463.0,100,9.46,1.9767333526489466,0.3153333333333333,0.06589111175496494,0.9854999999999999,0.03355607398087713,0.33333333333333326,0.0,0.0,0.0,4.61,0.5485518124198397,2.7,0.7977240352174657,2.3,0.7977240352174657,0.0,0.0,0.0,0.0,0.37,0.7057484028184606,0.34,0.6849021164304496,19.63,0.7057484028184606,5.0,0.0,30.0,0.0,6.0,0.0,1.5,0.0,0.63,0.7608474807008886
25.0,25.0,464.0,464.0,100,9.46,1.9767333526489466,0.3153333333333333,0.06589111175496494,0.9854999999999999,0.03355607398087713,0.33333333333333326,0.0,0.0,0.0,4.61,0.5485518124198397,2.7,0.7977240352174657,2.3,0.7977240352174657,0.0,0.0,0.0,0.0,0.37,0.7057484028184606,0.33,0.6824643402827549,19.63,0.7057484028184606,5.0,0.0,30.0,0.0,6.0,0.0,1.5,0.0,0.63,0.7608474807008886
25.0,25.0,465.0,465.0,100,9.46,1.9767333526489466,0.3153333333333333,0.06589111175496494,0.9854999999999999,0.03355607398087713,0.33333333333333326,0.0,0.0,0.0,4.61,0.5485518124198397,2.7,0.7977240352174657,2.3,0.7977240352174657,0.0,0.0,0.0,0.0,0.37,0.7057484028184606,0.32,0.679869268479038,19.63,0.7057484028184606,5.0,0.0,30.0,0.0,6.0,0.0,1.5,0.0,0.63,0.7608474807008886
25.0,25.0,466.0,466.0,100,9.46,1.9767333526489466,0.3153333333333333,0.06589111175496494,0.9854999999999999,0.03355607398087713,0.33333333333333326,0.0,0.0,0.0,4.61,0.5485518124198397,2.7,0.7977240352174657,2.3,0.7977240352174657,0.0,0.0,0.0,0.0,0.37,0.7057484028184606,0.32,0.679869268479038,19.63,0.7057484028184606,5.0,0.0,30.0,0.0,6.0,0.0,1.5,0.0,0.63,0.7608474807008886
25.0,25.0,467.0,467.0,100,9.45,1.9765033914885284,0.31499999999999995,0.06588344638295097,0.9854999999999999,0.03355607398087713,0.33333333333333326,0.0,0.00033333333333333327,0.0033333333333333335,4.61,0.5485518124198397,2.7,0.7977240352174657,2.3,0.7977240352174657,0.0,0.0,0.0,0.0,0.36,0.7038135657640705,0.32,0.679869268479038,19.64,0.7038135657640708,5.0,0.0,30.0,0.0,6.0,0.0,1.5,0.0,0.63,0.7608474807008886
25.0,25.0,468.0,468.0,100,9.45,1.9765033914885284,0.31499999999999995,0.06588344638295097,0.9854999999999999,0.03355607398087713,0.33333333333333326,0.0,0.0,0.0,4.61,0.5485518124198397,2.7,0.7977240352174657,2.3,0.7977240352174657,0.0,0.0,0.0,0.0,0.36,0.7038135657640705,0.32,0.679869268479038,19.64,0.7038135657640708,5.0,0.0,30.0,0.0,6.0,0.0,1.5,0.0,0.63,0.7608474807008886
25.0,25.0,469.0,469.0,100,9.45,1.9765033914885284,0.31499999999999995,0.06588344638295097,0.9854999999999999,0.03355607398087713,0.33333333333333326,0.0,0.0,0.0,4.61,0.5485518124198397,2.7,0.7977240352174657,2.3,0.7977240352174657,0.0,0.0,0.0,0.0,0.36,0.7038135657640705,0.32,0.679869268479038,19.64,0.7038135657640708,5.0,0.0,30.0,0.0,6.0,0.0,1.5,0.0,0.63,0.7608474807008886
25.0,25.0,470.0,470.0,100,9.45,1.9765033914885284,0.31499999999999995,0.06588344638295097,0.9854999999999999,0.03355607398087713,0.33333333333333326,0.0,0.0,0.0,4.61,0.5485518124198397,2.7,0.7977240352174657,2.3,0.7977240352174657,0.0,0.0,0.0,0.0,0.36,0.7038135657640705,0.32,0.679869268479038,19.64,0.7038135657640708,5.0,0.0,30.0,0.0,6.0,0.0,1.5,0.0,0.63,0.7608474807008886
25.0,25.0,471.0,471.0,100,9.45,1.9765033914885284,0.31499999999999995,0.06588344638295097,0.9854999999999999,0.03355607398087713,0.33333333333333326,0.0,0.0,0.0,4.61,0.5485518124198397,2.7,0.7977240352174657,2.3,0.7977240352174657,0.0,0.0,0.0,0.0,0.36,0.7038135657640705,0.32,0.679869268479038,19.64,0.7038135657640708,5.0,0.0,30.0,0.0,6.0,0.0,1.5,0.0,0.63,0.7608474807008886
25.0,25.0,472.0,472.0,100,9.45,1.9765033914885284,0.31499999999999995,0.06588344638295097,0.9854999999999999,0.03355607398087713,0.33333333333333326,0.0,0.0,0.0,4.61,0.5485518124198397,2.7,0.7977240352174657,2.3,0.7977240352174657,0.0,0.0,0.0,0.0,0.36,0.7038135657640705,0.32,0.679869268479038,19.64,0.7038135657640708,5.0,0.0,30.0,0.0,6.0,0.0,1.5,0.0,0.63,0.7608474807008886
25.0,25.0,473.0,473.0,100,9.45,1.9765033914885284,0.31499999999999995,0.06588344638295097,0.9854999999999999,0.03355607398087713,0.33333333333333326,0.0,0.0,0.0,4.61,0.5485518124198397,2.7,0.7977240352174657,2.3,0.7977240352174657,0.0,0.0,0.0,0.0,0.36,0.7038135657640705,0.32,0.679869268479038,19.64,0.7038135657640708,5.0,0.0,30.0,0.0,6.0,0.0,1.5,0.0,0.63,0.7608474807008886
25.0,25.0,474.0,474.0,100,9.45,1.9765033914885284,0.31499999999999995,0.06588344638295097,0.9854999999999999,0.03355607398087713,0.33333333333333326,0.0,0.0,0.0,4.61,0.5485518124198397,2.7,0.7977240352174657,2.3,0.7977240352174657,0.0,0.0,0.0,0.0,0.36,0.7038135657640705,0.32,0.679869268479038,19.64,0.7038135657640708,5.0,0.0,30.0,0.0,6.0,0.0,1.5,0.0,0.63,0.7608474807008886
25.0,25.0,475.0,475.0,100,9.45,1.9765033914885284,0.31499999999999995,0.06588344638295097,0.9854999999999999,0.03355607398087713,0.33333333333333326,0.0,0.0,0.0,4.61,0.5485518124198397,2.7,0.7977240352174657,2.3,0.7977240352174657,0.0,0.0,0.0,0.0,0.36,0.7038135657640705,0.31,0.6771150924952481,19.64,0.7038135657640708,5.0,0.0,30.0,0.0,6.0,0.0,1.5,0.0,0.63,0.7608474807008886
25.0,25.0,476.0,476.0,100,9.45,1.9765033914885284,0.31499999999999995,0.06588344638295097,0.9854999999999999,0.03355607398087713,0.33333333333333326,0.0,0.0,0.0,4.61,0.5485518124198397,2.7,0.7977240352174657,2.3,0.7977240352174657,0.0,0.0,0.0,0.0,0.36,0.7038135657640705,0.31,0.6771150924952481,19.64,0.7038135657640708,5.0,0.0,30.0,0.0,6.0,0.0,1.5,0.0,0.63,0.7608474807008886
25.0,25.0,477.0,477.0,100,9.45,1.9765033914885284,0.31499999999999995,0.06588344638295097,0.9854999999999999,0.03355607398087713,0.33333333333333326,0.0,0.0,0.0,4.61,0.5485518124198397,2.7,0.7977240352174657,2.3,0.7977240352174657,0.0,0.0,0.0,0.0,0.36,0.7038135657640705,0.31,0.6771150924952481,19.64,0.7038135657640708,5.0,0.0,30.0,0.0,6.0,0.0,1.5,0.0,0.63,0.7608474807008886
25.0,25.0,478.0,478.0,100,9.44,1.965973169972191,0.31466666666666665,0.06553243899907302,0.986,0.03262892067854014,0.33333333333333326,0.0,0.00033333333333333435,0.003333333333333344,4.61,0.5485518124198397,2.7,0.7977240352174657,2.3,0.7977240352174657,0.0,0.0,0.0,0.0,0.35,0.6871842709362769,0.31,0.6771150924952481,19.65,0.6871842709362768,5.0,0.0,30.0,0.0,6.0,0.0,1.5,0.0,0.63,0.7608474807008886
25.0,25.0,479.0,479.0,100,9.44,1.965973169972191,0.31466666666666665,0.06553243899907302,0.986,0.03262892067854014,0.33333333333333326,0.0,0.0,0.0,4.61,0.5485518124198397,2.7,0.7977240352174657,2.3,0.7977240352174657,0.0,0.0,0.0,0.0,0.35,0.6871842709362769,0.31,0.6771150924952481,19.65,0.6871842709362768,5.0,0.0,30.0,0.0,6.0,0.0,1.5,0.0,0.63,0.7608474807008886
25.0,25.0,480.0,480.0,100,9.44,1.965973169972191,0.31466666666666665,0.06553243899907302,0.986,0.03262892067854014,0.33333333333333326,0.0,0.0,0.0,4.61,0.5485518124198397,2.7,0.7977240352174657,2.3,0.7977240352174657,0.0,0.0,0.0,0.0,0.35,0.6871842709362769,0.31,0.6771150924952481,19.65,0.6871842709362768,5.0,0.0,30.0,0.0,6.0,0.0,1.5,0.0,0.63,0.7608474807008886
25.0,25.0,481.0,481.0,100,9.44,1.965973169972191,0.31466666666666665,0.06553243899907302,0.986,0.03262892067854014,0.33333333333333326,0.0,0.0,0.0,4.61,0.5485518124198397,2.7,0.7977240352174657,2.3,0.7977240352174657,0.0,0.0,0.0,0.0,0.35,0.6871842709362769,0.3,0.6276459144608478,19.65,0.6871842709362768,5.0,0.0,30.0,0.0,6.0,0.0,1.5,0.0,0.63,0.7608474807008886
25.0,25.0,482.0,482.0,100,9.44,1.965973169972191,0.31466666666666665,0.06553243899907302,0.986,0.03262892067854014,0.33333333333333326,0.0,0.0,0.0,4.61,0.5485518124198397,2.7,0.7977240352174657,2.3,0.7977240352174657,0.0,0.0,0.0,0.0,0.35,0.6871842709362769,0.3,0.6276459144608478,19.65,0.6871842709362768,5.0,0.0,30.0,0.0,6.0,0.0,1.5,0.0,0.63,0.7608474807008886
25.0,25.0,483.0,483.0,100,9.44,1.965973169972191,0.31466666666666665,0.06553243899907302,0.986,0.03262892067854014,0.33333333333333326,0.0,0.0,0.0,4.61,0.5485518124198397,2.7,0.7977240352174657,2.3,0.7977240352174657,0.0,0.0,0.0,0.0,0.35,0.6871842709362769,0.3,0.6276459144608478,19.65,0.6871842709362768,5.0,0.0,30.0,0.0,6.0,0.0,1.5,0.0,0.63,0.7608474807008886
25.0,25.0,484.0,484.0,100,9.42,1.9703868255812724,0.314,0.06567956085270907,0.986,0.03262892067854014,0.33333333333333326,0.0,0.0006666666666666671,0.0066666666666666706,4.61,0.5485518124198397,2.7,0.7977240352174657,2.3,0.7977240352174657,0.0,0.0,0.0,0.0,0.34,0.6849021164304496,0.3,0.6276459144608478,19.66,0.6849021164304492,5.0,0.0,30.0,0.0,6.0,0.0,1.5,0.0,0.63,0.7608474807008886
25.0,25.0,485.0,485.0,100,9.42,1.9703868255812724,0.314,0.06567956085270907,0.986,0.03262892067854014,0.33333333333333326,0.0,0.0,0.0,4.61,0.5485518124198397,2.7,0.7977240352174657,2.3,0.7977240352174657,0.0,0.0,0.0,0.0,0.34,0.6849021164304496,0.29,0.6243380332784315,19.66,0.6849021164304492,5.0,0.0,30.0,0.0,6.0,0.0,1.5,0.0,0.63,0.7608474807008886
25.0,25.0,486.0,486.0,100,9.42,1.9703868255812724,0.314,0.06567956085270907,0.986,0.03262892067854014,0.33333333333333326,0.0,0.0,0.0,4.61,0.5485518124198397,2.7,0.7977240352174657,2.3,0.7977240352174657,0.0,0.0,0.0,0.0,0.34,0.6849021164304496,0.29,0.6243380332784315,19.66,0.6849021164304492,5.0,0.0,30.0,0.0,6.0,0.0,1.5,0.0,0.63,0.7608474807008886
25.0,25.0,487.0,487.0,100,9.42,1.9703868255812724,0.314,0.06567956085270907,0.986,0.03262892067854014,0.33333333333333326,0.0,0.0,0.0,4.61,0.5485518124198397,2.7,0.7977240352174657,2.3,0.7977240352174657,0.0,0.0,0.0,0.0,0.34,0.6849021164304496,0.29,0.6243380332784315,19.66,0.6849021164304492,5.0,0.0,30.0,0.0,6.0,0.0,1.5,0.0,0.63,0.7608474807008886
25.0,25.0,488.0,488.0,100,9.42,1.9703868255812724,0.314,0.06567956085270907,0.986,0.03262892067854014,0.33333333333333326,0.0,0.0,0.0,4.61,0.5485518124198397,2.7,0.7977240352174657,2.3,0.7977240352174657,0.0,0.0,0.0,0.0,0.34,0.6849021164304496,0.29,0.6243380332784315,19.66,0.6849021164304492,5.0,0.0,30.0,0.0,6.0,0.0,1.5,0.0,0.63,0.7608474807008886
25.0,25.0,489.0,489.0,100,9.41,1.9648167982041098,0.31366666666666665,0.06549389327347037,0.9865,0.03245431910058856,0.33333333333333326,0.0,0.0003333333333333327,0.0033333333333333266,4.62,0.5464301040259939,2.7,0.7977240352174657,2.3,0.7977240352174657,0.0,0.0,0.0,0.0,0.33,0.6824643402827549,0.28,0.6208498574168682,19.67,0.6824643402827548,5.0,0.0,30.0,0.0,6.0,0.0,1.5,0.0,0.63,0.7608474807008886
25.0,25.0,490.0,490.0,100,9.4,1.9591793788175291,0.3133333333333333,0.06530597929391767,0.987,0.03227094887687905,0.33333333333333326,0.0,0.0003333333333333327,0.003333333333333328,4.63,0.5441145155760927,2.7,0.7977240352174657,2.3,0.7977240352174657,0.0,0.0,0.0,0.0,0.32,0.679869268479038,0.28,0.6208498574168682,19.68,0.6798692684790381,5.0,0.0,30.0,0.0,6.0,0.0,1.5,0.0,0.63,0.7608474807008886
25.0,25.0,491.0,491.0,100,9.4,1.9591793788175291,0.3133333333333333,0.06530597929391767,0.987,0.03227094887687905,0.33333333333333326,0.0,0.0,0.0,4.63,0.5441145155760927,2.7,0.7977240352174657,2.3,0.7977240352174657,0.0,0.0,0.0,0.0,0.32,0.679869268479038,0.28,0.6208498574168682,19.68,0.6798692684790381,5.0,0.0,30.0,0.0,6.0,0.0,1.5,0.0,0.63,0.7608474807008886
25.0,25.0,492.0,492.0,100,9.4,1.9591793788175291,0.3133333333333333,0.06530597929391767,0.987,0.03227094887687905,0.33333333333333326,0.0,0.0,0.0,4.63,0.5441145155760927,2.7,0.7977240352174657,2.3,0.7977240352174657,0.0,0.0,0.0,0.0,0.32,0.679869268479038,0.27,0.6171783299088611,19.68,0.6798692684790381,5.0,0.0,30.0,0.0,6.0,0.0,1.5,0.0,0.63,0.7608474807008886
25.0,25.0,493.0,493.0,100,9.4,1.9591793788175291,0.3133333333333333,0.06530597929391767,0.987,0.03227094887687905,0.33333333333333326,0.0,0.0,0.0,4.63,0.5441145155760927,2.7,0.7977240352174657,2.3,0.7977240352174657,0.0,0.0,0.0,0.0,0.32,0.679869268479038,0.26,0.6133201579612529,19.68,0.6798692684790381,5.0,0.0,30.0,0.0,6.0,0.0,1.5,0.0,0.63,0.7608474807008886
25.0,25.0,494.0,494.0,100,9.39,1.953473983973323,0.31299999999999994,0.06511579946577742,0.9875,0.0320786596359699,0.33333333333333326,0.0,0.0003333333333333327,0.0033333333333333275,4.63,0.5441145155760927,2.7,0.7977240352174657,2.3,0.7977240352174657,0.0,0.0,0.0,0.0,0.31,0.6771150924952481,0.26,0.6133201579612529,19.69,0.6771150924952483,5.0,0.0,30.0,0.0,6.0,0.0,1.5,0.0,0.63,0.7608474807008886
25.0,25.0,495.0,495.0,100,9.39,1.953473983973323,0.31299999999999994,0.06511579946577742,0.9875,0.0320786596359699,0.33333333333333326,0.0,0.0,0.0,4.63,0.5441145155760927,2.7,0.7977240352174657,2.3,0.7977240352174657,0.0,0.0,0.0,0.0,0.31,0.6771150924952481,0.25,0.6092717958449425,19.69,0.6771150924952483,5.0,0.0,30.0,0.0,6.0,0.0,1.5,0.0,0.63,0.7608474807008886
25.0,25.0,496.0,496.0,100,9.39,1.953473983973323,0.31299999999999994,0.06511579946577742,0.9875,0.0320786596359699,0.33333333333333326,0.0,0.0,0.0,4.63,0.5441145155760927,2.7,0.7977240352174657,2.3,0.7977240352174657,0.0,0.0,0.0,0.0,0.31,0.6771150924952481,0.25,0.6092717958449425,19.69,0.6771150924952483,5.0,0.0,30.0,0.0,6.0,0.0,1.5,0.0,0.63,0.7608474807008886
25.0,25.0,497.0,497.0,100,9.39,1.953473983973323,0.31299999999999994,0.06511579946577742,0.9875,0.0320786596359699,0.33333333333333326,0.0,0.0,0.0,4.63,0.5441145155760927,2.7,0.7977240352174657,2.3,0.7977240352174657,0.0,0.0,0.0,0.0,0.31,0.6771150924952481,0.25,0.6092717958449425,19.69,0.6771150924952483,5.0,0.0,30.0,0.0,6.0,0.0,1.5,0.0,0.63,0.7608474807008886
25.0,25.0,498.0,498.0,100,9.39,1.953473983973323,0.31299999999999994,0.06511579946577742,0.9875,0.0320786596359699,0.33333333333333326,0.0,0.0,0.0,4.63,0.5441145155760927,2.7,0.7977240352174657,2.3,0.7977240352174657,0.0,0.0,0.0,0.0,0.31,0.6771150924952481,0.25,0.6092717958449425,19.69,0.6771150924952483,5.0,0.0,30.0,0.0,6.0,0.0,1.5,0.0,0.63,0.7608474807008886
25.0,25.0,499.0,499.0,100,9.39,1.953473983973323,0.31299999999999994,0.06511579946577742,0.9875,0.0320786596359699,0.33333333333333326,0.0,0.0,0.0,4.63,0.5441145155760927,2.7,0.7977240352174657,2.3,0.7977240352174657,0.0,0.0,0.0,0.0,0.31,0.6771150924952481,0.25,0.6092717958449425,19.69,0.6771150924952483,5.0,0.0,30.0,0.0,6.0,0.0,1.5,0.0,0.63,0.7608474807008886
25.0,25.0,500.0,500.0,100,9.39,1.953473983973323,0.31299999999999994,0.06511579946577742,0.9875,0.0320786596359699,0.33333333333333326,0.0,0.0,0.0,4.63,0.5441145155760927,2.7,0.7977240352174657,2.3,0.7977240352174657,0.0,0.0,0.0,0.0,0.31,0.6771150924952481,0.25,0.6092717958449425,19.69,0.6771150924952483,5.0,0.0,30.0,0.0,6.0,0.0,1.5,0.0,0.63,0.7608474807008886
25.0,25.0,501.0,501.0,100,9.39,1.953473983973323,0.31299999999999994,0.06511579946577742,0.9875,0.0320786596359699,0.33333333333333326,0.0,0.0,0.0,4.63,0.5441145155760927,2.7,0.7977240352174657,2.3,0.7977240352174657,0.0,0.0,0.0,0.0,0.31,0.6771150924952481,0.25,0.6092717958449425,19.69,0.6771150924952483,5.0,0.0,30.0,0.0,6.0,0.0,1.5,0.0,0.63,0.7608474807008886
25.0,25.0,502.0,502.0,100,9.39,1.953473983973323,0.31299999999999994,0.06511579946577742,0.9875,0.0320786596359699,0.33333333333333326,0.0,0.0,0.0,4.63,0.5441145155760927,2.7,0.7977240352174657,2.3,0.7977240352174657,0.0,0.0,0.0,0.0,0.31,0.6771150924952481,0.25,0.6092717958449425,19.69,0.6771150924952483,5.0,0.0,30.0,0.0,6.0,0.0,1.5,0.0,0.63,0.7608474807008886
25.0,25.0,503.0,503.0,100,9.39,1.953473983973323,0.31299999999999994,0.06511579946577742,0.9875,0.0320786596359699,0.33333333333333326,0.0,0.0,0.0,4.63,0.5441145155760927,2.7,0.7977240352174657,2.3,0.7977240352174657,0.0,0.0,0.0,0.0,0.31,0.6771150924952481,0.25,0.6092717958449425,19.69,0.6771150924952483,5.0,0.0,30.0,0.0,6.0,0.0,1.5,0.0,0.63,0.7608474807008886
25.0,25.0,504.0,504.0,100,9.39,1.953473983973323,0.31299999999999994,0.06511579946577742,0.9875,0.0320786596359699,0.33333333333333326,0.0,0.0,0.0,4.63,0.5441145155760927,2.7,0.7977240352174657,2.3,0.7977240352174657,0.0,0.0,0.0,0.0,0.31,0.6771150924952481,0.25,0.6092717958449425,19.69,0.6771150924952483,5.0,0.0,30.0,0.0,6.0,0.0,1.5,0.0,0.63,0.7608474807008886
25.0,25.0,505.0,505.0,100,9.39,1.953473983973323,0.31299999999999994,0.06511579946577742,0.9875,0.0320786596359699,0.33333333333333326,0.0,0.0,0.0,4.63,0.5441145155760927,2.7,0.7977240352174657,2.3,0.7977240352174657,0.0,0.0,0.0,0.0,0.31,0.6771150924952481,0.25,0.6092717958449425,19.69,0.6771150924952483,5.0,0.0,30.0,0.0,6.0,0.0,1.5,0.0,0.63,0.7608474807008886
25.0,25.0,506.0,506.0,100,9.38,1.9320790079417798,0.31266666666666665,0.06440263359805934,0.988,0.029404871444141105,0.33333333333333326,0.0,0.0003333333333333338,0.0033333333333333388,4.63,0.5441145155760927,2.7,0.7977240352174657,2.3,0.7977240352174657,0.0,0.0,0.0,0.0,0.3,0.6276459144608478,0.25,0.6092717958449425,19.7,0.6276459144608477,5.0,0.0,30.0,0.0,6.0,0.0,1.5,0.0,0.63,0.7608474807008886
25.0,25.0,507.0,507.0,100,9.38,1.9320790079417798,0.31266666666666665,0.06440263359805934,0.988,0.029404871444141105,0.33333333333333326,0.0,0.0,0.0,4.63,0.5441145155760927,2.7,0.7977240352174657,2.3,0.7977240352174657,0.0,0.0,0.0,0.0,0.3,0.6276459144608478,0.25,0.6092717958449425,19.7,0.6276459144608477,5.0,0.0,30.0,0.0,6.0,0.0,1.5,0.0,0.63,0.7608474807008886
25.0,25.0,508.0,508.0,100,9.37,1.9261884695434193,0.3123333333333333,0.06420628231811398,0.9884999999999999,0.029176405300561384,0.33333333333333326,0.0,0.0003333333333333327,0.0033333333333333275,4.63,0.5441145155760927,2.7,0.7977240352174657,2.3,0.7977240352174657,0.0,0.0,0.0,0.0,0.29,0.6243380332784315,0.25,0.6092717958449425,19.71,0.6243380332784314,5.0,0.0,30.0,0.0,6.0,0.0,1.5,0.0,0.63,0.7608474807008886
25.0,25.0,509.0,509.0,100,9.37,1.9261884695434193,0.3123333333333333,0.06420628231811398,0.9884999999999999,0.029176405300561384,0.33333333333333326,0.0,0.0,0.0,4.63,0.5441145155760927,2.7,0.7977240352174657,2.3,0.7977240352174657,0.0,0.0,0.0,0.0,0.29,0.6243380332784315,0.25,0.6092717958449425,19.71,0.6243380332784314,5.0,0.0,30.0,0.0,6.0,0.0,1.5,0.0,0.63,0.7608474807008886
25.0,25.0,510.0,510.0,100,9.37,1.9261884695434193,0.3123333333333333,0.06420628231811398,0.9884999999999999,0.029176405300561384,0.33333333333333326,0.0,0.0,0.0,4.63,0.5441145155760927,2.7,0.7977240352174657,2.3,0.7977240352174657,0.0,0.0,0.0,0.0,0.29,0.6243380332784315,0.25,0.6092717958449425,19.71,0.6243380332784314,5.0,0.0,30.0,0.0,6.0,0.0,1.5,0.0,0.63,0.7608474807008886
25.0,25.0,511.0,511.0,100,9.37,1.9261884695434193,0.3123333333333333,0.06420628231811398,0.9884999999999999,0.029176405300561384,0.33333333333333326,0.0,0.0,0.0,4.63,0.5441145155760927,2.7,0.7977240352174657,2.3,0.7977240352174657,0.0,0.0,0.0,0.0,0.29,0.6243380332784315,0.25,0.6092717958449425,19.71,0.6243380332784314,5.0,0.0,30.0,0.0,6.0,0.0,1.5,0.0,0.63,0.7608474807008886
25.0,25.0,512.0,512.0,100,9.37,1.9261884695434193,0.3123333333333333,0.06420628231811398,0.9884999999999999,0.029176405300561384,0.33333333333333326,0.0,0.0,0.0,4.63,0.5441145155760927,2.7,0.7977240352174657,2.3,0.7977240352174657,0.0,0.0,0.0,0.0,0.29,0.6243380332784315,0.25,0.6092717958449425,19.71,0.6243380332784314,5.0,0.0,30.0,0.0,6.0,0.0,1.5,0.0,0.63,0.7608474807008886
25.0,25.0,513.0,513.0,100,9.37,1.9261884695434193,0.3123333333333333,0.06420628231811398,0.9884999999999999,0.029176405300561384,0.33333333333333326,0.0,0.0,0.0,4.63,0.5441145155760927,2.7,0.7977240352174657,2.3,0.7977240352174657,0.0,0.0,0.0,0.0,0.29,0.6243380332784315,0.24,0.5880974288828221,19.71,0.6243380332784314,5.0,0.0,30.0,0.0,6.0,0.0,1.5,0.0,0.63,0.7608474807008886
25.0,25.0,514.0,514.0,100,9.36,1.9202272592775909,0.31199999999999994,0.06400757530925301,0.9890000000000001,0.02893741068882524,0.33333333333333326,0.0,0.0003333333333333327,0.003333333333333328,4.63,0.5441145155760927,2.7,0.7977240352174657,2.3,0.7977240352174657,0.0,0.0,0.0,0.0,0.28,0.620849857416868,0.24,0.5880974288828221,19.72,0.6208498574168683,5.0,0.0,30.0,0.0,6.0,0.0,1.5,0.0,0.63,0.7608474807008886
25.0,25.0,515.0,515.0,100,9.36,1.9202272592775909,0.31199999999999994,0.06400757530925301,0.9890000000000001,0.02893741068882524,0.33333333333333326,0.0,0.0,0.0,4.63,0.5441145155760927,2.7,0.7977240352174657,2.3,0.7977240352174657,0.0,0.0,0.0,0.0,0.28,0.620849857416868,0.24,0.5880974288828221,19.72,0.6208498574168683,5.0,0.0,30.0,0.0,6.0,0.0,1.5,0.0,0.63,0.7608474807008886
25.0,25.0,516.0,516.0,100,9.35,1.9247195781581938,0.31166666666666665,0.06415731927193977,0.9890000000000001,0.02893741068882524,0.33333333333333326,0.0,0.0003333333333333338,0.003333333333333339,4.63,0.5441145155760927,2.7,0.7977240352174657,2.3,0.7977240352174657,0.0,0.0,0.0,0.0,0.27,0.6171783299088611,0.23,0.5478147589295219,19.73,0.6171783299088605,5.0,0.0,30.0,0.0,6.0,0.0,1.5,0.0,0.63,0.7608474807008886
25.0,25.0,517.0,517.0,100,9.35,1.9247195781581938,0.31166666666666665,0.06415731927193977,0.9890000000000001,0.02893741068882524,0.33333333333333326,0.0,0.0,0.0,4.63,0.5441145155760927,2.7,0.7977240352174657,2.3,0.7977240352174657,0.0,0.0,0.0,0.0,0.27,0.6171783299088611,0.23,0.5478147589295219,19.73,0.6171783299088605,5.0,0.0,30.0,0.0,6.0,0.0,1.5,0.0,0.63,0.7608474807008886
25.0,25.0,518.0,518.0,100,9.33,1.9697459201376686,0.311,0.06565819733792227,0.9890000000000001,0.02893741068882524,0.33333333333333326,0.0,0.0006666666666666671,0.006666666666666672,4.63,0.5441145155760927,2.7,0.7977240352174657,2.3,0.7977240352174657,0.0,0.0,0.0,0.0,0.26,0.6133201579612529,0.23,0.5478147589295219,19.74,0.6133201579612522,5.0,0.0,30.0,0.0,6.0,0.0,1.5,0.0,0.63,0.7608474807008886
25.0,25.0,519.0,519.0,100,9.33,1.9697459201376686,0.311,0.06565819733792227,0.9890000000000001,0.02893741068882524,0.33333333333333326,0.0,0.0,0.0,4.63,0.5441145155760927,2.7,0.7977240352174657,2.3,0.7977240352174657,0.0,0.0,0.0,0.0,0.26,0.6133201579612529,0.23,0.5478147589295219,19.74,0.6133201579612522,5.0,0.0,30.0,0.0,6.0,0.0,1.5,0.0,0.63,0.7608474807008886
25.0,25.0,520.0,520.0,100,9.33,1.9697459201376686,0.311,0.06565819733792227,0.9890000000000001,0.02893741068882524,0.33333333333333326,0.0,0.0,0.0,4.63,0.5441145155760927,2.7,0.7977240352174657,2.3,0.7977240352174657,0.0,0.0,0.0,0.0,0.26,0.6133201579612529,0.22,0.5427204202399746,19.74,0.6133201579612522,5.0,0.0,30.0,0.0,6.0,0.0,1.5,0.0,0.63,0.7608474807008886
25.0,25.0,521.0,521.0,100,9.33,1.9697459201376686,0.311,0.06565819733792227,0.9890000000000001,0.02893741068882524,0.33333333333333326,0.0,0.0,0.0,4.63,0.5441145155760927,2.7,0.7977240352174657,2.3,0.7977240352174657,0.0,0.0,0.0,0.0,0.26,0.6133201579612529,0.22,0.5427204202399746,19.74,0.6133201579612522,5.0,0.0,30.0,0.0,6.0,0.0,1.5,0.0,0.63,0.7608474807008886
25.0,25.0,522.0,522.0,100,9.32,1.96371118450795,0.31066666666666665,0.06545703948359835,0.9895,0.028687624474323405,0.33333333333333326,0.0,0.0003333333333333327,0.0033333333333333275,4.63,0.5441145155760927,2.7,0.7977240352174657,2.3,0.7977240352174657,0.0,0.0,0.0,0.0,0.25,0.6092717958449425,0.22,0.5427204202399746,19.75,0.6092717958449425,5.0,0.0,30.0,0.0,6.0,0.0,1.5,0.0,0.63,0.7608474807008886
25.0,25.0,523.0,523.0,100,9.32,1.96371118450795,0.31066666666666665,0.06545703948359835,0.9895,0.028687624474323405,0.33333333333333326,0.0,0.0,0.0,4.63,0.5441145155760927,2.7,0.7977240352174657,2.3,0.7977240352174657,0.0,0.0,0.0,0.0,0.25,0.6092717958449425,0.22,0.5427204202399746,19.75,0.6092717958449425,5.0,0.0,30.0,0.0,6.0,0.0,1.5,0.0,0.63,0.7608474807008886
25.0,25.0,524.0,524.0,100,9.32,1.96371118450795,0.31066666666666665,0.06545703948359835,0.9895,0.028687624474323405,0.33333333333333326,0.0,0.0,0.0,4.63,0.5441145155760927,2.7,0.7977240352174657,2.3,0.7977240352174657,0.0,0.0,0.0,0.0,0.25,0.6092717958449425,0.22,0.5427204202399746,19.75,0.6092717958449425,5.0,0.0,30.0,0.0,6.0,0.0,1.5,0.0,0.63,0.7608474807008886
25.0,25.0,525.0,525.0,100,9.32,1.96371118450795,0.31066666666666665,0.06545703948359835,0.9895,0.028687624474323405,0.33333333333333326,0.0,0.0,0.0,4.63,0.5441145155760927,2.7,0.7977240352174657,2.3,0.7977240352174657,0.0,0.0,0.0,0.0,0.25,0.6092717958449425,0.22,0.5427204202399746,19.75,0.6092717958449425,5.0,0.0,30.0,0.0,6.0,0.0,1.5,0.0,0.63,0.7608474807008886
25.0,25.0,526.0,526.0,100,9.32,1.96371118450795,0.31066666666666665,0.06545703948359835,0.9895,0.028687624474323405,0.33333333333333326,0.0,0.0,0.0,4.63,0.5441145155760927,2.7,0.7977240352174657,2.3,0.7977240352174657,0.0,0.0,0.0,0.0,0.25,0.6092717958449425,0.22,0.5427204202399746,19.75,0.6092717958449425,5.0,0.0,30.0,0.0,6.0,0.0,1.5,0.0,0.63,0.7608474807008886
25.0,25.0,527.0,527.0,100,9.32,1.96371118450795,0.31066666666666665,0.06545703948359835,0.9895,0.028687624474323405,0.33333333333333326,0.0,0.0,0.0,4.63,0.5441145155760927,2.7,0.7977240352174657,2.3,0.7977240352174657,0.0,0.0,0.0,0.0,0.25,0.6092717958449425,0.22,0.5427204202399746,19.75,0.6092717958449425,5.0,0.0,30.0,0.0,6.0,0.0,1.5,0.0,0.63,0.7608474807008886
25.0,25.0,528.0,528.0,100,9.32,1.96371118450795,0.31066666666666665,0.06545703948359835,0.9895,0.028687624474323405,0.33333333333333326,0.0,0.0,0.0,4.63,0.5441145155760927,2.7,0.7977240352174657,2.3,0.7977240352174657,0.0,0.0,0.0,0.0,0.25,0.6092717958449425,0.22,0.5427204202399746,19.75,0.6092717958449425,5.0,0.0,30.0,0.0,6.0,0.0,1.5,0.0,0.63,0.7608474807008886
25.0,25.0,529.0,529.0,100,9.32,1.96371118450795,0.31066666666666665,0.06545703948359835,0.9895,0.028687624474323405,0.33333333333333326,0.0,0.0,0.0,4.63,0.5441145155760927,2.7,0.7977240352174657,2.3,0.7977240352174657,0.0,0.0,0.0,0.0,0.25,0.6092717958449425,0.2,0.5318160234783105,19.75,0.6092717958449425,5.0,0.0,30.0,0.0,6.0,0.0,1.5,0.0,0.63,0.7608474807008886
25.0,25.0,530.0,530.0,100,9.32,1.96371118450795,0.31066666666666665,0.06545703948359835,0.9895,0.028687624474323405,0.33333333333333326,0.0,0.0,0.0,4.63,0.5441145155760927,2.7,0.7977240352174657,2.3,0.7977240352174657,0.0,0.0,0.0,0.0,0.25,0.6092717958449425,0.2,0.5318160234783105,19.75,0.6092717958449425,5.0,0.0,30.0,0.0,6.0,0.0,1.5,0.0,0.63,0.7608474807008886
25.0,25.0,531.0,531.0,100,9.32,1.96371118450795,0.31066666666666665,0.06545703948359835,0.9895,0.028687624474323405,0.33333333333333326,0.0,0.0,0.0,4.63,0.5441145155760927,2.7,0.7977240352174657,2.3,0.7977240352174657,0.0,0.0,0.0,0.0,0.25,0.6092717958449425,0.2,0.5318160234783105,19.75,0.6092717958449425,5.0,0.0,30.0,0.0,6.0,0.0,1.5,0.0,0.63,0.7608474807008886
25.0,25.0,532.0,532.0,100,9.32,1.96371118450795,0.31066666666666665,0.06545703948359835,0.9895,0.028687624474323405,0.33333333333333326,0.0,0.0,0.0,4.63,0.5441145155760927,2.7,0.7977240352174657,2.3,0.7977240352174657,0.0,0.0,0.0,0.0,0.25,0.6092717958449425,0.2,0.5318160234783105,19.75,0.6092717958449425,5.0,0.0,30.0,0.0,6.0,0.0,1.5,0.0,0.63,0.7608474807008886
25.0,25.0,533.0,533.0,100,9.32,1.96371118450795,0.31066666666666665,0.06545703948359835,0.9895,0.028687624474323405,0.33333333333333326,0.0,0.0,0.0,4.63,0.5441145155760927,2.7,0.7977240352174657,2.3,0.7977240352174657,0.0,0.0,0.0,0.0,0.25,0.6092717958449425,0.2,0.5318160234783105,19.75,0.6092717958449425,5.0,0.0,30.0,0.0,6.0,0.0,1.5,0.0,0.63,0.7608474807008886
25.0,25.0,534.0,534.0,100,9.32,1.96371118450795,0.31066666666666665,0.06545703948359835,0.9895,0.028687624474323405,0.33333333333333326,0.0,0.0,0.0,4.63,0.5441145155760927,2.7,0.7977240352174657,2.3,0.7977240352174657,0.0,0.0,0.0,0.0,0.25,0.6092717958449425,0.2,0.5318160234783105,19.75,0.6092717958449425,5.0,0.0,30.0,0.0,6.0,0.0,1.5,0.0,0.63,0.7608474807008886
25.0,25.0,535.0,535.0,100,9.32,1.96371118450795,0.31066666666666665,0.06545703948359835,0.9895,0.028687624474323405,0.33333333333333326,0.0,0.0,0.0,4.63,0.5441145155760927,2.7,0.7977240352174657,2.3,0.7977240352174657,0.0,0.0,0.0,0.0,0.25,0.6092717958449425,0.2,0.5318160234783105,19.75,0.6092717958449425,5.0,0.0,30.0,0.0,6.0,0.0,1.5,0.0,0.63,0.7608474807008886
25.0,25.0,536.0,536.0,100,9.32,1.96371118450795,0.31066666666666665,0.06545703948359835,0.9895,0.028687624474323405,0.33333333333333326,0.0,0.0,0.0,4.63,0.5441145155760927,2.7,0.7977240352174657,2.3,0.7977240352174657,0.0,0.0,0.0,0.0,0.25,0.6092717958449425,0.2,0.5318160234783105,19.75,0.6092717958449425,5.0,0.0,30.0,0.0,6.0,0.0,1.5,0.0,0.63,0.7608474807008886
25.0,25.0,537.0,537.0,100,9.32,1.96371118450795,0.31066666666666665,0.06545703948359835,0.9895,0.028687624474323405,0.33333333333333326,0.0,0.0,0.0,4.63,0.5441145155760927,2.7,0.7977240352174657,2.3,0.7977240352174657,0.0,0.0,0.0,0.0,0.25,0.6092717958449425,0.19,0.5259911279353168,19.75,0.6092717958449425,5.0,0.0,30.0,0.0,6.0,0.0,1.5,0.0,0.63,0.7608474807008886
25.0,25.0,538.0,538.0,100,9.29,1.9295417365611223,0.30966666666666665,0.06431805788537075,0.991,0.02500504999500151,0.33333333333333326,0.0,0.0009999999999999998,0.007423383445120457,4.65,0.519809599951771,2.7,0.7977240352174657,2.3,0.7977240352174657,0.0,0.0,0.0,0.0,0.23,0.5478147589295219,0.19,0.5259911279353168,19.77,0.5478147589295221,5.0,0.0,30.0,0.0,6.0,0.0,1.5,0.0,0.63,0.7608474807008886
25.0,25.0,539.0,539.0,100,9.29,1.9295417365611223,0.30966666666666665,0.06431805788537075,0.991,0.02500504999500151,0.33333333333333326,0.0,0.0,0.0,4.65,0.519809599951771,2.7,0.7977240352174657,2.3,0.7977240352174657,0.0,0.0,0.0,0.0,0.23,0.5478147589295219,0.19,0.5259911279353168,19.77,0.5478147589295221,5.0,0.0,30.0,0.0,6.0,0.0,1.5,0.0,0.63,0.7608474807008886
25.0,25.0,540.0,540.0,100,9.29,1.9295417365611223,0.30966666666666665,0.06431805788537075,0.991,0.02500504999500151,0.33333333333333326,0.0,0.0,0.0,4.65,0.519809599951771,2.7,0.7977240352174657,2.3,0.7977240352174657,0.0,0.0,0.0,0.0,0.23,0.5478147589295219,0.19,0.5259911279353168,19.77,0.5478147589295221,5.0,0.0,30.0,0.0,6.0,0.0,1.5,0.0,0.63,0.7608474807008886
25.0,25.0,541.0,541.0,100,9.29,1.9295417365611223,0.30966666666666665,0.06431805788537075,0.991,0.02500504999500151,0.33333333333333326,0.0,0.0,0.0,4.65,0.519809599951771,2.7,0.7977240352174657,2.3,0.7977240352174657,0.0,0.0,0.0,0.0,0.23,0.5478147589295219,0.19,0.5259911279353168,19.77,0.5478147589295221,5.0,0.0,30.0,0.0,6.0,0.0,1.5,0.0,0.63,0.7608474807008886
25.0,25.0,542.0,542.0,100,9.29,1.9295417365611223,0.30966666666666665,0.06431805788537075,0.991,0.02500504999500151,0.33333333333333326,0.0,0.0,0.0,4.65,0.519809599951771,2.7,0.7977240352174657,2.3,0.7977240352174657,0.0,0.0,0.0,0.0,0.23,0.5478147589295219,0.19,0.5259911279353168,19.77,0.5478147589295221,5.0,0.0,30.0,0.0,6.0,0.0,1.5,0.0,0.63,0.7608474807008886
25.0,25.0,543.0,543.0,100,9.29,1.9295417365611223,0.30966666666666665,0.06431805788537075,0.991,0.02500504999500151,0.33333333333333326,0.0,0.0,0.0,4.65,0.519809599951771,2.7,0.7977240352174657,2.3,0.7977240352174657,0.0,0.0,0.0,0.0,0.23,0.5478147589295219,0.19,0.5259911279353168,19.77,0.5478147589295221,5.0,0.0,30.0,0.0,6.0,0.0,1.5,0.0,0.63,0.7608474807008886
25.0,25.0,544.0,544.0,100,9.28,1.9440663413047248,0.3093333333333333,0.06480221137682417,0.991,0.02500504999500151,0.33333333333333326,0.0,0.000333333333333333,0.00333333333333333,4.65,0.519809599951771,2.7,0.7977240352174657,2.3,0.7977240352174657,0.0,0.0,0.0,0.0,0.22,0.5427204202399746,0.19,0.5259911279353168,19.78,0.5427204202399752,5.0,0.0,30.0,0.0,6.0,0.0,1.5,0.0,0.63,0.7608474807008886
25.0,25.0,545.0,545.0,100,9.28,1.9440663413047248,0.3093333333333333,0.06480221137682417,0.991,0.02500504999500151,0.33333333333333326,0.0,0.0,0.0,4.65,0.519809599951771,2.7,0.7977240352174657,2.3,0.7977240352174657,0.0,0.0,0.0,0.0,0.22,0.5427204202399746,0.19,0.5259911279353168,19.78,0.5427204202399752,5.0,0.0,30.0,0.0,6.0,0.0,1.5,0.0,0.63,0.7608474807008886
25.0,25.0,546.0,546.0,100,9.28,1.9440663413047248,0.3093333333333333,0.06480221137682417,0.991,0.02500504999500151,0.33333333333333326,0.0,0.0,0.0,4.65,0.519809599951771,2.7,0.7977240352174657,2.3,0.7977240352174657,0.0,0.0,0.0,0.0,0.22,0.5427204202399746,0.19,0.5259911279353168,19.78,0.5427204202399752,5.0,0.0,30.0,0.0,6.0,0.0,1.5,0.0,0.63,0.7608474807008886
25.0,25.0,547.0,547.0,100,9.28,1.9440663413047248,0.3093333333333333,0.06480221137682417,0.991,0.02500504999500151,0.33333333333333326,0.0,0.0,0.0,4.65,0.519809599951771,2.7,0.7977240352174657,2.3,0.7977240352174657,0.0,0.0,0.0,0.0,0.22,0.5427204202399746,0.19,0.5259911279353168,19.78,0.5427204202399752,5.0,0.0,30.0,0.0,6.0,0.0,1.5,0.0,0.63,0.7608474807008886
25.0,25.0,548.0,548.0,100,9.27,1.9376910137187675,0.309,0.06458970045729226,0.9915,0.02467465063254967,0.33333333333333326,0.0,0.0003333333333333327,0.0033333333333333275,4.65,0.519809599951771,2.7,0.7977240352174657,2.3,0.7977240352174657,0.0,0.0,0.0,0.0,0.21,0.5373898759633259,0.19,0.5259911279353168,19.79,0.5373898759633258,5.0,0.0,30.0,0.0,6.0,0.0,1.5,0.0,0.63,0.7608474807008886
25.0,25.0,549.0,549.0,100,9.27,1.9376910137187675,0.309,0.06458970045729226,0.9915,0.02467465063254967,0.33333333333333326,0.0,0.0,0.0,4.65,0.519809599951771,2.7,0.7977240352174657,2.3,0.7977240352174657,0.0,0.0,0.0,0.0,0.21,0.5373898759633259,0.19,0.5259911279353168,19.79,0.5373898759633258,5.0,0.0,30.0,0.0,6.0,0.0,1.5,0.0,0.63,0.7608474807008886
25.0,25.0,550.0,550.0,100,9.27,1.9376910137187675,0.309,0.06458970045729226,0.9915,0.02467465063254967,0.33333333333333326,0.0,0.0,0.0,4.65,0.519809599951771,2.7,0.7977240352174657,2.3,0.7977240352174657,0.0,0.0,0.0,0.0,0.21,0.5373898759633259,0.19,0.5259911279353168,19.79,0.5373898759633258,5.0,0.0,30.0,0.0,6.0,0.0,1.5,0.0,0.63,0.7608474807008886
25.0,25.0,551.0,551.0,100,9.27,1.9376910137187675,0.309,0.06458970045729226,0.9915,0.02467465063254967,0.33333333333333326,0.0,0.0,0.0,4.65,0.519809599951771,2.7,0.7977240352174657,2.3,0.7977240352174657,0.0,0.0,0.0,0.0,0.21,0.5373898759633259,0.19,0.5259911279353168,19.79,0.5373898759633258,5.0,0.0,30.0,0.0,6.0,0.0,1.5,0.0,0.63,0.7608474807008886
25.0,25.0,552.0,552.0,100,9.27,1.9376910137187675,0.309,0.06458970045729226,0.9915,0.02467465063254967,0.33333333333333326,0.0,0.0,0.0,4.65,0.519809599951771,2.7,0.7977240352174657,2.3,0.7977240352174657,0.0,0.0,0.0,0.0,0.21,0.5373898759633259,0.19,0.5259911279353168,19.79,0.5373898759633258,5.0,0.0,30.0,0.0,6.0,0.0,1.5,0.0,0.63,0.7608474807008886
25.0,25.0,553.0,553.0,100,9.27,1.9376910137187675,0.309,0.06458970045729226,0.9915,0.02467465063254967,0.33333333333333326,0.0,0.0,0.0,4.65,0.519809599951771,2.7,0.7977240352174657,2.3,0.7977240352174657,0.0,0.0,0.0,0.0,0.21,0.5373898759633259,0.19,0.5259911279353168,19.79,0.5373898759633258,5.0,0.0,30.0,0.0,6.0,0.0,1.5,0.0,0.63,0.7608474807008886
25.0,25.0,554.0,554.0,100,9.27,1.9376910137187675,0.309,0.06458970045729226,0.9915,0.02467465063254967,0.33333333333333326,0.0,0.0,0.0,4.65,0.519809599951771,2.7,0.7977240352174657,2.3,0.7977240352174657,0.0,0.0,0.0,0.0,0.21,0.5373898759633259,0.19,0.5259911279353168,19.79,0.5373898759633258,5.0,0.0,30.0,0.0,6.0,0.0,1.5,0.0,0.63,0.7608474807008886
25.0,25.0,555.0,555.0,100,9.27,1.9376910137187675,0.309,0.06458970045729226,0.9915,0.02467465063254967,0.33333333333333326,0.0,0.0,0.0,4.65,0.519809599951771,2.7,0.7977240352174657,2.3,0.7977240352174657,0.0,0.0,0.0,0.0,0.21,0.5373898759633259,0.19,0.5259911279353168,19.79,0.5373898759633258,5.0,0.0,30.0,0.0,6.0,0.0,1.5,0.0,0.63,0.7608474807008886
25.0,25.0,556.0,556.0,100,9.27,1.9376910137187675,0.309,0.06458970045729226,0.9915,0.02467465063254967,0.33333333333333326,0.0,0.0,0.0,4.65,0.519809599951771,2.7,0.7977240352174657,2.3,0.7977240352174657,0.0,0.0,0.0,0.0,0.21,0.5373898759633259,0.19,0.5259911279353168,19.79,0.5373898759633258,5.0,0.0,30.0,0.0,6.0,0.0,1.5,0.0,0.63,0.7608474807008886
25.0,25.0,557.0,557.0,100,9.27,1.9376910137187675,0.309,0.06458970045729226,0.9915,0.02467465063254967,0.33333333333333326,0.0,0.0,0.0,4.65,0.519809599951771,2.7,0.7977240352174657,2.3,0.7977240352174657,0.0,0.0,0.0,0.0,0.21,0.5373898759633259,0.19,0.5259911279353168,19.79,0.5373898759633258,5.0,0.0,30.0,0.0,6.0,0.0,1.5,0.0,0.63,0.7608474807008886
25.0,25.0,558.0,558.0,100,9.27,1.9376910137187675,0.309,0.06458970045729226,0.9915,0.02467465063254967,0.33333333333333326,0.0,0.0,0.0,4.65,0.519809599951771,2.7,0.7977240352174657,2.3,0.7977240352174657,0.0,0.0,0.0,0.0,0.21,0.5373898759633259,0.19,0.5259911279353168,19.79,0.5373898759633258,5.0,0.0,30.0,0.0,6.0,0.0,1.5,0.0,0.63,0.7608474807008886
25.0,25.0,559.0,559.0,100,9.27,1.9376910137187675,0.309,0.06458970045729226,0.9915,0.02467465063254967,0.33333333333333326,0.0,0.0,0.0,4.65,0.519809599951771,2.7,0.7977240352174657,2.3,0.7977240352174657,0.0,0.0,0.0,0.0,0.21,0.5373898759633259,0.19,0.5259911279353168,19.79,0.5373898759633258,5.0,0.0,30.0,0.0,6.0,0.0,1.5,0.0,0.63,0.7608474807008886
25.0,25.0,560.0,560.0,100,9.27,1.9376910137187675,0.309,0.06458970045729226,0.9915,0.02467465063254967,0.33333333333333326,0.0,0.0,0.0,4.65,0.519809599951771,2.7,0.7977240352174657,2.3,0.7977240352174657,0.0,0.0,0.0,0.0,0.21,0.5373898759633259,0.18,0.5199067515459193,19.79,0.5373898759633258,5.0,0.0,30.0,0.0,6.0,0.0,1.5,0.0,0.63,0.7608474807008886
25.0,25.0,561.0,561.0,100,9.27,1.9376910137187675,0.309,0.06458970045729226,0.9915,0.02467465063254967,0.33333333333333326,0.0,0.0,0.0,4.65,0.519809599951771,2.7,0.7977240352174657,2.3,0.7977240352174657,0.0,0.0,0.0,0.0,0.21,0.5373898759633259,0.18,0.5199067515459193,19.79,0.5373898759633258,5.0,0.0,30.0,0.0,6.0,0.0,1.5,0.0,0.63,0.7608474807008886
25.0,25.0,562.0,562.0,100,9.27,1.9376910137187675,0.309,0.06458970045729226,0.9915,0.02467465063254967,0.33333333333333326,0.0,0.0,0.0,4.65,0.519809599951771,2.7,0.7977240352174657,2.3,0.7977240352174657,0.0,0.0,0.0,0.0,0.21,0.5373898759633259,0.18,0.5199067515459193,19.79,0.5373898759633258,5.0,0.0,30.0,0.0,6.0,0.0,1.5,0.0,0.63,0.7608474807008886
25.0,25.0,563.0,563.0,100,9.27,1.9376910137187675,0.309,0.06458970045729226,0.9915,0.02467465063254967,0.33333333333333326,0.0,0.0,0.0,4.65,0.519809599951771,2.7,0.7977240352174657,2.3,0.7977240352174657,0.0,0.0,0.0,0.0,0.21,0.5373898759633259,0.18,0.5199067515459193,19.79,0.5373898759633258,5.0,0.0,30.0,0.0,6.0,0.0,1.5,0.0,0.63,0.7608474807008886
25.0,25.0,564.0,564.0,100,9.27,1.9376910137187675,0.309,0.06458970045729226,0.9915,0.02467465063254967,0.33333333333333326,0.0,0.0,0.0,4.65,0.519809599951771,2.7,0.7977240352174657,2.3,0.7977240352174657,0.0,0.0,0.0,0.0,0.21,0.5373898759633259,0.18,0.5199067515459193,19.79,0.5373898759633258,5.0,0.0,30.0,0.0,6.0,0.0,1.5,0.0,0.63,0.7608474807008886
25.0,25.0,565.0,565.0,100,9.27,1.9376910137187675,0.309,0.06458970045729226,0.9915,0.02467465063254967,0.33333333333333326,0.0,0.0,0.0,4.65,0.519809599951771,2.7,0.7977240352174657,2.3,0.7977240352174657,0.0,0.0,0.0,0.0,0.21,0.5373898759633259,0.18,0.5199067515459193,19.79,0.5373898759633258,5.0,0.0,30.0,0.0,6.0,0.0,1.5,0.0,0.63,0.7608474807008886
25.0,25.0,566.0,566.0,100,9.27,1.9376910137187675,0.309,0.06458970045729226,0.9915,0.02467465063254967,0.33333333333333326,0.0,0.0,0.0,4.65,0.519809599951771,2.7,0.7977240352174657,2.3,0.7977240352174657,0.0,0.0,0.0,0.0,0.21,0.5373898759633259,0.18,0.5199067515459193,19.79,0.5373898759633258,5.0,0.0,30.0,0.0,6.0,0.0,1.5,0.0,0.63,0.7608474807008886
25.0,25.0,567.0,567.0,100,9.27,1.9376910137187675,0.309,0.06458970045729226,0.9915,0.02467465063254967,0.33333333333333326,0.0,0.0,0.0,4.65,0.519809599951771,2.7,0.7977240352174657,2.3,0.7977240352174657,0.0,0.0,0.0,0.0,0.21,0.5373898759633259,0.18,0.5199067515459193,19.79,0.5373898759633258,5.0,0.0,30.0,0.0,6.0,0.0,1.5,0.0,0.63,0.7608474807008886
25.0,25.0,568.0,568.0,100,9.27,1.9376910137187675,0.309,0.06458970045729226,0.9915,0.02467465063254967,0.33333333333333326,0.0,0.0,0.0,4.65,0.519809599951771,2.7,0.7977240352174657,2.3,0.7977240352174657,0.0,0.0,0.0,0.0,0.21,0.5373898759633259,0.18,0.5199067515459193,19.79,0.5373898759633258,5.0,0.0,30.0,0.0,6.0,0.0,1.5,0.0,0.63,0.7608474807008886
25.0,25.0,569.0,569.0,100,9.26,1.9312423384176747,0.30866666666666664,0.06437474461392252,0.992,0.02432938946868975,0.33333333333333326,0.0,0.0003333333333333327,0.0033333333333333275,4.65,0.519809599951771,2.7,0.7977240352174657,2.3,0.7977240352174657,0.0,0.0,0.0,0.0,0.2,0.5318160234783105,0.18,0.5199067515459193,19.8,0.5318160234783101,5.0,0.0,30.0,0.0,6.0,0.0,1.5,0.0,0.63,0.7608474807008886
25.0,25.0,570.0,570.0,100,9.26,1.9312423384176747,0.30866666666666664,0.06437474461392252,0.992,0.02432938946868975,0.33333333333333326,0.0,0.0,0.0,4.65,0.519809599951771,2.7,0.7977240352174657,2.3,0.7977240352174657,0.0,0.0,0.0,0.0,0.2,0.5318160234783105,0.18,0.5199067515459193,19.8,0.5318160234783101,5.0,0.0,30.0,0.0,6.0,0.0,1.5,0.0,0.63,0.7608474807008886
25.0,25.0,571.0,571.0,100,9.26,1.9312423384176747,0.30866666666666664,0.06437474461392252,0.992,0.02432938946868975,0.33333333333333326,0.0,0.0,0.0,4.65,0.519809599951771,2.7,0.7977240352174657,2.3,0.7977240352174657,0.0,0.0,0.0,0.0,0.2,0.5318160234783105,0.18,0.5199067515459193,19.8,0.5318160234783101,5.0,0.0,30.0,0.0,6.0,0.0,1.5,0.0,0.63,0.7608474807008886
25.0,25.0,572.0,572.0,100,9.24,1.923380861762417,0.308,0.06411269539208059,0.9925,0.023968624272055112,0.33333333333333326,0.0,0.000666666666666666,0.00666666666666666,4.65,0.519809599951771,2.69,0.8001893715259097,2.31,0.8001893715259097,0.0,0.0,0.0,0.0,0.19,0.5259911279353168,0.18,0.5199067515459193,19.81,0.5259911279353163,5.0,0.0,30.0,0.0,6.0,0.0,1.5,0.0,0.63,0.7608474807008886
25.0,25.0,573.0,573.0,100,9.24,1.923380861762417,0.308,0.06411269539208059,0.9925,0.023968624272055112,0.33333333333333326,0.0,0.0,0.0,4.65,0.519809599951771,2.69,0.8001893715259097,2.31,0.8001893715259097,0.0,0.0,0.0,0.0,0.19,0.5259911279353168,0.18,0.5199067515459193,19.81,0.5259911279353163,5.0,0.0,30.0,0.0,6.0,0.0,1.5,0.0,0.63,0.7608474807008886
25.0,25.0,574.0,574.0,100,9.24,1.923380861762417,0.308,0.06411269539208059,0.9925,0.023968624272055112,0.33333333333333326,0.0,0.0,0.0,4.65,0.519809599951771,2.69,0.8001893715259097,2.31,0.8001893715259097,0.0,0.0,0.0,0.0,0.19,0.5259911279353168,0.18,0.5199067515459193,19.81,0.5259911279353163,5.0,0.0,30.0,0.0,6.0,0.0,1.5,0.0,0.63,0.7608474807008886
25.0,25.0,575.0,575.0,100,9.24,1.923380861762417,0.308,0.06411269539208059,0.9925,0.023968624272055112,0.33333333333333326,0.0,0.0,0.0,4.65,0.519809599951771,2.69,0.8001893715259097,2.31,0.8001893715259097,0.0,0.0,0.0,0.0,0.19,0.5259911279353168,0.18,0.5199067515459193,19.81,0.5259911279353163,5.0,0.0,30.0,0.0,6.0,0.0,1.5,0.0,0.63,0.7608474807008886
25.0,25.0,576.0,576.0,100,9.24,1.923380861762417,0.308,0.06411269539208059,0.9925,0.023968624272055112,0.33333333333333326,0.0,0.0,0.0,4.65,0.519809599951771,2.69,0.8001893715259097,2.31,0.8001893715259097,0.0,0.0,0.0,0.0,0.19,0.5259911279353168,0.18,0.5199067515459193,19.81,0.5259911279353163,5.0,0.0,30.0,0.0,6.0,0.0,1.5,0.0,0.63,0.7608474807008886
25.0,25.0,577.0,577.0,100,9.24,1.923380861762417,0.308,0.06411269539208059,0.9925,0.023968624272055112,0.33333333333333326,0.0,0.0,0.0,4.65,0.519809599951771,2.69,0.8001893715259097,2.31,0.8001893715259097,0.0,0.0,0.0,0.0,0.19,0.5259911279353168,0.18,0.5199067515459193,19.81,0.5259911279353163,5.0,0.0,30.0,0.0,6.0,0.0,1.5,0.0,0.63,0.7608474807008886
25.0,25.0,578.0,578.0,100,9.24,1.923380861762417,0.308,0.06411269539208059,0.9925,0.023968624272055112,0.33333333333333326,0.0,0.0,0.0,4.65,0.519809599951771,2.69,0.8001893715259097,2.31,0.8001893715259097,0.0,0.0,0.0,0.0,0.19,0.5259911279353168,0.18,0.5199067515459193,19.81,0.5259911279353163,5.0,0.0,30.0,0.0,6.0,0.0,1.5,0.0,0.63,0.7608474807008886
25.0,25.0,579.0,579.0,100,9.23,1.9167259542872532,0.30766666666666664,0.06389086514290848,0.993,0.023591643786850826,0.33333333333333326,0.0,0.0003333333333333327,0.0033333333333333275,4.65,0.519809599951771,2.69,0.8001893715259097,2.31,0.8001893715259097,0.0,0.0,0.0,0.0,0.18,0.5199067515459193,0.18,0.5199067515459193,19.82,0.5199067515459188,5.0,0.0,30.0,0.0,6.0,0.0,1.5,0.0,0.63,0.7608474807008886
25.0,25.0,580.0,580.0,100,9.23,1.9167259542872532,0.30766666666666664,0.06389086514290848,0.993,0.023591643786850826,0.33333333333333326,0.0,0.0,0.0,4.65,0.519809599951771,2.69,0.8001893715259097,2.31,0.8001893715259097,0.0,0.0,0.0,0.0,0.18,0.5199067515459193,0.18,0.5199067515459193,19.82,0.5199067515459188,5.0,0.0,30.0,0.0,6.0,0.0,1.5,0.0,0.63,0.7608474807008886
25.0,25.0,581.0,581.0,100,9.23,1.9167259542872532,0.30766666666666664,0.06389086514290848,0.993,0.023591643786850826,0.33333333333333326,0.0,0.0,0.0,4.65,0.519809599951771,2.69,0.8001893715259097,2.31,0.8001893715259097,0.0,0.0,0.0,0.0,0.18,0.5199067515459193,0.18,0.5199067515459193,19.82,0.5199067515459188,5.0,0.0,30.0,0.0,6.0,0.0,1.5,0.0,0.63,0.7608474807008886
25.0,25.0,582.0,582.0,100,9.23,1.9167259542872532,0.30766666666666664,0.06389086514290848,0.993,0.023591643786850826,0.33333333333333326,0.0,0.0,0.0,4.65,0.519809599951771,2.69,0.8001893715259097,2.31,0.8001893715259097,0.0,0.0,0.0,0.0,0.18,0.5199067515459193,0.18,0.5199067515459193,19.82,0.5199067515459188,5.0,0.0,30.0,0.0,6.0,0.0,1.5,0.0,0.63,0.7608474807008886
25.0,25.0,583.0,583.0,100,9.23,1.9167259542872532,0.30766666666666664,0.06389086514290848,0.993,0.023591643786850826,0.33333333333333326,0.0,0.0,0.0,4.65,0.519809599951771,2.69,0.8001893715259097,2.31,0.8001893715259097,0.0,0.0,0.0,0.0,0.18,0.5199067515459193,0.18,0.5199067515459193,19.82,0.5199067515459188,5.0,0.0,30.0,0.0,6.0,0.0,1.5,0.0,0.63,0.7608474807008886
25.0,25.0,584.0,584.0,100,9.23,1.9167259542872532,0.30766666666666664,0.06389086514290848,0.993,0.023591643786850826,0.33333333333333326,0.0,0.0,0.0,4.65,0.519809599951771,2.69,0.8001893715259097,2.31,0.8001893715259097,0.0,0.0,0.0,0.0,0.18,0.5199067515459193,0.17,0.4934930126509934,19.82,0.5199067515459188,5.0,0.0,30.0,0.0,6.0,0.0,1.5,0.0,0.63,0.7608474807008886
25.0,25.0,585.0,585.0,100,9.23,1.9167259542872532,0.30766666666666664,0.06389086514290848,0.993,0.023591643786850826,0.33333333333333326,0.0,0.0,0.0,4.65,0.519809599951771,2.69,0.8001893715259097,2.31,0.8001893715259097,0.0,0.0,0.0,0.0,0.18,0.5199067515459193,0.17,0.4934930126509934,19.82,0.5199067515459188,5.0,0.0,30.0,0.0,6.0,0.0,1.5,0.0,0.63,0.7608474807008886
25.0,25.0,586.0,586.0,100,9.23,1.9167259542872532,0.30766666666666664,0.06389086514290848,0.993,0.023591643786850826,0.33333333333333326,0.0,0.0,0.0,4.65,0.519809599951771,2.69,0.8001893715259097,2.31,0.8001893715259097,0.0,0.0,0.0,0.0,0.18,0.5199067515459193,0.17,0.4934930126509934,19.82,0.5199067515459188,5.0,0.0,30.0,0.0,6.0,0.0,1.5,0.0,0.63,0.7608474807008886
25.0,25.0,587.0,587.0,100,9.23,1.9167259542872532,0.30766666666666664,0.06389086514290848,0.993,0.023591643786850826,0.33333333333333326,0.0,0.0,0.0,4.65,0.519809599951771,2.69,0.8001893715259097,2.31,0.8001893715259097,0.0,0.0,0.0,0.0,0.18,0.5199067515459193,0.17,0.4934930126509934,19.82,0.5199067515459188,5.0,0.0,30.0,0.0,6.0,0.0,1.5,0.0,0.63,0.7608474807008886
25.0,25.0,588.0,588.0,100,9.23,1.9167259542872532,0.30766666666666664,0.06389086514290848,0.993,0.023591643786850826,0.33333333333333326,0.0,0.0,0.0,4.65,0.519809599951771,2.69,0.8001893715259097,2.31,0.8001893715259097,0.0,0.0,0.0,0.0,0.18,0.5199067515459193,0.17,0.4934930126509934,19.82,0.5199067515459188,5.0,0.0,30.0,0.0,6.0,0.0,1.5,0.0,0.63,0.7608474807008886
25.0,25.0,589.0,589.0,100,9.23,1.9167259542872532,0.30766666666666664,0.06389086514290848,0.993,0.023591643786850826,0.33333333333333326,0.0,0.0,0.0,4.65,0.519809599951771,2.69,0.8001893715259097,2.31,0.8001893715259097,0.0,0.0,0.0,0.0,0.18,0.5199067515459193,0.17,0.4934930126509934,19.82,0.5199067515459188,5.0,0.0,30.0,0.0,6.0,0.0,1.5,0.0,0.63,0.7608474807008886
25.0,25.0,590.0,590.0,100,9.23,1.9167259542872532,0.30766666666666664,0.06389086514290848,0.993,0.023591643786850826,0.33333333333333326,0.0,0.0,0.0,4.65,0.519809599951771,2.69,0.8001893715259097,2.31,0.8001893715259097,0.0,0.0,0.0,0.0,0.18,0.5199067515459193,0.17,0.4934930126509934,19.82,0.5199067515459188,5.0,0.0,30.0,0.0,6.0,0.0,1.5,0.0,0.63,0.7608474807008886
25.0,25.0,591.0,591.0,100,9.23,1.9167259542872532,0.30766666666666664,0.06389086514290848,0.993,0.023591643786850826,0.33333333333333326,0.0,0.0,0.0,4.65,0.519809599951771,2.69,0.8001893715259097,2.31,0.8001893715259097,0.0,0.0,0.0,0.0,0.18,0.5199067515459193,0.15,0.4793724854411022,19.82,0.5199067515459188,5.0,0.0,30.0,0.0,6.0,0.0,1.5,0.0,0.63,0.7608474807008886
25.0,25.0,592.0,592.0,100,9.23,1.9167259542872532,0.30766666666666664,0.06389086514290848,0.993,0.023591643786850826,0.33333333333333326,0.0,0.0,0.0,4.65,0.519809599951771,2.69,0.8001893715259097,2.31,0.8001893715259097,0.0,0.0,0.0,0.0,0.18,0.5199067515459193,0.15,0.4793724854411022,19.82,0.5199067515459188,5.0,0.0,30.0,0.0,6.0,0.0,1.5,0.0,0.63,0.7608474807008886
25.0,25.0,593.0,593.0,100,9.23,1.9167259542872532,0.30766666666666664,0.06389086514290848,0.993,0.023591643786850826,0.33333333333333326,0.0,0.0,0.0,4.65,0.519809599951771,2.69,0.8001893715259097,2.31,0.8001893715259097,0.0,0.0,0.0,0.0,0.18,0.5199067515459193,0.15,0.4793724854411022,19.82,0.5199067515459188,5.0,0.0,30.0,0.0,6.0,0.0,1.5,0.0,0.63,0.7608474807008886
25.0,25.0,594.0,594.0,100,9.23,1.9167259542872532,0.30766666666666664,0.06389086514290848,0.993,0.023591643786850826,0.33333333333333326,0.0,0.0,0.0,4.65,0.519809599951771,2.69,0.8001893715259097,2.31,0.8001893715259097,0.0,0.0,0.0,0.0,0.18,0.5199067515459193,0.15,0.4793724854411022,19.82,0.5199067515459188,5.0,0.0,30.0,0.0,6.0,0.0,1.5,0.0,0.63,0.7608474807008886
25.0,25.0,595.0,595.0,100,9.23,1.9167259542872532,0.30766666666666664,0.06389086514290848,0.993,0.023591643786850826,0.33333333333333326,0.0,0.0,0.0,4.65,0.519809599951771,2.69,0.8001893715259097,2.31,0.8001893715259097,0.0,0.0,0.0,0.0,0.18,0.5199067515459193,0.15,0.4793724854411022,19.82,0.5199067515459188,5.0,0.0,30.0,0.0,6.0,0.0,1.5,0.0,0.63,0.7608474807008886
25.0,25.0,596.0,596.0,100,9.23,1.9167259542872532,0.30766666666666664,0.06389086514290848,0.993,0.023591643786850826,0.33333333333333326,0.0,0.0,0.0,4.65,0.519809599951771,2.69,0.8001893715259097,2.31,0.8001893715259097,0.0,0.0,0.0,0.0,0.18,0.5199067515459193,0.15,0.4793724854411022,19.82,0.5199067515459188,5.0,0.0,30.0,0.0,6.0,0.0,1.5,0.0,0.63,0.7608474807008886
25.0,25.0,597.0,597.0,100,9.23,1.9167259542872532,0.30766666666666664,0.06389086514290848,0.993,0.023591643786850826,0.33333333333333326,0.0,0.0,0.0,4.65,0.519809599951771,2.69,0.8001893715259097,2.31,0.8001893715259097,0.0,0.0,0.0,0.0,0.18,0.5199067515459193,0.15,0.4793724854411022,19.82,0.5199067515459188,5.0,0.0,30.0,0.0,6.0,0.0,1.5,0.0,0.63,0.7608474807008886
25.0,25.0,598.0,598.0,100,9.23,1.9167259542872532,0.30766666666666664,0.06389086514290848,0.993,0.023591643786850826,0.33333333333333326,0.0,0.0,0.0,4.65,0.519809599951771,2.69,0.8001893715259097,2.31,0.8001893715259097,0.0,0.0,0.0,0.0,0.18,0.5199067515459193,0.15,0.4793724854411022,19.82,0.5199067515459188,5.0,0.0,30.0,0.0,6.0,0.0,1.5,0.0,0.63,0.7608474807008886
25.0,25.0,599.0,599.0,100,9.23,1.9167259542872532,0.30766666666666664,0.06389086514290848,0.993,0.023591643786850826,0.33333333333333326,0.0,0.0,0.0,4.65,0.519809599951771,2.69,0.8001893715259097,2.31,0.8001893715259097,0.0,0.0,0.0,0.0,0.18,0.5199067515459193,0.15,0.4793724854411022,19.82,0.5199067515459188,5.0,0.0,30.0,0.0,6.0,0.0,1.5,0.0,0.63,0.7608474807008886
25.0,25.0,600.0,600.0,100,9.23,1.9167259542872532,0.30766666666666664,0.06389086514290848,0.993,0.023591643786850826,0.33333333333333326,0.0,0.0,0.0,4.65,0.519809599951771,2.69,0.8001893715259097,2.31,0.8001893715259097,0.0,0.0,0.0,0.0,0.18,0.5199067515459193,0.15,0.4793724854411022,19.82,0.5199067515459188,5.0,0.0,30.0,0.0,6.0,0.0,1.5,0.0,0.63,0.7608474807008886
