Step,simulated_time_s,replications,residual_deficit_mean,residual_deficit_std,normalized_deficit_mean,normalized_deficit_std,capacity_adjusted_coverage_mean,capacity_adjusted_coverage_std,normalized_unavoidable_deficit_mean,normalized_unavoidable_deficit_std,r_delta_mean,r_delta_std,covered_points_mean,covered_points_std,underserved_points_mean,underserved_points_std,exactly_satisfied_points_mean,exactly_satisfied_points_std,overserved_points_mean,overserved_points_std,idle_drones_mean,idle_drones_std,exploring_drones_mean,exploring_drones_std,stationing_drones_mean,stationing_drones_std,active_points_mean,active_points_std,total_demand_mean,total_demand_std,mean_demand_per_point_mean,mean_demand_per_point_std,fleet_load_mean,fleet_load_std,overlapping_zones_mean,overlapping_zones_std
0.0,0.0,100,20.0,0.0,1.0,0.0,0.0,0.0,0.0,0.0,,,0.0,0.0,10.0,0.0,0.0,0.0,0.0,0.0,20.0,0.0,0.0,0.0,0.0,0.0,10.0,0.0,20.0,0.0,2.0,0.0,1.0,0.0,3.13,1.5219272736443836
1.0,1.0,100,20.0,0.0,1.0,0.0,0.0,0.0,0.0,0.0,0.0,0.0,0.0,0.0,10.0,0.0,0.0,0.0,0.0,0.0,20.0,0.0,19.65,1.0576799462440747,0.0,0.0,10.0,0.0,20.0,0.0,2.0,0.0,1.0,0.0,3.13,1.5219272736443836
2.0,2.0,100,20.0,0.0,1.0,0.0,0.0,0.0,0.0,0.0,0.0,0.0,0.0,0.0,10.0,0.0,0.0,0.0,0.0,0.0,20.0,0.0,19.47,1.266945742781243,0.0,0.0,10.0,0.0,20.0,0.0,2.0,0.0,1.0,0.0,3.13,1.5219272736443836
3.0,3.0,100,20.0,0.0,1.0,0.0,0.0,0.0,0.0,0.0,0.0,0.0,0.0,0.0,10.0,0.0,0.0,0.0,0.0,0.0,20.0,0.0,19.27,1.549551906555929,0.0,0.0,10.0,0.0,20.0,0.0,2.0,0.0,1.0,0.0,3.13,1.5219272736443836
4.0,4.0,100,20.0,0.0,1.0,0.0,0.0,0.0,0.0,0.0,0.0,0.0,0.0,0.0,10.0,0.0,0.0,0.0,0.0,0.0,20.0,0.0,19.06,1.7397317800933187,0.0,0.0,10.0,0.0,20.0,0.0,2.0,0.0,1.0,0.0,3.13,1.5219272736443836
5.0,5.0,100,20.0,0.0,1.0,0.0,0.0,0.0,0.0,0.0,0.0,0.0,0.0,0.0,10.0,0.0,0.0,0.0,0.0,0.0,20.0,0.0,18.72,2.0747641949499855,0.0,0.0,10.0,0.0,20.0,0.0,2.0,0.0,1.0,0.0,3.13,1.5219272736443836
6.0,6.0,100,20.0,0.0,1.0,0.0,0.0,0.0,0.0,0.0,0.0,0.0,0.0,0.0,10.0,0.0,0.0,0.0,0.0,0.0,20.0,0.0,18.47,2.2131608183954476,0.0,0.0,10.0,0.0,20.0,0.0,2.0,0.0,1.0,0.0,3.13,1.5219272736443836
7.0,7.0,100,20.0,0.0,1.0,0.0,0.0,0.0,0.0,0.0,0.0,0.0,0.0,0.0,10.0,0.0,0.0,0.0,0.0,0.0,20.0,0.0,18.26,2.3639549124894126,0.0,0.0,10.0,0.0,20.0,0.0,2.0,0.0,1.0,0.0,3.13,1.5219272736443836
8.0,8.0,100,20.0,0.0,1.0,0.0,0.0,0.0,0.0,0.0,0.0,0.0,0.0,0.0,10.0,0.0,0.0,0.0,0.0,0.0,20.0,0.0,17.93,2.6977543972494566,0.0,0.0,10.0,0.0,20.0,0.0,2.0,0.0,1.0,0.0,3.13,1.5219272736443836
9.0,9.0,100,19.97,0.171446607997766,0.9984999999999999,0.008572330399888245,0.0015000000000000002,0.008572330399888266,0.0,0.0,0.0015000000000000013,0.008572330399888273,0.03,0.17144660799776532,10.0,0.0,0.0,0.0,0.0,0.0,19.97,0.171446607997766,17.74,2.7546837982394337,0.03,0.17144660799776532,10.0,0.0,20.0,0.0,2.0,0.0,1.0,0.0,3.13,1.5219272736443836
10.0,10.0,100,19.94,0.23868325657594108,0.997,0.011934162828797123,0.0030000000000000005,0.011934162828797102,0.0,0.0,0.0015000000000000013,0.00857233039988827,0.06,0.23868325657594203,10.0,0.0,0.0,0.0,0.0,0.0,19.94,0.23868325657594108,17.52,2.8971598771098845,0.06,0.23868325657594203,10.0,0.0,20.0,0.0,2.0,0.0,1.0,0.0,3.13,1.5219272736443836
11.0,11.0,100,19.82,0.4579268169663905,0.991,0.022896340848319523,0.009000000000000001,0.0228963408483195,0.0,0.0,0.006000000000000002,0.017809315460503173,0.17,0.4277023415055065,9.99,0.1000000000000001,0.01,0.1,0.0,0.0,19.83,0.4277023415055063,17.28,2.92699038728738,0.17,0.42770234150550657,10.0,0.0,20.0,0.0,2.0,0.0,1.0,0.0,3.13,1.5219272736443836
12.0,12.0,100,19.67,0.7255092255537731,0.9834999999999999,0.03627546127768867,0.0165,0.036275461277688686,0.0,0.0,0.0075,0.019299604852813627,0.25,0.5,9.92,0.30748244591432317,0.05,0.21904291355759034,0.03,0.22270150335361366,19.67,0.725509225553773,17.0,3.0550504633038935,0.33,0.7255092255537737,10.0,0.0,20.0,0.0,2.0,0.0,1.0,0.0,3.13,1.5219272736443836
13.0,13.0,100,19.58,0.8549322142188184,0.9790000000000001,0.04274661071094091,0.021,0.04274661071094091,0.0,0.0,0.0045000000000000005,0.016041297713191172,0.3,0.5412294272573257,9.88,0.3834979883528818,0.1,0.33333333333333337,0.02,0.1407052941362897,19.58,0.8782443460183113,16.72,3.1561387994212358,0.42,0.8782443460183114,10.0,0.0,20.0,0.0,2.0,0.0,1.0,0.0,3.13,1.5219272736443836
14.0,14.0,100,19.46,0.9472981248655225,0.973,0.04736490624327618,0.027000000000000003,0.04736490624327618,0.0,0.0,0.005999999999999998,0.016329931618554516,0.36,0.5599422769673258,9.82,0.45792681696639054,0.13,0.3932511470376973,0.05,0.21904291355759034,19.41,1.1109646368100223,16.46,3.179543198243256,0.59,1.1109646368100219,10.0,0.0,20.0,0.0,2.0,0.0,1.0,0.0,3.13,1.5219272736443836
15.0,15.0,100,19.33,1.0546194679704242,0.9665,0.05273097339852125,0.0335,0.05273097339852125,0.0,0.0,0.006499999999999999,0.022082261266144425,0.44,0.640706680552849,9.77,0.4893822120745195,0.15,0.41132945334843113,0.08,0.2726599243442907,19.21,1.3728610544215585,16.23,3.256244971302269,0.79,1.3728610544215587,10.0,0.0,20.0,0.0,2.0,0.0,1.0,0.0,3.13,1.5219272736443836
16.0,16.0,100,19.14,1.1635890141881684,0.9570000000000001,0.05817945070940842,0.043,0.058179450709408415,0.0,0.0,0.009499999999999996,0.020955701232395298,0.53,0.6883591968139773,9.67,0.5514901759246625,0.19,0.44255913261233915,0.14,0.37658754867650873,18.98,1.4905764595679698,16.04,3.1938071388867613,1.02,1.4905764595679691,10.0,0.0,20.0,0.0,2.0,0.0,1.0,0.0,3.13,1.5219272736443836
17.0,17.0,100,19.03,1.2098501451573962,0.9515,0.060492507257869796,0.04850000000000001,0.06049250725786984,0.0,0.0,0.005499999999999998,0.017254775360092997,0.58,0.7132228744837539,9.61,0.5666666666666665,0.3,0.5222329678670935,0.09,0.2876234912646614,18.88,1.5523198670689524,15.83,3.2661564227357185,1.12,1.5523198670689524,10.0,0.0,20.0,0.0,2.0,0.0,1.0,0.0,3.13,1.5219272736443836
18.0,18.0,100,18.91,1.3188225541341514,0.9455,0.06594112770670763,0.0545,0.06594112770670763,0.0,0.0,0.005999999999999997,0.01917489941764408,0.64,0.7852169487254186,9.55,0.6092717958449426,0.31,0.5448565745851718,0.14,0.3487350880197771,18.71,1.6654237789933113,15.69,3.2650428864725587,1.29,1.665423778993312,10.0,0.0,20.0,0.0,2.0,0.0,1.0,0.0,3.13,1.5219272736443836
19.0,19.0,100,18.82,1.3881169572009002,0.941,0.069405847860045,0.059000000000000004,0.06940584786004504,0.0,0.0,0.0045000000000000005,0.01604129771319118,0.69,0.7874649262672022,9.51,0.6889459083603475,0.33,0.6365151334819269,0.16,0.3684529491774707,18.62,1.6562096192904756,15.64,3.1988634345228415,1.38,1.6562096192904756,10.0,0.0,20.0,0.0,2.0,0.0,1.0,0.0,3.13,1.5219272736443836
20.0,20.0,100,18.64,1.4669421228934667,0.932,0.07334710614467335,0.068,0.07334710614467335,0.0,0.0,0.009000000000000003,0.021765508809521866,0.81,0.8491826135237996,9.45,0.7017294652672368,0.41,0.6528105515091006,0.14,0.34873508801977693,18.44,1.7884025940441484,15.58,3.166044595996459,1.56,1.7884025940441484,10.0,0.0,20.0,0.0,2.0,0.0,1.0,0.0,3.13,1.5219272736443836
21.0,21.0,100,18.54,1.4935551783268908,0.927,0.07467775891634451,0.073,0.07467775891634455,0.0,0.0,0.005000000000000001,0.015075567228888186,0.87,0.8367203894378397,9.41,0.7398471040517339,0.4,0.6195469181897235,0.19,0.44255913261233903,18.24,2.0006059688065116,15.51,3.1574666996812426,1.76,2.0006059688065116,10.0,0.0,20.0,0.0,2.0,0.0,1.0,0.0,3.13,1.5219272736443836
22.0,22.0,100,18.38,1.5490629295144724,0.919,0.07745314647572361,0.081,0.07745314647572363,0.0,0.0,0.008,0.01842264745887353,0.95,0.8453676505795953,9.33,0.7792122414154679,0.49,0.6434597143880914,0.18,0.43531017619043716,18.19,1.846071449857723,15.4,3.113995776646092,1.81,1.8460714498577235,10.0,0.0,20.0,0.0,2.0,0.0,1.0,0.0,3.13,1.5219272736443836
23.0,23.0,100,18.22,1.5927867707165624,0.9109999999999999,0.07963933853582812,0.08900000000000001,0.07963933853582812,0.0,0.0,0.007999999999999998,0.018422647458873526,1.03,0.8698658900466594,9.25,0.7961396760860395,0.69,0.7874649262672023,0.06,0.23868325657594203,18.15,1.701900304502189,15.37,3.0868080339379445,1.85,1.7019003045021897,10.0,0.0,20.0,0.0,2.0,0.0,1.0,0.0,3.13,1.5219272736443836
24.0,24.0,100,18.07,1.590724376001085,0.9035,0.07953621880005421,0.0965,0.07953621880005425,0.0,0.0,0.007499999999999998,0.02056647266742155,1.11,0.8633385983225444,9.18,0.8087900927567134,0.74,0.7865022940753945,0.08,0.27265992434429076,18.03,1.641968515550955,15.42,2.944537829660714,1.97,1.641968515550955,10.0,0.0,20.0,0.0,2.0,0.0,1.0,0.0,3.13,1.5219272736443836
25.0,25.0,100,17.93,1.615924540692455,0.8965000000000001,0.0807962270346227,0.1035,0.08079622703462273,0.0,0.0,0.006999999999999998,0.018829377433825432,1.19,0.8954994092232512,9.12,0.8075402232218604,0.77,0.8147007878585695,0.11,0.3450955072018601,17.87,1.6856794332004978,15.45,2.811861599824155,2.13,1.6856794332004978,10.0,0.0,20.0,0.0,2.0,0.0,1.0,0.0,3.13,1.5219272736443836
26.0,26.0,100,17.76,1.6399063782097223,0.888,0.08199531891048611,0.11200000000000002,0.08199531891048614,0.0,0.0,0.008499999999999997,0.02016973430212162,1.29,0.9352253550061956,9.05,0.808727645156516,0.84,0.7877855422677295,0.11,0.31446603773522014,17.65,1.811160685942313,15.26,2.918488608436866,2.35,1.8111606859423133,10.0,0.0,20.0,0.0,2.0,0.0,1.0,0.0,3.13,1.5219272736443836
27.0,27.0,100,17.48,1.8666666666666667,0.8740000000000001,0.09333333333333332,0.126,0.09333333333333332,0.0,0.0,0.014000000000000004,0.03104249287084341,1.45,1.1043989178267832,8.93,0.8558178792384759,0.95,0.8572330399888264,0.12,0.3265986323710904,17.39,1.9586379518079975,15.19,2.92566145503798,2.61,1.958637951807997,10.0,0.0,20.0,0.0,2.0,0.0,1.0,0.0,3.13,1.5219272736443836
28.0,28.0,100,17.37,1.8944629579355456,0.8684999999999999,0.09472314789677731,0.1315,0.09472314789677731,0.0,0.0,0.005500000000000001,0.015723301886761014,1.5,1.087114613009218,8.87,0.8950481054731703,1.0,0.8761716542303611,0.13,0.3379976689896311,17.31,1.936856768430268,15.15,2.868762447432338,2.69,1.9368567684302678,10.0,0.0,20.0,0.0,2.0,0.0,1.0,0.0,3.13,1.5219272736443836
29.0,29.0,100,17.23,1.9635825843739212,0.8615,0.09817912921869601,0.13849999999999998,0.09817912921869602,0.0,0.0,0.007000000000000002,0.02012586656644889,1.57,1.0941072648834334,8.8,0.9534625892455925,1.07,0.9347932305266143,0.13,0.33799766898963113,17.19,1.9420649220909585,15.08,2.8627880738111844,2.81,1.9420649220909585,10.0,0.0,20.0,0.0,2.0,0.0,1.0,0.0,3.13,1.5219272736443836
30.0,30.0,100,17.11,2.014568154340986,0.8554999999999999,0.1007284077170493,0.1445,0.10072840771704933,0.0,0.0,0.005999999999999998,0.01632993161855452,1.62,1.1080969216989947,8.73,0.9729160583347655,1.14,0.9849370589540278,0.13,0.33799766898963113,17.03,1.9871048937048736,15.1,2.73953472419141,2.97,1.987104893704874,10.0,0.0,20.0,0.0,2.0,0.0,1.0,0.0,3.13,1.5219272736443836
31.0,31.0,100,17.0,2.0150945537631877,0.85,0.10075472768815938,0.15,0.10075472768815939,0.0,0.0,0.0055000000000000005,0.01725477536009301,1.68,1.1180791609277987,8.68,0.9627401969735587,1.22,0.9906634854551477,0.1,0.30151134457776363,17.01,1.930588438060198,15.0,2.6892979069495504,2.99,1.9305884380601979,10.0,0.0,20.0,0.0,2.0,0.0,1.0,0.0,3.13,1.5219272736443836
32.0,32.0,100,16.87,2.0432445974108155,0.8434999999999999,0.10216222987054076,0.1565,0.10216222987054077,0.0,0.0,0.006500000000000001,0.019662557351884866,1.76,1.14697670227235,8.63,0.9708373975724528,1.27,0.9832434473555759,0.1,0.30151134457776363,16.87,1.9779338265529058,14.93,2.6371663703009833,3.13,1.9779338265529063,10.0,0.0,20.0,0.0,2.0,0.0,1.0,0.0,3.13,1.5219272736443836
33.0,33.0,100,16.77,2.107490249447231,0.8384999999999999,0.10537451247236153,0.16149999999999998,0.10537451247236157,0.0,0.0,0.005000000000000001,0.015075567228888186,1.84,1.1952769004238593,8.61,0.9938701010583716,1.33,0.9852959356498333,0.06,0.23868325657594203,16.82,2.0468255786693095,14.67,2.752611248772461,3.18,2.046825578669309,10.0,0.0,20.0,0.0,2.0,0.0,1.0,0.0,3.13,1.5219272736443836
34.0,34.0,100,16.67,2.0891978065150933,0.8334999999999999,0.10445989032575463,0.16649999999999998,0.10445989032575463,0.0,0.0,0.005,0.01666666666666667,1.92,1.2200347734736285,8.59,0.9649933270298406,1.37,0.9498006170356029,0.04,0.1969463855669324,16.75,1.9765033914885284,14.61,2.7520240485207186,3.25,1.9765033914885288,10.0,0.0,20.0,0.0,2.0,0.0,1.0,0.0,3.13,1.5219272736443836
35.0,35.0,100,16.58,2.1042525485023864,0.8290000000000001,0.1052126274251193,0.171,0.10521262742511933,0.0,0.0,0.004499999999999999,0.01604129771319117,1.95,1.22577536788975,8.53,0.9687542766279011,1.43,0.956160250294073,0.04,0.19694638556693236,16.67,1.969745920137669,14.5,2.6949260217353395,3.33,1.9697459201376686,10.0,0.0,20.0,0.0,2.0,0.0,1.0,0.0,3.13,1.5219272736443836
36.0,36.0,100,16.4,2.122510425192419,0.82,0.10612552125962096,0.18,0.10612552125962096,0.0,0.0,0.009000000000000003,0.021765508809521866,2.05,1.2421470496399738,8.45,0.9679197729505719,1.51,0.9691712590109807,0.04,0.19694638556693236,16.49,1.9923844909042927,14.43,2.6024658081958125,3.51,1.9923844909042931,10.0,0.0,20.0,0.0,2.0,0.0,1.0,0.0,3.13,1.5219272736443836
37.0,37.0,100,16.27,2.192065581854593,0.8134999999999999,0.10960327909272964,0.1865,0.10960327909272966,0.0,0.0,0.006499999999999999,0.01833333333333333,2.1,1.2593087730412211,8.37,1.0313764461812056,1.54,1.0192094381371666,0.09,0.2876234912646613,16.27,2.117054366783997,14.27,2.6849938396934774,3.73,2.1170543667839965,10.0,0.0,20.0,0.0,2.0,0.0,1.0,0.0,3.13,1.5219272736443836
38.0,38.0,100,16.13,2.2186309364838563,0.8065000000000001,0.11093154682419279,0.1935,0.11093154682419279,0.0,0.0,0.006999999999999996,0.01743675440098884,2.14,1.2634728474975776,8.27,1.033333333333333,1.59,1.0059921480907301,0.14,0.37658754867650873,16.1,2.1532216876958197,14.2,2.7228921047557897,3.9,2.1532216876958197,10.0,0.0,20.0,0.0,2.0,0.0,1.0,0.0,3.13,1.5219272736443836
39.0,39.0,100,16.03,2.235864689351954,0.8015000000000001,0.11179323446759773,0.1985,0.11179323446759772,0.0,0.0,0.005000000000000001,0.01666666666666667,2.2,1.2870763988845637,8.23,1.0235114838514305,1.7,1.0298573010888743,0.07,0.2564323999762428,16.07,2.1141896745084106,14.11,2.6889034977481097,3.93,2.114189674508411,10.0,0.0,20.0,0.0,2.0,0.0,1.0,0.0,3.13,1.5219272736443836
40.0,40.0,100,15.95,2.217355782608345,0.7975,0.11086778913041725,0.2025,0.11086778913041725,0.0,0.0,0.004000000000000001,0.01363299621721454,2.25,1.2742595393943001,8.2,1.0249414863810766,1.71,1.0376254944182253,0.09,0.2876234912646614,15.99,2.0816417374832596,14.03,2.6455795034530545,4.01,2.0816417374832596,10.0,0.0,20.0,0.0,2.0,0.0,1.0,0.0,3.13,1.5219272736443836
41.0,41.0,100,15.84,2.246074015888275,0.792,0.11230370079441378,0.20800000000000002,0.11230370079441376,0.0,0.0,0.0055000000000000005,0.015723301886761003,2.31,1.2688577540449522,8.15,1.0671873729054744,1.8,1.1009637651263606,0.05,0.21904291355759034,15.93,2.075616009328753,13.99,2.618870911000549,4.07,2.075616009328753,10.0,0.0,20.0,0.0,2.0,0.0,1.0,0.0,3.13,1.5219272736443836
42.0,42.0,100,15.69,2.2459615834522717,0.7845,0.1122980791726136,0.2155,0.1122980791726136,0.0,0.0,0.007500000000000003,0.020566472667421568,2.4,1.2472191289246475,8.09,1.101835016706405,1.8,1.0444659357341872,0.11,0.3450955072018601,15.75,2.143229885811212,13.91,2.5784460123073814,4.25,2.1432298858112127,10.0,0.0,20.0,0.0,2.0,0.0,1.0,0.0,3.13,1.5219272736443836
43.0,43.0,100,15.49,2.2629872096658237,0.7745000000000001,0.11314936048329119,0.2255,0.11314936048329119,0.0,0.0,0.009999999999999998,0.02132007163556104,2.49,1.2349702486908403,7.98,1.1189822215393828,1.97,1.123261844681449,0.05,0.2190429135575903,15.61,2.093255161636338,13.78,2.536919312071157,4.39,2.093255161636338,10.0,0.0,20.0,0.0,2.0,0.0,1.0,0.0,3.13,1.5219272736443836
44.0,44.0,100,15.36,2.2675577571074528,0.768,0.11337788785537264,0.23199999999999998,0.11337788785537264,0.0,0.0,0.006500000000000001,0.019662557351884866,2.57,1.2968882727202031,7.93,1.075484386993445,1.97,1.0488570017409475,0.1,0.3333333333333333,15.43,2.152072057672359,13.68,2.5618806223616906,4.57,2.1520720576723593,10.0,0.0,20.0,0.0,2.0,0.0,1.0,0.0,3.13,1.5219272736443836
45.0,45.0,100,15.25,2.3022825739915267,0.7625,0.11511412869957634,0.2375,0.11511412869957631,0.0,0.0,0.0055000000000000005,0.017254775360093004,2.61,1.2940813207238815,7.86,1.1011472437985994,2.06,1.144331660618961,0.08,0.2726599243442907,15.35,2.0615528128088303,13.61,2.5815780938304873,4.65,2.06155281280883,10.0,0.0,20.0,0.0,2.0,0.0,1.0,0.0,3.13,1.5219272736443836
46.0,46.0,100,15.14,2.274229806356695,0.757,0.11371149031783484,0.243,0.11371149031783476,0.0,0.0,0.0055000000000000005,0.01866098398349678,2.69,1.268857754044952,7.83,1.1106008929558553,2.07,1.1304330090185741,0.1,0.33333333333333337,15.25,2.071329051697012,13.52,2.4678948621254206,4.75,2.0713290516970115,10.0,0.0,20.0,0.0,2.0,0.0,1.0,0.0,3.13,1.5219272736443836
47.0,47.0,100,14.99,2.307191217288093,0.7495,0.11535956086440466,0.2505,0.11535956086440466,0.0,0.0,0.007500000000000002,0.019299604852813637,2.78,1.3148721948877347,7.77,1.0996326291957323,2.16,1.1256423530903177,0.07,0.25643239997624284,15.11,2.112468994452996,13.5,2.4515507357795006,4.89,2.1124689944529957,10.0,0.0,20.0,0.0,2.0,0.0,1.0,0.0,3.13,1.5219272736443836
48.0,48.0,100,14.87,2.40225062822514,0.7434999999999999,0.12011253141125701,0.2565,0.12011253141125702,0.0,0.0,0.0059999999999999975,0.022785783269221153,2.82,1.366112230478384,7.69,1.1343578257180038,2.21,1.1485168301295845,0.1,0.30151134457776363,14.97,2.1902216114061854,13.45,2.4261829354695488,5.03,2.1902216114061854,10.0,0.0,20.0,0.0,2.0,0.0,1.0,0.0,3.13,1.5219272736443836
49.0,49.0,100,14.8,2.4329389468689753,0.74,0.12164694734344877,0.26,0.12164694734344875,0.0,0.0,0.0034999999999999996,0.01282161999881214,2.87,1.382831234179436,7.67,1.1464041278024184,2.22,1.1422112171776568,0.11,0.3144660377352202,14.94,2.214826075667014,13.48,2.3973048840459787,5.06,2.214826075667014,10.0,0.0,20.0,0.0,2.0,0.0,1.0,0.0,3.13,1.5219272736443836
50.0,50.0,100,14.66,2.404625172916191,0.733,0.12023125864580961,0.267,0.12023125864580958,0.0,0.0,0.006999999999999999,0.021343747458109498,2.99,1.374331793559284,7.65,1.1492202011394819,2.29,1.1396880664852507,0.06,0.23868325657594203,14.87,2.172625837622077,13.41,2.4416214185485745,5.13,2.172625837622076,10.0,0.0,20.0,0.0,2.0,0.0,1.0,0.0,3.13,1.5219272736443836
51.0,51.0,100,14.57,2.483297742270885,0.7284999999999999,0.12416488711354429,0.27149999999999996,0.12416488711354427,0.0,0.0,0.0045000000000000005,0.014381174563233068,3.03,1.4103155317126372,7.6,1.1891767800211264,2.37,1.1862426889855706,0.03,0.1714466079977653,14.81,2.227899314047956,13.37,2.452189291884361,5.19,2.227899314047956,10.0,0.0,20.0,0.0,2.0,0.0,1.0,0.0,3.13,1.5219272736443836
52.0,52.0,100,14.47,2.4595926409867057,0.7234999999999999,0.12297963204933532,0.27649999999999997,0.12297963204933533,0.0,0.0,0.005000000000000001,0.015075567228888184,3.11,1.3699148392023013,7.58,1.1991579537241115,2.38,1.170167906453142,0.04,0.19694638556693242,14.69,2.268337174088882,13.25,2.512091968978457,5.31,2.2683371740888814,10.0,0.0,20.0,0.0,2.0,0.0,1.0,0.0,3.13,1.5219272736443836
53.0,53.0,100,14.3,2.3931721056523974,0.715,0.11965860528261985,0.285,0.11965860528261983,0.0,0.0,0.0085,0.021385117075275326,3.21,1.3203534880225576,7.51,1.1848794849854534,2.46,1.1583687589961071,0.03,0.17144660799776532,14.54,2.1761795826074595,13.17,2.5188381159863082,5.46,2.176179582607459,10.0,0.0,20.0,0.0,2.0,0.0,1.0,0.0,3.13,1.5219272736443836
54.0,54.0,100,14.16,2.3941004932369006,0.708,0.11970502466184507,0.292,0.11970502466184503,0.0,0.0,0.007000000000000003,0.018829377433825442,3.26,1.307476557914118,7.42,1.1991579537241113,2.52,1.176194857765644,0.06,0.23868325657594203,14.35,2.194460426997162,13.11,2.5061338892220166,5.65,2.194460426997162,10.0,0.0,20.0,0.0,2.0,0.0,1.0,0.0,3.13,1.5219272736443836
55.0,55.0,100,14.0,2.416274785363585,0.7,0.12081373926817925,0.3,0.12081373926817923,0.0,0.0,0.007999999999999997,0.018422647458873526,3.34,1.3197795959243275,7.34,1.1994948431685228,2.6,1.214391812697811,0.06,0.2777979790634143,14.2,2.1927336381970357,12.94,2.436341022056965,5.8,2.1927336381970353,10.0,0.0,20.0,0.0,2.0,0.0,1.0,0.0,3.13,1.5219272736443836
56.0,56.0,100,13.85,2.4010729924663923,0.6925,0.12005364962331962,0.3075,0.12005364962331963,0.0,0.0,0.007500000000000002,0.01794351406413184,3.39,1.3018634662853417,7.24,1.2070499977091655,2.7,1.2185435916898848,0.06,0.238683256575942,14.05,2.1666666666666665,12.87,2.4930408190104956,5.95,2.1666666666666665,10.0,0.0,20.0,0.0,2.0,0.0,1.0,0.0,3.13,1.5219272736443836
57.0,57.0,100,13.72,2.3616464039677356,0.6859999999999999,0.1180823201983868,0.314,0.11808232019838678,0.0,0.0,0.006499999999999999,0.01689988344948155,3.43,1.2890760922913636,7.15,1.1752927853573898,2.8,1.1806521053804946,0.05,0.2190429135575903,13.93,2.1379448264181375,12.81,2.3642753604007254,6.07,2.1379448264181375,10.0,0.0,20.0,0.0,2.0,0.0,1.0,0.0,3.13,1.5219272736443836
58.0,58.0,100,13.66,2.413011865413484,0.6829999999999999,0.1206505932706742,0.317,0.12065059327067423,0.0,0.0,0.003,0.013889898953170712,3.46,1.3213094209376495,7.12,1.2,2.82,1.1838987125663083,0.06,0.23868325657594203,13.88,2.184795947756525,12.71,2.4007364190046676,6.12,2.1847959477565246,10.0,0.0,20.0,0.0,2.0,0.0,1.0,0.0,3.13,1.5219272736443836
59.0,59.0,100,13.56,2.438413128626604,0.6779999999999999,0.12192065643133022,0.322,0.12192065643133022,0.0,0.0,0.005,0.01666666666666667,3.49,1.3370780746754385,7.05,1.2007993970348219,2.91,1.2398680281678074,0.04,0.19694638556693236,13.8,2.1414617871581516,12.69,2.355715165166184,6.2,2.141461787158152,10.0,0.0,20.0,0.0,2.0,0.0,1.0,0.0,3.13,1.5219272736443836
60.0,60.0,100,13.46,2.4758224834783626,0.6729999999999999,0.12379112417391819,0.327,0.12379112417391816,0.0,0.0,0.005000000000000001,0.018118576883486975,3.55,1.3660752600649848,7.01,1.2185021439240369,2.96,1.19696586113693,0.03,0.1714466079977653,13.72,2.238686483569589,12.64,2.3247461032216927,6.28,2.238686483569589,10.0,0.0,20.0,0.0,2.0,0.0,1.0,0.0,3.13,1.5219272736443836
61.0,61.0,100,13.38,2.5257462143679326,0.669,0.1262873107183966,0.331,0.1262873107183966,0.0,0.0,0.004,0.015374122295716146,3.58,1.3866608391485942,6.96,1.246571054508885,3.0,1.2390938363794466,0.04,0.19694638556693242,13.63,2.2859032209071177,12.54,2.3459399701259076,6.37,2.2859032209071177,10.0,0.0,20.0,0.0,2.0,0.0,1.0,0.0,3.13,1.5219272736443836
62.0,62.0,100,13.3,2.5485190787886003,0.665,0.12742595393943,0.335,0.12742595393943,0.0,0.0,0.004000000000000001,0.01363299621721454,3.64,1.4250287964483628,6.94,1.2376256185604642,3.01,1.2185021439240369,0.05,0.21904291355759026,13.55,2.319765749232696,12.44,2.302041254928751,6.45,2.3197657492326957,10.0,0.0,20.0,0.0,2.0,0.0,1.0,0.0,3.13,1.5219272736443836
63.0,63.0,100,13.2,2.5425669046549126,0.66,0.12712834523274563,0.34,0.12712834523274563,0.0,0.0,0.004999999999999997,0.015075567228888169,3.73,1.441484924610309,6.93,1.2247861078984403,3.05,1.22577536788975,0.02,0.1407052941362897,13.48,2.293953404544701,12.38,2.2731635944807684,6.52,2.2939534045447005,10.0,0.0,20.0,0.0,2.0,0.0,1.0,0.0,3.13,1.5219272736443836
64.0,64.0,100,13.09,2.534987498225901,0.6545000000000001,0.12674937491129507,0.3455,0.1267493749112951,0.0,0.0,0.0055,0.017254775360093,3.79,1.4163190304305016,6.88,1.241374279180176,3.09,1.2316942425255981,0.03,0.1714466079977653,13.37,2.263701268794854,12.21,2.2486584103559717,6.63,2.2637012687948546,10.0,0.0,20.0,0.0,2.0,0.0,1.0,0.0,3.13,1.5219272736443836
65.0,65.0,100,12.94,2.456983450649938,0.647,0.1228491725324969,0.353,0.12284917253249687,0.0,0.0,0.0075,0.02056647266742156,3.89,1.3325376413657384,6.83,1.2557343217690142,3.14,1.2714423528283365,0.03,0.1714466079977653,13.24,2.1978869558526144,12.14,2.1882145297668667,6.76,2.197886955852614,10.0,0.0,20.0,0.0,2.0,0.0,1.0,0.0,3.13,1.5219272736443836
66.0,66.0,100,12.88,2.462978405561573,0.644,0.12314892027807865,0.35600000000000004,0.12314892027807861,0.0,0.0,0.0030000000000000014,0.013889898953170726,3.92,1.3384749349596172,6.8,1.2552918289216952,3.18,1.2583458759158166,0.02,0.1407052941362897,13.18,2.2173785596437243,12.01,2.213343373471204,6.82,2.2173785596437243,10.0,0.0,20.0,0.0,2.0,0.0,1.0,0.0,3.13,1.5219272736443836
67.0,67.0,100,12.79,2.4793897913345,0.6395000000000001,0.123969489566725,0.3605,0.123969489566725,0.0,0.0,0.004500000000000001,0.014381174563233075,3.97,1.3215769582455863,6.76,1.3036080466896247,3.19,1.2688577540449522,0.05,0.26111648393354675,13.08,2.245894121288981,11.9,2.190429135575903,6.92,2.245894121288981,10.0,0.0,20.0,0.0,2.0,0.0,1.0,0.0,3.13,1.5219272736443836
68.0,68.0,100,12.67,2.482484093146877,0.6335000000000001,0.12412420465734382,0.3665,0.12412420465734385,0.0,0.0,0.005999999999999998,0.019174899417644085,4.05,1.3586609569571053,6.72,1.2798358480601324,3.26,1.284090685617215,0.02,0.1407052941362897,12.99,2.213343373471204,11.79,2.207860155138107,7.01,2.2133433734712042,10.0,0.0,20.0,0.0,2.0,0.0,1.0,0.0,3.13,1.5219272736443836
69.0,69.0,100,12.6,2.4659294557647184,0.63,0.12329647278823594,0.37,0.12329647278823595,0.0,0.0,0.0034999999999999996,0.01282161999881214,4.06,1.3545285064359018,6.66,1.2650707649787976,3.28,1.2397458195007949,0.06,0.23868325657594203,12.88,2.248591029102806,11.69,2.182089629578756,7.12,2.2485910291028053,10.0,0.0,20.0,0.0,2.0,0.0,1.0,0.0,3.13,1.5219272736443836
70.0,70.0,100,12.51,2.4266824841309336,0.6255,0.12133412420654666,0.37450000000000006,0.12133412420654668,0.0,0.0,0.0045000000000000005,0.01604129771319117,4.12,1.3202387295600382,6.63,1.2525126261989854,3.34,1.2650707649787978,0.03,0.1714466079977653,12.82,2.166689976564588,11.65,2.221906543234591,7.18,2.1666899765645877,10.0,0.0,20.0,0.0,2.0,0.0,1.0,0.0,3.13,1.5219272736443836
71.0,71.0,100,12.37,2.464515851813167,0.6185,0.12322579259065838,0.3815,0.12322579259065838,0.0,0.0,0.007000000000000002,0.02012586656644889,4.21,1.3654835973183472,6.58,1.2486760665568628,3.39,1.254446636424349,0.03,0.1714466079977653,12.71,2.1940921594227536,11.57,2.24398185051808,7.29,2.1940921594227545,10.0,0.0,20.0,0.0,2.0,0.0,1.0,0.0,3.13,1.5219272736443836
72.0,72.0,100,12.25,2.471555352118551,0.6125,0.12357776760592759,0.3875,0.12357776760592758,0.0,0.0,0.006000000000000002,0.016329931618554526,4.3,1.3743685418725535,6.55,1.2502524997500761,3.42,1.256739407909985,0.03,0.1714466079977653,12.58,2.2346219710580475,11.5,2.162583565268098,7.42,2.234621971058048,10.0,0.0,20.0,0.0,2.0,0.0,1.0,0.0,3.13,1.5219272736443836
73.0,73.0,100,12.1,2.4183640851792445,0.605,0.12091820425896227,0.395,0.12091820425896227,0.0,0.0,0.007499999999999998,0.01794351406413183,4.38,1.3616686139224232,6.48,1.2266403159225059,3.48,1.218377792166471,0.04,0.19694638556693236,12.44,2.189598920885612,11.51,2.1057640951071477,7.56,2.189598920885611,10.0,0.0,20.0,0.0,2.0,0.0,1.0,0.0,3.13,1.5219272736443836
74.0,74.0,100,12.0,2.4078994576144157,0.6,0.12039497288072078,0.4,0.12039497288072078,0.0,0.0,0.005000000000000001,0.016666666666666673,4.47,1.3592555894958673,6.47,1.2346430392398584,3.5,1.218543591689885,0.03,0.1714466079977653,12.34,2.1983464860497475,11.44,2.104924480998563,7.66,2.1983464860497475,10.0,0.0,20.0,0.0,2.0,0.0,1.0,0.0,3.13,1.5219272736443836
75.0,75.0,100,11.92,2.398147433147327,0.596,0.11990737165736633,0.40399999999999997,0.11990737165736635,0.0,0.0,0.003999999999999998,0.01537412229571614,4.52,1.3369647517697492,6.44,1.2416997148337365,3.51,1.2592686670276427,0.05,0.21904291355759034,12.25,2.1147629234082532,11.39,2.1456792383623875,7.75,2.114762923408253,10.0,0.0,20.0,0.0,2.0,0.0,1.0,0.0,3.13,1.5219272736443836
76.0,76.0,100,11.77,2.3734856948029717,0.5885,0.11867428474014856,0.4115,0.11867428474014857,0.0,0.0,0.0075,0.022890825651118375,4.62,1.3316656236958788,6.39,1.2382375875543121,3.6,1.2226812728383039,0.01,0.1,12.16,2.1211774888947743,11.3,2.13910204893492,7.84,2.1211774888947734,10.0,0.0,20.0,0.0,2.0,0.0,1.0,0.0,3.13,1.5219272736443836
77.0,77.0,100,11.69,2.359999143982039,0.5845,0.11799995719910197,0.4155,0.11799995719910199,0.0,0.0,0.004,0.01836773631598998,4.66,1.3425439443177425,6.35,1.233988360045293,3.6,1.2390938363794466,0.05,0.26111648393354675,12.07,2.0998075909930223,11.21,2.1569478997936513,7.93,2.099807590993022,10.0,0.0,20.0,0.0,2.0,0.0,1.0,0.0,3.13,1.5219272736443836
78.0,78.0,100,11.6,2.335496832484569,0.58,0.11677484162422845,0.42,0.11677484162422845,0.0,0.0,0.0045,0.014381174563233066,4.71,1.320353488022557,6.31,1.2284094997149362,3.64,1.2187093686570745,0.05,0.21904291355759034,11.99,2.0767836437699296,11.18,2.1573459189804063,8.01,2.076783643769929,10.0,0.0,20.0,0.0,2.0,0.0,1.0,0.0,3.13,1.5219272736443836
79.0,79.0,100,11.55,2.3327921450311835,0.5775,0.11663960725155921,0.4225,0.11663960725155921,0.0,0.0,0.002499999999999997,0.014864709750264075,4.73,1.3092908096532352,6.28,1.2315712227750686,3.67,1.2231355632392535,0.05,0.26111648393354675,11.93,2.094991622653871,11.1,2.1248885888797826,8.07,2.094991622653871,10.0,0.0,20.0,0.0,2.0,0.0,1.0,0.0,3.13,1.5219272736443836
80.0,80.0,100,11.43,2.3963566622114607,0.5715,0.11981783311057304,0.4285,0.11981783311057301,0.0,0.0,0.005999999999999998,0.017809315460503163,4.79,1.3874982937472449,6.22,1.2108933174572507,3.74,1.2112269428437874,0.04,0.24287836253956216,11.85,2.133783096528395,11.05,2.0955701232395305,8.15,2.1337830965283944,10.0,0.0,20.0,0.0,2.0,0.0,1.0,0.0,3.13,1.5219272736443836
81.0,81.0,100,11.37,2.3938262343796053,0.5685,0.11969131171898027,0.4315,0.11969131171898026,0.0,0.0,0.0029999999999999988,0.011934162828797097,4.83,1.3857499883828364,6.2,1.2143918126978108,3.79,1.200126255984357,0.01,0.1,11.81,2.1494420229680564,10.98,2.1176506899024785,8.19,2.1494420229680564,10.0,0.0,20.0,0.0,2.0,0.0,1.0,0.0,3.13,1.5219272736443836
82.0,82.0,100,11.28,2.3401631644745704,0.564,0.11700815822372855,0.436,0.11700815822372854,0.0,0.0,0.0045,0.01754503584573946,4.9,1.3669992204412076,6.18,1.20922380981447,3.76,1.207049997709166,0.06,0.2777979790634143,11.7,2.1057880791626284,10.93,2.0949916226538714,8.3,2.1057880791626284,10.0,0.0,20.0,0.0,2.0,0.0,1.0,0.0,3.13,1.5219272736443836
83.0,83.0,100,11.21,2.3063154400668844,0.5605,0.11531577200334422,0.4395,0.11531577200334425,0.0,0.0,0.003500000000000001,0.016291225871739687,4.93,1.3503086067019392,6.14,1.180823201983868,3.85,1.1666666666666667,0.01,0.1,11.67,2.089197806515093,10.86,2.089028579038689,8.33,2.089197806515093,10.0,0.0,20.0,0.0,2.0,0.0,1.0,0.0,3.13,1.5219272736443836
84.0,84.0,100,11.13,2.2859032209071173,0.5565,0.11429516104535592,0.4435,0.11429516104535586,0.0,0.0,0.004,0.01363299621721453,4.96,1.370099163262177,6.09,1.1467565151550285,3.88,1.1395551143256997,0.03,0.1714466079977653,11.57,2.090164557825024,10.83,2.0550750189064466,8.43,2.0901645578250236,10.0,0.0,20.0,0.0,2.0,0.0,1.0,0.0,3.13,1.5219272736443836
85.0,85.0,100,11.04,2.278223656778023,0.552,0.11391118283890117,0.44799999999999995,0.11391118283890118,0.0,0.0,0.004499999999999999,0.016041297713191165,5.0,1.399855692418315,6.04,1.118440472671251,3.95,1.104398917826783,0.01,0.1,11.51,2.081641737483259,10.81,2.0728889711869973,8.49,2.081641737483259,10.0,0.0,20.0,0.0,2.0,0.0,1.0,0.0,3.13,1.5219272736443836
86.0,86.0,100,10.94,2.3173478396867853,0.547,0.11586739198433925,0.45299999999999996,0.11586739198433925,0.0,0.0,0.005000000000000002,0.016666666666666673,5.05,1.3953385599809454,5.99,1.1414592822038345,4.0,1.1281521496355325,0.01,0.1,11.42,2.118604457770456,10.7,2.037526724122938,8.58,2.118604457770456,10.0,0.0,20.0,0.0,2.0,0.0,1.0,0.0,3.13,1.5219272736443836
87.0,87.0,100,10.84,2.329954263217814,0.542,0.11649771316089075,0.458,0.11649771316089076,0.0,0.0,0.005000000000000002,0.024099960182707384,5.11,1.4134634016764596,5.95,1.1492202011394816,4.03,1.1499231419200293,0.02,0.1407052941362897,11.33,2.0843573241038715,10.63,2.082417980729288,8.67,2.0843573241038715,10.0,0.0,20.0,0.0,2.0,0.0,1.0,0.0,3.13,1.5219272736443836
88.0,88.0,100,10.81,2.338500771559817,0.5405,0.11692503857799086,0.4595,0.11692503857799087,0.0,0.0,0.0014999999999999992,0.00857233039988826,5.14,1.428568542565627,5.95,1.1492202011394816,4.03,1.1499231419200293,0.02,0.1407052941362897,11.3,2.0865127254669105,10.56,2.075932308505012,8.7,2.0865127254669105,10.0,0.0,20.0,0.0,2.0,0.0,1.0,0.0,3.13,1.5219272736443836
89.0,89.0,100,10.73,2.2867868154670514,0.5365,0.11433934077335256,0.4635,0.11433934077335259,0.0,0.0,0.004000000000000001,0.015374122295716155,5.2,1.3706888336846836,5.93,1.148164983041561,4.05,1.1492202011394819,0.02,0.1407052941362897,11.24,2.0651998704848173,10.52,2.057162898731938,8.76,2.0651998704848173,10.0,0.0,20.0,0.0,2.0,0.0,1.0,0.0,3.13,1.5219272736443836
90.0,90.0,100,10.65,2.2713632270270883,0.5325,0.11356816135135443,0.4675,0.11356816135135443,0.0,0.0,0.0039999999999999975,0.013632996217214524,5.24,1.356763826466523,5.89,1.1449934938723894,4.09,1.1467565151550283,0.02,0.1407052941362897,11.14,2.089028579038689,10.41,2.025568881309469,8.86,2.089028579038689,10.0,0.0,20.0,0.0,2.0,0.0,1.0,0.0,3.13,1.5219272736443836
91.0,91.0,100,10.59,2.309816556623604,0.5295000000000001,0.11549082783118023,0.4705,0.11549082783118023,0.0,0.0,0.0030000000000000005,0.011934162828797102,5.26,1.3825755500207395,5.85,1.1579762911688178,4.13,1.1604161566290156,0.02,0.1407052941362897,11.09,2.099037778592752,10.36,2.0425771006552513,8.91,2.099037778592752,10.0,0.0,20.0,0.0,2.0,0.0,1.0,0.0,3.13,1.5219272736443836
92.0,92.0,100,10.51,2.3028090005315884,0.5255,0.11514045002657944,0.47450000000000003,0.11514045002657945,0.0,0.0,0.003999999999999999,0.015374122295716143,5.31,1.3610379283562386,5.82,1.1753357568857254,4.14,1.154875479754148,0.04,0.1969463855669324,11.0,2.074374677590888,10.33,2.040276273627489,9.0,2.0743746775908884,10.0,0.0,20.0,0.0,2.0,0.0,1.0,0.0,3.13,1.5219272736443836
93.0,93.0,100,10.43,2.284135006358584,0.5215,0.11420675031792919,0.47850000000000004,0.11420675031792916,0.0,0.0,0.004,0.016937198318160148,5.35,1.3132964154171272,5.78,1.1940932065205736,4.15,1.1838560518556096,0.07,0.3828389433765282,10.93,2.0560578146963033,10.28,1.980103048027572,9.07,2.0560578146963033,10.0,0.0,20.0,0.0,2.0,0.0,1.0,0.0,3.13,1.5219272736443836
94.0,94.0,100,10.32,2.273607910193165,0.516,0.11368039550965821,0.484,0.11368039550965825,0.0,0.0,0.0055,0.018660983983496776,5.43,1.3123731299913268,5.75,1.2007993970348216,4.18,1.1924001768777885,0.07,0.25643239997624273,10.83,2.0550750189064466,10.21,1.9811995142215018,9.17,2.0550750189064466,10.0,0.0,20.0,0.0,2.0,0.0,1.0,0.0,3.13,1.5219272736443836
95.0,95.0,100,10.26,2.2901634188084667,0.513,0.1145081709404233,0.48700000000000004,0.11450817094042334,0.0,0.0,0.0030000000000000005,0.011934162828797105,5.47,1.3592555894958673,5.73,1.179410912706043,4.25,1.1492202011394816,0.02,0.1407052941362897,10.82,2.046825578669308,10.13,1.9366481509572304,9.18,2.046825578669308,10.0,0.0,20.0,0.0,2.0,0.0,1.0,0.0,3.13,1.5219272736443836
96.0,96.0,100,10.16,2.281767877428518,0.508,0.11408839387142594,0.49200000000000005,0.11408839387142593,0.0,0.0,0.004999999999999998,0.018118576883486965,5.54,1.358995469774895,5.7,1.1677484162422844,4.27,1.144640563758781,0.03,0.1714466079977653,10.73,2.019375841164489,10.09,2.005522678037127,9.27,2.019375841164489,10.0,0.0,20.0,0.0,2.0,0.0,1.0,0.0,3.13,1.5219272736443836
97.0,97.0,100,10.12,2.253078701768679,0.506,0.1126539350884339,0.494,0.11265393508843395,0.0,0.0,0.0019999999999999996,0.009847319278346617,5.56,1.3803820288074404,5.68,1.1360039834899571,4.3,1.1055415967851332,0.02,0.1407052941362897,10.7,2.0075614636426526,10.05,2.0664467136130127,9.3,2.0075614636426526,10.0,0.0,20.0,0.0,2.0,0.0,1.0,0.0,3.13,1.5219272736443836
98.0,98.0,100,10.04,2.2334464014797466,0.502,0.11167232007398731,0.49800000000000005,0.11167232007398732,0.0,0.0,0.004000000000000002,0.013632996217214543,5.61,1.3845832250430845,5.65,1.1043989178267832,4.32,1.0813384896936429,0.03,0.1714466079977653,10.61,1.984256215127655,10.04,2.0691090162705597,9.39,1.984256215127655,10.0,0.0,20.0,0.0,2.0,0.0,1.0,0.0,3.13,1.5219272736443836
99.0,99.0,100,9.99,2.2269923550598345,0.49950000000000006,0.11134961775299175,0.5005000000000001,0.11134961775299178,0.0,0.0,0.0024999999999999996,0.01305582419667734,5.64,1.3745155253007983,5.63,1.1160446028522137,4.35,1.085952544678141,0.02,0.1407052941362897,10.58,1.9806131078098732,9.98,2.0596165181946375,9.42,1.9806131078098732,10.0,0.0,20.0,0.0,2.0,0.0,1.0,0.0,3.13,1.5219272736443836
100.0,100.0,100,9.88,2.2440943821416233,0.494,0.11220471910708117,0.506,0.11220471910708121,0.0,0.0,0.0055000000000000005,0.01725477536009301,5.7,1.3669992204412074,5.58,1.1475049789729352,4.37,1.1160446028522137,0.05,0.2190429135575903,10.44,2.0415878154223024,9.92,2.0234983208654893,9.56,2.0415878154223024,10.0,0.0,20.0,0.0,2.0,0.0,1.0,0.0,3.13,1.5219272736443836
101.0,101.0,100,9.81,2.2772258508451846,0.4905,0.11386129254225921,0.5095000000000001,0.11386129254225924,0.0,0.0,0.0034999999999999996,0.014659433478105145,5.73,1.3622248586986536,5.54,1.175679472569893,4.42,1.120786159872443,0.04,0.19694638556693236,10.4,2.079238399807084,9.89,2.014568154340987,9.6,2.079238399807084,10.0,0.0,20.0,0.0,2.0,0.0,1.0,0.0,3.13,1.5219272736443836
102.0,102.0,100,9.78,2.2811480363265253,0.489,0.11405740181632625,0.511,0.11405740181632629,0.0,0.0,0.0014999999999999992,0.008572330399888257,5.75,1.3586609569571049,5.53,1.175980141383898,4.44,1.1487366798339642,0.03,0.1714466079977653,10.39,2.044430720199873,9.8,1.9796949055831605,9.61,2.044430720199873,10.0,0.0,20.0,0.0,2.0,0.0,1.0,0.0,3.13,1.5219272736443836
103.0,103.0,100,9.72,2.278932941868925,0.486,0.11394664709344628,0.514,0.11394664709344623,0.0,0.0,0.0030000000000000005,0.013889898953170714,5.78,1.3749563813099859,5.5,1.1677484162422846,4.48,1.1413265363717178,0.02,0.1407052941362897,10.34,2.026192129452325,9.78,1.931033114394699,9.66,2.026192129452325,10.0,0.0,20.0,0.0,2.0,0.0,1.0,0.0,3.13,1.5219272736443836
104.0,104.0,100,9.65,2.3066657908563757,0.4825,0.11533328954281881,0.5175,0.11533328954281881,0.0,0.0,0.0035000000000000005,0.014659433478105145,5.82,1.3953747550642828,5.47,1.1759801413838984,4.5,1.159066151448805,0.03,0.1714466079977653,10.27,2.0093468459862147,9.73,1.9061569566628933,9.73,2.0093468459862147,10.0,0.0,20.0,0.0,2.0,0.0,1.0,0.0,3.13,1.5219272736443836
105.0,105.0,100,9.58,2.2882219289132766,0.479,0.11441109644566382,0.521,0.11441109644566382,0.0,0.0,0.0034999999999999996,0.01465943347810514,5.87,1.3973640408376986,5.45,1.157976291168818,4.52,1.1234866364235148,0.03,0.1714466079977653,10.21,2.0065297446491086,9.69,1.936856768430268,9.79,2.0065297446491086,10.0,0.0,20.0,0.0,2.0,0.0,1.0,0.0,3.13,1.5219272736443836
106.0,106.0,100,9.49,2.254042384407859,0.47450000000000003,0.11270211922039296,0.5255,0.112702119220393,0.0,0.0,0.0045000000000000005,0.016041297713191172,5.91,1.3933101346481085,5.4,1.1191627462193567,4.57,1.1033008326257743,0.03,0.1714466079977653,10.13,1.9366481509572306,9.67,1.9594629237357233,9.87,1.9366481509572306,10.0,0.0,20.0,0.0,2.0,0.0,1.0,0.0,3.13,1.5219272736443836
107.0,107.0,100,9.45,2.244521950856972,0.4725,0.11222609754284857,0.5275,0.1122260975428486,0.0,0.0,0.0020000000000000013,0.009847319278346625,5.92,1.3975447445900664,5.37,1.1069568805303733,4.6,1.0824588545146516,0.03,0.1714466079977653,10.09,1.9232495649002215,9.6,1.97969490558316,9.91,1.9232495649002215,10.0,0.0,20.0,0.0,2.0,0.0,1.0,0.0,3.13,1.5219272736443836
108.0,108.0,100,9.39,2.2423607689624383,0.46950000000000003,0.11211803844812195,0.5305,0.11211803844812189,0.0,0.0,0.003,0.013889898953170715,5.95,1.373449539067102,5.34,1.1121005695384194,4.62,1.1171753703339546,0.04,0.1969463855669324,10.01,1.9410244093199238,9.56,1.996562702812668,9.99,1.9410244093199238,10.0,0.0,20.0,0.0,2.0,0.0,1.0,0.0,3.13,1.5219272736443836
109.0,109.0,100,9.35,2.2173557826083448,0.4675,0.11086778913041724,0.5325,0.11086778913041725,0.0,0.0,0.001999999999999999,0.009847319278346613,5.99,1.3669622740170475,5.34,1.1121005695384194,4.61,1.1091447246423796,0.05,0.2190429135575903,9.97,1.935604726323445,9.53,1.9717960842794564,10.03,1.935604726323445,10.0,0.0,20.0,0.0,2.0,0.0,1.0,0.0,3.13,1.5219272736443836
110.0,110.0,100,9.32,2.201376979542715,0.466,0.1100688489771357,0.534,0.11006884897713572,0.0,0.0,0.0014999999999999996,0.008572330399888261,6.02,1.3482498944104457,5.34,1.1121005695384194,4.63,1.0977939310961395,0.03,0.1714466079977653,9.97,1.8987236542350012,9.44,1.9556703363927315,10.03,1.8987236542350012,10.0,0.0,20.0,0.0,2.0,0.0,1.0,0.0,3.13,1.5219272736443836
111.0,111.0,100,9.29,2.194092159422755,0.4645,0.1097046079711377,0.5355,0.10970460797113775,0.0,0.0,0.0015000000000000007,0.008572330399888268,6.03,1.3443108707332978,5.32,1.1090081108355294,4.66,1.0845098506521813,0.02,0.1407052941362897,9.95,1.8876258403431845,9.43,1.9860879775441613,10.05,1.8876258403431845,10.0,0.0,20.0,0.0,2.0,0.0,1.0,0.0,3.13,1.5219272736443836
112.0,112.0,100,9.2,2.1835010345032506,0.46,0.10917505172516256,0.54,0.10917505172516255,0.0,0.0,0.0045000000000000005,0.018929694486000907,6.1,1.3669992204412076,5.3,1.096366819098518,4.68,1.0719565798533581,0.02,0.1407052941362897,9.86,1.8964080880347554,9.4,1.9540168418367894,10.14,1.8964080880347554,10.0,0.0,20.0,0.0,2.0,0.0,1.0,0.0,3.13,1.5219272736443836
113.0,113.0,100,9.18,2.171346926390961,0.45899999999999996,0.10856734631954808,0.541,0.10856734631954809,0.0,0.0,0.0010000000000000002,0.007035264706814485,6.11,1.3550876821308007,5.29,1.1036669824185232,4.69,1.0796089827134432,0.02,0.1407052941362897,9.84,1.8894710926873193,9.37,1.9418568641401155,10.16,1.8894710926873193,10.0,0.0,20.0,0.0,2.0,0.0,1.0,0.0,3.13,1.5219272736443836
114.0,114.0,100,9.11,2.20602938705849,0.45549999999999996,0.11030146935292444,0.5445,0.11030146935292447,0.0,0.0,0.003500000000000001,0.012821619998812143,6.14,1.3634477984103022,5.25,1.1043989178267828,4.72,1.083205120618128,0.03,0.1714466079977653,9.76,1.9494625003841544,9.33,1.9335161878000526,10.24,1.9494625003841544,10.0,0.0,20.0,0.0,2.0,0.0,1.0,0.0,3.13,1.5219272736443836
115.0,115.0,100,9.07,2.2076771466494796,0.4535,0.11038385733247391,0.5465,0.11038385733247391,0.0,0.0,0.0020000000000000005,0.009847319278346622,6.17,1.3784415149367097,5.24,1.0928602080519878,4.74,1.0695038026292303,0.02,0.1407052941362897,9.73,1.9532671412923843,9.31,1.9420649220909592,10.27,1.9532671412923843,10.0,0.0,20.0,0.0,2.0,0.0,1.0,0.0,3.13,1.5219272736443836
116.0,116.0,100,9.05,2.2082261266144436,0.4525,0.11041130633072217,0.5475,0.11041130633072214,0.0,0.0,0.0010000000000000009,0.007035264706814491,6.18,1.3881169572009011,5.23,1.0904081341359755,4.75,1.0671873729054748,0.02,0.1407052941362897,9.71,1.9606997307959817,9.3,1.9253754717121305,10.29,1.9606997307959817,10.0,0.0,20.0,0.0,2.0,0.0,1.0,0.0,3.13,1.5219272736443836
117.0,117.0,100,8.98,2.2246552337589103,0.449,0.1112327616879455,0.551,0.1112327616879455,0.0,0.0,0.003500000000000001,0.012821619998812142,6.23,1.4060116240162048,5.21,1.103666982418523,4.77,1.0811049342167847,0.02,0.1407052941362897,9.64,1.9925112321141405,9.23,1.9219886586659154,10.36,1.9925112321141405,10.0,0.0,20.0,0.0,2.0,0.0,1.0,0.0,3.13,1.5219272736443836
118.0,118.0,100,8.92,2.2503871720756012,0.446,0.11251935860378007,0.5539999999999999,0.11251935860378008,0.0,0.0,0.003,0.013889898953170714,6.26,1.4043223319883549,5.18,1.1315493981280893,4.8,1.110100550546315,0.02,0.1407052941362897,9.59,1.9903555339474275,9.16,1.9212790352557148,10.41,1.9903555339474275,10.0,0.0,20.0,0.0,2.0,0.0,1.0,0.0,3.13,1.5219272736443836
119.0,119.0,100,8.87,2.214073443253681,0.4435,0.11070367216268409,0.5565,0.11070367216268408,0.0,0.0,0.0024999999999999988,0.01095214567787951,6.29,1.3874982937472444,5.16,1.1256423530903175,4.82,1.104444647684066,0.02,0.1407052941362897,9.54,1.966486894711151,9.11,1.9431048776781359,10.46,1.966486894711151,10.0,0.0,20.0,0.0,2.0,0.0,1.0,0.0,3.13,1.5219272736443836
120.0,120.0,100,8.8,2.1788700620906125,0.44,0.10894350310453056,0.56,0.10894350310453059,0.0,0.0,0.0034999999999999988,0.01465943347810514,6.35,1.3734495390671029,5.15,1.1225422086055425,4.83,1.1014682579322579,0.02,0.1407052941362897,9.48,1.9461435577764419,9.03,1.8987236542350014,10.52,1.9461435577764419,10.0,0.0,20.0,0.0,2.0,0.0,1.0,0.0,3.13,1.5219272736443836
121.0,121.0,100,8.74,2.209346537148965,0.43700000000000006,0.11046732685744823,0.5630000000000001,0.11046732685744821,0.0,0.0,0.003,0.013889898953170714,6.37,1.3828312341794362,5.11,1.1361373512071862,4.87,1.106956880530373,0.02,0.1407052941362897,9.42,1.9857064997200122,8.98,1.8961950204437188,10.58,1.9857064997200122,10.0,0.0,20.0,0.0,2.0,0.0,1.0,0.0,3.13,1.5219272736443836
122.0,122.0,100,8.68,2.205960703698647,0.434,0.11029803518493234,0.5660000000000001,0.11029803518493232,0.0,0.0,0.003000000000000001,0.011934162828797104,6.41,1.3860415257527863,5.09,1.1379140937911283,4.87,1.1160446028522137,0.04,0.19694638556693236,9.34,1.9960567186937412,8.94,1.879286346387152,10.66,1.9960567186937412,10.0,0.0,20.0,0.0,2.0,0.0,1.0,0.0,3.13,1.5219272736443836
123.0,123.0,100,8.62,2.163890995966351,0.431,0.10819454979831748,0.569,0.10819454979831751,0.0,0.0,0.0029999999999999988,0.013889898953170712,6.45,1.3437096247164249,5.07,1.1304330090185746,4.91,1.1018350167064053,0.02,0.1407052941362897,9.3,1.9668977778946388,8.88,1.8437993273661744,10.7,1.9668977778946388,10.0,0.0,20.0,0.0,2.0,0.0,1.0,0.0,3.13,1.5219272736443836
124.0,124.0,100,8.58,2.113831315001939,0.429,0.10569156575009697,0.5710000000000001,0.10569156575009697,0.0,0.0,0.0020000000000000005,0.009847319278346622,6.46,1.3213094209376486,5.04,1.109372376935297,4.94,1.0807778717575636,0.02,0.1407052941362897,9.26,1.9102065042525864,8.83,1.8480401849669086,10.74,1.9102065042525864,10.0,0.0,20.0,0.0,2.0,0.0,1.0,0.0,3.13,1.5219272736443836
125.0,125.0,100,8.56,2.124032756695421,0.428,0.10620163783477107,0.5720000000000001,0.10620163783477109,0.0,0.0,0.0009999999999999998,0.007035264706814484,6.46,1.3213094209376486,5.02,1.118982221539383,4.96,1.0910100963341405,0.02,0.1407052941362897,9.24,1.912848634625829,8.79,1.8328925089854424,10.76,1.912848634625829,10.0,0.0,20.0,0.0,2.0,0.0,1.0,0.0,3.13,1.5219272736443836
126.0,126.0,100,8.53,2.1199151879356872,0.4265,0.1059957593967844,0.5735,0.1059957593967844,0.0,0.0,0.0014999999999999996,0.008572330399888261,6.47,1.3215769582455863,5.0,1.119162746219357,4.97,1.0959521481849066,0.03,0.1714466079977653,9.2,1.8963015572317594,8.75,1.8876258403431845,10.8,1.8963015572317594,10.0,0.0,20.0,0.0,2.0,0.0,1.0,0.0,3.13,1.5219272736443836
127.0,127.0,100,8.45,2.0859075005881973,0.4225,0.10429537502940985,0.5775,0.10429537502940989,0.0,0.0,0.003999999999999999,0.013632996217214532,6.53,1.3062012158016145,4.98,1.100780255871794,5.0,1.0730867399773198,0.02,0.1407052941362897,9.13,1.8891235742502075,8.69,1.878614361488786,10.87,1.8891235742502075,10.0,0.0,20.0,0.0,2.0,0.0,1.0,0.0,3.13,1.5219272736443836
128.0,128.0,100,8.36,2.0817630445700046,0.41800000000000004,0.10408815222850024,0.5820000000000001,0.1040881522285002,0.0,0.0,0.0045000000000000005,0.02143229885811212,6.59,1.3111410713919798,4.95,1.0952145677879512,5.02,1.0634420957010733,0.03,0.1714466079977653,9.06,1.8846535999804293,8.6,1.8640674544520845,10.94,1.8846535999804293,10.0,0.0,20.0,0.0,2.0,0.0,1.0,0.0,3.13,1.5219272736443836
129.0,129.0,100,8.32,2.0835090834959424,0.41600000000000004,0.10417545417479714,0.584,0.1041754541747971,0.0,0.0,0.0020000000000000005,0.009847319278346622,6.62,1.3164077229070383,4.94,1.0993110790330678,5.03,1.086696411565388,0.03,0.1714466079977653,9.02,1.9015145478690338,8.56,1.8603790207939084,10.98,1.9015145478690338,10.0,0.0,20.0,0.0,2.0,0.0,1.0,0.0,3.13,1.5219272736443836
130.0,130.0,100,8.24,2.0700851492758763,0.41200000000000003,0.10350425746379377,0.588,0.10350425746379376,0.0,0.0,0.003999999999999998,0.015374122295716141,6.66,1.28880180827391,4.9,1.105541596785133,5.08,1.079468630971982,0.02,0.1407052941362897,8.95,1.8982980149426882,8.55,1.860677621760742,11.05,1.8982980149426882,10.0,0.0,20.0,0.0,2.0,0.0,1.0,0.0,3.13,1.5219272736443836
131.0,131.0,100,8.2,2.088931871468374,0.41,0.1044465935734187,0.59,0.10444659357341873,0.0,0.0,0.0020000000000000005,0.00984731927834662,6.69,1.29251926894962,4.89,1.1272116307978994,5.09,1.1018350167064053,0.02,0.1407052941362897,8.91,1.9179903202797632,8.51,1.8613289485057323,11.09,1.9179903202797632,10.0,0.0,20.0,0.0,2.0,0.0,1.0,0.0,3.13,1.5219272736443836
132.0,132.0,100,8.16,2.082733246908442,0.408,0.10413666234542206,0.5920000000000001,0.10413666234542203,0.0,0.0,0.002,0.009847319278346619,6.71,1.2893894882948493,4.87,1.1160446028522135,5.1,1.068369852351769,0.03,0.1714466079977653,8.86,1.9489442881682997,8.45,1.8443196988361727,11.14,1.9489442881682997,10.0,0.0,20.0,0.0,2.0,0.0,1.0,0.0,3.13,1.5219272736443836
133.0,133.0,100,8.13,2.08726296059377,0.4065,0.10436314802968844,0.5935,0.10436314802968846,0.0,0.0,0.0015000000000000002,0.008572330399888264,6.73,1.309290809653235,4.86,1.1193432417847944,5.12,1.0943380453844036,0.02,0.1407052941362897,8.84,1.926529302013118,8.39,1.8689109884711692,11.16,1.926529302013118,10.0,0.0,20.0,0.0,2.0,0.0,1.0,0.0,3.13,1.5219272736443836
134.0,134.0,100,8.07,2.0707437789306042,0.4035,0.10353718894653022,0.5965,0.1035371889465302,0.0,0.0,0.0030000000000000014,0.011934162828797107,6.77,1.3246306899081208,4.84,1.1075498483890764,5.14,1.0826454692655447,0.02,0.1407052941362897,8.78,1.9152761754595151,8.36,1.8230842996516547,11.22,1.9152761754595151,10.0,0.0,20.0,0.0,2.0,0.0,1.0,0.0,3.13,1.5219272736443836
135.0,135.0,100,8.02,2.0547063492913478,0.401,0.10273531746456742,0.599,0.10273531746456742,0.0,0.0,0.0024999999999999996,0.010952145677879515,6.79,1.3049633301090466,4.81,1.098161917004772,5.17,1.0736043324364255,0.02,0.1407052941362897,8.73,1.9008504210569337,8.36,1.7838784213679537,11.27,1.9008504210569337,10.0,0.0,20.0,0.0,2.0,0.0,1.0,0.0,3.13,1.5219272736443836
136.0,136.0,100,8.0,2.0646128602297966,0.4,0.10323064301148986,0.6,0.10323064301148986,0.0,0.0,0.0009999999999999998,0.007035264706814482,6.81,1.3157553424600337,4.81,1.098161917004772,5.17,1.0736043324364255,0.02,0.1407052941362897,8.71,1.908487158018946,8.33,1.786905230567727,11.29,1.908487158018946,10.0,0.0,20.0,0.0,2.0,0.0,1.0,0.0,3.13,1.5219272736443836
137.0,137.0,100,7.95,2.051729991883912,0.3975,0.10258649959419563,0.6025,0.10258649959419558,0.0,0.0,0.002500000000000001,0.013055824196677345,6.85,1.3132964154171267,4.8,1.1009637651263606,5.18,1.0766577539738054,0.02,0.1407052941362897,8.67,1.8965945025415176,8.31,1.7620866876943078,11.33,1.8965945025415176,10.0,0.0,20.0,0.0,2.0,0.0,1.0,0.0,3.13,1.5219272736443836
138.0,138.0,100,7.9,2.0125866566448884,0.395,0.10062933283224443,0.605,0.1006293328322444,0.0,0.0,0.0025,0.010952145677879516,6.9,1.2831463854387957,4.8,1.1009637651263606,5.18,1.0766577539738054,0.02,0.1407052941362897,8.62,1.8574447529068019,8.26,1.7844445702353504,11.38,1.8574447529068019,10.0,0.0,20.0,0.0,2.0,0.0,1.0,0.0,3.13,1.5219272736443836
139.0,139.0,100,7.85,1.9917760208346011,0.3925,0.09958880104173005,0.6075,0.09958880104173007,0.0,0.0,0.0025,0.013055824196677342,6.95,1.2821619998812137,4.8,1.1009637651263606,5.18,1.0766577539738054,0.02,0.1407052941362897,8.58,1.8541790091519745,8.23,1.7857743135653785,11.42,1.8541790091519745,10.0,0.0,20.0,0.0,2.0,0.0,1.0,0.0,3.13,1.5219272736443836
140.0,140.0,100,7.82,1.9968662317428147,0.391,0.09984331158714073,0.609,0.09984331158714072,0.0,0.0,0.0015000000000000013,0.008572330399888271,6.96,1.2864484035317914,4.78,1.1062722919057426,5.19,1.0796089827134432,0.03,0.1714466079977653,8.54,1.8771351479412348,8.17,1.814949146406148,11.46,1.8771351479412348,10.0,0.0,20.0,0.0,2.0,0.0,1.0,0.0,3.13,1.5219272736443836
141.0,141.0,100,7.79,2.0014893444531743,0.3895,0.10007446722265871,0.6104999999999999,0.1000744672226587,0.0,0.0,0.0015000000000000002,0.008572330399888266,6.99,1.3065105039645477,4.78,1.1062722919057426,5.2,1.0824588545146516,0.02,0.1407052941362897,8.52,1.8612475451273063,8.15,1.8055749804704897,11.48,1.8612475451273063,10.0,0.0,20.0,0.0,2.0,0.0,1.0,0.0,3.13,1.5219272736443836
142.0,142.0,100,7.7,2.0325631924526064,0.385,0.10162815962263033,0.615,0.10162815962263032,0.0,0.0,0.0045000000000000005,0.014381174563233068,7.04,1.3174815276722387,4.74,1.142564897699271,5.24,1.1202452833864085,0.02,0.1407052941362897,8.43,1.8976593769987042,8.06,1.819201734139166,11.57,1.8976593769987042,10.0,0.0,20.0,0.0,2.0,0.0,1.0,0.0,3.13,1.5219272736443836
143.0,143.0,100,7.66,2.0212007632228235,0.38299999999999995,0.10106003816114119,0.617,0.10106003816114123,0.0,0.0,0.002,0.00984731927834662,7.05,1.305582419667734,4.71,1.1307903734498577,5.27,1.108780383752319,0.02,0.1407052941362897,8.39,1.88505552794456,8.06,1.8080627503189455,11.61,1.88505552794456,10.0,0.0,20.0,0.0,2.0,0.0,1.0,0.0,3.13,1.5219272736443836
144.0,144.0,100,7.6,2.0150945537631872,0.38,0.10075472768815939,0.62,0.10075472768815942,0.0,0.0,0.0029999999999999983,0.011934162828797092,7.06,1.2856629779725688,4.66,1.1301202224417177,5.29,1.0944764903271282,0.05,0.26111648393354675,8.32,1.8634170849069813,8.0,1.7638342073763933,11.68,1.8634170849069813,10.0,0.0,20.0,0.0,2.0,0.0,1.0,0.0,3.13,1.5219272736443836
145.0,145.0,100,7.57,2.021375669181658,0.3785,0.10106878345908292,0.6214999999999999,0.10106878345908292,0.0,0.0,0.0015000000000000007,0.011135075167680688,7.09,1.2956414892580694,4.66,1.1301202224417177,5.32,1.1090081108355294,0.02,0.1407052941362897,8.32,1.884975149207891,7.97,1.760710370873361,11.68,1.884975149207891,10.0,0.0,20.0,0.0,2.0,0.0,1.0,0.0,3.13,1.5219272736443836
146.0,146.0,100,7.49,2.0275626010089307,0.37450000000000006,0.10137813005044655,0.6255,0.10137813005044657,0.0,0.0,0.004,0.013632996217214536,7.11,1.3018634662853412,4.6,1.119162746219357,5.38,1.0989434779263072,0.02,0.1407052941362897,8.24,1.886260797975667,7.96,1.763376009107232,11.76,1.8862607979756667,10.0,0.0,20.0,0.0,2.0,0.0,1.0,0.0,3.13,1.5219272736443836
147.0,147.0,100,7.47,2.012360792600561,0.3735,0.10061803963002809,0.6265,0.10061803963002805,0.0,0.0,0.0009999999999999998,0.007035264706814481,7.13,1.2843659757234152,4.6,1.119162746219357,5.38,1.0989434779263072,0.02,0.1407052941362897,8.22,1.8672077137974359,7.96,1.7690949577953607,11.78,1.867207713797436,10.0,0.0,20.0,0.0,2.0,0.0,1.0,0.0,3.13,1.5219272736443836
148.0,148.0,100,7.39,1.9842562151276553,0.36950000000000005,0.09921281075638275,0.6305,0.09921281075638272,0.0,0.0,0.004000000000000002,0.015374122295716155,7.16,1.2927146286443543,4.55,1.0859525446781404,5.43,1.066050958662224,0.02,0.1407052941362897,8.14,1.803587894428573,7.9,1.7837651700316894,11.86,1.8035878944285735,10.0,0.0,20.0,0.0,2.0,0.0,1.0,0.0,3.13,1.5219272736443836
149.0,149.0,100,7.37,1.998256816085035,0.3685,0.09991284080425177,0.6315,0.09991284080425175,0.0,0.0,0.0010000000000000002,0.0070352647068144866,7.17,1.2875079680051567,4.54,1.0956295178590434,5.44,1.076094697496367,0.02,0.1407052941362897,8.12,1.8272903160116343,7.86,1.7524585904126557,11.88,1.8272903160116343,10.0,0.0,20.0,0.0,2.0,0.0,1.0,0.0,3.13,1.5219272736443836
150.0,150.0,100,7.33,1.9952215643654942,0.3665,0.09976107821827473,0.6335000000000001,0.0997610782182747,0.0,0.0,0.0020000000000000005,0.012143918126978112,7.19,1.2846805207537166,4.52,1.1053588475324119,5.46,1.0863710324755624,0.02,0.1407052941362897,8.09,1.8262673750720415,7.82,1.7371752294393845,11.91,1.8262673750720415,10.0,0.0,20.0,0.0,2.0,0.0,1.0,0.0,3.13,1.5219272736443836
151.0,151.0,100,7.29,1.981199514221502,0.36450000000000005,0.0990599757110751,0.6355,0.09905997571107507,0.0,0.0,0.002,0.00984731927834662,7.21,1.2893894882948498,4.5,1.0963668190985179,5.48,1.0775955276503895,0.02,0.1407052941362897,8.05,1.816729217716567,7.79,1.7482747628632769,11.95,1.816729217716567,10.0,0.0,20.0,0.0,2.0,0.0,1.0,0.0,3.13,1.5219272736443836
152.0,152.0,100,7.24,1.9803070877053799,0.36200000000000004,0.09901535438526897,0.638,0.09901535438526897,0.0,0.0,0.0025,0.013055824196677342,7.24,1.295836378248396,4.48,1.0961825402806602,5.49,1.0870681541270408,0.03,0.1714466079977653,7.99,1.8229457789883143,7.77,1.7457307231001458,12.01,1.822945778988314,10.0,0.0,20.0,0.0,2.0,0.0,1.0,0.0,3.13,1.5219272736443836
153.0,153.0,100,7.22,1.9621674266231748,0.361,0.09810837133115873,0.639,0.09810837133115873,0.0,0.0,0.0009999999999999998,0.007035264706814482,7.25,1.290016051892927,4.47,1.0866964115653879,5.51,1.0683225783035437,0.02,0.1407052941362897,7.98,1.8200899078691886,7.7,1.7609685122142593,12.02,1.8200899078691883,10.0,0.0,20.0,0.0,2.0,0.0,1.0,0.0,3.13,1.5219272736443836
154.0,154.0,100,7.18,1.9611375795850239,0.359,0.09805687897925122,0.6409999999999999,0.0980568789792512,0.0,0.0,0.002,0.009847319278346617,7.27,1.3015530738469345,4.45,1.0859525446781404,5.53,1.0679443105822746,0.02,0.1407052941362897,7.94,1.8136407938985406,7.66,1.7934786468106212,12.06,1.8136407938985406,10.0,0.0,20.0,0.0,2.0,0.0,1.0,0.0,3.13,1.5219272736443836
155.0,155.0,100,7.15,1.9559543899993106,0.3575,0.09779771949996555,0.6425,0.0977977194999655,0.0,0.0,0.0015000000000000002,0.008572330399888264,7.29,1.2971997813472191,4.44,1.085440840479949,5.54,1.0676132163840883,0.02,0.1407052941362897,7.91,1.8095984263494662,7.65,1.7999719414199185,12.09,1.8095984263494664,10.0,0.0,20.0,0.0,2.0,0.0,1.0,0.0,3.13,1.5219272736443836
156.0,156.0,100,7.13,1.9573998419878706,0.3565,0.09786999209939352,0.6435,0.09786999209939354,0.0,0.0,0.0009999999999999998,0.007035264706814482,7.3,1.2909944487358056,4.43,1.084835787973777,5.55,1.0671873729054744,0.02,0.1407052941362897,7.89,1.7972762782060023,7.61,1.819618119554238,12.11,1.7972762782060023,10.0,0.0,20.0,0.0,2.0,0.0,1.0,0.0,3.13,1.5219272736443836
157.0,157.0,100,7.08,1.9678219513775206,0.354,0.09839109756887603,0.6459999999999999,0.09839109756887601,0.0,0.0,0.0025,0.010952145677879515,7.3,1.2909944487358056,4.38,1.0897131491703436,5.6,1.0730867399773196,0.02,0.1407052941362897,7.84,1.8075039991852597,7.58,1.848723283181606,12.16,1.8075039991852597,10.0,0.0,20.0,0.0,2.0,0.0,1.0,0.0,3.13,1.5219272736443836
158.0,158.0,100,7.03,1.987104893704874,0.3515,0.09935524468524369,0.6485,0.0993552446852437,0.0,0.0,0.0025000000000000005,0.010952145677879518,7.32,1.301747077794091,4.35,1.0952145677879515,5.63,1.079234670842016,0.02,0.1407052941362897,7.79,1.8328925089854424,7.53,1.8447577925384437,12.21,1.8328925089854424,10.0,0.0,20.0,0.0,2.0,0.0,1.0,0.0,3.13,1.5219272736443836
159.0,159.0,100,6.99,1.9923844909042931,0.34950000000000003,0.09961922454521466,0.6505,0.09961922454521469,0.0,0.0,0.0020000000000000005,0.01214391812697811,7.35,1.2978225742925857,4.34,1.102980351849323,5.64,1.0873004286866725,0.02,0.1407052941362897,7.76,1.8319278359039128,7.53,1.8447577925384437,12.24,1.8319278359039128,10.0,0.0,20.0,0.0,2.0,0.0,1.0,0.0,3.13,1.5219272736443836
160.0,160.0,100,6.94,1.9838743850752187,0.34700000000000003,0.09919371925376094,0.653,0.09919371925376091,0.0,0.0,0.0025,0.010952145677879515,7.37,1.284365975723415,4.31,1.098161917004772,5.66,1.0845098506521813,0.03,0.1714466079977653,7.7,1.8285060413994658,7.52,1.8720701014242136,12.3,1.8285060413994658,10.0,0.0,20.0,0.0,2.0,0.0,1.0,0.0,3.13,1.5219272736443836
161.0,161.0,100,6.9,1.9822444171425802,0.345,0.09911222085712902,0.655,0.09911222085712902,0.0,0.0,0.0020000000000000005,0.012143918126978112,7.39,1.262473122026122,4.29,1.1127815725841383,5.69,1.098161917004772,0.02,0.1407052941362897,7.68,1.841606676659039,7.48,1.8828304504257691,12.32,1.8416066766590395,10.0,0.0,20.0,0.0,2.0,0.0,1.0,0.0,3.13,1.5219272736443836
162.0,162.0,100,6.87,1.972820367397955,0.3435,0.09864101836989775,0.6565000000000001,0.09864101836989776,0.0,0.0,0.0015000000000000002,0.008572330399888264,7.4,1.2552918289216957,4.27,1.1087803837523187,5.7,1.0963668190985176,0.03,0.1714466079977653,7.64,1.856030302782927,7.44,1.903319800408292,12.36,1.8560303027829272,10.0,0.0,20.0,0.0,2.0,0.0,1.0,0.0,3.13,1.5219272736443836
163.0,163.0,100,6.85,1.9662557351884866,0.3425,0.09831278675942433,0.6575,0.09831278675942431,0.0,0.0,0.0010000000000000009,0.007035264706814489,7.42,1.2486760665568628,4.27,1.1087803837523187,5.71,1.094476490327128,0.02,0.1407052941362897,7.63,1.8458525718950891,7.4,1.9279968146165902,12.37,1.8458525718950896,10.0,0.0,20.0,0.0,2.0,0.0,1.0,0.0,3.13,1.5219272736443836
164.0,164.0,100,6.84,1.962887998060331,0.342,0.09814439990301653,0.6579999999999999,0.09814439990301652,0.0,0.0,0.0005000000000000004,0.005000000000000003,7.43,1.2411708385653648,4.27,1.1087803837523187,5.71,1.094476490327128,0.02,0.1407052941362897,7.62,1.8465364793843013,7.36,1.8990694159152386,12.38,1.8465364793843013,10.0,0.0,20.0,0.0,2.0,0.0,1.0,0.0,3.13,1.5219272736443836
165.0,165.0,100,6.8,1.9488406291895184,0.34,0.09744203145947594,0.66,0.0974420314594759,0.0,0.0,0.0019999999999999996,0.009847319278346617,7.45,1.2421470496399747,4.25,1.104398917826783,5.73,1.0904081341359753,0.02,0.1407052941362897,7.58,1.8322586381763135,7.33,1.8912611366145837,12.42,1.832258638176313,10.0,0.0,20.0,0.0,2.0,0.0,1.0,0.0,3.13,1.5219272736443836
166.0,166.0,100,6.78,1.967308575262922,0.33899999999999997,0.09836542876314615,0.6609999999999999,0.09836542876314613,0.0,0.0,0.0010000000000000002,0.0070352647068144866,7.46,1.2425129310547975,4.24,1.120245283386408,5.74,1.1066374585411722,0.02,0.1407052941362897,7.56,1.8603790207939084,7.26,1.8728253382189026,12.44,1.8603790207939084,10.0,0.0,20.0,0.0,2.0,0.0,1.0,0.0,3.13,1.5219272736443836
167.0,167.0,100,6.74,1.9980798863717217,0.337,0.09990399431858608,0.6629999999999999,0.09990399431858607,0.0,0.0,0.0019999999999999996,0.012143918126978105,7.47,1.2427974310182064,4.21,1.1218221108914053,5.77,1.1087803837523187,0.02,0.1407052941362897,7.52,1.9094660526075362,7.21,1.89254251516767,12.48,1.9094660526075362,10.0,0.0,20.0,0.0,2.0,0.0,1.0,0.0,3.13,1.5219272736443836
168.0,168.0,100,6.67,2.0203760026092157,0.3335,0.10101880013046077,0.6665000000000001,0.10101880013046076,0.0,0.0,0.003500000000000001,0.012821619998812142,7.5,1.251261989215914,4.17,1.1106008929558553,5.81,1.0981619170047723,0.02,0.1407052941362897,7.45,1.8768929838238706,7.21,1.89254251516767,12.55,1.876892983823871,10.0,0.0,20.0,0.0,2.0,0.0,1.0,0.0,3.13,1.5219272736443836
169.0,169.0,100,6.65,2.0069324297987157,0.3325,0.10034662148993581,0.6675,0.1003466214899358,0.0,0.0,0.0010000000000000002,0.0070352647068144866,7.5,1.251261989215914,4.15,1.0952145677879515,5.83,1.082971967701973,0.02,0.1407052941362897,7.43,1.8600260669401842,7.18,1.8983246201944393,12.57,1.8600260669401838,10.0,0.0,20.0,0.0,2.0,0.0,1.0,0.0,3.13,1.5219272736443836
170.0,170.0,100,6.6,2.0300768756902086,0.33,0.10150384378451047,0.67,0.10150384378451045,0.0,0.0,0.0025,0.010952145677879518,7.51,1.2672646116575637,4.11,1.1091447246423796,5.86,1.0919355440332692,0.03,0.1714466079977653,7.38,1.8951293231637656,7.17,1.9019129126415668,12.62,1.8951293231637651,10.0,0.0,20.0,0.0,2.0,0.0,1.0,0.0,3.13,1.5219272736443836
171.0,171.0,100,6.54,2.0861254017721924,0.327,0.10430627008860963,0.6729999999999999,0.10430627008860963,0.0,0.0,0.002999999999999999,0.0119341628287971,7.53,1.290642311315407,4.07,1.148164983041561,5.9,1.1415035273840828,0.03,0.1714466079977653,7.32,1.9221200416585473,7.15,1.9089105253886036,12.68,1.922120041658547,10.0,0.0,20.0,0.0,2.0,0.0,1.0,0.0,3.13,1.5219272736443836
172.0,172.0,100,6.51,2.076783643769929,0.32549999999999996,0.10383918218849644,0.6745,0.10383918218849644,0.0,0.0,0.0015000000000000002,0.008572330399888263,7.55,1.282161999881214,4.06,1.1443316606189609,5.92,1.1342242487553535,0.02,0.1407052941362897,7.3,1.9253754717121303,7.12,1.8817571843917853,12.7,1.9253754717121296,10.0,0.0,20.0,0.0,2.0,0.0,1.0,0.0,3.13,1.5219272736443836
173.0,173.0,100,6.45,2.0713290516970115,0.3225,0.10356645258485055,0.6775,0.10356645258485059,0.0,0.0,0.003,0.01714466079977653,7.59,1.2720380529216915,4.04,1.1540005076763058,5.94,1.1443316606189615,0.02,0.1407052941362897,7.26,1.9207532192587702,7.1,1.8829377433825436,12.74,1.9207532192587702,10.0,0.0,20.0,0.0,2.0,0.0,1.0,0.0,3.13,1.5219272736443836
174.0,174.0,100,6.43,2.0707437789306034,0.3215,0.10353718894653019,0.6785,0.10353718894653023,0.0,0.0,0.0009999999999999998,0.007035264706814482,7.6,1.2792042981336629,4.03,1.1499231419200295,5.95,1.1403968828899218,0.02,0.1407052941362897,7.24,1.923380861762417,7.06,1.9006644239647497,12.76,1.923380861762417,10.0,0.0,20.0,0.0,2.0,0.0,1.0,0.0,3.13,1.5219272736443836
175.0,175.0,100,6.41,2.094220039957018,0.32049999999999995,0.10471100199785091,0.6795,0.10471100199785094,0.0,0.0,0.001,0.007035264706814486,7.61,1.294081320723881,4.02,1.145743109395502,5.96,1.1363595959524129,0.02,0.1407052941362897,7.22,1.9414666953859727,7.01,1.9200957467708935,12.78,1.9414666953859725,10.0,0.0,20.0,0.0,2.0,0.0,1.0,0.0,3.13,1.5219272736443836
176.0,176.0,100,6.37,2.0382949896044154,0.3185,0.10191474948022079,0.6815000000000001,0.10191474948022078,0.0,0.0,0.0019999999999999996,0.012143918126978107,7.64,1.2514234319608235,4.01,1.1502744512208005,5.97,1.1411052590016453,0.02,0.1407052941362897,7.19,1.915882580067489,6.99,1.9305884380601988,12.81,1.9158825800674897,10.0,0.0,20.0,0.0,2.0,0.0,1.0,0.0,3.13,1.5219272736443836
177.0,177.0,100,6.34,2.0261921294523244,0.317,0.10130960647261622,0.6829999999999999,0.10130960647261622,0.0,0.0,0.0014999999999999996,0.008572330399888263,7.64,1.2514234319608235,3.98,1.1368928060838681,6.0,1.1281521496355322,0.02,0.1407052941362897,7.16,1.9054414372284103,6.98,1.9173845822796316,12.84,1.9054414372284108,10.0,0.0,20.0,0.0,2.0,0.0,1.0,0.0,3.13,1.5219272736443836
178.0,178.0,100,6.32,2.029479706424255,0.316,0.10147398532121275,0.684,0.10147398532121273,0.0,0.0,0.0009999999999999998,0.007035264706814484,7.65,1.258305739211792,3.97,1.1411052590016453,6.01,1.1325755042059105,0.02,0.1407052941362897,7.14,1.901727019465637,6.95,1.9247195781581936,12.86,1.901727019465637,10.0,0.0,20.0,0.0,2.0,0.0,1.0,0.0,3.13,1.5219272736443836
179.0,179.0,100,6.29,2.031544170617936,0.3145,0.10157720853089679,0.6855,0.1015772085308968,0.0,0.0,0.0014999999999999996,0.008572330399888263,7.66,1.2570608657507483,3.95,1.140396882889922,6.03,1.1322187032191227,0.02,0.1407052941362897,7.11,1.9169367398655761,6.88,1.9189643671585574,12.89,1.9169367398655761,10.0,0.0,20.0,0.0,2.0,0.0,1.0,0.0,3.13,1.5219272736443836
180.0,180.0,100,6.28,2.0502771431287923,0.314,0.10251385715643963,0.6859999999999999,0.10251385715643963,0.0,0.0,0.0004999999999999999,0.0049999999999999975,7.66,1.2570608657507483,3.94,1.1531248716843157,6.04,1.1452140199609642,0.02,0.1407052941362897,7.1,1.9306145983268448,6.83,1.9177796505017954,12.9,1.9306145983268457,10.0,0.0,20.0,0.0,2.0,0.0,1.0,0.0,3.13,1.5219272736443836
181.0,181.0,100,6.27,2.054091752890539,0.3135,0.10270458764452699,0.6865000000000001,0.10270458764452699,0.0,0.0,0.0004999999999999999,0.004999999999999998,7.67,1.2637526289075356,3.94,1.1531248716843157,6.04,1.1452140199609642,0.02,0.1407052941362897,7.09,1.928494466958853,6.81,1.9,12.91,1.928494466958853,10.0,0.0,20.0,0.0,2.0,0.0,1.0,0.0,3.13,1.5219272736443836
182.0,182.0,100,6.22,2.0820541527418293,0.311,0.10410270763709145,0.6890000000000001,0.10410270763709142,0.0,0.0,0.0025,0.010952145677879515,7.69,1.252835168566065,3.91,1.189983447809509,6.07,1.1828317332109874,0.02,0.1407052941362897,7.04,1.9328107966786545,6.78,1.8509075033233253,12.96,1.932810796678655,10.0,0.0,20.0,0.0,2.0,0.0,1.0,0.0,3.13,1.5219272736443836
183.0,183.0,100,6.19,2.0826119963336254,0.3095,0.10413059981668125,0.6905,0.10413059981668128,0.0,0.0,0.0015000000000000011,0.008572330399888271,7.7,1.2431631210161223,3.89,1.1967548714010825,6.09,1.1899834478095088,0.02,0.1407052941362897,7.01,1.9410244093199231,6.69,1.779200819344336,12.99,1.9410244093199231,10.0,0.0,20.0,0.0,2.0,0.0,1.0,0.0,3.13,1.5219272736443836
184.0,184.0,100,6.12,2.1190811807255168,0.306,0.10595405903627586,0.6940000000000001,0.10595405903627582,0.0,0.0,0.0034999999999999996,0.017773831632742862,7.71,1.2496059985111914,3.83,1.1981045636565055,6.14,1.1893466502855485,0.03,0.1714466079977653,6.95,1.961111826479968,6.67,1.7869052305677275,13.05,1.961111826479968,10.0,0.0,20.0,0.0,2.0,0.0,1.0,0.0,3.13,1.5219272736443836
185.0,185.0,100,6.08,2.101851036057926,0.304,0.10509255180289628,0.696,0.10509255180289628,0.0,0.0,0.002,0.00984731927834662,7.73,1.2460442458541598,3.81,1.186583245280245,6.17,1.1811225614010195,0.02,0.1407052941362897,6.92,1.947181335036661,6.66,1.782178895667216,13.08,1.947181335036661,10.0,0.0,20.0,0.0,2.0,0.0,1.0,0.0,3.13,1.5219272736443836
186.0,186.0,100,6.07,2.0901645578250245,0.3035,0.10450822789125119,0.6965,0.10450822789125118,0.0,0.0,0.0004999999999999999,0.004999999999999998,7.73,1.2460442458541598,3.8,1.1806521053804944,6.18,1.1753357568857257,0.02,0.1407052941362897,6.91,1.9284944669588528,6.64,1.7895318500725943,13.09,1.928494466958853,10.0,0.0,20.0,0.0,2.0,0.0,1.0,0.0,3.13,1.5219272736443836
187.0,187.0,100,6.05,2.0713290516970115,0.3025,0.10356645258485055,0.6975,0.10356645258485053,0.0,0.0,0.0009999999999999998,0.007035264706814483,7.74,1.244137768849892,3.79,1.165973820244241,6.18,1.1667099559068317,0.03,0.1714466079977653,6.88,1.8871174105529633,6.63,1.801542548916221,13.12,1.8871174105529633,10.0,0.0,20.0,0.0,2.0,0.0,1.0,0.0,3.13,1.5219272736443836
188.0,188.0,100,6.03,2.0521238074765664,0.3015,0.10260619037382834,0.6984999999999999,0.10260619037382833,0.0,0.0,0.0009999999999999998,0.007035264706814484,7.75,1.2421470496399745,3.78,1.1684402103884155,6.2,1.1634153830577252,0.02,0.1407052941362897,6.87,1.883769056595277,6.61,1.7972762782060026,13.13,1.8837690565952767,10.0,0.0,20.0,0.0,2.0,0.0,1.0,0.0,3.13,1.5219272736443836
189.0,189.0,100,5.97,2.017374030713685,0.2985,0.10086870153568427,0.7015,0.10086870153568428,0.0,0.0,0.0030000000000000005,0.017144660799776532,7.81,1.2284094997149355,3.78,1.1684402103884155,6.2,1.1634153830577252,0.02,0.1407052941362897,6.83,1.8643654646711807,6.6,1.7922391615298474,13.17,1.8643654646711807,10.0,0.0,20.0,0.0,2.0,0.0,1.0,0.0,3.13,1.5219272736443836
190.0,190.0,100,5.95,2.016973430212163,0.2975,0.10084867151060817,0.7025,0.10084867151060817,0.0,0.0,0.0009999999999999998,0.007035264706814482,7.82,1.2258165697306682,3.77,1.1708151351977307,6.21,1.165973820244241,0.02,0.1407052941362897,6.81,1.873229804105705,6.59,1.7757911880157367,13.19,1.8732298041057052,10.0,0.0,20.0,0.0,2.0,0.0,1.0,0.0,3.13,1.5219272736443836
191.0,191.0,100,5.95,2.016973430212163,0.2975,0.10084867151060817,0.7025,0.10084867151060817,0.0,0.0,0.0,0.0,7.82,1.2258165697306682,3.77,1.1708151351977307,6.21,1.165973820244241,0.02,0.1407052941362897,6.81,1.873229804105705,6.53,1.7778377515136385,13.19,1.8732298041057052,10.0,0.0,20.0,0.0,2.0,0.0,1.0,0.0,3.13,1.5219272736443836
192.0,192.0,100,5.91,1.9801795653705525,0.2955,0.09900897826852764,0.7045,0.09900897826852764,0.0,0.0,0.0020000000000000005,0.009847319278346622,7.84,1.2036980056845192,3.75,1.1492202011394816,6.23,1.1446405637587809,0.02,0.1407052941362897,6.77,1.8359760567088235,6.46,1.800224452896938,13.23,1.8359760567088237,10.0,0.0,20.0,0.0,2.0,0.0,1.0,0.0,3.13,1.5219272736443836
193.0,193.0,100,5.84,1.9782657439119125,0.292,0.09891328719559565,0.708,0.09891328719559565,0.0,0.0,0.0035000000000000005,0.014659433478105144,7.9,1.2018504251546631,3.74,1.1425648976992708,6.24,1.1381359915904314,0.02,0.1407052941362897,6.71,1.8273732320719074,6.44,1.8052672652518515,13.29,1.8273732320719072,10.0,0.0,20.0,0.0,2.0,0.0,1.0,0.0,3.13,1.5219272736443836
194.0,194.0,100,5.81,1.9576062480034693,0.2905,0.09788031240017349,0.7095,0.09788031240017349,0.0,0.0,0.0014999999999999992,0.00857233039988826,7.93,1.182831733210988,3.74,1.1425648976992708,6.24,1.1381359915904314,0.02,0.1407052941362897,6.68,1.8083979181316898,6.43,1.7936757586790117,13.32,1.8083979181316898,10.0,0.0,20.0,0.0,2.0,0.0,1.0,0.0,3.13,1.5219272736443836
195.0,195.0,100,5.78,1.9257951263534938,0.289,0.09628975631767471,0.711,0.09628975631767471,0.0,0.0,0.0015000000000000007,0.008572330399888266,7.94,1.179111118725894,3.72,1.1198845539346518,6.25,1.122542208605543,0.03,0.1714466079977653,6.64,1.7782070188873402,6.43,1.7936757586790117,13.36,1.77820701888734,10.0,0.0,20.0,0.0,2.0,0.0,1.0,0.0,3.13,1.5219272736443836
196.0,196.0,100,5.75,1.9141947168826408,0.2875,0.09570973584413206,0.7125,0.09570973584413206,0.0,0.0,0.0015000000000000002,0.008572330399888264,7.95,1.1752927853573896,3.7,1.1146408580454257,6.28,1.1108282468227904,0.02,0.1407052941362897,6.62,1.7796833221876098,6.38,1.830052160210443,13.38,1.7796833221876098,10.0,0.0,20.0,0.0,2.0,0.0,1.0,0.0,3.13,1.5219272736443836
197.0,197.0,100,5.73,1.9167259542872537,0.2865,0.09583629771436271,0.7134999999999999,0.09583629771436268,0.0,0.0,0.0010000000000000007,0.007035264706814489,7.97,1.1845384388576474,3.7,1.1146408580454257,6.28,1.1108282468227904,0.02,0.1407052941362897,6.6,1.7922391615298479,6.35,1.8278153875348269,13.4,1.7922391615298474,10.0,0.0,20.0,0.0,2.0,0.0,1.0,0.0,3.13,1.5219272736443836
198.0,198.0,100,5.71,1.9084871580189455,0.28550000000000003,0.0954243579009473,0.7145,0.09542435790094729,0.0,0.0,0.0009999999999999998,0.007035264706814483,7.97,1.1845384388576474,3.68,1.1180791609277985,6.3,1.1146408580454257,0.02,0.1407052941362897,6.58,1.770578858720925,6.32,1.8306040290327974,13.42,1.7705788587209252,10.0,0.0,20.0,0.0,2.0,0.0,1.0,0.0,3.13,1.5219272736443836
199.0,199.0,100,5.71,1.9084871580189455,0.28550000000000003,0.0954243579009473,0.7145,0.09542435790094729,0.0,0.0,0.0,0.0,7.97,1.1845384388576474,3.68,1.1180791609277985,6.3,1.1146408580454257,0.02,0.1407052941362897,6.58,1.770578858720925,6.28,1.837213524703521,13.42,1.7705788587209252,10.0,0.0,20.0,0.0,2.0,0.0,1.0,0.0,3.13,1.5219272736443836
200.0,200.0,100,5.67,1.9594629237357237,0.28350000000000003,0.09797314618678617,0.7165,0.09797314618678615,0.0,0.0,0.002,0.00984731927834662,7.98,1.1890068854877895,3.65,1.157976291168818,6.33,1.155181563410897,0.02,0.1407052941362897,6.54,1.8058267084662636,6.25,1.8278153875348266,13.46,1.8058267084662636,10.0,0.0,20.0,0.0,2.0,0.0,1.0,0.0,3.13,1.5219272736443836
201.0,201.0,100,5.6,1.959179378817529,0.28,0.09795896894087643,0.72,0.09795896894087645,0.0,0.0,0.0035000000000000005,0.01282161999881214,8.01,1.1590225767142475,3.61,1.179753441113092,6.36,1.1592404340077103,0.03,0.1714466079977653,6.47,1.7948016969328762,6.22,1.8509075033233258,13.53,1.794801696932876,10.0,0.0,20.0,0.0,2.0,0.0,1.0,0.0,3.13,1.5219272736443836
202.0,202.0,100,5.54,1.9458321166695305,0.27699999999999997,0.09729160583347653,0.723,0.09729160583347653,0.0,0.0,0.002999999999999999,0.011934162828797099,8.06,1.1876468542900498,3.6,1.1720654306553768,6.38,1.1615037275406863,0.02,0.1407052941362897,6.42,1.7819521697715497,6.2,1.8367736315989982,13.58,1.7819521697715501,10.0,0.0,20.0,0.0,2.0,0.0,1.0,0.0,3.13,1.5219272736443836
203.0,203.0,100,5.5,1.9720265943665385,0.275,0.09860132971832693,0.725,0.09860132971832694,0.0,0.0,0.002,0.009847319278346622,8.08,1.1949388218142334,3.58,1.1736156685106658,6.4,1.1634153830577254,0.02,0.1407052941362897,6.38,1.80783927058874,6.18,1.7943795528811564,13.62,1.8078392705887407,10.0,0.0,20.0,0.0,2.0,0.0,1.0,0.0,3.13,1.5219272736443836
204.0,204.0,100,5.48,1.987231971635649,0.27399999999999997,0.09936159858178244,0.726,0.09936159858178249,0.0,0.0,0.0009999999999999998,0.007035264706814482,8.08,1.1949388218142334,3.56,1.1833866825362032,6.42,1.1736156685106662,0.02,0.1407052941362897,6.36,1.811969183852839,6.13,1.790293695221964,13.64,1.8119691838528382,10.0,0.0,20.0,0.0,2.0,0.0,1.0,0.0,3.13,1.5219272736443836
205.0,205.0,100,5.47,2.007335034166927,0.2735,0.10036675170834634,0.7265,0.10036675170834636,0.0,0.0,0.0005,0.005,8.08,1.1949388218142334,3.55,1.2007993970348216,6.43,1.1913408115618846,0.02,0.1407052941362897,6.35,1.8388347210429576,6.12,1.7938165396098278,13.65,1.8388347210429568,10.0,0.0,20.0,0.0,2.0,0.0,1.0,0.0,3.13,1.5219272736443836
206.0,206.0,100,5.44,1.991497076588516,0.272,0.09957485382942578,0.728,0.0995748538294258,0.0,0.0,0.0015000000000000002,0.008572330399888266,8.1,1.1934162828797101,3.54,1.1927389750596156,6.44,1.1833866825362032,0.02,0.1407052941362897,6.32,1.8361135943380873,6.08,1.7847841733538947,13.68,1.8361135943380877,10.0,0.0,20.0,0.0,2.0,0.0,1.0,0.0,3.13,1.5219272736443836
207.0,207.0,100,5.43,1.9911673648258388,0.27149999999999996,0.09955836824129193,0.7284999999999999,0.09955836824129193,0.0,0.0,0.0004999999999999999,0.004999999999999998,8.11,1.196754871401083,3.54,1.1927389750596156,6.42,1.173615668510666,0.04,0.24287836253956216,6.3,1.8504708655481237,6.05,1.7887132105217283,13.7,1.8504708655481243,10.0,0.0,20.0,0.0,2.0,0.0,1.0,0.0,3.13,1.5219272736443836
208.0,208.0,100,5.38,1.9887562734411461,0.26899999999999996,0.09943781367205731,0.731,0.09943781367205731,0.0,0.0,0.0024999999999999996,0.010952145677879513,8.12,1.1999999999999997,3.5,1.176366602653435,6.47,1.1673591018736578,0.03,0.1714466079977653,6.26,1.8346826990138116,6.02,1.763719668968703,13.74,1.8346826990138116,10.0,0.0,20.0,0.0,2.0,0.0,1.0,0.0,3.13,1.5219272736443836
209.0,209.0,100,5.35,1.9816073467686974,0.2675,0.09908036733843488,0.7325,0.09908036733843487,0.0,0.0,0.0014999999999999996,0.008572330399888263,8.14,1.1978094484297048,3.49,1.1763236687822678,6.49,1.1677051654999875,0.02,0.1407052941362897,6.24,1.8319278359039137,5.99,1.7551943113818114,13.76,1.8319278359039137,10.0,0.0,20.0,0.0,2.0,0.0,1.0,0.0,3.13,1.5219272736443836
210.0,210.0,100,5.32,1.979082534096968,0.266,0.0989541267048484,0.7340000000000001,0.0989541267048484,0.0,0.0,0.0014999999999999996,0.008572330399888263,8.15,1.1923578203363165,3.47,1.1759801413838982,6.51,1.1677051654999877,0.02,0.1407052941362897,6.21,1.8218372345220382,6.01,1.7494299215758973,13.79,1.8218372345220384,10.0,0.0,20.0,0.0,2.0,0.0,1.0,0.0,3.13,1.5219272736443836
211.0,211.0,100,5.28,1.980103048027572,0.264,0.0990051524013786,0.736,0.09900515240137857,0.0,0.0,0.0020000000000000005,0.009847319278346622,8.17,1.1811225614010195,3.45,1.1666666666666667,6.53,1.1586739198433926,0.02,0.1407052941362897,6.17,1.8260461233069782,6.0,1.7580981459830654,13.83,1.8260461233069782,10.0,0.0,20.0,0.0,2.0,0.0,1.0,0.0,3.13,1.5219272736443836
212.0,212.0,100,5.24,1.9233808617624175,0.262,0.09616904308812087,0.738,0.09616904308812092,0.0,0.0,0.0019999999999999996,0.012143918126978107,8.19,1.1432277537611206,3.43,1.1393334929162788,6.55,1.131504763712036,0.02,0.1407052941362897,6.14,1.7979786630344847,5.98,1.7348478232101423,13.86,1.7979786630344845,10.0,0.0,20.0,0.0,2.0,0.0,1.0,0.0,3.13,1.5219272736443836
213.0,213.0,100,5.18,1.866125462669711,0.259,0.09330627313348555,0.741,0.09330627313348554,0.0,0.0,0.0030000000000000005,0.013889898953170715,8.23,1.1087803837523187,3.41,1.1290024201242728,6.57,1.1214618886421277,0.02,0.1407052941362897,6.09,1.7528908302077066,5.97,1.720083390038654,13.91,1.752890830207707,10.0,0.0,20.0,0.0,2.0,0.0,1.0,0.0,3.13,1.5219272736443836
214.0,214.0,100,5.15,1.8715034738213157,0.2575,0.09357517369106579,0.7425,0.09357517369106577,0.0,0.0,0.0015,0.008572330399888263,8.26,1.106637458541172,3.41,1.1290024201242728,6.57,1.1214618886421277,0.02,0.1407052941362897,6.06,1.7685238951387587,5.96,1.7286650422458445,13.94,1.7685238951387587,10.0,0.0,20.0,0.0,2.0,0.0,1.0,0.0,3.13,1.5219272736443836
215.0,215.0,100,5.14,1.8749814813900316,0.257,0.09374907406950155,0.743,0.09374907406950155,0.0,0.0,0.0004999999999999999,0.0049999999999999975,8.26,1.106637458541172,3.4,1.1281521496355325,6.58,1.1207861598724422,0.02,0.1407052941362897,6.05,1.7773831632742871,5.93,1.7247749084586326,13.95,1.7773831632742867,10.0,0.0,20.0,0.0,2.0,0.0,1.0,0.0,3.13,1.5219272736443836
216.0,216.0,100,5.12,1.8763816458301015,0.256,0.09381908229150508,0.7440000000000001,0.09381908229150508,0.0,0.0,0.0009999999999999998,0.007035264706814481,8.27,1.1087803837523185,3.39,1.1182146665126693,6.59,1.110964636810022,0.02,0.1407052941362897,6.03,1.7664379497460507,5.89,1.7167916988888714,13.97,1.7664379497460505,10.0,0.0,20.0,0.0,2.0,0.0,1.0,0.0,3.13,1.5219272736443836
217.0,217.0,100,5.11,1.8689109884711692,0.2555,0.09344554942355848,0.7445,0.09344554942355847,0.0,0.0,0.0004999999999999999,0.0049999999999999975,8.28,1.1016974964741337,3.39,1.1182146665126693,6.59,1.110964636810022,0.02,0.1407052941362897,6.02,1.7637196689687027,5.85,1.6899883449481554,13.98,1.7637196689687031,10.0,0.0,20.0,0.0,2.0,0.0,1.0,0.0,3.13,1.5219272736443836
218.0,218.0,100,5.1,1.8775655848072323,0.255,0.09387827924036163,0.745,0.09387827924036166,0.0,0.0,0.0005000000000000001,0.005000000000000002,8.28,1.1016974964741337,3.38,1.1261806375012975,6.6,1.119162746219357,0.02,0.1407052941362897,6.01,1.7723749973730538,5.83,1.6760644137955794,13.99,1.772374997373053,10.0,0.0,20.0,0.0,2.0,0.0,1.0,0.0,3.13,1.5219272736443836
219.0,219.0,100,5.04,1.8744426781140449,0.252,0.09372213390570225,0.748,0.09372213390570226,0.0,0.0,0.002999999999999999,0.015602382620431513,8.32,1.0906396973771628,3.36,1.105724315833862,6.62,1.0989434779263072,0.02,0.1407052941362897,5.96,1.7633760091072321,5.8,1.669694219873444,14.04,1.7633760091072321,10.0,0.0,20.0,0.0,2.0,0.0,1.0,0.0,3.13,1.5219272736443836
220.0,220.0,100,5.03,1.8665313803789618,0.2515,0.09332656901894812,0.7484999999999999,0.09332656901894813,0.0,0.0,0.0004999999999999999,0.0049999999999999975,8.32,1.0906396973771628,3.35,1.0952145677879515,6.63,1.0885538548686942,0.02,0.1407052941362897,5.95,1.7487369179155583,5.74,1.6552335121661783,14.05,1.7487369179155583,10.0,0.0,20.0,0.0,2.0,0.0,1.0,0.0,3.13,1.5219272736443836
221.0,221.0,100,5.02,1.8476302048130122,0.251,0.09238151024065061,0.7490000000000001,0.09238151024065064,0.0,0.0,0.0004999999999999999,0.004999999999999998,8.32,1.0906396973771628,3.34,1.084509850652181,6.64,1.0779704086941355,0.02,0.1407052941362897,5.94,1.7339159859879727,5.72,1.6334879333141181,14.06,1.7339159859879731,10.0,0.0,20.0,0.0,2.0,0.0,1.0,0.0,3.13,1.5219272736443836
222.0,222.0,100,5.0,1.8146430207975597,0.25,0.09073215103987796,0.75,0.09073215103987799,0.0,0.0,0.0010000000000000002,0.01,8.32,1.0906396973771628,3.32,1.033577683719433,6.66,1.0271073434405456,0.02,0.1407052941362897,5.93,1.7130220210039462,5.7,1.6360830286900714,14.07,1.7130220210039468,10.0,0.0,20.0,0.0,2.0,0.0,1.0,0.0,3.13,1.5219272736443836
223.0,223.0,100,4.98,1.8089563931513752,0.249,0.09044781965756875,0.7509999999999999,0.09044781965756876,0.0,0.0,0.0009999999999999998,0.007035264706814484,8.33,1.0922592654815537,3.31,1.0317681205316698,6.67,1.0254833794928915,0.02,0.1407052941362897,5.91,1.7061682510848983,5.68,1.6507115086678485,14.09,1.706168251084899,10.0,0.0,20.0,0.0,2.0,0.0,1.0,0.0,3.13,1.5219272736443836
224.0,224.0,100,4.97,1.8060224726500975,0.24850000000000003,0.09030112363250485,0.7515000000000001,0.09030112363250486,0.0,0.0,0.0004999999999999999,0.004999999999999998,8.33,1.0922592654815537,3.3,1.0298573010888743,6.68,1.023758178517177,0.02,0.1407052941362897,5.9,1.702642034894563,5.66,1.671024605540933,14.1,1.7026420348945634,10.0,0.0,20.0,0.0,2.0,0.0,1.0,0.0,3.13,1.5219272736443836
225.0,225.0,100,4.95,1.7999719414199187,0.2475,0.08999859707099594,0.7525,0.08999859707099594,0.0,0.0,0.0009999999999999998,0.007035264706814482,8.34,1.1029803518493233,3.29,1.0278446606684524,6.69,1.0219312277954102,0.02,0.1407052941362897,5.88,1.689420437351642,5.6,1.6514456476895412,14.12,1.6894204373516426,10.0,0.0,20.0,0.0,2.0,0.0,1.0,0.0,3.13,1.5219272736443836
226.0,226.0,100,4.92,1.7847841733538947,0.24600000000000002,0.08923920866769473,0.754,0.08923920866769475,0.0,0.0,0.0015000000000000002,0.008572330399888266,8.36,1.0779704086941357,3.28,1.0257295999049711,6.7,1.0200019805882927,0.02,0.1407052941362897,5.85,1.6779918252651191,5.59,1.652026609710606,14.15,1.6779918252651196,10.0,0.0,20.0,0.0,2.0,0.0,1.0,0.0,3.13,1.5219272736443836
227.0,227.0,100,4.86,1.775364523673713,0.243,0.08876822618368567,0.757,0.08876822618368568,0.0,0.0,0.0030000000000000005,0.013889898953170717,8.41,1.073980606637915,3.27,1.0333333333333334,6.71,1.0278446606684524,0.02,0.1407052941362897,5.8,1.6877454928053726,5.59,1.652026609710606,14.2,1.6877454928053715,10.0,0.0,20.0,0.0,2.0,0.0,1.0,0.0,3.13,1.5219272736443836
228.0,228.0,100,4.82,1.760280051181021,0.24100000000000002,0.08801400255905106,0.759,0.08801400255905109,0.0,0.0,0.0020000000000000005,0.009847319278346619,8.43,1.0565333057990296,3.25,1.0384039812533599,6.73,1.0333333333333332,0.02,0.1407052941362897,5.76,1.6944353369518446,5.56,1.6349713493304134,14.24,1.6944353369518441,10.0,0.0,20.0,0.0,2.0,0.0,1.0,0.0,3.13,1.5219272736443836
229.0,229.0,100,4.76,1.723984110170744,0.23800000000000002,0.08619920550853721,0.762,0.08619920550853723,0.0,0.0,0.003,0.013889898953170717,8.46,1.0388416237290068,3.22,1.020793907711151,6.76,1.0162318990896089,0.02,0.1407052941362897,5.71,1.6895101196632252,5.53,1.6046334425184106,14.29,1.6895101196632252,10.0,0.0,20.0,0.0,2.0,0.0,1.0,0.0,3.13,1.5219272736443836
230.0,230.0,100,4.72,1.7060794444301444,0.23600000000000002,0.08530397222150723,0.764,0.08530397222150725,0.0,0.0,0.0019999999999999996,0.009847319278346617,8.5,1.039619199903542,3.22,1.020793907711151,6.76,1.0162318990896089,0.02,0.1407052941362897,5.67,1.6700269156483376,5.53,1.6046334425184106,14.33,1.6700269156483365,10.0,0.0,20.0,0.0,2.0,0.0,1.0,0.0,3.13,1.5219272736443836
231.0,231.0,100,4.71,1.6895101196632254,0.23550000000000001,0.08447550598316124,0.7645000000000001,0.08447550598316125,0.0,0.0,0.0005000000000000004,0.005000000000000004,8.51,1.0199524647271705,3.22,1.020793907711151,6.76,1.0162318990896089,0.02,0.1407052941362897,5.66,1.6588909523893338,5.5,1.6174552903130326,14.34,1.6588909523893336,10.0,0.0,20.0,0.0,2.0,0.0,1.0,0.0,3.13,1.5219272736443836
232.0,232.0,100,4.68,1.7167034417949734,0.23399999999999999,0.08583517208974867,0.7659999999999999,0.08583517208974868,0.0,0.0,0.0015000000000000002,0.011135075167680687,8.52,1.019803902718557,3.2,1.0249414863810764,6.78,1.0207939077111507,0.02,0.1407052941362897,5.64,1.6728370627122766,5.49,1.629866450499748,14.36,1.6728370627122768,10.0,0.0,20.0,0.0,2.0,0.0,1.0,0.0,3.13,1.5219272736443836
233.0,233.0,100,4.67,1.7118422942561156,0.2335,0.08559211471280577,0.7665000000000001,0.08559211471280578,0.0,0.0,0.0004999999999999999,0.004999999999999998,8.53,1.0096003809888987,3.2,1.0249414863810764,6.78,1.0207939077111507,0.02,0.1407052941362897,5.63,1.6736520280844251,5.48,1.6297734861512558,14.37,1.6736520280844256,10.0,0.0,20.0,0.0,2.0,0.0,1.0,0.0,3.13,1.5219272736443836
234.0,234.0,100,4.67,1.7118422942561156,0.2335,0.08559211471280577,0.7665000000000001,0.08559211471280578,0.0,0.0,0.0,0.0,8.53,1.0096003809888987,3.2,1.0249414863810764,6.78,1.0207939077111507,0.02,0.1407052941362897,5.63,1.6736520280844251,5.45,1.5914861868166754,14.37,1.6736520280844256,10.0,0.0,20.0,0.0,2.0,0.0,1.0,0.0,3.13,1.5219272736443836
235.0,235.0,100,4.63,1.7035613320691485,0.23149999999999998,0.08517806660345743,0.7685,0.08517806660345743,0.0,0.0,0.0019999999999999996,0.009847319278346615,8.56,0.9981801622771491,3.19,1.0219312277954098,6.79,1.0179698552818872,0.02,0.1407052941362897,5.59,1.6581296509603645,5.41,1.6086571349351537,14.41,1.6581296509603638,10.0,0.0,20.0,0.0,2.0,0.0,1.0,0.0,3.13,1.5219272736443836
236.0,236.0,100,4.61,1.7108979271633118,0.2305,0.08554489635816562,0.7695000000000001,0.0855448963581656,0.0,0.0,0.0009999999999999998,0.007035264706814482,8.57,0.9873441572463394,3.18,1.0286796479865914,6.8,1.0249414863810762,0.02,0.1407052941362897,5.57,1.6712361601611851,5.39,1.5947831618540917,14.43,1.6712361601611847,10.0,0.0,20.0,0.0,2.0,0.0,1.0,0.0,3.13,1.5219272736443836
237.0,237.0,100,4.61,1.7108979271633118,0.2305,0.08554489635816562,0.7695000000000001,0.0855448963581656,0.0,0.0,0.0,0.0,8.57,0.9873441572463394,3.18,1.0286796479865914,6.8,1.0249414863810762,0.02,0.1407052941362897,5.57,1.6712361601611851,5.35,1.578741347537412,14.43,1.6712361601611847,10.0,0.0,20.0,0.0,2.0,0.0,1.0,0.0,3.13,1.5219272736443836
238.0,238.0,100,4.56,1.677660709006876,0.228,0.08388303545034381,0.772,0.08388303545034383,0.0,0.0,0.0024999999999999996,0.013055824196677338,8.61,0.9628975631767468,3.17,1.0352865216055802,6.81,1.0219312277954098,0.02,0.1407052941362897,5.53,1.6296185337853046,5.31,1.5550179446169774,14.47,1.6296185337853042,10.0,0.0,20.0,0.0,2.0,0.0,1.0,0.0,3.13,1.5219272736443836
239.0,239.0,100,4.48,1.6421223025602132,0.22399999999999998,0.08210611512801065,0.7759999999999999,0.08210611512801068,0.0,0.0,0.004,0.018367736315989987,8.66,0.9235417115264978,3.14,1.0446593374460074,6.84,1.032012841514341,0.02,0.1407052941362897,5.47,1.617174240844976,5.26,1.57390333793779,14.53,1.6171742408449763,10.0,0.0,20.0,0.0,2.0,0.0,1.0,0.0,3.13,1.5219272736443836
240.0,240.0,100,4.47,1.641968515550955,0.2235,0.08209842577754774,0.7765000000000001,0.08209842577754772,0.0,0.0,0.0004999999999999999,0.0049999999999999975,8.66,0.9235417115264978,3.13,1.0507813350747213,6.85,1.03840398125336,0.02,0.1407052941362897,5.46,1.6106965680547765,5.23,1.5625348480962438,14.54,1.610696568054776,10.0,0.0,20.0,0.0,2.0,0.0,1.0,0.0,3.13,1.5219272736443836
241.0,241.0,100,4.42,1.6216963309753742,0.221,0.0810848165487687,0.779,0.08108481654876872,0.0,0.0,0.0024999999999999996,0.010952145677879515,8.67,0.9217352980091191,3.09,1.015983376941878,6.88,1.0078479923865387,0.03,0.1714466079977653,5.41,1.602365675361201,5.22,1.5672146043735096,14.59,1.6023656753612008,10.0,0.0,20.0,0.0,2.0,0.0,1.0,0.0,3.13,1.5219272736443836
242.0,242.0,100,4.4,1.632993161855452,0.22,0.0816496580927726,0.78,0.08164965809277262,0.0,0.0,0.0010000000000000002,0.0070352647068144866,8.67,0.9217352980091191,3.07,1.0274514906585932,6.91,1.015983376941878,0.02,0.1407052941362897,5.4,1.6017667013821228,5.22,1.5672146043735096,14.6,1.6017667013821222,10.0,0.0,20.0,0.0,2.0,0.0,1.0,0.0,3.13,1.5219272736443836
243.0,243.0,100,4.36,1.642368331822596,0.218,0.08211841659112978,0.782,0.08211841659112981,0.0,0.0,0.0019999999999999996,0.009847319278346615,8.68,0.919815528277603,3.04,1.033968524226395,6.94,1.0231660113924264,0.02,0.1407052941362897,5.36,1.6113235666257837,5.2,1.5891043154093205,14.64,1.611323566625783,10.0,0.0,20.0,0.0,2.0,0.0,1.0,0.0,3.13,1.5219272736443836
244.0,244.0,100,4.3,1.6483845780556543,0.215,0.0824192289027827,0.785,0.0824192289027827,0.0,0.0,0.002999999999999999,0.015602382620431513,8.7,0.9265990819042822,3.0,1.0347497623614468,6.98,1.0247443632931141,0.02,0.1407052941362897,5.32,1.6073065493036307,5.19,1.580787426850584,14.68,1.607306549303631,10.0,0.0,20.0,0.0,2.0,0.0,1.0,0.0,3.13,1.5219272736443836
245.0,245.0,100,4.29,1.6532490203330907,0.2145,0.08266245101665451,0.7855,0.08266245101665451,0.0,0.0,0.0005000000000000001,0.005,8.7,0.9265990819042822,2.99,1.0395706184319904,6.99,1.0298082590973185,0.02,0.1407052941362897,5.31,1.6124202274528159,5.18,1.5787733379194278,14.69,1.6124202274528159,10.0,0.0,20.0,0.0,2.0,0.0,1.0,0.0,3.13,1.5219272736443836
246.0,246.0,100,4.28,1.6519348924485162,0.214,0.08259674462242578,0.7859999999999999,0.08259674462242579,0.0,0.0,0.0004999999999999999,0.004999999999999998,8.71,0.9352253550061956,2.99,1.0395706184319904,6.99,1.0298082590973185,0.02,0.1407052941362897,5.3,1.6049166881048922,5.16,1.5873235207719818,14.7,1.6049166881048922,10.0,0.0,20.0,0.0,2.0,0.0,1.0,0.0,3.13,1.5219272736443836
247.0,247.0,100,4.27,1.6444273818388617,0.21350000000000002,0.08222136909194307,0.7865000000000001,0.08222136909194311,0.0,0.0,0.0004999999999999999,0.004999999999999998,8.71,0.9352253550061956,2.98,1.0345545081352796,7.0,1.0249414863810766,0.02,0.1407052941362897,5.29,1.6036259419254113,5.15,1.5914861868166759,14.71,1.6036259419254113,10.0,0.0,20.0,0.0,2.0,0.0,1.0,0.0,3.13,1.5219272736443836
248.0,248.0,100,4.24,1.6088141061921446,0.212,0.08044070530960719,0.7879999999999999,0.08044070530960723,0.0,0.0,0.0015000000000000002,0.011135075167680688,8.74,0.8946530279410227,2.98,1.0345545081352796,7.0,1.0249414863810766,0.02,0.1407052941362897,5.27,1.5945297904163638,5.15,1.5914861868166759,14.73,1.594529790416364,10.0,0.0,20.0,0.0,2.0,0.0,1.0,0.0,3.13,1.5219272736443836
249.0,249.0,100,4.19,1.6372864962208264,0.2095,0.08186432481104133,0.7905,0.08186432481104132,0.0,0.0,0.0025,0.01647618422040269,8.75,0.8918825850158449,2.94,1.042723706104703,7.04,1.0339685242263947,0.02,0.1407052941362897,5.24,1.5835007885930301,5.13,1.586909836217177,14.76,1.58350078859303,10.0,0.0,20.0,0.0,2.0,0.0,1.0,0.0,3.13,1.5219272736443836
250.0,250.0,100,4.16,1.618828607544993,0.20800000000000002,0.08094143037724966,0.792,0.08094143037724963,0.0,0.0,0.0014999999999999996,0.008572330399888263,8.76,0.8659670836117217,2.92,1.0510216290098242,7.05,1.03840398125336,0.03,0.1714466079977653,5.2,1.5699192541804385,5.12,1.5972198067614587,14.8,1.5699192541804383,10.0,0.0,20.0,0.0,2.0,0.0,1.0,0.0,3.13,1.5219272736443836
251.0,251.0,100,4.16,1.618828607544993,0.20800000000000002,0.08094143037724966,0.792,0.08094143037724963,0.0,0.0,0.0,0.0,8.76,0.8659670836117217,2.92,1.0510216290098242,7.06,1.042723706104703,0.02,0.1407052941362897,5.21,1.571816166288558,5.1,1.5986105077709065,14.79,1.571816166288558,10.0,0.0,20.0,0.0,2.0,0.0,1.0,0.0,3.13,1.5219272736443836
252.0,252.0,100,4.16,1.618828607544993,0.20800000000000002,0.08094143037724966,0.792,0.08094143037724963,0.0,0.0,0.0,0.0,8.76,0.8659670836117217,2.92,1.0510216290098242,7.06,1.042723706104703,0.02,0.1407052941362897,5.21,1.571816166288558,5.11,1.6011044168121433,14.79,1.571816166288558,10.0,0.0,20.0,0.0,2.0,0.0,1.0,0.0,3.13,1.5219272736443836
253.0,253.0,100,4.15,1.6229104669815841,0.2075,0.08114552334907923,0.7925,0.08114552334907921,0.0,0.0,0.0005000000000000001,0.005000000000000001,8.76,0.8659670836117217,2.91,1.05500251328151,7.07,1.0469291313458644,0.02,0.1407052941362897,5.2,1.5827351342061324,5.1,1.5922793521720786,14.8,1.5827351342061324,10.0,0.0,20.0,0.0,2.0,0.0,1.0,0.0,3.13,1.5219272736443836
254.0,254.0,100,4.12,1.616080806060505,0.20600000000000002,0.08080404030302524,0.794,0.08080404030302525,0.0,0.0,0.0015,0.008572330399888263,8.78,0.8596452169295767,2.9,1.0588730430094633,7.08,1.0510216290098242,0.02,0.1407052941362897,5.17,1.583086105100293,5.09,1.5769488503967646,14.83,1.5830861051002934,10.0,0.0,20.0,0.0,2.0,0.0,1.0,0.0,3.13,1.5219272736443836
255.0,255.0,100,4.1,1.6360830286900714,0.205,0.08180415143450355,0.795,0.08180415143450355,0.0,0.0,0.0009999999999999998,0.007035264706814483,8.79,0.8680059581790572,2.89,1.0720979150217294,7.09,1.0645338525534656,0.02,0.1407052941362897,5.15,1.6166744767071577,5.08,1.5806915760469717,14.85,1.616674476707158,10.0,0.0,20.0,0.0,2.0,0.0,1.0,0.0,3.13,1.5219272736443836
256.0,256.0,100,4.1,1.6360830286900714,0.205,0.08180415143450355,0.795,0.08180415143450355,0.0,0.0,0.0,0.0,8.79,0.8680059581790572,2.89,1.0720979150217294,7.09,1.0645338525534656,0.02,0.1407052941362897,5.15,1.6166744767071577,5.05,1.5851265762160016,14.85,1.616674476707158,10.0,0.0,20.0,0.0,2.0,0.0,1.0,0.0,3.13,1.5219272736443836
257.0,257.0,100,4.08,1.6310125751207496,0.204,0.0815506287560375,0.7959999999999999,0.0815506287560375,0.0,0.0,0.0009999999999999998,0.007035264706814482,8.8,0.8645662192537642,2.88,1.07571916277982,7.1,1.0683698523517693,0.02,0.1407052941362897,5.13,1.6121696278899773,5.03,1.5983261446420953,14.87,1.6121696278899773,10.0,0.0,20.0,0.0,2.0,0.0,1.0,0.0,3.13,1.5219272736443836
258.0,258.0,100,4.08,1.6310125751207496,0.204,0.0815506287560375,0.7959999999999999,0.0815506287560375,0.0,0.0,0.0,0.0,8.8,0.8645662192537642,2.88,1.07571916277982,7.1,1.0683698523517693,0.02,0.1407052941362897,5.13,1.6121696278899773,5.0,1.5954480704349314,14.87,1.6121696278899773,10.0,0.0,20.0,0.0,2.0,0.0,1.0,0.0,3.13,1.5219272736443836
259.0,259.0,100,4.07,1.6096614864654308,0.20350000000000001,0.08048307432327155,0.7965000000000001,0.08048307432327155,0.0,0.0,0.0005000000000000004,0.0050000000000000044,8.81,0.8491826135238001,2.88,1.07571916277982,7.1,1.0683698523517693,0.02,0.1407052941362897,5.12,1.5972198067614585,5.0,1.5954480704349314,14.88,1.5972198067614582,10.0,0.0,20.0,0.0,2.0,0.0,1.0,0.0,3.13,1.5219272736443836
260.0,260.0,100,4.06,1.6132031001781026,0.203,0.08066015500890512,0.797,0.08066015500890514,0.0,0.0,0.0005000000000000001,0.005,8.82,0.8454273917655347,2.88,1.07571916277982,7.1,1.0683698523517693,0.02,0.1407052941362897,5.11,1.6074008130324475,4.99,1.5858910760359632,14.89,1.607400813032448,10.0,0.0,20.0,0.0,2.0,0.0,1.0,0.0,3.13,1.5219272736443836
261.0,261.0,100,4.04,1.5885957206402022,0.20199999999999999,0.07942978603201012,0.7979999999999999,0.0794297860320101,0.0,0.0,0.0010000000000000002,0.0070352647068144866,8.83,0.8294454761946667,2.87,1.0603506185896407,7.11,1.0530858934530931,0.02,0.1407052941362897,5.09,1.5897080603594222,4.98,1.576212055671585,14.91,1.5897080603594227,10.0,0.0,20.0,0.0,2.0,0.0,1.0,0.0,3.13,1.5219272736443836
262.0,262.0,100,4.02,1.5889771819785472,0.201,0.07944885909892734,0.799,0.07944885909892735,0.0,0.0,0.001,0.007035264706814485,8.83,0.8294454761946667,2.85,1.0576799462440747,7.13,1.0507813350747213,0.02,0.1407052941362897,5.07,1.5907243760010847,4.98,1.576212055671585,14.93,1.5907243760010847,10.0,0.0,20.0,0.0,2.0,0.0,1.0,0.0,3.13,1.5219272736443836
263.0,263.0,100,4.02,1.5889771819785472,0.201,0.07944885909892734,0.799,0.07944885909892735,0.0,0.0,0.0,0.0,8.83,0.8294454761946667,2.85,1.0576799462440747,7.13,1.0507813350747213,0.02,0.1407052941362897,5.07,1.5907243760010847,4.98,1.576212055671585,14.93,1.5907243760010847,10.0,0.0,20.0,0.0,2.0,0.0,1.0,0.0,3.13,1.5219272736443836
264.0,264.0,100,4.01,1.585891076035963,0.2005,0.07929455380179816,0.7995,0.07929455380179815,0.0,0.0,0.0004999999999999999,0.0049999999999999975,8.84,0.8375047112787732,2.85,1.0576799462440747,7.13,1.0507813350747213,0.02,0.1407052941362897,5.06,1.5751863766590035,4.98,1.576212055671585,14.94,1.5751863766590042,10.0,0.0,20.0,0.0,2.0,0.0,1.0,0.0,3.13,1.5219272736443836
265.0,265.0,100,4.0,1.5891043154093205,0.2,0.07945521577046603,0.8,0.07945521577046602,0.0,0.0,0.0005000000000000001,0.005000000000000002,8.85,0.8453676505795952,2.85,1.0576799462440747,7.13,1.0507813350747213,0.02,0.1407052941362897,5.05,1.5787413475374112,4.98,1.576212055671585,14.95,1.5787413475374117,10.0,0.0,20.0,0.0,2.0,0.0,1.0,0.0,3.13,1.5219272736443836
266.0,266.0,100,3.97,1.5856362837178088,0.1985,0.07928181418589043,0.8015000000000001,0.07928181418589045,0.0,0.0,0.0015,0.011135075167680683,8.88,0.8442317648177382,2.85,1.0576799462440747,7.13,1.0507813350747213,0.02,0.1407052941362897,5.03,1.5728440430755943,4.96,1.575827504275872,14.97,1.572844043075595,10.0,0.0,20.0,0.0,2.0,0.0,1.0,0.0,3.13,1.5219272736443836
267.0,267.0,100,3.96,1.5949414985629986,0.198,0.07974707492814992,0.802,0.07974707492814995,0.0,0.0,0.0004999999999999999,0.0049999999999999975,8.89,0.851558286408814,2.85,1.0576799462440747,7.13,1.0507813350747213,0.02,0.1407052941362897,5.02,1.5889771819785472,4.94,1.568760689528553,14.98,1.5889771819785472,10.0,0.0,20.0,0.0,2.0,0.0,1.0,0.0,3.13,1.5219272736443836
268.0,268.0,100,3.96,1.5949414985629986,0.198,0.07974707492814992,0.802,0.07974707492814995,0.0,0.0,0.0,0.0,8.89,0.851558286408814,2.85,1.0576799462440747,7.13,1.0507813350747213,0.02,0.1407052941362897,5.02,1.5889771819785472,4.91,1.5833413077949106,14.98,1.5889771819785472,10.0,0.0,20.0,0.0,2.0,0.0,1.0,0.0,3.13,1.5219272736443836
269.0,269.0,100,3.96,1.5949414985629986,0.198,0.07974707492814992,0.802,0.07974707492814995,0.0,0.0,0.0,0.0,8.89,0.851558286408814,2.85,1.0576799462440747,7.13,1.0507813350747213,0.02,0.1407052941362897,5.02,1.5889771819785472,4.91,1.5833413077949106,14.98,1.5889771819785472,10.0,0.0,20.0,0.0,2.0,0.0,1.0,0.0,3.13,1.5219272736443836
270.0,270.0,100,3.95,1.597820485233026,0.1975,0.07989102426165129,0.8025,0.0798910242616513,0.0,0.0,0.0005000000000000001,0.005000000000000002,8.89,0.851558286408814,2.84,1.0609696346533986,7.13,1.0507813350747213,0.03,0.1714466079977653,5.01,1.579508937881798,4.9,1.5731330124142315,14.99,1.579508937881798,10.0,0.0,20.0,0.0,2.0,0.0,1.0,0.0,3.13,1.5219272736443836
271.0,271.0,100,3.91,1.5897080603594227,0.1955,0.07948540301797113,0.8045,0.07948540301797113,0.0,0.0,0.002,0.009847319278346617,8.9,0.8348471099367217,2.81,1.060731594302496,7.17,1.0546194679704248,0.02,0.1407052941362897,4.98,1.588977181978547,4.89,1.5692435287504782,15.02,1.5889771819785474,10.0,0.0,20.0,0.0,2.0,0.0,1.0,0.0,3.13,1.5219272736443836
272.0,272.0,100,3.9,1.5986105077709065,0.195,0.07993052538854532,0.805,0.07993052538854532,0.0,0.0,0.0004999999999999999,0.0049999999999999975,8.9,0.8348471099367217,2.8,1.0730867399773194,7.18,1.0672346972385687,0.02,0.1407052941362897,4.97,1.6046334425184103,4.86,1.570047930813103,15.03,1.6046334425184103,10.0,0.0,20.0,0.0,2.0,0.0,1.0,0.0,3.13,1.5219272736443836
273.0,273.0,100,3.9,1.5986105077709065,0.195,0.07993052538854532,0.805,0.07993052538854532,0.0,0.0,0.0,0.0,8.9,0.8348471099367217,2.8,1.0730867399773194,7.18,1.0672346972385687,0.02,0.1407052941362897,4.97,1.6046334425184103,4.85,1.5787413475374115,15.03,1.6046334425184103,10.0,0.0,20.0,0.0,2.0,0.0,1.0,0.0,3.13,1.5219272736443836
274.0,274.0,100,3.89,1.5884367513789504,0.1945,0.07942183756894751,0.8055,0.07942183756894752,0.0,0.0,0.0004999999999999999,0.004999999999999998,8.9,0.8348471099367217,2.79,1.0664298979645719,7.19,1.0607315943024962,0.02,0.1407052941362897,4.96,1.5949414985629988,4.83,1.5830861051002931,15.04,1.5949414985629988,10.0,0.0,20.0,0.0,2.0,0.0,1.0,0.0,3.13,1.5219272736443836
275.0,275.0,100,3.89,1.5884367513789504,0.1945,0.07942183756894751,0.8055,0.07942183756894752,0.0,0.0,0.0,0.0,8.9,0.8348471099367217,2.79,1.0664298979645719,7.19,1.0607315943024962,0.02,0.1407052941362897,4.96,1.5949414985629988,4.83,1.5830861051002931,15.04,1.5949414985629988,10.0,0.0,20.0,0.0,2.0,0.0,1.0,0.0,3.13,1.5219272736443836
276.0,276.0,100,3.86,1.5892314386698263,0.193,0.0794615719334913,0.807,0.0794615719334913,0.0,0.0,0.0015000000000000002,0.008572330399888264,8.92,0.8248660742229863,2.78,1.0691259528373178,7.2,1.063632046956621,0.02,0.1407052941362897,4.93,1.5907243760010847,4.79,1.5782294132375305,15.07,1.5907243760010847,10.0,0.0,20.0,0.0,2.0,0.0,1.0,0.0,3.13,1.5219272736443836
277.0,277.0,100,3.84,1.5681166726330982,0.192,0.0784058336316549,0.8079999999999999,0.0784058336316549,0.0,0.0,0.0009999999999999998,0.007035264706814482,8.93,0.8196451560389917,2.77,1.0527021507443681,7.21,1.0473149893268436,0.02,0.1407052941362897,4.91,1.5769488503967644,4.78,1.5927867707165628,15.09,1.5769488503967644,10.0,0.0,20.0,0.0,2.0,0.0,1.0,0.0,3.13,1.5219272736443836
278.0,278.0,100,3.82,1.5529704349140623,0.191,0.0776485217457031,0.809,0.07764852174570311,0.0,0.0,0.001,0.0070352647068144866,8.95,0.8087276451565166,2.77,1.0527021507443681,7.21,1.0473149893268436,0.02,0.1407052941362897,4.89,1.5756672468282356,4.78,1.5927867707165628,15.11,1.5756672468282362,10.0,0.0,20.0,0.0,2.0,0.0,1.0,0.0,3.13,1.5219272736443836
279.0,279.0,100,3.81,1.5419717142920513,0.1905,0.07709858571460257,0.8095,0.07709858571460255,0.0,0.0,0.0004999999999999999,0.0049999999999999975,8.95,0.8087276451565166,2.76,1.0456258094238748,7.22,1.0403961949297211,0.02,0.1407052941362897,4.88,1.5717197683757216,4.74,1.599368562270685,15.12,1.5717197683757214,10.0,0.0,20.0,0.0,2.0,0.0,1.0,0.0,3.13,1.5219272736443836
280.0,280.0,100,3.81,1.5419717142920513,0.1905,0.07709858571460257,0.8095,0.07709858571460255,0.0,0.0,0.0,0.0,8.95,0.8087276451565166,2.76,1.0456258094238748,7.22,1.0403961949297211,0.02,0.1407052941362897,4.88,1.5717197683757216,4.74,1.599368562270685,15.12,1.5717197683757214,10.0,0.0,20.0,0.0,2.0,0.0,1.0,0.0,3.13,1.5219272736443836
281.0,281.0,100,3.79,1.5524174696260022,0.1895,0.07762087348130012,0.8105,0.07762087348130012,0.0,0.0,0.001,0.007035264706814486,8.96,0.8030245854570613,2.75,1.0480862791225007,7.22,1.0500601233387843,0.03,0.1714466079977653,4.85,1.5851265762160016,4.74,1.599368562270685,15.15,1.5851265762160012,10.0,0.0,20.0,0.0,2.0,0.0,1.0,0.0,3.13,1.5219272736443836
282.0,282.0,100,3.78,1.554270753684047,0.18899999999999997,0.07771353768420236,0.8109999999999999,0.07771353768420237,0.0,0.0,0.0005000000000000001,0.005000000000000001,8.97,0.7971540286886505,2.75,1.0480862791225007,7.23,1.043062700886096,0.02,0.1407052941362897,4.85,1.5914861868166759,4.73,1.6071494308026535,15.15,1.5914861868166759,10.0,0.0,20.0,0.0,2.0,0.0,1.0,0.0,3.13,1.5219272736443836
283.0,283.0,100,3.75,1.5658927811380325,0.1875,0.07829463905690162,0.8125,0.07829463905690162,0.0,0.0,0.0015000000000000002,0.008572330399888264,8.98,0.8037789534819921,2.73,1.0622541307916098,7.25,1.0576799462440747,0.02,0.1407052941362897,4.82,1.6104457002753476,4.7,1.6049166881048922,15.18,1.6104457002753472,10.0,0.0,20.0,0.0,2.0,0.0,1.0,0.0,3.13,1.5219272736443836
284.0,284.0,100,3.75,1.5658927811380325,0.1875,0.07829463905690162,0.8125,0.07829463905690162,0.0,0.0,0.0,0.0,8.98,0.8037789534819921,2.73,1.0622541307916098,7.25,1.0576799462440747,0.02,0.1407052941362897,4.82,1.6104457002753476,4.7,1.6049166881048926,15.18,1.6104457002753472,10.0,0.0,20.0,0.0,2.0,0.0,1.0,0.0,3.13,1.5219272736443836
285.0,285.0,100,3.75,1.5658927811380325,0.1875,0.07829463905690162,0.8125,0.07829463905690162,0.0,0.0,0.0,0.0,8.98,0.8037789534819921,2.73,1.0622541307916098,7.25,1.0576799462440747,0.02,0.1407052941362897,4.82,1.6104457002753476,4.67,1.589453879910844,15.18,1.6104457002753472,10.0,0.0,20.0,0.0,2.0,0.0,1.0,0.0,3.13,1.5219272736443836
286.0,286.0,100,3.7,1.579540912717836,0.185,0.0789770456358918,0.815,0.07897704563589181,0.0,0.0,0.0025,0.01305582419667734,9.01,0.7976607212735414,2.71,1.0944764903271282,7.27,1.0904081341359753,0.02,0.1407052941362897,4.78,1.5991159173655036,4.67,1.589453879910844,15.22,1.599115917365504,10.0,0.0,20.0,0.0,2.0,0.0,1.0,0.0,3.13,1.5219272736443836
287.0,287.0,100,3.68,1.5626964522965434,0.184,0.07813482261482714,0.816,0.07813482261482714,0.0,0.0,0.0009999999999999998,0.007035264706814483,9.01,0.7976607212735414,2.69,1.079608982713443,7.29,1.0758600036597454,0.02,0.1407052941362897,4.76,1.5962076268076115,4.64,1.5924062219664852,15.24,1.5962076268076115,10.0,0.0,20.0,0.0,2.0,0.0,1.0,0.0,3.13,1.5219272736443836
288.0,288.0,100,3.68,1.5626964522965434,0.184,0.07813482261482714,0.816,0.07813482261482714,0.0,0.0,0.0,0.0,9.01,0.7976607212735414,2.69,1.079608982713443,7.29,1.0758600036597454,0.02,0.1407052941362897,4.76,1.5962076268076115,4.63,1.5869098362171774,15.24,1.5962076268076115,10.0,0.0,20.0,0.0,2.0,0.0,1.0,0.0,3.13,1.5219272736443836
289.0,289.0,100,3.65,1.565892781138032,0.1825,0.07829463905690162,0.8175,0.0782946390569016,0.0,0.0,0.0015,0.008572330399888263,9.03,0.7843803447642765,2.68,1.090639697377163,7.3,1.087114613009218,0.02,0.1407052941362897,4.73,1.5881823674638977,4.61,1.5884367513789504,15.27,1.5881823674638977,10.0,0.0,20.0,0.0,2.0,0.0,1.0,0.0,3.13,1.5219272736443836
290.0,290.0,100,3.65,1.565892781138032,0.1825,0.07829463905690162,0.8175,0.0782946390569016,0.0,0.0,0.0,0.0,9.03,0.7843803447642765,2.68,1.090639697377163,7.3,1.087114613009218,0.02,0.1407052941362897,4.73,1.5881823674638977,4.57,1.57797338380595,15.27,1.5881823674638977,10.0,0.0,20.0,0.0,2.0,0.0,1.0,0.0,3.13,1.5219272736443836
291.0,291.0,100,3.63,1.5612414122981582,0.1815,0.07806207061490791,0.8184999999999999,0.07806207061490791,0.0,0.0,0.001,0.007035264706814485,9.03,0.7843803447642765,2.66,1.0937840903778207,7.3,1.0588730430094633,0.04,0.24287836253956216,4.7,1.5922793521720793,4.54,1.5661830330230542,15.3,1.592279352172079,10.0,0.0,20.0,0.0,2.0,0.0,1.0,0.0,3.13,1.5219272736443836
292.0,292.0,100,3.61,1.5756672468282358,0.1805,0.0787833623414118,0.8195,0.07878336234141177,0.0,0.0,0.0010000000000000002,0.007035264706814485,9.04,0.7903457880234858,2.65,1.0859525446781406,7.33,1.0829719677019727,0.02,0.1407052941362897,4.69,1.5871644240880995,4.52,1.5405626677721793,15.31,1.5871644240880995,10.0,0.0,20.0,0.0,2.0,0.0,1.0,0.0,3.13,1.5219272736443836
293.0,293.0,100,3.58,1.583883476991559,0.179,0.07919417384957793,0.821,0.07919417384957791,0.0,0.0,0.0015000000000000002,0.008572330399888266,9.05,0.7961396760860394,2.63,1.069834311725631,7.35,1.0671873729054748,0.02,0.1407052941362897,4.66,1.59050211244656,4.52,1.5273929726593916,15.34,1.59050211244656,10.0,0.0,20.0,0.0,2.0,0.0,1.0,0.0,3.13,1.5219272736443836
294.0,294.0,100,3.55,1.5658927811380323,0.1775,0.07829463905690162,0.8225,0.07829463905690162,0.0,0.0,0.0014999999999999996,0.008572330399888261,9.06,0.80176572814525,2.61,1.043449988637634,7.37,1.0411241011231052,0.02,0.1407052941362897,4.63,1.5805318117901985,4.5,1.5142421513513924,15.37,1.5805318117901985,10.0,0.0,20.0,0.0,2.0,0.0,1.0,0.0,3.13,1.5219272736443836
295.0,295.0,100,3.51,1.5472034073897274,0.17550000000000002,0.07736017036948639,0.8245,0.07736017036948639,0.0,0.0,0.002,0.009847319278346617,9.08,0.8125281657899744,2.59,1.0453842751965818,7.38,1.0519822558706333,0.03,0.1714466079977653,4.58,1.5516690264604653,4.49,1.5008078632603985,15.42,1.5516690264604651,10.0,0.0,20.0,0.0,2.0,0.0,1.0,0.0,3.13,1.5219272736443836
296.0,296.0,100,3.5,1.5472360498448172,0.175,0.07736180249224087,0.825,0.07736180249224088,0.0,0.0,0.0005000000000000001,0.005,9.08,0.8125281657899744,2.58,1.036505395231223,7.4,1.0347497623614468,0.02,0.1407052941362897,4.58,1.5385943998574572,4.49,1.5008078632603985,15.42,1.538594399857457,10.0,0.0,20.0,0.0,2.0,0.0,1.0,0.0,3.13,1.5219272736443836
297.0,297.0,100,3.49,1.5472034073897276,0.1745,0.07736017036948639,0.8255,0.0773601703694864,0.0,0.0,0.0005000000000000001,0.005,9.08,0.8125281657899744,2.57,1.0372360318936986,7.41,1.035676717236736,0.02,0.1407052941362897,4.57,1.532509660193324,4.46,1.4867767318952265,15.43,1.5325096601933244,10.0,0.0,20.0,0.0,2.0,0.0,1.0,0.0,3.13,1.5219272736443836
298.0,298.0,100,3.46,1.553230585755139,0.17300000000000001,0.07766152928775696,0.8270000000000001,0.07766152928775696,0.0,0.0,0.0014999999999999996,0.008572330399888261,9.08,0.8125281657899744,2.54,1.058109616058733,7.43,1.0469291313458642,0.03,0.1714466079977653,4.54,1.5269961269489758,4.46,1.4731262709289419,15.46,1.5269961269489756,10.0,0.0,20.0,0.0,2.0,0.0,1.0,0.0,3.13,1.5219272736443836
299.0,299.0,100,3.46,1.553230585755139,0.17300000000000001,0.07766152928775696,0.8270000000000001,0.07766152928775696,0.0,0.0,0.0,0.0,9.08,0.8125281657899744,2.54,1.058109616058733,7.44,1.0571545570898124,0.02,0.1407052941362897,4.55,1.520067781582802,4.45,1.4728176802279094,15.45,1.5200677815828012,10.0,0.0,20.0,0.0,2.0,0.0,1.0,0.0,3.13,1.5219272736443836
300.0,300.0,100,3.45,1.5529379129946443,0.1725,0.07764689564973222,0.8275,0.0776468956497322,0.0,0.0,0.0005000000000000001,0.005000000000000001,9.09,0.8176709965419212,2.54,1.058109616058733,7.44,1.0571545570898124,0.02,0.1407052941362897,4.54,1.526996126948976,4.44,1.4655643240331653,15.46,1.5269961269489751,10.0,0.0,20.0,0.0,2.0,0.0,1.0,0.0,3.13,1.5219272736443836
301.0,301.0,100,3.43,1.5390867028169264,0.17149999999999999,0.07695433514084632,0.8284999999999999,0.07695433514084635,0.0,0.0,0.0010000000000000005,0.0070352647068144866,9.09,0.8176709965419212,2.52,1.0490977364412055,7.46,1.048519880304584,0.02,0.1407052941362897,4.52,1.5141087320682265,4.43,1.4651162604263377,15.48,1.5141087320682265,10.0,0.0,20.0,0.0,2.0,0.0,1.0,0.0,3.13,1.5219272736443836
302.0,302.0,100,3.4,1.5242153139344596,0.17,0.07621076569672298,0.83,0.07621076569672297,0.0,0.0,0.0015,0.011135075167680681,9.1,0.7977240352174655,2.5,1.0396191999035422,7.48,1.0394248603934968,0.02,0.1407052941362897,4.5,1.4940961255298244,4.4,1.4974726182552534,15.5,1.494096125529824,10.0,0.0,20.0,0.0,2.0,0.0,1.0,0.0,3.13,1.5219272736443836
303.0,303.0,100,3.4,1.5242153139344596,0.17,0.07621076569672298,0.83,0.07621076569672297,0.0,0.0,0.0,0.0,9.1,0.7977240352174655,2.5,1.0396191999035422,7.47,1.039181884897437,0.03,0.1714466079977653,4.49,1.4940623220676648,4.4,1.4974726182552534,15.51,1.4940623220676648,10.0,0.0,20.0,0.0,2.0,0.0,1.0,0.0,3.13,1.5219272736443836
304.0,304.0,100,3.39,1.5102010034121518,0.16949999999999998,0.07551005017060759,0.8305,0.07551005017060759,0.0,0.0,0.0004999999999999999,0.0049999999999999975,9.1,0.7977240352174655,2.49,1.0298082590973188,7.49,1.0298082590973188,0.02,0.1407052941362897,4.49,1.4872861869930087,4.4,1.4974726182552534,15.51,1.4872861869930092,10.0,0.0,20.0,0.0,2.0,0.0,1.0,0.0,3.13,1.5219272736443836
305.0,305.0,100,3.37,1.4815702835338271,0.1685,0.07407851417669134,0.8315,0.07407851417669137,0.0,0.0,0.0009999999999999998,0.007035264706814484,9.11,0.7900262110470857,2.48,1.0296611191076512,7.5,1.0298573010888745,0.02,0.1407052941362897,4.47,1.4733662412340256,4.37,1.4951436537853298,15.53,1.4733662412340256,10.0,0.0,20.0,0.0,2.0,0.0,1.0,0.0,3.13,1.5219272736443836
306.0,306.0,100,3.35,1.4932508094081116,0.1675,0.07466254047040558,0.8325,0.07466254047040558,0.0,0.0,0.0009999999999999998,0.007035264706814485,9.11,0.7900262110470857,2.46,1.048519880304584,7.52,1.0490977364412053,0.02,0.1407052941362897,4.45,1.486470975026408,4.35,1.5067189585991212,15.55,1.4864709750264078,10.0,0.0,20.0,0.0,2.0,0.0,1.0,0.0,3.13,1.5219272736443836
307.0,307.0,100,3.34,1.4854173307406395,0.16699999999999998,0.07427086653703198,0.833,0.07427086653703198,0.0,0.0,0.0004999999999999999,0.004999999999999998,9.12,0.7821235015757879,2.46,1.048519880304584,7.52,1.0490977364412053,0.02,0.1407052941362897,4.44,1.486097186756253,4.35,1.5067189585991212,15.56,1.486097186756253,10.0,0.0,20.0,0.0,2.0,0.0,1.0,0.0,3.13,1.5219272736443836
308.0,308.0,100,3.32,1.462528597665666,0.166,0.07312642988328327,0.8340000000000001,0.07312642988328329,0.0,0.0,0.0009999999999999998,0.009999999999999997,9.13,0.7740096311357557,2.45,1.03840398125336,7.53,1.0391818848974372,0.02,0.1407052941362897,4.43,1.471994455413361,4.34,1.5123732103130918,15.57,1.471994455413361,10.0,0.0,20.0,0.0,2.0,0.0,1.0,0.0,3.13,1.5219272736443836
309.0,309.0,100,3.29,1.4445648745444688,0.16449999999999998,0.07222824372722343,0.8355,0.07222824372722343,0.0,0.0,0.0015000000000000002,0.008572330399888263,9.13,0.7740096311357557,2.42,1.0168281044205036,7.56,1.0182178925788317,0.02,0.1407052941362897,4.4,1.4564381625088383,4.33,1.4978435677784756,15.6,1.4564381625088378,10.0,0.0,20.0,0.0,2.0,0.0,1.0,0.0,3.13,1.5219272736443836
310.0,310.0,100,3.26,1.4676305372740759,0.163,0.07338152686370383,0.8370000000000001,0.07338152686370383,0.0,0.0,0.0015000000000000002,0.008572330399888266,9.14,0.7787584005740458,2.4,1.0249414863810766,7.58,1.026713891082328,0.02,0.1407052941362897,4.37,1.4747367510333786,4.31,1.4954138645413937,15.63,1.4747367510333778,10.0,0.0,20.0,0.0,2.0,0.0,1.0,0.0,3.13,1.5219272736443836
311.0,311.0,100,3.26,1.4676305372740759,0.163,0.07338152686370383,0.8370000000000001,0.07338152686370383,0.0,0.0,0.0,0.0,9.14,0.7787584005740458,2.4,1.0249414863810766,7.58,1.026713891082328,0.02,0.1407052941362897,4.37,1.4747367510333786,4.3,1.487320144461579,15.63,1.4747367510333778,10.0,0.0,20.0,0.0,2.0,0.0,1.0,0.0,3.13,1.5219272736443836
312.0,312.0,100,3.24,1.4779182738711991,0.162,0.07389591369355994,0.838,0.07389591369355995,0.0,0.0,0.0010000000000000002,0.007035264706814485,9.15,0.7833494518006403,2.39,1.0139930069688934,7.59,1.0159833769418782,0.02,0.1407052941362897,4.35,1.5000000000000002,4.28,1.4776448637728699,15.65,1.5000000000000002,10.0,0.0,20.0,0.0,2.0,0.0,1.0,0.0,3.13,1.5219272736443836
313.0,313.0,100,3.23,1.4554321792109823,0.16149999999999998,0.0727716089605491,0.8384999999999999,0.07277160896054909,0.0,0.0,0.0004999999999999999,0.004999999999999998,9.15,0.7833494518006403,2.38,0.992700632343178,7.6,0.9949366763261822,0.02,0.1407052941362897,4.34,1.4854173307406395,4.27,1.4897291462856357,15.66,1.4854173307406398,10.0,0.0,20.0,0.0,2.0,0.0,1.0,0.0,3.13,1.5219272736443836
314.0,314.0,100,3.22,1.4604551663537273,0.161,0.07302275831768636,0.8390000000000001,0.07302275831768634,0.0,0.0,0.0004999999999999999,0.0049999999999999975,9.15,0.7833494518006403,2.37,1.0015644328406,7.61,1.0039819709436009,0.02,0.1407052941362897,4.33,1.4842948875244815,4.26,1.481331642254169,15.67,1.484294887524482,10.0,0.0,20.0,0.0,2.0,0.0,1.0,0.0,3.13,1.5219272736443836
315.0,315.0,100,3.19,1.4886438815447456,0.1595,0.0744321940772373,0.8405,0.07443219407723727,0.0,0.0,0.0015000000000000002,0.011135075167680683,9.15,0.7833494518006403,2.34,1.0271073434405453,7.64,1.030053445705659,0.02,0.1407052941362897,4.31,1.4886438815447456,4.25,1.4728176802279092,15.69,1.4886438815447458,10.0,0.0,20.0,0.0,2.0,0.0,1.0,0.0,3.13,1.5219272736443836
316.0,316.0,100,3.17,1.491084616423003,0.1585,0.07455423082115012,0.8415,0.07455423082115012,0.0,0.0,0.001,0.007035264706814486,9.15,0.7833494518006403,2.32,1.013843571700678,7.66,1.0172253805069331,0.02,0.1407052941362897,4.29,1.4791138488222528,4.23,1.4484753391345013,15.71,1.479113848822253,10.0,0.0,20.0,0.0,2.0,0.0,1.0,0.0,3.13,1.5219272736443836
317.0,317.0,100,3.16,1.495582721472696,0.158,0.0747791360736348,0.8420000000000001,0.07477913607363479,0.0,0.0,0.0004999999999999999,0.004999999999999998,9.15,0.7833494518006403,2.31,1.0219312277954102,7.67,1.0254833794928915,0.02,0.1407052941362897,4.28,1.4912539635616677,4.19,1.440363309948731,15.72,1.4912539635616675,10.0,0.0,20.0,0.0,2.0,0.0,1.0,0.0,3.13,1.5219272736443836
318.0,318.0,100,3.16,1.495582721472696,0.158,0.0747791360736348,0.8420000000000001,0.07477913607363479,0.0,0.0,0.0,0.0,9.15,0.7833494518006403,2.31,1.0219312277954102,7.67,1.0254833794928915,0.02,0.1407052941362897,4.28,1.4912539635616677,4.19,1.440363309948731,15.72,1.4912539635616675,10.0,0.0,20.0,0.0,2.0,0.0,1.0,0.0,3.13,1.5219272736443836
319.0,319.0,100,3.16,1.495582721472696,0.158,0.0747791360736348,0.8420000000000001,0.07477913607363479,0.0,0.0,0.0,0.0,9.15,0.7833494518006403,2.31,1.0219312277954102,7.67,1.0254833794928915,0.02,0.1407052941362897,4.28,1.4912539635616677,4.19,1.440363309948731,15.72,1.4912539635616675,10.0,0.0,20.0,0.0,2.0,0.0,1.0,0.0,3.13,1.5219272736443836
320.0,320.0,100,3.12,1.5326744302332795,0.156,0.07663372151166399,0.8440000000000001,0.07663372151166399,0.0,0.0,0.002,0.015763402186230246,9.15,0.7833494518006403,2.27,1.0430627008860962,7.71,1.0473149893268439,0.02,0.1407052941362897,4.26,1.4881348912465748,4.19,1.440363309948731,15.74,1.4881348912465748,10.0,0.0,20.0,0.0,2.0,0.0,1.0,0.0,3.13,1.5219272736443836
321.0,321.0,100,3.1,1.5275252316519468,0.155,0.07637626158259735,0.845,0.07637626158259732,0.0,0.0,0.0010000000000000002,0.0070352647068144866,9.15,0.7833494518006403,2.25,1.0286305498481019,7.73,1.0333333333333332,0.02,0.1407052941362897,4.24,1.4779182738711987,4.16,1.4264457489675082,15.76,1.4779182738711996,10.0,0.0,20.0,0.0,2.0,0.0,1.0,0.0,3.13,1.5219272736443836
322.0,322.0,100,3.1,1.5275252316519468,0.155,0.07637626158259735,0.845,0.07637626158259732,0.0,0.0,0.0,0.0,9.15,0.7833494518006403,2.25,1.0286305498481019,7.73,1.0333333333333332,0.02,0.1407052941362897,4.24,1.4779182738711987,4.13,1.4540434739863952,15.76,1.4779182738711996,10.0,0.0,20.0,0.0,2.0,0.0,1.0,0.0,3.13,1.5219272736443836
323.0,323.0,100,3.1,1.5275252316519468,0.155,0.07637626158259735,0.845,0.07637626158259732,0.0,0.0,0.0,0.0,9.15,0.7833494518006403,2.25,1.0286305498481019,7.73,1.0333333333333332,0.02,0.1407052941362897,4.24,1.4779182738711987,4.11,1.4417651919389887,15.76,1.4779182738711996,10.0,0.0,20.0,0.0,2.0,0.0,1.0,0.0,3.13,1.5219272736443836
324.0,324.0,100,3.09,1.531454712145787,0.1545,0.07657273560728935,0.8454999999999999,0.07657273560728935,0.0,0.0,0.0004999999999999999,0.0049999999999999975,9.16,0.7877855422677296,2.25,1.0286305498481019,7.73,1.0333333333333332,0.02,0.1407052941362897,4.23,1.4692470414082408,4.11,1.4417651919389887,15.77,1.4692470414082406,10.0,0.0,20.0,0.0,2.0,0.0,1.0,0.0,3.13,1.5219272736443836
325.0,325.0,100,3.05,1.5067189585991212,0.1525,0.07533594792995607,0.8475,0.07533594792995606,0.0,0.0,0.0019999999999999996,0.009847319278346617,9.17,0.7792122414154675,2.22,1.0108502271940099,7.76,1.0062431378773484,0.02,0.1407052941362897,4.19,1.4473591416260456,4.11,1.4417651919389887,15.81,1.4473591416260456,10.0,0.0,20.0,0.0,2.0,0.0,1.0,0.0,3.13,1.5219272736443836
326.0,326.0,100,3.03,1.5403987415043814,0.1515,0.07701993707521906,0.8484999999999999,0.07701993707521909,0.0,0.0,0.001,0.007035264706814485,9.17,0.7792122414154675,2.2,1.044465935734187,7.78,1.0403961949297211,0.02,0.1407052941362897,4.17,1.470621390000592,4.1,1.4319584667528071,15.83,1.470621390000592,10.0,0.0,20.0,0.0,2.0,0.0,1.0,0.0,3.13,1.5219272736443836
327.0,327.0,100,3.0,1.5569978883230458,0.15,0.07784989441615227,0.85,0.07784989441615228,0.0,0.0,0.0015000000000000002,0.008572330399888264,9.19,0.7874649262672023,2.19,1.041512109745957,7.79,1.0376254944182255,0.02,0.1407052941362897,4.14,1.456576864300735,4.08,1.4332276211898145,15.86,1.4565768643007353,10.0,0.0,20.0,0.0,2.0,0.0,1.0,0.0,3.13,1.5219272736443836
328.0,328.0,100,3.0,1.5569978883230458,0.15,0.07784989441615227,0.85,0.07784989441615228,0.0,0.0,0.0,0.0,9.19,0.7874649262672023,2.19,1.041512109745957,7.79,1.0376254944182255,0.02,0.1407052941362897,4.14,1.456576864300735,4.07,1.4302291968616623,15.86,1.4565768643007353,10.0,0.0,20.0,0.0,2.0,0.0,1.0,0.0,3.13,1.5219272736443836
329.0,329.0,100,3.0,1.5569978883230458,0.15,0.07784989441615227,0.85,0.07784989441615228,0.0,0.0,0.0,0.0,9.19,0.7874649262672023,2.19,1.041512109745957,7.79,1.0376254944182255,0.02,0.1407052941362897,4.14,1.456576864300735,4.05,1.4310764472870756,15.86,1.4565768643007353,10.0,0.0,20.0,0.0,2.0,0.0,1.0,0.0,3.13,1.5219272736443836
330.0,330.0,100,3.0,1.5569978883230458,0.15,0.07784989441615227,0.85,0.07784989441615228,0.0,0.0,0.0,0.0,9.19,0.7874649262672023,2.19,1.041512109745957,7.79,1.0376254944182255,0.02,0.1407052941362897,4.14,1.456576864300735,4.03,1.4456832294800956,15.86,1.4565768643007353,10.0,0.0,20.0,0.0,2.0,0.0,1.0,0.0,3.13,1.5219272736443836
331.0,331.0,100,3.0,1.5569978883230458,0.15,0.07784989441615227,0.85,0.07784989441615228,0.0,0.0,0.0,0.0,9.19,0.7874649262672023,2.19,1.041512109745957,7.79,1.0376254944182255,0.02,0.1407052941362897,4.14,1.456576864300735,4.03,1.4456832294800956,15.86,1.4565768643007353,10.0,0.0,20.0,0.0,2.0,0.0,1.0,0.0,3.13,1.5219272736443836
332.0,332.0,100,2.99,1.5537182511769643,0.1495,0.07768591255884821,0.8504999999999999,0.0776859125588482,0.0,0.0,0.0005000000000000001,0.005000000000000001,9.2,0.7913675671030665,2.19,1.041512109745957,7.79,1.0376254944182255,0.02,0.1407052941362897,4.13,1.4609738000540753,4.02,1.4423605791909453,15.87,1.4609738000540753,10.0,0.0,20.0,0.0,2.0,0.0,1.0,0.0,3.13,1.5219272736443836
333.0,333.0,100,2.96,1.5694044421468618,0.14800000000000002,0.07847022210734313,0.852,0.07847022210734311,0.0,0.0,0.0015,0.008572330399888264,9.21,0.7951240294584377,2.17,1.0641542380802902,7.81,1.0607315943024964,0.02,0.1407052941362897,4.1,1.459901753993443,4.01,1.4529315541380816,15.9,1.4599017539934434,10.0,0.0,20.0,0.0,2.0,0.0,1.0,0.0,3.13,1.5219272736443836
334.0,334.0,100,2.95,1.585126576216001,0.1475,0.07925632881080005,0.8525,0.07925632881080004,0.0,0.0,0.0005,0.004999999999999998,9.21,0.7951240294584377,2.16,1.0798428617445253,7.82,1.0766577539738054,0.02,0.1407052941362897,4.09,1.4708961056224716,4.01,1.4529315541380816,15.91,1.4708961056224716,10.0,0.0,20.0,0.0,2.0,0.0,1.0,0.0,3.13,1.5219272736443836
335.0,335.0,100,2.95,1.585126576216001,0.1475,0.07925632881080005,0.8525,0.07925632881080004,0.0,0.0,0.0,0.0,9.21,0.7951240294584377,2.16,1.0798428617445253,7.82,1.0766577539738054,0.02,0.1407052941362897,4.09,1.4708961056224716,4.01,1.4529315541380816,15.91,1.4708961056224716,10.0,0.0,20.0,0.0,2.0,0.0,1.0,0.0,3.13,1.5219272736443836
336.0,336.0,100,2.92,1.5806915760469715,0.146,0.07903457880234857,0.8540000000000001,0.07903457880234857,0.0,0.0,0.0015000000000000002,0.011135075167680681,9.22,0.798736375771004,2.14,1.0638219642953288,7.84,1.0609696346533983,0.02,0.1407052941362897,4.06,1.4621141466307537,4.01,1.4529315541380816,15.94,1.4621141466307546,10.0,0.0,20.0,0.0,2.0,0.0,1.0,0.0,3.13,1.5219272736443836
337.0,337.0,100,2.9,1.5731330124142315,0.145,0.07865665062071156,0.855,0.07865665062071156,0.0,0.0,0.0009999999999999998,0.007035264706814484,9.23,0.7895146188218006,2.13,1.069834311725631,7.85,1.067187372905475,0.02,0.1407052941362897,4.04,1.4696938456699065,4.0,1.4633571475938951,15.96,1.4696938456699065,10.0,0.0,20.0,0.0,2.0,0.0,1.0,0.0,3.13,1.5219272736443836
338.0,338.0,100,2.89,1.5756672468282358,0.1445,0.07878336234141178,0.8554999999999999,0.07878336234141178,0.0,0.0,0.0004999999999999999,0.004999999999999998,9.24,0.7928977668570323,2.13,1.069834311725631,7.85,1.067187372905475,0.02,0.1407052941362897,4.03,1.4664944802507984,3.98,1.4562994475066182,15.97,1.4664944802507984,10.0,0.0,20.0,0.0,2.0,0.0,1.0,0.0,3.13,1.5219272736443836
339.0,339.0,100,2.88,1.5523198670689522,0.14400000000000002,0.0776159933534476,0.856,0.07761599335344761,0.0,0.0,0.0004999999999999999,0.004999999999999998,9.25,0.7703468981143127,2.13,1.069834311725631,7.85,1.067187372905475,0.02,0.1407052941362897,4.02,1.449346770309321,3.96,1.4489285487538504,15.98,1.4493467703093208,10.0,0.0,20.0,0.0,2.0,0.0,1.0,0.0,3.13,1.5219272736443836
340.0,340.0,100,2.88,1.5523198670689522,0.14400000000000002,0.0776159933534476,0.856,0.07761599335344761,0.0,0.0,0.0,0.0,9.25,0.7703468981143127,2.13,1.069834311725631,7.85,1.067187372905475,0.02,0.1407052941362897,4.02,1.449346770309321,3.96,1.4489285487538504,15.98,1.4493467703093208,10.0,0.0,20.0,0.0,2.0,0.0,1.0,0.0,3.13,1.5219272736443836
341.0,341.0,100,2.86,1.5506271132817344,0.14300000000000002,0.07753135566408673,0.857,0.07753135566408671,0.0,0.0,0.001,0.007035264706814485,9.25,0.7703468981143127,2.11,1.0626344240574548,7.87,1.060350618589641,0.02,0.1407052941362897,4.0,1.4633571475938951,3.95,1.4451241601965688,16.0,1.4633571475938953,10.0,0.0,20.0,0.0,2.0,0.0,1.0,0.0,3.13,1.5219272736443836
342.0,342.0,100,2.86,1.5506271132817344,0.14300000000000002,0.07753135566408673,0.857,0.07753135566408671,0.0,0.0,0.0,0.0,9.25,0.7703468981143127,2.11,1.0626344240574548,7.87,1.060350618589641,0.02,0.1407052941362897,4.0,1.4633571475938951,3.93,1.458205622113574,16.0,1.4633571475938953,10.0,0.0,20.0,0.0,2.0,0.0,1.0,0.0,3.13,1.5219272736443836
343.0,343.0,100,2.85,1.5398740601789878,0.1425,0.07699370300894941,0.8575,0.07699370300894941,0.0,0.0,0.0004999999999999999,0.0049999999999999975,9.25,0.7703468981143127,2.1,1.0588730430094635,7.88,1.056772291824344,0.02,0.1407052941362897,3.99,1.4598671587552485,3.92,1.447254453973265,16.01,1.4598671587552485,10.0,0.0,20.0,0.0,2.0,0.0,1.0,0.0,3.13,1.5219272736443836
344.0,344.0,100,2.85,1.5398740601789878,0.1425,0.07699370300894941,0.8575,0.07699370300894941,0.0,0.0,0.0,0.0,9.25,0.7703468981143127,2.1,1.0588730430094635,7.88,1.056772291824344,0.02,0.1407052941362897,3.99,1.4598671587552485,3.92,1.447254453973265,16.01,1.4598671587552485,10.0,0.0,20.0,0.0,2.0,0.0,1.0,0.0,3.13,1.5219272736443836
345.0,345.0,100,2.85,1.5398740601789878,0.1425,0.07699370300894941,0.8575,0.07699370300894941,0.0,0.0,0.0,0.0,9.25,0.7703468981143127,2.1,1.0588730430094635,7.88,1.056772291824344,0.02,0.1407052941362897,3.99,1.4598671587552485,3.92,1.447254453973265,16.01,1.4598671587552485,10.0,0.0,20.0,0.0,2.0,0.0,1.0,0.0,3.13,1.5219272736443836
346.0,346.0,100,2.83,1.5508550916031822,0.14150000000000001,0.07754275458015912,0.8584999999999999,0.0775427545801591,0.0,0.0,0.001,0.007035264706814482,9.25,0.7703468981143127,2.08,1.060588744447387,7.9,1.0588730430094633,0.02,0.1407052941362897,3.97,1.4733662412340256,3.91,1.436149453408402,16.03,1.4733662412340256,10.0,0.0,20.0,0.0,2.0,0.0,1.0,0.0,3.13,1.5219272736443836
347.0,347.0,100,2.83,1.5508550916031822,0.14150000000000001,0.07754275458015912,0.8584999999999999,0.0775427545801591,0.0,0.0,0.0,0.0,9.25,0.7703468981143127,2.08,1.060588744447387,7.9,1.0588730430094633,0.02,0.1407052941362897,3.97,1.4733662412340256,3.89,1.4487542541400489,16.03,1.4733662412340256,10.0,0.0,20.0,0.0,2.0,0.0,1.0,0.0,3.13,1.5219272736443836
348.0,348.0,100,2.81,1.5354070299027378,0.1405,0.07677035149513689,0.8595,0.0767703514951369,0.0,0.0,0.001,0.007035264706814485,9.27,0.7501514998500455,2.08,1.060588744447387,7.9,1.0588730430094633,0.02,0.1407052941362897,3.95,1.4659433478105142,3.87,1.4470799577218965,16.05,1.4659433478105146,10.0,0.0,20.0,0.0,2.0,0.0,1.0,0.0,3.13,1.5219272736443836
349.0,349.0,100,2.8,1.5308279927654649,0.14,0.07654139963827326,0.86,0.07654139963827326,0.0,0.0,0.0005000000000000001,0.005000000000000001,9.28,0.7531750973530174,2.08,1.060588744447387,7.9,1.0588730430094633,0.02,0.1407052941362897,3.94,1.462114146630754,3.85,1.4168894655461863,16.06,1.4621141466307543,10.0,0.0,20.0,0.0,2.0,0.0,1.0,0.0,3.13,1.5219272736443836
350.0,350.0,100,2.79,1.5327732837552783,0.13949999999999999,0.07663866418776394,0.8604999999999999,0.07663866418776391,0.0,0.0,0.0004999999999999999,0.004999999999999998,9.28,0.7531750973530174,2.07,1.05653330579903,7.91,1.0550025132815102,0.02,0.1407052941362897,3.93,1.4512620770080142,3.83,1.3930201184853903,16.07,1.4512620770080142,10.0,0.0,20.0,0.0,2.0,0.0,1.0,0.0,3.13,1.5219272736443836
351.0,351.0,100,2.76,1.5316195956759582,0.138,0.07658097978379791,0.862,0.07658097978379791,0.0,0.0,0.0014999999999999996,0.008572330399888264,9.29,0.7560530150830439,2.05,1.0480862791225007,7.93,1.0469291313458644,0.02,0.1407052941362897,3.9,1.4599017539934431,3.82,1.388116957200901,16.1,1.4599017539934427,10.0,0.0,20.0,0.0,2.0,0.0,1.0,0.0,3.13,1.5219272736443836
352.0,352.0,100,2.75,1.5134080878613145,0.1375,0.07567040439306572,0.8625,0.0756704043930657,0.0,0.0,0.0004999999999999999,0.004999999999999998,9.29,0.7560530150830439,2.04,1.033968524226395,7.94,1.0329911456884358,0.02,0.1407052941362897,3.89,1.4487542541400489,3.82,1.388116957200901,16.11,1.4487542541400482,10.0,0.0,20.0,0.0,2.0,0.0,1.0,0.0,3.13,1.5219272736443836
353.0,353.0,100,2.73,1.5099334388968906,0.1365,0.07549667194484452,0.8634999999999999,0.07549667194484451,0.0,0.0,0.001,0.007035264706814485,9.3,0.7453559924999296,2.03,1.0391818848974372,7.95,1.0384039812533599,0.02,0.1407052941362897,3.87,1.4470799577218962,3.82,1.388116957200901,16.13,1.4470799577218958,10.0,0.0,20.0,0.0,2.0,0.0,1.0,0.0,3.13,1.5219272736443836
354.0,354.0,100,2.73,1.5099334388968906,0.1365,0.07549667194484452,0.8634999999999999,0.07549667194484451,0.0,0.0,0.0,0.0,9.3,0.7453559924999296,2.03,1.0391818848974372,7.95,1.0384039812533599,0.02,0.1407052941362897,3.87,1.4470799577218962,3.82,1.388116957200901,16.13,1.4470799577218958,10.0,0.0,20.0,0.0,2.0,0.0,1.0,0.0,3.13,1.5219272736443836
355.0,355.0,100,2.72,1.4980121508320297,0.136,0.07490060754160151,0.8640000000000001,0.0749006075416015,0.0,0.0,0.0004999999999999999,0.0049999999999999975,9.3,0.7453559924999296,2.02,1.0345545081352796,7.96,1.0339685242263952,0.02,0.1407052941362897,3.86,1.442640676402867,3.8,1.407052941362897,16.14,1.4426406764028668,10.0,0.0,20.0,0.0,2.0,0.0,1.0,0.0,3.13,1.5219272736443836
356.0,356.0,100,2.72,1.4980121508320297,0.136,0.07490060754160151,0.8640000000000001,0.0749006075416015,0.0,0.0,0.0,0.0,9.3,0.7453559924999296,2.02,1.0345545081352796,7.96,1.0339685242263952,0.02,0.1407052941362897,3.86,1.442640676402867,3.8,1.407052941362897,16.14,1.4426406764028668,10.0,0.0,20.0,0.0,2.0,0.0,1.0,0.0,3.13,1.5219272736443836
357.0,357.0,100,2.72,1.4980121508320297,0.136,0.07490060754160151,0.8640000000000001,0.0749006075416015,0.0,0.0,0.0,0.0,9.3,0.7453559924999296,2.02,1.0345545081352796,7.96,1.0339685242263952,0.02,0.1407052941362897,3.86,1.442640676402867,3.8,1.407052941362897,16.14,1.4426406764028668,10.0,0.0,20.0,0.0,2.0,0.0,1.0,0.0,3.13,1.5219272736443836
358.0,358.0,100,2.71,1.4927095558687289,0.1355,0.07463547779343646,0.8645,0.07463547779343645,0.0,0.0,0.0005000000000000001,0.005000000000000002,9.31,0.7479939501726928,2.02,1.0345545081352796,7.96,1.0339685242263952,0.02,0.1407052941362897,3.85,1.4451241601965688,3.8,1.407052941362897,16.15,1.4451241601965688,10.0,0.0,20.0,0.0,2.0,0.0,1.0,0.0,3.13,1.5219272736443836
359.0,359.0,100,2.68,1.4966629547095764,0.134,0.07483314773547883,0.866,0.0748331477354788,0.0,0.0,0.0015000000000000002,0.008572330399888266,9.32,0.7369058983549408,2.0,1.034749762361447,7.98,1.0345545081352796,0.02,0.1407052941362897,3.82,1.4311117385029053,3.8,1.407052941362897,16.18,1.4311117385029055,10.0,0.0,20.0,0.0,2.0,0.0,1.0,0.0,3.13,1.5219272736443836
360.0,360.0,100,2.67,1.4910846164230025,0.1335,0.07455423082115013,0.8665,0.07455423082115012,0.0,0.0,0.0005000000000000001,0.005,9.33,0.7255092255537735,2.0,1.034749762361447,7.98,1.0345545081352796,0.02,0.1407052941362897,3.81,1.4333333333333336,3.8,1.407052941362897,16.19,1.4333333333333342,10.0,0.0,20.0,0.0,2.0,0.0,1.0,0.0,3.13,1.5219272736443836
361.0,361.0,100,2.67,1.4910846164230025,0.1335,0.07455423082115013,0.8665,0.07455423082115012,0.0,0.0,0.0,0.0,9.33,0.7255092255537735,2.0,1.034749762361447,7.98,1.0345545081352796,0.02,0.1407052941362897,3.81,1.4333333333333336,3.78,1.396821789317131,16.19,1.4333333333333342,10.0,0.0,20.0,0.0,2.0,0.0,1.0,0.0,3.13,1.5219272736443836
362.0,362.0,100,2.67,1.4910846164230025,0.1335,0.07455423082115013,0.8665,0.07455423082115012,0.0,0.0,0.0,0.0,9.33,0.7255092255537735,2.0,1.034749762361447,7.98,1.0345545081352796,0.02,0.1407052941362897,3.81,1.4333333333333336,3.78,1.396821789317131,16.19,1.4333333333333342,10.0,0.0,20.0,0.0,2.0,0.0,1.0,0.0,3.13,1.5219272736443836
363.0,363.0,100,2.67,1.4910846164230025,0.1335,0.07455423082115013,0.8665,0.07455423082115012,0.0,0.0,0.0,0.0,9.33,0.7255092255537735,2.0,1.034749762361447,7.98,1.0345545081352796,0.02,0.1407052941362897,3.81,1.4333333333333336,3.78,1.396821789317131,16.19,1.4333333333333342,10.0,0.0,20.0,0.0,2.0,0.0,1.0,0.0,3.13,1.5219272736443836
364.0,364.0,100,2.67,1.4910846164230025,0.1335,0.07455423082115013,0.8665,0.07455423082115012,0.0,0.0,0.0,0.0,9.33,0.7255092255537735,2.0,1.034749762361447,7.98,1.0345545081352796,0.02,0.1407052941362897,3.81,1.4333333333333336,3.78,1.396821789317131,16.19,1.4333333333333342,10.0,0.0,20.0,0.0,2.0,0.0,1.0,0.0,3.13,1.5219272736443836
365.0,365.0,100,2.65,1.472817680227909,0.1325,0.07364088401139546,0.8675,0.07364088401139544,0.0,0.0,0.0009999999999999998,0.007035264706814483,9.33,0.7255092255537735,1.98,1.0247443632931141,8.0,1.0150384378451047,0.02,0.1407052941362897,3.79,1.3947593109040484,3.78,1.396821789317131,16.21,1.3947593109040486,10.0,0.0,20.0,0.0,2.0,0.0,1.0,0.0,3.13,1.5219272736443836
366.0,366.0,100,2.65,1.472817680227909,0.1325,0.07364088401139546,0.8675,0.07364088401139544,0.0,0.0,0.0,0.0,9.33,0.7255092255537735,1.98,1.0247443632931141,8.0,1.0150384378451047,0.02,0.1407052941362897,3.79,1.3947593109040484,3.78,1.396821789317131,16.21,1.3947593109040486,10.0,0.0,20.0,0.0,2.0,0.0,1.0,0.0,3.13,1.5219272736443836
367.0,367.0,100,2.65,1.472817680227909,0.1325,0.07364088401139546,0.8675,0.07364088401139544,0.0,0.0,0.0,0.0,9.33,0.7255092255537735,1.98,1.0247443632931141,8.0,1.0150384378451047,0.02,0.1407052941362897,3.79,1.3947593109040484,3.78,1.396821789317131,16.21,1.3947593109040486,10.0,0.0,20.0,0.0,2.0,0.0,1.0,0.0,3.13,1.5219272736443836
368.0,368.0,100,2.65,1.472817680227909,0.1325,0.07364088401139546,0.8675,0.07364088401139544,0.0,0.0,0.0,0.0,9.33,0.7255092255537735,1.98,1.0247443632931141,8.0,1.0150384378451047,0.02,0.1407052941362897,3.79,1.3947593109040484,3.78,1.396821789317131,16.21,1.3947593109040486,10.0,0.0,20.0,0.0,2.0,0.0,1.0,0.0,3.13,1.5219272736443836
369.0,369.0,100,2.65,1.472817680227909,0.1325,0.07364088401139546,0.8675,0.07364088401139544,0.0,0.0,0.0,0.0,9.33,0.7255092255537735,1.98,1.0247443632931141,8.0,1.0150384378451047,0.02,0.1407052941362897,3.79,1.3947593109040484,3.78,1.396821789317131,16.21,1.3947593109040486,10.0,0.0,20.0,0.0,2.0,0.0,1.0,0.0,3.13,1.5219272736443836
370.0,370.0,100,2.65,1.472817680227909,0.1325,0.07364088401139546,0.8675,0.07364088401139544,0.0,0.0,0.0,0.0,9.33,0.7255092255537735,1.98,1.0247443632931141,8.0,1.0150384378451047,0.02,0.1407052941362897,3.79,1.3947593109040484,3.77,1.3988090172238192,16.21,1.3947593109040486,10.0,0.0,20.0,0.0,2.0,0.0,1.0,0.0,3.13,1.5219272736443836
371.0,371.0,100,2.64,1.4669421228934674,0.132,0.07334710614467335,0.868,0.07334710614467335,0.0,0.0,0.0005000000000000001,0.005000000000000002,9.34,0.7278028371042323,1.98,1.0247443632931141,8.0,1.0150384378451047,0.02,0.1407052941362897,3.78,1.396821789317131,3.77,1.3988090172238192,16.22,1.3968217893171313,10.0,0.0,20.0,0.0,2.0,0.0,1.0,0.0,3.13,1.5219272736443836
372.0,372.0,100,2.64,1.4669421228934674,0.132,0.07334710614467335,0.868,0.07334710614467335,0.0,0.0,0.0,0.0,9.34,0.7278028371042323,1.98,1.0247443632931141,8.0,1.0150384378451047,0.02,0.1407052941362897,3.78,1.396821789317131,3.76,1.400721314901791,16.22,1.3968217893171313,10.0,0.0,20.0,0.0,2.0,0.0,1.0,0.0,3.13,1.5219272736443836
373.0,373.0,100,2.64,1.4669421228934674,0.132,0.07334710614467335,0.868,0.07334710614467335,0.0,0.0,0.0,0.0,9.34,0.7278028371042323,1.98,1.0247443632931141,8.0,1.0150384378451047,0.02,0.1407052941362897,3.78,1.396821789317131,3.76,1.400721314901791,16.22,1.3968217893171313,10.0,0.0,20.0,0.0,2.0,0.0,1.0,0.0,3.13,1.5219272736443836
374.0,374.0,100,2.64,1.4669421228934674,0.132,0.07334710614467335,0.868,0.07334710614467335,0.0,0.0,0.0,0.0,9.34,0.7278028371042323,1.98,1.0247443632931141,8.0,1.0150384378451047,0.02,0.1407052941362897,3.78,1.396821789317131,3.74,1.4043223319883553,16.22,1.3968217893171313,10.0,0.0,20.0,0.0,2.0,0.0,1.0,0.0,3.13,1.5219272736443836
375.0,375.0,100,2.64,1.4669421228934674,0.132,0.07334710614467335,0.868,0.07334710614467335,0.0,0.0,0.0,0.0,9.34,0.7278028371042323,1.98,1.0247443632931141,8.0,1.0150384378451047,0.02,0.1407052941362897,3.78,1.396821789317131,3.74,1.4043223319883553,16.22,1.3968217893171313,10.0,0.0,20.0,0.0,2.0,0.0,1.0,0.0,3.13,1.5219272736443836
376.0,376.0,100,2.63,1.4747367510333786,0.1315,0.07373683755166893,0.8684999999999999,0.0737368375516689,0.0,0.0,0.0005,0.004999999999999998,9.34,0.7278028371042323,1.97,1.029415839054835,8.01,1.0199524647271703,0.02,0.1407052941362897,3.77,1.3988090172238195,3.72,1.400432833524022,16.23,1.3988090172238192,10.0,0.0,20.0,0.0,2.0,0.0,1.0,0.0,3.13,1.5219272736443836
377.0,377.0,100,2.63,1.4747367510333786,0.1315,0.07373683755166893,0.8684999999999999,0.0737368375516689,0.0,0.0,0.0,0.0,9.34,0.7278028371042323,1.97,1.029415839054835,8.01,1.0199524647271703,0.02,0.1407052941362897,3.77,1.3988090172238195,3.71,1.4019827229875395,16.23,1.3988090172238192,10.0,0.0,20.0,0.0,2.0,0.0,1.0,0.0,3.13,1.5219272736443836
378.0,378.0,100,2.61,1.4832056465301735,0.1305,0.07416028232650868,0.8695,0.07416028232650866,0.0,0.0,0.001,0.007035264706814483,9.34,0.7278028371042323,1.95,1.0286305498481016,8.03,1.0195562512656913,0.02,0.1407052941362897,3.75,1.4025589888385148,3.71,1.4019827229875395,16.25,1.4025589888385148,10.0,0.0,20.0,0.0,2.0,0.0,1.0,0.0,3.13,1.5219272736443836
379.0,379.0,100,2.61,1.4832056465301735,0.1305,0.07416028232650868,0.8695,0.07416028232650866,0.0,0.0,0.0,0.0,9.34,0.7278028371042323,1.95,1.0286305498481016,8.03,1.0195562512656913,0.02,0.1407052941362897,3.75,1.4025589888385148,3.71,1.4019827229875395,16.25,1.4025589888385148,10.0,0.0,20.0,0.0,2.0,0.0,1.0,0.0,3.13,1.5219272736443836
380.0,380.0,100,2.59,1.4845670729001752,0.1295,0.07422835364500875,0.8704999999999999,0.07422835364500874,0.0,0.0,0.0010000000000000002,0.0070352647068144866,9.34,0.7278028371042323,1.93,1.0274514906585936,8.03,1.0195562512656913,0.04,0.24287836253956216,3.73,1.4060116240162055,3.7,1.3962431555767605,16.27,1.4060116240162055,10.0,0.0,20.0,0.0,2.0,0.0,1.0,0.0,3.13,1.5219272736443836
381.0,381.0,100,2.58,1.47832829420753,0.129,0.0739164147103765,0.871,0.07391641471037651,0.0,0.0,0.0005000000000000001,0.005,9.34,0.7278028371042323,1.92,1.0217829534888532,8.05,1.0087996667707457,0.03,0.1714466079977653,3.73,1.406011624016205,3.69,1.3831233867700679,16.27,1.4060116240162048,10.0,0.0,20.0,0.0,2.0,0.0,1.0,0.0,3.13,1.5219272736443836
382.0,382.0,100,2.58,1.47832829420753,0.129,0.0739164147103765,0.871,0.07391641471037651,0.0,0.0,0.0,0.0,9.34,0.7278028371042323,1.92,1.0217829534888532,8.05,1.0087996667707457,0.03,0.1714466079977653,3.73,1.406011624016205,3.7,1.381698559415515,16.27,1.4060116240162048,10.0,0.0,20.0,0.0,2.0,0.0,1.0,0.0,3.13,1.5219272736443836
383.0,383.0,100,2.58,1.47832829420753,0.129,0.0739164147103765,0.871,0.07391641471037651,0.0,0.0,0.0,0.0,9.34,0.7278028371042323,1.92,1.0217829534888532,8.05,1.0087996667707457,0.03,0.1714466079977653,3.73,1.406011624016205,3.7,1.381698559415515,16.27,1.4060116240162048,10.0,0.0,20.0,0.0,2.0,0.0,1.0,0.0,3.13,1.5219272736443836
384.0,384.0,100,2.57,1.4788406597634838,0.1285,0.07394203298817421,0.8715,0.0739420329881742,0.0,0.0,0.0004999999999999999,0.004999999999999998,9.34,0.7278028371042323,1.91,1.025877303786492,8.06,1.0132456102380443,0.03,0.1714466079977653,3.72,1.400432833524022,3.7,1.381698559415515,16.28,1.4004328335240217,10.0,0.0,20.0,0.0,2.0,0.0,1.0,0.0,3.13,1.5219272736443836
385.0,385.0,100,2.57,1.4788406597634838,0.1285,0.07394203298817421,0.8715,0.0739420329881742,0.0,0.0,0.0,0.0,9.34,0.7278028371042323,1.91,1.025877303786492,8.06,1.0132456102380443,0.03,0.1714466079977653,3.72,1.400432833524022,3.69,1.3758009604693124,16.28,1.4004328335240217,10.0,0.0,20.0,0.0,2.0,0.0,1.0,0.0,3.13,1.5219272736443836
386.0,386.0,100,2.56,1.479284566364034,0.128,0.07396422831820171,0.872,0.07396422831820171,0.0,0.0,0.0004999999999999999,0.004999999999999999,9.35,0.7299508769967213,1.91,1.025877303786492,8.06,1.0132456102380443,0.03,0.1714466079977653,3.71,1.394759310904048,3.69,1.3758009604693124,16.29,1.3947593109040477,10.0,0.0,20.0,0.0,2.0,0.0,1.0,0.0,3.13,1.5219272736443836
387.0,387.0,100,2.56,1.479284566364034,0.128,0.07396422831820171,0.872,0.07396422831820171,0.0,0.0,0.0,0.0,9.35,0.7299508769967213,1.91,1.025877303786492,8.06,1.0132456102380443,0.03,0.1714466079977653,3.71,1.394759310904048,3.68,1.3771585444550885,16.29,1.3947593109040477,10.0,0.0,20.0,0.0,2.0,0.0,1.0,0.0,3.13,1.5219272736443836
388.0,388.0,100,2.56,1.479284566364034,0.128,0.07396422831820171,0.872,0.07396422831820171,0.0,0.0,0.0,0.0,9.35,0.7299508769967213,1.91,1.025877303786492,8.06,1.0132456102380443,0.03,0.1714466079977653,3.71,1.394759310904048,3.68,1.3771585444550885,16.29,1.3947593109040477,10.0,0.0,20.0,0.0,2.0,0.0,1.0,0.0,3.13,1.5219272736443836
389.0,389.0,100,2.56,1.479284566364034,0.128,0.07396422831820171,0.872,0.07396422831820171,0.0,0.0,0.0,0.0,9.35,0.7299508769967213,1.91,1.025877303786492,8.06,1.0132456102380443,0.03,0.1714466079977653,3.71,1.394759310904048,3.68,1.3771585444550885,16.29,1.3947593109040477,10.0,0.0,20.0,0.0,2.0,0.0,1.0,0.0,3.13,1.5219272736443836
390.0,390.0,100,2.56,1.479284566364034,0.128,0.07396422831820171,0.872,0.07396422831820171,0.0,0.0,0.0,0.0,9.35,0.7299508769967213,1.91,1.025877303786492,8.06,1.0132456102380443,0.03,0.1714466079977653,3.71,1.394759310904048,3.67,1.3710940849916138,16.29,1.3947593109040477,10.0,0.0,20.0,0.0,2.0,0.0,1.0,0.0,3.13,1.5219272736443836
391.0,391.0,100,2.54,1.4593481317687602,0.127,0.07296740658843799,0.873,0.072967406588438,0.0,0.0,0.0009999999999999998,0.007035264706814483,9.36,0.7180219742846004,1.9,1.0298573010888745,8.07,1.0175728698498923,0.03,0.1714466079977653,3.69,1.3831233867700679,3.66,1.3575081151979473,16.31,1.3831233867700674,10.0,0.0,20.0,0.0,2.0,0.0,1.0,0.0,3.13,1.5219272736443836
392.0,392.0,100,2.54,1.4593481317687602,0.127,0.07296740658843799,0.873,0.072967406588438,0.0,0.0,0.0,0.0,9.36,0.7180219742846004,1.9,1.0298573010888745,8.07,1.0175728698498923,0.03,0.1714466079977653,3.69,1.3831233867700679,3.64,1.3522894914502845,16.31,1.3831233867700674,10.0,0.0,20.0,0.0,2.0,0.0,1.0,0.0,3.13,1.5219272736443836
393.0,393.0,100,2.54,1.4593481317687602,0.127,0.07296740658843799,0.873,0.072967406588438,0.0,0.0,0.0,0.0,9.36,0.7180219742846004,1.9,1.0298573010888745,8.07,1.0175728698498923,0.03,0.1714466079977653,3.69,1.3831233867700679,3.64,1.3522894914502845,16.31,1.3831233867700674,10.0,0.0,20.0,0.0,2.0,0.0,1.0,0.0,3.13,1.5219272736443836
394.0,394.0,100,2.54,1.4593481317687602,0.127,0.07296740658843799,0.873,0.072967406588438,0.0,0.0,0.0,0.0,9.36,0.7180219742846004,1.9,1.0298573010888745,8.07,1.0175728698498923,0.03,0.1714466079977653,3.69,1.3831233867700679,3.64,1.3522894914502845,16.31,1.3831233867700674,10.0,0.0,20.0,0.0,2.0,0.0,1.0,0.0,3.13,1.5219272736443836
395.0,395.0,100,2.53,1.4664944802507989,0.1265,0.07332472401253995,0.8734999999999999,0.07332472401253994,0.0,0.0,0.0005,0.004999999999999998,9.36,0.7180219742846004,1.89,1.033724266226666,8.07,1.0175728698498923,0.04,0.1969463855669324,3.68,1.3771585444550885,3.64,1.3522894914502845,16.32,1.3771585444550878,10.0,0.0,20.0,0.0,2.0,0.0,1.0,0.0,3.13,1.5219272736443836
396.0,396.0,100,2.52,1.4803766924384998,0.126,0.07401883462192498,0.8740000000000001,0.07401883462192499,0.0,0.0,0.0005,0.005,9.36,0.7180219742846004,1.88,1.0471703092456626,8.09,1.025877303786492,0.03,0.1714466079977653,3.68,1.38447379056726,3.64,1.3522894914502845,16.32,1.3844737905672593,10.0,0.0,20.0,0.0,2.0,0.0,1.0,0.0,3.13,1.5219272736443836
397.0,397.0,100,2.52,1.4803766924384998,0.126,0.07401883462192498,0.8740000000000001,0.07401883462192499,0.0,0.0,0.0,0.0,9.36,0.7180219742846004,1.88,1.0471703092456626,8.09,1.025877303786492,0.03,0.1714466079977653,3.68,1.38447379056726,3.64,1.3522894914502845,16.32,1.3844737905672593,10.0,0.0,20.0,0.0,2.0,0.0,1.0,0.0,3.13,1.5219272736443836
398.0,398.0,100,2.52,1.4803766924384998,0.126,0.07401883462192498,0.8740000000000001,0.07401883462192499,0.0,0.0,0.0,0.0,9.36,0.7180219742846004,1.88,1.0471703092456626,8.09,1.025877303786492,0.03,0.1714466079977653,3.68,1.38447379056726,3.63,1.345812810613765,16.32,1.3844737905672593,10.0,0.0,20.0,0.0,2.0,0.0,1.0,0.0,3.13,1.5219272736443836
399.0,399.0,100,2.52,1.4803766924384998,0.126,0.07401883462192498,0.8740000000000001,0.07401883462192499,0.0,0.0,0.0,0.0,9.36,0.7180219742846004,1.88,1.0471703092456626,8.09,1.025877303786492,0.03,0.1714466079977653,3.68,1.38447379056726,3.62,1.3467506724473441,16.32,1.3844737905672593,10.0,0.0,20.0,0.0,2.0,0.0,1.0,0.0,3.13,1.5219272736443836
400.0,400.0,100,2.51,1.4667699688138365,0.1255,0.07333849844069179,0.8745,0.07333849844069179,0.0,0.0,0.0004999999999999999,0.004999999999999998,9.37,0.7057484028184604,1.88,1.0471703092456626,8.09,1.025877303786492,0.03,0.1714466079977653,3.67,1.3784415149367093,3.59,1.3416031417296959,16.33,1.3784415149367089,10.0,0.0,20.0,0.0,2.0,0.0,1.0,0.0,3.13,1.5219272736443836
401.0,401.0,100,2.48,1.431817380150489,0.124,0.07159086900752444,0.8759999999999999,0.07159086900752445,0.0,0.0,0.0015,0.011135075167680687,9.37,0.7057484028184604,1.85,1.0087996667707457,8.12,0.9875998862664653,0.03,0.1714466079977653,3.65,1.358660956957105,3.56,1.3357553758987548,16.35,1.3586609569571053,10.0,0.0,20.0,0.0,2.0,0.0,1.0,0.0,3.13,1.5219272736443836
402.0,402.0,100,2.47,1.4174596710989416,0.1235,0.07087298355494707,0.8765000000000001,0.07087298355494707,0.0,0.0,0.0004999999999999999,0.004999999999999998,9.38,0.693111852736656,1.85,1.0087996667707457,8.12,0.9875998862664653,0.03,0.1714466079977653,3.64,1.3522894914502845,3.55,1.328590047814417,16.36,1.3522894914502848,10.0,0.0,20.0,0.0,2.0,0.0,1.0,0.0,3.13,1.5219272736443836
403.0,403.0,100,2.47,1.4174596710989416,0.1235,0.07087298355494707,0.8765000000000001,0.07087298355494707,0.0,0.0,0.0,0.0,9.38,0.693111852736656,1.85,1.0087996667707457,8.12,0.9875998862664653,0.03,0.1714466079977653,3.64,1.3522894914502845,3.55,1.328590047814417,16.36,1.3522894914502848,10.0,0.0,20.0,0.0,2.0,0.0,1.0,0.0,3.13,1.5219272736443836
404.0,404.0,100,2.44,1.3876802822179775,0.12200000000000001,0.06938401411089887,0.878,0.06938401411089885,0.0,0.0,0.0014999999999999996,0.008572330399888261,9.38,0.693111852736656,1.82,0.9783515304693489,8.15,0.9574271077563384,0.03,0.1714466079977653,3.61,1.3476129288711227,3.54,1.3365113640604132,16.39,1.3476129288711232,10.0,0.0,20.0,0.0,2.0,0.0,1.0,0.0,3.13,1.5219272736443836
405.0,405.0,100,2.42,1.3720146655281213,0.121,0.06860073327640606,0.879,0.06860073327640606,0.0,0.0,0.0010000000000000002,0.0070352647068144866,9.38,0.693111852736656,1.8,0.9639984073082949,8.17,0.9433981132056606,0.03,0.1714466079977653,3.59,1.3491111926379566,3.54,1.3365113640604132,16.41,1.3491111926379566,10.0,0.0,20.0,0.0,2.0,0.0,1.0,0.0,3.13,1.5219272736443836
406.0,406.0,100,2.42,1.3720146655281213,0.121,0.06860073327640606,0.879,0.06860073327640606,0.0,0.0,0.0,0.0,9.38,0.693111852736656,1.8,0.9639984073082949,8.17,0.9433981132056606,0.03,0.1714466079977653,3.59,1.3491111926379566,3.52,1.3063945294843615,16.41,1.3491111926379566,10.0,0.0,20.0,0.0,2.0,0.0,1.0,0.0,3.13,1.5219272736443836
407.0,407.0,100,2.42,1.3720146655281213,0.121,0.06860073327640606,0.879,0.06860073327640606,0.0,0.0,0.0,0.0,9.38,0.693111852736656,1.8,0.9639984073082949,8.17,0.9433981132056606,0.03,0.1714466079977653,3.59,1.3491111926379566,3.52,1.3063945294843615,16.41,1.3491111926379566,10.0,0.0,20.0,0.0,2.0,0.0,1.0,0.0,3.13,1.5219272736443836
408.0,408.0,100,2.4,1.3780384243517665,0.12,0.06890192121758831,0.88,0.06890192121758831,0.0,0.0,0.001,0.007035264706814485,9.39,0.6947857747012907,1.79,0.9670845491747477,8.18,0.9468715100612424,0.03,0.1714466079977653,3.57,1.3503086067019394,3.52,1.3063945294843615,16.43,1.3503086067019396,10.0,0.0,20.0,0.0,2.0,0.0,1.0,0.0,3.13,1.5219272736443836
409.0,409.0,100,2.39,1.3699148392023013,0.11950000000000001,0.06849574196011506,0.8805,0.06849574196011504,0.0,0.0,0.0005000000000000001,0.005000000000000001,9.4,0.6963106238227914,1.79,0.9670845491747477,8.18,0.9468715100612424,0.03,0.1714466079977653,3.56,1.3507947529682163,3.52,1.3063945294843615,16.44,1.3507947529682172,10.0,0.0,20.0,0.0,2.0,0.0,1.0,0.0,3.13,1.5219272736443836
410.0,410.0,100,2.37,1.3307171302752816,0.1185,0.06653585651376409,0.8815000000000001,0.06653585651376406,0.0,0.0,0.001,0.007035264706814485,9.4,0.6963106238227914,1.77,0.9412542674323426,8.2,0.9211323729436769,0.03,0.1714466079977653,3.54,1.3213094209376492,3.5,1.3142574813455419,16.46,1.32130942093765,10.0,0.0,20.0,0.0,2.0,0.0,1.0,0.0,3.13,1.5219272736443836
411.0,411.0,100,2.36,1.3296919974493375,0.11800000000000001,0.06648459987246685,0.882,0.06648459987246687,0.0,0.0,0.0004999999999999999,0.004999999999999998,9.41,0.6976873775321409,1.77,0.9412542674323426,8.2,0.9211323729436769,0.03,0.1714466079977653,3.53,1.3139115785940987,3.5,1.3142574813455419,16.47,1.3139115785940991,10.0,0.0,20.0,0.0,2.0,0.0,1.0,0.0,3.13,1.5219272736443836
412.0,412.0,100,2.35,1.3361712223190316,0.1175,0.06680856111595158,0.8825,0.06680856111595157,0.0,0.0,0.0005,0.004999999999999998,9.41,0.6976873775321409,1.76,0.9440938148897765,8.2,0.9211323729436769,0.04,0.1969463855669324,3.52,1.3063945294843615,3.5,1.3142574813455419,16.48,1.306394529484361,10.0,0.0,20.0,0.0,2.0,0.0,1.0,0.0,3.13,1.5219272736443836
413.0,413.0,100,2.35,1.3361712223190316,0.1175,0.06680856111595158,0.8825,0.06680856111595157,0.0,0.0,0.0,0.0,9.41,0.6976873775321409,1.76,0.9440938148897765,8.21,0.9243616415908037,0.03,0.1714466079977653,3.53,1.3139115785940987,3.5,1.3142574813455419,16.47,1.3139115785940991,10.0,0.0,20.0,0.0,2.0,0.0,1.0,0.0,3.13,1.5219272736443836
414.0,414.0,100,2.33,1.3413019455331112,0.1165,0.06706509727665554,0.8835,0.06706509727665554,0.0,0.0,0.001,0.007035264706814483,9.41,0.6976873775321409,1.74,0.9494283234737318,8.23,0.9304609480024276,0.03,0.1714466079977653,3.51,1.3218826488662816,3.51,1.3218826488662816,16.49,1.3218826488662814,10.0,0.0,20.0,0.0,2.0,0.0,1.0,0.0,3.13,1.5219272736443836
415.0,415.0,100,2.33,1.3413019455331112,0.1165,0.06706509727665554,0.8835,0.06706509727665554,0.0,0.0,0.0,0.0,9.41,0.6976873775321409,1.74,0.9494283234737318,8.23,0.9304609480024276,0.03,0.1714466079977653,3.51,1.3218826488662816,3.49,1.3295020712942713,16.49,1.3218826488662814,10.0,0.0,20.0,0.0,2.0,0.0,1.0,0.0,3.13,1.5219272736443836
416.0,416.0,100,2.33,1.3413019455331112,0.1165,0.06706509727665554,0.8835,0.06706509727665554,0.0,0.0,0.0,0.0,9.41,0.6976873775321409,1.74,0.9494283234737318,8.23,0.9304609480024276,0.03,0.1714466079977653,3.51,1.3218826488662816,3.49,1.3295020712942713,16.49,1.3218826488662814,10.0,0.0,20.0,0.0,2.0,0.0,1.0,0.0,3.13,1.5219272736443836
417.0,417.0,100,2.33,1.3413019455331112,0.1165,0.06706509727665554,0.8835,0.06706509727665554,0.0,0.0,0.0,0.0,9.41,0.6976873775321409,1.74,0.9494283234737318,8.23,0.9304609480024276,0.03,0.1714466079977653,3.51,1.3218826488662816,3.48,1.3369647517697496,16.49,1.3218826488662814,10.0,0.0,20.0,0.0,2.0,0.0,1.0,0.0,3.13,1.5219272736443836
418.0,418.0,100,2.33,1.3413019455331112,0.1165,0.06706509727665554,0.8835,0.06706509727665554,0.0,0.0,0.0,0.0,9.41,0.6976873775321409,1.74,0.9494283234737318,8.23,0.9304609480024276,0.03,0.1714466079977653,3.51,1.3218826488662816,3.48,1.3369647517697496,16.49,1.3218826488662814,10.0,0.0,20.0,0.0,2.0,0.0,1.0,0.0,3.13,1.5219272736443836
419.0,419.0,100,2.31,1.3310207217080285,0.1155,0.06655103608540143,0.8845000000000001,0.06655103608540143,0.0,0.0,0.001,0.007035264706814484,9.41,0.6976873775321409,1.72,0.932900332459492,8.25,0.9142530206997334,0.03,0.1714466079977653,3.49,1.3295020712942713,3.48,1.3369647517697496,16.51,1.3295020712942711,10.0,0.0,20.0,0.0,2.0,0.0,1.0,0.0,3.13,1.5219272736443836
420.0,420.0,100,2.31,1.3310207217080285,0.1155,0.06655103608540143,0.8845000000000001,0.06655103608540143,0.0,0.0,0.0,0.0,9.41,0.6976873775321409,1.72,0.932900332459492,8.25,0.9142530206997334,0.03,0.1714466079977653,3.49,1.3295020712942713,3.48,1.3369647517697496,16.51,1.3295020712942711,10.0,0.0,20.0,0.0,2.0,0.0,1.0,0.0,3.13,1.5219272736443836
421.0,421.0,100,2.3,1.3446489534747759,0.115,0.06723244767373877,0.885,0.06723244767373877,0.0,0.0,0.0005,0.004999999999999998,9.41,0.6976873775321409,1.71,0.9459643147859674,8.26,0.9279062996930784,0.03,0.1714466079977653,3.48,1.3369647517697496,3.46,1.3440478586957556,16.52,1.3369647517697485,10.0,0.0,20.0,0.0,2.0,0.0,1.0,0.0,3.13,1.5219272736443836
422.0,422.0,100,2.3,1.3446489534747759,0.115,0.06723244767373877,0.885,0.06723244767373877,0.0,0.0,0.0,0.0,9.41,0.6976873775321409,1.71,0.9459643147859674,8.26,0.9279062996930784,0.03,0.1714466079977653,3.48,1.3369647517697496,3.46,1.3440478586957556,16.52,1.3369647517697485,10.0,0.0,20.0,0.0,2.0,0.0,1.0,0.0,3.13,1.5219272736443836
423.0,423.0,100,2.3,1.3446489534747759,0.115,0.06723244767373877,0.885,0.06723244767373877,0.0,0.0,0.0,0.0,9.41,0.6976873775321409,1.71,0.9459643147859674,8.26,0.9279062996930784,0.03,0.1714466079977653,3.48,1.3369647517697496,3.45,1.343709624716425,16.52,1.3369647517697485,10.0,0.0,20.0,0.0,2.0,0.0,1.0,0.0,3.13,1.5219272736443836
424.0,424.0,100,2.3,1.3446489534747759,0.115,0.06723244767373877,0.885,0.06723244767373877,0.0,0.0,0.0,0.0,9.41,0.6976873775321409,1.71,0.9459643147859674,8.26,0.9279062996930784,0.03,0.1714466079977653,3.48,1.3369647517697496,3.45,1.343709624716425,16.52,1.3369647517697485,10.0,0.0,20.0,0.0,2.0,0.0,1.0,0.0,3.13,1.5219272736443836
425.0,425.0,100,2.29,1.3431081095501558,0.1145,0.06715540547750781,0.8855,0.06715540547750778,0.0,0.0,0.0004999999999999999,0.004999999999999998,9.41,0.6976873775321409,1.7,0.937436866561092,8.27,0.9195409482755817,0.03,0.1714466079977653,3.47,1.3443108707332978,3.43,1.3200474432857527,16.53,1.3443108707332982,10.0,0.0,20.0,0.0,2.0,0.0,1.0,0.0,3.13,1.5219272736443836
426.0,426.0,100,2.29,1.3431081095501558,0.1145,0.06715540547750781,0.8855,0.06715540547750778,0.0,0.0,0.0,0.0,9.41,0.6976873775321409,1.7,0.937436866561092,8.27,0.9195409482755817,0.03,0.1714466079977653,3.47,1.3443108707332978,3.41,1.318822554134152,16.53,1.3443108707332982,10.0,0.0,20.0,0.0,2.0,0.0,1.0,0.0,3.13,1.5219272736443836
427.0,427.0,100,2.29,1.3431081095501558,0.1145,0.06715540547750781,0.8855,0.06715540547750778,0.0,0.0,0.0,0.0,9.41,0.6976873775321409,1.7,0.937436866561092,8.27,0.9195409482755817,0.03,0.1714466079977653,3.47,1.3443108707332978,3.41,1.318822554134152,16.53,1.3443108707332982,10.0,0.0,20.0,0.0,2.0,0.0,1.0,0.0,3.13,1.5219272736443836
428.0,428.0,100,2.29,1.3431081095501558,0.1145,0.06715540547750781,0.8855,0.06715540547750778,0.0,0.0,0.0,0.0,9.41,0.6976873775321409,1.7,0.937436866561092,8.27,0.9195409482755817,0.03,0.1714466079977653,3.47,1.3443108707332978,3.4,1.3180947376322145,16.53,1.3443108707332982,10.0,0.0,20.0,0.0,2.0,0.0,1.0,0.0,3.13,1.5219272736443836
429.0,429.0,100,2.28,1.3414902010808571,0.114,0.06707451005404286,0.8859999999999999,0.06707451005404287,0.0,0.0,0.0004999999999999999,0.004999999999999998,9.41,0.6976873775321409,1.69,0.9395356686828195,8.28,0.9220092245205634,0.03,0.1714466079977653,3.46,1.3365113640604132,3.39,1.3325376413657384,16.54,1.3365113640604127,10.0,0.0,20.0,0.0,2.0,0.0,1.0,0.0,3.13,1.5219272736443836
430.0,430.0,100,2.28,1.3414902010808571,0.114,0.06707451005404286,0.8859999999999999,0.06707451005404287,0.0,0.0,0.0,0.0,9.41,0.6976873775321409,1.69,0.9395356686828195,8.28,0.9220092245205634,0.03,0.1714466079977653,3.46,1.3365113640604132,3.38,1.3240586516961075,16.54,1.3365113640604127,10.0,0.0,20.0,0.0,2.0,0.0,1.0,0.0,3.13,1.5219272736443836
431.0,431.0,100,2.27,1.3473130761825645,0.11349999999999999,0.06736565380912823,0.8865000000000001,0.0673656538091282,0.0,0.0,0.0005,0.004999999999999999,9.42,0.6989169110021941,1.69,0.9395356686828195,8.28,0.9220092245205634,0.03,0.1714466079977653,3.45,1.336171222319032,3.38,1.3240586516961075,16.55,1.3361712223190327,10.0,0.0,20.0,0.0,2.0,0.0,1.0,0.0,3.13,1.5219272736443836
432.0,432.0,100,2.27,1.3473130761825645,0.11349999999999999,0.06736565380912823,0.8865000000000001,0.0673656538091282,0.0,0.0,0.0,0.0,9.42,0.6989169110021941,1.69,0.9395356686828195,8.28,0.9220092245205634,0.03,0.1714466079977653,3.45,1.336171222319032,3.37,1.3307171302752816,16.55,1.3361712223190327,10.0,0.0,20.0,0.0,2.0,0.0,1.0,0.0,3.13,1.5219272736443836
433.0,433.0,100,2.26,1.3380220589747502,0.113,0.06690110294873752,0.887,0.0669011029487375,0.0,0.0,0.0005000000000000001,0.005,9.43,0.6854181058288289,1.69,0.9395356686828195,8.28,0.9220092245205634,0.03,0.1714466079977653,3.44,1.3357553758987548,3.36,1.322073669611035,16.56,1.3357553758987544,10.0,0.0,20.0,0.0,2.0,0.0,1.0,0.0,3.13,1.5219272736443836
434.0,434.0,100,2.25,1.328590047814417,0.1125,0.06642950239072086,0.8875,0.06642950239072085,0.0,0.0,0.0005000000000000001,0.005000000000000001,9.43,0.6854181058288289,1.68,0.93073230644618,8.29,0.9133687230480492,0.03,0.1714466079977653,3.43,1.3276773978370167,3.34,1.3121037160286384,16.57,1.3276773978370164,10.0,0.0,20.0,0.0,2.0,0.0,1.0,0.0,3.13,1.5219272736443836
435.0,435.0,100,2.24,1.3190140180445316,0.11200000000000002,0.06595070090222659,0.888,0.06595070090222657,0.0,0.0,0.0005000000000000001,0.005000000000000001,9.44,0.6714976477316142,1.68,0.93073230644618,8.29,0.9133687230480492,0.03,0.1714466079977653,3.42,1.3117957466038985,3.35,1.313296415417127,16.58,1.311795746603898,10.0,0.0,20.0,0.0,2.0,0.0,1.0,0.0,3.13,1.5219272736443836
436.0,436.0,100,2.21,1.3126809639555659,0.1105,0.06563404819777827,0.8895000000000001,0.06563404819777827,0.0,0.0,0.0014999999999999996,0.008572330399888261,9.46,0.6730002176294546,1.67,0.9326296048260422,8.3,0.9156330260447354,0.03,0.1714466079977653,3.39,1.3172898410192517,3.35,1.313296415417127,16.61,1.3172898410192522,10.0,0.0,20.0,0.0,2.0,0.0,1.0,0.0,3.13,1.5219272736443836
437.0,437.0,100,2.2,1.2949006435891817,0.11,0.06474503217945907,0.89,0.06474503217945907,0.0,0.0,0.0004999999999999999,0.004999999999999998,9.46,0.6730002176294546,1.66,0.912538915733062,8.31,0.8954994092232514,0.03,0.1714466079977653,3.38,1.3087120663947716,3.34,1.2966156412800678,16.62,1.308712066394772,10.0,0.0,20.0,0.0,2.0,0.0,1.0,0.0,3.13,1.5219272736443836
438.0,438.0,100,2.18,1.2900552020136284,0.109,0.06450276010068144,0.8909999999999999,0.06450276010068143,0.0,0.0,0.0010000000000000002,0.0070352647068144866,9.47,0.6735253251633259,1.65,0.8918825850158447,8.32,0.8747871313939898,0.03,0.1714466079977653,3.36,1.298950625417582,3.33,1.2953296058836872,16.64,1.2989506254175809,10.0,0.0,20.0,0.0,2.0,0.0,1.0,0.0,3.13,1.5219272736443836
439.0,439.0,100,2.17,1.2953296058836865,0.1085,0.06476648029418436,0.8915000000000001,0.06476648029418433,0.0,0.0,0.0005,0.004999999999999999,9.48,0.6739001514626737,1.65,0.8918825850158447,8.32,0.8747871313939898,0.03,0.1714466079977653,3.35,1.313296415417127,3.33,1.2953296058836872,16.65,1.3132964154171263,10.0,0.0,20.0,0.0,2.0,0.0,1.0,0.0,3.13,1.5219272736443836
440.0,440.0,100,2.17,1.2953296058836865,0.1085,0.06476648029418436,0.8915000000000001,0.06476648029418433,0.0,0.0,0.0,0.0,9.48,0.6739001514626737,1.65,0.8918825850158447,8.32,0.8747871313939898,0.03,0.1714466079977653,3.35,1.313296415417127,3.32,1.270329631921327,16.65,1.3132964154171263,10.0,0.0,20.0,0.0,2.0,0.0,1.0,0.0,3.13,1.5219272736443836
441.0,441.0,100,2.17,1.2953296058836865,0.1085,0.06476648029418436,0.8915000000000001,0.06476648029418433,0.0,0.0,0.0,0.0,9.48,0.6739001514626737,1.65,0.8918825850158447,8.32,0.8747871313939898,0.03,0.1714466079977653,3.35,1.313296415417127,3.31,1.2767936482462698,16.65,1.3132964154171263,10.0,0.0,20.0,0.0,2.0,0.0,1.0,0.0,3.13,1.5219272736443836
442.0,442.0,100,2.17,1.2953296058836865,0.1085,0.06476648029418436,0.8915000000000001,0.06476648029418433,0.0,0.0,0.0,0.0,9.48,0.6739001514626737,1.65,0.8918825850158447,8.32,0.8747871313939898,0.03,0.1714466079977653,3.35,1.313296415417127,3.31,1.2767936482462698,16.65,1.3132964154171263,10.0,0.0,20.0,0.0,2.0,0.0,1.0,0.0,3.13,1.5219272736443836
443.0,443.0,100,2.17,1.2953296058836865,0.1085,0.06476648029418436,0.8915000000000001,0.06476648029418433,0.0,0.0,0.0,0.0,9.48,0.6739001514626737,1.65,0.8918825850158447,8.32,0.8747871313939898,0.03,0.1714466079977653,3.35,1.313296415417127,3.31,1.2767936482462698,16.65,1.3132964154171263,10.0,0.0,20.0,0.0,2.0,0.0,1.0,0.0,3.13,1.5219272736443836
444.0,444.0,100,2.17,1.2953296058836865,0.1085,0.06476648029418436,0.8915000000000001,0.06476648029418433,0.0,0.0,0.0,0.0,9.48,0.6739001514626737,1.65,0.8918825850158447,8.32,0.8747871313939898,0.03,0.1714466079977653,3.35,1.313296415417127,3.29,1.2656694639277635,16.65,1.3132964154171263,10.0,0.0,20.0,0.0,2.0,0.0,1.0,0.0,3.13,1.5219272736443836
445.0,445.0,100,2.17,1.2953296058836865,0.1085,0.06476648029418436,0.8915000000000001,0.06476648029418433,0.0,0.0,0.0,0.0,9.48,0.6739001514626737,1.65,0.8918825850158447,8.32,0.8747871313939898,0.03,0.1714466079977653,3.35,1.313296415417127,3.29,1.2656694639277635,16.65,1.3132964154171263,10.0,0.0,20.0,0.0,2.0,0.0,1.0,0.0,3.13,1.5219272736443836
446.0,446.0,100,2.17,1.2953296058836865,0.1085,0.06476648029418436,0.8915000000000001,0.06476648029418433,0.0,0.0,0.0,0.0,9.48,0.6739001514626737,1.65,0.8918825850158447,8.32,0.8747871313939898,0.03,0.1714466079977653,3.35,1.313296415417127,3.27,1.2541245085031558,16.65,1.3132964154171263,10.0,0.0,20.0,0.0,2.0,0.0,1.0,0.0,3.13,1.5219272736443836
447.0,447.0,100,2.16,1.292714628644354,0.10800000000000001,0.06463573143221772,0.892,0.06463573143221771,0.0,0.0,0.0004999999999999999,0.004999999999999998,9.48,0.6739001514626737,1.64,0.8935232724354966,8.32,0.8747871313939898,0.04,0.19694638556693236,3.34,1.2966156412800678,3.27,1.2541245085031558,16.66,1.2966156412800676,10.0,0.0,20.0,0.0,2.0,0.0,1.0,0.0,3.13,1.5219272736443836
448.0,448.0,100,2.13,1.2685392856320687,0.1065,0.06342696428160342,0.8935,0.06342696428160342,0.0,0.0,0.0014999999999999996,0.008572330399888261,9.48,0.6739001514626737,1.61,0.8864296789692769,8.34,0.8671327418101523,0.05,0.21904291355759034,3.31,1.2846805207537166,3.27,1.2541245085031558,16.69,1.284680520753717,10.0,0.0,20.0,0.0,2.0,0.0,1.0,0.0,3.13,1.5219272736443836
449.0,449.0,100,2.13,1.2685392856320687,0.1065,0.06342696428160342,0.8935,0.06342696428160342,0.0,0.0,0.0,0.0,9.48,0.6739001514626737,1.61,0.8864296789692769,8.35,0.8689364217539195,0.04,0.19694638556693236,3.32,1.28613429086601,3.27,1.2541245085031558,16.68,1.2861342908660103,10.0,0.0,20.0,0.0,2.0,0.0,1.0,0.0,3.13,1.5219272736443836
450.0,450.0,100,2.11,1.2783749153681108,0.10550000000000001,0.06391874576840555,0.8945000000000001,0.06391874576840555,0.0,0.0,0.001,0.007035264706814484,9.49,0.6741249472052229,1.6,0.8876253645985942,8.36,0.8706203523808743,0.04,0.19694638556693236,3.3,1.2593087730412216,3.26,1.252230333477355,16.7,1.2593087730412216,10.0,0.0,20.0,0.0,2.0,0.0,1.0,0.0,3.13,1.5219272736443836
451.0,451.0,100,2.1,1.2831463854387957,0.105,0.06415731927193978,0.895,0.0641573192719398,0.0,0.0,0.0005,0.004999999999999998,9.49,0.6741249472052229,1.59,0.8887057892227211,8.36,0.8706203523808743,0.05,0.21904291355759034,3.29,1.2656694639277632,3.26,1.252230333477355,16.71,1.2656694639277632,10.0,0.0,20.0,0.0,2.0,0.0,1.0,0.0,3.13,1.5219272736443836
452.0,452.0,100,2.1,1.2831463854387957,0.105,0.06415731927193978,0.895,0.0641573192719398,0.0,0.0,0.0,0.0,9.49,0.6741249472052229,1.59,0.8887057892227211,8.37,0.8721852272923857,0.04,0.19694638556693236,3.3,1.2593087730412216,3.25,1.2502524997500755,16.7,1.2593087730412216,10.0,0.0,20.0,0.0,2.0,0.0,1.0,0.0,3.13,1.5219272736443836
453.0,453.0,100,2.1,1.2831463854387957,0.105,0.06415731927193978,0.895,0.0641573192719398,0.0,0.0,0.0,0.0,9.49,0.6741249472052229,1.59,0.8887057892227211,8.37,0.8721852272923857,0.04,0.19694638556693236,3.3,1.2593087730412216,3.23,1.2214827882619557,16.7,1.2593087730412216,10.0,0.0,20.0,0.0,2.0,0.0,1.0,0.0,3.13,1.5219272736443836
454.0,454.0,100,2.08,1.2766749742589107,0.10400000000000001,0.06383374871294553,0.8959999999999999,0.06383374871294555,0.0,0.0,0.0009999999999999998,0.007035264706814482,9.49,0.6741249472052229,1.57,0.8791065253018446,8.39,0.8633385983225443,0.04,0.19694638556693236,3.28,1.2559354033443508,3.23,1.2048303455740814,16.72,1.2559354033443508,10.0,0.0,20.0,0.0,2.0,0.0,1.0,0.0,3.13,1.5219272736443836
455.0,455.0,100,2.08,1.2766749742589107,0.10400000000000001,0.06383374871294553,0.8959999999999999,0.06383374871294555,0.0,0.0,0.0,0.0,9.49,0.6741249472052229,1.57,0.8791065253018446,8.39,0.8633385983225443,0.04,0.19694638556693236,3.28,1.2559354033443508,3.22,1.219206564313302,16.72,1.2559354033443508,10.0,0.0,20.0,0.0,2.0,0.0,1.0,0.0,3.13,1.5219272736443836
456.0,456.0,100,2.06,1.261872906565171,0.10300000000000001,0.06309364532825855,0.897,0.06309364532825854,0.0,0.0,0.001,0.007035264706814486,9.5,0.6741998624632421,1.56,0.8682968351545423,8.4,0.852802865422441,0.04,0.19694638556693236,3.26,1.244137768849892,3.22,1.219206564313302,16.74,1.2441377688498925,10.0,0.0,20.0,0.0,2.0,0.0,1.0,0.0,3.13,1.5219272736443836
457.0,457.0,100,2.06,1.261872906565171,0.10300000000000001,0.06309364532825855,0.897,0.06309364532825854,0.0,0.0,0.0,0.0,9.5,0.6741998624632421,1.56,0.8682968351545423,8.4,0.852802865422441,0.04,0.19694638556693236,3.26,1.244137768849892,3.22,1.219206564313302,16.74,1.2441377688498925,10.0,0.0,20.0,0.0,2.0,0.0,1.0,0.0,3.13,1.5219272736443836
458.0,458.0,100,2.05,1.2583057392117913,0.1025,0.06291528696058958,0.8975,0.06291528696058958,0.0,0.0,0.0004999999999999999,0.004999999999999998,9.5,0.6741998624632421,1.55,0.8689364217539194,8.41,0.8539273500666896,0.04,0.19694638556693236,3.25,1.2339883600452932,3.21,1.2333333333333336,16.75,1.2339883600452934,10.0,0.0,20.0,0.0,2.0,0.0,1.0,0.0,3.13,1.5219272736443836
459.0,459.0,100,2.04,1.2626731304432808,0.102,0.06313365652216404,0.898,0.06313365652216403,0.0,0.0,0.0005,0.004999999999999999,9.5,0.6741998624632421,1.54,0.8694593699303009,8.42,0.8549322142188178,0.04,0.19694638556693236,3.24,1.248190609634521,3.21,1.2333333333333336,16.76,1.2481906096345217,10.0,0.0,20.0,0.0,2.0,0.0,1.0,0.0,3.13,1.5219272736443836
460.0,460.0,100,2.04,1.2626731304432808,0.102,0.06313365652216404,0.898,0.06313365652216403,0.0,0.0,0.0,0.0,9.5,0.6741998624632421,1.54,0.8694593699303009,8.42,0.8549322142188178,0.04,0.19694638556693236,3.24,1.248190609634521,3.21,1.2333333333333336,16.76,1.2481906096345217,10.0,0.0,20.0,0.0,2.0,0.0,1.0,0.0,3.13,1.5219272736443836
461.0,461.0,100,2.04,1.2626731304432808,0.102,0.06313365652216404,0.898,0.06313365652216403,0.0,0.0,0.0,0.0,9.5,0.6741998624632421,1.54,0.8694593699303009,8.42,0.8549322142188178,0.04,0.19694638556693236,3.24,1.248190609634521,3.21,1.2333333333333336,16.76,1.2481906096345217,10.0,0.0,20.0,0.0,2.0,0.0,1.0,0.0,3.13,1.5219272736443836
462.0,462.0,100,2.03,1.2669457427812427,0.1015,0.06334728713906214,0.8985,0.06334728713906214,0.0,0.0,0.0005,0.004999999999999998,9.5,0.6741998624632421,1.53,0.8698658900466595,8.43,0.8558178792384757,0.04,0.19694638556693236,3.23,1.2621530426340157,3.2,1.2390938363794473,16.77,1.2621530426340148,10.0,0.0,20.0,0.0,2.0,0.0,1.0,0.0,3.13,1.5219272736443836
463.0,463.0,100,2.01,1.243122494106488,0.1005,0.062156124705324396,0.8995000000000001,0.062156124705324375,0.0,0.0,0.001,0.007035264706814484,9.52,0.6432242017658957,1.53,0.8698658900466595,8.43,0.8558178792384757,0.04,0.19694638556693236,3.21,1.2333333333333336,3.19,1.228409499714936,16.79,1.2333333333333327,10.0,0.0,20.0,0.0,2.0,0.0,1.0,0.0,3.13,1.5219272736443836
464.0,464.0,100,2.01,1.243122494106488,0.1005,0.062156124705324396,0.8995000000000001,0.062156124705324375,0.0,0.0,0.0,0.0,9.52,0.6432242017658957,1.53,0.8698658900466595,8.43,0.8558178792384757,0.04,0.19694638556693236,3.21,1.2333333333333336,3.19,1.228409499714936,16.79,1.2333333333333327,10.0,0.0,20.0,0.0,2.0,0.0,1.0,0.0,3.13,1.5219272736443836
465.0,465.0,100,2.01,1.243122494106488,0.1005,0.062156124705324396,0.8995000000000001,0.062156124705324375,0.0,0.0,0.0,0.0,9.52,0.6432242017658957,1.53,0.8698658900466595,8.43,0.8558178792384757,0.04,0.19694638556693236,3.21,1.2333333333333336,3.17,1.2395421116140617,16.79,1.2333333333333327,10.0,0.0,20.0,0.0,2.0,0.0,1.0,0.0,3.13,1.5219272736443836
466.0,466.0,100,2.0,1.239093836379447,0.1,0.061954691818972354,0.9,0.06195469181897233,0.0,0.0,0.0004999999999999999,0.004999999999999998,9.52,0.6432242017658957,1.52,0.8701561452818208,8.44,0.856584714863261,0.04,0.19694638556693236,3.2,1.2390938363794473,3.17,1.2395421116140617,16.8,1.2390938363794473,10.0,0.0,20.0,0.0,2.0,0.0,1.0,0.0,3.13,1.5219272736443836
467.0,467.0,100,2.0,1.239093836379447,0.1,0.061954691818972354,0.9,0.06195469181897233,0.0,0.0,0.0,0.0,9.52,0.6432242017658957,1.52,0.8701561452818208,8.44,0.856584714863261,0.04,0.19694638556693236,3.2,1.2390938363794473,3.17,1.2395421116140617,16.8,1.2390938363794473,10.0,0.0,20.0,0.0,2.0,0.0,1.0,0.0,3.13,1.5219272736443836
468.0,468.0,100,2.0,1.239093836379447,0.1,0.061954691818972354,0.9,0.06195469181897233,0.0,0.0,0.0,0.0,9.52,0.6432242017658957,1.52,0.8701561452818208,8.44,0.856584714863261,0.04,0.19694638556693236,3.2,1.2390938363794473,3.17,1.2395421116140617,16.8,1.2390938363794473,10.0,0.0,20.0,0.0,2.0,0.0,1.0,0.0,3.13,1.5219272736443836
469.0,469.0,100,1.99,1.2512216252748969,0.0995,0.06256108126374488,0.9005,0.06256108126374485,0.0,0.0,0.0005,0.005,9.52,0.6432242017658957,1.51,0.8818598344843517,8.45,0.8689364217539194,0.04,0.19694638556693236,3.19,1.244746536204837,3.17,1.2395421116140617,16.81,1.2447465362048373,10.0,0.0,20.0,0.0,2.0,0.0,1.0,0.0,3.13,1.5219272736443836
470.0,470.0,100,1.99,1.2512216252748969,0.0995,0.06256108126374488,0.9005,0.06256108126374485,0.0,0.0,0.0,0.0,9.52,0.6432242017658957,1.51,0.8818598344843517,8.45,0.8689364217539194,0.04,0.19694638556693236,3.19,1.244746536204837,3.17,1.2395421116140617,16.81,1.2447465362048373,10.0,0.0,20.0,0.0,2.0,0.0,1.0,0.0,3.13,1.5219272736443836
471.0,471.0,100,1.99,1.2512216252748969,0.0995,0.06256108126374488,0.9005,0.06256108126374485,0.0,0.0,0.0,0.0,9.52,0.6432242017658957,1.51,0.8818598344843517,8.45,0.8689364217539194,0.04,0.19694638556693236,3.19,1.244746536204837,3.16,1.2368091888795822,16.81,1.2447465362048373,10.0,0.0,20.0,0.0,2.0,0.0,1.0,0.0,3.13,1.5219272736443836
472.0,472.0,100,1.99,1.2512216252748969,0.0995,0.06256108126374488,0.9005,0.06256108126374485,0.0,0.0,0.0,0.0,9.52,0.6432242017658957,1.51,0.8818598344843517,8.45,0.8689364217539194,0.04,0.19694638556693236,3.19,1.244746536204837,3.15,1.22577536788975,16.81,1.2447465362048373,10.0,0.0,20.0,0.0,2.0,0.0,1.0,0.0,3.13,1.5219272736443836
473.0,473.0,100,1.98,1.2389307869891262,0.099,0.0619465393494563,0.9009999999999999,0.06194653934945629,0.0,0.0,0.0005000000000000001,0.005000000000000001,9.52,0.6432242017658957,1.5,0.8703882797784892,8.45,0.8689364217539194,0.05,0.21904291355759034,3.18,1.2340292876703873,3.15,1.22577536788975,16.82,1.2340292876703867,10.0,0.0,20.0,0.0,2.0,0.0,1.0,0.0,3.13,1.5219272736443836
474.0,474.0,100,1.98,1.2389307869891262,0.099,0.0619465393494563,0.9009999999999999,0.06194653934945629,0.0,0.0,0.0,0.0,9.52,0.6432242017658957,1.5,0.8703882797784892,8.46,0.8577631233374258,0.04,0.19694638556693236,3.19,1.244746536204837,3.14,1.2228464888748445,16.81,1.2447465362048373,10.0,0.0,20.0,0.0,2.0,0.0,1.0,0.0,3.13,1.5219272736443836
475.0,475.0,100,1.97,1.2346430392398584,0.09849999999999999,0.06173215196199292,0.9015000000000001,0.061732151961992915,0.0,0.0,0.0004999999999999999,0.004999999999999998,9.53,0.6428314889862843,1.5,0.8703882797784892,8.46,0.8577631233374258,0.04,0.19694638556693236,3.18,1.2502928949779422,3.14,1.2228464888748445,16.82,1.2502928949779422,10.0,0.0,20.0,0.0,2.0,0.0,1.0,0.0,3.13,1.5219272736443836
476.0,476.0,100,1.97,1.2346430392398584,0.09849999999999999,0.06173215196199292,0.9015000000000001,0.061732151961992915,0.0,0.0,0.0,0.0,9.53,0.6428314889862843,1.5,0.8703882797784892,8.46,0.8577631233374258,0.04,0.19694638556693236,3.18,1.2502928949779422,3.13,1.2525126261989854,16.82,1.2502928949779422,10.0,0.0,20.0,0.0,2.0,0.0,1.0,0.0,3.13,1.5219272736443836
477.0,477.0,100,1.97,1.2346430392398584,0.09849999999999999,0.06173215196199292,0.9015000000000001,0.061732151961992915,0.0,0.0,0.0,0.0,9.53,0.6428314889862843,1.5,0.8703882797784892,8.46,0.8577631233374258,0.04,0.19694638556693236,3.18,1.2502928949779422,3.13,1.2525126261989854,16.82,1.2502928949779422,10.0,0.0,20.0,0.0,2.0,0.0,1.0,0.0,3.13,1.5219272736443836
478.0,478.0,100,1.96,1.2220201853215575,0.098,0.06110100926607786,0.902,0.06110100926607785,0.0,0.0,0.0005000000000000001,0.005,9.53,0.6428314889862843,1.49,0.8586458683722452,8.47,0.8463230035055327,0.04,0.19694638556693236,3.17,1.2476644848141936,3.11,1.2544466364243496,16.83,1.2476644848141938,10.0,0.0,20.0,0.0,2.0,0.0,1.0,0.0,3.13,1.5219272736443836
479.0,479.0,100,1.96,1.2220201853215575,0.098,0.06110100926607786,0.902,0.06110100926607785,0.0,0.0,0.0,0.0,9.53,0.6428314889862843,1.49,0.8586458683722452,8.47,0.8463230035055327,0.04,0.19694638556693236,3.17,1.2476644848141936,3.1,1.2512619892159136,16.83,1.2476644848141938,10.0,0.0,20.0,0.0,2.0,0.0,1.0,0.0,3.13,1.5219272736443836
480.0,480.0,100,1.96,1.2220201853215575,0.098,0.06110100926607786,0.902,0.06110100926607785,0.0,0.0,0.0,0.0,9.53,0.6428314889862843,1.49,0.8586458683722452,8.47,0.8463230035055327,0.04,0.19694638556693236,3.17,1.2476644848141936,3.08,1.2687383377580146,16.83,1.2476644848141938,10.0,0.0,20.0,0.0,2.0,0.0,1.0,0.0,3.13,1.5219272736443836
481.0,481.0,100,1.95,1.2091820425896227,0.0975,0.06045910212948115,0.9025,0.06045910212948113,0.0,0.0,0.0005000000000000001,0.005000000000000001,9.54,0.642281287696639,1.49,0.8586458683722452,8.47,0.8463230035055327,0.04,0.19694638556693236,3.16,1.2449493925051693,3.08,1.2687383377580146,16.84,1.2449493925051691,10.0,0.0,20.0,0.0,2.0,0.0,1.0,0.0,3.13,1.5219272736443836
482.0,482.0,100,1.92,1.1779111797902027,0.096,0.05889555898951016,0.904,0.05889555898951014,0.0,0.0,0.0014999999999999996,0.00857233039988826,9.55,0.6256309946079568,1.47,0.8581751840181856,8.49,0.8468002757856818,0.04,0.19694638556693236,3.13,1.236278220460038,3.08,1.2687383377580146,16.87,1.2362782204600367,10.0,0.0,20.0,0.0,2.0,0.0,1.0,0.0,3.13,1.5219272736443836
483.0,483.0,100,1.92,1.1779111797902027,0.096,0.05889555898951016,0.904,0.05889555898951014,0.0,0.0,0.0,0.0,9.55,0.6256309946079568,1.47,0.8581751840181856,8.49,0.8468002757856818,0.04,0.19694638556693236,3.13,1.236278220460038,3.08,1.2687383377580146,16.87,1.2362782204600367,10.0,0.0,20.0,0.0,2.0,0.0,1.0,0.0,3.13,1.5219272736443836
484.0,484.0,100,1.91,1.1728838670800128,0.0955,0.05864419335400065,0.9045000000000001,0.058644193354000645,0.0,0.0,0.0004999999999999999,0.004999999999999998,9.55,0.6256309946079568,1.46,0.8577631233374255,8.5,0.8468599159080069,0.04,0.19694638556693236,3.12,1.2413742791801758,3.08,1.2687383377580146,16.88,1.2413742791801745,10.0,0.0,20.0,0.0,2.0,0.0,1.0,0.0,3.13,1.5219272736443836
485.0,485.0,100,1.91,1.1728838670800128,0.0955,0.05864419335400065,0.9045000000000001,0.058644193354000645,0.0,0.0,0.0,0.0,9.55,0.6256309946079568,1.46,0.8577631233374255,8.5,0.8468599159080069,0.04,0.19694638556693236,3.12,1.2413742791801758,3.07,1.2573420739437182,16.88,1.2413742791801745,10.0,0.0,20.0,0.0,2.0,0.0,1.0,0.0,3.13,1.5219272736443836
486.0,486.0,100,1.89,1.1711601776085803,0.09450000000000001,0.05855800888042902,0.9055,0.058558008880428995,0.0,0.0,0.001,0.007035264706814485,9.57,0.6236905474591539,1.46,0.8577631233374255,8.5,0.8468599159080069,0.04,0.19694638556693236,3.1,1.2593087730412207,3.07,1.2573420739437182,16.9,1.2593087730412214,10.0,0.0,20.0,0.0,2.0,0.0,1.0,0.0,3.13,1.5219272736443836
487.0,487.0,100,1.89,1.1711601776085803,0.09450000000000001,0.05855800888042902,0.9055,0.058558008880428995,0.0,0.0,0.0,0.0,9.57,0.6236905474591539,1.46,0.8577631233374255,8.5,0.8468599159080069,0.04,0.19694638556693236,3.1,1.2593087730412207,3.06,1.2376256185604642,16.9,1.2593087730412214,10.0,0.0,20.0,0.0,2.0,0.0,1.0,0.0,3.13,1.5219272736443836
488.0,488.0,100,1.89,1.1711601776085803,0.09450000000000001,0.05855800888042902,0.9055,0.058558008880428995,0.0,0.0,0.0,0.0,9.57,0.6236905474591539,1.46,0.8577631233374255,8.5,0.8468599159080069,0.04,0.19694638556693236,3.1,1.2593087730412207,3.03,1.242797431018207,16.9,1.2593087730412214,10.0,0.0,20.0,0.0,2.0,0.0,1.0,0.0,3.13,1.5219272736443836
489.0,489.0,100,1.87,1.1690883956175755,0.0935,0.05845441978087878,0.9065000000000001,0.058454419780878765,0.0,0.0,0.0010000000000000002,0.007035264706814485,9.58,0.6224746962525846,1.45,0.8689364217539192,8.51,0.858645868372245,0.04,0.19694638556693236,3.08,1.2446248065545331,3.02,1.23075077686243,16.92,1.2446248065545333,10.0,0.0,20.0,0.0,2.0,0.0,1.0,0.0,3.13,1.5219272736443836
490.0,490.0,100,1.86,1.172237780546854,0.09300000000000001,0.05861188902734269,0.907,0.05861188902734269,0.0,0.0,0.0005,0.004999999999999998,9.59,0.621093854226216,1.45,0.8689364217539192,8.51,0.858645868372245,0.04,0.19694638556693236,3.07,1.2573420739437182,3.01,1.2101840581272976,16.93,1.257342073943718,10.0,0.0,20.0,0.0,2.0,0.0,1.0,0.0,3.13,1.5219272736443836
491.0,491.0,100,1.86,1.172237780546854,0.09300000000000001,0.05861188902734269,0.907,0.05861188902734269,0.0,0.0,0.0,0.0,9.59,0.621093854226216,1.45,0.8689364217539192,8.51,0.858645868372245,0.04,0.19694638556693236,3.07,1.2573420739437182,3.0,1.2060453783110545,16.93,1.257342073943718,10.0,0.0,20.0,0.0,2.0,0.0,1.0,0.0,3.13,1.5219272736443836
492.0,492.0,100,1.84,1.1696498655926086,0.09200000000000001,0.05848249327963045,0.9079999999999999,0.05848249327963044,0.0,0.0,0.001,0.007035264706814484,9.59,0.621093854226216,1.43,0.8558178792384756,8.53,0.8463230035055325,0.04,0.19694638556693236,3.05,1.2583057392117916,2.99,1.218502143924037,16.95,1.2583057392117916,10.0,0.0,20.0,0.0,2.0,0.0,1.0,0.0,3.13,1.5219272736443836
493.0,493.0,100,1.84,1.1696498655926086,0.09200000000000001,0.05848249327963045,0.9079999999999999,0.05848249327963044,0.0,0.0,0.0,0.0,9.59,0.621093854226216,1.43,0.8558178792384756,8.53,0.8463230035055325,0.04,0.19694638556693236,3.05,1.2583057392117916,2.99,1.218502143924037,16.95,1.2583057392117916,10.0,0.0,20.0,0.0,2.0,0.0,1.0,0.0,3.13,1.5219272736443836
494.0,494.0,100,1.84,1.1696498655926086,0.09200000000000001,0.05848249327963045,0.9079999999999999,0.05848249327963044,0.0,0.0,0.0,0.0,9.59,0.621093854226216,1.43,0.8558178792384756,8.53,0.8463230035055325,0.04,0.19694638556693236,3.05,1.2583057392117916,2.99,1.218502143924037,16.95,1.2583057392117916,10.0,0.0,20.0,0.0,2.0,0.0,1.0,0.0,3.13,1.5219272736443836
495.0,495.0,100,1.83,1.155181563410897,0.0915,0.057759078170544854,0.9085,0.057759078170544875,0.0,0.0,0.0005000000000000001,0.005000000000000001,9.59,0.621093854226216,1.42,0.8430344421831594,8.54,0.83387860948314,0.04,0.19694638556693236,3.04,1.254647924376163,2.99,1.218502143924037,16.96,1.254647924376163,10.0,0.0,20.0,0.0,2.0,0.0,1.0,0.0,3.13,1.5219272736443836
496.0,496.0,100,1.82,1.1580199052736964,0.091,0.05790099526368482,0.909,0.05790099526368485,0.0,0.0,0.0005,0.005,9.59,0.621093854226216,1.41,0.8420153793072304,8.55,0.833333333333333,0.04,0.19694638556693236,3.03,1.2669457427812427,2.99,1.218502143924037,16.97,1.266945742781243,10.0,0.0,20.0,0.0,2.0,0.0,1.0,0.0,3.13,1.5219272736443836
497.0,497.0,100,1.81,1.125417991932623,0.09050000000000001,0.056270899596631126,0.9095,0.05627089959663112,0.0,0.0,0.0004999999999999999,0.004999999999999997,9.6,0.5860327153276882,1.41,0.8420153793072304,8.55,0.833333333333333,0.04,0.19694638556693236,3.02,1.2470571418950758,2.98,1.2142254462592332,16.98,1.2470571418950758,10.0,0.0,20.0,0.0,2.0,0.0,1.0,0.0,3.13,1.5219272736443836
498.0,498.0,100,1.8,1.119162746219357,0.09,0.055958137310967826,0.91,0.05595813731096783,0.0,0.0,0.0004999999999999999,0.004999999999999998,9.61,0.5842201051942082,1.41,0.8420153793072304,8.55,0.833333333333333,0.04,0.19694638556693236,3.01,1.251221625274897,2.96,1.222020185321557,16.99,1.2512216252748976,10.0,0.0,20.0,0.0,2.0,0.0,1.0,0.0,3.13,1.5219272736443836
499.0,499.0,100,1.8,1.119162746219357,0.09,0.055958137310967826,0.91,0.05595813731096783,0.0,0.0,0.0,0.0,9.61,0.5842201051942082,1.41,0.8420153793072304,8.55,0.833333333333333,0.04,0.19694638556693236,3.01,1.251221625274897,2.95,1.217506974240079,16.99,1.2512216252748976,10.0,0.0,20.0,0.0,2.0,0.0,1.0,0.0,3.13,1.5219272736443836
500.0,500.0,100,1.79,1.1218221108914055,0.08950000000000001,0.05609110554457025,0.9105,0.05609110554457025,0.0,0.0,0.0005,0.005,9.62,0.5822283907453324,1.41,0.8420153793072304,8.55,0.833333333333333,0.04,0.19694638556693236,3.0,1.230914909793327,2.95,1.217506974240079,17.0,1.2309149097933276,10.0,0.0,20.0,0.0,2.0,0.0,1.0,0.0,3.13,1.5219272736443836
501.0,501.0,100,1.78,1.1243853539789748,0.08900000000000001,0.056219267698948736,0.9109999999999999,0.05621926769894872,0.0,0.0,0.0005,0.005,9.62,0.5822283907453324,1.4,0.8408749651825218,8.56,0.8326663997864528,0.04,0.19694638556693236,2.99,1.2267638301439663,2.92,1.2364824660660938,17.01,1.2267638301439667,10.0,0.0,20.0,0.0,2.0,0.0,1.0,0.0,3.13,1.5219272736443836
502.0,502.0,100,1.76,1.102064178959399,0.08800000000000001,0.05510320894796997,0.912,0.055103208947969946,0.0,0.0,0.001,0.007035264706814482,9.62,0.5822283907453324,1.38,0.8260897302498332,8.58,0.8187203614806652,0.04,0.19694638556693236,2.97,1.2264344312442528,2.92,1.2364824660660938,17.03,1.2264344312442537,10.0,0.0,20.0,0.0,2.0,0.0,1.0,0.0,3.13,1.5219272736443836
503.0,503.0,100,1.76,1.102064178959399,0.08800000000000001,0.05510320894796997,0.912,0.055103208947969946,0.0,0.0,0.0,0.0,9.62,0.5822283907453324,1.38,0.8260897302498332,8.58,0.8187203614806652,0.04,0.19694638556693236,2.97,1.2264344312442528,2.93,1.216510990455487,17.03,1.2264344312442537,10.0,0.0,20.0,0.0,2.0,0.0,1.0,0.0,3.13,1.5219272736443836
504.0,504.0,100,1.76,1.102064178959399,0.08800000000000001,0.05510320894796997,0.912,0.055103208947969946,0.0,0.0,0.0,0.0,9.62,0.5822283907453324,1.38,0.8260897302498332,8.58,0.8187203614806652,0.04,0.19694638556693236,2.97,1.2264344312442528,2.92,1.2033622929445678,17.03,1.2264344312442537,10.0,0.0,20.0,0.0,2.0,0.0,1.0,0.0,3.13,1.5219272736443836
505.0,505.0,100,1.74,1.1157277825923688,0.08700000000000001,0.05578638912961843,0.9129999999999999,0.055786389129618454,0.0,0.0,0.001,0.007035264706814485,9.62,0.5822283907453324,1.36,0.8350890595461884,8.6,0.8287754140107481,0.04,0.19694638556693236,2.95,1.22577536788975,2.92,1.2033622929445678,17.05,1.2257753678897498,10.0,0.0,20.0,0.0,2.0,0.0,1.0,0.0,3.13,1.5219272736443836
506.0,506.0,100,1.74,1.1157277825923688,0.08700000000000001,0.05578638912961843,0.9129999999999999,0.055786389129618454,0.0,0.0,0.0,0.0,9.62,0.5822283907453324,1.36,0.8350890595461884,8.6,0.8287754140107481,0.04,0.19694638556693236,2.95,1.22577536788975,2.92,1.2033622929445678,17.05,1.2257753678897498,10.0,0.0,20.0,0.0,2.0,0.0,1.0,0.0,3.13,1.5219272736443836
507.0,507.0,100,1.74,1.1157277825923688,0.08700000000000001,0.05578638912961843,0.9129999999999999,0.055786389129618454,0.0,0.0,0.0,0.0,9.62,0.5822283907453324,1.36,0.8350890595461884,8.6,0.8287754140107481,0.04,0.19694638556693236,2.95,1.22577536788975,2.92,1.2033622929445678,17.05,1.2257753678897498,10.0,0.0,20.0,0.0,2.0,0.0,1.0,0.0,3.13,1.5219272736443836
508.0,508.0,100,1.73,1.0996326291957326,0.08650000000000001,0.054981631459786635,0.9135,0.054981631459786615,0.0,0.0,0.0005000000000000001,0.005,9.63,0.5623723199648307,1.36,0.8350890595461884,8.6,0.8287754140107481,0.04,0.19694638556693236,2.94,1.2211933226615397,2.92,1.2033622929445678,17.06,1.2211933226615403,10.0,0.0,20.0,0.0,2.0,0.0,1.0,0.0,3.13,1.5219272736443836
509.0,509.0,100,1.71,1.0758600036597454,0.0855,0.05379300018298727,0.9145,0.05379300018298725,0.0,0.0,0.001,0.009999999999999997,9.65,0.5388914922357194,1.36,0.8350890595461884,8.6,0.8287754140107481,0.04,0.19694638556693236,2.93,1.216510990455487,2.92,1.2033622929445678,17.07,1.216510990455487,10.0,0.0,20.0,0.0,2.0,0.0,1.0,0.0,3.13,1.5219272736443836
510.0,510.0,100,1.71,1.0758600036597454,0.0855,0.05379300018298727,0.9145,0.05379300018298725,0.0,0.0,0.0,0.0,9.65,0.5388914922357194,1.36,0.8350890595461884,8.6,0.8287754140107481,0.04,0.19694638556693236,2.93,1.216510990455487,2.92,1.2033622929445678,17.07,1.216510990455487,10.0,0.0,20.0,0.0,2.0,0.0,1.0,0.0,3.13,1.5219272736443836
511.0,511.0,100,1.71,1.0758600036597454,0.0855,0.05379300018298727,0.9145,0.05379300018298725,0.0,0.0,0.0,0.0,9.65,0.5388914922357194,1.36,0.8350890595461884,8.6,0.8287754140107481,0.04,0.19694638556693236,2.93,1.216510990455487,2.92,1.2033622929445678,17.07,1.216510990455487,10.0,0.0,20.0,0.0,2.0,0.0,1.0,0.0,3.13,1.5219272736443836
512.0,512.0,100,1.71,1.0758600036597454,0.0855,0.05379300018298727,0.9145,0.05379300018298725,0.0,0.0,0.0,0.0,9.65,0.5388914922357194,1.36,0.8350890595461884,8.6,0.8287754140107481,0.04,0.19694638556693236,2.93,1.216510990455487,2.92,1.2033622929445678,17.07,1.216510990455487,10.0,0.0,20.0,0.0,2.0,0.0,1.0,0.0,3.13,1.5219272736443836
513.0,513.0,100,1.71,1.0758600036597454,0.0855,0.05379300018298727,0.9145,0.05379300018298725,0.0,0.0,0.0,0.0,9.65,0.5388914922357194,1.36,0.8350890595461884,8.6,0.8287754140107481,0.04,0.19694638556693236,2.93,1.216510990455487,2.92,1.2033622929445678,17.07,1.216510990455487,10.0,0.0,20.0,0.0,2.0,0.0,1.0,0.0,3.13,1.5219272736443836
514.0,514.0,100,1.71,1.0758600036597454,0.0855,0.05379300018298727,0.9145,0.05379300018298725,0.0,0.0,0.0,0.0,9.65,0.5388914922357194,1.36,0.8350890595461884,8.6,0.8287754140107481,0.04,0.19694638556693236,2.93,1.216510990455487,2.92,1.2033622929445678,17.07,1.216510990455487,10.0,0.0,20.0,0.0,2.0,0.0,1.0,0.0,3.13,1.5219272736443836
515.0,515.0,100,1.71,1.0758600036597454,0.0855,0.05379300018298727,0.9145,0.05379300018298725,0.0,0.0,0.0,0.0,9.65,0.5388914922357194,1.36,0.8350890595461884,8.6,0.8287754140107481,0.04,0.19694638556693236,2.93,1.216510990455487,2.91,1.215181742237212,17.07,1.216510990455487,10.0,0.0,20.0,0.0,2.0,0.0,1.0,0.0,3.13,1.5219272736443836
516.0,516.0,100,1.69,1.0889249633273983,0.0845,0.05444624816636993,0.9155,0.05444624816636991,0.0,0.0,0.001,0.010000000000000002,9.65,0.5388914922357194,1.34,0.8435135751813077,8.62,0.8382280492958124,0.04,0.19694638556693236,2.92,1.2033622929445678,2.91,1.215181742237212,17.08,1.2033622929445682,10.0,0.0,20.0,0.0,2.0,0.0,1.0,0.0,3.13,1.5219272736443836
517.0,517.0,100,1.69,1.0889249633273983,0.0845,0.05444624816636993,0.9155,0.05444624816636991,0.0,0.0,0.0,0.0,9.65,0.5388914922357194,1.34,0.8435135751813077,8.62,0.8382280492958124,0.04,0.19694638556693236,2.92,1.2033622929445678,2.91,1.215181742237212,17.08,1.2033622929445682,10.0,0.0,20.0,0.0,2.0,0.0,1.0,0.0,3.13,1.5219272736443836
518.0,518.0,100,1.69,1.0889249633273983,0.0845,0.05444624816636993,0.9155,0.05444624816636991,0.0,0.0,0.0,0.0,9.65,0.5388914922357194,1.34,0.8435135751813077,8.62,0.8382280492958124,0.04,0.19694638556693236,2.92,1.2033622929445678,2.9,1.2185435916898848,17.08,1.2033622929445682,10.0,0.0,20.0,0.0,2.0,0.0,1.0,0.0,3.13,1.5219272736443836
519.0,519.0,100,1.68,1.0906396973771626,0.084,0.05453198486885815,0.9159999999999999,0.054531984868858144,0.0,0.0,0.0005,0.005,9.65,0.5388914922357194,1.33,0.8415353933031089,8.63,0.8367203894378397,0.04,0.19694638556693236,2.91,1.215181742237212,2.9,1.2185435916898848,17.09,1.2151817422372122,10.0,0.0,20.0,0.0,2.0,0.0,1.0,0.0,3.13,1.5219272736443836
520.0,520.0,100,1.68,1.0906396973771626,0.084,0.05453198486885815,0.9159999999999999,0.054531984868858144,0.0,0.0,0.0,0.0,9.65,0.5388914922357194,1.33,0.8415353933031089,8.63,0.8367203894378397,0.04,0.19694638556693236,2.91,1.215181742237212,2.9,1.2185435916898848,17.09,1.2151817422372122,10.0,0.0,20.0,0.0,2.0,0.0,1.0,0.0,3.13,1.5219272736443836
521.0,521.0,100,1.68,1.0906396973771626,0.084,0.05453198486885815,0.9159999999999999,0.054531984868858144,0.0,0.0,0.0,0.0,9.65,0.5388914922357194,1.33,0.8415353933031089,8.63,0.8367203894378397,0.04,0.19694638556693236,2.91,1.215181742237212,2.88,1.1915527599724571,17.09,1.2151817422372122,10.0,0.0,20.0,0.0,2.0,0.0,1.0,0.0,3.13,1.5219272736443836
522.0,522.0,100,1.67,1.0829719677019725,0.08349999999999999,0.05414859838509865,0.9165000000000001,0.054148598385098626,0.0,0.0,0.0004999999999999999,0.004999999999999998,9.65,0.5388914922357194,1.32,0.8273115763993902,8.64,0.8229044398784813,0.04,0.19694638556693236,2.9,1.2185435916898848,2.88,1.1915527599724571,17.1,1.2185435916898852,10.0,0.0,20.0,0.0,2.0,0.0,1.0,0.0,3.13,1.5219272736443836
523.0,523.0,100,1.67,1.0829719677019725,0.08349999999999999,0.05414859838509865,0.9165000000000001,0.054148598385098626,0.0,0.0,0.0,0.0,9.65,0.5388914922357194,1.32,0.8273115763993902,8.64,0.8229044398784813,0.04,0.19694638556693236,2.9,1.2185435916898848,2.88,1.1915527599724571,17.1,1.2185435916898852,10.0,0.0,20.0,0.0,2.0,0.0,1.0,0.0,3.13,1.5219272736443836
524.0,524.0,100,1.67,1.0829719677019725,0.08349999999999999,0.05414859838509865,0.9165000000000001,0.054148598385098626,0.0,0.0,0.0,0.0,9.65,0.5388914922357194,1.32,0.8273115763993902,8.64,0.8229044398784813,0.04,0.19694638556693236,2.9,1.2185435916898848,2.88,1.1915527599724571,17.1,1.2185435916898852,10.0,0.0,20.0,0.0,2.0,0.0,1.0,0.0,3.13,1.5219272736443836
525.0,525.0,100,1.67,1.0829719677019725,0.08349999999999999,0.05414859838509865,0.9165000000000001,0.054148598385098626,0.0,0.0,0.0,0.0,9.65,0.5388914922357194,1.32,0.8273115763993902,8.64,0.8229044398784813,0.04,0.19694638556693236,2.9,1.2185435916898848,2.88,1.1915527599724571,17.1,1.2185435916898852,10.0,0.0,20.0,0.0,2.0,0.0,1.0,0.0,3.13,1.5219272736443836
526.0,526.0,100,1.67,1.0829719677019725,0.08349999999999999,0.05414859838509865,0.9165000000000001,0.054148598385098626,0.0,0.0,0.0,0.0,9.65,0.5388914922357194,1.32,0.8273115763993902,8.64,0.8229044398784813,0.04,0.19694638556693236,2.9,1.2185435916898848,2.88,1.1915527599724571,17.1,1.2185435916898852,10.0,0.0,20.0,0.0,2.0,0.0,1.0,0.0,3.13,1.5219272736443836
527.0,527.0,100,1.67,1.0829719677019725,0.08349999999999999,0.05414859838509865,0.9165000000000001,0.054148598385098626,0.0,0.0,0.0,0.0,9.65,0.5388914922357194,1.32,0.8273115763993902,8.64,0.8229044398784813,0.04,0.19694638556693236,2.9,1.2185435916898848,2.88,1.1915527599724571,17.1,1.2185435916898852,10.0,0.0,20.0,0.0,2.0,0.0,1.0,0.0,3.13,1.5219272736443836
528.0,528.0,100,1.67,1.0829719677019725,0.08349999999999999,0.05414859838509865,0.9165000000000001,0.054148598385098626,0.0,0.0,0.0,0.0,9.65,0.5388914922357194,1.32,0.8273115763993902,8.64,0.8229044398784813,0.04,0.19694638556693236,2.9,1.2185435916898848,2.87,1.1862426889855706,17.1,1.2185435916898852,10.0,0.0,20.0,0.0,2.0,0.0,1.0,0.0,3.13,1.5219272736443836
529.0,529.0,100,1.67,1.0829719677019725,0.08349999999999999,0.05414859838509865,0.9165000000000001,0.054148598385098626,0.0,0.0,0.0,0.0,9.65,0.5388914922357194,1.32,0.8273115763993902,8.64,0.8229044398784813,0.04,0.19694638556693236,2.9,1.2185435916898848,2.87,1.1862426889855706,17.1,1.2185435916898852,10.0,0.0,20.0,0.0,2.0,0.0,1.0,0.0,3.13,1.5219272736443836
530.0,530.0,100,1.67,1.0829719677019725,0.08349999999999999,0.05414859838509865,0.9165000000000001,0.054148598385098626,0.0,0.0,0.0,0.0,9.65,0.5388914922357194,1.32,0.8273115763993902,8.64,0.8229044398784813,0.04,0.19694638556693236,2.9,1.2185435916898848,2.87,1.1862426889855706,17.1,1.2185435916898852,10.0,0.0,20.0,0.0,2.0,0.0,1.0,0.0,3.13,1.5219272736443836
531.0,531.0,100,1.65,1.0576799462440745,0.0825,0.05288399731220373,0.9175,0.052883997312203716,0.0,0.0,0.001,0.007035264706814485,9.67,0.5135536717202731,1.32,0.8273115763993902,8.64,0.8229044398784813,0.04,0.19694638556693236,2.88,1.1915527599724571,2.86,1.2062128729828308,17.12,1.1915527599724567,10.0,0.0,20.0,0.0,2.0,0.0,1.0,0.0,3.13,1.5219272736443836
532.0,532.0,100,1.65,1.0576799462440745,0.0825,0.05288399731220373,0.9175,0.052883997312203716,0.0,0.0,0.0,0.0,9.67,0.5135536717202731,1.32,0.8273115763993902,8.64,0.8229044398784813,0.04,0.19694638556693236,2.88,1.1915527599724571,2.85,1.217506974240079,17.12,1.1915527599724567,10.0,0.0,20.0,0.0,2.0,0.0,1.0,0.0,3.13,1.5219272736443836
533.0,533.0,100,1.65,1.0576799462440745,0.0825,0.05288399731220373,0.9175,0.052883997312203716,0.0,0.0,0.0,0.0,9.67,0.5135536717202731,1.32,0.8273115763993902,8.64,0.8229044398784813,0.04,0.19694638556693236,2.88,1.1915527599724571,2.85,1.217506974240079,17.12,1.1915527599724567,10.0,0.0,20.0,0.0,2.0,0.0,1.0,0.0,3.13,1.5219272736443836
534.0,534.0,100,1.65,1.0576799462440745,0.0825,0.05288399731220373,0.9175,0.052883997312203716,0.0,0.0,0.0,0.0,9.67,0.5135536717202731,1.32,0.8273115763993902,8.64,0.8229044398784813,0.04,0.19694638556693236,2.88,1.1915527599724571,2.85,1.217506974240079,17.12,1.1915527599724567,10.0,0.0,20.0,0.0,2.0,0.0,1.0,0.0,3.13,1.5219272736443836
535.0,535.0,100,1.64,1.06855892763019,0.08200000000000002,0.0534279463815095,0.9179999999999999,0.05342794638150951,0.0,0.0,0.0005,0.004999999999999999,9.67,0.5135536717202731,1.31,0.837203135988567,8.65,0.8333333333333336,0.04,0.19694638556693236,2.87,1.2115187896924164,2.85,1.217506974240079,17.13,1.2115187896924156,10.0,0.0,20.0,0.0,2.0,0.0,1.0,0.0,3.13,1.5219272736443836
536.0,536.0,100,1.63,1.069834311725631,0.0815,0.053491715586281546,0.9185,0.053491715586281546,0.0,0.0,0.0005,0.005,9.67,0.5135536717202731,1.3,0.8348471099367217,8.66,0.8314524227597939,0.04,0.19694638556693236,2.86,1.2228464888748445,2.85,1.217506974240079,17.14,1.222846488874844,10.0,0.0,20.0,0.0,2.0,0.0,1.0,0.0,3.13,1.5219272736443836
537.0,537.0,100,1.63,1.069834311725631,0.0815,0.053491715586281546,0.9185,0.053491715586281546,0.0,0.0,0.0,0.0,9.67,0.5135536717202731,1.3,0.8348471099367217,8.66,0.8314524227597939,0.04,0.19694638556693236,2.86,1.2228464888748445,2.84,1.228615053421921,17.14,1.222846488874844,10.0,0.0,20.0,0.0,2.0,0.0,1.0,0.0,3.13,1.5219272736443836
538.0,538.0,100,1.61,1.0814785987692772,0.0805,0.05407392993846386,0.9195,0.05407392993846385,0.0,0.0,0.001,0.01,9.67,0.5135536717202731,1.28,0.8418354166265923,8.68,0.8394322275481594,0.04,0.19694638556693236,2.85,1.217506974240079,2.84,1.228615053421921,17.15,1.2175069742400788,10.0,0.0,20.0,0.0,2.0,0.0,1.0,0.0,3.13,1.5219272736443836
539.0,539.0,100,1.61,1.0814785987692772,0.0805,0.05407392993846386,0.9195,0.05407392993846385,0.0,0.0,0.0,0.0,9.67,0.5135536717202731,1.28,0.8418354166265923,8.68,0.8394322275481594,0.04,0.19694638556693236,2.85,1.217506974240079,2.83,1.231366162545742,17.15,1.2175069742400788,10.0,0.0,20.0,0.0,2.0,0.0,1.0,0.0,3.13,1.5219272736443836
540.0,540.0,100,1.61,1.0814785987692772,0.0805,0.05407392993846386,0.9195,0.05407392993846385,0.0,0.0,0.0,0.0,9.67,0.5135536717202731,1.28,0.8418354166265923,8.68,0.8394322275481594,0.04,0.19694638556693236,2.85,1.217506974240079,2.83,1.231366162545742,17.15,1.2175069742400788,10.0,0.0,20.0,0.0,2.0,0.0,1.0,0.0,3.13,1.5219272736443836
541.0,541.0,100,1.6,1.0824588545146514,0.08,0.05412294272573259,0.92,0.054122942725732565,0.0,0.0,0.0005,0.005,9.67,0.5135536717202731,1.27,0.8391313449880264,8.69,0.8372031359885669,0.04,0.19694638556693236,2.84,1.228615053421921,2.83,1.231366162545742,17.16,1.2286150534219205,10.0,0.0,20.0,0.0,2.0,0.0,1.0,0.0,3.13,1.5219272736443836
542.0,542.0,100,1.6,1.0824588545146514,0.08,0.05412294272573259,0.92,0.054122942725732565,0.0,0.0,0.0,0.0,9.67,0.5135536717202731,1.27,0.8391313449880264,8.69,0.8372031359885669,0.04,0.19694638556693236,2.84,1.228615053421921,2.83,1.231366162545742,17.16,1.2286150534219205,10.0,0.0,20.0,0.0,2.0,0.0,1.0,0.0,3.13,1.5219272736443836
543.0,543.0,100,1.59,1.0926291154085104,0.0795,0.054631455770425524,0.9205,0.054631455770425504,0.0,0.0,0.0005,0.005,9.67,0.5135536717202731,1.26,0.8482900209220663,8.7,0.8468599159080072,0.04,0.19694638556693236,2.83,1.231366162545742,2.83,1.231366162545742,17.17,1.231366162545742,10.0,0.0,20.0,0.0,2.0,0.0,1.0,0.0,3.13,1.5219272736443836
544.0,544.0,100,1.59,1.0926291154085104,0.0795,0.054631455770425524,0.9205,0.054631455770425504,0.0,0.0,0.0,0.0,9.67,0.5135536717202731,1.26,0.8482900209220663,8.7,0.8468599159080072,0.04,0.19694638556693236,2.83,1.231366162545742,2.82,1.2421877084524313,17.17,1.231366162545742,10.0,0.0,20.0,0.0,2.0,0.0,1.0,0.0,3.13,1.5219272736443836
545.0,545.0,100,1.59,1.0926291154085104,0.0795,0.054631455770425524,0.9205,0.054631455770425504,0.0,0.0,0.0,0.0,9.67,0.5135536717202731,1.26,0.8482900209220663,8.7,0.8468599159080072,0.04,0.19694638556693236,2.83,1.231366162545742,2.82,1.2421877084524313,17.17,1.231366162545742,10.0,0.0,20.0,0.0,2.0,0.0,1.0,0.0,3.13,1.5219272736443836
546.0,546.0,100,1.59,1.0926291154085104,0.0795,0.054631455770425524,0.9205,0.054631455770425504,0.0,0.0,0.0,0.0,9.67,0.5135536717202731,1.26,0.8482900209220663,8.7,0.8468599159080072,0.04,0.19694638556693236,2.83,1.231366162545742,2.82,1.2421877084524313,17.17,1.231366162545742,10.0,0.0,20.0,0.0,2.0,0.0,1.0,0.0,3.13,1.5219272736443836
547.0,547.0,100,1.59,1.0926291154085104,0.0795,0.054631455770425524,0.9205,0.054631455770425504,0.0,0.0,0.0,0.0,9.67,0.5135536717202731,1.26,0.8482900209220663,8.7,0.8468599159080072,0.04,0.19694638556693236,2.83,1.231366162545742,2.82,1.2421877084524313,17.17,1.231366162545742,10.0,0.0,20.0,0.0,2.0,0.0,1.0,0.0,3.13,1.5219272736443836
548.0,548.0,100,1.59,1.0926291154085104,0.0795,0.054631455770425524,0.9205,0.054631455770425504,0.0,0.0,0.0,0.0,9.67,0.5135536717202731,1.26,0.8482900209220663,8.7,0.8468599159080072,0.04,0.19694638556693236,2.83,1.231366162545742,2.8,1.2390938363794468,17.17,1.231366162545742,10.0,0.0,20.0,0.0,2.0,0.0,1.0,0.0,3.13,1.5219272736443836
549.0,549.0,100,1.59,1.0926291154085104,0.0795,0.054631455770425524,0.9205,0.054631455770425504,0.0,0.0,0.0,0.0,9.67,0.5135536717202731,1.26,0.8482900209220663,8.7,0.8468599159080072,0.04,0.19694638556693236,2.83,1.231366162545742,2.8,1.2390938363794468,17.17,1.231366162545742,10.0,0.0,20.0,0.0,2.0,0.0,1.0,0.0,3.13,1.5219272736443836
550.0,550.0,100,1.59,1.0926291154085104,0.0795,0.054631455770425524,0.9205,0.054631455770425504,0.0,0.0,0.0,0.0,9.67,0.5135536717202731,1.26,0.8482900209220663,8.7,0.8468599159080072,0.04,0.19694638556693236,2.83,1.231366162545742,2.79,1.2496059985111916,17.17,1.231366162545742,10.0,0.0,20.0,0.0,2.0,0.0,1.0,0.0,3.13,1.5219272736443836
551.0,551.0,100,1.59,1.0926291154085104,0.0795,0.054631455770425524,0.9205,0.054631455770425504,0.0,0.0,0.0,0.0,9.67,0.5135536717202731,1.26,0.8482900209220663,8.7,0.8468599159080072,0.04,0.19694638556693236,2.83,1.231366162545742,2.79,1.2496059985111916,17.17,1.231366162545742,10.0,0.0,20.0,0.0,2.0,0.0,1.0,0.0,3.13,1.5219272736443836
552.0,552.0,100,1.58,1.1026139740442145,0.079,0.055130698702210726,0.9209999999999999,0.05513069870221071,0.0,0.0,0.0005,0.005,9.67,0.5135536717202731,1.25,0.8572330399888262,8.71,0.8562898593539008,0.04,0.19694638556693236,2.82,1.2340292876703869,2.79,1.2496059985111916,17.18,1.2340292876703869,10.0,0.0,20.0,0.0,2.0,0.0,1.0,0.0,3.13,1.5219272736443836
553.0,553.0,100,1.58,1.1026139740442145,0.079,0.055130698702210726,0.9209999999999999,0.05513069870221071,0.0,0.0,0.0,0.0,9.67,0.5135536717202731,1.25,0.8572330399888262,8.71,0.8562898593539008,0.04,0.19694638556693236,2.82,1.2340292876703869,2.77,1.278058818456468,17.18,1.2340292876703869,10.0,0.0,20.0,0.0,2.0,0.0,1.0,0.0,3.13,1.5219272736443836
554.0,554.0,100,1.56,1.1038957643663003,0.078,0.055194788218315013,0.922,0.055194788218315,0.0,0.0,0.001,0.007035264706814485,9.68,0.5101000100000196,1.24,0.8542230210530325,8.72,0.8537498983243796,0.04,0.19694638556693236,2.8,1.2552918289216957,2.77,1.278058818456468,17.2,1.2552918289216948,10.0,0.0,20.0,0.0,2.0,0.0,1.0,0.0,3.13,1.5219272736443836
555.0,555.0,100,1.56,1.1038957643663003,0.078,0.055194788218315013,0.922,0.055194788218315,0.0,0.0,0.0,0.0,9.68,0.5101000100000196,1.24,0.8542230210530325,8.72,0.8537498983243796,0.04,0.19694638556693236,2.8,1.2552918289216957,2.77,1.278058818456468,17.2,1.2552918289216948,10.0,0.0,20.0,0.0,2.0,0.0,1.0,0.0,3.13,1.5219272736443836
556.0,556.0,100,1.56,1.1038957643663003,0.078,0.055194788218315013,0.922,0.055194788218315,0.0,0.0,0.0,0.0,9.68,0.5101000100000196,1.24,0.8542230210530325,8.72,0.8537498983243796,0.04,0.19694638556693236,2.8,1.2552918289216957,2.76,1.2801515061850601,17.2,1.2552918289216948,10.0,0.0,20.0,0.0,2.0,0.0,1.0,0.0,3.13,1.5219272736443836
557.0,557.0,100,1.54,1.113915652465698,0.077,0.05569578262328487,0.9229999999999999,0.05569578262328488,0.0,0.0,0.001,0.007035264706814485,9.68,0.5101000100000196,1.22,0.8596452169295767,8.74,0.860115096831802,0.04,0.19694638556693236,2.78,1.2837759960681647,2.76,1.2801515061850601,17.22,1.283775996068164,10.0,0.0,20.0,0.0,2.0,0.0,1.0,0.0,3.13,1.5219272736443836
558.0,558.0,100,1.53,1.0959521481849066,0.0765,0.05479760740924532,0.9235,0.054797607409245316,0.0,0.0,0.0005000000000000001,0.005,9.69,0.4860685407045248,1.22,0.8596452169295767,8.74,0.860115096831802,0.04,0.19694638556693236,2.77,1.278058818456468,2.74,1.2919330126174922,17.23,1.2780588184564685,10.0,0.0,20.0,0.0,2.0,0.0,1.0,0.0,3.13,1.5219272736443836
559.0,559.0,100,1.53,1.0959521481849066,0.0765,0.05479760740924532,0.9235,0.054797607409245316,0.0,0.0,0.0,0.0,9.69,0.4860685407045248,1.22,0.8596452169295767,8.74,0.860115096831802,0.04,0.19694638556693236,2.77,1.278058818456468,2.74,1.2919330126174922,17.23,1.2780588184564685,10.0,0.0,20.0,0.0,2.0,0.0,1.0,0.0,3.13,1.5219272736443836
560.0,560.0,100,1.52,1.0869287655656839,0.07600000000000001,0.05434643827828419,0.924,0.05434643827828419,0.0,0.0,0.0004999999999999999,0.004999999999999997,9.69,0.4860685407045248,1.21,0.8562898593539009,8.75,0.8572330399888265,0.04,0.19694638556693236,2.76,1.2801515061850601,2.74,1.2919330126174922,17.24,1.2801515061850606,10.0,0.0,20.0,0.0,2.0,0.0,1.0,0.0,3.13,1.5219272736443836
561.0,561.0,100,1.52,1.0869287655656839,0.07600000000000001,0.05434643827828419,0.924,0.05434643827828419,0.0,0.0,0.0,0.0,9.69,0.4860685407045248,1.21,0.8562898593539009,8.75,0.8572330399888265,0.04,0.19694638556693236,2.76,1.2801515061850601,2.74,1.2919330126174922,17.24,1.2801515061850606,10.0,0.0,20.0,0.0,2.0,0.0,1.0,0.0,3.13,1.5219272736443836
562.0,562.0,100,1.52,1.0869287655656839,0.07600000000000001,0.05434643827828419,0.924,0.05434643827828419,0.0,0.0,0.0,0.0,9.69,0.4860685407045248,1.21,0.8562898593539009,8.75,0.8572330399888265,0.04,0.19694638556693236,2.76,1.2801515061850601,2.73,1.2859379314867274,17.24,1.2801515061850606,10.0,0.0,20.0,0.0,2.0,0.0,1.0,0.0,3.13,1.5219272736443836
563.0,563.0,100,1.52,1.0869287655656839,0.07600000000000001,0.05434643827828419,0.924,0.05434643827828419,0.0,0.0,0.0,0.0,9.69,0.4860685407045248,1.21,0.8562898593539009,8.75,0.8572330399888265,0.04,0.19694638556693236,2.76,1.2801515061850601,2.73,1.2859379314867274,17.24,1.2801515061850606,10.0,0.0,20.0,0.0,2.0,0.0,1.0,0.0,3.13,1.5219272736443836
564.0,564.0,100,1.52,1.0869287655656839,0.07600000000000001,0.05434643827828419,0.924,0.05434643827828419,0.0,0.0,0.0,0.0,9.69,0.4860685407045248,1.21,0.8562898593539009,8.75,0.8572330399888265,0.04,0.19694638556693236,2.76,1.2801515061850601,2.73,1.2859379314867274,17.24,1.2801515061850606,10.0,0.0,20.0,0.0,2.0,0.0,1.0,0.0,3.13,1.5219272736443836
565.0,565.0,100,1.52,1.0869287655656839,0.07600000000000001,0.05434643827828419,0.924,0.05434643827828419,0.0,0.0,0.0,0.0,9.69,0.4860685407045248,1.21,0.8562898593539009,8.75,0.8572330399888265,0.04,0.19694638556693236,2.76,1.2801515061850601,2.72,1.295524541791408,17.24,1.2801515061850606,10.0,0.0,20.0,0.0,2.0,0.0,1.0,0.0,3.13,1.5219272736443836
566.0,566.0,100,1.51,1.087068154127041,0.0755,0.054353407706352046,0.9245,0.05435340770635203,0.0,0.0,0.0005,0.004999999999999998,9.69,0.4860685407045248,1.2,0.8528028654224418,8.76,0.8542230210530325,0.04,0.19694638556693236,2.75,1.2742595393943001,2.72,1.295524541791408,17.25,1.2742595393943008,10.0,0.0,20.0,0.0,2.0,0.0,1.0,0.0,3.13,1.5219272736443836
567.0,567.0,100,1.51,1.087068154127041,0.0755,0.054353407706352046,0.9245,0.05435340770635203,0.0,0.0,0.0,0.0,9.69,0.4860685407045248,1.2,0.8528028654224418,8.76,0.8542230210530325,0.04,0.19694638556693236,2.75,1.2742595393943001,2.72,1.295524541791408,17.25,1.2742595393943008,10.0,0.0,20.0,0.0,2.0,0.0,1.0,0.0,3.13,1.5219272736443836
568.0,568.0,100,1.5,1.0777829844714388,0.075,0.05388914922357195,0.925,0.05388914922357193,0.0,0.0,0.0004999999999999999,0.004999999999999998,9.7,0.48199920365414756,1.2,0.8528028654224418,8.76,0.8542230210530325,0.04,0.19694638556693236,2.74,1.276200167954412,2.7,1.2909944487358058,17.26,1.276200167954412,10.0,0.0,20.0,0.0,2.0,0.0,1.0,0.0,3.13,1.5219272736443836
569.0,569.0,100,1.5,1.0777829844714388,0.075,0.05388914922357195,0.925,0.05388914922357193,0.0,0.0,0.0,0.0,9.7,0.48199920365414756,1.2,0.8528028654224418,8.76,0.8542230210530325,0.04,0.19694638556693236,2.74,1.276200167954412,2.7,1.2909944487358058,17.26,1.276200167954412,10.0,0.0,20.0,0.0,2.0,0.0,1.0,0.0,3.13,1.5219272736443836
570.0,570.0,100,1.5,1.0777829844714388,0.075,0.05388914922357195,0.925,0.05388914922357193,0.0,0.0,0.0,0.0,9.7,0.48199920365414756,1.2,0.8528028654224418,8.76,0.8542230210530325,0.04,0.19694638556693236,2.74,1.276200167954412,2.7,1.2909944487358058,17.26,1.276200167954412,10.0,0.0,20.0,0.0,2.0,0.0,1.0,0.0,3.13,1.5219272736443836
571.0,571.0,100,1.5,1.0777829844714388,0.075,0.05388914922357195,0.925,0.05388914922357193,0.0,0.0,0.0,0.0,9.7,0.48199920365414756,1.2,0.8528028654224418,8.76,0.8542230210530325,0.04,0.19694638556693236,2.74,1.276200167954412,2.69,1.29251926894962,17.26,1.276200167954412,10.0,0.0,20.0,0.0,2.0,0.0,1.0,0.0,3.13,1.5219272736443836
572.0,572.0,100,1.49,1.0588253449512395,0.0745,0.05294126724756197,0.9255,0.05294126724756198,0.0,0.0,0.0005000000000000001,0.005,9.7,0.48199920365414756,1.19,0.8372031359885672,8.76,0.8542230210530325,0.05,0.21904291355759034,2.73,1.2701308291795466,2.68,1.3017470777940907,17.27,1.270130829179547,10.0,0.0,20.0,0.0,2.0,0.0,1.0,0.0,3.13,1.5219272736443836
573.0,573.0,100,1.49,1.0588253449512395,0.0745,0.05294126724756197,0.9255,0.05294126724756198,0.0,0.0,0.0,0.0,9.7,0.48199920365414756,1.19,0.8372031359885672,8.77,0.8391313449880262,0.04,0.19694638556693236,2.74,1.276200167954412,2.67,1.3031042967010769,17.26,1.276200167954412,10.0,0.0,20.0,0.0,2.0,0.0,1.0,0.0,3.13,1.5219272736443836
574.0,574.0,100,1.48,1.0586822378825864,0.07400000000000001,0.05293411189412932,0.9259999999999999,0.05293411189412931,0.0,0.0,0.0005,0.005,9.7,0.48199920365414756,1.18,0.833393937190243,8.78,0.8358144881406747,0.04,0.19694638556693236,2.73,1.2859379314867274,2.67,1.295329605883687,17.27,1.285937931486728,10.0,0.0,20.0,0.0,2.0,0.0,1.0,0.0,3.13,1.5219272736443836
575.0,575.0,100,1.46,1.067613216384089,0.073,0.05338066081920446,0.927,0.053380660819204444,0.0,0.0,0.001,0.007035264706814485,9.71,0.47768380565162377,1.17,0.8415353933031088,8.79,0.844411216783803,0.04,0.19694638556693236,2.71,1.297199781347219,2.66,1.296615641280068,17.29,1.2971997813472191,10.0,0.0,20.0,0.0,2.0,0.0,1.0,0.0,3.13,1.5219272736443836
576.0,576.0,100,1.45,1.0671873729054746,0.0725,0.05335936864527375,0.9275,0.05335936864527373,0.0,0.0,0.0005,0.005,9.71,0.47768380565162377,1.16,0.8375047112787732,8.8,0.8408749651825216,0.04,0.19694638556693236,2.7,1.3065491598369756,2.65,1.2978225742925857,17.3,1.306549159836976,10.0,0.0,20.0,0.0,2.0,0.0,1.0,0.0,3.13,1.5219272736443836
577.0,577.0,100,1.44,1.0760946974963674,0.07200000000000001,0.05380473487481836,0.9279999999999999,0.05380473487481835,0.0,0.0,0.0005,0.004999999999999998,9.71,0.47768380565162377,1.15,0.8453676505795953,8.81,0.8491826135237998,0.04,0.19694638556693236,2.69,1.3080558478177073,2.65,1.2978225742925857,17.31,1.3080558478177076,10.0,0.0,20.0,0.0,2.0,0.0,1.0,0.0,3.13,1.5219272736443836
578.0,578.0,100,1.42,1.074779751926652,0.07100000000000001,0.05373898759633259,0.929,0.053738987596332576,0.0,0.0,0.001,0.007035264706814484,9.72,0.47311561360663607,1.14,0.8530397222150723,8.82,0.8572919543244851,0.04,0.19694638556693236,2.67,1.295329605883687,2.64,1.2911509234286698,17.33,1.295329605883687,10.0,0.0,20.0,0.0,2.0,0.0,1.0,0.0,3.13,1.5219272736443836
579.0,579.0,100,1.41,1.0645338525534653,0.0705,0.053226692627673274,0.9295,0.05322669262767324,0.0,0.0,0.0004999999999999999,0.0049999999999999975,9.72,0.47311561360663607,1.13,0.8487066809581685,8.83,0.8534540634292146,0.04,0.19694638556693236,2.66,1.296615641280068,2.64,1.2911509234286698,17.34,1.296615641280068,10.0,0.0,20.0,0.0,2.0,0.0,1.0,0.0,3.13,1.5219272736443836
580.0,580.0,100,1.4,1.0730867399773196,0.07,0.05365433699886597,0.93,0.05365433699886597,0.0,0.0,0.0005,0.005,9.72,0.47311561360663607,1.12,0.8561128973034414,8.84,0.8612886750783278,0.04,0.19694638556693236,2.65,1.2978225742925857,2.63,1.2922066320051062,17.35,1.2978225742925857,10.0,0.0,20.0,0.0,2.0,0.0,1.0,0.0,3.13,1.5219272736443836
581.0,581.0,100,1.4,1.0730867399773196,0.07,0.05365433699886597,0.93,0.05365433699886597,0.0,0.0,0.0,0.0,9.72,0.47311561360663607,1.12,0.8561128973034414,8.84,0.8612886750783278,0.04,0.19694638556693236,2.65,1.2978225742925857,2.63,1.2922066320051062,17.35,1.2978225742925857,10.0,0.0,20.0,0.0,2.0,0.0,1.0,0.0,3.13,1.5219272736443836
582.0,582.0,100,1.39,1.0814785987692774,0.0695,0.054073929938463876,0.9305,0.054073929938463855,0.0,0.0,0.0005,0.004999999999999999,9.72,0.47311561360663607,1.11,0.8633385983225443,8.85,0.857233039988826,0.04,0.19694638556693236,2.64,1.2911509234286698,2.62,1.2931833714996617,17.36,1.2911509234286709,10.0,0.0,20.0,0.0,2.0,0.0,1.0,0.0,3.13,1.5219272736443836
583.0,583.0,100,1.39,1.0814785987692774,0.0695,0.054073929938463876,0.9305,0.054073929938463855,0.0,0.0,0.0,0.0,9.72,0.47311561360663607,1.11,0.8633385983225443,8.85,0.857233039988826,0.04,0.19694638556693236,2.64,1.2911509234286698,2.62,1.2931833714996617,17.36,1.2911509234286709,10.0,0.0,20.0,0.0,2.0,0.0,1.0,0.0,3.13,1.5219272736443836
584.0,584.0,100,1.38,1.0897131491703438,0.069,0.05448565745851717,0.9309999999999999,0.054485657458517175,0.0,0.0,0.0005,0.005,9.72,0.47311561360663607,1.1,0.8703882797784892,8.86,0.864799854231479,0.04,0.19694638556693236,2.63,1.2922066320051062,2.62,1.2931833714996617,17.37,1.2922066320051069,10.0,0.0,20.0,0.0,2.0,0.0,1.0,0.0,3.13,1.5219272736443836
585.0,585.0,100,1.38,1.0897131491703438,0.069,0.05448565745851717,0.9309999999999999,0.054485657458517175,0.0,0.0,0.0,0.0,9.72,0.47311561360663607,1.1,0.8703882797784892,8.86,0.864799854231479,0.04,0.19694638556693236,2.63,1.2922066320051062,2.61,1.294081320723881,17.37,1.2922066320051069,10.0,0.0,20.0,0.0,2.0,0.0,1.0,0.0,3.13,1.5219272736443836
586.0,586.0,100,1.37,1.0792346708420162,0.0685,0.053961733542100807,0.9315000000000001,0.053961733542100807,0.0,0.0,0.0004999999999999999,0.0049999999999999975,9.72,0.47311561360663607,1.09,0.85392735006669,8.87,0.8487066809581683,0.04,0.19694638556693236,2.62,1.2931833714996617,2.61,1.294081320723881,17.38,1.2931833714996614,10.0,0.0,20.0,0.0,2.0,0.0,1.0,0.0,3.13,1.5219272736443836
587.0,587.0,100,1.37,1.0792346708420162,0.0685,0.053961733542100807,0.9315000000000001,0.053961733542100807,0.0,0.0,0.0,0.0,9.72,0.47311561360663607,1.09,0.85392735006669,8.87,0.8487066809581683,0.04,0.19694638556693236,2.62,1.2931833714996617,2.61,1.294081320723881,17.38,1.2931833714996614,10.0,0.0,20.0,0.0,2.0,0.0,1.0,0.0,3.13,1.5219272736443836
588.0,588.0,100,1.37,1.0792346708420162,0.0685,0.053961733542100807,0.9315000000000001,0.053961733542100807,0.0,0.0,0.0,0.0,9.72,0.47311561360663607,1.09,0.85392735006669,8.87,0.8487066809581683,0.04,0.19694638556693236,2.62,1.2931833714996617,2.61,1.294081320723881,17.38,1.2931833714996614,10.0,0.0,20.0,0.0,2.0,0.0,1.0,0.0,3.13,1.5219272736443836
589.0,589.0,100,1.36,1.0685589276301901,0.068,0.0534279463815095,0.932,0.05342794638150951,0.0,0.0,0.0004999999999999999,0.004999999999999998,9.72,0.47311561360663607,1.08,0.8370221386594625,8.88,0.8321810214882652,0.04,0.19694638556693236,2.61,1.294081320723881,2.61,1.294081320723881,17.39,1.2940813207238808,10.0,0.0,20.0,0.0,2.0,0.0,1.0,0.0,3.13,1.5219272736443836
590.0,590.0,100,1.36,1.0685589276301901,0.068,0.0534279463815095,0.932,0.05342794638150951,0.0,0.0,0.0,0.0,9.72,0.47311561360663607,1.08,0.8370221386594625,8.88,0.8321810214882652,0.04,0.19694638556693236,2.61,1.294081320723881,2.61,1.294081320723881,17.39,1.2940813207238808,10.0,0.0,20.0,0.0,2.0,0.0,1.0,0.0,3.13,1.5219272736443836
591.0,591.0,100,1.36,1.0685589276301901,0.068,0.0534279463815095,0.932,0.05342794638150951,0.0,0.0,0.0,0.0,9.72,0.47311561360663607,1.08,0.8370221386594625,8.88,0.8321810214882652,0.04,0.19694638556693236,2.61,1.294081320723881,2.61,1.294081320723881,17.39,1.2940813207238808,10.0,0.0,20.0,0.0,2.0,0.0,1.0,0.0,3.13,1.5219272736443836
592.0,592.0,100,1.36,1.0685589276301901,0.068,0.0534279463815095,0.932,0.05342794638150951,0.0,0.0,0.0,0.0,9.72,0.47311561360663607,1.08,0.8370221386594625,8.88,0.8321810214882652,0.04,0.19694638556693236,2.61,1.294081320723881,2.6,1.310408988511494,17.39,1.2940813207238808,10.0,0.0,20.0,0.0,2.0,0.0,1.0,0.0,3.13,1.5219272736443836
593.0,593.0,100,1.36,1.0685589276301901,0.068,0.0534279463815095,0.932,0.05342794638150951,0.0,0.0,0.0,0.0,9.72,0.47311561360663607,1.08,0.8370221386594625,8.88,0.8321810214882652,0.04,0.19694638556693236,2.61,1.294081320723881,2.58,1.2963039922811472,17.39,1.2940813207238808,10.0,0.0,20.0,0.0,2.0,0.0,1.0,0.0,3.13,1.5219272736443836
594.0,594.0,100,1.36,1.0685589276301901,0.068,0.0534279463815095,0.932,0.05342794638150951,0.0,0.0,0.0,0.0,9.72,0.47311561360663607,1.08,0.8370221386594625,8.88,0.8321810214882652,0.04,0.19694638556693236,2.61,1.294081320723881,2.57,1.2890760922913633,17.39,1.2940813207238808,10.0,0.0,20.0,0.0,2.0,0.0,1.0,0.0,3.13,1.5219272736443836
595.0,595.0,100,1.36,1.0685589276301901,0.068,0.0534279463815095,0.932,0.05342794638150951,0.0,0.0,0.0,0.0,9.72,0.47311561360663607,1.08,0.8370221386594625,8.88,0.8321810214882652,0.04,0.19694638556693236,2.61,1.294081320723881,2.57,1.2890760922913633,17.39,1.2940813207238808,10.0,0.0,20.0,0.0,2.0,0.0,1.0,0.0,3.13,1.5219272736443836
596.0,596.0,100,1.35,1.07661084384791,0.0675,0.053830542192395504,0.9325,0.05383054219239548,0.0,0.0,0.0005,0.004999999999999999,9.72,0.47311561360663607,1.07,0.8439325934114774,8.89,0.8396127053287692,0.04,0.19694638556693236,2.6,1.310408988511494,2.57,1.2890760922913633,17.4,1.3104089885114945,10.0,0.0,20.0,0.0,2.0,0.0,1.0,0.0,3.13,1.5219272736443836
597.0,597.0,100,1.35,1.07661084384791,0.0675,0.053830542192395504,0.9325,0.05383054219239548,0.0,0.0,0.0,0.0,9.72,0.47311561360663607,1.07,0.8439325934114774,8.89,0.8396127053287692,0.04,0.19694638556693236,2.6,1.310408988511494,2.57,1.2890760922913633,17.4,1.3104089885114945,10.0,0.0,20.0,0.0,2.0,0.0,1.0,0.0,3.13,1.5219272736443836
598.0,598.0,100,1.34,1.075155614764484,0.067,0.05375778073822421,0.9329999999999999,0.053757780738224216,0.0,0.0,0.0005,0.005,9.72,0.47311561360663607,1.06,0.8387099280647292,8.9,0.8348471099367217,0.04,0.19694638556693236,2.59,1.3034143197344767,2.57,1.2890760922913633,17.41,1.3034143197344776,10.0,0.0,20.0,0.0,2.0,0.0,1.0,0.0,3.13,1.5219272736443836
599.0,599.0,100,1.34,1.075155614764484,0.067,0.05375778073822421,0.9329999999999999,0.053757780738224216,0.0,0.0,0.0,0.0,9.72,0.47311561360663607,1.06,0.8387099280647292,8.9,0.8348471099367217,0.04,0.19694638556693236,2.59,1.3034143197344767,2.57,1.2890760922913633,17.41,1.3034143197344776,10.0,0.0,20.0,0.0,2.0,0.0,1.0,0.0,3.13,1.5219272736443836
600.0,600.0,100,20.0,0.0,1.0,0.0,0.0,0.0,0.0,0.0,-0.9329999999999999,0.053757780738224216,0.0,0.0,10.0,0.0,0.0,0.0,0.0,0.0,20.0,0.0,14.09,2.510965849020949,0.0,0.0,10.0,0.0,20.0,0.0,2.0,0.0,1.0,0.0,0.0,0.0
601.0,601.0,100,19.96,0.19694638556693245,0.998,0.009847319278346624,0.002,0.009847319278346619,0.0,0.0,0.0020000000000000018,0.009847319278346627,0.04,0.19694638556693236,10.0,0.0,0.0,0.0,0.0,0.0,19.96,0.19694638556693245,13.82,2.591282978516139,0.04,0.19694638556693236,10.0,0.0,20.0,0.0,2.0,0.0,1.0,0.0,0.0,0.0
602.0,602.0,100,19.77,0.48938221207451943,0.9884999999999999,0.024469110603725967,0.011500000000000002,0.024469110603725946,0.0,0.0,0.009500000000000005,0.019713862220183138,0.2,0.4020151261036849,9.97,0.17144660799776487,0.03,0.1714466079977653,0.0,0.0,19.77,0.48938221207451943,13.43,2.749673993532155,0.23,0.489382212074519,10.0,0.0,20.0,0.0,2.0,0.0,1.0,0.0,0.0,0.0
603.0,603.0,100,19.51,0.7034546786030245,0.9754999999999999,0.03517273393015122,0.0245,0.03517273393015124,0.0,0.0,0.013000000000000003,0.023159525823376357,0.4,0.5504818825631804,9.91,0.2876234912646612,0.06,0.23868325657594205,0.03,0.1714466079977653,19.48,0.7847022210734318,13.07,2.836468853267308,0.52,0.7847022210734308,10.0,0.0,20.0,0.0,2.0,0.0,1.0,0.0,0.0,0.0
604.0,604.0,100,19.06,1.0132456102380452,0.953,0.05066228051190221,0.047,0.050662280511902205,0.0,0.0,0.0225,0.031281549730397845,0.77,0.8022065529122496,9.83,0.3775251680686371,0.14,0.348735088019777,0.03,0.1714466079977653,19.03,1.0679443105822743,12.7,2.935329899033772,0.97,1.0679443105822746,10.0,0.0,20.0,0.0,2.0,0.0,1.0,0.0,0.0,0.0
605.0,605.0,100,18.5,1.3219208552234702,0.925,0.06609604276117344,0.075,0.06609604276117345,0.0,0.0,0.027999999999999997,0.03645946967926069,1.18,1.0188129357147946,9.68,0.5295319068800675,0.32,0.5295319068800675,0.0,0.0,18.5,1.3219208552234702,12.39,2.970885661913231,1.5,1.3219208552234691,10.0,0.0,20.0,0.0,2.0,0.0,1.0,0.0,0.0,0.0
606.0,606.0,100,17.88,1.6347242068077514,0.894,0.08173621034038758,0.106,0.08173621034038757,0.0,0.0,0.030999999999999996,0.03878195977565346,1.61,1.1882845627290635,9.49,0.6275654418770874,0.47,0.6105966613307698,0.04,0.19694638556693242,17.84,1.6980083401539345,12.15,2.9107081994288304,2.16,1.6980083401539354,10.0,0.0,20.0,0.0,2.0,0.0,1.0,0.0,0.0,0.0
607.0,607.0,100,17.07,1.9082754391112282,0.8534999999999999,0.09541377195556143,0.1465,0.0954137719555614,0.0,0.0,0.0405,0.04000946857629549,2.12,1.2575428984389125,9.19,0.837203135988567,0.73,0.8022065529122494,0.08,0.2726599243442907,16.99,1.9974478666032762,11.98,2.842605150280996,3.01,1.997447866603276,10.0,0.0,20.0,0.0,2.0,0.0,1.0,0.0,0.0,0.0
608.0,608.0,100,16.27,2.0930621325964243,0.8134999999999999,0.10465310662982119,0.1865,0.10465310662982123,0.0,0.0,0.039999999999999994,0.04020151261036849,2.7,1.3446489534747754,8.97,0.9476712552783312,1.0,0.963998407308295,0.03,0.1714466079977653,16.24,2.099158080389527,11.73,2.7955773151985124,3.76,2.099158080389528,10.0,0.0,20.0,0.0,2.0,0.0,1.0,0.0,0.0,0.0
609.0,609.0,100,15.44,2.090478655739161,0.772,0.10452393278695807,0.228,0.10452393278695807,0.0,0.0,0.0415,0.036275461277688686,3.24,1.334242114536196,8.68,1.0529420063264967,1.24,1.0647710428713648,0.08,0.30748244591432294,15.35,2.1385117075275337,11.56,2.731484962618337,4.65,2.138511707527533,10.0,0.0,20.0,0.0,2.0,0.0,1.0,0.0,0.0,0.0
610.0,610.0,100,14.74,2.149089541779462,0.737,0.1074544770889731,0.263,0.10745447708897311,0.0,0.0,0.035,0.035887028128263686,3.64,1.322073669611035,8.38,1.1261806375012966,1.48,1.0586822378825864,0.14,0.348735088019777,14.59,2.2701176937406444,11.41,2.648021941378168,5.41,2.270117693740644,10.0,0.0,20.0,0.0,2.0,0.0,1.0,0.0,0.0,0.0
611.0,611.0,100,14.28,2.1838710880665397,0.7140000000000001,0.10919355440332695,0.28600000000000003,0.10919355440332695,0.0,0.0,0.023,0.035118845842842465,3.78,1.360184182418326,8.06,1.1354703559727701,1.85,1.140396882889922,0.09,0.2876234912646614,14.18,2.2128184870354053,11.27,2.597026271439212,5.82,2.212818487035404,10.0,0.0,20.0,0.0,2.0,0.0,1.0,0.0,0.0,0.0
612.0,612.0,100,13.93,2.2394759487997464,0.6965,0.11197379743998731,0.3035,0.11197379743998732,0.0,0.0,0.0175,0.026944574611785975,3.94,1.4200583285786736,7.87,1.1516786167866608,2.02,1.1279730636514473,0.11,0.31446603773522014,13.81,2.3728046738410686,11.21,2.5477064353665395,6.19,2.3728046738410686,10.0,0.0,20.0,0.0,2.0,0.0,1.0,0.0,0.0,0.0
613.0,613.0,100,13.53,2.3070160884404842,0.6765000000000001,0.11535080442202421,0.3235,0.11535080442202424,0.0,0.0,0.019999999999999997,0.02752409412815901,4.07,1.4442851505016578,7.6,1.1806521053804941,2.35,1.1752927853573898,0.05,0.2190429135575903,13.48,2.3547930917705933,11.1,2.568260032776977,6.52,2.354793091770593,10.0,0.0,20.0,0.0,2.0,0.0,1.0,0.0,0.0,0.0
614.0,614.0,100,13.08,2.472801543744964,0.654,0.12364007718724816,0.34600000000000003,0.1236400771872482,0.0,0.0,0.0225,0.035798961668820184,4.29,1.565376644901808,7.37,1.228080542220997,2.56,1.2578641509408808,0.07,0.2564323999762428,13.01,2.4720457319819347,11.08,2.5531917042768018,6.99,2.472045731981935,10.0,0.0,20.0,0.0,2.0,0.0,1.0,0.0,0.0,0.0
615.0,615.0,100,12.81,2.5254062579467824,0.6405,0.12627031289733912,0.35950000000000004,0.12627031289733912,0.0,0.0,0.013499999999999998,0.024469110603725957,4.39,1.5498126312297213,7.2,1.247219128924647,2.74,1.2919330126174922,0.06,0.23868325657594208,12.75,2.5040371443335308,10.99,2.488336428584001,7.25,2.50403714433353,10.0,0.0,20.0,0.0,2.0,0.0,1.0,0.0,0.0,0.0
616.0,616.0,100,12.59,2.5109658490209488,0.6295000000000001,0.12554829245104743,0.3705,0.12554829245104746,0.0,0.0,0.011000000000000001,0.0219963265987388,4.5,1.534123643496623,7.09,1.2479882801832507,2.84,1.2769914137170502,0.07,0.25643239997624273,12.52,2.516531202454937,10.94,2.4071442487610577,7.48,2.5165312024549373,10.0,0.0,20.0,0.0,2.0,0.0,1.0,0.0,0.0,0.0
617.0,617.0,100,12.39,2.494013033266067,0.6195,0.12470065166330335,0.38049999999999995,0.12470065166330341,0.0,0.0,0.01,0.022473328748774737,4.59,1.5248447511637093,6.98,1.2631530214330946,3.01,1.2592686670276427,0.01,0.09999999999999999,12.38,2.501635828449421,10.93,2.3581151521304204,7.62,2.5016358284494205,10.0,0.0,20.0,0.0,2.0,0.0,1.0,0.0,0.0,0.0
618.0,618.0,100,12.19,2.4850868326190465,0.6095,0.12425434163095231,0.39049999999999996,0.12425434163095232,0.0,0.0,0.01,0.024618298195866552,4.71,1.512874045909929,6.9,1.2593087730412211,3.06,1.2618729065651708,0.04,0.1969463855669324,12.15,2.5080677902329604,10.86,2.3911452815702674,7.85,2.5080677902329596,10.0,0.0,20.0,0.0,2.0,0.0,1.0,0.0,0.0,0.0
619.0,619.0,100,12.04,2.420117703123073,0.602,0.12100588515615361,0.39799999999999996,0.12100588515615361,0.0,0.0,0.007500000000000002,0.020566472667421558,4.82,1.4796942081034685,6.86,1.2554527534565436,3.1,1.2673044646258473,0.04,0.19694638556693236,12.0,2.43708718337977,10.78,2.401935246690245,8.0,2.4370871833797705,10.0,0.0,20.0,0.0,2.0,0.0,1.0,0.0,0.0,0.0
620.0,620.0,100,11.88,2.379542439676633,0.594,0.11897712198383163,0.406,0.11897712198383166,0.0,0.0,0.007999999999999997,0.01842264745887352,4.92,1.4402581137919117,6.8,1.2226812728383034,3.2,1.2226812728383036,0.0,0.0,11.88,2.379542439676633,10.6,2.3484359721209165,8.12,2.379542439676633,10.0,0.0,20.0,0.0,2.0,0.0,1.0,0.0,0.0,0.0
621.0,621.0,100,11.76,2.3703556396848677,0.588,0.11851778198424343,0.41200000000000003,0.1185177819842434,0.0,0.0,0.005999999999999998,0.017809315460503163,5.02,1.4493467703093212,6.78,1.2108933174572507,3.22,1.210893317457251,0.0,0.0,11.76,2.3703556396848677,10.48,2.2895458506044823,8.24,2.3703556396848677,10.0,0.0,20.0,0.0,2.0,0.0,1.0,0.0,0.0,0.0
622.0,622.0,100,11.59,2.3914620860659506,0.5795,0.11957310430329754,0.4205,0.11957310430329757,0.0,0.0,0.008499999999999997,0.020169734302121618,5.12,1.4444599843763917,6.71,1.2168430756293396,3.27,1.1964172104304338,0.02,0.1407052941362897,11.57,2.4131583730317687,10.36,2.3334199118136634,8.43,2.4131583730317687,10.0,0.0,20.0,0.0,2.0,0.0,1.0,0.0,0.0,0.0
623.0,623.0,100,11.42,2.412844417242476,0.5710000000000001,0.12064222086212377,0.429,0.1206422208621238,0.0,0.0,0.008499999999999997,0.01887625840343184,5.23,1.455432179210982,6.65,1.2583057392117913,3.35,1.2583057392117916,0.0,0.0,11.42,2.412844417242476,10.15,2.2758059955305794,8.58,2.412844417242476,10.0,0.0,20.0,0.0,2.0,0.0,1.0,0.0,0.0,0.0
624.0,624.0,100,11.3,2.443296332763787,0.565,0.12216481663818932,0.435,0.12216481663818932,0.0,0.0,0.006,0.01917489941764409,5.28,1.4707930932773388,6.58,1.2647513429903758,3.41,1.2560560368378344,0.01,0.09999999999999999,11.29,2.454824151779841,10.08,2.281590797153724,8.71,2.454824151779841,10.0,0.0,20.0,0.0,2.0,0.0,1.0,0.0,0.0,0.0
625.0,625.0,100,11.14,2.4121745083193846,0.557,0.1206087254159691,0.44299999999999995,0.12060872541596916,0.0,0.0,0.008000000000000002,0.018422647458873533,5.37,1.4815702835338271,6.51,1.2512216252748969,3.49,1.2512216252748976,0.0,0.0,11.14,2.4121745083193846,10.01,2.2495566342070723,8.86,2.4121745083193846,10.0,0.0,20.0,0.0,2.0,0.0,1.0,0.0,0.0,0.0
626.0,626.0,100,11.05,2.371442045198949,0.5525,0.11857210225994745,0.4475,0.11857210225994745,0.0,0.0,0.004500000000000002,0.014381174563233075,5.42,1.4437605218471807,6.47,1.2346430392398584,3.5,1.251261989215914,0.03,0.1714466079977653,11.02,2.3825120432777744,9.9,2.2405807328016594,8.98,2.3825120432777744,10.0,0.0,20.0,0.0,2.0,0.0,1.0,0.0,0.0,0.0
627.0,627.0,100,10.91,2.335907670791945,0.5455000000000001,0.11679538353959722,0.4545,0.11679538353959722,0.0,0.0,0.006999999999999996,0.018829377433825432,5.49,1.4248515783063231,6.4,1.2226812728383043,3.59,1.2316942425255983,0.01,0.09999999999999999,10.9,2.3290003057626305,9.81,2.200527943999629,9.1,2.3290003057626305,10.0,0.0,20.0,0.0,2.0,0.0,1.0,0.0,0.0,0.0
628.0,628.0,100,10.82,2.3586505301193568,0.541,0.11793252650596786,0.45899999999999996,0.11793252650596782,0.0,0.0,0.0045,0.014381174563233068,5.53,1.4386792484073647,6.35,1.2339883600452932,3.62,1.2454361128179603,0.03,0.17144660799776532,10.79,2.3711012656825123,9.74,2.172463108914847,9.21,2.3711012656825123,10.0,0.0,20.0,0.0,2.0,0.0,1.0,0.0,0.0,0.0
629.0,629.0,100,10.69,2.325506353029334,0.5345,0.1162753176514668,0.46549999999999997,0.11627531765146676,0.0,0.0,0.006500000000000001,0.016899883449481557,5.62,1.4339322216065917,6.31,1.2366049972371609,3.69,1.2366049972371609,0.0,0.0,10.69,2.325506353029334,9.62,2.121463188604992,9.31,2.325506353029334,10.0,0.0,20.0,0.0,2.0,0.0,1.0,0.0,0.0,0.0
630.0,630.0,100,10.54,2.267112255667544,0.527,0.11335561278337723,0.473,0.11335561278337723,0.0,0.0,0.007499999999999996,0.019299604852813623,5.76,1.4007213149017905,6.3,1.2431631210161223,3.69,1.2528351685660648,0.01,0.1,10.53,2.27616104239333,9.61,2.1172452084553814,9.47,2.27616104239333,10.0,0.0,20.0,0.0,2.0,0.0,1.0,0.0,0.0,0.0
631.0,631.0,100,10.4,2.183501034503251,0.52,0.10917505172516254,0.48,0.1091750517251625,0.0,0.0,0.007000000000000002,0.021343747458109498,5.84,1.3833059508060224,6.24,1.2070499977091658,3.75,1.2257753678897498,0.01,0.1,10.39,2.1644277476385008,9.6,2.064612860229797,9.61,2.1644277476385008,10.0,0.0,20.0,0.0,2.0,0.0,1.0,0.0,0.0,0.0
632.0,632.0,100,10.25,2.166666666666667,0.5125,0.10833333333333332,0.4875,0.10833333333333332,0.0,0.0,0.007500000000000002,0.01794351406413184,5.91,1.3860415257527858,6.16,1.1952769004238595,3.84,1.1952769004238593,0.0,0.0,10.25,2.166666666666667,9.49,2.067033203077847,9.75,2.166666666666667,10.0,0.0,20.0,0.0,2.0,0.0,1.0,0.0,0.0,0.0
633.0,633.0,100,10.11,2.1783832388616875,0.5055000000000001,0.10891916194308437,0.49450000000000005,0.10891916194308439,0.0,0.0,0.006999999999999999,0.02012586656644888,6.04,1.399278313267163,6.15,1.1838560518556096,3.84,1.1867960433388918,0.01,0.1,10.1,2.1765508809521856,9.4,1.9898733526523649,9.9,2.1765508809521856,10.0,0.0,20.0,0.0,2.0,0.0,1.0,0.0,0.0,0.0
634.0,634.0,100,10.07,2.170765354021992,0.5035000000000001,0.10853826770109959,0.4965,0.10853826770109962,0.0,0.0,0.0020000000000000013,0.009847319278346625,6.07,1.423149161315684,6.14,1.154875479754148,3.86,1.1548754797541483,0.0,0.0,10.07,2.170765354021992,9.29,2.016572750129699,9.93,2.170765354021992,10.0,0.0,20.0,0.0,2.0,0.0,1.0,0.0,0.0,0.0
635.0,635.0,100,9.97,2.16703959494528,0.4985,0.10835197974726404,0.5015,0.10835197974726402,0.0,0.0,0.004999999999999999,0.015075567228888177,6.12,1.4233265914253783,6.09,1.129002420124273,3.91,1.129002420124273,0.0,0.0,9.97,2.16703959494528,9.18,2.0119842961814616,10.03,2.16703959494528,10.0,0.0,20.0,0.0,2.0,0.0,1.0,0.0,0.0,0.0
636.0,636.0,100,9.88,2.1801677259172774,0.494,0.10900838629586386,0.506,0.10900838629586387,0.0,0.0,0.0045000000000000005,0.014381174563233071,6.19,1.4403633099487307,6.07,1.1393334929162786,3.92,1.1693043775137106,0.01,0.09999999999999999,9.87,2.1633074191845663,9.07,2.090164557825025,10.13,2.1633074191845663,10.0,0.0,20.0,0.0,2.0,0.0,1.0,0.0,0.0,0.0
637.0,637.0,100,9.78,2.162957197538555,0.489,0.10814785987692772,0.511,0.10814785987692775,0.0,0.0,0.005,0.016666666666666666,6.24,1.4363252775852353,6.02,1.1368928060838688,3.98,1.1368928060838688,0.0,0.0,9.78,2.162957197538555,8.96,2.0445542350845134,10.22,2.162957197538555,10.0,0.0,20.0,0.0,2.0,0.0,1.0,0.0,0.0,0.0
638.0,638.0,100,9.7,2.167249338901663,0.485,0.10836246694508317,0.515,0.1083624669450832,0.0,0.0,0.003999999999999999,0.013632996217214532,6.27,1.4203072650918631,5.97,1.1322187032191224,4.02,1.1279730636514473,0.01,0.09999999999999999,9.69,2.1728117983643016,8.88,2.026491220476088,10.31,2.1728117983643016,10.0,0.0,20.0,0.0,2.0,0.0,1.0,0.0,0.0,0.0
639.0,639.0,100,9.56,2.1335227188664274,0.47800000000000004,0.1066761359433214,0.522,0.10667613594332132,0.0,0.0,0.007000000000000001,0.017436754400988852,6.36,1.3963878364906324,5.92,1.1252833537658977,4.07,1.1304330090185744,0.01,0.1,9.55,2.1432298858112127,8.8,2.0646128602297966,10.45,2.1432298858112127,10.0,0.0,20.0,0.0,2.0,0.0,1.0,0.0,0.0,0.0
640.0,640.0,100,9.44,2.1895989208856115,0.47200000000000003,0.10947994604428059,0.528,0.10947994604428059,0.0,0.0,0.005999999999999998,0.019174899417644088,6.39,1.3990978334179305,5.83,1.1551815634108973,4.17,1.1551815634108973,0.0,0.0,9.44,2.1895989208856115,8.69,2.0434423323540516,10.56,2.1895989208856115,10.0,0.0,20.0,0.0,2.0,0.0,1.0,0.0,0.0,0.0
641.0,641.0,100,9.36,2.158001319964772,0.468,0.1079000659982386,0.532,0.10790006599823858,0.0,0.0,0.004,0.013632996217214536,6.41,1.4077347661108506,5.77,1.1534314198963198,4.23,1.1534314198963198,0.0,0.0,9.36,2.158001319964772,8.56,2.061283311165374,10.64,2.158001319964772,10.0,0.0,20.0,0.0,2.0,0.0,1.0,0.0,0.0,0.0
642.0,642.0,100,9.25,2.1290439833005532,0.4625,0.10645219916502761,0.5375,0.10645219916502761,0.0,0.0,0.0055000000000000005,0.017254775360093004,6.49,1.4034229439466777,5.74,1.1336897835177508,4.26,1.1336897835177508,0.0,0.0,9.25,2.1290439833005532,8.46,2.0617732879511976,10.75,2.1290439833005532,10.0,0.0,20.0,0.0,2.0,0.0,1.0,0.0,0.0,0.0
643.0,643.0,100,9.16,2.0924105281186622,0.458,0.10462052640593311,0.542,0.10462052640593311,0.0,0.0,0.004500000000000001,0.014381174563233077,6.54,1.3737804508991702,5.7,1.1326200964261066,4.3,1.1326200964261066,0.0,0.0,9.16,2.0924105281186622,8.34,2.016197040234536,10.84,2.0924105281186622,10.0,0.0,20.0,0.0,2.0,0.0,1.0,0.0,0.0,0.0
644.0,644.0,100,9.08,2.0970397606091686,0.45399999999999996,0.1048519880304584,0.546,0.10485198803045843,0.0,0.0,0.004,0.013632996217214532,6.59,1.3640033176297817,5.67,1.1464041278024184,4.33,1.1464041278024184,0.0,0.0,9.08,2.0970397606091686,8.29,2.0315441706179356,10.92,2.0970397606091686,10.0,0.0,20.0,0.0,2.0,0.0,1.0,0.0,0.0,0.0
645.0,645.0,100,8.96,2.1268841914021475,0.44800000000000006,0.10634420957010733,0.552,0.10634420957010733,0.0,0.0,0.006000000000000003,0.017809315460503173,6.66,1.37965008006898,5.62,1.1527744310527053,4.37,1.160416156629016,0.01,0.09999999999999999,8.95,2.1337830965283944,8.15,2.0319418984773847,11.05,2.1337830965283944,10.0,0.0,20.0,0.0,2.0,0.0,1.0,0.0,0.0,0.0
646.0,646.0,100,8.86,2.1743221398120305,0.44299999999999995,0.10871610699060152,0.557,0.10871610699060154,0.0,0.0,0.005,0.01666666666666667,6.68,1.3917505871993365,5.54,1.1670562120224555,4.46,1.1670562120224555,0.0,0.0,8.86,2.1743221398120305,8.02,2.079141236863981,11.14,2.1743221398120305,10.0,0.0,20.0,0.0,2.0,0.0,1.0,0.0,0.0,0.0
647.0,647.0,100,8.79,2.156947899793651,0.4395,0.10784739498968257,0.5605,0.10784739498968253,0.0,0.0,0.003500000000000001,0.01282161999881214,6.73,1.3988090172238192,5.52,1.1588918426800248,4.48,1.1588918426800248,0.0,0.0,8.79,2.156947899793651,7.94,2.048995812192851,11.21,2.156947899793651,10.0,0.0,20.0,0.0,2.0,0.0,1.0,0.0,0.0,0.0
648.0,648.0,100,8.69,2.158820291387185,0.43450000000000005,0.10794101456935923,0.5655,0.10794101456935933,0.0,0.0,0.005,0.015075567228888179,6.78,1.3895715494025815,5.47,1.1845384388576476,4.52,1.184751604192357,0.01,0.1,8.68,2.1643577440997235,7.85,2.0761999086326104,11.32,2.1643577440997235,10.0,0.0,20.0,0.0,2.0,0.0,1.0,0.0,0.0,0.0
649.0,649.0,100,8.58,2.1470204865573526,0.429,0.1073510243278676,0.5710000000000001,0.10735102432786761,0.0,0.0,0.0055,0.017254775360093004,6.84,1.405041427909303,5.42,1.1649771316089073,4.57,1.165627242598108,0.01,0.09999999999999999,8.57,2.16143891466268,7.78,2.0625570087009506,11.43,2.1614389146626802,10.0,0.0,20.0,0.0,2.0,0.0,1.0,0.0,0.0,0.0
650.0,650.0,100,8.46,2.0957870197907114,0.423,0.10478935098953558,0.5770000000000001,0.10478935098953562,0.0,0.0,0.006000000000000003,0.016329931618554533,6.9,1.3521400919589757,5.36,1.1504939650586452,4.64,1.1504939650586452,0.0,0.0,8.46,2.0957870197907114,7.68,2.039409698709879,11.54,2.0957870197907122,10.0,0.0,20.0,0.0,2.0,0.0,1.0,0.0,0.0,0.0
651.0,651.0,100,8.33,2.0648819273114323,0.4165,0.1032440963655716,0.5835,0.10324409636557161,0.0,0.0,0.006499999999999999,0.01833333333333333,6.98,1.363151428925568,5.31,1.1073218214058709,4.69,1.1073218214058709,0.0,0.0,8.33,2.0648819273114323,7.65,2.011959193915174,11.67,2.0648819273114323,10.0,0.0,20.0,0.0,2.0,0.0,1.0,0.0,0.0,0.0
652.0,652.0,100,8.25,2.0615528128088303,0.4125,0.1030776406404415,0.5875,0.10307764064044149,0.0,0.0,0.004000000000000001,0.01363299621721454,7.01,1.344611392923546,5.26,1.1157277825923688,4.73,1.1087803837523187,0.01,0.09999999999999999,8.24,2.070085149275876,7.55,1.9713862220183127,11.76,2.0700851492758767,10.0,0.0,20.0,0.0,2.0,0.0,1.0,0.0,0.0,0.0
653.0,653.0,100,8.13,1.9931954953863114,0.4065,0.09965977476931558,0.5935,0.09965977476931553,0.0,0.0,0.006000000000000001,0.017809315460503166,7.1,1.298795090408293,5.23,1.1178532817843132,4.76,1.1292260691072957,0.01,0.09999999999999999,8.12,1.9963603245542991,7.45,1.9194643613111018,11.88,1.996360324554299,10.0,0.0,20.0,0.0,2.0,0.0,1.0,0.0,0.0,0.0
654.0,654.0,100,8.09,1.9954240581182667,0.4045,0.09977120290591335,0.5954999999999999,0.09977120290591339,0.0,0.0,0.0020000000000000005,0.009847319278346622,7.1,1.298795090408293,5.19,1.1073218214058713,4.81,1.1073218214058713,0.0,0.0,8.09,1.9954240581182667,7.37,1.8567648632973854,11.91,1.9954240581182667,10.0,0.0,20.0,0.0,2.0,0.0,1.0,0.0,0.0,0.0
655.0,655.0,100,8.01,1.9873082144936498,0.40049999999999997,0.09936541072468252,0.5995,0.0993654107246825,0.0,0.0,0.003999999999999999,0.015374122295716145,7.15,1.2900160518929267,5.16,1.1166327448488547,4.84,1.1166327448488547,0.0,0.0,8.01,1.9873082144936498,7.28,1.809514695807535,11.99,1.9873082144936498,10.0,0.0,20.0,0.0,2.0,0.0,1.0,0.0,0.0,0.0
656.0,656.0,100,7.9,2.017599333541491,0.395,0.10087996667707459,0.605,0.10087996667707456,0.0,0.0,0.0055000000000000005,0.017254775360093004,7.23,1.324630689908121,5.13,1.125058921015951,4.86,1.128331207195526,0.01,0.09999999999999999,7.89,2.0145681543409864,7.23,1.7970514570801635,12.11,2.0145681543409864,10.0,0.0,20.0,0.0,2.0,0.0,1.0,0.0,0.0,0.0
657.0,657.0,100,7.81,1.9781380899801468,0.39049999999999996,0.09890690449900734,0.6095,0.09890690449900728,0.0,0.0,0.0045000000000000005,0.014381174563233071,7.26,1.2997280212771167,5.07,1.1304330090185741,4.93,1.1304330090185741,0.0,0.0,7.81,1.9781380899801468,7.13,1.7959269292912603,12.19,1.9781380899801475,10.0,0.0,20.0,0.0,2.0,0.0,1.0,0.0,0.0,0.0
658.0,658.0,100,7.68,1.979082534096968,0.384,0.09895412670484839,0.616,0.09895412670484845,0.0,0.0,0.006499999999999999,0.018333333333333326,7.3,1.2909944487358054,4.98,1.145743109395502,5.02,1.145743109395502,0.0,0.0,7.68,1.979082534096968,7.08,1.7620006993887558,12.32,1.979082534096968,10.0,0.0,20.0,0.0,2.0,0.0,1.0,0.0,0.0,0.0
659.0,659.0,100,7.63,1.9830341001667728,0.3815,0.09915170500833867,0.6185,0.09915170500833864,0.0,0.0,0.0025000000000000005,0.010952145677879522,7.33,1.295329605883687,4.96,1.1274356350191839,5.04,1.1274356350191839,0.0,0.0,7.63,1.9830341001667728,6.99,1.7144366215445033,12.37,1.9830341001667733,10.0,0.0,20.0,0.0,2.0,0.0,1.0,0.0,0.0,0.0
660.0,660.0,100,7.56,1.9813269709102947,0.37799999999999995,0.09906634854551473,0.622,0.0990663485455148,0.0,0.0,0.003499999999999999,0.012821619998812135,7.37,1.2764771597619522,4.93,1.1214618886421273,5.06,1.108461487236642,0.01,0.09999999999999999,7.55,1.991776020834601,6.93,1.6832808272639312,12.45,1.9917760208346011,10.0,0.0,20.0,0.0,2.0,0.0,1.0,0.0,0.0,0.0
661.0,661.0,100,7.45,1.9765033914885284,0.3725,0.09882516957442648,0.6275,0.0988251695744264,0.0,0.0,0.0055000000000000005,0.015723301886761007,7.39,1.270448898634024,4.84,1.1256423530903172,5.15,1.1225422086055425,0.01,0.09999999999999998,7.44,1.981326970910295,6.86,1.7057241715749203,12.56,1.9813269709102952,10.0,0.0,20.0,0.0,2.0,0.0,1.0,0.0,0.0,0.0
662.0,662.0,100,7.4,1.9384467383902393,0.37,0.09692233691951199,0.63,0.09692233691951202,0.0,0.0,0.0024999999999999988,0.01095214567787951,7.42,1.2405603165464787,4.82,1.12258719937563,5.17,1.1106008929558553,0.01,0.1,7.39,1.9534739839733228,6.8,1.7115177268415687,12.61,1.9534739839733228,10.0,0.0,20.0,0.0,2.0,0.0,1.0,0.0,0.0,0.0
663.0,663.0,100,7.3,1.8667748886377502,0.365,0.09333874443188751,0.635,0.09333874443188754,0.0,0.0,0.005000000000000002,0.01666666666666667,7.48,1.1761948577656436,4.78,1.1062722919057424,5.21,1.103666982418523,0.01,0.09999999999999999,7.29,1.8710716423774616,6.79,1.7014254273545124,12.71,1.8710716423774618,10.0,0.0,20.0,0.0,2.0,0.0,1.0,0.0,0.0,0.0
664.0,664.0,100,7.27,1.8414695493029747,0.3635,0.09207347746514874,0.6365,0.09207347746514875,0.0,0.0,0.0015000000000000002,0.008572330399888264,7.5,1.1677484162422846,4.77,1.108780383752319,5.23,1.108780383752319,0.0,0.0,7.27,1.8414695493029747,6.77,1.680878798531749,12.73,1.8414695493029754,10.0,0.0,20.0,0.0,2.0,0.0,1.0,0.0,0.0,0.0
665.0,665.0,100,7.17,1.8037839015903108,0.35850000000000004,0.09018919507951552,0.6415000000000001,0.09018919507951552,0.0,0.0,0.005000000000000001,0.01666666666666667,7.54,1.149615658216328,4.71,1.0852081678999508,5.29,1.0852081678999508,0.0,0.0,7.17,1.8037839015903108,6.74,1.6613247725836144,12.83,1.8037839015903117,10.0,0.0,20.0,0.0,2.0,0.0,1.0,0.0,0.0,0.0
666.0,666.0,100,7.08,1.79043474208265,0.354,0.08952173710413253,0.6459999999999999,0.08952173710413247,0.0,0.0,0.0045000000000000005,0.014381174563233068,7.58,1.1475049789729352,4.66,1.075155614764484,5.33,1.0922592654815537,0.01,0.09999999999999999,7.07,1.7880354322749616,6.66,1.6219454586104527,12.93,1.7880354322749612,10.0,0.0,20.0,0.0,2.0,0.0,1.0,0.0,0.0,0.0
667.0,667.0,100,7.02,1.7694375069239074,0.35100000000000003,0.08847187534619536,0.649,0.08847187534619534,0.0,0.0,0.0030000000000000005,0.011934162828797102,7.62,1.126180637501297,4.64,1.077970408694136,5.36,1.077970408694136,0.0,0.0,7.02,1.7694375069239074,6.61,1.6385199036775462,12.98,1.7694375069239057,10.0,0.0,20.0,0.0,2.0,0.0,1.0,0.0,0.0,0.0
668.0,668.0,100,6.97,1.7607103708733614,0.34850000000000003,0.08803551854366808,0.6515000000000001,0.08803551854366806,0.0,0.0,0.0025,0.010952145677879515,7.64,1.1238462096880975,4.61,1.0907786117255787,5.39,1.0907786117255787,0.0,0.0,6.97,1.7607103708733614,6.54,1.6044131058244993,13.03,1.7607103708733618,10.0,0.0,20.0,0.0,2.0,0.0,1.0,0.0,0.0,0.0
669.0,669.0,100,6.9,1.7144660799776528,0.345,0.08572330399888264,0.655,0.08572330399888263,0.0,0.0,0.0034999999999999996,0.012821619998812138,7.69,1.079608982713443,4.59,1.0833449882822939,5.4,1.0824588545146516,0.01,0.09999999999999999,6.89,1.7167916988888714,6.52,1.6297734861512554,13.11,1.7167916988888716,10.0,0.0,20.0,0.0,2.0,0.0,1.0,0.0,0.0,0.0
670.0,670.0,100,6.81,1.6738934231064988,0.34049999999999997,0.08369467115532495,0.6595,0.08369467115532492,0.0,0.0,0.004499999999999999,0.01604129771319117,7.72,1.0832051206181281,4.53,1.0488570017409475,5.47,1.0488570017409475,0.0,0.0,6.81,1.6738934231064988,6.49,1.6174240650060225,13.19,1.6738934231064992,10.0,0.0,20.0,0.0,2.0,0.0,1.0,0.0,0.0,0.0
671.0,671.0,100,6.76,1.6884635296354764,0.33799999999999997,0.0844231764817738,0.662,0.08442317648177382,0.0,0.0,0.0025,0.013055824196677342,7.74,1.0695038026292303,4.5,1.0683698523517695,5.5,1.0683698523517695,0.0,0.0,6.76,1.6884635296354764,6.4,1.5954480704349312,13.24,1.6884635296354764,10.0,0.0,20.0,0.0,2.0,0.0,1.0,0.0,0.0,0.0
672.0,672.0,100,6.72,1.682230361721899,0.336,0.08411151808609492,0.664,0.08411151808609492,0.0,0.0,0.002,0.00984731927834662,7.75,1.0766108438479103,4.47,1.0584436831041275,5.53,1.0584436831041275,0.0,0.0,6.72,1.682230361721899,6.34,1.5777493239716276,13.28,1.6822303617218992,10.0,0.0,20.0,0.0,2.0,0.0,1.0,0.0,0.0,0.0
673.0,673.0,100,6.7,1.6787441193290351,0.335,0.08393720596645177,0.665,0.08393720596645175,0.0,0.0,0.0009999999999999998,0.007035264706814483,7.76,1.0742157110838557,4.46,1.0581096160587333,5.54,1.0581096160587333,0.0,0.0,6.7,1.6787441193290351,6.32,1.5755710845354594,13.3,1.6787441193290358,10.0,0.0,20.0,0.0,2.0,0.0,1.0,0.0,0.0,0.0
674.0,674.0,100,6.67,1.6639675113378505,0.3335,0.08319837556689248,0.6665000000000001,0.0831983755668925,0.0,0.0,0.0015000000000000002,0.008572330399888264,7.78,1.078532485942043,4.45,1.0480862791225012,5.54,1.0581096160587333,0.01,0.1,6.66,1.6527907222988554,6.28,1.557516801148092,13.34,1.6527907222988554,10.0,0.0,20.0,0.0,2.0,0.0,1.0,0.0,0.0,0.0
675.0,675.0,100,6.61,1.669058889241951,0.33049999999999996,0.08345294446209754,0.6695,0.08345294446209754,0.0,0.0,0.0030000000000000005,0.011934162828797102,7.8,1.0730867399773198,4.41,1.0453842751965818,5.58,1.055816023153407,0.01,0.1,6.6,1.6636336037952488,6.2,1.6143297699232972,13.4,1.6636336037952493,10.0,0.0,20.0,0.0,2.0,0.0,1.0,0.0,0.0,0.0
676.0,676.0,100,6.55,1.629122587173968,0.3275,0.08145612935869842,0.6725,0.08145612935869838,0.0,0.0,0.003000000000000001,0.011934162828797104,7.84,1.0704478435956541,4.39,1.0337242662266657,5.61,1.0337242662266657,0.0,0.0,6.55,1.629122587173968,6.17,1.5894538799108442,13.45,1.629122587173969,10.0,0.0,20.0,0.0,2.0,0.0,1.0,0.0,0.0,0.0
677.0,677.0,100,6.51,1.6174240650060225,0.32549999999999996,0.08087120325030112,0.6745,0.0808712032503011,0.0,0.0,0.0020000000000000005,0.00984731927834662,7.86,1.073274984297683,4.37,1.0115993936995678,5.63,1.0115993936995678,0.0,0.0,6.51,1.6174240650060225,6.15,1.559428799855313,13.49,1.6174240650060228,10.0,0.0,20.0,0.0,2.0,0.0,1.0,0.0,0.0,0.0
678.0,678.0,100,6.47,1.5983261446420955,0.3235,0.07991630723210474,0.6765000000000001,0.07991630723210481,0.0,0.0,0.0020000000000000005,0.009847319278346622,7.89,1.0626344240574548,4.36,1.0002019998000606,5.64,1.0002019998000606,0.0,0.0,6.47,1.5983261446420955,6.08,1.5549205052920798,13.53,1.598326144642096,10.0,0.0,20.0,0.0,2.0,0.0,1.0,0.0,0.0,0.0
679.0,679.0,100,6.43,1.6221634139056837,0.3215,0.08110817069528417,0.6785,0.08110817069528421,0.0,0.0,0.002,0.009847319278346617,7.91,1.0833449882822936,4.34,1.0271073434405458,5.66,1.0271073434405458,0.0,0.0,6.43,1.6221634139056837,6.02,1.5568681330923262,13.57,1.6221634139056835,10.0,0.0,20.0,0.0,2.0,0.0,1.0,0.0,0.0,0.0
680.0,680.0,100,6.38,1.6500994766462667,0.319,0.08250497383231334,0.6809999999999999,0.08250497383231338,0.0,0.0,0.0024999999999999996,0.010952145677879513,7.91,1.0833449882822936,4.29,1.0376254944182253,5.71,1.0376254944182253,0.0,0.0,6.38,1.6500994766462667,5.97,1.5664087473058759,13.62,1.650099476646266,10.0,0.0,20.0,0.0,2.0,0.0,1.0,0.0,0.0,0.0
681.0,681.0,100,6.33,1.608405949059409,0.3165,0.08042029745297043,0.6835,0.08042029745297043,0.0,0.0,0.0025,0.010952145677879515,7.95,1.0384039812533596,4.28,1.0257295999049711,5.71,1.037625494418225,0.01,0.09999999999999999,6.32,1.6135787441697307,5.91,1.5380362660079103,13.68,1.6135787441697302,10.0,0.0,20.0,0.0,2.0,0.0,1.0,0.0,0.0,0.0
682.0,682.0,100,6.27,1.5818094740268853,0.3135,0.07909047370134428,0.6865000000000001,0.07909047370134427,0.0,0.0,0.0030000000000000005,0.011934162828797104,7.98,1.0247443632931141,4.25,1.0087996667707457,5.74,1.0211896409718824,0.01,0.1,6.26,1.5803081146959082,5.88,1.5457991297367681,13.74,1.5803081146959088,10.0,0.0,20.0,0.0,2.0,0.0,1.0,0.0,0.0,0.0
683.0,683.0,100,6.24,1.5898669025037184,0.312,0.07949334512518592,0.688,0.07949334512518594,0.0,0.0,0.0015000000000000002,0.008572330399888264,8.0,1.015038437845104,4.24,1.0162318990896084,5.75,1.018763362061469,0.01,0.09999999999999999,6.23,1.5818094740268858,5.84,1.5157089883528885,13.77,1.5818094740268855,10.0,0.0,20.0,0.0,2.0,0.0,1.0,0.0,0.0,0.0
684.0,684.0,100,6.17,1.5957962453163175,0.3085,0.07978981226581587,0.6915,0.0797898122658159,0.0,0.0,0.003500000000000001,0.012821619998812142,8.03,1.0096003809888985,4.2,1.005037815259212,5.8,1.005037815259212,0.0,0.0,6.17,1.5957962453163175,5.81,1.5155423738281575,13.83,1.5957962453163184,10.0,0.0,20.0,0.0,2.0,0.0,1.0,0.0,0.0,0.0
685.0,685.0,100,6.12,1.5845210855987593,0.306,0.07922605427993797,0.6940000000000001,0.07922605427993797,0.0,0.0,0.0024999999999999996,0.010952145677879511,8.07,1.0372360318936984,4.19,0.9815983667138785,5.81,0.9815983667138785,0.0,0.0,6.12,1.5845210855987593,5.77,1.4964942196664008,13.88,1.5845210855987588,10.0,0.0,20.0,0.0,2.0,0.0,1.0,0.0,0.0,0.0
686.0,686.0,100,6.09,1.5705303742894172,0.3045,0.07852651871447086,0.6955,0.07852651871447083,0.0,0.0,0.0014999999999999996,0.008572330399888261,8.08,1.03162126007679,4.17,0.9645745385422739,5.83,0.9645745385422739,0.0,0.0,6.09,1.5705303742894172,5.69,1.4750107001837531,13.91,1.570530374289417,10.0,0.0,20.0,0.0,2.0,0.0,1.0,0.0,0.0,0.0
687.0,687.0,100,6.04,1.5170412457854072,0.302,0.07585206228927038,0.698,0.07585206228927038,0.0,0.0,0.0025,0.013055824196677338,8.1,1.0200019805882927,4.14,0.9322504540577651,5.86,0.9322504540577653,0.0,0.0,6.04,1.5170412457854072,5.64,1.4738117967098832,13.96,1.5170412457854077,10.0,0.0,20.0,0.0,2.0,0.0,1.0,0.0,0.0,0.0
688.0,688.0,100,5.98,1.5372808212009685,0.299,0.07686404106004842,0.701,0.07686404106004836,0.0,0.0,0.002999999999999999,0.0119341628287971,8.13,1.031376446181206,4.11,0.9416834270431211,5.89,0.9416834270431209,0.0,0.0,5.98,1.5372808212009685,5.6,1.4770978917519928,14.02,1.5372808212009677,10.0,0.0,20.0,0.0,2.0,0.0,1.0,0.0,0.0,0.0
689.0,689.0,100,5.92,1.5353083459591161,0.29600000000000004,0.0767654172979558,0.7040000000000001,0.07676541729795579,0.0,0.0,0.0030000000000000005,0.0119341628287971,8.18,1.0481344658896872,4.1,0.937436866561092,5.9,0.9374368665610922,0.0,0.0,5.92,1.5353083459591161,5.57,1.5059142664102023,14.08,1.5353083459591164,10.0,0.0,20.0,0.0,2.0,0.0,1.0,0.0,0.0,0.0
690.0,690.0,100,5.86,1.56360112715759,0.293,0.07818005635787946,0.7070000000000001,0.07818005635787952,0.0,0.0,0.002999999999999999,0.0119341628287971,8.19,1.0607315943024964,4.05,0.9574271077563382,5.94,0.9621104747670957,0.01,0.09999999999999999,5.85,1.565892781138032,5.53,1.5072551813870745,14.15,1.5658927811380325,10.0,0.0,20.0,0.0,2.0,0.0,1.0,0.0,0.0,0.0
691.0,691.0,100,5.81,1.5743845999903796,0.2905,0.07871922999951898,0.7095,0.07871922999951902,0.0,0.0,0.0025,0.010952145677879515,8.23,1.0430627008860964,4.04,0.9735906675183302,5.96,0.9735906675183305,0.0,0.0,5.81,1.5743845999903796,5.49,1.4872861869930087,14.19,1.5743845999903796,10.0,0.0,20.0,0.0,2.0,0.0,1.0,0.0,0.0,0.0
692.0,692.0,100,5.76,1.596207626807612,0.28800000000000003,0.0798103813403806,0.7120000000000001,0.0798103813403806,0.0,0.0,0.0024999999999999996,0.010952145677879511,8.25,1.0480862791225005,4.01,0.9795381306998464,5.99,0.9795381306998469,0.0,0.0,5.76,1.596207626807612,5.49,1.494062322067665,14.24,1.596207626807612,10.0,0.0,20.0,0.0,2.0,0.0,1.0,0.0,0.0,0.0
693.0,693.0,100,5.74,1.593040419379803,0.287,0.07965202096899016,0.713,0.07965202096899014,0.0,0.0,0.001,0.007035264706814485,8.26,1.0407844749189543,4.0,0.9847319278346618,6.0,0.9847319278346623,0.0,0.0,5.74,1.593040419379803,5.45,1.4590366269521402,14.26,1.5930404193798027,10.0,0.0,20.0,0.0,2.0,0.0,1.0,0.0,0.0,0.0
694.0,694.0,100,5.72,1.5832456116050557,0.28600000000000003,0.07916228058025278,0.7140000000000001,0.07916228058025276,0.0,0.0,0.0009999999999999998,0.007035264706814482,8.27,1.0235114838514308,3.99,0.9897964284119081,6.01,0.9897964284119083,0.0,0.0,5.72,1.5832456116050557,5.45,1.4590366269521402,14.28,1.583245611605056,10.0,0.0,20.0,0.0,2.0,0.0,1.0,0.0,0.0,0.0
695.0,695.0,100,5.65,1.5529379129946446,0.2825,0.07764689564973222,0.7175,0.0776468956497322,0.0,0.0,0.003500000000000001,0.01282161999881214,8.31,1.0019677609281619,3.96,0.9735906675183303,6.04,0.9735906675183303,0.0,0.0,5.65,1.5529379129946446,5.4,1.4354811251305466,14.35,1.552937912994644,10.0,0.0,20.0,0.0,2.0,0.0,1.0,0.0,0.0,0.0
696.0,696.0,100,5.62,1.5094316275949167,0.28099999999999997,0.0754715813797458,0.7190000000000001,0.07547158137974587,0.0,0.0,0.0015000000000000007,0.00857233039988827,8.34,0.9663008712287147,3.96,0.9735906675183303,6.04,0.9735906675183303,0.0,0.0,5.62,1.5094316275949167,5.32,1.4204850501775013,14.38,1.509431627594917,10.0,0.0,20.0,0.0,2.0,0.0,1.0,0.0,0.0,0.0
697.0,697.0,100,5.56,1.479284566364034,0.278,0.07396422831820168,0.722,0.07396422831820174,0.0,0.0,0.003,0.011934162828797104,8.36,0.9589556609124114,3.92,0.9606395176278575,6.08,0.9606395176278574,0.0,0.0,5.56,1.479284566364034,5.26,1.4398372523071192,14.44,1.479284566364034,10.0,0.0,20.0,0.0,2.0,0.0,1.0,0.0,0.0,0.0
698.0,698.0,100,5.55,1.4796600756234317,0.2775,0.07398300378117158,0.7225,0.07398300378117159,0.0,0.0,0.0004999999999999999,0.0049999999999999975,8.37,0.9498006170356031,3.92,0.9606395176278575,6.08,0.9606395176278574,0.0,0.0,5.55,1.4796600756234317,5.2,1.4425006345953826,14.45,1.4796600756234317,10.0,0.0,20.0,0.0,2.0,0.0,1.0,0.0,0.0,0.0
699.0,699.0,100,5.52,1.493960907092014,0.27599999999999997,0.07469804535460069,0.7240000000000001,0.07469804535460067,0.0,0.0,0.0015,0.008572330399888264,8.39,0.962897563176747,3.91,0.943826298006196,6.09,0.9438262980061961,0.0,0.0,5.52,1.493960907092014,5.17,1.4217289232878156,14.48,1.4939609070920137,10.0,0.0,20.0,0.0,2.0,0.0,1.0,0.0,0.0,0.0
700.0,700.0,100,5.46,1.4799672396046581,0.273,0.0739983619802329,0.727,0.07399836198023288,0.0,0.0,0.002999999999999999,0.011934162828797099,8.42,0.9658826496678016,3.88,0.9458041311738145,6.12,0.9458041311738145,0.0,0.0,5.46,1.4799672396046581,5.08,1.454217134663003,14.54,1.4799672396046575,10.0,0.0,20.0,0.0,2.0,0.0,1.0,0.0,0.0,0.0
701.0,701.0,100,5.44,1.4928787186797423,0.272,0.07464393593398709,0.728,0.07464393593398709,0.0,0.0,0.001,0.007035264706814483,8.43,0.956160250294073,3.87,0.9498006170356028,6.13,0.9498006170356027,0.0,0.0,5.44,1.4928787186797423,5.05,1.4796600756234315,14.56,1.4928787186797425,10.0,0.0,20.0,0.0,2.0,0.0,1.0,0.0,0.0,0.0
702.0,702.0,100,5.37,1.4815702835338271,0.2685,0.07407851417669134,0.7315,0.07407851417669135,0.0,0.0,0.0034999999999999996,0.012821619998812137,8.44,0.9568466729604885,3.81,0.9287223764534009,6.18,0.9252900173251716,0.01,0.1,5.36,1.487455966583634,5.04,1.4765507171113426,14.64,1.487455966583634,10.0,0.0,20.0,0.0,2.0,0.0,1.0,0.0,0.0,0.0
703.0,703.0,100,5.34,1.45796315648118,0.267,0.072898157824059,0.733,0.07289815782405902,0.0,0.0,0.0015000000000000002,0.008572330399888264,8.46,0.9579017473497777,3.8,0.9211323729436764,6.2,0.9211323729436763,0.0,0.0,5.34,1.45796315648118,5.03,1.4733662412340256,14.66,1.4579631564811804,10.0,0.0,20.0,0.0,2.0,0.0,1.0,0.0,0.0,0.0
704.0,704.0,100,5.29,1.512874045909929,0.2645,0.07564370229549647,0.7354999999999999,0.07564370229549644,0.0,0.0,0.0024999999999999996,0.01305582419667734,8.46,0.9579017473497777,3.75,0.9574271077563381,6.24,0.9547330263037681,0.01,0.09999999999999999,5.28,1.5247453836127807,5.0,1.4839205511145812,14.72,1.524745383612781,10.0,0.0,20.0,0.0,2.0,0.0,1.0,0.0,0.0,0.0
705.0,705.0,100,5.23,1.4964942196664006,0.2615,0.07482471098332005,0.7384999999999999,0.07482471098332003,0.0,0.0,0.002999999999999999,0.011934162828797099,8.5,0.9265990819042823,3.73,0.9729160583347652,6.27,0.9729160583347654,0.0,0.0,5.23,1.4964942196664006,4.98,1.483784405368975,14.77,1.496494219666401,10.0,0.0,20.0,0.0,2.0,0.0,1.0,0.0,0.0,0.0
706.0,706.0,100,5.19,1.4886438815447456,0.2595,0.07443219407723727,0.7404999999999999,0.07443219407723728,0.0,0.0,0.0019999999999999996,0.009847319278346617,8.54,0.9257265778671893,3.73,0.9729160583347652,6.27,0.9729160583347654,0.0,0.0,5.19,1.4886438815447456,4.94,1.469006398209279,14.81,1.4886438815447451,10.0,0.0,20.0,0.0,2.0,0.0,1.0,0.0,0.0,0.0
707.0,707.0,100,5.13,1.4815702835338276,0.2565,0.07407851417669135,0.7434999999999999,0.07407851417669137,0.0,0.0,0.002999999999999999,0.011934162828797102,8.58,0.9447355463436593,3.71,0.9565827225339714,6.29,0.9565827225339716,0.0,0.0,5.13,1.4815702835338276,4.94,1.4482312444405203,14.87,1.481570283533827,10.0,0.0,20.0,0.0,2.0,0.0,1.0,0.0,0.0,0.0
708.0,708.0,100,5.09,1.4845670729001748,0.2545,0.07422835364500874,0.7454999999999999,0.0742283536450088,0.0,0.0,0.0020000000000000005,0.00984731927834662,8.59,0.9438262980061962,3.68,0.9627401969735587,6.31,0.9607972278953106,0.01,0.1,5.08,1.4953125412299586,4.88,1.4721659985452482,14.92,1.4953125412299584,10.0,0.0,20.0,0.0,2.0,0.0,1.0,0.0,0.0,0.0
709.0,709.0,100,5.05,1.4796600756234317,0.2525,0.07398300378117158,0.7475,0.07398300378117158,0.0,0.0,0.0019999999999999996,0.009847319278346615,8.61,0.9416834270431207,3.66,0.9663008712287152,6.34,0.9663008712287148,0.0,0.0,5.05,1.4796600756234317,4.87,1.467871406032036,14.95,1.4796600756234317,10.0,0.0,20.0,0.0,2.0,0.0,1.0,0.0,0.0,0.0
710.0,710.0,100,5.0,1.4354811251305466,0.25,0.07177405625652733,0.75,0.07177405625652739,0.0,0.0,0.0025000000000000005,0.010952145677879518,8.64,0.9158536339327802,3.64,0.9483638222717797,6.36,0.9483638222717797,0.0,0.0,5.0,1.4354811251305466,4.83,1.4842948875244815,15.0,1.435481125130547,10.0,0.0,20.0,0.0,2.0,0.0,1.0,0.0,0.0,0.0
711.0,711.0,100,5.0,1.4354811251305466,0.25,0.07177405625652733,0.75,0.07177405625652739,0.0,0.0,0.0,0.0,8.64,0.9158536339327802,3.64,0.9483638222717797,6.36,0.9483638222717797,0.0,0.0,5.0,1.4354811251305466,4.79,1.4994611826865802,15.0,1.435481125130547,10.0,0.0,20.0,0.0,2.0,0.0,1.0,0.0,0.0,0.0
712.0,712.0,100,4.93,1.471994455413361,0.2465,0.07359972277066802,0.7535,0.07359972277066805,0.0,0.0,0.0034999999999999996,0.012821619998812138,8.65,0.9142530206997324,3.58,0.9658826496678014,6.42,0.9658826496678015,0.0,0.0,4.93,1.471994455413361,4.77,1.5166083904887941,15.07,1.471994455413361,10.0,0.0,20.0,0.0,2.0,0.0,1.0,0.0,0.0,0.0
713.0,713.0,100,4.92,1.468043430948661,0.24600000000000002,0.07340217154743303,0.754,0.07340217154743303,0.0,0.0,0.0004999999999999999,0.0049999999999999975,8.65,0.9142530206997324,3.57,0.9561602502940731,6.43,0.956160250294073,0.0,0.0,4.92,1.468043430948661,4.76,1.5050084734148528,15.08,1.4680434309486605,10.0,0.0,20.0,0.0,2.0,0.0,1.0,0.0,0.0,0.0
714.0,714.0,100,4.9,1.4668044012461752,0.245,0.07334022006230878,0.755,0.07334022006230881,0.0,0.0,0.0009999999999999998,0.007035264706814482,8.65,0.9142530206997324,3.55,0.9468181696950301,6.44,0.9568466729604885,0.01,0.09999999999999999,4.89,1.4695220139538399,4.74,1.5083605388472328,15.11,1.46952201395384,10.0,0.0,20.0,0.0,2.0,0.0,1.0,0.0,0.0,0.0
715.0,715.0,100,4.9,1.4668044012461752,0.245,0.07334022006230878,0.755,0.07334022006230881,0.0,0.0,0.0,0.0,8.65,0.9142530206997324,3.55,0.9468181696950301,6.45,0.94681816969503,0.0,0.0,4.9,1.4668044012461752,4.71,1.4791138488222526,15.1,1.4668044012461752,10.0,0.0,20.0,0.0,2.0,0.0,1.0,0.0,0.0,0.0
716.0,716.0,100,4.89,1.462632192074593,0.2445,0.07313160960372964,0.7555,0.07313160960372966,0.0,0.0,0.0004999999999999999,0.0049999999999999975,8.66,0.912538915733062,3.55,0.9468181696950301,6.45,0.94681816969503,0.0,0.0,4.89,1.462632192074593,4.67,1.4706213900005924,15.11,1.4626321920745933,10.0,0.0,20.0,0.0,2.0,0.0,1.0,0.0,0.0,0.0
717.0,717.0,100,4.87,1.4540434739863948,0.24350000000000002,0.07270217369931975,0.7565000000000001,0.07270217369931978,0.0,0.0,0.0009999999999999998,0.007035264706814482,8.67,0.9107106782035334,3.54,0.947298124865524,6.46,0.947298124865524,0.0,0.0,4.87,1.4540434739863948,4.65,1.4310764472870763,15.13,1.4540434739863952,10.0,0.0,20.0,0.0,2.0,0.0,1.0,0.0,0.0,0.0
718.0,718.0,100,4.83,1.470621390000592,0.2415,0.07353106950002958,0.7585,0.07353106950002963,0.0,0.0,0.0019999999999999996,0.009847319278346615,8.68,0.9198155282776029,3.51,0.9480975102218594,6.49,0.94809751022186,0.0,0.0,4.83,1.470621390000592,4.64,1.4461373141279263,15.17,1.470621390000592,10.0,0.0,20.0,0.0,2.0,0.0,1.0,0.0,0.0,0.0
719.0,719.0,100,4.81,1.4543213211152841,0.24050000000000002,0.07271606605576421,0.7595000000000001,0.07271606605576422,0.0,0.0,0.0010000000000000002,0.0070352647068144866,8.68,0.9198155282776029,3.49,0.9373829893308655,6.51,0.9373829893308655,0.0,0.0,4.81,1.4543213211152841,4.62,1.4409592764417867,15.19,1.4543213211152837,10.0,0.0,20.0,0.0,2.0,0.0,1.0,0.0,0.0,0.0
720.0,720.0,100,4.78,1.4604551663537273,0.239,0.07302275831768636,0.7609999999999999,0.07302275831768638,0.0,0.0,0.0015,0.008572330399888264,8.69,0.9287223764534008,3.47,0.9261083995282452,6.53,0.926108399528245,0.0,0.0,4.78,1.4604551663537273,4.62,1.4409592764417867,15.22,1.4604551663537273,10.0,0.0,20.0,0.0,2.0,0.0,1.0,0.0,0.0,0.0
721.0,721.0,100,4.75,1.4520970554979646,0.2375,0.07260485277489821,0.7625,0.07260485277489824,0.0,0.0,0.0014999999999999996,0.008572330399888261,8.72,0.9436657514740322,3.47,0.9261083995282452,6.53,0.926108399528245,0.0,0.0,4.75,1.4520970554979646,4.61,1.420591710549097,15.25,1.4520970554979644,10.0,0.0,20.0,0.0,2.0,0.0,1.0,0.0,0.0,0.0
722.0,722.0,100,4.71,1.485927251913699,0.23550000000000001,0.07429636259568498,0.7645000000000001,0.07429636259568498,0.0,0.0,0.002,0.009847319278346619,8.74,0.9600084174715144,3.45,0.9360890055238478,6.55,0.9360890055238477,0.0,0.0,4.71,1.485927251913699,4.6,1.4070529413628972,15.29,1.4859272519136988,10.0,0.0,20.0,0.0,2.0,0.0,1.0,0.0,0.0,0.0
723.0,723.0,100,4.7,1.4940961255298237,0.235,0.0747048062764912,0.765,0.0747048062764912,0.0,0.0,0.0005000000000000001,0.005,8.74,0.9600084174715144,3.44,0.9354953314429286,6.56,0.9354953314429287,0.0,0.0,4.7,1.4940961255298237,4.58,1.408344540030721,15.3,1.4940961255298248,10.0,0.0,20.0,0.0,2.0,0.0,1.0,0.0,0.0,0.0
724.0,724.0,100,4.7,1.4940961255298237,0.235,0.0747048062764912,0.765,0.0747048062764912,0.0,0.0,0.0,0.0,8.74,0.9600084174715144,3.44,0.9354953314429286,6.56,0.9354953314429287,0.0,0.0,4.7,1.4940961255298237,4.54,1.3956642819384568,15.3,1.4940961255298248,10.0,0.0,20.0,0.0,2.0,0.0,1.0,0.0,0.0,0.0
725.0,725.0,100,4.69,1.4818429693657105,0.2345,0.0740921484682855,0.7655,0.0740921484682855,0.0,0.0,0.0004999999999999999,0.0049999999999999975,8.75,0.9468181696950297,3.44,0.9354953314429286,6.56,0.9354953314429287,0.0,0.0,4.69,1.4818429693657105,4.52,1.4104945762018901,15.31,1.4818429693657098,10.0,0.0,20.0,0.0,2.0,0.0,1.0,0.0,0.0,0.0
726.0,726.0,100,4.64,1.4738117967098827,0.23199999999999998,0.07369058983549412,0.768,0.07369058983549412,0.0,0.0,0.0025,0.010952145677879516,8.78,0.9490026662797423,3.42,0.9231041177035296,6.58,0.9231041177035297,0.0,0.0,4.64,1.4738117967098827,4.5,1.4177803109441927,15.36,1.4738117967098827,10.0,0.0,20.0,0.0,2.0,0.0,1.0,0.0,0.0,0.0
727.0,727.0,100,4.61,1.4347420843081342,0.2305,0.07173710421540669,0.7695000000000001,0.07173710421540669,0.0,0.0,0.0014999999999999996,0.008572330399888263,8.8,0.9101004495564364,3.41,0.9221735413706256,6.59,0.9221735413706255,0.0,0.0,4.61,1.4347420843081342,4.48,1.4176378132996352,15.39,1.4347420843081347,10.0,0.0,20.0,0.0,2.0,0.0,1.0,0.0,0.0,0.0
728.0,728.0,100,4.59,1.436149453408402,0.22949999999999998,0.07180747267042012,0.7705,0.07180747267042012,0.0,0.0,0.0009999999999999998,0.007035264706814482,8.8,0.9101004495564364,3.39,0.9089343299499784,6.61,0.9089343299499785,0.0,0.0,4.59,1.436149453408402,4.47,1.4174596710989413,15.41,1.436149453408403,10.0,0.0,20.0,0.0,2.0,0.0,1.0,0.0,0.0,0.0
729.0,729.0,100,4.56,1.4377310969269284,0.228,0.07188655484634637,0.772,0.07188655484634639,0.0,0.0,0.0015000000000000002,0.008572330399888266,8.81,0.9067090007941974,3.37,0.9173413495069062,6.63,0.917341349506906,0.0,0.0,4.56,1.4377310969269284,4.46,1.417210234398852,15.44,1.4377310969269284,10.0,0.0,20.0,0.0,2.0,0.0,1.0,0.0,0.0,0.0
730.0,730.0,100,4.55,1.4520970554979649,0.2275,0.07260485277489821,0.7725,0.07260485277489824,0.0,0.0,0.0004999999999999999,0.0049999999999999975,8.81,0.9067090007941974,3.36,0.9268170795739031,6.64,0.9268170795739031,0.0,0.0,4.55,1.4520970554979649,4.44,1.3949403520791082,15.45,1.4520970554979644,10.0,0.0,20.0,0.0,2.0,0.0,1.0,0.0,0.0,0.0
731.0,731.0,100,4.52,1.4388547634500954,0.226,0.07194273817250478,0.774,0.07194273817250481,0.0,0.0,0.0015,0.011135075167680685,8.82,0.9031929892097122,3.34,0.9235417115264978,6.66,0.9235417115264979,0.0,0.0,4.52,1.4388547634500954,4.42,1.422616738211098,15.48,1.4388547634500959,10.0,0.0,20.0,0.0,2.0,0.0,1.0,0.0,0.0,0.0
732.0,732.0,100,4.51,1.4389600621998035,0.2255,0.07194800310999012,0.7745000000000001,0.0719480031099902,0.0,0.0,0.0004999999999999999,0.0049999999999999975,8.82,0.9031929892097122,3.33,0.9217352980091191,6.67,0.9217352980091191,0.0,0.0,4.51,1.4389600621998035,4.4,1.435481125130547,15.49,1.4389600621998029,10.0,0.0,20.0,0.0,2.0,0.0,1.0,0.0,0.0,0.0
733.0,733.0,100,4.5,1.43899516007076,0.225,0.07194975800353795,0.775,0.07194975800353802,0.0,0.0,0.0004999999999999999,0.004999999999999998,8.83,0.8995509541943241,3.33,0.9217352980091191,6.67,0.9217352980091191,0.0,0.0,4.5,1.43899516007076,4.38,1.4409592764417862,15.5,1.4389951600707593,10.0,0.0,20.0,0.0,2.0,0.0,1.0,0.0,0.0,0.0
734.0,734.0,100,4.47,1.410315531712637,0.2235,0.07051577658563185,0.7765000000000001,0.0705157765856319,0.0,0.0,0.0015000000000000005,0.008572330399888266,8.85,0.8918825850158444,3.32,0.9087676192837122,6.68,0.9087676192837123,0.0,0.0,4.47,1.410315531712637,4.36,1.4461373141279257,15.53,1.4103155317126372,10.0,0.0,20.0,0.0,2.0,0.0,1.0,0.0,0.0,0.0
735.0,735.0,100,4.46,1.4313940369055929,0.223,0.07156970184527962,0.777,0.07156970184527964,0.0,0.0,0.0005,0.004999999999999998,8.85,0.8918825850158444,3.31,0.9287223764534008,6.69,0.9287223764534005,0.0,0.0,4.46,1.4313940369055929,4.33,1.4217289232878156,15.54,1.4313940369055917,10.0,0.0,20.0,0.0,2.0,0.0,1.0,0.0,0.0,0.0
736.0,736.0,100,4.43,1.4372743564669817,0.22149999999999997,0.07186371782334908,0.7785,0.07186371782334909,0.0,0.0,0.0014999999999999996,0.008572330399888263,8.86,0.8764021953879438,3.29,0.9352253550061954,6.71,0.9352253550061952,0.0,0.0,4.43,1.4372743564669817,4.32,1.4133562033598461,15.57,1.4372743564669814,10.0,0.0,20.0,0.0,2.0,0.0,1.0,0.0,0.0,0.0
737.0,737.0,100,4.42,1.4437605218471812,0.221,0.07218802609235904,0.779,0.07218802609235907,0.0,0.0,0.0005000000000000001,0.005000000000000001,8.86,0.8764021953879438,3.28,0.9436657514740324,6.72,0.9436657514740322,0.0,0.0,4.42,1.4437605218471812,4.31,1.4120334216435473,15.58,1.4437605218471812,10.0,0.0,20.0,0.0,2.0,0.0,1.0,0.0,0.0,0.0
738.0,738.0,100,4.41,1.4431657121506434,0.2205,0.07215828560753214,0.7795000000000001,0.07215828560753217,0.0,0.0,0.0004999999999999999,0.004999999999999998,8.86,0.8764021953879438,3.27,0.9412542674323426,6.73,0.9412542674323422,0.0,0.0,4.41,1.4431657121506434,4.29,1.4234330388752452,15.59,1.443165712150643,10.0,0.0,20.0,0.0,2.0,0.0,1.0,0.0,0.0,0.0
739.0,739.0,100,4.41,1.4431657121506434,0.2205,0.07215828560753214,0.7795000000000001,0.07215828560753217,0.0,0.0,0.0,0.0,8.86,0.8764021953879438,3.27,0.9412542674323426,6.73,0.9412542674323422,0.0,0.0,4.41,1.4431657121506434,4.29,1.4234330388752452,15.59,1.443165712150643,10.0,0.0,20.0,0.0,2.0,0.0,1.0,0.0,0.0,0.0
740.0,740.0,100,4.39,1.434742084308134,0.2195,0.07173710421540669,0.7805,0.0717371042154067,0.0,0.0,0.0009999999999999998,0.007035264706814482,8.87,0.8721852272923857,3.26,0.949428323473732,6.74,0.9494283234737314,0.0,0.0,4.39,1.434742084308134,4.26,1.4186349962288582,15.61,1.4347420843081335,10.0,0.0,20.0,0.0,2.0,0.0,1.0,0.0,0.0,0.0
741.0,741.0,100,4.38,1.4409592764417862,0.21899999999999997,0.07204796382208932,0.7809999999999999,0.07204796382208933,0.0,0.0,0.0005000000000000001,0.005000000000000002,8.88,0.8793937305515279,3.26,0.949428323473732,6.74,0.9494283234737314,0.0,0.0,4.38,1.4409592764417862,4.25,1.4310764472870758,15.62,1.4409592764417862,10.0,0.0,20.0,0.0,2.0,0.0,1.0,0.0,0.0,0.0
742.0,742.0,100,4.37,1.4470799577218962,0.21850000000000003,0.0723539978860948,0.7815000000000001,0.07235399788609483,0.0,0.0,0.0005000000000000001,0.005000000000000001,8.88,0.8793937305515279,3.25,0.9468181696950297,6.75,0.9468181696950296,0.0,0.0,4.37,1.4470799577218962,4.21,1.4234330388752456,15.63,1.4470799577218962,10.0,0.0,20.0,0.0,2.0,0.0,1.0,0.0,0.0,0.0
743.0,743.0,100,4.36,1.4461373141279257,0.218,0.07230686570639629,0.782,0.07230686570639631,0.0,0.0,0.0004999999999999999,0.0049999999999999975,8.89,0.8864296789692774,3.25,0.9468181696950297,6.75,0.9468181696950296,0.0,0.0,4.36,1.4461373141279257,4.2,1.4284271211385062,15.64,1.4461373141279257,10.0,0.0,20.0,0.0,2.0,0.0,1.0,0.0,0.0,0.0
744.0,744.0,100,4.33,1.4428857168602063,0.2165,0.07214428584301033,0.7835,0.07214428584301033,0.0,0.0,0.0015,0.008572330399888264,8.9,0.8932971498777983,3.23,0.9304609480024274,6.77,0.9304609480024271,0.0,0.0,4.33,1.4428857168602063,4.16,1.3905888586269395,15.67,1.4428857168602065,10.0,0.0,20.0,0.0,2.0,0.0,1.0,0.0,0.0,0.0
745.0,745.0,100,4.29,1.4305116694258861,0.2145,0.07152558347129431,0.7855,0.07152558347129435,0.0,0.0,0.0019999999999999996,0.009847319278346617,8.93,0.867540352160211,3.22,0.9382984815100365,6.78,0.9382984815100365,0.0,0.0,4.29,1.4305116694258861,4.17,1.3857499883828361,15.71,1.4305116694258866,10.0,0.0,20.0,0.0,2.0,0.0,1.0,0.0,0.0,0.0
746.0,746.0,100,4.25,1.4240006242195882,0.2125,0.07120003121097943,0.7875,0.07120003121097944,0.0,0.0,0.002,0.009847319278346617,8.93,0.867540352160211,3.18,0.9143082609052572,6.82,0.9143082609052571,0.0,0.0,4.25,1.4240006242195882,4.16,1.3905888586269395,15.75,1.4240006242195884,10.0,0.0,20.0,0.0,2.0,0.0,1.0,0.0,0.0,0.0
747.0,747.0,100,4.24,1.4150704019320886,0.212,0.0707535200966044,0.7879999999999999,0.07075352009660442,0.0,0.0,0.0004999999999999999,0.004999999999999998,8.93,0.867540352160211,3.17,0.9107106782035331,6.83,0.9107106782035331,0.0,0.0,4.24,1.4150704019320886,4.16,1.3905888586269395,15.76,1.4150704019320886,10.0,0.0,20.0,0.0,2.0,0.0,1.0,0.0,0.0,0.0
748.0,748.0,100,4.21,1.4234330388752456,0.21050000000000002,0.07117165194376228,0.7895,0.07117165194376228,0.0,0.0,0.0015,0.008572330399888266,8.94,0.8624606564002696,3.15,0.9142530206997326,6.85,0.9142530206997326,0.0,0.0,4.21,1.4234330388752456,4.16,1.3905888586269395,15.79,1.4234330388752454,10.0,0.0,20.0,0.0,2.0,0.0,1.0,0.0,0.0,0.0
749.0,749.0,100,4.21,1.4234330388752456,0.21050000000000002,0.07117165194376228,0.7895,0.07117165194376228,0.0,0.0,0.0,0.0,8.94,0.8624606564002696,3.15,0.9142530206997326,6.85,0.9142530206997326,0.0,0.0,4.21,1.4234330388752456,4.14,1.3999999999999997,15.79,1.4234330388752454,10.0,0.0,20.0,0.0,2.0,0.0,1.0,0.0,0.0,0.0
750.0,750.0,100,4.2,1.4284271211385062,0.21,0.0714213560569253,0.79,0.07142135605692532,0.0,0.0,0.0005000000000000001,0.005000000000000002,8.94,0.8624606564002696,3.14,0.9213516640723501,6.85,0.9252354327740622,0.01,0.1,4.19,1.4262687068860564,4.12,1.423326591425378,15.81,1.4262687068860567,10.0,0.0,20.0,0.0,2.0,0.0,1.0,0.0,0.0,0.0
751.0,751.0,100,4.2,1.4284271211385062,0.21,0.0714213560569253,0.79,0.07142135605692532,0.0,0.0,0.0,0.0,8.94,0.8624606564002696,3.14,0.9213516640723501,6.85,0.9252354327740622,0.01,0.1,4.19,1.4262687068860564,4.13,1.4117472518231804,15.81,1.4262687068860567,10.0,0.0,20.0,0.0,2.0,0.0,1.0,0.0,0.0,0.0
752.0,752.0,100,4.2,1.4284271211385062,0.21,0.0714213560569253,0.79,0.07142135605692532,0.0,0.0,0.0,0.0,8.94,0.8624606564002696,3.14,0.9213516640723501,6.86,0.9213516640723501,0.0,0.0,4.2,1.4284271211385062,4.11,1.4134634016764593,15.8,1.428427121138506,10.0,0.0,20.0,0.0,2.0,0.0,1.0,0.0,0.0,0.0
753.0,753.0,100,4.19,1.4262687068860564,0.2095,0.07131343534430283,0.7905,0.07131343534430286,0.0,0.0,0.0004999999999999999,0.004999999999999998,8.94,0.8624606564002696,3.13,0.9062632792478855,6.87,0.9062632792478859,0.0,0.0,4.19,1.4262687068860564,4.11,1.3990978334179305,15.81,1.4262687068860567,10.0,0.0,20.0,0.0,2.0,0.0,1.0,0.0,0.0,0.0
754.0,754.0,100,4.15,1.4097424365371631,0.2075,0.07048712182685815,0.7925,0.07048712182685817,0.0,0.0,0.002,0.009847319278346619,8.96,0.839913415450989,3.11,0.9308950835436057,6.89,0.9308950835436057,0.0,0.0,4.15,1.4097424365371631,4.08,1.3756908273755597,15.85,1.4097424365371627,10.0,0.0,20.0,0.0,2.0,0.0,1.0,0.0,0.0,0.0
755.0,755.0,100,4.15,1.4097424365371631,0.2075,0.07048712182685815,0.7925,0.07048712182685817,0.0,0.0,0.0,0.0,8.96,0.839913415450989,3.11,0.9308950835436057,6.89,0.9308950835436057,0.0,0.0,4.15,1.4097424365371631,4.07,1.3725667174820297,15.85,1.4097424365371627,10.0,0.0,20.0,0.0,2.0,0.0,1.0,0.0,0.0,0.0
756.0,756.0,100,4.14,1.4214802357423266,0.207,0.07107401178711634,0.7929999999999999,0.07107401178711634,0.0,0.0,0.0004999999999999999,0.004999999999999998,8.96,0.839913415450989,3.1,0.9374368665610919,6.9,0.937436866561092,0.0,0.0,4.14,1.4214802357423266,4.03,1.3367758589119183,15.86,1.4214802357423264,10.0,0.0,20.0,0.0,2.0,0.0,1.0,0.0,0.0,0.0
757.0,757.0,100,4.13,1.4117472518231806,0.2065,0.07058736259115903,0.7935,0.07058736259115903,0.0,0.0,0.0004999999999999999,0.004999999999999998,8.96,0.839913415450989,3.09,0.9111542241585779,6.91,0.911154224158578,0.0,0.0,4.13,1.4117472518231806,4.01,1.2987562037455975,15.87,1.4117472518231808,10.0,0.0,20.0,0.0,2.0,0.0,1.0,0.0,0.0,0.0
758.0,758.0,100,4.12,1.4090615832725497,0.20600000000000002,0.0704530791636275,0.794,0.0704530791636275,0.0,0.0,0.0004999999999999999,0.0049999999999999975,8.96,0.839913415450989,3.08,0.9065418808958479,6.92,0.9065418808958483,0.0,0.0,4.12,1.4090615832725497,3.98,1.3102548136784986,15.88,1.40906158327255,10.0,0.0,20.0,0.0,2.0,0.0,1.0,0.0,0.0,0.0
759.0,759.0,100,4.11,1.4062989609882983,0.20550000000000002,0.0703149480494149,0.7945,0.07031494804941493,0.0,0.0,0.0004999999999999999,0.004999999999999998,8.96,0.839913415450989,3.07,0.9017939472142862,6.93,0.9017939472142865,0.0,0.0,4.11,1.4062989609882983,3.97,1.2984450685183395,15.89,1.4062989609882977,10.0,0.0,20.0,0.0,2.0,0.0,1.0,0.0,0.0,0.0
760.0,760.0,100,4.09,1.393310134648109,0.2045,0.06966550673240544,0.7955,0.06966550673240543,0.0,0.0,0.0009999999999999998,0.007035264706814482,8.96,0.839913415450989,3.05,0.8918825850158447,6.95,0.8918825850158446,0.0,0.0,4.09,1.393310134648109,3.95,1.297822574292586,15.91,1.393310134648109,10.0,0.0,20.0,0.0,2.0,0.0,1.0,0.0,0.0,0.0
761.0,761.0,100,4.09,1.393310134648109,0.2045,0.06966550673240544,0.7955,0.06966550673240543,0.0,0.0,0.0,0.0,8.96,0.839913415450989,3.05,0.8918825850158447,6.95,0.8918825850158446,0.0,0.0,4.09,1.393310134648109,3.92,1.2687383377580144,15.91,1.393310134648109,10.0,0.0,20.0,0.0,2.0,0.0,1.0,0.0,0.0,0.0
762.0,762.0,100,4.07,1.3944695961351954,0.20350000000000001,0.06972347980675975,0.7965000000000001,0.06972347980675973,0.0,0.0,0.0009999999999999998,0.007035264706814482,8.97,0.8343024667712581,3.04,0.8980337668844344,6.96,0.8980337668844344,0.0,0.0,4.07,1.3944695961351954,3.92,1.2687383377580144,15.93,1.394469596135195,10.0,0.0,20.0,0.0,2.0,0.0,1.0,0.0,0.0,0.0
763.0,763.0,100,4.07,1.3944695961351954,0.20350000000000001,0.06972347980675975,0.7965000000000001,0.06972347980675973,0.0,0.0,0.0,0.0,8.97,0.8343024667712581,3.04,0.8980337668844344,6.96,0.8980337668844344,0.0,0.0,4.07,1.3944695961351954,3.91,1.2720380529216917,15.93,1.394469596135195,10.0,0.0,20.0,0.0,2.0,0.0,1.0,0.0,0.0,0.0
764.0,764.0,100,4.02,1.3705414398637634,0.201,0.06852707199318818,0.799,0.06852707199318817,0.0,0.0,0.0024999999999999996,0.010952145677879515,9.0,0.8164965809277257,3.02,0.9098784467602185,6.98,0.9098784467602183,0.0,0.0,4.02,1.3705414398637634,3.91,1.2720380529216917,15.98,1.3705414398637634,10.0,0.0,20.0,0.0,2.0,0.0,1.0,0.0,0.0,0.0
765.0,765.0,100,4.01,1.3595528082365314,0.2005,0.06797764041182656,0.7995,0.06797764041182656,0.0,0.0,0.0004999999999999999,0.0049999999999999975,9.0,0.8164965809277257,3.01,0.8932406102942185,6.99,0.8932406102942183,0.0,0.0,4.01,1.3595528082365314,3.9,1.267304464625848,15.99,1.3595528082365305,10.0,0.0,20.0,0.0,2.0,0.0,1.0,0.0,0.0,0.0
766.0,766.0,100,3.99,1.3370780746754387,0.19949999999999998,0.06685390373377192,0.8005,0.06685390373377191,0.0,0.0,0.0009999999999999998,0.007035264706814482,9.02,0.7911122460552521,3.01,0.8932406102942185,6.99,0.8932406102942183,0.0,0.0,3.99,1.3370780746754387,3.9,1.267304464625848,16.01,1.3370780746754383,10.0,0.0,20.0,0.0,2.0,0.0,1.0,0.0,0.0,0.0
767.0,767.0,100,3.96,1.3020574239846472,0.198,0.06510287119923236,0.802,0.06510287119923233,0.0,0.0,0.0015,0.008572330399888264,9.04,0.7510262339228928,3.0,0.8989331499509897,7.0,0.8989331499509894,0.0,0.0,3.96,1.3020574239846472,3.86,1.2634728474975772,16.04,1.3020574239846472,10.0,0.0,20.0,0.0,2.0,0.0,1.0,0.0,0.0,0.0
768.0,768.0,100,3.94,1.3012814197295424,0.19699999999999998,0.06506407098647712,0.8029999999999999,0.06506407098647711,0.0,0.0,0.001,0.007035264706814485,9.06,0.7496800664418133,3.0,0.8989331499509897,7.0,0.8989331499509894,0.0,0.0,3.94,1.3012814197295424,3.86,1.2634728474975772,16.06,1.3012814197295426,10.0,0.0,20.0,0.0,2.0,0.0,1.0,0.0,0.0,0.0
769.0,769.0,100,3.93,1.2968882727202031,0.19649999999999998,0.06484441363601015,0.8035,0.06484441363601016,0.0,0.0,0.0004999999999999999,0.004999999999999998,9.06,0.7496800664418133,2.99,0.8932406102942186,7.01,0.8932406102942185,0.0,0.0,3.93,1.2968882727202031,3.86,1.2634728474975772,16.07,1.2968882727202036,10.0,0.0,20.0,0.0,2.0,0.0,1.0,0.0,0.0,0.0
770.0,770.0,100,3.92,1.2845625753932775,0.196,0.06422812876966387,0.804,0.0642281287696639,0.0,0.0,0.0004999999999999999,0.004999999999999998,9.06,0.7496800664418133,2.98,0.8873977391647713,7.02,0.887397739164771,0.0,0.0,3.92,1.2845625753932775,3.82,1.2583458759158166,16.08,1.284562575393278,10.0,0.0,20.0,0.0,2.0,0.0,1.0,0.0,0.0,0.0
771.0,771.0,100,3.9,1.267304464625848,0.195,0.06336522323129236,0.805,0.06336522323129239,0.0,0.0,0.0009999999999999998,0.007035264706814481,9.08,0.7341593144474154,2.98,0.8873977391647713,7.01,0.8932406102942182,0.01,0.1,3.89,1.270448898634024,3.82,1.2583458759158166,16.11,1.2704488986340237,10.0,0.0,20.0,0.0,2.0,0.0,1.0,0.0,0.0,0.0
772.0,772.0,100,3.9,1.267304464625848,0.195,0.06336522323129236,0.805,0.06336522323129239,0.0,0.0,0.0,0.0,9.08,0.7341593144474154,2.98,0.8873977391647713,7.02,0.887397739164771,0.0,0.0,3.9,1.267304464625848,3.8,1.271283452327457,16.1,1.2673044646258476,10.0,0.0,20.0,0.0,2.0,0.0,1.0,0.0,0.0,0.0
773.0,773.0,100,3.9,1.267304464625848,0.195,0.06336522323129236,0.805,0.06336522323129239,0.0,0.0,0.0,0.0,9.08,0.7341593144474154,2.98,0.8873977391647713,7.02,0.887397739164771,0.0,0.0,3.9,1.267304464625848,3.79,1.2815315963031233,16.1,1.2673044646258476,10.0,0.0,20.0,0.0,2.0,0.0,1.0,0.0,0.0,0.0
774.0,774.0,100,3.87,1.2525126261989852,0.1935,0.06262563130994925,0.8065000000000001,0.06262563130994925,0.0,0.0,0.0015,0.008572330399888263,9.08,0.7341593144474154,2.95,0.8804842561071293,7.05,0.8804842561071295,0.0,0.0,3.87,1.2525126261989852,3.79,1.2736252243580963,16.13,1.2525126261989858,10.0,0.0,20.0,0.0,2.0,0.0,1.0,0.0,0.0,0.0
775.0,775.0,100,3.87,1.2525126261989852,0.1935,0.06262563130994925,0.8065000000000001,0.06262563130994925,0.0,0.0,0.0,0.0,9.08,0.7341593144474154,2.95,0.8804842561071293,7.05,0.8804842561071295,0.0,0.0,3.87,1.2525126261989852,3.78,1.2679419417610442,16.13,1.2525126261989858,10.0,0.0,20.0,0.0,2.0,0.0,1.0,0.0,0.0,0.0
776.0,776.0,100,3.87,1.2525126261989852,0.1935,0.06262563130994925,0.8065000000000001,0.06262563130994925,0.0,0.0,0.0,0.0,9.08,0.7341593144474154,2.95,0.8804842561071293,7.05,0.8804842561071295,0.0,0.0,3.87,1.2525126261989852,3.74,1.2602709344751342,16.13,1.2525126261989858,10.0,0.0,20.0,0.0,2.0,0.0,1.0,0.0,0.0,0.0
777.0,777.0,100,3.84,1.2530367153842739,0.192,0.0626518357692137,0.8079999999999999,0.06265183576921367,0.0,0.0,0.0014999999999999996,0.008572330399888263,9.1,0.7316785737969475,2.94,0.8855746294030922,7.06,0.8855746294030923,0.0,0.0,3.84,1.2530367153842739,3.73,1.2460442458541598,16.16,1.2530367153842745,10.0,0.0,20.0,0.0,2.0,0.0,1.0,0.0,0.0,0.0
778.0,778.0,100,3.83,1.2476644848141936,0.19149999999999998,0.06238322424070966,0.8085,0.062383224240709675,0.0,0.0,0.0004999999999999999,0.004999999999999998,9.1,0.7316785737969475,2.93,0.8791065253018445,7.07,0.8791065253018445,0.0,0.0,3.83,1.2476644848141936,3.72,1.2397458195007947,16.17,1.2476644848141933,10.0,0.0,20.0,0.0,2.0,0.0,1.0,0.0,0.0,0.0
779.0,779.0,100,3.82,1.2421877084524313,0.191,0.06210938542262159,0.809,0.06210938542262158,0.0,0.0,0.0004999999999999999,0.0049999999999999975,9.1,0.7316785737969475,2.92,0.8724747109298477,7.08,0.8724747109298476,0.0,0.0,3.82,1.2421877084524313,3.71,1.2414963275471784,16.18,1.2421877084524333,10.0,0.0,20.0,0.0,2.0,0.0,1.0,0.0,0.0,0.0
780.0,780.0,100,3.79,1.2414963275471782,0.1895,0.06207481637735892,0.8105,0.062074816377358934,0.0,0.0,0.0015000000000000002,0.008572330399888266,9.1,0.7316785737969475,2.89,0.8515582864088137,7.11,0.8515582864088135,0.0,0.0,3.79,1.2414963275471782,3.66,1.2162203415466784,16.21,1.2414963275471798,10.0,0.0,20.0,0.0,2.0,0.0,1.0,0.0,0.0,0.0
781.0,781.0,100,3.78,1.227463509301464,0.18899999999999997,0.06137317546507322,0.8109999999999999,0.061373175465073225,0.0,0.0,0.0004999999999999999,0.004999999999999998,9.1,0.7316785737969475,2.88,0.8442317648177382,7.12,0.8442317648177381,0.0,0.0,3.78,1.227463509301464,3.64,1.2269696595493083,16.22,1.2274635093014659,10.0,0.0,20.0,0.0,2.0,0.0,1.0,0.0,0.0,0.0
782.0,782.0,100,3.75,1.2339883600452932,0.1875,0.06169941800226467,0.8125,0.061699418002264646,0.0,0.0,0.0015,0.008572330399888264,9.12,0.7423685817106698,2.87,0.8487066809581684,7.13,0.8487066809581684,0.0,0.0,3.75,1.2339883600452932,3.61,1.2300529675710323,16.25,1.2339883600452934,10.0,0.0,20.0,0.0,2.0,0.0,1.0,0.0,0.0,0.0
783.0,783.0,100,3.74,1.2359922199094813,0.187,0.06179961099547407,0.813,0.06179961099547404,0.0,0.0,0.0005000000000000001,0.005000000000000002,9.12,0.7423685817106698,2.86,0.8411151808609494,7.13,0.8487066809581683,0.01,0.09999999999999999,3.73,1.24604424585416,3.59,1.2316942425255986,16.27,1.24604424585416,10.0,0.0,20.0,0.0,2.0,0.0,1.0,0.0,0.0,0.0
784.0,784.0,100,3.71,1.2168430756293396,0.1855,0.06084215378146699,0.8145,0.060842153781467,0.0,0.0,0.0015,0.008572330399888264,9.12,0.7423685817106698,2.83,0.8415353933031089,7.17,0.8415353933031088,0.0,0.0,3.71,1.2168430756293396,3.58,1.2241674144437347,16.29,1.2168430756293398,10.0,0.0,20.0,0.0,2.0,0.0,1.0,0.0,0.0,0.0
785.0,785.0,100,3.7,1.218543591689885,0.185,0.06092717958449425,0.815,0.06092717958449426,0.0,0.0,0.0005000000000000001,0.005,9.12,0.7423685817106698,2.82,0.8454273917655345,7.18,0.8454273917655349,0.0,0.0,3.7,1.218543591689885,3.58,1.1907047399661166,16.3,1.2185435916898848,10.0,0.0,20.0,0.0,2.0,0.0,1.0,0.0,0.0,0.0
786.0,786.0,100,3.66,1.2162203415466784,0.183,0.060811017077333905,0.8170000000000001,0.06081101707733392,0.0,0.0,0.0020000000000000005,0.009847319278346619,9.14,0.7388224318864349,2.8,0.8408749651825216,7.2,0.8408749651825215,0.0,0.0,3.66,1.2162203415466784,3.57,1.1913408115618844,16.34,1.2162203415466781,10.0,0.0,20.0,0.0,2.0,0.0,1.0,0.0,0.0,0.0
787.0,787.0,100,3.65,1.2175069742400788,0.1825,0.06087534871200395,0.8175,0.06087534871200395,0.0,0.0,0.0005000000000000001,0.005000000000000001,9.14,0.7388224318864349,2.79,0.8444112167838032,7.21,0.8444112167838033,0.0,0.0,3.65,1.2175069742400788,3.56,1.200336653113651,16.35,1.2175069742400784,10.0,0.0,20.0,0.0,2.0,0.0,1.0,0.0,0.0,0.0
788.0,788.0,100,3.64,1.2103927069552696,0.182,0.06051963534776347,0.818,0.06051963534776348,0.0,0.0,0.0004999999999999999,0.004999999999999998,9.14,0.7388224318864349,2.78,0.8478135872866622,7.22,0.8478135872866621,0.0,0.0,3.64,1.2103927069552696,3.56,1.200336653113651,16.36,1.2103927069552691,10.0,0.0,20.0,0.0,2.0,0.0,1.0,0.0,0.0,0.0
789.0,789.0,100,3.63,1.1862426889855708,0.1815,0.059312134449278534,0.8184999999999999,0.05931213444927854,0.0,0.0,0.0004999999999999999,0.004999999999999998,9.14,0.7388224318864349,2.77,0.8270062840990955,7.23,0.8270062840990957,0.0,0.0,3.63,1.1862426889855708,3.55,1.209182042589623,16.37,1.18624268898557,10.0,0.0,20.0,0.0,2.0,0.0,1.0,0.0,0.0,0.0
790.0,790.0,100,3.6,1.1806521053804944,0.18,0.05903260526902471,0.82,0.05903260526902475,0.0,0.0,0.0015000000000000002,0.008572330399888266,9.16,0.7347094526395993,2.76,0.8179797730328723,7.24,0.8179797730328723,0.0,0.0,3.6,1.1806521053804944,3.55,1.209182042589623,16.4,1.180652105380494,10.0,0.0,20.0,0.0,2.0,0.0,1.0,0.0,0.0,0.0
791.0,791.0,100,3.6,1.1806521053804944,0.18,0.05903260526902471,0.82,0.05903260526902475,0.0,0.0,0.0,0.0,9.16,0.7347094526395993,2.76,0.8179797730328723,7.24,0.8179797730328723,0.0,0.0,3.6,1.1806521053804944,3.52,1.1932469919670379,16.4,1.180652105380494,10.0,0.0,20.0,0.0,2.0,0.0,1.0,0.0,0.0,0.0
792.0,792.0,100,3.6,1.1806521053804944,0.18,0.05903260526902471,0.82,0.05903260526902475,0.0,0.0,0.0,0.0,9.16,0.7347094526395993,2.76,0.8179797730328723,7.24,0.8179797730328723,0.0,0.0,3.6,1.1806521053804944,3.5,1.1849221088495243,16.4,1.180652105380494,10.0,0.0,20.0,0.0,2.0,0.0,1.0,0.0,0.0,0.0
793.0,793.0,100,3.58,1.1907047399661166,0.179,0.05953523699830585,0.821,0.059535236998305846,0.0,0.0,0.001,0.007035264706814484,9.17,0.7255092255537735,2.75,0.8211226608993474,7.25,0.8211226608993469,0.0,0.0,3.58,1.1907047399661166,3.49,1.1763236687822676,16.42,1.1907047399661166,10.0,0.0,20.0,0.0,2.0,0.0,1.0,0.0,0.0,0.0
794.0,794.0,100,3.58,1.1907047399661166,0.179,0.05953523699830585,0.821,0.059535236998305846,0.0,0.0,0.0,0.0,9.17,0.7255092255537735,2.75,0.8211226608993474,7.25,0.8211226608993469,0.0,0.0,3.58,1.1907047399661166,3.48,1.1675754036602186,16.42,1.1907047399661166,10.0,0.0,20.0,0.0,2.0,0.0,1.0,0.0,0.0,0.0
795.0,795.0,100,3.56,1.1833866825362034,0.17800000000000002,0.059169334126810136,0.8220000000000001,0.05916933412681015,0.0,0.0,0.001,0.007035264706814485,9.17,0.7255092255537735,2.73,0.8022065529122492,7.27,0.8022065529122492,0.0,0.0,3.56,1.1833866825362034,3.46,1.1496156582163282,16.44,1.1833866825362034,10.0,0.0,20.0,0.0,2.0,0.0,1.0,0.0,0.0,0.0
796.0,796.0,100,3.55,1.1923578203363168,0.1775,0.059617891016815826,0.8225,0.05961789101681584,0.0,0.0,0.0004999999999999999,0.0049999999999999975,9.17,0.7255092255537735,2.72,0.8050346626579554,7.28,0.8050346626579554,0.0,0.0,3.55,1.1923578203363168,3.43,1.1214618886421275,16.45,1.1923578203363168,10.0,0.0,20.0,0.0,2.0,0.0,1.0,0.0,0.0,0.0
797.0,797.0,100,3.54,1.20117787310135,0.177,0.060058893655067495,0.823,0.060058893655067516,0.0,0.0,0.0004999999999999999,0.004999999999999998,9.18,0.7300200633744887,2.72,0.8050346626579554,7.28,0.8050346626579554,0.0,0.0,3.54,1.20117787310135,3.42,1.1207861598724425,16.46,1.2011778731013514,10.0,0.0,20.0,0.0,2.0,0.0,1.0,0.0,0.0,0.0
798.0,798.0,100,3.53,1.1930353445448854,0.1765,0.05965176722724425,0.8234999999999999,0.059651767227244266,0.0,0.0,0.0004999999999999999,0.0049999999999999975,9.18,0.7300200633744887,2.71,0.7951240294584375,7.29,0.7951240294584376,0.0,0.0,3.53,1.1930353445448854,3.42,1.1207861598724425,16.47,1.1930353445448858,10.0,0.0,20.0,0.0,2.0,0.0,1.0,0.0,0.0,0.0
799.0,799.0,100,3.52,1.1932469919670379,0.17600000000000002,0.05966234959835189,0.8240000000000001,0.05966234959835187,0.0,0.0,0.0005000000000000001,0.005000000000000002,9.18,0.7300200633744887,2.7,0.7977240352174657,7.3,0.7977240352174656,0.0,0.0,3.52,1.1932469919670379,3.41,1.1290024201242725,16.48,1.193246991967038,10.0,0.0,20.0,0.0,2.0,0.0,1.0,0.0,0.0,0.0
800.0,800.0,100,3.51,1.1848794849854538,0.17550000000000002,0.059243974249272684,0.8245,0.05924397424927267,0.0,0.0,0.0004999999999999999,0.004999999999999998,9.18,0.7300200633744887,2.69,0.7874649262672022,7.31,0.787464926267202,0.0,0.0,3.51,1.1848794849854538,3.41,1.1290024201242725,16.49,1.184879484985454,10.0,0.0,20.0,0.0,2.0,0.0,1.0,0.0,0.0,0.0
801.0,801.0,100,3.48,1.1761948577656443,0.174,0.058809742888282196,0.826,0.058809742888282175,0.0,0.0,0.0015,0.008572330399888263,9.2,0.7247430753394787,2.68,0.7898344027949048,7.32,0.7898344027949045,0.0,0.0,3.48,1.1761948577656443,3.41,1.1290024201242725,16.52,1.1761948577656434,10.0,0.0,20.0,0.0,2.0,0.0,1.0,0.0,0.0,0.0
802.0,802.0,100,3.46,1.1670562120224555,0.17300000000000001,0.058352810601122775,0.8270000000000001,0.058352810601122754,0.0,0.0,0.001,0.007035264706814484,9.22,0.7188655484634642,2.68,0.7898344027949048,7.32,0.7898344027949045,0.0,0.0,3.46,1.1670562120224555,3.41,1.1290024201242725,16.54,1.1670562120224546,10.0,0.0,20.0,0.0,2.0,0.0,1.0,0.0,0.0,0.0
803.0,803.0,100,3.45,1.1752927853573898,0.1725,0.05876463926786948,0.8275,0.05876463926786948,0.0,0.0,0.0004999999999999999,0.004999999999999998,9.22,0.7188655484634642,2.67,0.7920692756152946,7.33,0.7920692756152943,0.0,0.0,3.45,1.1752927853573898,3.4,1.1281521496355322,16.55,1.1752927853573891,10.0,0.0,20.0,0.0,2.0,0.0,1.0,0.0,0.0,0.0
804.0,804.0,100,3.45,1.1752927853573898,0.1725,0.05876463926786948,0.8275,0.05876463926786948,0.0,0.0,0.0,0.0,9.22,0.7188655484634642,2.67,0.7920692756152946,7.33,0.7920692756152943,0.0,0.0,3.45,1.1752927853573898,3.4,1.1281521496355322,16.55,1.1752927853573891,10.0,0.0,20.0,0.0,2.0,0.0,1.0,0.0,0.0,0.0
805.0,805.0,100,3.44,1.1574964275530095,0.172,0.05787482137765048,0.828,0.05787482137765045,0.0,0.0,0.0004999999999999999,0.004999999999999998,9.23,0.722719331637969,2.67,0.7920692756152946,7.33,0.7920692756152943,0.0,0.0,3.44,1.1574964275530095,3.36,1.1504939650586454,16.56,1.157496427553009,10.0,0.0,20.0,0.0,2.0,0.0,1.0,0.0,0.0,0.0
806.0,806.0,100,3.41,1.1290024201242725,0.1705,0.05645012100621365,0.8295,0.056450121006213626,0.0,0.0,0.0015,0.008572330399888264,9.25,0.701729465267237,2.66,0.7813482261482717,7.34,0.7813482261482714,0.0,0.0,3.41,1.1290024201242725,3.34,1.1566234381931648,16.59,1.1290024201242723,10.0,0.0,20.0,0.0,2.0,0.0,1.0,0.0,0.0,0.0
807.0,807.0,100,3.4,1.1281521496355322,0.17,0.056407607481776624,0.83,0.056407607481776596,0.0,0.0,0.0005000000000000001,0.005000000000000001,9.25,0.701729465267237,2.65,0.7833494518006402,7.35,0.7833494518006401,0.0,0.0,3.4,1.1281521496355322,3.34,1.1566234381931648,16.6,1.128152149635532,10.0,0.0,20.0,0.0,2.0,0.0,1.0,0.0,0.0,0.0
808.0,808.0,100,3.4,1.1281521496355322,0.17,0.056407607481776624,0.83,0.056407607481776596,0.0,0.0,0.0,0.0,9.25,0.701729465267237,2.65,0.7833494518006402,7.35,0.7833494518006401,0.0,0.0,3.4,1.1281521496355322,3.31,1.1607642901871755,16.6,1.128152149635532,10.0,0.0,20.0,0.0,2.0,0.0,1.0,0.0,0.0,0.0
809.0,809.0,100,3.37,1.142874278370817,0.1685,0.05714371391854085,0.8315,0.05714371391854084,0.0,0.0,0.0014999999999999996,0.008572330399888264,9.25,0.701729465267237,2.62,0.8012616314414425,7.38,0.8012616314414422,0.0,0.0,3.37,1.142874278370817,3.3,1.1677484162422842,16.63,1.1428742783708161,10.0,0.0,20.0,0.0,2.0,0.0,1.0,0.0,0.0,0.0
810.0,810.0,100,3.35,1.1492202011394816,0.1675,0.05746101005697409,0.8325,0.05746101005697409,0.0,0.0,0.001,0.007035264706814484,9.25,0.701729465267237,2.6,0.8040302522073697,7.4,0.8040302522073696,0.0,0.0,3.35,1.1492202011394816,3.28,1.172754678248412,16.65,1.1492202011394812,10.0,0.0,20.0,0.0,2.0,0.0,1.0,0.0,0.0,0.0
811.0,811.0,100,3.35,1.1492202011394816,0.1675,0.05746101005697409,0.8325,0.05746101005697409,0.0,0.0,0.0,0.0,9.25,0.701729465267237,2.6,0.8040302522073697,7.4,0.8040302522073696,0.0,0.0,3.35,1.1492202011394816,3.27,1.1794109127060428,16.65,1.1492202011394812,10.0,0.0,20.0,0.0,2.0,0.0,1.0,0.0,0.0,0.0
812.0,812.0,100,3.33,1.163892806338481,0.16649999999999998,0.058194640316924055,0.8334999999999999,0.05819464031692408,0.0,0.0,0.0009999999999999998,0.007035264706814483,9.25,0.701729465267237,2.58,0.8187203614806647,7.42,0.8187203614806645,0.0,0.0,3.33,1.163892806338481,3.24,1.1901956379375858,16.67,1.1638928063384812,10.0,0.0,20.0,0.0,2.0,0.0,1.0,0.0,0.0,0.0
813.0,813.0,100,3.32,1.171030798618521,0.166,0.05855153993092606,0.8340000000000001,0.05855153993092606,0.0,0.0,0.0004999999999999999,0.0049999999999999975,9.25,0.701729465267237,2.57,0.8196451560389909,7.43,0.8196451560389914,0.0,0.0,3.32,1.171030798618521,3.23,1.187944494162973,16.68,1.171030798618521,10.0,0.0,20.0,0.0,2.0,0.0,1.0,0.0,0.0,0.0
814.0,814.0,100,3.32,1.171030798618521,0.166,0.05855153993092606,0.8340000000000001,0.05855153993092606,0.0,0.0,0.0,0.0,9.25,0.701729465267237,2.57,0.8196451560389909,7.43,0.8196451560389914,0.0,0.0,3.32,1.171030798618521,3.22,1.1940932065205738,16.68,1.171030798618521,10.0,0.0,20.0,0.0,2.0,0.0,1.0,0.0,0.0,0.0
815.0,815.0,100,3.3,1.1934162828797097,0.165,0.059670814143985514,0.835,0.0596708141439855,0.0,0.0,0.001,0.007035264706814483,9.26,0.7052472881009451,2.56,0.8204458014587637,7.44,0.8204458014587638,0.0,0.0,3.3,1.1934162828797097,3.21,1.183173271291652,16.7,1.1934162828797097,10.0,0.0,20.0,0.0,2.0,0.0,1.0,0.0,0.0,0.0
816.0,816.0,100,3.28,1.2067152175064406,0.16399999999999998,0.06033576087532202,0.836,0.06033576087532203,0.0,0.0,0.0009999999999999998,0.007035264706814482,9.26,0.7052472881009451,2.54,0.8459051693633014,7.46,0.8459051693633011,0.0,0.0,3.28,1.2067152175064406,3.19,1.178039803138153,16.72,1.2067152175064404,10.0,0.0,20.0,0.0,2.0,0.0,1.0,0.0,0.0,0.0
817.0,817.0,100,3.27,1.204830345574082,0.1635,0.06024151727870409,0.8365,0.060241517278704124,0.0,0.0,0.0005000000000000001,0.005000000000000001,9.26,0.7052472881009451,2.53,0.8343024667712577,7.47,0.8343024667712577,0.0,0.0,3.27,1.204830345574082,3.17,1.189643864882481,16.73,1.204830345574082,10.0,0.0,20.0,0.0,2.0,0.0,1.0,0.0,0.0,0.0
818.0,818.0,100,3.25,1.1923578203363163,0.1625,0.05961789101681582,0.8375,0.05961789101681581,0.0,0.0,0.0009999999999999998,0.007035264706814482,9.27,0.6942039987778752,2.52,0.8346050901867641,7.48,0.834605090186764,0.0,0.0,3.25,1.1923578203363163,3.17,1.189643864882481,16.75,1.1923578203363163,10.0,0.0,20.0,0.0,2.0,0.0,1.0,0.0,0.0,0.0
819.0,819.0,100,3.24,1.1816783134015938,0.162,0.05908391567007971,0.838,0.05908391567007969,0.0,0.0,0.0004999999999999999,0.004999999999999998,9.27,0.6942039987778752,2.51,0.8225975119502045,7.49,0.8225975119502045,0.0,0.0,3.24,1.1816783134015938,3.15,1.2175069742400788,16.76,1.1816783134015942,10.0,0.0,20.0,0.0,2.0,0.0,1.0,0.0,0.0,0.0
820.0,820.0,100,3.2,1.1806521053804941,0.16,0.059032605269024714,0.84,0.05903260526902472,0.0,0.0,0.0020000000000000005,0.00984731927834662,9.29,0.6860073327640606,2.49,0.8225975119502045,7.51,0.8225975119502043,0.0,0.0,3.2,1.1806521053804941,3.13,1.2031524249137169,16.8,1.180652105380494,10.0,0.0,20.0,0.0,2.0,0.0,1.0,0.0,0.0,0.0
821.0,821.0,100,3.18,1.1924001768777885,0.159,0.05962000884388943,0.841,0.05962000884388942,0.0,0.0,0.0009999999999999998,0.007035264706814482,9.29,0.6860073327640606,2.47,0.8343024667712581,7.53,0.834302466771258,0.0,0.0,3.18,1.1924001768777885,3.11,1.1967548714010827,16.82,1.1924001768777894,10.0,0.0,20.0,0.0,2.0,0.0,1.0,0.0,0.0,0.0
822.0,822.0,100,3.17,1.189643864882481,0.1585,0.059482193244124015,0.8415,0.059482193244123995,0.0,0.0,0.0005000000000000001,0.005,9.3,0.6890192121758832,2.47,0.8343024667712581,7.53,0.834302466771258,0.0,0.0,3.17,1.189643864882481,3.11,1.1967548714010827,16.83,1.1896438648824812,10.0,0.0,20.0,0.0,2.0,0.0,1.0,0.0,0.0,0.0
823.0,823.0,100,3.15,1.2175069742400788,0.1575,0.060875348712003945,0.8425,0.06087534871200393,0.0,0.0,0.001,0.007035264706814485,9.3,0.6890192121758832,2.45,0.8572330399888264,7.55,0.8572330399888264,0.0,0.0,3.15,1.2175069742400788,3.08,1.160633752339948,16.85,1.2175069742400788,10.0,0.0,20.0,0.0,2.0,0.0,1.0,0.0,0.0,0.0
824.0,824.0,100,3.13,1.2031524249137169,0.1565,0.06015762124568585,0.8434999999999999,0.060157621245685855,0.0,0.0,0.001,0.007035264706814485,9.3,0.6890192121758832,2.43,0.8318775162367364,7.57,0.8318775162367364,0.0,0.0,3.13,1.2031524249137169,3.08,1.160633752339948,16.87,1.2031524249137169,10.0,0.0,20.0,0.0,2.0,0.0,1.0,0.0,0.0,0.0
825.0,825.0,100,3.12,1.2083881910222474,0.156,0.06041940955111238,0.8440000000000001,0.06041940955111237,0.0,0.0,0.0004999999999999999,0.004999999999999998,9.3,0.6890192121758832,2.42,0.8430344421831595,7.58,0.8430344421831595,0.0,0.0,3.12,1.2083881910222474,3.07,1.1742609969205693,16.88,1.2083881910222478,10.0,0.0,20.0,0.0,2.0,0.0,1.0,0.0,0.0,0.0
826.0,826.0,100,3.12,1.2083881910222474,0.156,0.06041940955111238,0.8440000000000001,0.06041940955111237,0.0,0.0,0.0,0.0,9.3,0.6890192121758832,2.42,0.8430344421831595,7.58,0.8430344421831595,0.0,0.0,3.12,1.2083881910222474,3.06,1.1705131396532933,16.88,1.2083881910222478,10.0,0.0,20.0,0.0,2.0,0.0,1.0,0.0,0.0,0.0
827.0,827.0,100,3.1,1.1849221088495245,0.155,0.05924610544247622,0.845,0.05924610544247618,0.0,0.0,0.0009999999999999998,0.007035264706814482,9.3,0.6890192121758832,2.4,0.8408749651825218,7.6,0.8408749651825219,0.0,0.0,3.1,1.1849221088495245,3.04,1.171375777503194,16.9,1.1849221088495245,10.0,0.0,20.0,0.0,2.0,0.0,1.0,0.0,0.0,0.0
828.0,828.0,100,3.1,1.1849221088495245,0.155,0.05924610544247622,0.845,0.05924610544247618,0.0,0.0,0.0,0.0,9.3,0.6890192121758832,2.4,0.8408749651825218,7.6,0.8408749651825219,0.0,0.0,3.1,1.1849221088495245,3.02,1.171893055416463,16.9,1.1849221088495245,10.0,0.0,20.0,0.0,2.0,0.0,1.0,0.0,0.0,0.0
829.0,829.0,100,3.09,1.1984417492154662,0.1545,0.05992208746077331,0.8454999999999999,0.05992208746077331,0.0,0.0,0.0005,0.005,9.3,0.6890192121758832,2.39,0.8515582864088135,7.61,0.8515582864088138,0.0,0.0,3.09,1.1984417492154662,3.02,1.171893055416463,16.91,1.1984417492154662,10.0,0.0,20.0,0.0,2.0,0.0,1.0,0.0,0.0,0.0
830.0,830.0,100,3.09,1.1984417492154662,0.1545,0.05992208746077331,0.8454999999999999,0.05992208746077331,0.0,0.0,0.0,0.0,9.3,0.6890192121758832,2.39,0.8515582864088135,7.61,0.8515582864088138,0.0,0.0,3.09,1.1984417492154662,2.98,1.1804809839787143,16.91,1.1984417492154662,10.0,0.0,20.0,0.0,2.0,0.0,1.0,0.0,0.0,0.0
831.0,831.0,100,3.07,1.1913408115618844,0.1535,0.05956704057809423,0.8465,0.05956704057809421,0.0,0.0,0.0009999999999999998,0.007035264706814482,9.31,0.6918720031095843,2.38,0.8619920550853722,7.62,0.8619920550853719,0.0,0.0,3.07,1.1913408115618844,2.97,1.1845384388576474,16.93,1.1913408115618849,10.0,0.0,20.0,0.0,2.0,0.0,1.0,0.0,0.0,0.0
832.0,832.0,100,3.07,1.1913408115618844,0.1535,0.05956704057809423,0.8465,0.05956704057809421,0.0,0.0,0.0,0.0,9.31,0.6918720031095843,2.38,0.8619920550853722,7.62,0.8619920550853719,0.0,0.0,3.07,1.1913408115618844,2.93,1.1393334929162786,16.93,1.1913408115618849,10.0,0.0,20.0,0.0,2.0,0.0,1.0,0.0,0.0,0.0
833.0,833.0,100,3.06,1.1791111187258945,0.153,0.05895555593629473,0.847,0.058955555936294715,0.0,0.0,0.0004999999999999999,0.004999999999999998,9.32,0.6798692684790378,2.38,0.8619920550853722,7.62,0.8619920550853719,0.0,0.0,3.06,1.1791111187258945,2.91,1.1290024201242725,16.94,1.1791111187258951,10.0,0.0,20.0,0.0,2.0,0.0,1.0,0.0,0.0,0.0
834.0,834.0,100,3.05,1.1838560518556096,0.1525,0.059192802592780494,0.8475,0.05919280259278046,0.0,0.0,0.0004999999999999999,0.004999999999999998,9.32,0.6798692684790378,2.37,0.8721852272923859,7.63,0.8721852272923857,0.0,0.0,3.05,1.1838560518556096,2.91,1.1290024201242725,16.95,1.1838560518556096,10.0,0.0,20.0,0.0,2.0,0.0,1.0,0.0,0.0,0.0
835.0,835.0,100,3.04,1.1799674708750374,0.15200000000000002,0.05899837354375188,0.848,0.058998373543751884,0.0,0.0,0.0005000000000000001,0.005,9.32,0.6798692684790378,2.36,0.8706203523808742,7.64,0.8706203523808745,0.0,0.0,3.04,1.1799674708750374,2.89,1.1272116307978997,16.96,1.1799674708750372,10.0,0.0,20.0,0.0,2.0,0.0,1.0,0.0,0.0,0.0
836.0,836.0,100,3.02,1.1632417260102532,0.151,0.05816208630051266,0.8490000000000001,0.05816208630051265,0.0,0.0,0.001,0.007035264706814483,9.32,0.6798692684790378,2.34,0.8554046830110131,7.66,0.8554046830110132,0.0,0.0,3.02,1.1632417260102532,2.88,1.1216870411045223,16.98,1.1632417260102537,10.0,0.0,20.0,0.0,2.0,0.0,1.0,0.0,0.0,0.0
837.0,837.0,100,3.0,1.163415383057725,0.15,0.05817076915288626,0.85,0.05817076915288625,0.0,0.0,0.001,0.007035264706814484,9.33,0.6824643402827549,2.33,0.8534540634292149,7.66,0.8787042802451871,0.01,0.09999999999999999,2.99,1.1414592822038343,2.88,1.1216870411045223,17.01,1.1414592822038343,10.0,0.0,20.0,0.0,2.0,0.0,1.0,0.0,0.0,0.0
838.0,838.0,100,2.98,1.1632417260102532,0.149,0.05816208630051266,0.851,0.05816208630051268,0.0,0.0,0.001,0.007035264706814485,9.35,0.6871842709362769,2.33,0.8534540634292149,7.67,0.8534540634292149,0.0,0.0,2.98,1.1632417260102532,2.88,1.1216870411045223,17.02,1.1632417260102532,10.0,0.0,20.0,0.0,2.0,0.0,1.0,0.0,0.0,0.0
839.0,839.0,100,2.97,1.1586739198433924,0.1485,0.05793369599216964,0.8515,0.05793369599216961,0.0,0.0,0.0005000000000000001,0.005000000000000001,9.35,0.6871842709362769,2.32,0.8394322275481594,7.67,0.8534540634292149,0.01,0.1,2.96,1.1627205992495324,2.87,1.1160446028522137,17.04,1.1627205992495317,10.0,0.0,20.0,0.0,2.0,0.0,1.0,0.0,0.0,0.0
840.0,840.0,100,2.94,1.1531248716843154,0.14700000000000002,0.05765624358421581,0.853,0.05765624358421578,0.0,0.0,0.0015000000000000002,0.008572330399888266,9.37,0.67651812073053,2.31,0.8372031359885669,7.69,0.8372031359885671,0.0,0.0,2.94,1.1531248716843154,2.87,1.142874278370817,17.06,1.1531248716843159,10.0,0.0,20.0,0.0,2.0,0.0,1.0,0.0,0.0,0.0
841.0,841.0,100,2.94,1.1531248716843154,0.14700000000000002,0.05765624358421581,0.853,0.05765624358421578,0.0,0.0,0.0,0.0,9.37,0.67651812073053,2.31,0.8372031359885669,7.69,0.8372031359885671,0.0,0.0,2.94,1.1531248716843154,2.86,1.1460956999899066,17.06,1.1531248716843159,10.0,0.0,20.0,0.0,2.0,0.0,1.0,0.0,0.0,0.0
842.0,842.0,100,2.92,1.1252833537658975,0.146,0.05626416768829488,0.8540000000000001,0.056264167688294876,0.0,0.0,0.001,0.007035264706814485,9.39,0.6650738547884983,2.31,0.8372031359885669,7.69,0.8372031359885671,0.0,0.0,2.92,1.1252833537658975,2.87,1.142874278370817,17.08,1.125283353765897,10.0,0.0,20.0,0.0,2.0,0.0,1.0,0.0,0.0,0.0
843.0,843.0,100,2.9,1.1236664374387366,0.145,0.05618332187193684,0.855,0.056183321871936844,0.0,0.0,0.001,0.007035264706814485,9.39,0.6650738547884983,2.29,0.8201379534116578,7.71,0.8201379534116578,0.0,0.0,2.9,1.1236664374387366,2.87,1.142874278370817,17.1,1.123666437438737,10.0,0.0,20.0,0.0,2.0,0.0,1.0,0.0,0.0,0.0
844.0,844.0,100,2.89,1.136137351207186,0.14450000000000002,0.056806867560359305,0.8554999999999999,0.05680686756035929,0.0,0.0,0.0005,0.004999999999999998,9.39,0.6650738547884983,2.28,0.8297498710363552,7.72,0.8297498710363553,0.0,0.0,2.89,1.136137351207186,2.85,1.140396882889922,17.11,1.136137351207186,10.0,0.0,20.0,0.0,2.0,0.0,1.0,0.0,0.0,0.0
845.0,845.0,100,2.88,1.1395551143256997,0.14400000000000002,0.05697775571628499,0.856,0.056977755716285,0.0,0.0,0.0004999999999999999,0.0049999999999999975,9.39,0.6650738547884983,2.27,0.8270062840990957,7.73,0.8270062840990956,0.0,0.0,2.88,1.1395551143256997,2.84,1.1256423530903172,17.12,1.1395551143257,10.0,0.0,20.0,0.0,2.0,0.0,1.0,0.0,0.0,0.0
846.0,846.0,100,2.88,1.1395551143256997,0.14400000000000002,0.05697775571628499,0.856,0.056977755716285,0.0,0.0,0.0,0.0,9.39,0.6650738547884983,2.27,0.8270062840990957,7.73,0.8270062840990956,0.0,0.0,2.88,1.1395551143256997,2.83,1.1375589672805553,17.12,1.1395551143257,10.0,0.0,20.0,0.0,2.0,0.0,1.0,0.0,0.0,0.0
847.0,847.0,100,2.88,1.1395551143256997,0.14400000000000002,0.05697775571628499,0.856,0.056977755716285,0.0,0.0,0.0,0.0,9.39,0.6650738547884983,2.27,0.8270062840990957,7.73,0.8270062840990956,0.0,0.0,2.88,1.1395551143256997,2.83,1.1375589672805553,17.12,1.1395551143257,10.0,0.0,20.0,0.0,2.0,0.0,1.0,0.0,0.0,0.0
848.0,848.0,100,2.86,1.154875479754148,0.14300000000000002,0.05774377398770741,0.857,0.0577437739877074,0.0,0.0,0.001,0.007035264706814483,9.39,0.6650738547884983,2.25,0.8333333333333334,7.75,0.8333333333333334,0.0,0.0,2.86,1.154875479754148,2.83,1.1375589672805553,17.14,1.1548754797541476,10.0,0.0,20.0,0.0,2.0,0.0,1.0,0.0,0.0,0.0
849.0,849.0,100,2.86,1.154875479754148,0.14300000000000002,0.05774377398770741,0.857,0.0577437739877074,0.0,0.0,0.0,0.0,9.39,0.6650738547884983,2.25,0.8333333333333334,7.75,0.8333333333333334,0.0,0.0,2.86,1.154875479754148,2.83,1.1375589672805553,17.14,1.1548754797541476,10.0,0.0,20.0,0.0,2.0,0.0,1.0,0.0,0.0,0.0
850.0,850.0,100,2.85,1.1666666666666667,0.1425,0.05833333333333332,0.8575,0.058333333333333334,0.0,0.0,0.0005,0.005,9.39,0.6650738547884983,2.24,0.8423152316650515,7.76,0.8423152316650517,0.0,0.0,2.85,1.1666666666666667,2.82,1.1404411692875966,17.15,1.1666666666666665,10.0,0.0,20.0,0.0,2.0,0.0,1.0,0.0,0.0,0.0
851.0,851.0,100,2.85,1.1666666666666667,0.1425,0.05833333333333332,0.8575,0.058333333333333334,0.0,0.0,0.0,0.0,9.39,0.6650738547884983,2.24,0.8423152316650515,7.76,0.8423152316650517,0.0,0.0,2.85,1.1666666666666667,2.81,1.1343578257180036,17.15,1.1666666666666665,10.0,0.0,20.0,0.0,2.0,0.0,1.0,0.0,0.0,0.0
852.0,852.0,100,2.85,1.1666666666666667,0.1425,0.05833333333333332,0.8575,0.058333333333333334,0.0,0.0,0.0,0.0,9.39,0.6650738547884983,2.24,0.8423152316650515,7.76,0.8423152316650517,0.0,0.0,2.85,1.1666666666666667,2.77,1.1446405637587813,17.15,1.1666666666666665,10.0,0.0,20.0,0.0,2.0,0.0,1.0,0.0,0.0,0.0
853.0,853.0,100,2.85,1.1666666666666667,0.1425,0.05833333333333332,0.8575,0.058333333333333334,0.0,0.0,0.0,0.0,9.39,0.6650738547884983,2.24,0.8423152316650515,7.76,0.8423152316650517,0.0,0.0,2.85,1.1666666666666667,2.76,1.1292260691072957,17.15,1.1666666666666665,10.0,0.0,20.0,0.0,2.0,0.0,1.0,0.0,0.0,0.0
854.0,854.0,100,2.83,1.155181563410897,0.14150000000000001,0.057759078170544854,0.8584999999999999,0.05775907817054485,0.0,0.0,0.0009999999999999998,0.007035264706814483,9.4,0.6666666666666669,2.23,0.8510836823388369,7.77,0.851083682338837,0.0,0.0,2.83,1.155181563410897,2.74,1.1247446399296623,17.17,1.1551815634108968,10.0,0.0,20.0,0.0,2.0,0.0,1.0,0.0,0.0,0.0
855.0,855.0,100,2.82,1.1404411692875966,0.141,0.05702205846437983,0.8590000000000001,0.05702205846437984,0.0,0.0,0.0004999999999999999,0.004999999999999998,9.41,0.6528105515091007,2.23,0.8510836823388369,7.77,0.851083682338837,0.0,0.0,2.82,1.1404411692875966,2.73,1.1268531314230708,17.18,1.1404411692875964,10.0,0.0,20.0,0.0,2.0,0.0,1.0,0.0,0.0,0.0
856.0,856.0,100,2.8,1.1547005383792515,0.14,0.05773502691896258,0.86,0.05773502691896258,0.0,0.0,0.001,0.007035264706814483,9.41,0.6528105515091007,2.21,0.8562898593539008,7.79,0.8562898593539009,0.0,0.0,2.8,1.1547005383792515,2.72,1.1108282468227904,17.2,1.154700538379251,10.0,0.0,20.0,0.0,2.0,0.0,1.0,0.0,0.0,0.0
857.0,857.0,100,2.79,1.1396880664852505,0.1395,0.05698440332426252,0.8604999999999999,0.056984403324262516,0.0,0.0,0.0004999999999999999,0.004999999999999998,9.41,0.6528105515091007,2.2,0.8528028654224417,7.8,0.8528028654224418,0.0,0.0,2.79,1.1396880664852505,2.71,1.1127815725841383,17.21,1.1396880664852507,10.0,0.0,20.0,0.0,2.0,0.0,1.0,0.0,0.0,0.0
858.0,858.0,100,2.77,1.1357816691600546,0.13849999999999998,0.05678908345800273,0.8615,0.05678908345800273,0.0,0.0,0.001,0.007035264706814485,9.41,0.6528105515091007,2.18,0.8454273917655346,7.82,0.8454273917655348,0.0,0.0,2.77,1.1357816691600546,2.7,1.114640858045425,17.23,1.1357816691600544,10.0,0.0,20.0,0.0,2.0,0.0,1.0,0.0,0.0,0.0
859.0,859.0,100,2.76,1.1381359915904314,0.138,0.056906799579521584,0.862,0.056906799579521564,0.0,0.0,0.0004999999999999999,0.004999999999999998,9.41,0.6528105515091007,2.17,0.8415353933031089,7.83,0.8415353933031091,0.0,0.0,2.76,1.1381359915904314,2.7,1.114640858045425,17.24,1.1381359915904312,10.0,0.0,20.0,0.0,2.0,0.0,1.0,0.0,0.0,0.0
860.0,860.0,100,2.76,1.1381359915904314,0.138,0.056906799579521584,0.862,0.056906799579521564,0.0,0.0,0.0,0.0,9.41,0.6528105515091007,2.17,0.8415353933031089,7.83,0.8415353933031091,0.0,0.0,2.76,1.1381359915904314,2.7,1.114640858045425,17.24,1.1381359915904312,10.0,0.0,20.0,0.0,2.0,0.0,1.0,0.0,0.0,0.0
861.0,861.0,100,2.75,1.131504763712036,0.1375,0.05657523818560179,0.8625,0.05657523818560177,0.0,0.0,0.0005000000000000001,0.005000000000000001,9.42,0.6541244437251892,2.17,0.8415353933031089,7.83,0.8415353933031091,0.0,0.0,2.75,1.131504763712036,2.67,1.0922592654815537,17.25,1.1315047637120357,10.0,0.0,20.0,0.0,2.0,0.0,1.0,0.0,0.0,0.0
862.0,862.0,100,2.72,1.1288682094662046,0.136,0.05644341047331022,0.8640000000000001,0.0564434104733102,0.0,0.0,0.0015,0.008572330399888264,9.44,0.6562827673397122,2.16,0.8375047112787731,7.84,0.8375047112787736,0.0,0.0,2.72,1.1288682094662046,2.65,1.0952145677879517,17.28,1.128868209466204,10.0,0.0,20.0,0.0,2.0,0.0,1.0,0.0,0.0,0.0
863.0,863.0,100,2.72,1.1288682094662046,0.136,0.05644341047331022,0.8640000000000001,0.0564434104733102,0.0,0.0,0.0,0.0,9.44,0.6562827673397122,2.16,0.8375047112787731,7.84,0.8375047112787736,0.0,0.0,2.72,1.1288682094662046,2.64,1.0873004286866728,17.28,1.128868209466204,10.0,0.0,20.0,0.0,2.0,0.0,1.0,0.0,0.0,0.0
864.0,864.0,100,2.72,1.1288682094662046,0.136,0.05644341047331022,0.8640000000000001,0.0564434104733102,0.0,0.0,0.0,0.0,9.44,0.6562827673397122,2.16,0.8375047112787731,7.84,0.8375047112787736,0.0,0.0,2.72,1.1288682094662046,2.63,1.0792346708420162,17.28,1.128868209466204,10.0,0.0,20.0,0.0,2.0,0.0,1.0,0.0,0.0,0.0
865.0,865.0,100,2.69,1.107321821405871,0.1345,0.05536609107029357,0.8654999999999999,0.055366091070293555,0.0,0.0,0.0015,0.008572330399888263,9.44,0.6562827673397122,2.13,0.8122173167921067,7.87,0.8122173167921067,0.0,0.0,2.69,1.107321821405871,2.63,1.0792346708420162,17.31,1.1073218214058707,10.0,0.0,20.0,0.0,2.0,0.0,1.0,0.0,0.0,0.0
866.0,866.0,100,2.67,1.0922592654815535,0.1335,0.054612963274077685,0.8665,0.05461296327407764,0.0,0.0,0.0009999999999999998,0.007035264706814482,9.45,0.6571287406727712,2.12,0.8075402232218603,7.88,0.8075402232218604,0.0,0.0,2.67,1.0922592654815535,2.63,1.0792346708420162,17.33,1.0922592654815535,10.0,0.0,20.0,0.0,2.0,0.0,1.0,0.0,0.0,0.0
867.0,867.0,100,2.65,1.0859525446781406,0.1325,0.054297627233907034,0.8675,0.05429762723390702,0.0,0.0,0.001,0.007035264706814485,9.46,0.6578200914591107,2.11,0.8027100562117271,7.89,0.8027100562117272,0.0,0.0,2.65,1.0859525446781406,2.61,1.0907786117255782,17.35,1.0859525446781406,10.0,0.0,20.0,0.0,2.0,0.0,1.0,0.0,0.0,0.0
868.0,868.0,100,2.64,1.0779704086941357,0.132,0.0538985204347068,0.868,0.053898520434706776,0.0,0.0,0.0005000000000000001,0.005,9.46,0.6578200914591107,2.1,0.7849596270902192,7.9,0.7849596270902194,0.0,0.0,2.64,1.0779704086941357,2.6,1.1009637651263606,17.36,1.0779704086941355,10.0,0.0,20.0,0.0,2.0,0.0,1.0,0.0,0.0,0.0
869.0,869.0,100,2.64,1.0779704086941357,0.132,0.0538985204347068,0.868,0.053898520434706776,0.0,0.0,0.0,0.0,9.46,0.6578200914591107,2.1,0.7849596270902192,7.9,0.7849596270902194,0.0,0.0,2.64,1.0779704086941357,2.59,1.1109646368100219,17.36,1.0779704086941355,10.0,0.0,20.0,0.0,2.0,0.0,1.0,0.0,0.0,0.0
870.0,870.0,100,2.64,1.0779704086941357,0.132,0.0538985204347068,0.868,0.053898520434706776,0.0,0.0,0.0,0.0,9.46,0.6578200914591107,2.1,0.7849596270902192,7.9,0.7849596270902194,0.0,0.0,2.64,1.0779704086941357,2.57,1.1033008326257745,17.36,1.0779704086941355,10.0,0.0,20.0,0.0,2.0,0.0,1.0,0.0,0.0,0.0
871.0,871.0,100,2.62,1.0897131491703436,0.131,0.05448565745851719,0.8690000000000001,0.054485657458517155,0.0,0.0,0.001,0.007035264706814485,9.46,0.6578200914591107,2.08,0.7872724939930136,7.92,0.7872724939930137,0.0,0.0,2.62,1.0897131491703436,2.55,1.0952145677879517,17.38,1.0897131491703431,10.0,0.0,20.0,0.0,2.0,0.0,1.0,0.0,0.0,0.0
872.0,872.0,100,2.6,1.1009637651263606,0.13,0.05504818825631803,0.87,0.05504818825631802,0.0,0.0,0.001,0.007035264706814483,9.47,0.6583573068132106,2.07,0.794615719334913,7.93,0.7946157193349132,0.0,0.0,2.6,1.1009637651263606,2.52,1.068180743605735,17.4,1.1009637651263606,10.0,0.0,20.0,0.0,2.0,0.0,1.0,0.0,0.0,0.0
873.0,873.0,100,2.59,1.1109646368100219,0.1295,0.05554823184050109,0.8704999999999999,0.05554823184050109,0.0,0.0,0.0005,0.004999999999999998,9.47,0.6583573068132106,2.06,0.8017657281452499,7.94,0.8017657281452498,0.0,0.0,2.59,1.1109646368100219,2.52,1.068180743605735,17.41,1.1109646368100219,10.0,0.0,20.0,0.0,2.0,0.0,1.0,0.0,0.0,0.0
874.0,874.0,100,2.58,1.1026139740442147,0.129,0.05513069870221071,0.871,0.05513069870221071,0.0,0.0,0.0005000000000000001,0.005000000000000001,9.47,0.6583573068132106,2.05,0.7833494518006402,7.95,0.7833494518006401,0.0,0.0,2.58,1.1026139740442147,2.52,1.068180743605735,17.42,1.1026139740442145,10.0,0.0,20.0,0.0,2.0,0.0,1.0,0.0,0.0,0.0
875.0,875.0,100,2.56,1.0947071929899055,0.128,0.054735359649495274,0.872,0.054735359649495274,0.0,0.0,0.001,0.007035264706814484,9.47,0.6583573068132106,2.03,0.7843803447642765,7.97,0.7843803447642765,0.0,0.0,2.56,1.0947071929899055,2.52,1.068180743605735,17.44,1.0947071929899057,10.0,0.0,20.0,0.0,2.0,0.0,1.0,0.0,0.0,0.0
876.0,876.0,100,2.55,1.0952145677879515,0.1275,0.054760728389397585,0.8725,0.054760728389397564,0.0,0.0,0.0004999999999999999,0.004999999999999998,9.47,0.6583573068132106,2.02,0.7782394012491052,7.98,0.7782394012491052,0.0,0.0,2.55,1.0952145677879515,2.52,1.068180743605735,17.45,1.0952145677879517,10.0,0.0,20.0,0.0,2.0,0.0,1.0,0.0,0.0,0.0
877.0,877.0,100,2.55,1.0952145677879515,0.1275,0.054760728389397585,0.8725,0.054760728389397564,0.0,0.0,0.0,0.0,9.47,0.6583573068132106,2.02,0.7782394012491052,7.98,0.7782394012491052,0.0,0.0,2.55,1.0952145677879515,2.52,1.068180743605735,17.45,1.0952145677879517,10.0,0.0,20.0,0.0,2.0,0.0,1.0,0.0,0.0,0.0
878.0,878.0,100,2.55,1.0952145677879515,0.1275,0.054760728389397585,0.8725,0.054760728389397564,0.0,0.0,0.0,0.0,9.47,0.6583573068132106,2.02,0.7782394012491052,7.98,0.7782394012491052,0.0,0.0,2.55,1.0952145677879515,2.52,1.068180743605735,17.45,1.0952145677879517,10.0,0.0,20.0,0.0,2.0,0.0,1.0,0.0,0.0,0.0
879.0,879.0,100,2.55,1.0952145677879515,0.1275,0.054760728389397585,0.8725,0.054760728389397564,0.0,0.0,0.0,0.0,9.47,0.6583573068132106,2.02,0.7782394012491052,7.98,0.7782394012491052,0.0,0.0,2.55,1.0952145677879515,2.52,1.068180743605735,17.45,1.0952145677879517,10.0,0.0,20.0,0.0,2.0,0.0,1.0,0.0,0.0,0.0
880.0,880.0,100,2.54,1.0956295178590436,0.127,0.05478147589295219,0.873,0.05478147589295217,0.0,0.0,0.0004999999999999999,0.0049999999999999975,9.48,0.6587407638361196,2.02,0.7782394012491052,7.98,0.7782394012491052,0.0,0.0,2.54,1.0956295178590436,2.51,1.0777361233229361,17.46,1.0956295178590436,10.0,0.0,20.0,0.0,2.0,0.0,1.0,0.0,0.0,0.0
881.0,881.0,100,2.54,1.0956295178590436,0.127,0.05478147589295219,0.873,0.05478147589295217,0.0,0.0,0.0,0.0,9.48,0.6587407638361196,2.02,0.7782394012491052,7.98,0.7782394012491052,0.0,0.0,2.54,1.0956295178590436,2.51,1.0777361233229361,17.46,1.0956295178590436,10.0,0.0,20.0,0.0,2.0,0.0,1.0,0.0,0.0,0.0
882.0,882.0,100,2.52,1.068180743605735,0.126,0.05340903718028675,0.8740000000000001,0.05340903718028674,0.0,0.0,0.001,0.007035264706814486,9.5,0.627645914460848,2.02,0.7782394012491052,7.98,0.7782394012491052,0.0,0.0,2.52,1.068180743605735,2.5,1.0777829844714388,17.48,1.0681807436057351,10.0,0.0,20.0,0.0,2.0,0.0,1.0,0.0,0.0,0.0
883.0,883.0,100,2.52,1.068180743605735,0.126,0.05340903718028675,0.8740000000000001,0.05340903718028674,0.0,0.0,0.0,0.0,9.5,0.627645914460848,2.02,0.7782394012491052,7.98,0.7782394012491052,0.0,0.0,2.52,1.068180743605735,2.48,1.0775955276503895,17.48,1.0681807436057351,10.0,0.0,20.0,0.0,2.0,0.0,1.0,0.0,0.0,0.0
884.0,884.0,100,2.51,1.0777361233229361,0.1255,0.053886806166146814,0.8745,0.0538868061661468,0.0,0.0,0.0005,0.005,9.5,0.627645914460848,2.01,0.7848952835000388,7.99,0.7848952835000388,0.0,0.0,2.51,1.0777361233229361,2.48,1.0775955276503895,17.49,1.0777361233229363,10.0,0.0,20.0,0.0,2.0,0.0,1.0,0.0,0.0,0.0
885.0,885.0,100,2.51,1.0777361233229361,0.1255,0.053886806166146814,0.8745,0.0538868061661468,0.0,0.0,0.0,0.0,9.5,0.627645914460848,2.01,0.7848952835000388,7.99,0.7848952835000388,0.0,0.0,2.51,1.0777361233229361,2.48,1.0775955276503895,17.49,1.0777361233229363,10.0,0.0,20.0,0.0,2.0,0.0,1.0,0.0,0.0,0.0
886.0,886.0,100,2.51,1.0777361233229361,0.1255,0.053886806166146814,0.8745,0.0538868061661468,0.0,0.0,0.0,0.0,9.5,0.627645914460848,2.01,0.7848952835000388,7.99,0.7848952835000388,0.0,0.0,2.51,1.0777361233229361,2.47,1.0773611607567217,17.49,1.0777361233229363,10.0,0.0,20.0,0.0,2.0,0.0,1.0,0.0,0.0,0.0
887.0,887.0,100,2.5,1.0683698523517693,0.125,0.053418492617588464,0.875,0.05341849261758847,0.0,0.0,0.0005000000000000001,0.005000000000000001,9.5,0.627645914460848,2.0,0.7784989441615229,8.0,0.7784989441615227,0.0,0.0,2.5,1.0683698523517693,2.44,1.0666666666666667,17.5,1.0683698523517695,10.0,0.0,20.0,0.0,2.0,0.0,1.0,0.0,0.0,0.0
888.0,888.0,100,2.5,1.0683698523517693,0.125,0.053418492617588464,0.875,0.05341849261758847,0.0,0.0,0.0,0.0,9.5,0.627645914460848,2.0,0.7784989441615229,8.0,0.7784989441615227,0.0,0.0,2.5,1.0683698523517693,2.42,1.0558160231534066,17.5,1.0683698523517695,10.0,0.0,20.0,0.0,2.0,0.0,1.0,0.0,0.0,0.0
889.0,889.0,100,2.5,1.0683698523517693,0.125,0.053418492617588464,0.875,0.05341849261758847,0.0,0.0,0.0,0.0,9.5,0.627645914460848,2.0,0.7784989441615229,8.0,0.7784989441615227,0.0,0.0,2.5,1.0683698523517693,2.42,1.0558160231534066,17.5,1.0683698523517695,10.0,0.0,20.0,0.0,2.0,0.0,1.0,0.0,0.0,0.0
890.0,890.0,100,2.49,1.0683225783035437,0.12450000000000001,0.053416128915177184,0.8755,0.053416128915177184,0.0,0.0,0.0004999999999999999,0.004999999999999998,9.5,0.627645914460848,1.99,0.7848952835000386,8.01,0.7848952835000383,0.0,0.0,2.49,1.0683225783035437,2.42,1.0558160231534066,17.51,1.0683225783035437,10.0,0.0,20.0,0.0,2.0,0.0,1.0,0.0,0.0,0.0
891.0,891.0,100,2.47,1.0584436831041275,0.1235,0.052922184155206366,0.8765000000000001,0.05292218415520636,0.0,0.0,0.001,0.007035264706814485,9.5,0.627645914460848,1.97,0.7843803447642765,8.03,0.7843803447642764,0.0,0.0,2.47,1.0584436831041275,2.42,1.0558160231534066,17.53,1.0584436831041277,10.0,0.0,20.0,0.0,2.0,0.0,1.0,0.0,0.0,0.0
892.0,892.0,100,2.46,1.058109616058733,0.12300000000000001,0.052905480802936666,0.877,0.052905480802936646,0.0,0.0,0.0004999999999999999,0.0049999999999999975,9.51,0.6275654418770872,1.97,0.7843803447642765,8.03,0.7843803447642764,0.0,0.0,2.46,1.058109616058733,2.42,1.0558160231534066,17.54,1.0581096160587329,10.0,0.0,20.0,0.0,2.0,0.0,1.0,0.0,0.0,0.0
893.0,893.0,100,2.45,1.0671873729054748,0.1225,0.053359368645273735,0.8775,0.053359368645273735,0.0,0.0,0.0005,0.004999999999999999,9.52,0.6273239621880813,1.97,0.7843803447642765,8.03,0.7843803447642764,0.0,0.0,2.45,1.0671873729054748,2.4,1.0347497623614466,17.55,1.067187372905475,10.0,0.0,20.0,0.0,2.0,0.0,1.0,0.0,0.0,0.0
894.0,894.0,100,2.45,1.0671873729054748,0.1225,0.053359368645273735,0.8775,0.053359368645273735,0.0,0.0,0.0,0.0,9.52,0.6273239621880813,1.97,0.7843803447642765,8.03,0.7843803447642764,0.0,0.0,2.45,1.0671873729054748,2.39,1.043449988637634,17.55,1.067187372905475,10.0,0.0,20.0,0.0,2.0,0.0,1.0,0.0,0.0,0.0
895.0,895.0,100,2.45,1.0671873729054748,0.1225,0.053359368645273735,0.8775,0.053359368645273735,0.0,0.0,0.0,0.0,9.52,0.6273239621880813,1.97,0.7843803447642765,8.03,0.7843803447642764,0.0,0.0,2.45,1.0671873729054748,2.38,1.0325999352424085,17.55,1.067187372905475,10.0,0.0,20.0,0.0,2.0,0.0,1.0,0.0,0.0,0.0
896.0,896.0,100,2.45,1.0671873729054748,0.1225,0.053359368645273735,0.8775,0.053359368645273735,0.0,0.0,0.0,0.0,9.52,0.6273239621880813,1.97,0.7843803447642765,8.03,0.7843803447642764,0.0,0.0,2.45,1.0671873729054748,2.37,1.0507813350747213,17.55,1.067187372905475,10.0,0.0,20.0,0.0,2.0,0.0,1.0,0.0,0.0,0.0
897.0,897.0,100,2.43,1.066050958662224,0.1215,0.053302547933111184,0.8785,0.053302547933111184,0.0,0.0,0.0009999999999999998,0.007035264706814484,9.53,0.6269212893420536,1.96,0.7903457880234859,8.04,0.7903457880234857,0.0,0.0,2.43,1.066050958662224,2.34,1.0368951321862374,17.57,1.0660509586622238,10.0,0.0,20.0,0.0,2.0,0.0,1.0,0.0,0.0,0.0
898.0,898.0,100,2.4,1.0636320469566207,0.12,0.05318160234783105,0.88,0.053181602347831036,0.0,0.0,0.0015000000000000002,0.008572330399888264,9.55,0.6092717958449425,1.95,0.7961396760860393,8.05,0.7961396760860395,0.0,0.0,2.4,1.0636320469566207,2.32,1.0433047725783913,17.6,1.0636320469566205,10.0,0.0,20.0,0.0,2.0,0.0,1.0,0.0,0.0,0.0
899.0,899.0,100,2.4,1.0636320469566207,0.12,0.05318160234783105,0.88,0.053181602347831036,0.0,0.0,0.0,0.0,9.55,0.6092717958449425,1.95,0.7961396760860393,8.05,0.7961396760860395,0.0,0.0,2.4,1.0636320469566207,2.3,1.049290284435199,17.6,1.0636320469566205,10.0,0.0,20.0,0.0,2.0,0.0,1.0,0.0,0.0,0.0
900.0,900.0,100,2.39,1.0814785987692772,0.11950000000000001,0.05407392993846386,0.8805,0.05407392993846384,0.0,0.0,0.0005,0.004999999999999998,9.55,0.6092717958449425,1.94,0.8142667272032569,8.06,0.8142667272032569,0.0,0.0,2.39,1.0814785987692772,2.3,1.049290284435199,17.61,1.0814785987692772,10.0,0.0,20.0,0.0,2.0,0.0,1.0,0.0,0.0,0.0
901.0,901.0,100,2.37,1.0792346708420162,0.1185,0.0539617335421008,0.8815000000000001,0.05396173354210078,0.0,0.0,0.0010000000000000002,0.007035264706814485,9.55,0.6092717958449425,1.92,0.8125281657899744,8.08,0.8125281657899742,0.0,0.0,2.37,1.0792346708420162,2.28,1.0643915129919503,17.63,1.0792346708420162,10.0,0.0,20.0,0.0,2.0,0.0,1.0,0.0,0.0,0.0
902.0,902.0,100,2.37,1.0792346708420162,0.1185,0.0539617335421008,0.8815000000000001,0.05396173354210078,0.0,0.0,0.0,0.0,9.55,0.6092717958449425,1.92,0.8125281657899744,8.07,0.819645156038991,0.01,0.09999999999999999,2.36,1.0779704086941357,2.27,1.0527021507443683,17.64,1.0779704086941353,10.0,0.0,20.0,0.0,2.0,0.0,1.0,0.0,0.0,0.0
903.0,903.0,100,2.35,1.0671873729054748,0.1175,0.053359368645273735,0.8825,0.05335936864527372,0.0,0.0,0.001,0.007035264706814483,9.56,0.5915226030330454,1.91,0.8176709965419212,8.09,0.817670996541921,0.0,0.0,2.35,1.0671873729054748,2.26,1.0600171525198845,17.65,1.067187372905475,10.0,0.0,20.0,0.0,2.0,0.0,1.0,0.0,0.0,0.0
904.0,904.0,100,2.35,1.0671873729054748,0.1175,0.053359368645273735,0.8825,0.05335936864527372,0.0,0.0,0.0,0.0,9.56,0.5915226030330454,1.91,0.8176709965419212,8.09,0.817670996541921,0.0,0.0,2.35,1.0671873729054748,2.26,1.0600171525198845,17.65,1.067187372905475,10.0,0.0,20.0,0.0,2.0,0.0,1.0,0.0,0.0,0.0
905.0,905.0,100,2.32,1.0719565798533581,0.11599999999999999,0.053597828992667906,0.884,0.0535978289926679,0.0,0.0,0.0015000000000000002,0.008572330399888266,9.57,0.5904116009919338,1.89,0.8274946977156259,8.11,0.8274946977156261,0.0,0.0,2.32,1.0719565798533581,2.26,1.0504448312188241,17.68,1.071956579853358,10.0,0.0,20.0,0.0,2.0,0.0,1.0,0.0,0.0,0.0
906.0,906.0,100,2.31,1.0607315943024958,0.1155,0.05303657971512479,0.8845000000000001,0.05303657971512478,0.0,0.0,0.0005000000000000001,0.005,9.57,0.5904116009919338,1.88,0.8199531891048611,8.12,0.8199531891048615,0.0,0.0,2.31,1.0607315943024958,2.25,1.048086279122501,17.69,1.0607315943024962,10.0,0.0,20.0,0.0,2.0,0.0,1.0,0.0,0.0,0.0
907.0,907.0,100,2.29,1.0569156575009693,0.1145,0.052845782875048486,0.8855,0.05284578287504847,0.0,0.0,0.0010000000000000002,0.007035264706814486,9.58,0.5891270720911636,1.87,0.8245598764789552,8.13,0.8245598764789555,0.0,0.0,2.29,1.0569156575009693,2.24,1.0359205148713453,17.71,1.0569156575009695,10.0,0.0,20.0,0.0,2.0,0.0,1.0,0.0,0.0,0.0
908.0,908.0,100,2.28,1.06439151299195,0.114,0.05321957564959751,0.8859999999999999,0.0532195756495975,0.0,0.0,0.0005,0.005,9.59,0.5876678784428626,1.87,0.8245598764789552,8.13,0.8245598764789555,0.0,0.0,2.28,1.06439151299195,2.23,1.0333333333333332,17.72,1.0643915129919503,10.0,0.0,20.0,0.0,2.0,0.0,1.0,0.0,0.0,0.0
909.0,909.0,100,2.27,1.06225413079161,0.11349999999999999,0.05311270653958049,0.8865000000000001,0.05311270653958047,0.0,0.0,0.0004999999999999999,0.0049999999999999975,9.6,0.5860327153276886,1.87,0.8245598764789552,8.13,0.8245598764789555,0.0,0.0,2.27,1.06225413079161,2.22,1.0306416555826872,17.73,1.0622541307916094,10.0,0.0,20.0,0.0,2.0,0.0,1.0,0.0,0.0,0.0
910.0,910.0,100,2.26,1.0600171525198843,0.113,0.05300085762599421,0.887,0.0530008576259942,0.0,0.0,0.0004999999999999999,0.004999999999999998,9.6,0.5860327153276886,1.86,0.816743966657059,8.14,0.8167439666570591,0.0,0.0,2.26,1.0600171525198843,2.2,1.0150384378451047,17.74,1.060017152519884,10.0,0.0,20.0,0.0,2.0,0.0,1.0,0.0,0.0,0.0
911.0,911.0,100,2.25,1.0480862791225007,0.1125,0.05240431395612503,0.8875,0.05240431395612502,0.0,0.0,0.0005000000000000001,0.005000000000000001,9.6,0.5860327153276886,1.85,0.8087276451565162,8.15,0.8087276451565163,0.0,0.0,2.25,1.0480862791225007,2.2,1.0150384378451047,17.75,1.0480862791225007,10.0,0.0,20.0,0.0,2.0,0.0,1.0,0.0,0.0,0.0
912.0,912.0,100,2.24,1.0456258094238748,0.11200000000000002,0.05228129047119373,0.888,0.052281290471193724,0.0,0.0,0.0004999999999999999,0.004999999999999998,9.6,0.5860327153276886,1.84,0.8005048911831085,8.16,0.8005048911831087,0.0,0.0,2.24,1.0456258094238748,2.18,1.0188129357147948,17.76,1.0456258094238746,10.0,0.0,20.0,0.0,2.0,0.0,1.0,0.0,0.0,0.0
913.0,913.0,100,2.23,1.0430627008860964,0.1115,0.05215313504430483,0.8885,0.052153135044304806,0.0,0.0,0.0004999999999999999,0.004999999999999998,9.6,0.5860327153276886,1.83,0.7920692756152944,8.17,0.7920692756152944,0.0,0.0,2.23,1.0430627008860964,2.17,1.0055904341291844,17.77,1.0430627008860962,10.0,0.0,20.0,0.0,2.0,0.0,1.0,0.0,0.0,0.0
914.0,914.0,100,2.22,1.0403961949297214,0.111,0.05201980974648605,0.889,0.05201980974648605,0.0,0.0,0.0004999999999999999,0.004999999999999998,9.6,0.5860327153276886,1.82,0.7962031109832427,8.18,0.7962031109832426,0.0,0.0,2.22,1.0403961949297214,2.17,1.0055904341291844,17.78,1.040396194929721,10.0,0.0,20.0,0.0,2.0,0.0,1.0,0.0,0.0,0.0
915.0,915.0,100,2.21,1.0278446606684528,0.1105,0.05139223303342262,0.8895000000000001,0.05139223303342262,0.0,0.0,0.0005000000000000001,0.005000000000000001,9.61,0.5666666666666668,1.82,0.7962031109832427,8.18,0.7962031109832426,0.0,0.0,2.21,1.0278446606684528,2.17,1.0055904341291844,17.79,1.0278446606684528,10.0,0.0,20.0,0.0,2.0,0.0,1.0,0.0,0.0,0.0
916.0,916.0,100,2.19,1.0317681205316702,0.10950000000000001,0.05158840602658349,0.8905,0.05158840602658349,0.0,0.0,0.0010000000000000002,0.007035264706814486,9.61,0.5666666666666668,1.8,0.7913675671030663,8.2,0.7913675671030664,0.0,0.0,2.19,1.0317681205316702,2.14,1.0152374454811401,17.81,1.0317681205316702,10.0,0.0,20.0,0.0,2.0,0.0,1.0,0.0,0.0,0.0
917.0,917.0,100,2.18,1.0188129357147948,0.109,0.050940646785739715,0.8909999999999999,0.05094064678573971,0.0,0.0,0.0005000000000000001,0.005000000000000002,9.61,0.5666666666666668,1.79,0.782317200386264,8.21,0.7823172003862641,0.0,0.0,2.18,1.0188129357147948,2.13,0.9914279060674522,17.82,1.0188129357147946,10.0,0.0,20.0,0.0,2.0,0.0,1.0,0.0,0.0,0.0
918.0,918.0,100,2.18,1.0188129357147948,0.109,0.050940646785739715,0.8909999999999999,0.05094064678573971,0.0,0.0,0.0,0.0,9.61,0.5666666666666668,1.79,0.782317200386264,8.21,0.7823172003862641,0.0,0.0,2.18,1.0188129357147948,2.13,0.9914279060674522,17.82,1.0188129357147946,10.0,0.0,20.0,0.0,2.0,0.0,1.0,0.0,0.0,0.0
919.0,919.0,100,2.18,1.0188129357147948,0.109,0.050940646785739715,0.8909999999999999,0.05094064678573971,0.0,0.0,0.0,0.0,9.61,0.5666666666666668,1.79,0.782317200386264,8.21,0.7823172003862641,0.0,0.0,2.18,1.0188129357147948,2.13,0.9914279060674522,17.82,1.0188129357147946,10.0,0.0,20.0,0.0,2.0,0.0,1.0,0.0,0.0,0.0
920.0,920.0,100,2.15,1.0087996667707457,0.1075,0.05043998333853729,0.8925,0.050439983338537275,0.0,0.0,0.0015000000000000002,0.008572330399888264,9.62,0.5464301040259942,1.77,0.7766152928775695,8.23,0.7766152928775697,0.0,0.0,2.15,1.0087996667707457,2.13,0.9914279060674522,17.85,1.0087996667707455,10.0,0.0,20.0,0.0,2.0,0.0,1.0,0.0,0.0,0.0
921.0,921.0,100,2.14,0.984937058954028,0.10700000000000001,0.04924685294770139,0.893,0.04924685294770138,0.0,0.0,0.0004999999999999999,0.0049999999999999975,9.62,0.5464301040259942,1.76,0.7537113559452373,8.24,0.7537113559452372,0.0,0.0,2.14,0.984937058954028,2.12,0.9977753031397179,17.86,0.9849370589540276,10.0,0.0,20.0,0.0,2.0,0.0,1.0,0.0,0.0,0.0
922.0,922.0,100,2.14,0.984937058954028,0.10700000000000001,0.04924685294770139,0.893,0.04924685294770138,0.0,0.0,0.0,0.0,9.62,0.5464301040259942,1.76,0.7537113559452373,8.24,0.7537113559452372,0.0,0.0,2.14,0.984937058954028,2.12,0.9977753031397179,17.86,0.9849370589540276,10.0,0.0,20.0,0.0,2.0,0.0,1.0,0.0,0.0,0.0
923.0,923.0,100,2.14,0.984937058954028,0.10700000000000001,0.04924685294770139,0.893,0.04924685294770138,0.0,0.0,0.0,0.0,9.62,0.5464301040259942,1.76,0.7537113559452373,8.24,0.7537113559452372,0.0,0.0,2.14,0.984937058954028,2.11,1.003981970943601,17.86,0.9849370589540276,10.0,0.0,20.0,0.0,2.0,0.0,1.0,0.0,0.0,0.0
924.0,924.0,100,2.14,0.984937058954028,0.10700000000000001,0.04924685294770139,0.893,0.04924685294770138,0.0,0.0,0.0,0.0,9.62,0.5464301040259942,1.76,0.7537113559452373,8.24,0.7537113559452372,0.0,0.0,2.14,0.984937058954028,2.11,1.003981970943601,17.86,0.9849370589540276,10.0,0.0,20.0,0.0,2.0,0.0,1.0,0.0,0.0,0.0
925.0,925.0,100,2.13,0.9914279060674521,0.1065,0.04957139530337261,0.8935,0.04957139530337259,0.0,0.0,0.0005,0.004999999999999998,9.62,0.5464301040259942,1.75,0.7571210756756961,8.25,0.7571210756756961,0.0,0.0,2.13,0.9914279060674521,2.1,0.9898474527915803,17.87,0.9914279060674522,10.0,0.0,20.0,0.0,2.0,0.0,1.0,0.0,0.0,0.0
926.0,926.0,100,2.12,0.9977753031397179,0.106,0.04988876515698589,0.894,0.04988876515698587,0.0,0.0,0.0005,0.005,9.63,0.5441145155760927,1.75,0.7571210756756961,8.25,0.7571210756756961,0.0,0.0,2.12,0.9977753031397179,2.1,0.9898474527915803,17.88,0.9977753031397179,10.0,0.0,20.0,0.0,2.0,0.0,1.0,0.0,0.0,0.0
927.0,927.0,100,2.11,1.003981970943601,0.10550000000000001,0.05019909854718005,0.8945000000000001,0.05019909854718004,0.0,0.0,0.0005,0.005,9.63,0.5441145155760927,1.74,0.7603826787755087,8.26,0.7603826787755087,0.0,0.0,2.11,1.003981970943601,2.1,0.9898474527915803,17.89,1.0039819709436013,10.0,0.0,20.0,0.0,2.0,0.0,1.0,0.0,0.0,0.0
928.0,928.0,100,2.11,1.003981970943601,0.10550000000000001,0.05019909854718005,0.8945000000000001,0.05019909854718004,0.0,0.0,0.0,0.0,9.63,0.5441145155760927,1.74,0.7603826787755087,8.26,0.7603826787755087,0.0,0.0,2.11,1.003981970943601,2.1,0.9898474527915803,17.89,1.0039819709436013,10.0,0.0,20.0,0.0,2.0,0.0,1.0,0.0,0.0,0.0
929.0,929.0,100,2.1,0.9898474527915803,0.105,0.049492372639579015,0.895,0.049492372639579,0.0,0.0,0.0005000000000000001,0.005,9.63,0.5441145155760927,1.73,0.7501514998500454,8.27,0.7501514998500454,0.0,0.0,2.1,0.9898474527915803,2.1,0.9898474527915803,17.9,0.9898474527915805,10.0,0.0,20.0,0.0,2.0,0.0,1.0,0.0,0.0,0.0
930.0,930.0,100,2.1,0.9898474527915803,0.105,0.049492372639579015,0.895,0.049492372639579,0.0,0.0,0.0,0.0,9.63,0.5441145155760927,1.73,0.7501514998500454,8.27,0.7501514998500454,0.0,0.0,2.1,0.9898474527915803,2.1,0.9898474527915803,17.9,0.9898474527915805,10.0,0.0,20.0,0.0,2.0,0.0,1.0,0.0,0.0,0.0
931.0,931.0,100,2.1,0.9898474527915803,0.105,0.049492372639579015,0.895,0.049492372639579,0.0,0.0,0.0,0.0,9.63,0.5441145155760927,1.73,0.7501514998500454,8.27,0.7501514998500454,0.0,0.0,2.1,0.9898474527915803,2.1,0.9898474527915803,17.9,0.9898474527915805,10.0,0.0,20.0,0.0,2.0,0.0,1.0,0.0,0.0,0.0
932.0,932.0,100,2.1,0.9898474527915803,0.105,0.049492372639579015,0.895,0.049492372639579,0.0,0.0,0.0,0.0,9.63,0.5441145155760927,1.73,0.7501514998500454,8.27,0.7501514998500454,0.0,0.0,2.1,0.9898474527915803,2.1,0.9898474527915803,17.9,0.9898474527915805,10.0,0.0,20.0,0.0,2.0,0.0,1.0,0.0,0.0,0.0
933.0,933.0,100,2.1,0.9898474527915803,0.105,0.049492372639579015,0.895,0.049492372639579,0.0,0.0,0.0,0.0,9.63,0.5441145155760927,1.73,0.7501514998500454,8.27,0.7501514998500454,0.0,0.0,2.1,0.9898474527915803,2.09,0.9649933270298408,17.9,0.9898474527915805,10.0,0.0,20.0,0.0,2.0,0.0,1.0,0.0,0.0,0.0
934.0,934.0,100,2.1,0.9898474527915803,0.105,0.049492372639579015,0.895,0.049492372639579,0.0,0.0,0.0,0.0,9.63,0.5441145155760927,1.73,0.7501514998500454,8.27,0.7501514998500454,0.0,0.0,2.1,0.9898474527915803,2.09,0.9649933270298408,17.9,0.9898474527915805,10.0,0.0,20.0,0.0,2.0,0.0,1.0,0.0,0.0,0.0
935.0,935.0,100,2.1,0.9898474527915803,0.105,0.049492372639579015,0.895,0.049492372639579,0.0,0.0,0.0,0.0,9.63,0.5441145155760927,1.73,0.7501514998500454,8.27,0.7501514998500454,0.0,0.0,2.1,0.9898474527915803,2.09,0.9649933270298408,17.9,0.9898474527915805,10.0,0.0,20.0,0.0,2.0,0.0,1.0,0.0,0.0,0.0
936.0,936.0,100,2.1,0.9898474527915803,0.105,0.049492372639579015,0.895,0.049492372639579,0.0,0.0,0.0,0.0,9.63,0.5441145155760927,1.73,0.7501514998500454,8.27,0.7501514998500454,0.0,0.0,2.1,0.9898474527915803,2.09,0.9649933270298408,17.9,0.9898474527915805,10.0,0.0,20.0,0.0,2.0,0.0,1.0,0.0,0.0,0.0
937.0,937.0,100,2.09,0.9649933270298408,0.10450000000000001,0.048249666351492033,0.8955,0.04824966635149203,0.0,0.0,0.0004999999999999999,0.0049999999999999975,9.63,0.5441145155760927,1.72,0.7258572083190238,8.28,0.7258572083190236,0.0,0.0,2.09,0.9649933270298408,2.08,0.971097473495994,17.91,0.9649933270298403,10.0,0.0,20.0,0.0,2.0,0.0,1.0,0.0,0.0,0.0
938.0,938.0,100,2.09,0.9649933270298408,0.10450000000000001,0.048249666351492033,0.8955,0.04824966635149203,0.0,0.0,0.0,0.0,9.63,0.5441145155760927,1.72,0.7258572083190238,8.28,0.7258572083190236,0.0,0.0,2.09,0.9649933270298408,2.08,0.971097473495994,17.91,0.9649933270298403,10.0,0.0,20.0,0.0,2.0,0.0,1.0,0.0,0.0,0.0
939.0,939.0,100,2.09,0.9649933270298408,0.10450000000000001,0.048249666351492033,0.8955,0.04824966635149203,0.0,0.0,0.0,0.0,9.63,0.5441145155760927,1.72,0.7258572083190238,8.28,0.7258572083190236,0.0,0.0,2.09,0.9649933270298408,2.08,0.971097473495994,17.91,0.9649933270298403,10.0,0.0,20.0,0.0,2.0,0.0,1.0,0.0,0.0,0.0
940.0,940.0,100,2.09,0.9649933270298408,0.10450000000000001,0.048249666351492033,0.8955,0.04824966635149203,0.0,0.0,0.0,0.0,9.63,0.5441145155760927,1.72,0.7258572083190238,8.28,0.7258572083190236,0.0,0.0,2.09,0.9649933270298408,2.07,0.9561602502940729,17.91,0.9649933270298403,10.0,0.0,20.0,0.0,2.0,0.0,1.0,0.0,0.0,0.0
941.0,941.0,100,2.08,0.971097473495994,0.10400000000000001,0.04855487367479971,0.8959999999999999,0.048554873674799694,0.0,0.0,0.0005,0.005,9.63,0.5441145155760927,1.71,0.7288430017583494,8.29,0.7288430017583492,0.0,0.0,2.08,0.971097473495994,2.07,0.9561602502940729,17.92,0.9710974734959935,10.0,0.0,20.0,0.0,2.0,0.0,1.0,0.0,0.0,0.0
942.0,942.0,100,2.08,0.971097473495994,0.10400000000000001,0.04855487367479971,0.8959999999999999,0.048554873674799694,0.0,0.0,0.0,0.0,9.63,0.5441145155760927,1.71,0.7288430017583494,8.29,0.7288430017583492,0.0,0.0,2.08,0.971097473495994,2.06,0.9515537533185108,17.92,0.9710974734959935,10.0,0.0,20.0,0.0,2.0,0.0,1.0,0.0,0.0,0.0
943.0,943.0,100,2.08,0.971097473495994,0.10400000000000001,0.04855487367479971,0.8959999999999999,0.048554873674799694,0.0,0.0,0.0,0.0,9.63,0.5441145155760927,1.71,0.7288430017583494,8.29,0.7288430017583492,0.0,0.0,2.08,0.971097473495994,2.06,0.9515537533185108,17.92,0.9710974734959935,10.0,0.0,20.0,0.0,2.0,0.0,1.0,0.0,0.0,0.0
944.0,944.0,100,2.08,0.971097473495994,0.10400000000000001,0.04855487367479971,0.8959999999999999,0.048554873674799694,0.0,0.0,0.0,0.0,9.63,0.5441145155760927,1.71,0.7288430017583494,8.29,0.7288430017583492,0.0,0.0,2.08,0.971097473495994,2.05,0.94681816969503,17.92,0.9710974734959935,10.0,0.0,20.0,0.0,2.0,0.0,1.0,0.0,0.0,0.0
945.0,945.0,100,2.08,0.971097473495994,0.10400000000000001,0.04855487367479971,0.8959999999999999,0.048554873674799694,0.0,0.0,0.0,0.0,9.63,0.5441145155760927,1.71,0.7288430017583494,8.29,0.7288430017583492,0.0,0.0,2.08,0.971097473495994,2.05,0.94681816969503,17.92,0.9710974734959935,10.0,0.0,20.0,0.0,2.0,0.0,1.0,0.0,0.0,0.0
946.0,946.0,100,2.07,0.9666666666666665,0.1035,0.04833333333333333,0.8965000000000001,0.04833333333333332,0.0,0.0,0.0004999999999999999,0.004999999999999998,9.63,0.5441145155760927,1.7,0.7177405625652733,8.3,0.7177405625652733,0.0,0.0,2.07,0.9666666666666665,2.05,0.94681816969503,17.93,0.9666666666666661,10.0,0.0,20.0,0.0,2.0,0.0,1.0,0.0,0.0,0.0
947.0,947.0,100,2.07,0.9666666666666665,0.1035,0.04833333333333333,0.8965000000000001,0.04833333333333332,0.0,0.0,0.0,0.0,9.63,0.5441145155760927,1.7,0.7177405625652733,8.3,0.7177405625652733,0.0,0.0,2.07,0.9666666666666665,2.03,0.9582707489445912,17.93,0.9666666666666661,10.0,0.0,20.0,0.0,2.0,0.0,1.0,0.0,0.0,0.0
948.0,948.0,100,2.06,0.9621104747670951,0.10300000000000001,0.04810552373835478,0.897,0.04810552373835475,0.0,0.0,0.0004999999999999999,0.004999999999999998,9.63,0.5441145155760927,1.69,0.706320670013903,8.31,0.7063206700139031,0.0,0.0,2.06,0.9621104747670951,2.02,0.9532506851226854,17.94,0.962110474767095,10.0,0.0,20.0,0.0,2.0,0.0,1.0,0.0,0.0,0.0
949.0,949.0,100,2.06,0.9621104747670951,0.10300000000000001,0.04810552373835478,0.897,0.04810552373835475,0.0,0.0,0.0,0.0,9.63,0.5441145155760927,1.69,0.706320670013903,8.31,0.7063206700139031,0.0,0.0,2.06,0.9621104747670951,2.0,0.9744203145947594,17.94,0.962110474767095,10.0,0.0,20.0,0.0,2.0,0.0,1.0,0.0,0.0,0.0
950.0,950.0,100,2.05,0.94681816969503,0.1025,0.04734090848475149,0.8975,0.047340908484751476,0.0,0.0,0.0005000000000000001,0.005000000000000002,9.64,0.5416025603090642,1.69,0.706320670013903,8.31,0.7063206700139031,0.0,0.0,2.05,0.94681816969503,1.98,0.9742129690631863,17.95,0.9468181696950295,10.0,0.0,20.0,0.0,2.0,0.0,1.0,0.0,0.0,0.0
951.0,951.0,100,2.04,0.9526146899322658,0.10200000000000001,0.04763073449661331,0.898,0.047630734496613286,0.0,0.0,0.0005,0.004999999999999998,9.64,0.5416025603090642,1.68,0.7089613971340488,8.32,0.7089613971340489,0.0,0.0,2.04,0.9526146899322658,1.97,0.9687542766279015,17.96,0.9526146899322657,10.0,0.0,20.0,0.0,2.0,0.0,1.0,0.0,0.0,0.0
952.0,952.0,100,2.03,0.9476712552783313,0.1015,0.04738356276391656,0.8985,0.04738356276391656,0.0,0.0,0.0004999999999999999,0.0049999999999999975,9.64,0.5416025603090642,1.67,0.6971080231639827,8.33,0.6971080231639827,0.0,0.0,2.03,0.9476712552783313,1.96,0.9631597830457665,17.97,0.9476712552783313,10.0,0.0,20.0,0.0,2.0,0.0,1.0,0.0,0.0,0.0
953.0,953.0,100,2.01,0.9691712590109808,0.1005,0.04845856295054904,0.8995000000000001,0.048458562950549025,0.0,0.0,0.001,0.007035264706814485,9.64,0.5416025603090642,1.65,0.7159792333764037,8.35,0.7159792333764037,0.0,0.0,2.01,0.9691712590109808,1.94,0.9621104747670953,17.99,0.9691712590109807,10.0,0.0,20.0,0.0,2.0,0.0,1.0,0.0,0.0,0.0
954.0,954.0,100,1.99,0.9691712590109804,0.0995,0.04845856295054903,0.9005,0.04845856295054902,0.0,0.0,0.001,0.007035264706814484,9.64,0.5416025603090642,1.63,0.7057484028184604,8.37,0.7057484028184605,0.0,0.0,1.99,0.9691712590109804,1.93,0.9666666666666665,18.01,0.9691712590109808,10.0,0.0,20.0,0.0,2.0,0.0,1.0,0.0,0.0,0.0
955.0,955.0,100,1.99,0.9691712590109804,0.0995,0.04845856295054903,0.9005,0.04845856295054902,0.0,0.0,0.0,0.0,9.64,0.5416025603090642,1.63,0.7057484028184604,8.37,0.7057484028184605,0.0,0.0,1.99,0.9691712590109804,1.93,0.9666666666666665,18.01,0.9691712590109808,10.0,0.0,20.0,0.0,2.0,0.0,1.0,0.0,0.0,0.0
956.0,956.0,100,1.98,0.9637888196533971,0.099,0.04818944098266986,0.9009999999999999,0.048189440982669855,0.0,0.0,0.0004999999999999999,0.004999999999999998,9.64,0.5416025603090642,1.62,0.6931118527366562,8.38,0.6931118527366565,0.0,0.0,1.98,0.9637888196533971,1.93,0.9666666666666665,18.02,0.9637888196533974,10.0,0.0,20.0,0.0,2.0,0.0,1.0,0.0,0.0,0.0
957.0,957.0,100,1.97,0.9687542766279014,0.09849999999999999,0.048437713831395064,0.9015000000000001,0.048437713831395064,0.0,0.0,0.0005,0.005,9.65,0.5388914922357193,1.62,0.6931118527366562,8.38,0.6931118527366565,0.0,0.0,1.97,0.9687542766279014,1.93,0.9666666666666665,18.03,0.9687542766279017,10.0,0.0,20.0,0.0,2.0,0.0,1.0,0.0,0.0,0.0
958.0,958.0,100,1.96,0.9735906675183305,0.098,0.04867953337591651,0.902,0.0486795333759165,0.0,0.0,0.0005,0.005,9.65,0.5388914922357193,1.61,0.6947857747012908,8.39,0.6947857747012909,0.0,0.0,1.96,0.9735906675183305,1.92,0.971097473495994,18.04,0.9735906675183305,10.0,0.0,20.0,0.0,2.0,0.0,1.0,0.0,0.0,0.0
959.0,959.0,100,1.96,0.9735906675183305,0.098,0.04867953337591651,0.902,0.0486795333759165,0.0,0.0,0.0,0.0,9.65,0.5388914922357193,1.61,0.6947857747012908,8.39,0.6947857747012909,0.0,0.0,1.96,0.9735906675183305,1.89,0.9836542876314613,18.04,0.9735906675183305,10.0,0.0,20.0,0.0,2.0,0.0,1.0,0.0,0.0,0.0
960.0,960.0,100,1.96,0.9735906675183305,0.098,0.04867953337591651,0.902,0.0486795333759165,0.0,0.0,0.0,0.0,9.65,0.5388914922357193,1.61,0.6947857747012908,8.39,0.6947857747012909,0.0,0.0,1.96,0.9735906675183305,1.89,0.9836542876314613,18.04,0.9735906675183305,10.0,0.0,20.0,0.0,2.0,0.0,1.0,0.0,0.0,0.0
961.0,961.0,100,1.95,0.9679197729505721,0.0975,0.048395988647528594,0.9025,0.04839598864752859,0.0,0.0,0.0004999999999999999,0.004999999999999998,9.66,0.5359782899266792,1.61,0.6947857747012908,8.39,0.6947857747012909,0.0,0.0,1.95,0.9679197729505721,1.88,0.9875998862664652,18.05,0.9679197729505717,10.0,0.0,20.0,0.0,2.0,0.0,1.0,0.0,0.0,0.0
962.0,962.0,100,1.94,0.9725526134140949,0.09700000000000002,0.04862763067070474,0.903,0.048627630670704726,0.0,0.0,0.0005,0.004999999999999998,9.66,0.5359782899266792,1.6,0.6963106238227913,8.4,0.6963106238227912,0.0,0.0,1.94,0.9725526134140949,1.88,0.9875998862664652,18.06,0.972552613414095,10.0,0.0,20.0,0.0,2.0,0.0,1.0,0.0,0.0,0.0
963.0,963.0,100,1.9,0.9795896894087646,0.095,0.04897948447043822,0.905,0.048979484470438206,0.0,0.0,0.002,0.009847319278346619,9.67,0.5328596381218921,1.57,0.6999999999999998,8.43,0.6999999999999998,0.0,0.0,1.9,0.9795896894087646,1.88,0.9875998862664652,18.1,0.9795896894087643,10.0,0.0,20.0,0.0,2.0,0.0,1.0,0.0,0.0,0.0
964.0,964.0,100,1.9,0.9795896894087646,0.095,0.04897948447043822,0.905,0.048979484470438206,0.0,0.0,0.0,0.0,9.67,0.5328596381218921,1.57,0.6999999999999998,8.43,0.6999999999999998,0.0,0.0,1.9,0.9795896894087646,1.87,0.9914279060674521,18.1,0.9795896894087643,10.0,0.0,20.0,0.0,2.0,0.0,1.0,0.0,0.0,0.0
965.0,965.0,100,1.89,0.9836542876314613,0.09450000000000001,0.04918271438157306,0.9055,0.04918271438157306,0.0,0.0,0.0005,0.004999999999999998,9.67,0.5328596381218921,1.56,0.7009373233842892,8.44,0.7009373233842889,0.0,0.0,1.89,0.9836542876314613,1.86,0.9746276160149525,18.11,0.9836542876314611,10.0,0.0,20.0,0.0,2.0,0.0,1.0,0.0,0.0,0.0
966.0,966.0,100,1.88,0.9875998862664652,0.094,0.04937999431332327,0.9059999999999999,0.04937999431332326,0.0,0.0,0.0005,0.005,9.67,0.5328596381218921,1.55,0.701729465267237,8.45,0.7017294652672372,0.0,0.0,1.88,0.9875998862664652,1.86,0.9746276160149525,18.12,0.9875998862664652,10.0,0.0,20.0,0.0,2.0,0.0,1.0,0.0,0.0,0.0
967.0,967.0,100,1.88,0.9875998862664652,0.094,0.04937999431332327,0.9059999999999999,0.04937999431332326,0.0,0.0,0.0,0.0,9.67,0.5328596381218921,1.55,0.701729465267237,8.45,0.7017294652672372,0.0,0.0,1.88,0.9875998862664652,1.86,0.9746276160149525,18.12,0.9875998862664652,10.0,0.0,20.0,0.0,2.0,0.0,1.0,0.0,0.0,0.0
968.0,968.0,100,1.87,0.9914279060674521,0.0935,0.04957139530337261,0.9065000000000001,0.04957139530337261,0.0,0.0,0.0005,0.005,9.67,0.5328596381218921,1.54,0.7023769168568492,8.46,0.7023769168568493,0.0,0.0,1.87,0.9914279060674521,1.85,0.9782999065065412,18.13,0.9914279060674522,10.0,0.0,20.0,0.0,2.0,0.0,1.0,0.0,0.0,0.0
969.0,969.0,100,1.87,0.9914279060674521,0.0935,0.04957139530337261,0.9065000000000001,0.04957139530337261,0.0,0.0,0.0,0.0,9.67,0.5328596381218921,1.54,0.7023769168568492,8.46,0.7023769168568493,0.0,0.0,1.87,0.9914279060674521,1.85,0.9782999065065412,18.13,0.9914279060674522,10.0,0.0,20.0,0.0,2.0,0.0,1.0,0.0,0.0,0.0
970.0,970.0,100,1.87,0.9914279060674521,0.0935,0.04957139530337261,0.9065000000000001,0.04957139530337261,0.0,0.0,0.0,0.0,9.67,0.5328596381218921,1.54,0.7023769168568492,8.46,0.7023769168568493,0.0,0.0,1.87,0.9914279060674521,1.85,0.9782999065065412,18.13,0.9914279060674522,10.0,0.0,20.0,0.0,2.0,0.0,1.0,0.0,0.0,0.0
971.0,971.0,100,1.87,0.9914279060674521,0.0935,0.04957139530337261,0.9065000000000001,0.04957139530337261,0.0,0.0,0.0,0.0,9.67,0.5328596381218921,1.54,0.7023769168568492,8.46,0.7023769168568493,0.0,0.0,1.87,0.9914279060674521,1.84,0.981855592253975,18.13,0.9914279060674522,10.0,0.0,20.0,0.0,2.0,0.0,1.0,0.0,0.0,0.0
972.0,972.0,100,1.86,0.9951397039124861,0.09300000000000001,0.049756985195624305,0.907,0.04975698519562429,0.0,0.0,0.0005,0.005,9.67,0.5328596381218921,1.53,0.7028800779936816,8.47,0.7028800779936817,0.0,0.0,1.86,0.9951397039124861,1.82,0.9574798571080629,18.14,0.9951397039124857,10.0,0.0,20.0,0.0,2.0,0.0,1.0,0.0,0.0,0.0
973.0,973.0,100,1.86,0.9951397039124861,0.09300000000000001,0.049756985195624305,0.907,0.04975698519562429,0.0,0.0,0.0,0.0,9.67,0.5328596381218921,1.53,0.7028800779936816,8.47,0.7028800779936817,0.0,0.0,1.86,0.9951397039124861,1.82,0.9574798571080629,18.14,0.9951397039124857,10.0,0.0,20.0,0.0,2.0,0.0,1.0,0.0,0.0,0.0
974.0,974.0,100,1.86,0.9951397039124861,0.09300000000000001,0.049756985195624305,0.907,0.04975698519562429,0.0,0.0,0.0,0.0,9.67,0.5328596381218921,1.53,0.7028800779936816,8.47,0.7028800779936817,0.0,0.0,1.86,0.9951397039124861,1.82,0.9574798571080629,18.14,0.9951397039124857,10.0,0.0,20.0,0.0,2.0,0.0,1.0,0.0,0.0,0.0
975.0,975.0,100,1.84,0.981855592253975,0.09200000000000001,0.049092779612698756,0.9079999999999999,0.04909277961269874,0.0,0.0,0.0010000000000000002,0.007035264706814486,9.68,0.5101000100000195,1.52,0.7032392583932261,8.48,0.703239258393226,0.0,0.0,1.84,0.981855592253975,1.81,0.9607972278953103,18.16,0.9818555922539745,10.0,0.0,20.0,0.0,2.0,0.0,1.0,0.0,0.0,0.0
976.0,976.0,100,1.82,0.9574798571080629,0.091,0.047873992855403155,0.909,0.04787399285540315,0.0,0.0,0.001,0.007035264706814485,9.68,0.5101000100000195,1.5,0.689019212175883,8.5,0.6890192121758831,0.0,0.0,1.82,0.9574798571080629,1.8,0.9534625892455925,18.18,0.957479857108063,10.0,0.0,20.0,0.0,2.0,0.0,1.0,0.0,0.0,0.0
977.0,977.0,100,1.82,0.9574798571080629,0.091,0.047873992855403155,0.909,0.04787399285540315,0.0,0.0,0.0,0.0,9.68,0.5101000100000195,1.5,0.689019212175883,8.5,0.6890192121758831,0.0,0.0,1.82,0.9574798571080629,1.79,0.9565827225339715,18.18,0.957479857108063,10.0,0.0,20.0,0.0,2.0,0.0,1.0,0.0,0.0,0.0
978.0,978.0,100,1.82,0.9574798571080629,0.091,0.047873992855403155,0.909,0.04787399285540315,0.0,0.0,0.0,0.0,9.68,0.5101000100000195,1.5,0.689019212175883,8.5,0.6890192121758831,0.0,0.0,1.82,0.9574798571080629,1.78,0.9595874534444898,18.18,0.957479857108063,10.0,0.0,20.0,0.0,2.0,0.0,1.0,0.0,0.0,0.0
979.0,979.0,100,1.81,0.9607972278953103,0.09050000000000001,0.04803986139476553,0.9095,0.048039861394765515,0.0,0.0,0.0005,0.004999999999999998,9.68,0.5101000100000195,1.49,0.6889459083603476,8.51,0.6889459083603477,0.0,0.0,1.81,0.9607972278953103,1.78,0.9595874534444898,18.19,0.9607972278953102,10.0,0.0,20.0,0.0,2.0,0.0,1.0,0.0,0.0,0.0
980.0,980.0,100,1.81,0.9607972278953103,0.09050000000000001,0.04803986139476553,0.9095,0.048039861394765515,0.0,0.0,0.0,0.0,9.68,0.5101000100000195,1.49,0.6889459083603476,8.51,0.6889459083603477,0.0,0.0,1.81,0.9607972278953103,1.78,0.9595874534444898,18.19,0.9607972278953102,10.0,0.0,20.0,0.0,2.0,0.0,1.0,0.0,0.0,0.0
981.0,981.0,100,1.81,0.9607972278953103,0.09050000000000001,0.04803986139476553,0.9095,0.048039861394765515,0.0,0.0,0.0,0.0,9.68,0.5101000100000195,1.49,0.6889459083603476,8.51,0.6889459083603477,0.0,0.0,1.81,0.9607972278953103,1.78,0.9595874534444898,18.19,0.9607972278953102,10.0,0.0,20.0,0.0,2.0,0.0,1.0,0.0,0.0,0.0
982.0,982.0,100,1.8,0.9639984073082951,0.09,0.04819992036541475,0.91,0.04819992036541472,0.0,0.0,0.0005,0.004999999999999998,9.68,0.5101000100000195,1.48,0.6887259501016599,8.52,0.6887259501016602,0.0,0.0,1.8,0.9639984073082951,1.78,0.9595874534444898,18.2,0.9639984073082946,10.0,0.0,20.0,0.0,2.0,0.0,1.0,0.0,0.0,0.0
983.0,983.0,100,1.8,0.9639984073082951,0.09,0.04819992036541475,0.91,0.04819992036541472,0.0,0.0,0.0,0.0,9.68,0.5101000100000195,1.48,0.6887259501016599,8.52,0.6887259501016602,0.0,0.0,1.8,0.9639984073082951,1.78,0.9595874534444898,18.2,0.9639984073082946,10.0,0.0,20.0,0.0,2.0,0.0,1.0,0.0,0.0,0.0
984.0,984.0,100,1.8,0.9639984073082951,0.09,0.04819992036541475,0.91,0.04819992036541472,0.0,0.0,0.0,0.0,9.68,0.5101000100000195,1.48,0.6887259501016599,8.52,0.6887259501016602,0.0,0.0,1.8,0.9639984073082951,1.77,0.9519252156349344,18.2,0.9639984073082946,10.0,0.0,20.0,0.0,2.0,0.0,1.0,0.0,0.0,0.0
985.0,985.0,100,1.8,0.9639984073082951,0.09,0.04819992036541475,0.91,0.04819992036541472,0.0,0.0,0.0,0.0,9.68,0.5101000100000195,1.48,0.6887259501016599,8.52,0.6887259501016602,0.0,0.0,1.8,0.9639984073082951,1.77,0.9519252156349344,18.2,0.9639984073082946,10.0,0.0,20.0,0.0,2.0,0.0,1.0,0.0,0.0,0.0
986.0,986.0,100,1.79,0.9565827225339715,0.08950000000000001,0.04782913612669857,0.9105,0.04782913612669857,0.0,0.0,0.0004999999999999999,0.0049999999999999975,9.69,0.5064233865696234,1.48,0.6887259501016599,8.52,0.6887259501016602,0.0,0.0,1.79,0.9565827225339715,1.76,0.9652549775666385,18.21,0.9565827225339715,10.0,0.0,20.0,0.0,2.0,0.0,1.0,0.0,0.0,0.0
987.0,987.0,100,1.78,0.9595874534444898,0.08900000000000001,0.0479793726722245,0.9109999999999999,0.04797937267222446,0.0,0.0,0.0005,0.004999999999999999,9.7,0.502518907629606,1.48,0.6887259501016599,8.52,0.6887259501016602,0.0,0.0,1.78,0.9595874534444898,1.75,0.9574271077563381,18.22,0.9595874534444895,10.0,0.0,20.0,0.0,2.0,0.0,1.0,0.0,0.0,0.0
988.0,988.0,100,1.78,0.9595874534444898,0.08900000000000001,0.0479793726722245,0.9109999999999999,0.04797937267222446,0.0,0.0,0.0,0.0,9.7,0.502518907629606,1.48,0.6887259501016599,8.52,0.6887259501016602,0.0,0.0,1.78,0.9595874534444898,1.75,0.9574271077563381,18.22,0.9595874534444895,10.0,0.0,20.0,0.0,2.0,0.0,1.0,0.0,0.0,0.0
989.0,989.0,100,1.78,0.9595874534444898,0.08900000000000001,0.0479793726722245,0.9109999999999999,0.04797937267222446,0.0,0.0,0.0,0.0,9.7,0.502518907629606,1.48,0.6887259501016599,8.52,0.6887259501016602,0.0,0.0,1.78,0.9595874534444898,1.75,0.9574271077563381,18.22,0.9595874534444895,10.0,0.0,20.0,0.0,2.0,0.0,1.0,0.0,0.0,0.0
990.0,990.0,100,1.77,0.9729160583347654,0.0885,0.04864580291673828,0.9115000000000001,0.04864580291673824,0.0,0.0,0.0005,0.005,9.7,0.502518907629606,1.47,0.7028800779936816,8.53,0.7028800779936817,0.0,0.0,1.77,0.9729160583347654,1.75,0.9574271077563381,18.23,0.9729160583347651,10.0,0.0,20.0,0.0,2.0,0.0,1.0,0.0,0.0,0.0
991.0,991.0,100,1.77,0.9729160583347654,0.0885,0.04864580291673828,0.9115000000000001,0.04864580291673824,0.0,0.0,0.0,0.0,9.7,0.502518907629606,1.47,0.7028800779936816,8.53,0.7028800779936817,0.0,0.0,1.77,0.9729160583347654,1.73,0.9412542674323426,18.23,0.9729160583347651,10.0,0.0,20.0,0.0,2.0,0.0,1.0,0.0,0.0,0.0
992.0,992.0,100,1.77,0.9729160583347654,0.0885,0.04864580291673828,0.9115000000000001,0.04864580291673824,0.0,0.0,0.0,0.0,9.7,0.502518907629606,1.47,0.7028800779936816,8.53,0.7028800779936817,0.0,0.0,1.77,0.9729160583347654,1.72,0.9543097352050176,18.23,0.9729160583347651,10.0,0.0,20.0,0.0,2.0,0.0,1.0,0.0,0.0,0.0
993.0,993.0,100,1.77,0.9729160583347654,0.0885,0.04864580291673828,0.9115000000000001,0.04864580291673824,0.0,0.0,0.0,0.0,9.7,0.502518907629606,1.47,0.7028800779936816,8.53,0.7028800779936817,0.0,0.0,1.77,0.9729160583347654,1.72,0.9543097352050176,18.23,0.9729160583347651,10.0,0.0,20.0,0.0,2.0,0.0,1.0,0.0,0.0,0.0
994.0,994.0,100,1.76,0.9652549775666385,0.08800000000000001,0.048262748878331915,0.912,0.048262748878331915,0.0,0.0,0.0004999999999999999,0.0049999999999999975,9.71,0.49838121792844303,1.47,0.7028800779936816,8.53,0.7028800779936817,0.0,0.0,1.76,0.9652549775666385,1.72,0.9543097352050176,18.24,0.9652549775666379,10.0,0.0,20.0,0.0,2.0,0.0,1.0,0.0,0.0,0.0
995.0,995.0,100,1.74,0.9494283234737321,0.08700000000000001,0.047471416173686595,0.9129999999999999,0.04747141617368661,0.0,0.0,0.0009999999999999998,0.007035264706814482,9.71,0.49838121792844303,1.45,0.6871842709362768,8.55,0.6871842709362765,0.0,0.0,1.74,0.9494283234737321,1.72,0.9543097352050176,18.26,0.9494283234737317,10.0,0.0,20.0,0.0,2.0,0.0,1.0,0.0,0.0,0.0
996.0,996.0,100,1.73,0.9624778627914703,0.08650000000000001,0.048123893139573506,0.9135,0.04812389313957352,0.0,0.0,0.0005,0.005,9.71,0.49838121792844303,1.44,0.7009373233842888,8.56,0.7009373233842887,0.0,0.0,1.73,0.9624778627914703,1.72,0.9543097352050176,18.27,0.9624778627914699,10.0,0.0,20.0,0.0,2.0,0.0,1.0,0.0,0.0,0.0
997.0,997.0,100,1.72,0.9543097352050176,0.086,0.04771548676025088,0.914,0.04771548676025089,0.0,0.0,0.0004999999999999999,0.004999999999999998,9.72,0.4940044575106624,1.44,0.7009373233842888,8.56,0.7009373233842887,0.0,0.0,1.72,0.9543097352050176,1.71,0.967084549174748,18.28,0.9543097352050173,10.0,0.0,20.0,0.0,2.0,0.0,1.0,0.0,0.0,0.0
998.0,998.0,100,1.72,0.9543097352050176,0.086,0.04771548676025088,0.914,0.04771548676025089,0.0,0.0,0.0,0.0,9.72,0.4940044575106624,1.44,0.7009373233842888,8.56,0.7009373233842887,0.0,0.0,1.72,0.9543097352050176,1.7,0.9692233691951195,18.28,0.9543097352050173,10.0,0.0,20.0,0.0,2.0,0.0,1.0,0.0,0.0,0.0
999.0,999.0,100,1.72,0.9543097352050176,0.086,0.04771548676025088,0.914,0.04771548676025089,0.0,0.0,0.0,0.0,9.72,0.4940044575106624,1.44,0.7009373233842888,8.56,0.7009373233842887,0.0,0.0,1.72,0.9543097352050176,1.7,0.9692233691951195,18.28,0.9543097352050173,10.0,0.0,20.0,0.0,2.0,0.0,1.0,0.0,0.0,0.0
1000.0,1000.0,100,1.72,0.9543097352050176,0.086,0.04771548676025088,0.914,0.04771548676025089,0.0,0.0,0.0,0.0,9.72,0.4940044575106624,1.44,0.7009373233842888,8.56,0.7009373233842887,0.0,0.0,1.72,0.9543097352050176,1.69,0.9502259167846837,18.28,0.9543097352050173,10.0,0.0,20.0,0.0,2.0,0.0,1.0,0.0,0.0,0.0
1001.0,1001.0,100,1.71,0.967084549174748,0.0855,0.0483542274587374,0.9145,0.04835422745873738,0.0,0.0,0.0005,0.004999999999999998,9.72,0.4940044575106624,1.43,0.7142842712828136,8.57,0.7142842712828137,0.0,0.0,1.71,0.967084549174748,1.69,0.9502259167846837,18.29,0.9670845491747474,10.0,0.0,20.0,0.0,2.0,0.0,1.0,0.0,0.0,0.0
1002.0,1002.0,100,1.7,0.9692233691951195,0.085,0.048461168459755996,0.915,0.048461168459755975,0.0,0.0,0.0005,0.005,9.72,0.4940044575106624,1.42,0.713222874483754,8.58,0.713222874483754,0.0,0.0,1.7,0.9692233691951195,1.69,0.9502259167846837,18.3,0.9692233691951191,10.0,0.0,20.0,0.0,2.0,0.0,1.0,0.0,0.0,0.0
1003.0,1003.0,100,1.7,0.9692233691951195,0.085,0.048461168459755996,0.915,0.048461168459755975,0.0,0.0,0.0,0.0,9.72,0.4940044575106624,1.42,0.713222874483754,8.58,0.713222874483754,0.0,0.0,1.7,0.9692233691951195,1.69,0.9502259167846837,18.3,0.9692233691951191,10.0,0.0,20.0,0.0,2.0,0.0,1.0,0.0,0.0,0.0
1004.0,1004.0,100,1.7,0.9692233691951195,0.085,0.048461168459755996,0.915,0.048461168459755975,0.0,0.0,0.0,0.0,9.72,0.4940044575106624,1.42,0.713222874483754,8.58,0.713222874483754,0.0,0.0,1.7,0.9692233691951195,1.69,0.9502259167846837,18.3,0.9692233691951191,10.0,0.0,20.0,0.0,2.0,0.0,1.0,0.0,0.0,0.0
1005.0,1005.0,100,1.7,0.9692233691951195,0.085,0.048461168459755996,0.915,0.048461168459755975,0.0,0.0,0.0,0.0,9.72,0.4940044575106624,1.42,0.713222874483754,8.58,0.713222874483754,0.0,0.0,1.7,0.9692233691951195,1.69,0.9502259167846837,18.3,0.9692233691951191,10.0,0.0,20.0,0.0,2.0,0.0,1.0,0.0,0.0,0.0
1006.0,1006.0,100,1.7,0.9692233691951195,0.085,0.048461168459755996,0.915,0.048461168459755975,0.0,0.0,0.0,0.0,9.72,0.4940044575106624,1.42,0.713222874483754,8.58,0.713222874483754,0.0,0.0,1.7,0.9692233691951195,1.69,0.9502259167846837,18.3,0.9692233691951191,10.0,0.0,20.0,0.0,2.0,0.0,1.0,0.0,0.0,0.0
1007.0,1007.0,100,1.7,0.9692233691951195,0.085,0.048461168459755996,0.915,0.048461168459755975,0.0,0.0,0.0,0.0,9.72,0.4940044575106624,1.42,0.713222874483754,8.58,0.713222874483754,0.0,0.0,1.7,0.9692233691951195,1.69,0.9502259167846837,18.3,0.9692233691951191,10.0,0.0,20.0,0.0,2.0,0.0,1.0,0.0,0.0,0.0
1008.0,1008.0,100,1.7,0.9692233691951195,0.085,0.048461168459755996,0.915,0.048461168459755975,0.0,0.0,0.0,0.0,9.72,0.4940044575106624,1.42,0.713222874483754,8.58,0.713222874483754,0.0,0.0,1.7,0.9692233691951195,1.69,0.9502259167846837,18.3,0.9692233691951191,10.0,0.0,20.0,0.0,2.0,0.0,1.0,0.0,0.0,0.0
1009.0,1009.0,100,1.7,0.9692233691951195,0.085,0.048461168459755996,0.915,0.048461168459755975,0.0,0.0,0.0,0.0,9.72,0.4940044575106624,1.42,0.713222874483754,8.58,0.713222874483754,0.0,0.0,1.7,0.9692233691951195,1.68,0.9521904571390463,18.3,0.9692233691951191,10.0,0.0,20.0,0.0,2.0,0.0,1.0,0.0,0.0,0.0
1010.0,1010.0,100,1.69,0.9502259167846837,0.0845,0.0475112958392342,0.9155,0.047511295839234184,0.0,0.0,0.0005000000000000001,0.005000000000000001,9.73,0.46828722947879897,1.42,0.713222874483754,8.58,0.713222874483754,0.0,0.0,1.69,0.9502259167846837,1.68,0.9521904571390463,18.31,0.9502259167846834,10.0,0.0,20.0,0.0,2.0,0.0,1.0,0.0,0.0,0.0
1011.0,1011.0,100,1.69,0.9502259167846837,0.0845,0.0475112958392342,0.9155,0.047511295839234184,0.0,0.0,0.0,0.0,9.73,0.46828722947879897,1.42,0.713222874483754,8.58,0.713222874483754,0.0,0.0,1.69,0.9502259167846837,1.66,0.93441495767743,18.31,0.9502259167846834,10.0,0.0,20.0,0.0,2.0,0.0,1.0,0.0,0.0,0.0
1012.0,1012.0,100,1.69,0.9502259167846837,0.0845,0.0475112958392342,0.9155,0.047511295839234184,0.0,0.0,0.0,0.0,9.73,0.46828722947879897,1.42,0.713222874483754,8.58,0.713222874483754,0.0,0.0,1.69,0.9502259167846837,1.66,0.93441495767743,18.31,0.9502259167846834,10.0,0.0,20.0,0.0,2.0,0.0,1.0,0.0,0.0,0.0
1013.0,1013.0,100,1.68,0.9521904571390463,0.084,0.04760952285695234,0.9159999999999999,0.04760952285695232,0.0,0.0,0.0005,0.005,9.73,0.46828722947879897,1.41,0.71201804539611,8.59,0.71201804539611,0.0,0.0,1.68,0.9521904571390463,1.66,0.93441495767743,18.32,0.9521904571390463,10.0,0.0,20.0,0.0,2.0,0.0,1.0,0.0,0.0,0.0
1014.0,1014.0,100,1.68,0.9521904571390463,0.084,0.04760952285695234,0.9159999999999999,0.04760952285695232,0.0,0.0,0.0,0.0,9.73,0.46828722947879897,1.41,0.71201804539611,8.59,0.71201804539611,0.0,0.0,1.68,0.9521904571390463,1.64,0.9158536339327803,18.32,0.9521904571390463,10.0,0.0,20.0,0.0,2.0,0.0,1.0,0.0,0.0,0.0
1015.0,1015.0,100,1.67,0.9326296048260422,0.08349999999999999,0.04663148024130212,0.9165000000000001,0.046631480241302106,0.0,0.0,0.0005000000000000001,0.005000000000000001,9.73,0.46828722947879897,1.4,0.6963106238227912,8.6,0.6963106238227913,0.0,0.0,1.67,0.9326296048260422,1.64,0.9158536339327803,18.33,0.9326296048260415,10.0,0.0,20.0,0.0,2.0,0.0,1.0,0.0,0.0,0.0
1016.0,1016.0,100,1.67,0.9326296048260422,0.08349999999999999,0.04663148024130212,0.9165000000000001,0.046631480241302106,0.0,0.0,0.0,0.0,9.73,0.46828722947879897,1.4,0.6963106238227912,8.6,0.6963106238227913,0.0,0.0,1.67,0.9326296048260422,1.63,0.9282872247947679,18.33,0.9326296048260415,10.0,0.0,20.0,0.0,2.0,0.0,1.0,0.0,0.0,0.0
1017.0,1017.0,100,1.67,0.9326296048260422,0.08349999999999999,0.04663148024130212,0.9165000000000001,0.046631480241302106,0.0,0.0,0.0,0.0,9.73,0.46828722947879897,1.4,0.6963106238227912,8.6,0.6963106238227913,0.0,0.0,1.67,0.9326296048260422,1.63,0.9282872247947679,18.33,0.9326296048260415,10.0,0.0,20.0,0.0,2.0,0.0,1.0,0.0,0.0,0.0
1018.0,1018.0,100,1.65,0.9142530206997328,0.0825,0.04571265103498663,0.9175,0.045712651034986625,0.0,0.0,0.0010000000000000002,0.0070352647068144866,9.73,0.46828722947879897,1.38,0.6783819132332612,8.62,0.6783819132332615,0.0,0.0,1.65,0.9142530206997328,1.63,0.9282872247947679,18.35,0.9142530206997324,10.0,0.0,20.0,0.0,2.0,0.0,1.0,0.0,0.0,0.0
1019.0,1019.0,100,1.65,0.9142530206997328,0.0825,0.04571265103498663,0.9175,0.045712651034986625,0.0,0.0,0.0,0.0,9.73,0.46828722947879897,1.38,0.6783819132332612,8.62,0.6783819132332615,0.0,0.0,1.65,0.9142530206997328,1.63,0.9282872247947679,18.35,0.9142530206997324,10.0,0.0,20.0,0.0,2.0,0.0,1.0,0.0,0.0,0.0
1020.0,1020.0,100,1.64,0.9268170795739034,0.08200000000000002,0.04634085397869516,0.9179999999999999,0.04634085397869516,0.0,0.0,0.0005,0.005,9.73,0.46828722947879897,1.37,0.6912877750103699,8.63,0.6912877750103702,0.0,0.0,1.64,0.9268170795739034,1.63,0.9282872247947679,18.36,0.9268170795739029,10.0,0.0,20.0,0.0,2.0,0.0,1.0,0.0,0.0,0.0
1021.0,1021.0,100,1.63,0.9282872247947679,0.0815,0.04641436123973838,0.9185,0.04641436123973838,0.0,0.0,0.0005,0.005,9.74,0.4631905164675269,1.37,0.6912877750103699,8.63,0.6912877750103702,0.0,0.0,1.63,0.9282872247947679,1.63,0.9282872247947679,18.37,0.928287224794767,10.0,0.0,20.0,0.0,2.0,0.0,1.0,0.0,0.0,0.0
1022.0,1022.0,100,1.63,0.9282872247947679,0.0815,0.04641436123973838,0.9185,0.04641436123973838,0.0,0.0,0.0,0.0,9.74,0.4631905164675269,1.37,0.6912877750103699,8.63,0.6912877750103702,0.0,0.0,1.63,0.9282872247947679,1.63,0.9282872247947679,18.37,0.928287224794767,10.0,0.0,20.0,0.0,2.0,0.0,1.0,0.0,0.0,0.0
1023.0,1023.0,100,1.63,0.9282872247947679,0.0815,0.04641436123973838,0.9185,0.04641436123973838,0.0,0.0,0.0,0.0,9.74,0.4631905164675269,1.37,0.6912877750103699,8.63,0.6912877750103702,0.0,0.0,1.63,0.9282872247947679,1.63,0.9282872247947679,18.37,0.928287224794767,10.0,0.0,20.0,0.0,2.0,0.0,1.0,0.0,0.0,0.0
1024.0,1024.0,100,1.63,0.9282872247947679,0.0815,0.04641436123973838,0.9185,0.04641436123973838,0.0,0.0,0.0,0.0,9.74,0.4631905164675269,1.37,0.6912877750103699,8.63,0.6912877750103702,0.0,0.0,1.63,0.9282872247947679,1.63,0.9282872247947679,18.37,0.928287224794767,10.0,0.0,20.0,0.0,2.0,0.0,1.0,0.0,0.0,0.0
1025.0,1025.0,100,1.63,0.9282872247947679,0.0815,0.04641436123973838,0.9185,0.04641436123973838,0.0,0.0,0.0,0.0,9.74,0.4631905164675269,1.37,0.6912877750103699,8.63,0.6912877750103702,0.0,0.0,1.63,0.9282872247947679,1.62,0.9187167158816716,18.37,0.928287224794767,10.0,0.0,20.0,0.0,2.0,0.0,1.0,0.0,0.0,0.0
1026.0,1026.0,100,1.63,0.9282872247947679,0.0815,0.04641436123973838,0.9185,0.04641436123973838,0.0,0.0,0.0,0.0,9.74,0.4631905164675269,1.37,0.6912877750103699,8.63,0.6912877750103702,0.0,0.0,1.63,0.9282872247947679,1.61,0.9199802369418795,18.37,0.928287224794767,10.0,0.0,20.0,0.0,2.0,0.0,1.0,0.0,0.0,0.0
1027.0,1027.0,100,1.63,0.9282872247947679,0.0815,0.04641436123973838,0.9185,0.04641436123973838,0.0,0.0,0.0,0.0,9.74,0.4631905164675269,1.37,0.6912877750103699,8.63,0.6912877750103702,0.0,0.0,1.63,0.9282872247947679,1.61,0.9199802369418795,18.37,0.928287224794767,10.0,0.0,20.0,0.0,2.0,0.0,1.0,0.0,0.0,0.0
1028.0,1028.0,100,1.63,0.9282872247947679,0.0815,0.04641436123973838,0.9185,0.04641436123973838,0.0,0.0,0.0,0.0,9.74,0.4631905164675269,1.37,0.6912877750103699,8.63,0.6912877750103702,0.0,0.0,1.63,0.9282872247947679,1.61,0.9199802369418795,18.37,0.928287224794767,10.0,0.0,20.0,0.0,2.0,0.0,1.0,0.0,0.0,0.0
1029.0,1029.0,100,1.62,0.9187167158816716,0.081,0.04593583579408358,0.9189999999999999,0.045935835794083564,0.0,0.0,0.0004999999999999999,0.0049999999999999975,9.74,0.4631905164675269,1.36,0.6893123494842633,8.64,0.6893123494842632,0.0,0.0,1.62,0.9187167158816716,1.61,0.9199802369418795,18.38,0.9187167158816713,10.0,0.0,20.0,0.0,2.0,0.0,1.0,0.0,0.0,0.0
1030.0,1030.0,100,1.61,0.9199802369418795,0.0805,0.04599901184709395,0.9195,0.045999011847093936,0.0,0.0,0.0005,0.004999999999999999,9.74,0.4631905164675269,1.35,0.6871842709362768,8.65,0.6871842709362764,0.0,0.0,1.61,0.9199802369418795,1.61,0.9199802369418795,18.39,0.9199802369418788,10.0,0.0,20.0,0.0,2.0,0.0,1.0,0.0,0.0,0.0
1031.0,1031.0,100,1.61,0.9199802369418795,0.0805,0.04599901184709395,0.9195,0.045999011847093936,0.0,0.0,0.0,0.0,9.74,0.4631905164675269,1.35,0.6871842709362768,8.65,0.6871842709362764,0.0,0.0,1.61,0.9199802369418795,1.61,0.9199802369418795,18.39,0.9199802369418788,10.0,0.0,20.0,0.0,2.0,0.0,1.0,0.0,0.0,0.0
1032.0,1032.0,100,1.61,0.9199802369418795,0.0805,0.04599901184709395,0.9195,0.045999011847093936,0.0,0.0,0.0,0.0,9.74,0.4631905164675269,1.35,0.6871842709362768,8.65,0.6871842709362764,0.0,0.0,1.61,0.9199802369418795,1.61,0.9199802369418795,18.39,0.9199802369418788,10.0,0.0,20.0,0.0,2.0,0.0,1.0,0.0,0.0,0.0
1033.0,1033.0,100,1.61,0.9199802369418795,0.0805,0.04599901184709395,0.9195,0.045999011847093936,0.0,0.0,0.0,0.0,9.74,0.4631905164675269,1.35,0.6871842709362768,8.65,0.6871842709362764,0.0,0.0,1.61,0.9199802369418795,1.61,0.9199802369418795,18.39,0.9199802369418788,10.0,0.0,20.0,0.0,2.0,0.0,1.0,0.0,0.0,0.0
1034.0,1034.0,100,1.61,0.9199802369418795,0.0805,0.04599901184709395,0.9195,0.045999011847093936,0.0,0.0,0.0,0.0,9.74,0.4631905164675269,1.35,0.6871842709362768,8.65,0.6871842709362764,0.0,0.0,1.61,0.9199802369418795,1.61,0.9199802369418795,18.39,0.9199802369418788,10.0,0.0,20.0,0.0,2.0,0.0,1.0,0.0,0.0,0.0
1035.0,1035.0,100,1.61,0.9199802369418795,0.0805,0.04599901184709395,0.9195,0.045999011847093936,0.0,0.0,0.0,0.0,9.74,0.4631905164675269,1.35,0.6871842709362768,8.65,0.6871842709362764,0.0,0.0,1.61,0.9199802369418795,1.6,0.9320337272260425,18.39,0.9199802369418788,10.0,0.0,20.0,0.0,2.0,0.0,1.0,0.0,0.0,0.0
1036.0,1036.0,100,1.61,0.9199802369418795,0.0805,0.04599901184709395,0.9195,0.045999011847093936,0.0,0.0,0.0,0.0,9.74,0.4631905164675269,1.35,0.6871842709362768,8.65,0.6871842709362764,0.0,0.0,1.61,0.9199802369418795,1.59,0.9438262980061961,18.39,0.9199802369418788,10.0,0.0,20.0,0.0,2.0,0.0,1.0,0.0,0.0,0.0
1037.0,1037.0,100,1.61,0.9199802369418795,0.0805,0.04599901184709395,0.9195,0.045999011847093936,0.0,0.0,0.0,0.0,9.74,0.4631905164675269,1.35,0.6871842709362768,8.65,0.6871842709362764,0.0,0.0,1.61,0.9199802369418795,1.58,0.9447355463436592,18.39,0.9199802369418788,10.0,0.0,20.0,0.0,2.0,0.0,1.0,0.0,0.0,0.0
1038.0,1038.0,100,1.61,0.9199802369418795,0.0805,0.04599901184709395,0.9195,0.045999011847093936,0.0,0.0,0.0,0.0,9.74,0.4631905164675269,1.35,0.6871842709362768,8.65,0.6871842709362764,0.0,0.0,1.61,0.9199802369418795,1.58,0.9447355463436592,18.39,0.9199802369418788,10.0,0.0,20.0,0.0,2.0,0.0,1.0,0.0,0.0,0.0
1039.0,1039.0,100,1.6,0.9320337272260425,0.08,0.0466016863613021,0.92,0.046601686361302096,0.0,0.0,0.0005,0.005,9.74,0.4631905164675269,1.34,0.6994947671662236,8.66,0.6994947671662232,0.0,0.0,1.6,0.9320337272260425,1.58,0.9447355463436592,18.4,0.9320337272260418,10.0,0.0,20.0,0.0,2.0,0.0,1.0,0.0,0.0,0.0
1040.0,1040.0,100,1.59,0.9438262980061961,0.0795,0.047191314900309804,0.9205,0.04719131490030978,0.0,0.0,0.0005,0.004999999999999998,9.74,0.4631905164675269,1.33,0.7114503609961949,8.67,0.711450360996195,0.0,0.0,1.59,0.9438262980061961,1.58,0.9447355463436592,18.41,0.9438262980061961,10.0,0.0,20.0,0.0,2.0,0.0,1.0,0.0,0.0,0.0
1041.0,1041.0,100,1.58,0.9447355463436592,0.079,0.04723677731718297,0.9209999999999999,0.04723677731718295,0.0,0.0,0.0005,0.004999999999999998,9.74,0.4631905164675269,1.32,0.7089613971340489,8.68,0.708961397134049,0.0,0.0,1.58,0.9447355463436592,1.58,0.9447355463436592,18.42,0.9447355463436585,10.0,0.0,20.0,0.0,2.0,0.0,1.0,0.0,0.0,0.0
1042.0,1042.0,100,1.58,0.9447355463436592,0.079,0.04723677731718297,0.9209999999999999,0.04723677731718295,0.0,0.0,0.0,0.0,9.74,0.4631905164675269,1.32,0.7089613971340489,8.68,0.708961397134049,0.0,0.0,1.58,0.9447355463436592,1.58,0.9447355463436592,18.42,0.9447355463436585,10.0,0.0,20.0,0.0,2.0,0.0,1.0,0.0,0.0,0.0
1043.0,1043.0,100,1.58,0.9447355463436592,0.079,0.04723677731718297,0.9209999999999999,0.04723677731718295,0.0,0.0,0.0,0.0,9.74,0.4631905164675269,1.32,0.7089613971340489,8.68,0.708961397134049,0.0,0.0,1.58,0.9447355463436592,1.58,0.9447355463436592,18.42,0.9447355463436585,10.0,0.0,20.0,0.0,2.0,0.0,1.0,0.0,0.0,0.0
1044.0,1044.0,100,1.58,0.9447355463436592,0.079,0.04723677731718297,0.9209999999999999,0.04723677731718295,0.0,0.0,0.0,0.0,9.74,0.4631905164675269,1.32,0.7089613971340489,8.68,0.708961397134049,0.0,0.0,1.58,0.9447355463436592,1.58,0.9447355463436592,18.42,0.9447355463436585,10.0,0.0,20.0,0.0,2.0,0.0,1.0,0.0,0.0,0.0
1045.0,1045.0,100,1.58,0.9447355463436592,0.079,0.04723677731718297,0.9209999999999999,0.04723677731718295,0.0,0.0,0.0,0.0,9.74,0.4631905164675269,1.32,0.7089613971340489,8.68,0.708961397134049,0.0,0.0,1.58,0.9447355463436592,1.55,0.9468181696950297,18.42,0.9447355463436585,10.0,0.0,20.0,0.0,2.0,0.0,1.0,0.0,0.0,0.0
1046.0,1046.0,100,1.58,0.9447355463436592,0.079,0.04723677731718297,0.9209999999999999,0.04723677731718295,0.0,0.0,0.0,0.0,9.74,0.4631905164675269,1.32,0.7089613971340489,8.68,0.708961397134049,0.0,0.0,1.58,0.9447355463436592,1.55,0.9468181696950297,18.42,0.9447355463436585,10.0,0.0,20.0,0.0,2.0,0.0,1.0,0.0,0.0,0.0
1047.0,1047.0,100,1.58,0.9447355463436592,0.079,0.04723677731718297,0.9209999999999999,0.04723677731718295,0.0,0.0,0.0,0.0,9.74,0.4631905164675269,1.32,0.7089613971340489,8.68,0.708961397134049,0.0,0.0,1.58,0.9447355463436592,1.55,0.9468181696950297,18.42,0.9447355463436585,10.0,0.0,20.0,0.0,2.0,0.0,1.0,0.0,0.0,0.0
1048.0,1048.0,100,1.58,0.9447355463436592,0.079,0.04723677731718297,0.9209999999999999,0.04723677731718295,0.0,0.0,0.0,0.0,9.74,0.4631905164675269,1.32,0.7089613971340489,8.68,0.708961397134049,0.0,0.0,1.58,0.9447355463436592,1.55,0.9468181696950297,18.42,0.9447355463436585,10.0,0.0,20.0,0.0,2.0,0.0,1.0,0.0,0.0,0.0
1049.0,1049.0,100,1.56,0.9568466729604883,0.078,0.047842333648024406,0.922,0.0478423336480244,0.0,0.0,0.001,0.007035264706814485,9.74,0.4631905164675269,1.3,0.7177405625652734,8.7,0.7177405625652733,0.0,0.0,1.56,0.9568466729604883,1.55,0.9468181696950297,18.44,0.9568466729604883,10.0,0.0,20.0,0.0,2.0,0.0,1.0,0.0,0.0,0.0
1050.0,1050.0,100,1.56,0.9568466729604883,0.078,0.047842333648024406,0.922,0.0478423336480244,0.0,0.0,0.0,0.0,9.74,0.4631905164675269,1.3,0.7177405625652734,8.7,0.7177405625652733,0.0,0.0,1.56,0.9568466729604883,1.55,0.9468181696950297,18.44,0.9568466729604883,10.0,0.0,20.0,0.0,2.0,0.0,1.0,0.0,0.0,0.0
1051.0,1051.0,100,1.56,0.9568466729604883,0.078,0.047842333648024406,0.922,0.0478423336480244,0.0,0.0,0.0,0.0,9.74,0.4631905164675269,1.3,0.7177405625652734,8.7,0.7177405625652733,0.0,0.0,1.56,0.9568466729604883,1.55,0.9468181696950297,18.44,0.9568466729604883,10.0,0.0,20.0,0.0,2.0,0.0,1.0,0.0,0.0,0.0
1052.0,1052.0,100,1.56,0.9568466729604883,0.078,0.047842333648024406,0.922,0.0478423336480244,0.0,0.0,0.0,0.0,9.74,0.4631905164675269,1.3,0.7177405625652734,8.7,0.7177405625652733,0.0,0.0,1.56,0.9568466729604883,1.54,0.9472981248655237,18.44,0.9568466729604883,10.0,0.0,20.0,0.0,2.0,0.0,1.0,0.0,0.0,0.0
1053.0,1053.0,100,1.56,0.9568466729604883,0.078,0.047842333648024406,0.922,0.0478423336480244,0.0,0.0,0.0,0.0,9.74,0.4631905164675269,1.3,0.7177405625652734,8.7,0.7177405625652733,0.0,0.0,1.56,0.9568466729604883,1.52,0.9372213390570227,18.44,0.9568466729604883,10.0,0.0,20.0,0.0,2.0,0.0,1.0,0.0,0.0,0.0
1054.0,1054.0,100,1.56,0.9568466729604883,0.078,0.047842333648024406,0.922,0.0478423336480244,0.0,0.0,0.0,0.0,9.74,0.4631905164675269,1.3,0.7177405625652734,8.7,0.7177405625652733,0.0,0.0,1.56,0.9568466729604883,1.51,0.9373829893308651,18.44,0.9568466729604883,10.0,0.0,20.0,0.0,2.0,0.0,1.0,0.0,0.0,0.0
1055.0,1055.0,100,1.55,0.9468181696950297,0.0775,0.04734090848475149,0.9225,0.04734090848475148,0.0,0.0,0.0004999999999999999,0.004999999999999998,9.75,0.45781651302236726,1.3,0.7177405625652734,8.7,0.7177405625652733,0.0,0.0,1.55,0.9468181696950297,1.5,0.9374368665610919,18.45,0.94681816969503,10.0,0.0,20.0,0.0,2.0,0.0,1.0,0.0,0.0,0.0
1056.0,1056.0,100,1.55,0.9468181696950297,0.0775,0.04734090848475149,0.9225,0.04734090848475148,0.0,0.0,0.0,0.0,9.75,0.45781651302236726,1.3,0.7177405625652734,8.7,0.7177405625652733,0.0,0.0,1.55,0.9468181696950297,1.49,0.9265445744727279,18.45,0.94681816969503,10.0,0.0,20.0,0.0,2.0,0.0,1.0,0.0,0.0,0.0
1057.0,1057.0,100,1.54,0.9365744589575979,0.077,0.046828722947879896,0.9229999999999999,0.046828722947879875,0.0,0.0,0.0004999999999999999,0.004999999999999998,9.75,0.45781651302236726,1.29,0.7148497051899098,8.71,0.71484970518991,0.0,0.0,1.54,0.9365744589575979,1.49,0.9265445744727279,18.46,0.9365744589575977,10.0,0.0,20.0,0.0,2.0,0.0,1.0,0.0,0.0,0.0
1058.0,1058.0,100,1.53,0.9369518599580169,0.0765,0.046847592997900867,0.9235,0.04684759299790086,0.0,0.0,0.0005,0.004999999999999998,9.75,0.45781651302236726,1.28,0.7118052168020875,8.72,0.7118052168020874,0.0,0.0,1.53,0.9369518599580169,1.48,0.9043106644167024,18.47,0.9369518599580171,10.0,0.0,20.0,0.0,2.0,0.0,1.0,0.0,0.0,0.0
1059.0,1059.0,100,1.53,0.9369518599580169,0.0765,0.046847592997900867,0.9235,0.04684759299790086,0.0,0.0,0.0,0.0,9.75,0.45781651302236726,1.28,0.7118052168020875,8.72,0.7118052168020874,0.0,0.0,1.53,0.9369518599580169,1.48,0.9043106644167024,18.47,0.9369518599580171,10.0,0.0,20.0,0.0,2.0,0.0,1.0,0.0,0.0,0.0
1060.0,1060.0,100,1.53,0.9369518599580169,0.0765,0.046847592997900867,0.9235,0.04684759299790086,0.0,0.0,0.0,0.0,9.75,0.45781651302236726,1.28,0.7118052168020875,8.72,0.7118052168020874,0.0,0.0,1.53,0.9369518599580169,1.48,0.9043106644167024,18.47,0.9369518599580171,10.0,0.0,20.0,0.0,2.0,0.0,1.0,0.0,0.0,0.0
1061.0,1061.0,100,1.53,0.9369518599580169,0.0765,0.046847592997900867,0.9235,0.04684759299790086,0.0,0.0,0.0,0.0,9.75,0.45781651302236726,1.28,0.7118052168020875,8.72,0.7118052168020874,0.0,0.0,1.53,0.9369518599580169,1.48,0.9043106644167024,18.47,0.9369518599580171,10.0,0.0,20.0,0.0,2.0,0.0,1.0,0.0,0.0,0.0
1062.0,1062.0,100,1.52,0.9372213390570227,0.07600000000000001,0.046861066952851124,0.9239999999999999,0.04686106695285112,0.0,0.0,0.0005,0.004999999999999998,9.76,0.4521553322083515,1.28,0.7118052168020875,8.72,0.7118052168020874,0.0,0.0,1.52,0.9372213390570227,1.48,0.9043106644167024,18.48,0.9372213390570223,10.0,0.0,20.0,0.0,2.0,0.0,1.0,0.0,0.0,0.0
1063.0,1063.0,100,1.51,0.9373829893308651,0.0755,0.046869149466543254,0.9245,0.04686914946654324,0.0,0.0,0.0005,0.004999999999999998,9.77,0.44619604333847374,1.28,0.7118052168020875,8.72,0.7118052168020874,0.0,0.0,1.51,0.9373829893308651,1.48,0.9043106644167024,18.49,0.9373829893308652,10.0,0.0,20.0,0.0,2.0,0.0,1.0,0.0,0.0,0.0
1064.0,1064.0,100,1.51,0.9373829893308651,0.0755,0.046869149466543254,0.9245,0.04686914946654324,0.0,0.0,0.0,0.0,9.77,0.44619604333847374,1.28,0.7118052168020875,8.72,0.7118052168020874,0.0,0.0,1.51,0.9373829893308651,1.48,0.9043106644167024,18.49,0.9373829893308652,10.0,0.0,20.0,0.0,2.0,0.0,1.0,0.0,0.0,0.0
1065.0,1065.0,100,1.5,0.9374368665610919,0.075,0.04687184332805461,0.925,0.0468718433280546,0.0,0.0,0.0005,0.005,9.78,0.43992653197477594,1.28,0.7118052168020875,8.72,0.7118052168020874,0.0,0.0,1.5,0.9374368665610919,1.48,0.9043106644167024,18.5,0.9374368665610919,10.0,0.0,20.0,0.0,2.0,0.0,1.0,0.0,0.0,0.0
1066.0,1066.0,100,1.49,0.9265445744727279,0.0745,0.0463272287236364,0.9255,0.0463272287236364,0.0,0.0,0.0004999999999999999,0.004999999999999998,9.79,0.4333333333333333,1.28,0.7118052168020875,8.72,0.7118052168020874,0.0,0.0,1.49,0.9265445744727279,1.48,0.9043106644167024,18.51,0.9265445744727276,10.0,0.0,20.0,0.0,2.0,0.0,1.0,0.0,0.0,0.0
1067.0,1067.0,100,1.49,0.9265445744727279,0.0745,0.0463272287236364,0.9255,0.0463272287236364,0.0,0.0,0.0,0.0,9.79,0.4333333333333333,1.28,0.7118052168020875,8.72,0.7118052168020874,0.0,0.0,1.49,0.9265445744727279,1.48,0.9043106644167024,18.51,0.9265445744727276,10.0,0.0,20.0,0.0,2.0,0.0,1.0,0.0,0.0,0.0
1068.0,1068.0,100,1.48,0.9043106644167024,0.07400000000000001,0.045215533220835116,0.9259999999999999,0.045215533220835116,0.0,0.0,0.0005000000000000001,0.005,9.8,0.4020151261036849,1.28,0.7118052168020875,8.72,0.7118052168020874,0.0,0.0,1.48,0.9043106644167024,1.48,0.9043106644167024,18.52,0.9043106644167026,10.0,0.0,20.0,0.0,2.0,0.0,1.0,0.0,0.0,0.0
1069.0,1069.0,100,1.48,0.9043106644167024,0.07400000000000001,0.045215533220835116,0.9259999999999999,0.045215533220835116,0.0,0.0,0.0,0.0,9.8,0.4020151261036849,1.28,0.7118052168020875,8.72,0.7118052168020874,0.0,0.0,1.48,0.9043106644167024,1.48,0.9043106644167024,18.52,0.9043106644167026,10.0,0.0,20.0,0.0,2.0,0.0,1.0,0.0,0.0,0.0
1070.0,1070.0,100,1.48,0.9043106644167024,0.07400000000000001,0.045215533220835116,0.9259999999999999,0.045215533220835116,0.0,0.0,0.0,0.0,9.8,0.4020151261036849,1.28,0.7118052168020875,8.72,0.7118052168020874,0.0,0.0,1.48,0.9043106644167024,1.48,0.9043106644167024,18.52,0.9043106644167026,10.0,0.0,20.0,0.0,2.0,0.0,1.0,0.0,0.0,0.0
1071.0,1071.0,100,1.48,0.9043106644167024,0.07400000000000001,0.045215533220835116,0.9259999999999999,0.045215533220835116,0.0,0.0,0.0,0.0,9.8,0.4020151261036849,1.28,0.7118052168020875,8.72,0.7118052168020874,0.0,0.0,1.48,0.9043106644167024,1.48,0.9043106644167024,18.52,0.9043106644167026,10.0,0.0,20.0,0.0,2.0,0.0,1.0,0.0,0.0,0.0
1072.0,1072.0,100,1.48,0.9043106644167024,0.07400000000000001,0.045215533220835116,0.9259999999999999,0.045215533220835116,0.0,0.0,0.0,0.0,9.8,0.4020151261036849,1.28,0.7118052168020875,8.72,0.7118052168020874,0.0,0.0,1.48,0.9043106644167024,1.48,0.9043106644167024,18.52,0.9043106644167026,10.0,0.0,20.0,0.0,2.0,0.0,1.0,0.0,0.0,0.0
1073.0,1073.0,100,1.48,0.9043106644167024,0.07400000000000001,0.045215533220835116,0.9259999999999999,0.045215533220835116,0.0,0.0,0.0,0.0,9.8,0.4020151261036849,1.28,0.7118052168020875,8.72,0.7118052168020874,0.0,0.0,1.48,0.9043106644167024,1.48,0.9043106644167024,18.52,0.9043106644167026,10.0,0.0,20.0,0.0,2.0,0.0,1.0,0.0,0.0,0.0
1074.0,1074.0,100,1.48,0.9043106644167024,0.07400000000000001,0.045215533220835116,0.9259999999999999,0.045215533220835116,0.0,0.0,0.0,0.0,9.8,0.4020151261036849,1.28,0.7118052168020875,8.72,0.7118052168020874,0.0,0.0,1.48,0.9043106644167024,1.47,0.8927881647236968,18.52,0.9043106644167026,10.0,0.0,20.0,0.0,2.0,0.0,1.0,0.0,0.0,0.0
1075.0,1075.0,100,1.48,0.9043106644167024,0.07400000000000001,0.045215533220835116,0.9259999999999999,0.045215533220835116,0.0,0.0,0.0,0.0,9.8,0.4020151261036849,1.28,0.7118052168020875,8.72,0.7118052168020874,0.0,0.0,1.48,0.9043106644167024,1.47,0.8927881647236968,18.52,0.9043106644167026,10.0,0.0,20.0,0.0,2.0,0.0,1.0,0.0,0.0,0.0
1076.0,1076.0,100,1.48,0.9043106644167024,0.07400000000000001,0.045215533220835116,0.9259999999999999,0.045215533220835116,0.0,0.0,0.0,0.0,9.8,0.4020151261036849,1.28,0.7118052168020875,8.72,0.7118052168020874,0.0,0.0,1.48,0.9043106644167024,1.47,0.8927881647236968,18.52,0.9043106644167026,10.0,0.0,20.0,0.0,2.0,0.0,1.0,0.0,0.0,0.0
1077.0,1077.0,100,1.48,0.9043106644167024,0.07400000000000001,0.045215533220835116,0.9259999999999999,0.045215533220835116,0.0,0.0,0.0,0.0,9.8,0.4020151261036849,1.28,0.7118052168020875,8.72,0.7118052168020874,0.0,0.0,1.48,0.9043106644167024,1.47,0.8927881647236968,18.52,0.9043106644167026,10.0,0.0,20.0,0.0,2.0,0.0,1.0,0.0,0.0,0.0
1078.0,1078.0,100,1.47,0.8927881647236968,0.07350000000000001,0.04463940823618484,0.9264999999999999,0.04463940823618484,0.0,0.0,0.0004999999999999999,0.0049999999999999975,9.8,0.4020151261036849,1.27,0.708605117199426,8.73,0.7086051171994259,0.0,0.0,1.47,0.8927881647236968,1.46,0.8923920866769474,18.53,0.8927881647236968,10.0,0.0,20.0,0.0,2.0,0.0,1.0,0.0,0.0,0.0
1079.0,1079.0,100,1.47,0.8927881647236968,0.07350000000000001,0.04463940823618484,0.9264999999999999,0.04463940823618484,0.0,0.0,0.0,0.0,9.8,0.4020151261036849,1.27,0.708605117199426,8.73,0.7086051171994259,0.0,0.0,1.47,0.8927881647236968,1.46,0.8923920866769474,18.53,0.8927881647236968,10.0,0.0,20.0,0.0,2.0,0.0,1.0,0.0,0.0,0.0
1080.0,1080.0,100,1.47,0.8927881647236968,0.07350000000000001,0.04463940823618484,0.9264999999999999,0.04463940823618484,0.0,0.0,0.0,0.0,9.8,0.4020151261036849,1.27,0.708605117199426,8.73,0.7086051171994259,0.0,0.0,1.47,0.8927881647236968,1.46,0.8923920866769474,18.53,0.8927881647236968,10.0,0.0,20.0,0.0,2.0,0.0,1.0,0.0,0.0,0.0
1081.0,1081.0,100,1.47,0.8927881647236968,0.07350000000000001,0.04463940823618484,0.9264999999999999,0.04463940823618484,0.0,0.0,0.0,0.0,9.8,0.4020151261036849,1.27,0.708605117199426,8.73,0.7086051171994259,0.0,0.0,1.47,0.8927881647236968,1.46,0.8923920866769474,18.53,0.8927881647236968,10.0,0.0,20.0,0.0,2.0,0.0,1.0,0.0,0.0,0.0
1082.0,1082.0,100,1.46,0.8923920866769474,0.07300000000000001,0.04461960433384735,0.927,0.044619604333847374,0.0,0.0,0.0005,0.005,9.8,0.4020151261036849,1.26,0.705247288100945,8.74,0.7052472881009451,0.0,0.0,1.46,0.8923920866769474,1.46,0.8923920866769474,18.54,0.892392086676947,10.0,0.0,20.0,0.0,2.0,0.0,1.0,0.0,0.0,0.0
1083.0,1083.0,100,1.46,0.8923920866769474,0.07300000000000001,0.04461960433384735,0.927,0.044619604333847374,0.0,0.0,0.0,0.0,9.8,0.4020151261036849,1.26,0.705247288100945,8.74,0.7052472881009451,0.0,0.0,1.46,0.8923920866769474,1.45,0.8804842561071295,18.54,0.892392086676947,10.0,0.0,20.0,0.0,2.0,0.0,1.0,0.0,0.0,0.0
1084.0,1084.0,100,1.46,0.8923920866769474,0.07300000000000001,0.04461960433384735,0.927,0.044619604333847374,0.0,0.0,0.0,0.0,9.8,0.4020151261036849,1.26,0.705247288100945,8.74,0.7052472881009451,0.0,0.0,1.46,0.8923920866769474,1.45,0.8804842561071295,18.54,0.892392086676947,10.0,0.0,20.0,0.0,2.0,0.0,1.0,0.0,0.0,0.0
1085.0,1085.0,100,1.46,0.8923920866769474,0.07300000000000001,0.04461960433384735,0.927,0.044619604333847374,0.0,0.0,0.0,0.0,9.8,0.4020151261036849,1.26,0.705247288100945,8.74,0.7052472881009451,0.0,0.0,1.46,0.8923920866769474,1.45,0.8804842561071295,18.54,0.892392086676947,10.0,0.0,20.0,0.0,2.0,0.0,1.0,0.0,0.0,0.0
1086.0,1086.0,100,1.46,0.8923920866769474,0.07300000000000001,0.04461960433384735,0.927,0.044619604333847374,0.0,0.0,0.0,0.0,9.8,0.4020151261036849,1.26,0.705247288100945,8.74,0.7052472881009451,0.0,0.0,1.46,0.8923920866769474,1.45,0.8804842561071295,18.54,0.892392086676947,10.0,0.0,20.0,0.0,2.0,0.0,1.0,0.0,0.0,0.0
1087.0,1087.0,100,1.46,0.8923920866769474,0.07300000000000001,0.04461960433384735,0.927,0.044619604333847374,0.0,0.0,0.0,0.0,9.8,0.4020151261036849,1.26,0.705247288100945,8.74,0.7052472881009451,0.0,0.0,1.46,0.8923920866769474,1.45,0.8804842561071295,18.54,0.892392086676947,10.0,0.0,20.0,0.0,2.0,0.0,1.0,0.0,0.0,0.0
1088.0,1088.0,100,1.46,0.8923920866769474,0.07300000000000001,0.04461960433384735,0.927,0.044619604333847374,0.0,0.0,0.0,0.0,9.8,0.4020151261036849,1.26,0.705247288100945,8.74,0.7052472881009451,0.0,0.0,1.46,0.8923920866769474,1.45,0.8804842561071295,18.54,0.892392086676947,10.0,0.0,20.0,0.0,2.0,0.0,1.0,0.0,0.0,0.0
1089.0,1089.0,100,1.46,0.8923920866769474,0.07300000000000001,0.04461960433384735,0.927,0.044619604333847374,0.0,0.0,0.0,0.0,9.8,0.4020151261036849,1.26,0.705247288100945,8.74,0.7052472881009451,0.0,0.0,1.46,0.8923920866769474,1.44,0.8912594652195479,18.54,0.892392086676947,10.0,0.0,20.0,0.0,2.0,0.0,1.0,0.0,0.0,0.0
1090.0,1090.0,100,1.46,0.8923920866769474,0.07300000000000001,0.04461960433384735,0.927,0.044619604333847374,0.0,0.0,0.0,0.0,9.8,0.4020151261036849,1.26,0.705247288100945,8.74,0.7052472881009451,0.0,0.0,1.46,0.8923920866769474,1.43,0.8791065253018444,18.54,0.892392086676947,10.0,0.0,20.0,0.0,2.0,0.0,1.0,0.0,0.0,0.0
1091.0,1091.0,100,1.46,0.8923920866769474,0.07300000000000001,0.04461960433384735,0.927,0.044619604333847374,0.0,0.0,0.0,0.0,9.8,0.4020151261036849,1.26,0.705247288100945,8.74,0.7052472881009451,0.0,0.0,1.46,0.8923920866769474,1.43,0.8791065253018444,18.54,0.892392086676947,10.0,0.0,20.0,0.0,2.0,0.0,1.0,0.0,0.0,0.0
1092.0,1092.0,100,1.46,0.8923920866769474,0.07300000000000001,0.04461960433384735,0.927,0.044619604333847374,0.0,0.0,0.0,0.0,9.8,0.4020151261036849,1.26,0.705247288100945,8.74,0.7052472881009451,0.0,0.0,1.46,0.8923920866769474,1.42,0.8549322142188178,18.54,0.892392086676947,10.0,0.0,20.0,0.0,2.0,0.0,1.0,0.0,0.0,0.0
1093.0,1093.0,100,1.44,0.8912594652195479,0.07200000000000001,0.04456297326097738,0.9279999999999999,0.04456297326097739,0.0,0.0,0.001,0.007035264706814483,9.81,0.3942772444036627,1.25,0.7159792333764036,8.75,0.7159792333764035,0.0,0.0,1.44,0.8912594652195479,1.42,0.8549322142188178,18.56,0.8912594652195476,10.0,0.0,20.0,0.0,2.0,0.0,1.0,0.0,0.0,0.0
1094.0,1094.0,100,1.44,0.8912594652195479,0.07200000000000001,0.04456297326097738,0.9279999999999999,0.04456297326097739,0.0,0.0,0.0,0.0,9.81,0.3942772444036627,1.25,0.7159792333764036,8.75,0.7159792333764035,0.0,0.0,1.44,0.8912594652195479,1.41,0.8656754238130706,18.56,0.8912594652195476,10.0,0.0,20.0,0.0,2.0,0.0,1.0,0.0,0.0,0.0
1095.0,1095.0,100,1.44,0.8912594652195479,0.07200000000000001,0.04456297326097738,0.9279999999999999,0.04456297326097739,0.0,0.0,0.0,0.0,9.81,0.3942772444036627,1.25,0.7159792333764036,8.75,0.7159792333764035,0.0,0.0,1.44,0.8912594652195479,1.4,0.8761716542303613,18.56,0.8912594652195476,10.0,0.0,20.0,0.0,2.0,0.0,1.0,0.0,0.0,0.0
1096.0,1096.0,100,1.44,0.8912594652195479,0.07200000000000001,0.04456297326097738,0.9279999999999999,0.04456297326097739,0.0,0.0,0.0,0.0,9.81,0.3942772444036627,1.25,0.7159792333764036,8.75,0.7159792333764035,0.0,0.0,1.44,0.8912594652195479,1.4,0.8761716542303613,18.56,0.8912594652195476,10.0,0.0,20.0,0.0,2.0,0.0,1.0,0.0,0.0,0.0
1097.0,1097.0,100,1.44,0.8912594652195479,0.07200000000000001,0.04456297326097738,0.9279999999999999,0.04456297326097739,0.0,0.0,0.0,0.0,9.81,0.3942772444036627,1.25,0.7159792333764036,8.75,0.7159792333764035,0.0,0.0,1.44,0.8912594652195479,1.4,0.8761716542303613,18.56,0.8912594652195476,10.0,0.0,20.0,0.0,2.0,0.0,1.0,0.0,0.0,0.0
1098.0,1098.0,100,1.43,0.9017939472142863,0.07150000000000001,0.04508969736071433,0.9285,0.045089697360714304,0.0,0.0,0.0005,0.004999999999999998,9.81,0.3942772444036627,1.24,0.726413634010794,8.76,0.7264136340107938,0.0,0.0,1.43,0.9017939472142863,1.4,0.8761716542303613,18.57,0.9017939472142863,10.0,0.0,20.0,0.0,2.0,0.0,1.0,0.0,0.0,0.0
1099.0,1099.0,100,1.42,0.9120960431441371,0.07100000000000001,0.045604802157206865,0.9289999999999999,0.045604802157206865,0.0,0.0,0.0005,0.004999999999999999,9.81,0.3942772444036627,1.23,0.7365631354644709,8.77,0.7365631354644707,0.0,0.0,1.42,0.9120960431441371,1.4,0.8761716542303613,18.58,0.9120960431441373,10.0,0.0,20.0,0.0,2.0,0.0,1.0,0.0,0.0,0.0
1100.0,1100.0,100,1.41,0.9,0.0705,0.04499999999999999,0.9295,0.04499999999999999,0.0,0.0,0.0004999999999999999,0.0049999999999999975,9.82,0.38612291966536905,1.23,0.7365631354644709,8.77,0.7365631354644707,0.0,0.0,1.41,0.9,1.4,0.8761716542303613,18.59,0.8999999999999999,10.0,0.0,20.0,0.0,2.0,0.0,1.0,0.0,0.0,0.0
1101.0,1101.0,100,1.41,0.9,0.0705,0.04499999999999999,0.9295,0.04499999999999999,0.0,0.0,0.0,0.0,9.82,0.38612291966536905,1.23,0.7365631354644709,8.77,0.7365631354644707,0.0,0.0,1.41,0.9,1.4,0.8761716542303613,18.59,0.8999999999999999,10.0,0.0,20.0,0.0,2.0,0.0,1.0,0.0,0.0,0.0
1102.0,1102.0,100,1.4,0.8761716542303613,0.07,0.04380858271151806,0.93,0.04380858271151806,0.0,0.0,0.0005000000000000001,0.005000000000000002,9.83,0.37752516806863695,1.23,0.7365631354644709,8.77,0.7365631354644707,0.0,0.0,1.4,0.8761716542303613,1.4,0.8761716542303613,18.6,0.8761716542303613,10.0,0.0,20.0,0.0,2.0,0.0,1.0,0.0,0.0,0.0
1103.0,1103.0,100,1.4,0.8761716542303613,0.07,0.04380858271151806,0.93,0.04380858271151806,0.0,0.0,0.0,0.0,9.83,0.37752516806863695,1.23,0.7365631354644709,8.77,0.7365631354644707,0.0,0.0,1.4,0.8761716542303613,1.4,0.8761716542303613,18.6,0.8761716542303613,10.0,0.0,20.0,0.0,2.0,0.0,1.0,0.0,0.0,0.0
1104.0,1104.0,100,1.4,0.8761716542303613,0.07,0.04380858271151806,0.93,0.04380858271151806,0.0,0.0,0.0,0.0,9.83,0.37752516806863695,1.23,0.7365631354644709,8.77,0.7365631354644707,0.0,0.0,1.4,0.8761716542303613,1.39,0.886429678969277,18.6,0.8761716542303613,10.0,0.0,20.0,0.0,2.0,0.0,1.0,0.0,0.0,0.0
1105.0,1105.0,100,1.4,0.8761716542303613,0.07,0.04380858271151806,0.93,0.04380858271151806,0.0,0.0,0.0,0.0,9.83,0.37752516806863695,1.23,0.7365631354644709,8.77,0.7365631354644707,0.0,0.0,1.4,0.8761716542303613,1.39,0.886429678969277,18.6,0.8761716542303613,10.0,0.0,20.0,0.0,2.0,0.0,1.0,0.0,0.0,0.0
1106.0,1106.0,100,1.4,0.8761716542303613,0.07,0.04380858271151806,0.93,0.04380858271151806,0.0,0.0,0.0,0.0,9.83,0.37752516806863695,1.23,0.7365631354644709,8.77,0.7365631354644707,0.0,0.0,1.4,0.8761716542303613,1.38,0.8736316862570424,18.6,0.8761716542303613,10.0,0.0,20.0,0.0,2.0,0.0,1.0,0.0,0.0,0.0
1107.0,1107.0,100,1.4,0.8761716542303613,0.07,0.04380858271151806,0.93,0.04380858271151806,0.0,0.0,0.0,0.0,9.83,0.37752516806863695,1.23,0.7365631354644709,8.77,0.7365631354644707,0.0,0.0,1.4,0.8761716542303613,1.35,0.8453676505795951,18.6,0.8761716542303613,10.0,0.0,20.0,0.0,2.0,0.0,1.0,0.0,0.0,0.0
1108.0,1108.0,100,1.39,0.886429678969277,0.0695,0.044321483948463844,0.9305,0.04432148394846385,0.0,0.0,0.0005,0.005,9.83,0.37752516806863695,1.22,0.7464393593398712,8.78,0.746439359339871,0.0,0.0,1.39,0.886429678969277,1.35,0.8453676505795951,18.61,0.886429678969277,10.0,0.0,20.0,0.0,2.0,0.0,1.0,0.0,0.0,0.0
1109.0,1109.0,100,1.39,0.886429678969277,0.0695,0.044321483948463844,0.9305,0.04432148394846385,0.0,0.0,0.0,0.0,9.83,0.37752516806863695,1.22,0.7464393593398712,8.78,0.746439359339871,0.0,0.0,1.39,0.886429678969277,1.32,0.8394322275481592,18.61,0.886429678969277,10.0,0.0,20.0,0.0,2.0,0.0,1.0,0.0,0.0,0.0
1110.0,1110.0,100,1.38,0.8736316862570424,0.069,0.043681584312852115,0.9309999999999999,0.04368158431285211,0.0,0.0,0.0004999999999999999,0.0049999999999999975,9.83,0.37752516806863695,1.21,0.7425726505966549,8.79,0.7425726505966549,0.0,0.0,1.38,0.8736316862570424,1.31,0.8250497383231333,18.62,0.8736316862570422,10.0,0.0,20.0,0.0,2.0,0.0,1.0,0.0,0.0,0.0
1111.0,1111.0,100,1.35,0.8453676505795951,0.0675,0.04226838252897976,0.9325,0.04226838252897976,0.0,0.0,0.0014999999999999996,0.008572330399888263,9.83,0.37752516806863695,1.18,0.7018014338295787,8.82,0.7018014338295787,0.0,0.0,1.35,0.8453676505795951,1.31,0.8250497383231333,18.65,0.8453676505795951,10.0,0.0,20.0,0.0,2.0,0.0,1.0,0.0,0.0,0.0
1112.0,1112.0,100,1.35,0.8453676505795951,0.0675,0.04226838252897976,0.9325,0.04226838252897976,0.0,0.0,0.0,0.0,9.83,0.37752516806863695,1.18,0.7018014338295787,8.82,0.7018014338295787,0.0,0.0,1.35,0.8453676505795951,1.31,0.8250497383231333,18.65,0.8453676505795951,10.0,0.0,20.0,0.0,2.0,0.0,1.0,0.0,0.0,0.0
1113.0,1113.0,100,1.33,0.8415353933031088,0.0665,0.042076769665155445,0.9335,0.042076769665155445,0.0,0.0,0.001,0.007035264706814485,9.83,0.37752516806863695,1.16,0.69223689528363,8.84,0.69223689528363,0.0,0.0,1.33,0.8415353933031088,1.31,0.8250497383231333,18.67,0.8415353933031091,10.0,0.0,20.0,0.0,2.0,0.0,1.0,0.0,0.0,0.0
1114.0,1114.0,100,1.32,0.8273115763993905,0.066,0.041365578819969516,0.9339999999999999,0.04136557881996953,0.0,0.0,0.0004999999999999999,0.0049999999999999975,9.83,0.37752516806863695,1.15,0.6723244767373877,8.85,0.6723244767373875,0.0,0.0,1.32,0.8273115763993905,1.29,0.8201379534116578,18.68,0.8273115763993899,10.0,0.0,20.0,0.0,2.0,0.0,1.0,0.0,0.0,0.0
1115.0,1115.0,100,1.32,0.8273115763993905,0.066,0.041365578819969516,0.9339999999999999,0.04136557881996953,0.0,0.0,0.0,0.0,9.83,0.37752516806863695,1.15,0.6723244767373877,8.85,0.6723244767373875,0.0,0.0,1.32,0.8273115763993905,1.29,0.8201379534116578,18.68,0.8273115763993899,10.0,0.0,20.0,0.0,2.0,0.0,1.0,0.0,0.0,0.0
1116.0,1116.0,100,1.32,0.8273115763993905,0.066,0.041365578819969516,0.9339999999999999,0.04136557881996953,0.0,0.0,0.0,0.0,9.83,0.37752516806863695,1.15,0.6723244767373877,8.85,0.6723244767373875,0.0,0.0,1.32,0.8273115763993905,1.29,0.8201379534116578,18.68,0.8273115763993899,10.0,0.0,20.0,0.0,2.0,0.0,1.0,0.0,0.0,0.0
1117.0,1117.0,100,1.32,0.8273115763993905,0.066,0.041365578819969516,0.9339999999999999,0.04136557881996953,0.0,0.0,0.0,0.0,9.83,0.37752516806863695,1.15,0.6723244767373877,8.85,0.6723244767373875,0.0,0.0,1.32,0.8273115763993905,1.29,0.8201379534116578,18.68,0.8273115763993899,10.0,0.0,20.0,0.0,2.0,0.0,1.0,0.0,0.0,0.0
1118.0,1118.0,100,1.3,0.8226589066968621,0.065,0.04113294533484312,0.935,0.04113294533484312,0.0,0.0,0.001,0.007035264706814486,9.83,0.37752516806863695,1.13,0.661418738375885,8.87,0.661418738375885,0.0,0.0,1.3,0.8226589066968621,1.28,0.8050346626579554,18.7,0.822658906696862,10.0,0.0,20.0,0.0,2.0,0.0,1.0,0.0,0.0,0.0
1119.0,1119.0,100,1.29,0.8201379534116578,0.0645,0.0410068976705829,0.9355,0.0410068976705829,0.0,0.0,0.0005,0.005,9.84,0.3684529491774707,1.13,0.661418738375885,8.87,0.661418738375885,0.0,0.0,1.29,0.8201379534116578,1.27,0.8022065529122494,18.71,0.8201379534116576,10.0,0.0,20.0,0.0,2.0,0.0,1.0,0.0,0.0,0.0
1120.0,1120.0,100,1.29,0.8201379534116578,0.0645,0.0410068976705829,0.9355,0.0410068976705829,0.0,0.0,0.0,0.0,9.84,0.3684529491774707,1.13,0.661418738375885,8.87,0.661418738375885,0.0,0.0,1.29,0.8201379534116578,1.27,0.8022065529122494,18.71,0.8201379534116576,10.0,0.0,20.0,0.0,2.0,0.0,1.0,0.0,0.0,0.0
1121.0,1121.0,100,1.29,0.8201379534116578,0.0645,0.0410068976705829,0.9355,0.0410068976705829,0.0,0.0,0.0,0.0,9.84,0.3684529491774707,1.13,0.661418738375885,8.87,0.661418738375885,0.0,0.0,1.29,0.8201379534116578,1.26,0.7992420652017002,18.71,0.8201379534116576,10.0,0.0,20.0,0.0,2.0,0.0,1.0,0.0,0.0,0.0
1122.0,1122.0,100,1.28,0.8050346626579554,0.064,0.04025173313289778,0.9359999999999999,0.04025173313289778,0.0,0.0,0.0004999999999999999,0.004999999999999998,9.84,0.3684529491774707,1.12,0.6400757530925301,8.88,0.6400757530925303,0.0,0.0,1.28,0.8050346626579554,1.26,0.7992420652017002,18.72,0.8050346626579548,10.0,0.0,20.0,0.0,2.0,0.0,1.0,0.0,0.0,0.0
1123.0,1123.0,100,1.27,0.8022065529122494,0.0635,0.04011032764561248,0.9364999999999999,0.040110327645612474,0.0,0.0,0.0005,0.005,9.84,0.3684529491774707,1.11,0.633970970880522,8.89,0.6339709708805221,0.0,0.0,1.27,0.8022065529122494,1.26,0.7992420652017002,18.73,0.8022065529122488,10.0,0.0,20.0,0.0,2.0,0.0,1.0,0.0,0.0,0.0
1124.0,1124.0,100,1.27,0.8022065529122494,0.0635,0.04011032764561248,0.9364999999999999,0.040110327645612474,0.0,0.0,0.0,0.0,9.84,0.3684529491774707,1.11,0.633970970880522,8.89,0.6339709708805221,0.0,0.0,1.27,0.8022065529122494,1.24,0.7928977668570322,18.73,0.8022065529122488,10.0,0.0,20.0,0.0,2.0,0.0,1.0,0.0,0.0,0.0
1125.0,1125.0,100,1.26,0.7992420652017002,0.063,0.03996210326008501,0.937,0.039962103260085015,0.0,0.0,0.0005,0.004999999999999998,9.84,0.3684529491774707,1.1,0.6276459144608479,8.9,0.6276459144608478,0.0,0.0,1.26,0.7992420652017002,1.24,0.7928977668570322,18.74,0.7992420652017002,10.0,0.0,20.0,0.0,2.0,0.0,1.0,0.0,0.0,0.0
1126.0,1126.0,100,1.26,0.7992420652017002,0.063,0.03996210326008501,0.937,0.039962103260085015,0.0,0.0,0.0,0.0,9.84,0.3684529491774707,1.1,0.6276459144608479,8.9,0.6276459144608478,0.0,0.0,1.26,0.7992420652017002,1.24,0.7928977668570322,18.74,0.7992420652017002,10.0,0.0,20.0,0.0,2.0,0.0,1.0,0.0,0.0,0.0
1127.0,1127.0,100,1.26,0.7992420652017002,0.063,0.03996210326008501,0.937,0.039962103260085015,0.0,0.0,0.0,0.0,9.84,0.3684529491774707,1.1,0.6276459144608479,8.9,0.6276459144608478,0.0,0.0,1.26,0.7992420652017002,1.24,0.7928977668570322,18.74,0.7992420652017002,10.0,0.0,20.0,0.0,2.0,0.0,1.0,0.0,0.0,0.0
1128.0,1128.0,100,1.24,0.7928977668570322,0.062,0.039644888342851604,0.938,0.039644888342851604,0.0,0.0,0.001,0.007035264706814485,9.84,0.3684529491774707,1.08,0.6143075267109604,8.92,0.6143075267109606,0.0,0.0,1.24,0.7928977668570322,1.24,0.7928977668570322,18.76,0.7928977668570326,10.0,0.0,20.0,0.0,2.0,0.0,1.0,0.0,0.0,0.0
1129.0,1129.0,100,1.24,0.7928977668570322,0.062,0.039644888342851604,0.938,0.039644888342851604,0.0,0.0,0.0,0.0,9.84,0.3684529491774707,1.08,0.6143075267109604,8.92,0.6143075267109606,0.0,0.0,1.24,0.7928977668570322,1.24,0.7928977668570322,18.76,0.7928977668570326,10.0,0.0,20.0,0.0,2.0,0.0,1.0,0.0,0.0,0.0
1130.0,1130.0,100,1.24,0.7928977668570322,0.062,0.039644888342851604,0.938,0.039644888342851604,0.0,0.0,0.0,0.0,9.84,0.3684529491774707,1.08,0.6143075267109604,8.92,0.6143075267109606,0.0,0.0,1.24,0.7928977668570322,1.24,0.7928977668570322,18.76,0.7928977668570326,10.0,0.0,20.0,0.0,2.0,0.0,1.0,0.0,0.0,0.0
1131.0,1131.0,100,1.24,0.7928977668570322,0.062,0.039644888342851604,0.938,0.039644888342851604,0.0,0.0,0.0,0.0,9.84,0.3684529491774707,1.08,0.6143075267109604,8.92,0.6143075267109606,0.0,0.0,1.24,0.7928977668570322,1.23,0.7766152928775696,18.76,0.7928977668570326,10.0,0.0,20.0,0.0,2.0,0.0,1.0,0.0,0.0,0.0
1132.0,1132.0,100,1.24,0.7928977668570322,0.062,0.039644888342851604,0.938,0.039644888342851604,0.0,0.0,0.0,0.0,9.84,0.3684529491774707,1.08,0.6143075267109604,8.92,0.6143075267109606,0.0,0.0,1.24,0.7928977668570322,1.22,0.7730302436358863,18.76,0.7928977668570326,10.0,0.0,20.0,0.0,2.0,0.0,1.0,0.0,0.0,0.0
1133.0,1133.0,100,1.24,0.7928977668570322,0.062,0.039644888342851604,0.938,0.039644888342851604,0.0,0.0,0.0,0.0,9.84,0.3684529491774707,1.08,0.6143075267109604,8.92,0.6143075267109606,0.0,0.0,1.24,0.7928977668570322,1.22,0.7730302436358863,18.76,0.7928977668570326,10.0,0.0,20.0,0.0,2.0,0.0,1.0,0.0,0.0,0.0
1134.0,1134.0,100,1.24,0.7928977668570322,0.062,0.039644888342851604,0.938,0.039644888342851604,0.0,0.0,0.0,0.0,9.84,0.3684529491774707,1.08,0.6143075267109604,8.92,0.6143075267109606,0.0,0.0,1.24,0.7928977668570322,1.22,0.7730302436358863,18.76,0.7928977668570326,10.0,0.0,20.0,0.0,2.0,0.0,1.0,0.0,0.0,0.0
1135.0,1135.0,100,1.23,0.7766152928775696,0.061500000000000006,0.03883076464387848,0.9384999999999999,0.03883076464387848,0.0,0.0,0.0004999999999999999,0.0049999999999999975,9.84,0.3684529491774707,1.07,0.6072790781740128,8.93,0.6072790781740129,0.0,0.0,1.23,0.7766152928775696,1.22,0.7730302436358863,18.77,0.7766152928775693,10.0,0.0,20.0,0.0,2.0,0.0,1.0,0.0,0.0,0.0
1136.0,1136.0,100,1.22,0.7730302436358863,0.061000000000000006,0.03865151218179432,0.939,0.038651512181794315,0.0,0.0,0.0005,0.005,9.84,0.3684529491774707,1.06,0.6,8.94,0.5999999999999999,0.0,0.0,1.22,0.7730302436358863,1.22,0.7730302436358863,18.78,0.7730302436358859,10.0,0.0,20.0,0.0,2.0,0.0,1.0,0.0,0.0,0.0
1137.0,1137.0,100,1.22,0.7730302436358863,0.061000000000000006,0.03865151218179432,0.939,0.038651512181794315,0.0,0.0,0.0,0.0,9.84,0.3684529491774707,1.06,0.6,8.94,0.5999999999999999,0.0,0.0,1.22,0.7730302436358863,1.22,0.7730302436358863,18.78,0.7730302436358859,10.0,0.0,20.0,0.0,2.0,0.0,1.0,0.0,0.0,0.0
1138.0,1138.0,100,1.22,0.7730302436358863,0.061000000000000006,0.03865151218179432,0.939,0.038651512181794315,0.0,0.0,0.0,0.0,9.84,0.3684529491774707,1.06,0.6,8.94,0.5999999999999999,0.0,0.0,1.22,0.7730302436358863,1.22,0.7730302436358863,18.78,0.7730302436358859,10.0,0.0,20.0,0.0,2.0,0.0,1.0,0.0,0.0,0.0
1139.0,1139.0,100,1.22,0.7730302436358863,0.061000000000000006,0.03865151218179432,0.939,0.038651512181794315,0.0,0.0,0.0,0.0,9.84,0.3684529491774707,1.06,0.6,8.94,0.5999999999999999,0.0,0.0,1.22,0.7730302436358863,1.21,0.7823172003862641,18.78,0.7730302436358859,10.0,0.0,20.0,0.0,2.0,0.0,1.0,0.0,0.0,0.0
1140.0,1140.0,100,1.22,0.7730302436358863,0.061000000000000006,0.03865151218179432,0.939,0.038651512181794315,0.0,0.0,0.0,0.0,9.84,0.3684529491774707,1.06,0.6,8.94,0.5999999999999999,0.0,0.0,1.22,0.7730302436358863,1.21,0.7823172003862641,18.78,0.7730302436358859,10.0,0.0,20.0,0.0,2.0,0.0,1.0,0.0,0.0,0.0
1141.0,1141.0,100,1.22,0.7730302436358863,0.061000000000000006,0.03865151218179432,0.939,0.038651512181794315,0.0,0.0,0.0,0.0,9.84,0.3684529491774707,1.06,0.6,8.94,0.5999999999999999,0.0,0.0,1.22,0.7730302436358863,1.21,0.7823172003862641,18.78,0.7730302436358859,10.0,0.0,20.0,0.0,2.0,0.0,1.0,0.0,0.0,0.0
1142.0,1142.0,100,1.22,0.7730302436358863,0.061000000000000006,0.03865151218179432,0.939,0.038651512181794315,0.0,0.0,0.0,0.0,9.84,0.3684529491774707,1.06,0.6,8.94,0.5999999999999999,0.0,0.0,1.22,0.7730302436358863,1.21,0.7823172003862641,18.78,0.7730302436358859,10.0,0.0,20.0,0.0,2.0,0.0,1.0,0.0,0.0,0.0
1143.0,1143.0,100,1.21,0.7823172003862641,0.060500000000000005,0.039115860019313206,0.9395,0.039115860019313206,0.0,0.0,0.0005,0.005,9.84,0.3684529491774707,1.05,0.6092717958449425,8.95,0.6092717958449424,0.0,0.0,1.21,0.7823172003862641,1.21,0.7823172003862641,18.79,0.7823172003862636,10.0,0.0,20.0,0.0,2.0,0.0,1.0,0.0,0.0,0.0
1144.0,1144.0,100,1.21,0.7823172003862641,0.060500000000000005,0.039115860019313206,0.9395,0.039115860019313206,0.0,0.0,0.0,0.0,9.84,0.3684529491774707,1.05,0.6092717958449425,8.95,0.6092717958449424,0.0,0.0,1.21,0.7823172003862641,1.2,0.7913675671030664,18.79,0.7823172003862636,10.0,0.0,20.0,0.0,2.0,0.0,1.0,0.0,0.0,0.0
1145.0,1145.0,100,1.21,0.7823172003862641,0.060500000000000005,0.039115860019313206,0.9395,0.039115860019313206,0.0,0.0,0.0,0.0,9.84,0.3684529491774707,1.05,0.6092717958449425,8.95,0.6092717958449424,0.0,0.0,1.21,0.7823172003862641,1.19,0.7745314647572362,18.79,0.7823172003862636,10.0,0.0,20.0,0.0,2.0,0.0,1.0,0.0,0.0,0.0
1146.0,1146.0,100,1.21,0.7823172003862641,0.060500000000000005,0.039115860019313206,0.9395,0.039115860019313206,0.0,0.0,0.0,0.0,9.84,0.3684529491774707,1.05,0.6092717958449425,8.95,0.6092717958449424,0.0,0.0,1.21,0.7823172003862641,1.19,0.7745314647572362,18.79,0.7823172003862636,10.0,0.0,20.0,0.0,2.0,0.0,1.0,0.0,0.0,0.0
1147.0,1147.0,100,1.21,0.7823172003862641,0.060500000000000005,0.039115860019313206,0.9395,0.039115860019313206,0.0,0.0,0.0,0.0,9.84,0.3684529491774707,1.05,0.6092717958449425,8.95,0.6092717958449424,0.0,0.0,1.21,0.7823172003862641,1.19,0.7745314647572362,18.79,0.7823172003862636,10.0,0.0,20.0,0.0,2.0,0.0,1.0,0.0,0.0,0.0
1148.0,1148.0,100,1.2,0.7913675671030664,0.06,0.039568378355153325,0.94,0.039568378355153325,0.0,0.0,0.0005,0.005,9.84,0.3684529491774707,1.04,0.6182412330330469,8.96,0.6182412330330468,0.0,0.0,1.2,0.7913675671030664,1.19,0.7745314647572362,18.8,0.791367567103066,10.0,0.0,20.0,0.0,2.0,0.0,1.0,0.0,0.0,0.0
1149.0,1149.0,100,1.19,0.7745314647572362,0.059500000000000004,0.038726573237861814,0.9405,0.038726573237861835,0.0,0.0,0.0004999999999999999,0.004999999999999998,9.84,0.3684529491774707,1.03,0.6105966613307698,8.97,0.6105966613307697,0.0,0.0,1.19,0.7745314647572362,1.19,0.7745314647572362,18.81,0.7745314647572361,10.0,0.0,20.0,0.0,2.0,0.0,1.0,0.0,0.0,0.0
1150.0,1150.0,100,1.19,0.7745314647572362,0.059500000000000004,0.038726573237861814,0.9405,0.038726573237861835,0.0,0.0,0.0,0.0,9.84,0.3684529491774707,1.03,0.6105966613307698,8.97,0.6105966613307697,0.0,0.0,1.19,0.7745314647572362,1.19,0.7745314647572362,18.81,0.7745314647572361,10.0,0.0,20.0,0.0,2.0,0.0,1.0,0.0,0.0,0.0
1151.0,1151.0,100,1.19,0.7745314647572362,0.059500000000000004,0.038726573237861814,0.9405,0.038726573237861835,0.0,0.0,0.0,0.0,9.84,0.3684529491774707,1.03,0.6105966613307698,8.97,0.6105966613307697,0.0,0.0,1.19,0.7745314647572362,1.18,0.7704124567628391,18.81,0.7745314647572361,10.0,0.0,20.0,0.0,2.0,0.0,1.0,0.0,0.0,0.0
1152.0,1152.0,100,1.19,0.7745314647572362,0.059500000000000004,0.038726573237861814,0.9405,0.038726573237861835,0.0,0.0,0.0,0.0,9.84,0.3684529491774707,1.03,0.6105966613307698,8.97,0.6105966613307697,0.0,0.0,1.19,0.7745314647572362,1.17,0.7792122414154679,18.81,0.7745314647572361,10.0,0.0,20.0,0.0,2.0,0.0,1.0,0.0,0.0,0.0
1153.0,1153.0,100,1.19,0.7745314647572362,0.059500000000000004,0.038726573237861814,0.9405,0.038726573237861835,0.0,0.0,0.0,0.0,9.84,0.3684529491774707,1.03,0.6105966613307698,8.97,0.6105966613307697,0.0,0.0,1.19,0.7745314647572362,1.17,0.7792122414154679,18.81,0.7745314647572361,10.0,0.0,20.0,0.0,2.0,0.0,1.0,0.0,0.0,0.0
1154.0,1154.0,100,1.19,0.7745314647572362,0.059500000000000004,0.038726573237861814,0.9405,0.038726573237861835,0.0,0.0,0.0,0.0,9.84,0.3684529491774707,1.03,0.6105966613307698,8.97,0.6105966613307697,0.0,0.0,1.19,0.7745314647572362,1.17,0.7792122414154679,18.81,0.7745314647572361,10.0,0.0,20.0,0.0,2.0,0.0,1.0,0.0,0.0,0.0
1155.0,1155.0,100,1.18,0.7704124567628391,0.059000000000000004,0.03852062283814196,0.941,0.038520622838141935,0.0,0.0,0.0005,0.004999999999999998,9.84,0.3684529491774707,1.02,0.6026875834396485,8.98,0.6026875834396487,0.0,0.0,1.18,0.7704124567628391,1.17,0.7792122414154679,18.82,0.7704124567628391,10.0,0.0,20.0,0.0,2.0,0.0,1.0,0.0,0.0,0.0
1156.0,1156.0,100,1.17,0.7792122414154679,0.0585,0.038960612070773386,0.9414999999999999,0.03896061207077338,0.0,0.0,0.0005,0.005,9.84,0.3684529491774707,1.01,0.6112580172368814,8.99,0.6112580172368814,0.0,0.0,1.17,0.7792122414154679,1.17,0.7792122414154679,18.83,0.7792122414154676,10.0,0.0,20.0,0.0,2.0,0.0,1.0,0.0,0.0,0.0
1157.0,1157.0,100,1.17,0.7792122414154679,0.0585,0.038960612070773386,0.9414999999999999,0.03896061207077338,0.0,0.0,0.0,0.0,9.84,0.3684529491774707,1.01,0.6112580172368814,8.99,0.6112580172368814,0.0,0.0,1.17,0.7792122414154679,1.17,0.7792122414154679,18.83,0.7792122414154676,10.0,0.0,20.0,0.0,2.0,0.0,1.0,0.0,0.0,0.0
1158.0,1158.0,100,1.17,0.7792122414154679,0.0585,0.038960612070773386,0.9414999999999999,0.03896061207077338,0.0,0.0,0.0,0.0,9.84,0.3684529491774707,1.01,0.6112580172368814,8.99,0.6112580172368814,0.0,0.0,1.17,0.7792122414154679,1.15,0.7571210756756961,18.83,0.7792122414154676,10.0,0.0,20.0,0.0,2.0,0.0,1.0,0.0,0.0,0.0
1159.0,1159.0,100,1.17,0.7792122414154679,0.0585,0.038960612070773386,0.9414999999999999,0.03896061207077338,0.0,0.0,0.0,0.0,9.84,0.3684529491774707,1.01,0.6112580172368814,8.99,0.6112580172368814,0.0,0.0,1.17,0.7792122414154679,1.15,0.7571210756756961,18.83,0.7792122414154676,10.0,0.0,20.0,0.0,2.0,0.0,1.0,0.0,0.0,0.0
1160.0,1160.0,100,1.17,0.7792122414154679,0.0585,0.038960612070773386,0.9414999999999999,0.03896061207077338,0.0,0.0,0.0,0.0,9.84,0.3684529491774707,1.01,0.6112580172368814,8.99,0.6112580172368814,0.0,0.0,1.17,0.7792122414154679,1.15,0.7571210756756961,18.83,0.7792122414154676,10.0,0.0,20.0,0.0,2.0,0.0,1.0,0.0,0.0,0.0
1161.0,1161.0,100,1.17,0.7792122414154679,0.0585,0.038960612070773386,0.9414999999999999,0.03896061207077338,0.0,0.0,0.0,0.0,9.84,0.3684529491774707,1.01,0.6112580172368814,8.99,0.6112580172368814,0.0,0.0,1.17,0.7792122414154679,1.15,0.7571210756756961,18.83,0.7792122414154676,10.0,0.0,20.0,0.0,2.0,0.0,1.0,0.0,0.0,0.0
1162.0,1162.0,100,1.15,0.7571210756756961,0.0575,0.037856053783784815,0.9425,0.0378560537837848,0.0,0.0,0.001,0.007035264706814483,9.84,0.3684529491774707,0.99,0.594503442743895,9.01,0.594503442743895,0.0,0.0,1.15,0.7571210756756961,1.15,0.7571210756756961,18.85,0.7571210756756961,10.0,0.0,20.0,0.0,2.0,0.0,1.0,0.0,0.0,0.0
1163.0,1163.0,100,1.15,0.7571210756756961,0.0575,0.037856053783784815,0.9425,0.0378560537837848,0.0,0.0,0.0,0.0,9.84,0.3684529491774707,0.99,0.594503442743895,9.01,0.594503442743895,0.0,0.0,1.15,0.7571210756756961,1.15,0.7571210756756961,18.85,0.7571210756756961,10.0,0.0,20.0,0.0,2.0,0.0,1.0,0.0,0.0,0.0
1164.0,1164.0,100,1.15,0.7571210756756961,0.0575,0.037856053783784815,0.9425,0.0378560537837848,0.0,0.0,0.0,0.0,9.84,0.3684529491774707,0.99,0.594503442743895,9.01,0.594503442743895,0.0,0.0,1.15,0.7571210756756961,1.15,0.7571210756756961,18.85,0.7571210756756961,10.0,0.0,20.0,0.0,2.0,0.0,1.0,0.0,0.0,0.0
1165.0,1165.0,100,1.15,0.7571210756756961,0.0575,0.037856053783784815,0.9425,0.0378560537837848,0.0,0.0,0.0,0.0,9.84,0.3684529491774707,0.99,0.594503442743895,9.01,0.594503442743895,0.0,0.0,1.15,0.7571210756756961,1.15,0.7571210756756961,18.85,0.7571210756756961,10.0,0.0,20.0,0.0,2.0,0.0,1.0,0.0,0.0,0.0
1166.0,1166.0,100,1.15,0.7571210756756961,0.0575,0.037856053783784815,0.9425,0.0378560537837848,0.0,0.0,0.0,0.0,9.84,0.3684529491774707,0.99,0.594503442743895,9.01,0.594503442743895,0.0,0.0,1.15,0.7571210756756961,1.15,0.7571210756756961,18.85,0.7571210756756961,10.0,0.0,20.0,0.0,2.0,0.0,1.0,0.0,0.0,0.0
1167.0,1167.0,100,1.15,0.7571210756756961,0.0575,0.037856053783784815,0.9425,0.0378560537837848,0.0,0.0,0.0,0.0,9.84,0.3684529491774707,0.99,0.594503442743895,9.01,0.594503442743895,0.0,0.0,1.15,0.7571210756756961,1.15,0.7571210756756961,18.85,0.7571210756756961,10.0,0.0,20.0,0.0,2.0,0.0,1.0,0.0,0.0,0.0
1168.0,1168.0,100,1.15,0.7571210756756961,0.0575,0.037856053783784815,0.9425,0.0378560537837848,0.0,0.0,0.0,0.0,9.84,0.3684529491774707,0.99,0.594503442743895,9.01,0.594503442743895,0.0,0.0,1.15,0.7571210756756961,1.15,0.7571210756756961,18.85,0.7571210756756961,10.0,0.0,20.0,0.0,2.0,0.0,1.0,0.0,0.0,0.0
1169.0,1169.0,100,1.15,0.7571210756756961,0.0575,0.037856053783784815,0.9425,0.0378560537837848,0.0,0.0,0.0,0.0,9.84,0.3684529491774707,0.99,0.594503442743895,9.01,0.594503442743895,0.0,0.0,1.15,0.7571210756756961,1.15,0.7571210756756961,18.85,0.7571210756756961,10.0,0.0,20.0,0.0,2.0,0.0,1.0,0.0,0.0,0.0
1170.0,1170.0,100,1.15,0.7571210756756961,0.0575,0.037856053783784815,0.9425,0.0378560537837848,0.0,0.0,0.0,0.0,9.84,0.3684529491774707,0.99,0.594503442743895,9.01,0.594503442743895,0.0,0.0,1.15,0.7571210756756961,1.15,0.7571210756756961,18.85,0.7571210756756961,10.0,0.0,20.0,0.0,2.0,0.0,1.0,0.0,0.0,0.0
1171.0,1171.0,100,1.15,0.7571210756756961,0.0575,0.037856053783784815,0.9425,0.0378560537837848,0.0,0.0,0.0,0.0,9.84,0.3684529491774707,0.99,0.594503442743895,9.01,0.594503442743895,0.0,0.0,1.15,0.7571210756756961,1.15,0.7571210756756961,18.85,0.7571210756756961,10.0,0.0,20.0,0.0,2.0,0.0,1.0,0.0,0.0,0.0
1172.0,1172.0,100,1.15,0.7571210756756961,0.0575,0.037856053783784815,0.9425,0.0378560537837848,0.0,0.0,0.0,0.0,9.84,0.3684529491774707,0.99,0.594503442743895,9.01,0.594503442743895,0.0,0.0,1.15,0.7571210756756961,1.15,0.7571210756756961,18.85,0.7571210756756961,10.0,0.0,20.0,0.0,2.0,0.0,1.0,0.0,0.0,0.0
1173.0,1173.0,100,1.15,0.7571210756756961,0.0575,0.037856053783784815,0.9425,0.0378560537837848,0.0,0.0,0.0,0.0,9.84,0.3684529491774707,0.99,0.594503442743895,9.01,0.594503442743895,0.0,0.0,1.15,0.7571210756756961,1.15,0.7571210756756961,18.85,0.7571210756756961,10.0,0.0,20.0,0.0,2.0,0.0,1.0,0.0,0.0,0.0
1174.0,1174.0,100,1.15,0.7571210756756961,0.0575,0.037856053783784815,0.9425,0.0378560537837848,0.0,0.0,0.0,0.0,9.84,0.3684529491774707,0.99,0.594503442743895,9.01,0.594503442743895,0.0,0.0,1.15,0.7571210756756961,1.15,0.7571210756756961,18.85,0.7571210756756961,10.0,0.0,20.0,0.0,2.0,0.0,1.0,0.0,0.0,0.0
1175.0,1175.0,100,1.15,0.7571210756756961,0.0575,0.037856053783784815,0.9425,0.0378560537837848,0.0,0.0,0.0,0.0,9.84,0.3684529491774707,0.99,0.594503442743895,9.01,0.594503442743895,0.0,0.0,1.15,0.7571210756756961,1.15,0.7571210756756961,18.85,0.7571210756756961,10.0,0.0,20.0,0.0,2.0,0.0,1.0,0.0,0.0,0.0
1176.0,1176.0,100,1.15,0.7571210756756961,0.0575,0.037856053783784815,0.9425,0.0378560537837848,0.0,0.0,0.0,0.0,9.84,0.3684529491774707,0.99,0.594503442743895,9.01,0.594503442743895,0.0,0.0,1.15,0.7571210756756961,1.13,0.7740096311357562,18.85,0.7571210756756961,10.0,0.0,20.0,0.0,2.0,0.0,1.0,0.0,0.0,0.0
1177.0,1177.0,100,1.15,0.7571210756756961,0.0575,0.037856053783784815,0.9425,0.0378560537837848,0.0,0.0,0.0,0.0,9.84,0.3684529491774707,0.99,0.594503442743895,9.01,0.594503442743895,0.0,0.0,1.15,0.7571210756756961,1.13,0.7740096311357562,18.85,0.7571210756756961,10.0,0.0,20.0,0.0,2.0,0.0,1.0,0.0,0.0,0.0
1178.0,1178.0,100,1.15,0.7571210756756961,0.0575,0.037856053783784815,0.9425,0.0378560537837848,0.0,0.0,0.0,0.0,9.84,0.3684529491774707,0.99,0.594503442743895,9.01,0.594503442743895,0.0,0.0,1.15,0.7571210756756961,1.13,0.7740096311357562,18.85,0.7571210756756961,10.0,0.0,20.0,0.0,2.0,0.0,1.0,0.0,0.0,0.0
1179.0,1179.0,100,1.15,0.7571210756756961,0.0575,0.037856053783784815,0.9425,0.0378560537837848,0.0,0.0,0.0,0.0,9.84,0.3684529491774707,0.99,0.594503442743895,9.01,0.594503442743895,0.0,0.0,1.15,0.7571210756756961,1.13,0.7740096311357562,18.85,0.7571210756756961,10.0,0.0,20.0,0.0,2.0,0.0,1.0,0.0,0.0,0.0
1180.0,1180.0,100,1.13,0.7740096311357562,0.0565,0.0387004815567878,0.9434999999999999,0.0387004815567878,0.0,0.0,0.001,0.007035264706814485,9.84,0.3684529491774707,0.97,0.6105966613307697,9.03,0.6105966613307698,0.0,0.0,1.13,0.7740096311357562,1.13,0.7740096311357562,18.87,0.7740096311357563,10.0,0.0,20.0,0.0,2.0,0.0,1.0,0.0,0.0,0.0
1181.0,1181.0,100,1.13,0.7740096311357562,0.0565,0.0387004815567878,0.9434999999999999,0.0387004815567878,0.0,0.0,0.0,0.0,9.84,0.3684529491774707,0.97,0.6105966613307697,9.03,0.6105966613307698,0.0,0.0,1.13,0.7740096311357562,1.13,0.7740096311357562,18.87,0.7740096311357563,10.0,0.0,20.0,0.0,2.0,0.0,1.0,0.0,0.0,0.0
1182.0,1182.0,100,1.13,0.7740096311357562,0.0565,0.0387004815567878,0.9434999999999999,0.0387004815567878,0.0,0.0,0.0,0.0,9.84,0.3684529491774707,0.97,0.6105966613307697,9.03,0.6105966613307698,0.0,0.0,1.13,0.7740096311357562,1.13,0.7740096311357562,18.87,0.7740096311357563,10.0,0.0,20.0,0.0,2.0,0.0,1.0,0.0,0.0,0.0
1183.0,1183.0,100,1.13,0.7740096311357562,0.0565,0.0387004815567878,0.9434999999999999,0.0387004815567878,0.0,0.0,0.0,0.0,9.84,0.3684529491774707,0.97,0.6105966613307697,9.03,0.6105966613307698,0.0,0.0,1.13,0.7740096311357562,1.12,0.7558525857024844,18.87,0.7740096311357563,10.0,0.0,20.0,0.0,2.0,0.0,1.0,0.0,0.0,0.0
1184.0,1184.0,100,1.13,0.7740096311357562,0.0565,0.0387004815567878,0.9434999999999999,0.0387004815567878,0.0,0.0,0.0,0.0,9.84,0.3684529491774707,0.97,0.6105966613307697,9.03,0.6105966613307698,0.0,0.0,1.13,0.7740096311357562,1.12,0.7558525857024844,18.87,0.7740096311357563,10.0,0.0,20.0,0.0,2.0,0.0,1.0,0.0,0.0,0.0
1185.0,1185.0,100,1.13,0.7740096311357562,0.0565,0.0387004815567878,0.9434999999999999,0.0387004815567878,0.0,0.0,0.0,0.0,9.84,0.3684529491774707,0.97,0.6105966613307697,9.03,0.6105966613307698,0.0,0.0,1.13,0.7740096311357562,1.12,0.7558525857024844,18.87,0.7740096311357563,10.0,0.0,20.0,0.0,2.0,0.0,1.0,0.0,0.0,0.0
1186.0,1186.0,100,1.13,0.7740096311357562,0.0565,0.0387004815567878,0.9434999999999999,0.0387004815567878,0.0,0.0,0.0,0.0,9.84,0.3684529491774707,0.97,0.6105966613307697,9.03,0.6105966613307698,0.0,0.0,1.13,0.7740096311357562,1.12,0.7558525857024844,18.87,0.7740096311357563,10.0,0.0,20.0,0.0,2.0,0.0,1.0,0.0,0.0,0.0
1187.0,1187.0,100,1.12,0.7558525857024844,0.05600000000000001,0.03779262928512421,0.944,0.037792629285124196,0.0,0.0,0.0004999999999999999,0.004999999999999997,9.84,0.3684529491774707,0.96,0.6016811464722839,9.04,0.6016811464722842,0.0,0.0,1.12,0.7558525857024844,1.12,0.7558525857024844,18.88,0.7558525857024838,10.0,0.0,20.0,0.0,2.0,0.0,1.0,0.0,0.0,0.0
1188.0,1188.0,100,1.12,0.7558525857024844,0.05600000000000001,0.03779262928512421,0.944,0.037792629285124196,0.0,0.0,0.0,0.0,9.84,0.3684529491774707,0.96,0.6016811464722839,9.04,0.6016811464722842,0.0,0.0,1.12,0.7558525857024844,1.11,0.7506899183653352,18.88,0.7558525857024838,10.0,0.0,20.0,0.0,2.0,0.0,1.0,0.0,0.0,0.0
1189.0,1189.0,100,1.12,0.7558525857024844,0.05600000000000001,0.03779262928512421,0.944,0.037792629285124196,0.0,0.0,0.0,0.0,9.84,0.3684529491774707,0.96,0.6016811464722839,9.04,0.6016811464722842,0.0,0.0,1.12,0.7558525857024844,1.11,0.7506899183653352,18.88,0.7558525857024838,10.0,0.0,20.0,0.0,2.0,0.0,1.0,0.0,0.0,0.0
1190.0,1190.0,100,1.12,0.7558525857024844,0.05600000000000001,0.03779262928512421,0.944,0.037792629285124196,0.0,0.0,0.0,0.0,9.84,0.3684529491774707,0.96,0.6016811464722839,9.04,0.6016811464722842,0.0,0.0,1.12,0.7558525857024844,1.11,0.7506899183653352,18.88,0.7558525857024838,10.0,0.0,20.0,0.0,2.0,0.0,1.0,0.0,0.0,0.0
1191.0,1191.0,100,1.12,0.7558525857024844,0.05600000000000001,0.03779262928512421,0.944,0.037792629285124196,0.0,0.0,0.0,0.0,9.84,0.3684529491774707,0.96,0.6016811464722839,9.04,0.6016811464722842,0.0,0.0,1.12,0.7558525857024844,1.1,0.7587869106393282,18.88,0.7558525857024838,10.0,0.0,20.0,0.0,2.0,0.0,1.0,0.0,0.0,0.0
1192.0,1192.0,100,1.11,0.7506899183653352,0.0555,0.037534495918266755,0.9445,0.037534495918266755,0.0,0.0,0.0005,0.005,9.84,0.3684529491774707,0.95,0.592461054424762,9.05,0.5924610544247626,0.0,0.0,1.11,0.7506899183653352,1.1,0.7587869106393282,18.89,0.7506899183653348,10.0,0.0,20.0,0.0,2.0,0.0,1.0,0.0,0.0,0.0
1193.0,1193.0,100,1.11,0.7506899183653352,0.0555,0.037534495918266755,0.9445,0.037534495918266755,0.0,0.0,0.0,0.0,9.84,0.3684529491774707,0.95,0.592461054424762,9.05,0.5924610544247626,0.0,0.0,1.11,0.7506899183653352,1.1,0.7587869106393282,18.89,0.7506899183653348,10.0,0.0,20.0,0.0,2.0,0.0,1.0,0.0,0.0,0.0
1194.0,1194.0,100,1.11,0.7506899183653352,0.0555,0.037534495918266755,0.9445,0.037534495918266755,0.0,0.0,0.0,0.0,9.84,0.3684529491774707,0.95,0.592461054424762,9.05,0.5924610544247626,0.0,0.0,1.11,0.7506899183653352,1.08,0.7477913607363484,18.89,0.7506899183653348,10.0,0.0,20.0,0.0,2.0,0.0,1.0,0.0,0.0,0.0
1195.0,1195.0,100,1.1,0.7587869106393282,0.055,0.03793934553196641,0.945,0.03793934553196639,0.0,0.0,0.0005,0.005,9.84,0.3684529491774707,0.94,0.6,9.06,0.6000000000000002,0.0,0.0,1.1,0.7587869106393282,1.08,0.7477913607363484,18.9,0.7587869106393276,10.0,0.0,20.0,0.0,2.0,0.0,1.0,0.0,0.0,0.0
1196.0,1196.0,100,1.1,0.7587869106393282,0.055,0.03793934553196641,0.945,0.03793934553196639,0.0,0.0,0.0,0.0,9.84,0.3684529491774707,0.94,0.6,9.06,0.6000000000000002,0.0,0.0,1.1,0.7587869106393282,1.08,0.7477913607363484,18.9,0.7587869106393276,10.0,0.0,20.0,0.0,2.0,0.0,1.0,0.0,0.0,0.0
1197.0,1197.0,100,1.1,0.7587869106393282,0.055,0.03793934553196641,0.945,0.03793934553196639,0.0,0.0,0.0,0.0,9.84,0.3684529491774707,0.94,0.6,9.06,0.6000000000000002,0.0,0.0,1.1,0.7587869106393282,1.08,0.7477913607363484,18.9,0.7587869106393276,10.0,0.0,20.0,0.0,2.0,0.0,1.0,0.0,0.0,0.0
1198.0,1198.0,100,1.08,0.7477913607363484,0.054000000000000006,0.037389568036817415,0.946,0.037389568036817394,0.0,0.0,0.001,0.007035264706814485,9.84,0.3684529491774707,0.92,0.5804909103247845,9.08,0.5804909103247843,0.0,0.0,1.08,0.7477913607363484,1.07,0.7555184185763313,18.92,0.7477913607363476,10.0,0.0,20.0,0.0,2.0,0.0,1.0,0.0,0.0,0.0
1199.0,1199.0,100,1.08,0.7477913607363484,0.054000000000000006,0.037389568036817415,0.946,0.037389568036817394,0.0,0.0,0.0,0.0,9.84,0.3684529491774707,0.92,0.5804909103247845,9.08,0.5804909103247843,0.0,0.0,1.08,0.7477913607363484,1.07,0.7555184185763313,18.92,0.7477913607363476,10.0,0.0,20.0,0.0,2.0,0.0,1.0,0.0,0.0,0.0
1200.0,1200.0,100,1.08,0.7477913607363484,0.054000000000000006,0.037389568036817415,0.946,0.037389568036817394,0.0,0.0,0.0,0.0,9.84,0.3684529491774707,0.92,0.5804909103247845,9.08,0.5804909103247843,0.0,0.0,1.08,0.7477913607363484,1.07,0.7555184185763313,18.92,0.7477913607363476,10.0,0.0,20.0,0.0,2.0,0.0,1.0,0.0,0.0,0.0
