Step,simulated_time_s,replications,residual_deficit_mean,residual_deficit_std,normalized_deficit_mean,normalized_deficit_std,capacity_adjusted_coverage_mean,capacity_adjusted_coverage_std,normalized_unavoidable_deficit_mean,normalized_unavoidable_deficit_std,r_delta_mean,r_delta_std,covered_points_mean,covered_points_std,underserved_points_mean,underserved_points_std,exactly_satisfied_points_mean,exactly_satisfied_points_std,overserved_points_mean,overserved_points_std,idle_drones_mean,idle_drones_std,exploring_drones_mean,exploring_drones_std,stationing_drones_mean,stationing_drones_std,active_points_mean,active_points_std,total_demand_mean,total_demand_std,mean_demand_per_point_mean,mean_demand_per_point_std,fleet_load_mean,fleet_load_std,overlapping_zones_mean,overlapping_zones_std
0.0,0.0,100,10.0,0.0,1.0,0.0,0.0,0.0,0.0,0.0,,,0.0,0.0,10.0,0.0,0.0,0.0,0.0,0.0,20.0,0.0,0.0,0.0,0.0,0.0,10.0,0.0,10.0,0.0,1.0,0.0,0.5,0.0,3.13,1.5219272736443836
1.0,1.0,100,10.0,0.0,1.0,0.0,0.0,0.0,0.0,0.0,0.0,0.0,0.0,0.0,10.0,0.0,0.0,0.0,0.0,0.0,20.0,0.0,19.65,1.0576799462440747,0.0,0.0,10.0,0.0,10.0,0.0,1.0,0.0,0.5,0.0,3.13,1.5219272736443836
2.0,2.0,100,10.0,0.0,1.0,0.0,0.0,0.0,0.0,0.0,0.0,0.0,0.0,0.0,10.0,0.0,0.0,0.0,0.0,0.0,20.0,0.0,19.47,1.266945742781243,0.0,0.0,10.0,0.0,10.0,0.0,1.0,0.0,0.5,0.0,3.13,1.5219272736443836
3.0,3.0,100,10.0,0.0,1.0,0.0,0.0,0.0,0.0,0.0,0.0,0.0,0.0,0.0,10.0,0.0,0.0,0.0,0.0,0.0,20.0,0.0,19.27,1.549551906555929,0.0,0.0,10.0,0.0,10.0,0.0,1.0,0.0,0.5,0.0,3.13,1.5219272736443836
4.0,4.0,100,10.0,0.0,1.0,0.0,0.0,0.0,0.0,0.0,0.0,0.0,0.0,0.0,10.0,0.0,0.0,0.0,0.0,0.0,20.0,0.0,19.06,1.7397317800933187,0.0,0.0,10.0,0.0,10.0,0.0,1.0,0.0,0.5,0.0,3.13,1.5219272736443836
5.0,5.0,100,10.0,0.0,1.0,0.0,0.0,0.0,0.0,0.0,0.0,0.0,0.0,0.0,10.0,0.0,0.0,0.0,0.0,0.0,20.0,0.0,18.72,2.0747641949499855,0.0,0.0,10.0,0.0,10.0,0.0,1.0,0.0,0.5,0.0,3.13,1.5219272736443836
6.0,6.0,100,10.0,0.0,1.0,0.0,0.0,0.0,0.0,0.0,0.0,0.0,0.0,0.0,10.0,0.0,0.0,0.0,0.0,0.0,20.0,0.0,18.47,2.2131608183954476,0.0,0.0,10.0,0.0,10.0,0.0,1.0,0.0,0.5,0.0,3.13,1.5219272736443836
7.0,7.0,100,10.0,0.0,1.0,0.0,0.0,0.0,0.0,0.0,0.0,0.0,0.0,0.0,10.0,0.0,0.0,0.0,0.0,0.0,20.0,0.0,18.26,2.3639549124894126,0.0,0.0,10.0,0.0,10.0,0.0,1.0,0.0,0.5,0.0,3.13,1.5219272736443836
8.0,8.0,100,10.0,0.0,1.0,0.0,0.0,0.0,0.0,0.0,0.0,0.0,0.0,0.0,10.0,0.0,0.0,0.0,0.0,0.0,20.0,0.0,17.93,2.6977543972494566,0.0,0.0,10.0,0.0,10.0,0.0,1.0,0.0,0.5,0.0,3.13,1.5219272736443836
9.0,9.0,100,9.97,0.17144660799776498,0.997,0.017144660799776536,0.0030000000000000005,0.017144660799776532,0.0,0.0,0.002999999999999999,0.017144660799776525,0.03,0.17144660799776532,9.97,0.17144660799776498,0.03,0.17144660799776532,0.0,0.0,19.97,0.171446607997766,17.74,2.7546837982394337,0.03,0.17144660799776532,10.0,0.0,10.0,0.0,1.0,0.0,0.5,0.0,3.13,1.5219272736443836
10.0,10.0,100,9.94,0.23868325657594233,0.9940000000000001,0.023868325657594208,0.006000000000000001,0.023868325657594204,0.0,0.0,0.002999999999999999,0.017144660799776522,0.06,0.23868325657594203,9.94,0.23868325657594233,0.06,0.23868325657594203,0.0,0.0,19.94,0.23868325657594108,17.52,2.8971598771098845,0.06,0.23868325657594203,10.0,0.0,10.0,0.0,1.0,0.0,0.5,0.0,3.13,1.5219272736443836
11.0,11.0,100,9.83,0.42770234150550657,0.983,0.04277023415055062,0.017,0.04277023415055065,0.0,0.0,0.010999999999999996,0.034509550720185994,0.17,0.4277023415055065,9.83,0.42770234150550657,0.16,0.4197161137740796,0.01,0.1,19.83,0.4277023415055063,17.29,2.910430562752883,0.17,0.42770234150550657,10.0,0.0,10.0,0.0,1.0,0.0,0.5,0.0,3.13,1.5219272736443836
12.0,12.0,100,9.75,0.49999999999999983,0.975,0.04999999999999999,0.025,0.05,0.0,0.0,0.007999999999999998,0.027265992434429072,0.25,0.5,9.75,0.49999999999999983,0.18,0.4114522199392407,0.07,0.2931886695621029,19.68,0.7089613971340488,17.01,3.040118950357573,0.32,0.7089613971340488,10.0,0.0,10.0,0.0,1.0,0.0,0.5,0.0,3.13,1.5219272736443836
13.0,13.0,100,9.7,0.5412294272573257,0.97,0.05412294272573256,0.03,0.05412294272573259,0.0,0.0,0.004999999999999999,0.02190429135575903,0.3,0.5412294272573257,9.7,0.5412294272573257,0.23,0.4229525846816506,0.07,0.3258245174347937,19.64,0.7590531049680361,16.77,3.0743480872562494,0.36,0.7590531049680361,10.0,0.0,10.0,0.0,1.0,0.0,0.5,0.0,3.13,1.5219272736443836
14.0,14.0,100,9.64,0.559942276967326,0.9640000000000001,0.05599422769673257,0.036000000000000004,0.0559942276967326,0.0,0.0,0.005999999999999998,0.0238683256575942,0.36,0.5599422769673258,9.64,0.559942276967326,0.25,0.47937248544110234,0.11,0.3450955072018602,19.51,0.9155778657672043,16.54,3.121835771762919,0.49,0.9155778657672042,10.0,0.0,10.0,0.0,1.0,0.0,0.5,0.0,3.13,1.5219272736443836
15.0,15.0,100,9.56,0.640706680552849,0.956,0.06407066805528487,0.044000000000000004,0.06407066805528489,0.0,0.0,0.008,0.030748244591432293,0.44,0.640706680552849,9.56,0.640706680552849,0.32,0.5101000100000197,0.12,0.3265986323710905,19.38,1.098943477926306,16.35,3.2141574449314207,0.62,1.0989434779263068,10.0,0.0,10.0,0.0,1.0,0.0,0.5,0.0,3.13,1.5219272736443836
16.0,16.0,100,9.47,0.6883591968139772,0.9470000000000001,0.0688359196813977,0.053000000000000005,0.06883591968139774,0.0,0.0,0.009,0.03208259542638234,0.53,0.6883591968139773,9.47,0.6883591968139772,0.29,0.5182526976156117,0.24,0.4521553322083513,19.19,1.1607642901871758,16.21,3.0986963697528016,0.81,1.1607642901871758,10.0,0.0,10.0,0.0,1.0,0.0,0.5,0.0,3.13,1.5219272736443836
17.0,17.0,100,9.42,0.713222874483754,0.9420000000000001,0.07132228744837536,0.05800000000000001,0.0713222874483754,0.0,0.0,0.004999999999999999,0.02190429135575903,0.58,0.7132228744837539,9.42,0.713222874483754,0.43,0.6236905474591539,0.15,0.35887028128263665,19.19,1.2034881961963055,16.05,3.14746972289896,0.81,1.2034881961963062,10.0,0.0,10.0,0.0,1.0,0.0,0.5,0.0,3.13,1.5219272736443836
18.0,18.0,100,9.36,0.7852169487254184,0.9359999999999999,0.07852169487254186,0.064,0.07852169487254186,0.0,0.0,0.006,0.027779797906341427,0.64,0.7852169487254186,9.36,0.7852169487254184,0.46,0.7023769168568491,0.18,0.41145221993924064,19.1,1.2431631210161216,16.03,3.0926925929919826,0.9,1.243163121016122,10.0,0.0,10.0,0.0,1.0,0.0,0.5,0.0,3.13,1.5219272736443836
19.0,19.0,100,9.31,0.7874649262672017,0.9309999999999999,0.07874649262672022,0.069,0.07874649262672022,0.0,0.0,0.004999999999999999,0.026111648393354676,0.69,0.7874649262672022,9.31,0.7874649262672017,0.49,0.7034546786030246,0.2,0.4264014327112209,19.06,1.1618515352225474,16.02,2.9881246441353286,0.94,1.1618515352225471,10.0,0.0,10.0,0.0,1.0,0.0,0.5,0.0,3.13,1.5219272736443836
20.0,20.0,100,9.19,0.8491826135237996,0.919,0.08491826135237998,0.081,0.08491826135237995,0.0,0.0,0.011999999999999997,0.038349798835288176,0.81,0.8491826135237996,9.19,0.8491826135237996,0.63,0.7740096311357558,0.18,0.38612291966536916,18.92,1.323295549418614,15.97,2.976184935059776,1.08,1.323295549418614,10.0,0.0,10.0,0.0,1.0,0.0,0.5,0.0,3.13,1.5219272736443836
21.0,21.0,100,9.13,0.8367203894378394,0.9129999999999999,0.08367203894378393,0.08700000000000001,0.08367203894378397,0.0,0.0,0.005999999999999998,0.023868325657594194,0.87,0.8367203894378397,9.13,0.8367203894378394,0.65,0.7436600722307894,0.22,0.5041244034376974,18.78,1.4604551663537275,16.06,2.8808668729036992,1.22,1.4604551663537269,10.0,0.0,10.0,0.0,1.0,0.0,0.5,0.0,3.13,1.5219272736443836
22.0,22.0,100,9.05,0.8453676505795952,0.905,0.0845367650579595,0.095,0.08453676505795953,0.0,0.0,0.007999999999999998,0.027265992434429072,0.95,0.8453676505795953,9.05,0.8453676505795952,0.7,0.7316785737969477,0.25,0.5,18.76,1.2722365576361412,15.96,2.8812174755499003,1.24,1.2722365576361412,10.0,0.0,10.0,0.0,1.0,0.0,0.5,0.0,3.13,1.5219272736443836
23.0,23.0,100,8.97,0.8698658900466596,0.897,0.08698658900466591,0.10300000000000001,0.08698658900466594,0.0,0.0,0.008,0.027265992434429065,1.03,0.8698658900466594,8.97,0.8698658900466596,0.87,0.8122173167921068,0.16,0.3949172013974524,18.8,1.1101005505463162,16.01,2.815882085455979,1.2,1.1101005505463153,10.0,0.0,10.0,0.0,1.0,0.0,0.5,0.0,3.13,1.5219272736443836
24.0,24.0,100,8.89,0.8633385983225442,0.889,0.08633385983225444,0.11100000000000002,0.08633385983225442,0.0,0.0,0.007999999999999998,0.030748244591432286,1.11,0.8633385983225444,8.89,0.8633385983225442,0.98,0.8285316206788044,0.13,0.3932511470376973,18.77,1.0527021507443681,16.13,2.6992516733271836,1.23,1.052702150744368,10.0,0.0,10.0,0.0,1.0,0.0,0.5,0.0,3.13,1.5219272736443836
25.0,25.0,100,8.81,0.8954994092232517,0.8810000000000001,0.08954994092232511,0.11900000000000001,0.08954994092232511,0.0,0.0,0.008,0.027265992434429086,1.19,0.8954994092232512,8.81,0.8954994092232517,1.01,0.8586458683722454,0.18,0.43531017619043727,18.64,1.1238462096880972,16.16,2.6504049623871566,1.36,1.1238462096880975,10.0,0.0,10.0,0.0,1.0,0.0,0.5,0.0,3.13,1.5219272736443836
26.0,26.0,100,8.71,0.9352253550061961,0.8710000000000001,0.09352253550061956,0.129,0.09352253550061955,0.0,0.0,0.010000000000000002,0.030151134457776375,1.29,0.9352253550061956,8.71,0.9352253550061961,1.12,0.9020739291972548,0.17,0.4033946860424325,18.5,1.2431631210161218,16.05,2.757450879623308,1.5,1.2431631210161223,10.0,0.0,10.0,0.0,1.0,0.0,0.5,0.0,3.13,1.5219272736443836
27.0,27.0,100,8.55,1.104398917826783,0.855,0.11043989178267835,0.145,0.1104398917826783,0.0,0.0,0.016000000000000004,0.04865877893737952,1.45,1.1043989178267832,8.55,1.104398917826783,1.22,1.0008077545743546,0.23,0.48938221207451904,18.3,1.4248870236980302,16.03,2.6759497511551054,1.7,1.4248870236980298,10.0,0.0,10.0,0.0,1.0,0.0,0.5,0.0,3.13,1.5219272736443836
28.0,28.0,100,8.5,1.0871146130092177,0.85,0.10871146130092181,0.15,0.10871146130092181,0.0,0.0,0.004999999999999999,0.02190429135575903,1.5,1.087114613009218,8.5,1.0871146130092177,1.28,1.0257295999049711,0.22,0.4623173950192375,18.33,1.2148492029295594,16.01,2.698652862582972,1.67,1.2148492029295594,10.0,0.0,10.0,0.0,1.0,0.0,0.5,0.0,3.13,1.5219272736443836
29.0,29.0,100,8.43,1.0941072648834331,0.843,0.10941072648834332,0.157,0.10941072648834331,0.0,0.0,0.006999999999999999,0.02931886695621029,1.57,1.0941072648834334,8.43,1.0941072648834331,1.34,1.0271073434405456,0.23,0.5096047190685834,18.27,1.2131851391350708,16.01,2.672323545402601,1.73,1.2131851391350714,10.0,0.0,10.0,0.0,1.0,0.0,0.5,0.0,3.13,1.5219272736443836
30.0,30.0,100,8.38,1.1080969216989947,0.838,0.11080969216989948,0.162,0.11080969216989947,0.0,0.0,0.005000000000000002,0.02190429135575904,1.62,1.1080969216989947,8.38,1.1080969216989947,1.4,1.0917505172516255,0.22,0.4623173950192377,18.16,1.2769914137170504,16.07,2.563358749923248,1.84,1.2769914137170504,10.0,0.0,10.0,0.0,1.0,0.0,0.5,0.0,3.13,1.5219272736443836
31.0,31.0,100,8.3,1.1590661514488048,0.83,0.11590661514488049,0.17,0.11590661514488049,0.0,0.0,0.008000000000000002,0.030748244591432307,1.7,1.1590661514488048,8.3,1.1590661514488048,1.48,1.1144596008919307,0.22,0.4623173950192374,18.17,1.2231355632392538,16.11,2.4818329817888523,1.83,1.2231355632392538,10.0,0.0,10.0,0.0,1.0,0.0,0.5,0.0,3.13,1.5219272736443836
32.0,32.0,100,8.24,1.14697670227235,0.8240000000000001,0.114697670227235,0.17600000000000002,0.11469767022723497,0.0,0.0,0.006,0.023868325657594197,1.76,1.14697670227235,8.24,1.14697670227235,1.59,1.1290024201242725,0.17,0.4277023415055065,18.15,1.1752927853573905,16.12,2.4341011656972027,1.85,1.1752927853573896,10.0,0.0,10.0,0.0,1.0,0.0,0.5,0.0,3.13,1.5219272736443836
33.0,33.0,100,8.18,1.1580199052736961,0.818,0.11580199052736966,0.182,0.11580199052736963,0.0,0.0,0.006000000000000001,0.0238683256575942,1.82,1.1580199052736966,8.18,1.1580199052736961,1.71,1.1307903734498579,0.11,0.3993681878855018,18.16,1.1609818206495695,16.03,2.434827270749166,1.84,1.160981820649569,10.0,0.0,10.0,0.0,1.0,0.0,0.5,0.0,3.13,1.5219272736443836
34.0,34.0,100,8.11,1.1797534411130917,0.8109999999999999,0.11797534411130921,0.18900000000000003,0.11797534411130921,0.0,0.0,0.006999999999999999,0.025643239997624273,1.89,1.1797534411130917,8.11,1.1797534411130917,1.79,1.1831732712916523,0.1,0.3623715376697393,18.11,1.1,15.96,2.3907228102721474,1.89,1.1,10.0,0.0,10.0,0.0,1.0,0.0,0.5,0.0,3.13,1.5219272736443836
35.0,35.0,100,8.05,1.2257753678897498,0.805,0.12257753678897501,0.195,0.12257753678897498,0.0,0.0,0.006000000000000001,0.02777979790634143,1.95,1.22577536788975,8.05,1.2257753678897498,1.81,1.1865832452802454,0.14,0.40251733132897766,18.02,1.189006885487789,15.87,2.364104460253374,1.98,1.1890068854877895,10.0,0.0,10.0,0.0,1.0,0.0,0.5,0.0,3.13,1.5219272736443836
36.0,36.0,100,7.96,1.2220201853215573,0.7959999999999999,0.12220201853215576,0.204,0.12220201853215572,0.0,0.0,0.009000000000000003,0.02876234912646615,2.04,1.222020185321557,7.96,1.2220201853215573,1.89,1.1625033941516647,0.15,0.41132945334843113,17.92,1.2282861509790253,15.8,2.3741027013091993,2.08,1.2282861509790253,10.0,0.0,10.0,0.0,1.0,0.0,0.5,0.0,3.13,1.5219272736443836
37.0,37.0,100,7.9,1.2512619892159136,0.79,0.1251261989215914,0.21,0.12512619892159135,0.0,0.0,0.006000000000000001,0.023868325657594208,2.1,1.251261989215914,7.9,1.2512619892159136,1.91,1.198441749215466,0.19,0.5259911279353167,17.82,1.2822013898137858,15.68,2.514121731501496,2.18,1.2822013898137858,10.0,0.0,10.0,0.0,1.0,0.0,0.5,0.0,3.13,1.5219272736443836
38.0,38.0,100,7.86,1.2392568643173119,0.7859999999999999,0.12392568643173116,0.21400000000000002,0.12392568643173113,0.0,0.0,0.003999999999999999,0.019694638556693234,2.14,1.2392568643173119,7.86,1.2392568643173119,1.88,1.1395551143257,0.26,0.5794459213400124,17.73,1.309290809653235,15.64,2.5005857899558843,2.27,1.3092908096532352,10.0,0.0,10.0,0.0,1.0,0.0,0.5,0.0,3.13,1.5219272736443836
39.0,39.0,100,7.81,1.2528351685660646,0.7809999999999999,0.12528351685660646,0.21900000000000003,0.12528351685660646,0.0,0.0,0.005000000000000001,0.021904291355759036,2.19,1.2528351685660648,7.81,1.2528351685660646,2.02,1.2058778603745133,0.17,0.4934930126509935,17.76,1.2236722344540378,15.59,2.498868430778906,2.24,1.2236722344540374,10.0,0.0,10.0,0.0,1.0,0.0,0.5,0.0,3.13,1.5219272736443836
40.0,40.0,100,7.75,1.2421470496399742,0.775,0.12421470496399746,0.225,0.12421470496399743,0.0,0.0,0.006000000000000001,0.023868325657594208,2.25,1.2421470496399745,7.75,1.2421470496399742,2.04,1.1627205992495326,0.21,0.5558685986722932,17.66,1.3425439443177427,15.57,2.571227745885634,2.34,1.3425439443177425,10.0,0.0,10.0,0.0,1.0,0.0,0.5,0.0,3.13,1.5219272736443836
41.0,41.0,100,7.69,1.2366049972371613,0.769,0.12366049972371611,0.231,0.1236604997237161,0.0,0.0,0.006000000000000002,0.02386832565759421,2.31,1.2366049972371613,7.69,1.2366049972371613,2.14,1.180823201983868,0.17,0.4934930126509934,17.62,1.285348673365018,15.59,2.586269104093361,2.38,1.2853486733650181,10.0,0.0,10.0,0.0,1.0,0.0,0.5,0.0,3.13,1.5219272736443836
42.0,42.0,100,7.58,1.256739407909985,0.758,0.1256739407909985,0.242,0.12567394079099847,0.0,0.0,0.011000000000000001,0.034509550720186015,2.42,1.256739407909985,7.58,1.256739407909985,2.2,1.2060453783110545,0.22,0.5787482137765049,17.5,1.290994448735806,15.51,2.6072742064997283,2.5,1.2909944487358054,10.0,0.0,10.0,0.0,1.0,0.0,0.5,0.0,3.13,1.5219272736443836
43.0,43.0,100,7.5,1.210225790770658,0.75,0.12102257907706582,0.25,0.12102257907706579,0.0,0.0,0.008000000000000002,0.0307482445914323,2.5,1.210225790770658,7.5,1.210225790770658,2.21,1.1218221108914055,0.29,0.6243380332784315,17.35,1.3361712223190316,15.44,2.4876259421952547,2.65,1.3361712223190316,10.0,0.0,10.0,0.0,1.0,0.0,0.5,0.0,3.13,1.5219272736443836
44.0,44.0,100,7.39,1.2544466364243496,0.7390000000000001,0.12544466364243495,0.261,0.12544466364243495,0.0,0.0,0.011000000000000001,0.03732196796699356,2.61,1.2544466364243496,7.39,1.2544466364243496,2.35,1.1666666666666667,0.26,0.6133201579612529,17.28,1.3263453242620937,15.42,2.4086544296798076,2.72,1.3263453242620937,10.0,0.0,10.0,0.0,1.0,0.0,0.5,0.0,3.13,1.5219272736443836
45.0,45.0,100,7.33,1.2637526289075354,0.733,0.12637526289075354,0.267,0.12637526289075351,0.0,0.0,0.006000000000000003,0.023868325657594218,2.67,1.2637526289075356,7.33,1.2637526289075354,2.41,1.164239900301714,0.26,0.645418977537581,17.26,1.2840906856172143,15.36,2.3073006660676807,2.74,1.2840906856172147,10.0,0.0,10.0,0.0,1.0,0.0,0.5,0.0,3.13,1.5219272736443836
46.0,46.0,100,7.29,1.2656694639277632,0.7290000000000001,0.1265669463927764,0.271,0.12656694639277635,0.0,0.0,0.004,0.024287836253956214,2.71,1.2656694639277635,7.29,1.2656694639277632,2.49,1.1848794849854538,0.22,0.5959458995173262,17.25,1.2663077641455711,15.35,2.1806078292646993,2.75,1.2663077641455702,10.0,0.0,10.0,0.0,1.0,0.0,0.5,0.0,3.13,1.5219272736443836
47.0,47.0,100,7.2,1.340887690293187,0.72,0.13408876902931874,0.28,0.1340887690293187,0.0,0.0,0.009000000000000001,0.032082595426382345,2.8,1.3408876902931868,7.2,1.340887690293187,2.57,1.2573420739437182,0.23,0.600588936550675,17.14,1.3485495387956123,15.4,2.059714602177749,2.86,1.3485495387956123,10.0,0.0,10.0,0.0,1.0,0.0,0.5,0.0,3.13,1.5219272736443836
48.0,48.0,100,7.12,1.4162120482669838,0.7120000000000001,0.1416212048266984,0.28800000000000003,0.1416212048266984,0.0,0.0,0.007999999999999998,0.03673547263197997,2.88,1.4162120482669838,7.12,1.4162120482669838,2.66,1.304382666786914,0.22,0.5959458995173262,17.06,1.4412396459894221,15.27,2.034326632693199,2.94,1.4412396459894223,10.0,0.0,10.0,0.0,1.0,0.0,0.5,0.0,3.13,1.5219272736443836
49.0,49.0,100,7.05,1.4381174563233068,0.705,0.1438117456323307,0.295,0.14381174563233068,0.0,0.0,0.006999999999999999,0.029318866956210287,2.95,1.4381174563233068,7.05,1.4381174563233068,2.68,1.2623531017648564,0.27,0.6942039987778751,17.0,1.4974726182552525,15.25,2.0269646910062,3.0,1.497472618255253,10.0,0.0,10.0,0.0,1.0,0.0,0.5,0.0,3.13,1.5219272736443836
50.0,50.0,100,6.99,1.4248515783063234,0.6990000000000001,0.14248515783063231,0.301,0.1424851578306323,0.0,0.0,0.006000000000000001,0.031204765240863033,3.01,1.4248515783063234,6.99,1.4248515783063234,2.75,1.2978225742925855,0.26,0.6608840115842392,16.95,1.4451241601965688,15.25,2.016973430212163,3.05,1.4451241601965688,10.0,0.0,10.0,0.0,1.0,0.0,0.5,0.0,3.13,1.5219272736443836
51.0,51.0,100,6.95,1.4310764472870754,0.695,0.14310764472870754,0.305,0.14310764472870757,0.0,0.0,0.003999999999999999,0.02428783625395621,3.05,1.4310764472870754,6.95,1.4310764472870754,2.85,1.3209653647804303,0.2,0.6030226891555273,16.96,1.434918080933507,15.26,1.9049112495564906,3.04,1.4349180809335074,10.0,0.0,10.0,0.0,1.0,0.0,0.5,0.0,3.13,1.5219272736443836
52.0,52.0,100,6.85,1.395338559980945,0.685,0.1395338559980945,0.315,0.1395338559980945,0.0,0.0,0.010000000000000002,0.03333333333333334,3.15,1.3953385599809451,6.85,1.395338559980945,2.98,1.2869194287761827,0.17,0.5514901759246617,16.91,1.3713887379977532,15.3,1.8340219092574561,3.09,1.3713887379977534,10.0,0.0,10.0,0.0,1.0,0.0,0.5,0.0,3.13,1.5219272736443836
53.0,53.0,100,6.77,1.3696198691091577,0.677,0.13696198691091577,0.32299999999999995,0.13696198691091574,0.0,0.0,0.008,0.030748244591432296,3.23,1.3696198691091577,6.77,1.3696198691091577,3.01,1.2672646116575634,0.22,0.6447926610605738,16.79,1.3801990780135651,15.21,1.8328925089854424,3.21,1.380199078013565,10.0,0.0,10.0,0.0,1.0,0.0,0.5,0.0,3.13,1.5219272736443836
54.0,54.0,100,6.68,1.38447379056726,0.6679999999999999,0.13844737905672602,0.332,0.13844737905672597,0.0,0.0,0.009000000000000001,0.028762349126466143,3.32,1.38447379056726,6.68,1.38447379056726,3.09,1.2151817422372122,0.23,0.6333333333333333,16.7,1.4106377954311982,15.15,1.8443196988361727,3.3,1.4106377954311977,10.0,0.0,10.0,0.0,1.0,0.0,0.5,0.0,3.13,1.5219272736443836
55.0,55.0,100,6.6,1.3408876902931872,0.66,0.13408876902931874,0.34,0.1340887690293187,0.0,0.0,0.008000000000000004,0.02726599243442909,3.4,1.3408876902931872,6.6,1.3408876902931872,3.21,1.297199781347219,0.19,0.5630903187506486,16.66,1.224497423187954,15.09,1.8372959929354242,3.34,1.224497423187954,10.0,0.0,10.0,0.0,1.0,0.0,0.5,0.0,3.13,1.5219272736443836
56.0,56.0,100,6.53,1.313911578594099,0.653,0.1313911578594099,0.34700000000000003,0.13139115785940986,0.0,0.0,0.007000000000000002,0.025643239997624283,3.47,1.3139115785940987,6.53,1.313911578594099,3.29,1.2168430756293396,0.18,0.5574110428643037,16.6,1.2309149097933274,15.01,1.8229457789883143,3.4,1.2309149097933272,10.0,0.0,10.0,0.0,1.0,0.0,0.5,0.0,3.13,1.5219272736443836
57.0,57.0,100,6.49,1.3446113929235457,0.649,0.1344611392923546,0.35100000000000003,0.13446113929235456,0.0,0.0,0.003999999999999999,0.019694638556693237,3.51,1.3446113929235455,6.49,1.3446113929235457,3.26,1.2840906856172154,0.25,0.6415731927193978,16.5,1.2593087730412211,14.96,1.8418260591932216,3.5,1.2593087730412211,10.0,0.0,10.0,0.0,1.0,0.0,0.5,0.0,3.13,1.5219272736443836
58.0,58.0,100,6.42,1.3346962730951717,0.642,0.13346962730951717,0.358,0.13346962730951717,0.0,0.0,0.007000000000000002,0.02564323999762428,3.58,1.3346962730951721,6.42,1.3346962730951717,3.35,1.2502524997500757,0.23,0.6333333333333333,16.43,1.2890760922913636,14.93,1.8049035341748239,3.57,1.2890760922913633,10.0,0.0,10.0,0.0,1.0,0.0,0.5,0.0,3.13,1.5219272736443836
59.0,59.0,100,6.36,1.3447991851889443,0.636,0.13447991851889443,0.364,0.13447991851889446,0.0,0.0,0.006,0.0238683256575942,3.64,1.3447991851889443,6.36,1.3447991851889443,3.41,1.2799542289796255,0.23,0.6333333333333333,16.35,1.32096536478043,14.89,1.710897927163312,3.65,1.3209653647804303,10.0,0.0,10.0,0.0,1.0,0.0,0.5,0.0,3.13,1.5219272736443836
60.0,60.0,100,6.28,1.3187076624445235,0.628,0.13187076624445235,0.37200000000000005,0.13187076624445235,0.0,0.0,0.008000000000000002,0.030748244591432307,3.72,1.3187076624445235,6.28,1.3187076624445235,3.5,1.243163121016122,0.22,0.5959458995173262,16.28,1.3414902010808574,14.84,1.7274959983289175,3.72,1.3414902010808576,10.0,0.0,10.0,0.0,1.0,0.0,0.5,0.0,3.13,1.5219272736443836
61.0,61.0,100,6.24,1.3190140180445313,0.624,0.13190140180445317,0.376,0.13190140180445314,0.0,0.0,0.003999999999999999,0.019694638556693234,3.76,1.3190140180445313,6.24,1.3190140180445313,3.52,1.27509159900714,0.24,0.6050294257807681,16.25,1.2821619998812144,14.83,1.7641491496532322,3.75,1.2821619998812142,10.0,0.0,10.0,0.0,1.0,0.0,0.5,0.0,3.13,1.5219272736443836
62.0,62.0,100,6.21,1.3506077943434998,0.621,0.13506077943435005,0.379,0.13506077943435005,0.0,0.0,0.002999999999999999,0.017144660799776522,3.79,1.3506077943435,6.21,1.3506077943434998,3.57,1.3046536751648736,0.22,0.5959458995173262,16.26,1.2840906856172143,14.84,1.6860688843663187,3.74,1.2840906856172143,10.0,0.0,10.0,0.0,1.0,0.0,0.5,0.0,3.13,1.5219272736443836
63.0,63.0,100,6.06,1.384035966135113,0.606,0.13840359661351131,0.39399999999999996,0.13840359661351131,0.0,0.0,0.015,0.043519413988924456,3.94,1.3840359661351131,6.06,1.384035966135113,3.75,1.3209653647804296,0.19,0.6620293258480535,16.18,1.3362090201216823,14.85,1.6719612870681384,3.82,1.3362090201216823,10.0,0.0,10.0,0.0,1.0,0.0,0.5,0.0,3.13,1.5219272736443836
64.0,64.0,100,5.97,1.3886626078295037,0.597,0.1388662607829504,0.40299999999999997,0.1388662607829504,0.0,0.0,0.009,0.03208259542638234,4.03,1.3886626078295037,5.97,1.3886626078295037,3.79,1.3355663119955423,0.24,0.6834257143762642,16.02,1.4069093572060491,14.81,1.6372864962208267,3.98,1.4069093572060491,10.0,0.0,10.0,0.0,1.0,0.0,0.5,0.0,3.13,1.5219272736443836
65.0,65.0,100,5.9,1.352140091958976,0.59,0.1352140091958976,0.41,0.13521400919589757,0.0,0.0,0.006999999999999999,0.029318866956210287,4.1,1.352140091958976,5.9,1.352140091958976,3.87,1.2922066320051064,0.23,0.6794977348874474,15.99,1.352102739506809,14.7,1.7262091355910438,4.01,1.3521027395068088,10.0,0.0,10.0,0.0,1.0,0.0,0.5,0.0,3.13,1.5219272736443836
66.0,66.0,100,5.8,1.3926212476455826,0.58,0.13926212476455826,0.42,0.13926212476455826,0.0,0.0,0.009999999999999998,0.030151134457776365,4.2,1.3926212476455828,5.8,1.3926212476455826,4.02,1.363151428925568,0.18,0.6572055933413774,15.94,1.3395310501602542,14.57,1.8104913111856644,4.06,1.3395310501602546,10.0,0.0,10.0,0.0,1.0,0.0,0.5,0.0,3.13,1.5219272736443836
67.0,67.0,100,5.72,1.4004328335240217,0.5720000000000001,0.1400432833524022,0.428,0.14004328335240218,0.0,0.0,0.007999999999999998,0.027265992434429065,4.28,1.4004328335240217,5.72,1.4004328335240217,4.06,1.3395310501602546,0.22,0.6753973764841081,15.82,1.395374755064283,14.55,1.8278153875348273,4.18,1.3953747550642825,10.0,0.0,10.0,0.0,1.0,0.0,0.5,0.0,3.13,1.5219272736443836
68.0,68.0,100,5.66,1.3723091208734002,0.5660000000000001,0.13723091208733998,0.434,0.13723091208733998,0.0,0.0,0.005999999999999998,0.023868325657594194,4.34,1.3723091208734,5.66,1.3723091208734002,4.07,1.3503086067019392,0.27,0.7365631354644708,15.71,1.3801990780135651,14.52,1.7551079853969214,4.29,1.380199078013565,10.0,0.0,10.0,0.0,1.0,0.0,0.5,0.0,3.13,1.5219272736443836
69.0,69.0,100,5.57,1.3046536751648738,0.557,0.13046536751648738,0.44299999999999995,0.13046536751648735,0.0,0.0,0.009000000000000001,0.03208259542638236,4.43,1.3046536751648738,5.57,1.3046536751648738,4.21,1.2971997813472187,0.22,0.6753973764841081,15.68,1.2703296319213264,14.48,1.7608537874014576,4.32,1.270329631921327,10.0,0.0,10.0,0.0,1.0,0.0,0.5,0.0,3.13,1.5219272736443836
70.0,70.0,100,5.52,1.2829889345043495,0.552,0.12829889345043496,0.44799999999999995,0.12829889345043496,0.0,0.0,0.005,0.021904291355759033,4.48,1.2829889345043495,5.52,1.2829889345043495,4.18,1.328628061291995,0.3,0.74535599249993,15.55,1.282161999881214,14.48,1.726092100495781,4.45,1.2821619998812137,10.0,0.0,10.0,0.0,1.0,0.0,0.5,0.0,3.13,1.5219272736443836
71.0,71.0,100,5.47,1.3367758589119185,0.547,0.1336775858911918,0.45299999999999996,0.1336775858911918,0.0,0.0,0.004999999999999999,0.026111648393354676,4.53,1.3367758589119185,5.47,1.3367758589119185,4.32,1.301747077794091,0.21,0.6711214796175431,15.58,1.3497474511249066,14.49,1.690705429246872,4.42,1.3497474511249068,10.0,0.0,10.0,0.0,1.0,0.0,0.5,0.0,3.13,1.5219272736443836
72.0,72.0,100,5.4,1.3257359305592338,0.54,0.1325735930559234,0.46,0.13257359305592334,0.0,0.0,0.006999999999999999,0.029318866956210287,4.6,1.3257359305592338,5.4,1.3257359305592338,4.35,1.2978225742925857,0.25,0.6871842709362768,15.51,1.314219052202378,14.47,1.6784733323090741,4.49,1.3142190522023782,10.0,0.0,10.0,0.0,1.0,0.0,0.5,0.0,3.13,1.5219272736443836
73.0,73.0,100,5.35,1.32096536478043,0.535,0.132096536478043,0.465,0.132096536478043,0.0,0.0,0.004999999999999999,0.021904291355759022,4.65,1.32096536478043,5.35,1.32096536478043,4.45,1.297822574292586,0.2,0.6666666666666666,15.51,1.298756203745598,14.45,1.6476184220402679,4.49,1.298756203745598,10.0,0.0,10.0,0.0,1.0,0.0,0.5,0.0,3.13,1.5219272736443836
74.0,74.0,100,5.24,1.2801515061850606,0.524,0.12801515061850605,0.47600000000000003,0.12801515061850602,0.0,0.0,0.011000000000000001,0.037321967966993566,4.76,1.2801515061850606,5.24,1.2801515061850606,4.54,1.2666666666666666,0.22,0.6901910144037202,15.41,1.2479882801832507,14.43,1.57155909204776,4.59,1.2479882801832507,10.0,0.0,10.0,0.0,1.0,0.0,0.5,0.0,3.13,1.5219272736443836
75.0,75.0,100,5.16,1.308248887450378,0.516,0.13082488874503778,0.484,0.13082488874503775,0.0,0.0,0.008,0.030748244591432303,4.84,1.308248887450378,5.16,1.308248887450378,4.58,1.3117957466038987,0.26,0.7194273817250477,15.3,1.2909944487358054,14.36,1.5924062219664852,4.7,1.2909944487358054,10.0,0.0,10.0,0.0,1.0,0.0,0.5,0.0,3.13,1.5219272736443836
76.0,76.0,100,5.09,1.3188225541341525,0.509,0.13188225541341525,0.491,0.13188225541341522,0.0,0.0,0.006999999999999998,0.025643239997624273,4.91,1.3188225541341525,5.09,1.3188225541341525,4.66,1.2650707649787976,0.25,0.7159792333764037,15.24,1.3789177428019919,14.3,1.6111981864313267,4.76,1.3789177428019923,10.0,0.0,10.0,0.0,1.0,0.0,0.5,0.0,3.13,1.5219272736443836
77.0,77.0,100,5.05,1.2978225742925855,0.505,0.12978225742925856,0.495,0.12978225742925859,0.0,0.0,0.004,0.019694638556693237,4.95,1.2978225742925855,5.05,1.2978225742925855,4.68,1.2703296319213273,0.27,0.7766152928775695,15.18,1.3661122304783848,14.28,1.6272924777312798,4.82,1.3661122304783841,10.0,0.0,10.0,0.0,1.0,0.0,0.5,0.0,3.13,1.5219272736443836
78.0,78.0,100,5.0,1.271283452327456,0.5,0.12712834523274563,0.5,0.12712834523274563,0.0,0.0,0.005,0.021904291355759033,5.0,1.271283452327456,5.0,1.271283452327456,4.78,1.2438129710976276,0.22,0.7046741492105812,15.19,1.268857754044952,14.23,1.6566669715260982,4.81,1.2688577540449522,10.0,0.0,10.0,0.0,1.0,0.0,0.5,0.0,3.13,1.5219272736443836
79.0,79.0,100,4.96,1.270647651611356,0.496,0.1270647651611356,0.504,0.12706476516113557,0.0,0.0,0.004000000000000001,0.019694638556693244,5.04,1.270647651611356,4.96,1.270647651611356,4.77,1.270130829179547,0.27,0.7895146188218006,15.12,1.2892719737209144,14.21,1.6775101800109604,4.88,1.2892719737209144,10.0,0.0,10.0,0.0,1.0,0.0,0.5,0.0,3.13,1.5219272736443836
80.0,80.0,100,4.92,1.2527142249104255,0.49200000000000005,0.12527142249104256,0.508,0.12527142249104256,0.0,0.0,0.003999999999999999,0.01969463855669323,5.08,1.2527142249104255,4.92,1.2527142249104255,4.77,1.278058818456468,0.31,0.7874649262672022,15.07,1.257342073943718,14.18,1.690018229535296,4.93,1.2573420739437182,10.0,0.0,10.0,0.0,1.0,0.0,0.5,0.0,3.13,1.5219272736443836
81.0,81.0,100,4.9,1.259308773041221,0.49,0.1259308773041221,0.51,0.12593087730412209,0.0,0.0,0.002,0.014070529413628971,5.1,1.259308773041221,4.9,1.259308773041221,4.79,1.2656694639277632,0.31,0.7745314647572362,15.03,1.3062012158016147,14.06,1.6866678644144752,4.97,1.306201215801615,10.0,0.0,10.0,0.0,1.0,0.0,0.5,0.0,3.13,1.5219272736443836
82.0,82.0,100,4.82,1.2900552020136284,0.48200000000000004,0.12900552020136286,0.518,0.12900552020136286,0.0,0.0,0.008,0.030748244591432293,5.18,1.2900552020136284,4.82,1.2900552020136284,4.86,1.2714423528283367,0.32,0.8025212794938238,14.96,1.3097921802925667,14.04,1.6692101803735284,5.04,1.309792180292567,10.0,0.0,10.0,0.0,1.0,0.0,0.5,0.0,3.13,1.5219272736443836
83.0,83.0,100,4.76,1.295836378248396,0.47600000000000003,0.12958363782483956,0.524,0.12958363782483956,0.0,0.0,0.005999999999999998,0.023868325657594194,5.24,1.295836378248396,4.76,1.295836378248396,4.95,1.2821619998812137,0.29,0.7951240294584376,14.93,1.2890760922913636,14.08,1.6060491709141225,5.07,1.2890760922913636,10.0,0.0,10.0,0.0,1.0,0.0,0.5,0.0,3.13,1.5219272736443836
84.0,84.0,100,4.71,1.289389488294849,0.47100000000000003,0.1289389488294849,0.529,0.12893894882948484,0.0,0.0,0.004999999999999999,0.021904291355759026,5.29,1.289389488294849,4.71,1.289389488294849,4.93,1.3428072509229738,0.36,0.8589399151150084,14.8,1.294900643589181,14.03,1.6109160453141265,5.2,1.2949006435891814,10.0,0.0,10.0,0.0,1.0,0.0,0.5,0.0,3.13,1.5219272736443836
85.0,85.0,100,4.65,1.2821619998812144,0.465,0.12821619998812137,0.535,0.12821619998812142,0.0,0.0,0.006,0.023868325657594197,5.35,1.2821619998812144,4.65,1.2821619998812144,5.0,1.3257359305592338,0.35,0.8211226608993472,14.77,1.254124508503156,14.03,1.5792531158875083,5.23,1.254124508503156,10.0,0.0,10.0,0.0,1.0,0.0,0.5,0.0,3.13,1.5219272736443836
86.0,86.0,100,4.6,1.2712834523274563,0.46,0.1271283452327456,0.54,0.12712834523274563,0.0,0.0,0.004999999999999999,0.021904291355759026,5.4,1.2712834523274563,4.6,1.2712834523274563,5.06,1.3395310501602544,0.34,0.8192137151629673,14.72,1.231571222775068,13.94,1.5623085741325493,5.28,1.231571222775068,10.0,0.0,10.0,0.0,1.0,0.0,0.5,0.0,3.13,1.5219272736443836
87.0,87.0,100,4.56,1.2658689673201735,0.456,0.12658689673201734,0.544,0.1265868967320173,0.0,0.0,0.004,0.024287836253956214,5.44,1.2658689673201735,4.56,1.2658689673201735,5.06,1.3090207613079912,0.38,0.8382280492958122,14.65,1.2900160518929271,14.01,1.4736404451616283,5.35,1.2900160518929267,10.0,0.0,10.0,0.0,1.0,0.0,0.5,0.0,3.13,1.5219272736443836
88.0,88.0,100,4.5,1.2752500250000491,0.45,0.12752500250000487,0.55,0.12752500250000492,0.0,0.0,0.006,0.0238683256575942,5.5,1.2752500250000491,4.5,1.2752500250000491,5.12,1.3278675849768768,0.38,0.8382280492958122,14.6,1.2712834523274563,13.98,1.4423605791909457,5.4,1.2712834523274563,10.0,0.0,10.0,0.0,1.0,0.0,0.5,0.0,3.13,1.5219272736443836
89.0,89.0,100,4.48,1.2750915990071399,0.44799999999999995,0.12750915990071401,0.5519999999999999,0.12750915990071404,0.0,0.0,0.002,0.01407052941362897,5.52,1.2750915990071399,4.48,1.2750915990071399,5.18,1.3437472104739658,0.34,0.8314524227597941,14.63,1.2605514265550208,13.96,1.3847655966176216,5.37,1.2605514265550213,10.0,0.0,10.0,0.0,1.0,0.0,0.5,0.0,3.13,1.5219272736443836
90.0,90.0,100,4.44,1.289585322121147,0.444,0.12895853221211476,0.556,0.12895853221211467,0.0,0.0,0.004000000000000001,0.019694638556693244,5.56,1.289585322121147,4.44,1.289585322121147,5.21,1.3279816841867034,0.35,0.8333333333333335,14.58,1.2963039922811472,13.97,1.3666666666666665,5.42,1.2963039922811472,10.0,0.0,10.0,0.0,1.0,0.0,0.5,0.0,3.13,1.5219272736443836
91.0,91.0,100,4.35,1.2900160518929265,0.435,0.12900160518929266,0.565,0.12900160518929268,0.0,0.0,0.009,0.03509007169147893,5.65,1.2900160518929265,4.35,1.2900160518929265,5.31,1.331020721708029,0.34,0.8314524227597941,14.51,1.2672646116575639,13.92,1.3756908273755595,5.49,1.2672646116575637,10.0,0.0,10.0,0.0,1.0,0.0,0.5,0.0,3.13,1.5219272736443836
92.0,92.0,100,4.33,1.295329605883687,0.433,0.1295329605883687,0.567,0.12953296058836866,0.0,0.0,0.002,0.014070529413628968,5.67,1.295329605883687,4.33,1.295329605883687,5.32,1.34750049193222,0.35,0.8333333333333333,14.48,1.27509159900714,13.85,1.3586609569571049,5.52,1.2750915990071405,10.0,0.0,10.0,0.0,1.0,0.0,0.5,0.0,3.13,1.5219272736443836
93.0,93.0,100,4.31,1.3003107631670519,0.431,0.13003107631670516,0.569,0.13003107631670519,0.0,0.0,0.002,0.014070529413628968,5.69,1.3003107631670519,4.31,1.3003107631670519,5.37,1.3532975066163913,0.32,0.8273115763993903,14.49,1.2672646116575637,13.8,1.4070529413628967,5.51,1.2672646116575637,10.0,0.0,10.0,0.0,1.0,0.0,0.5,0.0,3.13,1.5219272736443836
94.0,94.0,100,4.28,1.3110255065359628,0.428,0.1311025506535963,0.572,0.1311025506535963,0.0,0.0,0.002999999999999999,0.017144660799776525,5.72,1.3110255065359628,4.28,1.3110255065359628,5.37,1.3755072526236283,0.35,0.8453676505795953,14.44,1.2817286307281597,13.8,1.3853490243227222,5.56,1.2817286307281595,10.0,0.0,10.0,0.0,1.0,0.0,0.5,0.0,3.13,1.5219272736443836
95.0,95.0,100,4.26,1.3304514309440272,0.426,0.1330451430944027,0.574,0.1330451430944027,0.0,0.0,0.002,0.01407052941362897,5.74,1.3304514309440272,4.26,1.3304514309440272,5.36,1.4036028676591576,0.38,0.8501930856154283,14.39,1.294081320723881,13.72,1.385932206425726,5.61,1.294081320723881,10.0,0.0,10.0,0.0,1.0,0.0,0.5,0.0,3.13,1.5219272736443836
96.0,96.0,100,4.22,1.3148721948877344,0.42200000000000004,0.13148721948877345,0.578,0.13148721948877348,0.0,0.0,0.004,0.019694638556693237,5.78,1.3148721948877344,4.22,1.3148721948877344,5.42,1.3793571918202563,0.36,0.8470984344075708,14.37,1.276477159761952,13.68,1.354975865452812,5.63,1.2764771597619518,10.0,0.0,10.0,0.0,1.0,0.0,0.5,0.0,3.13,1.5219272736443836
97.0,97.0,100,4.19,1.29251926894962,0.419,0.129251926894962,0.581,0.129251926894962,0.0,0.0,0.002999999999999999,0.017144660799776522,5.81,1.29251926894962,4.19,1.29251926894962,5.45,1.3660752600649848,0.36,0.8470984344075708,14.34,1.257060865750748,13.67,1.3261549188110977,5.66,1.2570608657507483,10.0,0.0,10.0,0.0,1.0,0.0,0.5,0.0,3.13,1.5219272736443836
98.0,98.0,100,4.15,1.2742595393942997,0.415,0.12742595393943001,0.585,0.12742595393943004,0.0,0.0,0.004,0.019694638556693237,5.85,1.2742595393942997,4.15,1.2742595393942997,5.5,1.359589956010579,0.35,0.8453676505795953,14.31,1.228409499714936,13.64,1.3522894914502839,5.69,1.228409499714936,10.0,0.0,10.0,0.0,1.0,0.0,0.5,0.0,3.13,1.5219272736443836
99.0,99.0,100,4.11,1.262473122026122,0.41100000000000003,0.12624731220261218,0.589,0.12624731220261218,0.0,0.0,0.004,0.019694638556693234,5.89,1.262473122026122,4.11,1.262473122026122,5.53,1.366666666666667,0.36,0.8470984344075708,14.26,1.2028585481546392,13.62,1.3616686139224237,5.74,1.2028585481546394,10.0,0.0,10.0,0.0,1.0,0.0,0.5,0.0,3.13,1.5219272736443836
100.0,100.0,100,4.07,1.2573420739437187,0.40700000000000003,0.12573420739437186,0.593,0.12573420739437186,0.0,0.0,0.004,0.019694638556693234,5.93,1.2573420739437187,4.07,1.2573420739437187,5.54,1.3515423288475534,0.39,0.8864296789692774,14.19,1.2447465362048373,13.58,1.327106672883578,5.81,1.2447465362048369,10.0,0.0,10.0,0.0,1.0,0.0,0.5,0.0,3.13,1.5219272736443836
101.0,101.0,100,4.0,1.2792042981336622,0.4,0.12792042981336624,0.6,0.12792042981336627,0.0,0.0,0.006999999999999998,0.02564323999762427,6.0,1.2792042981336624,4.0,1.2792042981336622,5.62,1.3467506724473444,0.38,0.8619920550853722,14.14,1.2473810949183073,13.58,1.2727128426310386,5.86,1.2473810949183077,10.0,0.0,10.0,0.0,1.0,0.0,0.5,0.0,3.13,1.5219272736443836
102.0,102.0,100,3.93,1.2573420739437182,0.39299999999999996,0.1257342073943718,0.607,0.1257342073943718,0.0,0.0,0.006999999999999999,0.025643239997624273,6.07,1.2573420739437182,3.93,1.2573420739437182,5.67,1.378441514936709,0.4,0.8876253645985946,14.05,1.2421470496399742,13.56,1.22532205620161,5.95,1.2421470496399745,10.0,0.0,10.0,0.0,1.0,0.0,0.5,0.0,3.13,1.5219272736443836
103.0,103.0,100,3.88,1.3048472181164592,0.38799999999999996,0.13048472181164592,0.612,0.13048472181164592,0.0,0.0,0.005,0.021904291355759026,6.12,1.3048472181164592,3.88,1.3048472181164592,5.72,1.400432833524022,0.4,0.9639984073082951,14.01,1.306510503964548,13.55,1.17529278535739,5.99,1.306510503964548,10.0,0.0,10.0,0.0,1.0,0.0,0.5,0.0,3.13,1.5219272736443836
104.0,104.0,100,3.86,1.3028329660296971,0.386,0.1302832966029697,0.614,0.13028329660296972,0.0,0.0,0.002,0.01407052941362897,6.14,1.302832966029697,3.86,1.3028329660296971,5.75,1.3953385599809447,0.39,0.941683427043121,14.0,1.2870763988845633,13.51,1.1414592822038347,6.0,1.2870763988845635,10.0,0.0,10.0,0.0,1.0,0.0,0.5,0.0,3.13,1.5219272736443836
105.0,105.0,100,3.81,1.308055847817707,0.381,0.13080558478177073,0.619,0.13080558478177073,0.0,0.0,0.004999999999999999,0.021904291355759026,6.19,1.3080558478177073,3.81,1.308055847817707,5.81,1.3904072508557783,0.38,0.9404490653110592,13.96,1.3020574239846472,13.51,1.1502744512208005,6.04,1.3020574239846472,10.0,0.0,10.0,0.0,1.0,0.0,0.5,0.0,3.13,1.5219272736443836
106.0,106.0,100,3.76,1.3036080466896252,0.376,0.13036080466896247,0.624,0.13036080466896252,0.0,0.0,0.005,0.02611164839335468,6.24,1.303608046689625,3.76,1.3036080466896252,5.86,1.4,0.38,0.9404490653110592,13.92,1.2924020389580908,13.48,1.150142722808036,6.08,1.2924020389580908,10.0,0.0,10.0,0.0,1.0,0.0,0.5,0.0,3.13,1.5219272736443836
107.0,107.0,100,3.72,1.2877040879727832,0.37200000000000005,0.12877040879727833,0.628,0.12877040879727833,0.0,0.0,0.003999999999999999,0.01969463855669323,6.28,1.2877040879727832,3.72,1.2877040879727832,5.85,1.4097424365371634,0.43,0.956160250294073,13.84,1.2769914137170504,13.46,1.1756794725698931,6.16,1.2769914137170497,10.0,0.0,10.0,0.0,1.0,0.0,0.5,0.0,3.13,1.5219272736443836
108.0,108.0,100,3.68,1.2939642322504257,0.368,0.12939642322504258,0.632,0.12939642322504258,0.0,0.0,0.003999999999999999,0.019694638556693234,6.32,1.293964232250426,3.68,1.2939642322504257,5.92,1.3975447445900662,0.4,0.9534625892455925,13.83,1.2875079680051567,13.33,1.119659039009807,6.17,1.2875079680051567,10.0,0.0,10.0,0.0,1.0,0.0,0.5,0.0,3.13,1.5219272736443836
109.0,109.0,100,3.66,1.2730302669638538,0.366,0.12730302669638532,0.634,0.12730302669638538,0.0,0.0,0.002,0.014070529413628968,6.34,1.2730302669638538,3.66,1.2730302669638538,5.93,1.3872070625337207,0.41,0.9544684913657974,13.8,1.2712834523274563,13.3,1.159066151448805,6.2,1.2712834523274563,10.0,0.0,10.0,0.0,1.0,0.0,0.5,0.0,3.13,1.5219272736443836
110.0,110.0,100,3.61,1.2300529675710326,0.361,0.1230052967571032,0.639,0.1230052967571032,0.0,0.0,0.005,0.032952368440805374,6.39,1.2300529675710326,3.61,1.2300529675710326,5.98,1.3407370202898696,0.41,0.9544684913657974,13.77,1.2379112417391813,13.19,1.1780398031381527,6.23,1.2379112417391815,10.0,0.0,10.0,0.0,1.0,0.0,0.5,0.0,3.13,1.5219272736443836
111.0,111.0,100,3.59,1.2234658503075135,0.359,0.12234658503075134,0.6409999999999999,0.12234658503075134,0.0,0.0,0.002,0.01407052941362897,6.41,1.2234658503075135,3.59,1.2234658503075135,6.0,1.348399724926484,0.41,0.9544684913657974,13.74,1.202858548154639,13.15,1.1666666666666663,6.26,1.2028585481546394,10.0,0.0,10.0,0.0,1.0,0.0,0.5,0.0,3.13,1.5219272736443836
112.0,112.0,100,3.57,1.1913408115618844,0.35700000000000004,0.11913408115618845,0.643,0.11913408115618845,0.0,0.0,0.0019999999999999996,0.01407052941362897,6.43,1.1913408115618844,3.57,1.1913408115618844,6.0,1.3333333333333333,0.43,0.9561602502940729,13.71,1.1659738202442411,13.12,1.2,6.29,1.1659738202442407,10.0,0.0,10.0,0.0,1.0,0.0,0.5,0.0,3.13,1.5219272736443836
113.0,113.0,100,3.54,1.1842399429272106,0.354,0.11842399429272103,0.6459999999999999,0.11842399429272103,0.0,0.0,0.0030000000000000005,0.01714466079977653,6.46,1.1842399429272104,3.54,1.1842399429272106,6.05,1.313296415417127,0.41,0.9544684913657974,13.7,1.1763666026534347,13.12,1.1915527599724567,6.3,1.176366602653435,10.0,0.0,10.0,0.0,1.0,0.0,0.5,0.0,3.13,1.5219272736443836
114.0,114.0,100,3.46,1.1670562120224555,0.34600000000000003,0.11670562120224554,0.654,0.11670562120224555,0.0,0.0,0.008,0.03387439663632029,6.54,1.167056212022455,3.46,1.1670562120224555,6.12,1.2413742791801756,0.42,0.9658826496678015,13.64,1.167921403194755,13.05,1.217506974240079,6.36,1.1679214031947542,10.0,0.0,10.0,0.0,1.0,0.0,0.5,0.0,3.13,1.5219272736443836
115.0,115.0,100,3.45,1.1492202011394816,0.345,0.11492202011394817,0.655,0.11492202011394817,0.0,0.0,0.0009999999999999998,0.009999999999999997,6.55,1.1492202011394816,3.45,1.1492202011394816,6.13,1.228080542220997,0.42,0.9658826496678015,13.63,1.151678616786661,13.02,1.2142254462592335,6.37,1.151678616786661,10.0,0.0,10.0,0.0,1.0,0.0,0.5,0.0,3.13,1.5219272736443836
116.0,116.0,100,3.42,1.1562740578987738,0.342,0.11562740578987739,0.6579999999999999,0.11562740578987739,0.0,0.0,0.0030000000000000005,0.017144660799776532,6.58,1.1562740578987736,3.42,1.1562740578987738,6.13,1.2280805422209968,0.45,0.9782999065065411,13.58,1.1736156685106658,12.98,1.2869194287761823,6.42,1.173615668510666,10.0,0.0,10.0,0.0,1.0,0.0,0.5,0.0,3.13,1.5219272736443836
117.0,117.0,100,3.39,1.179753441113092,0.33899999999999997,0.11797534411130922,0.6609999999999999,0.1179753441113092,0.0,0.0,0.0030000000000000005,0.022270150335361366,6.61,1.1797534411130917,3.39,1.179753441113092,6.17,1.231366162545742,0.44,0.9777318630174614,13.56,1.1918917990346525,12.93,1.289076092291363,6.44,1.1918917990346525,10.0,0.0,10.0,0.0,1.0,0.0,0.5,0.0,3.13,1.5219272736443836
118.0,118.0,100,3.27,1.1357816691600549,0.327,0.11357816691600546,0.6729999999999999,0.11357816691600549,0.0,0.0,0.012,0.032659863237109045,6.73,1.1357816691600549,3.27,1.1357816691600549,6.29,1.1831732712916525,0.44,0.9777318630174614,13.45,1.122542208605543,12.89,1.2862520921049823,6.55,1.122542208605543,10.0,0.0,10.0,0.0,1.0,0.0,0.5,0.0,3.13,1.5219272736443836
119.0,119.0,100,3.23,1.170815135197731,0.32299999999999995,0.11708151351977307,0.677,0.1170815135197731,0.0,0.0,0.003999999999999999,0.019694638556693234,6.77,1.170815135197731,3.23,1.170815135197731,6.28,1.2639524348549505,0.49,1.0683225783035437,13.37,1.1947274741018294,12.84,1.3159472526348353,6.63,1.1947274741018294,10.0,0.0,10.0,0.0,1.0,0.0,0.5,0.0,3.13,1.5219272736443836
120.0,120.0,100,3.12,1.1830452060660912,0.312,0.1183045206066091,0.688,0.11830452060660909,0.0,0.0,0.011000000000000001,0.03732196796699356,6.88,1.1830452060660912,3.12,1.1830452060660912,6.4,1.302677894557859,0.48,1.086928765565684,13.28,1.1898561155692629,12.83,1.3031042967010766,6.72,1.1898561155692633,10.0,0.0,10.0,0.0,1.0,0.0,0.5,0.0,3.13,1.5219272736443836
121.0,121.0,100,3.1,1.1934162828797101,0.31,0.11934162828797099,0.69,0.11934162828797099,0.0,0.0,0.0020000000000000005,0.014070529413628971,6.9,1.1934162828797104,3.1,1.1934162828797101,6.42,1.2884882693303885,0.48,1.0681807436057351,13.26,1.2112269428437872,12.83,1.2637526289075356,6.74,1.2112269428437867,10.0,0.0,10.0,0.0,1.0,0.0,0.5,0.0,3.13,1.5219272736443836
122.0,122.0,100,3.08,1.1864555481250731,0.308,0.11864555481250733,0.6920000000000001,0.11864555481250734,0.0,0.0,0.0019999999999999996,0.014070529413628964,6.92,1.1864555481250731,3.08,1.1864555481250731,6.46,1.3059305285713119,0.46,1.067613216384089,13.26,1.1859446220058698,12.81,1.2528351685660646,6.74,1.18594462200587,10.0,0.0,10.0,0.0,1.0,0.0,0.5,0.0,3.13,1.5219272736443836
123.0,123.0,100,3.06,1.1791111187258947,0.306,0.11791111187258946,0.6940000000000001,0.11791111187258949,0.0,0.0,0.0019999999999999996,0.014070529413628966,6.94,1.1791111187258947,3.06,1.1791111187258947,6.46,1.2981727640235432,0.48,1.0681807436057351,13.22,1.1856038822712103,12.75,1.2583057392117916,6.78,1.1856038822712103,10.0,0.0,10.0,0.0,1.0,0.0,0.5,0.0,3.13,1.5219272736443836
124.0,124.0,100,3.01,1.167705165499988,0.301,0.11677051654999876,0.6990000000000001,0.11677051654999877,0.0,0.0,0.005,0.021904291355759036,6.99,1.1677051654999875,3.01,1.167705165499988,6.51,1.2909553270991434,0.48,1.0775955276503895,13.18,1.1838987125663083,12.71,1.2576633777434931,6.82,1.1838987125663083,10.0,0.0,10.0,0.0,1.0,0.0,0.5,0.0,3.13,1.5219272736443836
125.0,125.0,100,2.97,1.175980141383898,0.297,0.11759801413838981,0.703,0.11759801413838984,0.0,0.0,0.004,0.019694638556693237,7.03,1.1759801413838977,2.97,1.175980141383898,6.55,1.282161999881214,0.48,1.0775955276503895,13.14,1.1893466502855485,12.71,1.2656694639277635,6.86,1.1893466502855483,10.0,0.0,10.0,0.0,1.0,0.0,0.5,0.0,3.13,1.5219272736443836
126.0,126.0,100,2.92,1.2200347734736285,0.292,0.12200347734736289,0.708,0.12200347734736292,0.0,0.0,0.005000000000000001,0.021904291355759033,7.08,1.2200347734736288,2.92,1.2200347734736285,6.59,1.3565776904781497,0.49,1.0777361233229363,13.08,1.2033622929445678,12.67,1.2557343217690138,6.92,1.203362292944568,10.0,0.0,10.0,0.0,1.0,0.0,0.5,0.0,3.13,1.5219272736443836
127.0,127.0,100,2.89,1.2135181344447483,0.289,0.12135181344447488,0.711,0.12135181344447493,0.0,0.0,0.0030000000000000005,0.01714466079977653,7.11,1.2135181344447483,2.89,1.2135181344447483,6.62,1.3164077229070381,0.49,1.0777361233229363,13.05,1.2091820425896227,12.6,1.2792042981336627,6.95,1.2091820425896225,10.0,0.0,10.0,0.0,1.0,0.0,0.5,0.0,3.13,1.5219272736443836
128.0,128.0,100,2.87,1.2198277739008068,0.287,0.12198277739008068,0.713,0.1219827773900807,0.0,0.0,0.0019999999999999996,0.014070529413628964,7.13,1.2198277739008068,2.87,1.2198277739008068,6.65,1.3437096247164249,0.48,1.0775955276503895,13.04,1.213726210119611,12.53,1.2906423113154069,6.96,1.2137262101196105,10.0,0.0,10.0,0.0,1.0,0.0,0.5,0.0,3.13,1.5219272736443836
129.0,129.0,100,2.85,1.233988360045293,0.285,0.12339883600452932,0.715,0.12339883600452935,0.0,0.0,0.002,0.01407052941362897,7.15,1.233988360045293,2.85,1.233988360045293,6.62,1.3392293879449306,0.53,1.1051303684693183,12.99,1.2185021439240369,12.48,1.3668514287525289,7.01,1.2185021439240369,10.0,0.0,10.0,0.0,1.0,0.0,0.5,0.0,3.13,1.5219272736443836
130.0,130.0,100,2.84,1.2286150534219207,0.28400000000000003,0.12286150534219209,0.716,0.1228615053421921,0.0,0.0,0.0010000000000000002,0.01,7.16,1.2286150534219207,2.84,1.2286150534219207,6.64,1.329691997449337,0.52,1.1053588475324119,12.98,1.222516034473763,12.43,1.342807250922973,7.02,1.222516034473763,10.0,0.0,10.0,0.0,1.0,0.0,0.5,0.0,3.13,1.5219272736443836
131.0,131.0,100,2.82,1.2092238098144703,0.282,0.12092238098144706,0.718,0.12092238098144704,0.0,0.0,0.002,0.01407052941362897,7.18,1.2092238098144703,2.82,1.2092238098144703,6.64,1.3144111866827548,0.54,1.1139156524656977,12.95,1.2091820425896225,12.35,1.3437096247164249,7.05,1.2091820425896225,10.0,0.0,10.0,0.0,1.0,0.0,0.5,0.0,3.13,1.5219272736443836
132.0,132.0,100,2.79,1.208513570674757,0.27899999999999997,0.12085135706747567,0.721,0.12085135706747571,0.0,0.0,0.0030000000000000005,0.017144660799776532,7.21,1.2085135706747567,2.79,1.208513570674757,6.66,1.3349989596333858,0.55,1.140396882889922,12.92,1.2033622929445682,12.35,1.3209653647804307,7.08,1.2033622929445678,10.0,0.0,10.0,0.0,1.0,0.0,0.5,0.0,3.13,1.5219272736443836
133.0,133.0,100,2.75,1.2339883600452939,0.275,0.1233988360045293,0.725,0.12339883600452936,0.0,0.0,0.004,0.019694638556693234,7.25,1.2339883600452932,2.75,1.2339883600452939,6.71,1.343108109550156,0.54,1.1139156524656977,12.89,1.2218135221171365,12.29,1.343108109550156,7.11,1.2218135221171365,10.0,0.0,10.0,0.0,1.0,0.0,0.5,0.0,3.13,1.5219272736443836
134.0,134.0,100,2.68,1.246246890921423,0.268,0.1246246890921423,0.732,0.12462468909214233,0.0,0.0,0.007000000000000001,0.025643239997624277,7.32,1.2462468909214226,2.68,1.246246890921423,6.74,1.345550092157498,0.58,1.1386683698802111,12.79,1.2333333333333334,12.25,1.3734495390671033,7.21,1.2333333333333336,10.0,0.0,10.0,0.0,1.0,0.0,0.5,0.0,3.13,1.5219272736443836
135.0,135.0,100,2.67,1.2476644848141936,0.267,0.12476644848141935,0.733,0.12476644848141938,0.0,0.0,0.0009999999999999998,0.009999999999999995,7.33,1.2476644848141936,2.67,1.2476644848141936,6.77,1.3547894838145687,0.56,1.122047191070812,12.8,1.230914909793327,12.27,1.3473130761825651,7.2,1.2309149097933274,10.0,0.0,10.0,0.0,1.0,0.0,0.5,0.0,3.13,1.5219272736443836
136.0,136.0,100,2.64,1.243325615379409,0.264,0.12433256153794087,0.736,0.12433256153794092,0.0,0.0,0.003,0.017144660799776525,7.36,1.243325615379409,2.64,1.243325615379409,6.79,1.3801990780135653,0.57,1.1214618886421273,12.74,1.2277926321145392,12.26,1.338022058974751,7.26,1.2277926321145392,10.0,0.0,10.0,0.0,1.0,0.0,0.5,0.0,3.13,1.5219272736443836
137.0,137.0,100,2.58,1.2486760665568626,0.258,0.12486760665568633,0.742,0.12486760665568633,0.0,0.0,0.006000000000000001,0.02386832565759421,7.42,1.248676066556863,2.58,1.2486760665568626,6.87,1.3828312341794358,0.55,1.122542208605543,12.71,1.2251159499855881,12.21,1.3431081095501567,7.29,1.2251159499855886,10.0,0.0,10.0,0.0,1.0,0.0,0.5,0.0,3.13,1.5219272736443836
138.0,138.0,100,2.54,1.2506160098289179,0.254,0.12506160098289176,0.746,0.12506160098289182,0.0,0.0,0.004,0.019694638556693237,7.46,1.2506160098289179,2.54,1.2506160098289179,6.88,1.4018746467685776,0.58,1.1297626460295263,12.65,1.2421470496399742,12.23,1.3322343956108038,7.35,1.2421470496399745,10.0,0.0,10.0,0.0,1.0,0.0,0.5,0.0,3.13,1.5219272736443836
139.0,139.0,100,2.52,1.251100525638338,0.252,0.12511005256383378,0.748,0.1251100525638338,0.0,0.0,0.0019999999999999996,0.014070529413628968,7.48,1.2511005256383376,2.52,1.251100525638338,6.91,1.407734766110851,0.57,1.1304330090185741,12.65,1.22577536788975,12.21,1.320353488022558,7.35,1.2257753678897503,10.0,0.0,10.0,0.0,1.0,0.0,0.5,0.0,3.13,1.5219272736443836
140.0,140.0,100,2.47,1.2264344312442534,0.247,0.12264344312442528,0.753,0.1226434431244253,0.0,0.0,0.005,0.026111648393354676,7.53,1.2264344312442534,2.47,1.2264344312442534,6.95,1.4025589888385148,0.58,1.129762646029526,12.6,1.1976407785072425,12.18,1.297861488928786,7.4,1.197640778507243,10.0,0.0,10.0,0.0,1.0,0.0,0.5,0.0,3.13,1.5219272736443836
141.0,141.0,100,2.42,1.1991579537241117,0.242,0.11991579537241112,0.758,0.11991579537241112,0.0,0.0,0.004999999999999999,0.026111648393354676,7.58,1.1991579537241117,2.42,1.1991579537241117,7.01,1.4034229439466774,0.57,1.1304330090185741,12.56,1.1748199948085754,12.19,1.29251926894962,7.44,1.174819994808575,10.0,0.0,10.0,0.0,1.0,0.0,0.5,0.0,3.13,1.5219272736443836
142.0,142.0,100,2.39,1.2218135221171367,0.23900000000000002,0.12218135221171364,0.7609999999999999,0.12218135221171368,0.0,0.0,0.003,0.017144660799776525,7.61,1.2218135221171362,2.39,1.2218135221171367,7.01,1.3962069830057213,0.6,1.1370704872299224,12.51,1.2185021439240376,12.15,1.32096536478043,7.49,1.2185021439240369,10.0,0.0,10.0,0.0,1.0,0.0,0.5,0.0,3.13,1.5219272736443836
143.0,143.0,100,2.33,1.2395421116140617,0.233,0.12395421116140616,0.767,0.12395421116140616,0.0,0.0,0.005999999999999998,0.027779797906341427,7.67,1.2395421116140615,2.33,1.2395421116140617,7.07,1.4160337266998673,0.6,1.1370704872299224,12.44,1.2416997148337363,12.1,1.3371158468430429,7.56,1.2416997148337363,10.0,0.0,10.0,0.0,1.0,0.0,0.5,0.0,3.13,1.5219272736443836
144.0,144.0,100,2.32,1.221689507413914,0.23199999999999998,0.12216895074139142,0.768,0.12216895074139143,0.0,0.0,0.0009999999999999998,0.009999999999999997,7.68,1.2216895074139145,2.32,1.221689507413914,7.08,1.4047538337136987,0.6,1.1370704872299224,12.43,1.2247861078984408,12.09,1.31114107139198,7.57,1.2247861078984403,10.0,0.0,10.0,0.0,1.0,0.0,0.5,0.0,3.13,1.5219272736443836
145.0,145.0,100,2.32,1.221689507413914,0.23199999999999998,0.12216895074139142,0.768,0.12216895074139143,0.0,0.0,0.0,0.0,7.68,1.2216895074139145,2.32,1.221689507413914,7.09,1.4077347661108508,0.59,1.1379140937911283,12.44,1.2170505828486016,12.09,1.31114107139198,7.56,1.2170505828486018,10.0,0.0,10.0,0.0,1.0,0.0,0.5,0.0,3.13,1.5219272736443836
146.0,146.0,100,2.29,1.2168430756293398,0.22899999999999998,0.12168430756293398,0.7709999999999999,0.12168430756293401,0.0,0.0,0.0030000000000000005,0.022270150335361377,7.71,1.2168430756293396,2.29,1.2168430756293398,7.09,1.4005410210040803,0.62,1.1615037275406863,12.4,1.2472191289246473,12.07,1.2812162781962892,7.6,1.247219128924647,10.0,0.0,10.0,0.0,1.0,0.0,0.5,0.0,3.13,1.5219272736443836
147.0,147.0,100,2.26,1.18594462200587,0.226,0.118594462200587,0.774,0.11859446220058703,0.0,0.0,0.0030000000000000005,0.01714466079977653,7.74,1.18594462200587,2.26,1.18594462200587,7.08,1.3902982748062704,0.66,1.1566234381931648,12.35,1.2007993970348219,12.07,1.2812162781962895,7.65,1.2007993970348216,10.0,0.0,10.0,0.0,1.0,0.0,0.5,0.0,3.13,1.5219272736443836
148.0,148.0,100,2.25,1.1752927853573898,0.225,0.11752927853573895,0.775,0.117529278535739,0.0,0.0,0.0010000000000000002,0.01,7.75,1.1752927853573896,2.25,1.1752927853573898,7.1,1.3743685418725533,0.65,1.1579762911688178,12.35,1.1838560518556096,12.02,1.3025228046240327,7.65,1.1838560518556092,10.0,0.0,10.0,0.0,1.0,0.0,0.5,0.0,3.13,1.5219272736443836
149.0,149.0,100,2.22,1.2108933174572507,0.222,0.12108933174572507,0.778,0.12108933174572507,0.0,0.0,0.0030000000000000005,0.01714466079977653,7.78,1.2108933174572505,2.22,1.2108933174572507,7.1,1.3962431555767603,0.68,1.1623730516108461,12.28,1.2478668667657284,12.01,1.2909553270991434,7.72,1.2478668667657287,10.0,0.0,10.0,0.0,1.0,0.0,0.5,0.0,3.13,1.5219272736443836
150.0,150.0,100,2.19,1.2201589563609647,0.21899999999999997,0.12201589563609647,0.7809999999999999,0.12201589563609648,0.0,0.0,0.003,0.01714466079977653,7.81,1.2201589563609645,2.19,1.2201589563609647,7.13,1.4470799577218958,0.68,1.1623730516108464,12.27,1.2048303455740816,11.99,1.2831070245165193,7.73,1.2048303455740819,10.0,0.0,10.0,0.0,1.0,0.0,0.5,0.0,3.13,1.5219272736443836
151.0,151.0,100,2.19,1.2201589563609647,0.21899999999999997,0.12201589563609647,0.7809999999999999,0.12201589563609648,0.0,0.0,0.0,0.0,7.81,1.2201589563609645,2.19,1.2201589563609647,7.14,1.4285685425656274,0.67,1.1638928063384808,12.28,1.223342003106922,11.99,1.2831070245165197,7.72,1.2233420031069218,10.0,0.0,10.0,0.0,1.0,0.0,0.5,0.0,3.13,1.5219272736443836
152.0,152.0,100,2.15,1.2175069742400786,0.215,0.12175069742400789,0.785,0.1217506974240079,0.0,0.0,0.004,0.03152680437246049,7.85,1.217506974240079,2.15,1.2175069742400786,7.14,1.4426406764028668,0.71,1.2333333333333334,12.23,1.2701308291795466,12.01,1.2752104203470176,7.77,1.270130829179547,10.0,0.0,10.0,0.0,1.0,0.0,0.5,0.0,3.13,1.5219272736443836
153.0,153.0,100,2.11,1.1967548714010827,0.21100000000000002,0.11967548714010827,0.789,0.1196754871401083,0.0,0.0,0.004,0.02428783625395622,7.89,1.1967548714010827,2.11,1.1967548714010827,7.19,1.4543213211152837,0.7,1.2185435916898848,12.21,1.2168430756293394,11.99,1.2752104203470167,7.79,1.2168430756293398,10.0,0.0,10.0,0.0,1.0,0.0,0.5,0.0,3.13,1.5219272736443836
154.0,154.0,100,2.08,1.2033622929445682,0.20800000000000002,0.12033622929445674,0.792,0.12033622929445678,0.0,0.0,0.003,0.022270150335361373,7.92,1.2033622929445684,2.08,1.2033622929445682,7.23,1.4414849246103087,0.69,1.203488196196306,12.2,1.206045378311054,11.97,1.2264344312442532,7.8,1.206045378311055,10.0,0.0,10.0,0.0,1.0,0.0,0.5,0.0,3.13,1.5219272736443836
155.0,155.0,100,2.08,1.2033622929445682,0.20800000000000002,0.12033622929445674,0.792,0.12033622929445678,0.0,0.0,0.0,0.0,7.92,1.2033622929445684,2.08,1.2033622929445682,7.23,1.4414849246103087,0.69,1.203488196196306,12.2,1.206045378311054,11.96,1.2137262101196107,7.8,1.206045378311055,10.0,0.0,10.0,0.0,1.0,0.0,0.5,0.0,3.13,1.5219272736443836
156.0,156.0,100,2.05,1.1838560518556096,0.205,0.11838560518556096,0.795,0.118385605185561,0.0,0.0,0.002999999999999999,0.017144660799776525,7.95,1.1838560518556094,2.05,1.1838560518556096,7.26,1.4257374487356618,0.69,1.203488196196306,12.16,1.1952769004238593,11.9,1.2185435916898852,7.84,1.1952769004238588,10.0,0.0,10.0,0.0,1.0,0.0,0.5,0.0,3.13,1.5219272736443836
157.0,157.0,100,2.04,1.19696586113693,0.204,0.11969658611369302,0.7959999999999999,0.11969658611369305,0.0,0.0,0.001,0.01,7.96,1.1969658611369296,2.04,1.19696586113693,7.27,1.4274013967608228,0.69,1.203488196196306,12.16,1.1867960433388915,11.89,1.221813522117137,7.84,1.186796043338891,10.0,0.0,10.0,0.0,1.0,0.0,0.5,0.0,3.13,1.5219272736443836
158.0,158.0,100,2.0,1.1976407785072427,0.2,0.11976407785072425,0.8,0.11976407785072424,0.0,0.0,0.003999999999999999,0.019694638556693237,8.0,1.1976407785072425,2.0,1.1976407785072427,7.31,1.4333333333333336,0.69,1.203488196196306,12.12,1.1915527599724571,11.85,1.250252499750076,7.88,1.1915527599724567,10.0,0.0,10.0,0.0,1.0,0.0,0.5,0.0,3.13,1.5219272736443836
159.0,159.0,100,2.0,1.1976407785072427,0.2,0.11976407785072425,0.8,0.11976407785072424,0.0,0.0,0.0,0.0,8.0,1.1976407785072425,2.0,1.1976407785072427,7.27,1.4131775214284674,0.73,1.2131851391350712,12.1,1.2018504251546631,11.82,1.2340292876703869,7.9,1.2018504251546633,10.0,0.0,10.0,0.0,1.0,0.0,0.5,0.0,3.13,1.5219272736443836
160.0,160.0,100,1.96,1.2220201853215573,0.196,0.12220201853215576,0.804,0.12220201853215576,0.0,0.0,0.004,0.024287836253956214,8.04,1.2220201853215578,1.96,1.2220201853215573,7.31,1.4403633099487316,0.73,1.2131851391350712,12.07,1.1997895438346462,11.8,1.2226812728383043,7.93,1.1997895438346462,10.0,0.0,10.0,0.0,1.0,0.0,0.5,0.0,3.13,1.5219272736443836
161.0,161.0,100,1.96,1.2220201853215573,0.196,0.12220201853215576,0.804,0.12220201853215576,0.0,0.0,0.0,0.0,8.04,1.2220201853215578,1.96,1.2220201853215573,7.3,1.4248870236980302,0.74,1.2112269428437872,12.06,1.2128936932440169,11.78,1.194093206520574,7.94,1.2128936932440169,10.0,0.0,10.0,0.0,1.0,0.0,0.5,0.0,3.13,1.5219272736443836
162.0,162.0,100,1.95,1.2091820425896225,0.195,0.1209182042589623,0.805,0.12091820425896233,0.0,0.0,0.0010000000000000002,0.010000000000000002,8.05,1.209182042589623,1.95,1.2091820425896225,7.32,1.434636475969372,0.73,1.2131851391350712,12.06,1.1876468542900493,11.74,1.2028585481546397,7.94,1.1876468542900493,10.0,0.0,10.0,0.0,1.0,0.0,0.5,0.0,3.13,1.5219272736443836
163.0,163.0,100,1.94,1.2128936932440166,0.19400000000000003,0.1212893693244017,0.8059999999999999,0.1212893693244017,0.0,0.0,0.001,0.009999999999999998,8.06,1.2128936932440169,1.94,1.2128936932440166,7.33,1.442885716860207,0.73,1.2131851391350712,12.05,1.1923578203363165,11.74,1.2112269428437874,7.95,1.1923578203363165,10.0,0.0,10.0,0.0,1.0,0.0,0.5,0.0,3.13,1.5219272736443836
164.0,164.0,100,1.89,1.162503394151665,0.18900000000000003,0.11625033941516652,0.811,0.11625033941516652,0.0,0.0,0.004999999999999999,0.026111648393354676,8.11,1.1625033941516651,1.89,1.162503394151665,7.38,1.426870560338111,0.73,1.2131851391350712,12.0,1.1720654306553768,11.72,1.1983153157494049,8.0,1.1720654306553768,10.0,0.0,10.0,0.0,1.0,0.0,0.5,0.0,3.13,1.5219272736443836
165.0,165.0,100,1.87,1.1776967763264434,0.187,0.11776967763264434,0.813,0.11776967763264437,0.0,0.0,0.002,0.01407052941362897,8.13,1.1776967763264434,1.87,1.1776967763264434,7.37,1.353297506616391,0.76,1.23189924814319,11.98,1.180480983978714,11.69,1.1950656125007608,8.02,1.180480983978714,10.0,0.0,10.0,0.0,1.0,0.0,0.5,0.0,3.13,1.5219272736443836
166.0,166.0,100,1.84,1.169649865592609,0.18400000000000002,0.11696498655926088,0.8160000000000001,0.11696498655926092,0.0,0.0,0.002999999999999999,0.017144660799776525,8.16,1.1696498655926093,1.84,1.169649865592609,7.38,1.3690666288911704,0.78,1.2356652810808786,11.94,1.1705131396532933,11.65,1.2339883600452937,8.06,1.1705131396532933,10.0,0.0,10.0,0.0,1.0,0.0,0.5,0.0,3.13,1.5219272736443836
167.0,167.0,100,1.83,1.1725393318982886,0.183,0.11725393318982885,0.8170000000000001,0.1172539331898289,0.0,0.0,0.001,0.01,8.17,1.1725393318982886,1.83,1.1725393318982886,7.38,1.3764248815483737,0.79,1.2333333333333334,11.92,1.1779111797902024,11.65,1.2175069742400793,8.08,1.1779111797902024,10.0,0.0,10.0,0.0,1.0,0.0,0.5,0.0,3.13,1.5219272736443836
168.0,168.0,100,1.8,1.1370704872299224,0.18,0.11370704872299223,0.82,0.11370704872299227,0.0,0.0,0.0030000000000000005,0.022270150335361373,8.2,1.1370704872299224,1.8,1.1370704872299224,7.42,1.364632632697248,0.78,1.2356652810808786,11.91,1.1555312740261618,11.63,1.2115187896924167,8.09,1.1555312740261618,10.0,0.0,10.0,0.0,1.0,0.0,0.5,0.0,3.13,1.5219272736443836
169.0,169.0,100,1.77,1.1357816691600546,0.177,0.11357816691600546,0.823,0.1135781669160055,0.0,0.0,0.003,0.017144660799776525,8.23,1.1357816691600549,1.77,1.1357816691600546,7.44,1.3582519960774895,0.79,1.2333333333333334,11.87,1.1690883956175757,11.57,1.249282622430598,8.13,1.1690883956175757,10.0,0.0,10.0,0.0,1.0,0.0,0.5,0.0,3.13,1.5219272736443836
170.0,170.0,100,1.73,1.144640563758781,0.17300000000000001,0.11446405637587809,0.8270000000000001,0.11446405637587814,0.0,0.0,0.004,0.024287836253956214,8.27,1.1446405637587813,1.73,1.144640563758781,7.49,1.3816620060600562,0.78,1.2356652810808786,11.84,1.169649865592609,11.55,1.242147049639974,8.16,1.169649865592609,10.0,0.0,10.0,0.0,1.0,0.0,0.5,0.0,3.13,1.5219272736443836
171.0,171.0,100,1.7,1.1146408580454255,0.17,0.11146408580454253,0.83,0.11146408580454256,0.0,0.0,0.002999999999999999,0.02227015033536136,8.3,1.114640858045426,1.7,1.1146408580454255,7.52,1.374221542723315,0.78,1.2356652810808786,11.83,1.1375589672805557,11.54,1.175679472569893,8.17,1.1375589672805557,10.0,0.0,10.0,0.0,1.0,0.0,0.5,0.0,3.13,1.5219272736443836
172.0,172.0,100,1.66,1.1301202224417175,0.166,0.11301202224417176,0.8340000000000001,0.11301202224417173,0.0,0.0,0.004,0.01969463855669324,8.34,1.1301202224417175,1.66,1.1301202224417175,7.56,1.3949403520791082,0.78,1.2356652810808786,11.79,1.1485168301295845,11.54,1.1756794725698931,8.21,1.1485168301295845,10.0,0.0,10.0,0.0,1.0,0.0,0.5,0.0,3.13,1.5219272736443836
173.0,173.0,100,1.65,1.1403968828899218,0.165,0.11403968828899223,0.835,0.11403968828899223,0.0,0.0,0.001,0.009999999999999997,8.35,1.140396882889922,1.65,1.1403968828899218,7.57,1.3944695961351952,0.78,1.2356652810808786,11.78,1.1597631245433289,11.53,1.1930353445448851,8.22,1.1597631245433289,10.0,0.0,10.0,0.0,1.0,0.0,0.5,0.0,3.13,1.5219272736443836
174.0,174.0,100,1.62,1.1351144649262686,0.162,0.11351144649262683,0.838,0.11351144649262684,0.0,0.0,0.003,0.022270150335361366,8.38,1.1351144649262686,1.62,1.1351144649262686,7.6,1.4070529413628967,0.78,1.2356652810808786,11.76,1.1469767022723498,11.51,1.1848794849854536,8.24,1.1469767022723498,10.0,0.0,10.0,0.0,1.0,0.0,0.5,0.0,3.13,1.5219272736443836
175.0,175.0,100,1.59,1.1379140937911283,0.159,0.11379140937911282,0.8410000000000001,0.11379140937911283,0.0,0.0,0.003,0.01714466079977653,8.41,1.1379140937911287,1.59,1.1379140937911283,7.62,1.3910246205403753,0.79,1.2333333333333334,11.72,1.146624382588943,11.48,1.2016823224298523,8.28,1.146624382588943,10.0,0.0,10.0,0.0,1.0,0.0,0.5,0.0,3.13,1.5219272736443836
176.0,176.0,100,1.58,1.1386683698802105,0.158,0.11386683698802111,0.8420000000000001,0.11386683698802111,0.0,0.0,0.001,0.009999999999999998,8.42,1.1386683698802111,1.58,1.1386683698802105,7.62,1.3982673260687726,0.8,1.2712834523274565,11.71,1.1572782419508845,11.46,1.175679472569893,8.29,1.1572782419508845,10.0,0.0,10.0,0.0,1.0,0.0,0.5,0.0,3.13,1.5219272736443836
177.0,177.0,100,1.57,1.1481649830415608,0.157,0.11481649830415613,0.843,0.11481649830415615,0.0,0.0,0.001,0.01,8.43,1.1481649830415612,1.57,1.1481649830415608,7.62,1.412641340027806,0.81,1.2846805207537166,11.69,1.1865832452802452,11.44,1.191891799034652,8.31,1.1865832452802452,10.0,0.0,10.0,0.0,1.0,0.0,0.5,0.0,3.13,1.5219272736443836
178.0,178.0,100,1.54,1.1496156582163282,0.154,0.11496156582163282,0.8460000000000001,0.11496156582163283,0.0,0.0,0.003,0.022270150335361363,8.46,1.1496156582163282,1.54,1.1496156582163282,7.66,1.4299819875958173,0.8,1.2712834523274565,11.68,1.1623730516108466,11.43,1.1913408115618844,8.32,1.1623730516108466,10.0,0.0,10.0,0.0,1.0,0.0,0.5,0.0,3.13,1.5219272736443836
179.0,179.0,100,1.52,1.1675754036602186,0.15200000000000002,0.11675754036602191,0.848,0.1167575403660219,0.0,0.0,0.002,0.014070529413628968,8.48,1.167575403660219,1.52,1.1675754036602186,7.68,1.4416600980757697,0.8,1.2712834523274565,11.66,1.1739598878078497,11.42,1.1991579537241117,8.34,1.1739598878078497,10.0,0.0,10.0,0.0,1.0,0.0,0.5,0.0,3.13,1.5219272736443836
180.0,180.0,100,1.48,1.150142722808036,0.14800000000000002,0.1150142722808036,0.852,0.1150142722808036,0.0,0.0,0.004,0.019694638556693234,8.52,1.150142722808036,1.48,1.150142722808036,7.72,1.4360439485692011,0.8,1.2712834523274565,11.62,1.161503727540686,11.42,1.1821910833599438,8.38,1.161503727540686,10.0,0.0,10.0,0.0,1.0,0.0,0.5,0.0,3.13,1.5219272736443836
181.0,181.0,100,1.46,1.1229470606444905,0.146,0.11229470606444907,0.8540000000000001,0.11229470606444902,0.0,0.0,0.002,0.01407052941362897,8.54,1.1229470606444905,1.46,1.1229470606444905,7.71,1.4163190304305013,0.83,1.2875079680051567,11.58,1.1475049789729357,11.37,1.2115187896924164,8.42,1.1475049789729357,10.0,0.0,10.0,0.0,1.0,0.0,0.5,0.0,3.13,1.5219272736443836
182.0,182.0,100,1.45,1.1315047637120361,0.145,0.11315047637120362,0.855,0.11315047637120358,0.0,0.0,0.001,0.01,8.55,1.131504763712036,1.45,1.1315047637120361,7.73,1.4060116240162048,0.82,1.2742991736002904,11.58,1.1475049789729355,11.36,1.1850925889754116,8.42,1.1475049789729355,10.0,0.0,10.0,0.0,1.0,0.0,0.5,0.0,3.13,1.5219272736443836
183.0,183.0,100,1.44,1.1310136688793462,0.14400000000000002,0.11310136688793464,0.856,0.11310136688793462,0.0,0.0,0.001,0.009999999999999997,8.56,1.1310136688793462,1.44,1.1310136688793462,7.74,1.4114968056369208,0.82,1.2742991736002904,11.57,1.1481649830415608,11.35,1.1579762911688174,8.43,1.1481649830415608,10.0,0.0,10.0,0.0,1.0,0.0,0.5,0.0,3.13,1.5219272736443836
184.0,184.0,100,1.42,1.1026139740442145,0.14200000000000002,0.11026139740442147,0.858,0.11026139740442145,0.0,0.0,0.002,0.02,8.58,1.1026139740442145,1.42,1.1026139740442145,7.74,1.38257555002074,0.84,1.2769914137170502,11.55,1.1403968828899218,11.34,1.1739598878078497,8.45,1.1403968828899218,10.0,0.0,10.0,0.0,1.0,0.0,0.5,0.0,3.13,1.5219272736443836
185.0,185.0,100,1.39,1.1091447246423796,0.139,0.11091447246423798,0.861,0.11091447246423798,0.0,0.0,0.0030000000000000005,0.022270150335361373,8.61,1.1091447246423796,1.39,1.1091447246423796,7.79,1.4234330388752454,0.82,1.2742991736002904,11.53,1.1499231419200295,11.34,1.1739598878078497,8.47,1.1499231419200295,10.0,0.0,10.0,0.0,1.0,0.0,0.5,0.0,3.13,1.5219272736443836
186.0,186.0,100,1.36,1.105724315833862,0.136,0.11057243158338624,0.8640000000000001,0.11057243158338621,0.0,0.0,0.003,0.01714466079977653,8.64,1.1057243158338625,1.36,1.105724315833862,7.82,1.4169251101158338,0.82,1.2742991736002904,11.51,1.1325755042059105,11.34,1.16532390260382,8.49,1.1325755042059105,10.0,0.0,10.0,0.0,1.0,0.0,0.5,0.0,3.13,1.5219272736443836
187.0,187.0,100,1.35,1.1135075167680684,0.135,0.11135075167680683,0.865,0.11135075167680684,0.0,0.0,0.001,0.009999999999999997,8.65,1.113507516768068,1.35,1.1135075167680684,7.82,1.4521318358492348,0.83,1.295329605883687,11.49,1.1414592822038343,11.32,1.1796250046159378,8.51,1.1414592822038343,10.0,0.0,10.0,0.0,1.0,0.0,0.5,0.0,3.13,1.5219272736443836
188.0,188.0,100,1.32,1.127077206895353,0.132,0.11270772068953529,0.868,0.1127077206895353,0.0,0.0,0.0030000000000000005,0.022270150335361377,8.68,1.1270772068953532,1.32,1.127077206895353,7.85,1.4451241601965696,0.83,1.2717203809299935,11.47,1.1586739198433926,11.25,1.1752927853573896,8.53,1.1586739198433926,10.0,0.0,10.0,0.0,1.0,0.0,0.5,0.0,3.13,1.5219272736443836
189.0,189.0,100,1.31,1.1343578257180036,0.131,0.11343578257180037,0.8690000000000001,0.11343578257180038,0.0,0.0,0.001,0.009999999999999997,8.69,1.1343578257180038,1.31,1.1343578257180036,7.87,1.4678714060320355,0.82,1.2742991736002904,11.47,1.1499231419200293,11.22,1.1770533316101466,8.53,1.1499231419200293,10.0,0.0,10.0,0.0,1.0,0.0,0.5,0.0,3.13,1.5219272736443836
190.0,190.0,100,1.3,1.1326200964261066,0.13,0.11326200964261067,0.87,0.11326200964261068,0.0,0.0,0.001,0.01,8.7,1.1326200964261066,1.3,1.1326200964261066,7.87,1.4470799577218958,0.83,1.2717203809299935,11.45,1.1666666666666663,11.23,1.16215578155687,8.55,1.1666666666666663,10.0,0.0,10.0,0.0,1.0,0.0,0.5,0.0,3.13,1.5219272736443836
191.0,191.0,100,1.27,1.1446405637587809,0.127,0.11446405637587813,0.873,0.1144640563758781,0.0,0.0,0.0030000000000000005,0.017144660799776532,8.73,1.1446405637587813,1.27,1.1446405637587809,7.91,1.470896105622472,0.82,1.2742991736002904,11.43,1.1569290594002934,11.19,1.1607642901871755,8.57,1.1569290594002934,10.0,0.0,10.0,0.0,1.0,0.0,0.5,0.0,3.13,1.5219272736443836
192.0,192.0,100,1.26,1.124744639929662,0.126,0.11247446399296619,0.8740000000000001,0.11247446399296615,0.0,0.0,0.0010000000000000002,0.01,8.74,1.124744639929662,1.26,1.124744639929662,7.91,1.4845670729001756,0.83,1.295329605883687,11.41,1.1290024201242723,11.17,1.1638928063384817,8.59,1.1290024201242723,10.0,0.0,10.0,0.0,1.0,0.0,0.5,0.0,3.13,1.5219272736443836
193.0,193.0,100,1.23,1.081104934216785,0.12300000000000001,0.1081104934216785,0.877,0.1081104934216785,0.0,0.0,0.0030000000000000005,0.022270150335361373,8.77,1.0811049342167849,1.23,1.081104934216785,7.95,1.4451241601965688,0.82,1.2742991736002904,11.4,1.110100550546315,11.14,1.1722377805468538,8.6,1.110100550546315,10.0,0.0,10.0,0.0,1.0,0.0,0.5,0.0,3.13,1.5219272736443836
194.0,194.0,100,1.23,1.081104934216785,0.12300000000000001,0.1081104934216785,0.877,0.1081104934216785,0.0,0.0,0.0,0.0,8.77,1.0811049342167849,1.23,1.081104934216785,7.95,1.4451241601965688,0.82,1.2742991736002904,11.4,1.110100550546315,11.14,1.1808232019838676,8.6,1.110100550546315,10.0,0.0,10.0,0.0,1.0,0.0,0.5,0.0,3.13,1.5219272736443836
195.0,195.0,100,1.23,1.081104934216785,0.12300000000000001,0.1081104934216785,0.877,0.1081104934216785,0.0,0.0,0.0,0.0,8.77,1.0811049342167849,1.23,1.081104934216785,7.95,1.4451241601965688,0.82,1.2742991736002904,11.4,1.110100550546315,11.13,1.194727474101829,8.6,1.110100550546315,10.0,0.0,10.0,0.0,1.0,0.0,0.5,0.0,3.13,1.5219272736443836
196.0,196.0,100,1.22,1.078532485942043,0.12200000000000001,0.10785324859420432,0.878,0.1078532485942043,0.0,0.0,0.001,0.01,8.78,1.0785324859420429,1.22,1.078532485942043,7.96,1.4489285487538504,0.82,1.2742991736002904,11.39,1.1091447246423796,11.12,1.1658438657006858,8.61,1.1091447246423796,10.0,0.0,10.0,0.0,1.0,0.0,0.5,0.0,3.13,1.5219272736443836
197.0,197.0,100,1.21,1.0852081678999508,0.121,0.10852081678999509,0.879,0.10852081678999506,0.0,0.0,0.001,0.01,8.79,1.0852081678999506,1.21,1.0852081678999508,7.95,1.445124160196569,0.84,1.2769914137170502,11.37,1.125058921015951,11.08,1.1518978630367742,8.63,1.125058921015951,10.0,0.0,10.0,0.0,1.0,0.0,0.5,0.0,3.13,1.5219272736443836
198.0,198.0,100,1.12,1.094338045384404,0.11200000000000002,0.1094338045384404,0.888,0.1094338045384404,0.0,0.0,0.009000000000000001,0.032082595426382345,8.88,1.0943380453844038,1.12,1.094338045384404,8.04,1.4278612953602599,0.84,1.2769914137170502,11.29,1.13968806648525,11.05,1.1043989178267828,8.71,1.13968806648525,10.0,0.0,10.0,0.0,1.0,0.0,0.5,0.0,3.13,1.5219272736443836
199.0,199.0,100,1.1,1.087114613009218,0.11,0.10871146130092181,0.89,0.10871146130092181,0.0,0.0,0.002,0.014070529413628968,8.9,1.0871146130092182,1.1,1.087114613009218,8.04,1.4064785167864522,0.86,1.279362214842879,11.26,1.1425648976992708,11.03,1.1051303684693183,8.74,1.1425648976992708,10.0,0.0,10.0,0.0,1.0,0.0,0.5,0.0,3.13,1.5219272736443836
200.0,200.0,100,1.1,1.087114613009218,0.11,0.10871146130092181,0.89,0.10871146130092181,0.0,0.0,0.0,0.0,8.9,1.0871146130092182,1.1,1.087114613009218,8.04,1.4064785167864522,0.86,1.279362214842879,11.26,1.1425648976992708,11.02,1.0822722075860265,8.74,1.1425648976992708,10.0,0.0,10.0,0.0,1.0,0.0,0.5,0.0,3.13,1.5219272736443836
201.0,201.0,100,1.08,1.098023936741165,0.10800000000000001,0.10980239367411647,0.892,0.10980239367411648,0.0,0.0,0.002,0.01407052941362897,8.92,1.0980239367411653,1.08,1.098023936741165,8.04,1.4136420474730647,0.88,1.2814133611056981,11.23,1.1446405637587809,11.02,1.0822722075860265,8.77,1.1446405637587809,10.0,0.0,10.0,0.0,1.0,0.0,0.5,0.0,3.13,1.5219272736443836
202.0,202.0,100,1.06,1.1084614872366423,0.106,0.11084614872366423,0.894,0.11084614872366423,0.0,0.0,0.002,0.01407052941362897,8.94,1.1084614872366423,1.06,1.1084614872366423,8.04,1.4349180809335076,0.9,1.3142574813455419,11.2,1.1634153830577254,10.97,1.0959521481849062,8.8,1.1634153830577254,10.0,0.0,10.0,0.0,1.0,0.0,0.5,0.0,3.13,1.5219272736443836
203.0,203.0,100,1.04,1.1184404726712507,0.10400000000000001,0.1118440472671251,0.8959999999999999,0.11184404726712506,0.0,0.0,0.002,0.01407052941362897,8.96,1.1184404726712511,1.04,1.1184404726712507,8.02,1.4282856857085693,0.94,1.3167146136264205,11.17,1.1725393318982889,10.97,1.0959521481849062,8.83,1.1725393318982889,10.0,0.0,10.0,0.0,1.0,0.0,0.5,0.0,3.13,1.5219272736443836
204.0,204.0,100,1.03,1.1232618446814489,0.10300000000000001,0.11232618446814491,0.897,0.11232618446814488,0.0,0.0,0.001,0.009999999999999997,8.97,1.123261844681449,1.03,1.1232618446814489,8.0,1.456438162508838,0.97,1.3367758589119183,11.13,1.194727474101829,10.94,1.0427237061047034,8.87,1.194727474101829,10.0,0.0,10.0,0.0,1.0,0.0,0.5,0.0,3.13,1.5219272736443836
205.0,205.0,100,1.03,1.1232618446814489,0.10300000000000001,0.11232618446814491,0.897,0.11232618446814488,0.0,0.0,0.0,0.0,8.97,1.123261844681449,1.03,1.1232618446814489,8.03,1.438679248407364,0.94,1.3167146136264205,11.16,1.1782541441823273,10.93,1.0274514906585932,8.84,1.1782541441823273,10.0,0.0,10.0,0.0,1.0,0.0,0.5,0.0,3.13,1.5219272736443836
206.0,206.0,100,1.02,1.0915654591068515,0.10200000000000001,0.10915654591068513,0.898,0.10915654591068513,0.0,0.0,0.0009999999999999998,0.009999999999999995,8.98,1.0915654591068515,1.02,1.0915654591068515,8.04,1.4207694600412337,0.94,1.3167146136264205,11.15,1.1492202011394823,10.91,0.9649933270298412,8.85,1.1492202011394823,10.0,0.0,10.0,0.0,1.0,0.0,0.5,0.0,3.13,1.5219272736443836
207.0,207.0,100,0.99,1.0683225783035437,0.099,0.10683225783035438,0.9009999999999999,0.10683225783035434,0.0,0.0,0.003,0.01714466079977653,9.01,1.0683225783035435,0.99,1.0683225783035437,8.05,1.388080572865883,0.96,1.3174815276722385,11.11,1.1361373512071862,10.93,0.9666666666666663,8.89,1.1361373512071862,10.0,0.0,10.0,0.0,1.0,0.0,0.5,0.0,3.13,1.5219272736443836
208.0,208.0,100,0.96,1.024152766382481,0.096,0.10241527663824812,0.904,0.10241527663824809,0.0,0.0,0.002999999999999999,0.017144660799776522,9.04,1.0241527663824814,0.96,1.024152766382481,8.08,1.3756908273755604,0.96,1.3174815276722385,11.08,1.0887858124785357,10.92,0.9710974734959944,8.92,1.0887858124785357,10.0,0.0,10.0,0.0,1.0,0.0,0.5,0.0,3.13,1.5219272736443836
209.0,209.0,100,0.94,1.0231660113924264,0.094,0.10231660113924265,0.9059999999999999,0.10231660113924264,0.0,0.0,0.002,0.014070529413628973,9.06,1.0231660113924266,0.94,1.0231660113924264,8.09,1.4077347661108515,0.97,1.3139115785940982,11.05,1.0671873729054746,10.91,0.9649933270298409,8.95,1.0671873729054746,10.0,0.0,10.0,0.0,1.0,0.0,0.5,0.0,3.13,1.5219272736443836
210.0,210.0,100,0.94,1.0231660113924264,0.094,0.10231660113924265,0.9059999999999999,0.10231660113924264,0.0,0.0,0.0,0.0,9.06,1.0231660113924266,0.94,1.0231660113924264,8.09,1.393310134648109,0.97,1.3139115785940985,11.05,1.0859525446781404,10.89,0.9628975631767475,8.95,1.0859525446781404,10.0,0.0,10.0,0.0,1.0,0.0,0.5,0.0,3.13,1.5219272736443836
211.0,211.0,100,0.94,1.0231660113924264,0.094,0.10231660113924265,0.9059999999999999,0.10231660113924264,0.0,0.0,0.0,0.0,9.06,1.0231660113924266,0.94,1.0231660113924264,8.1,1.3889898953170714,0.96,1.3174815276722385,11.06,1.0900838629586385,10.9,0.9795896894087643,8.94,1.0900838629586385,10.0,0.0,10.0,0.0,1.0,0.0,0.5,0.0,3.13,1.5219272736443836
212.0,212.0,100,0.91,1.0356767172367363,0.091,0.10356767172367362,0.909,0.1035676717236736,0.0,0.0,0.0030000000000000005,0.01714466079977653,9.09,1.0356767172367365,0.91,1.0356767172367363,8.13,1.3681440647162064,0.96,1.3174815276722385,11.02,1.1099185519303625,10.89,0.9416834270431216,8.98,1.1099185519303625,10.0,0.0,10.0,0.0,1.0,0.0,0.5,0.0,3.13,1.5219272736443836
213.0,213.0,100,0.91,1.0356767172367363,0.091,0.10356767172367362,0.909,0.1035676717236736,0.0,0.0,0.0,0.0,9.09,1.0356767172367365,0.91,1.0356767172367363,8.13,1.3681440647162064,0.96,1.3174815276722385,11.02,1.1099185519303625,10.88,0.9458041311738155,8.98,1.1099185519303625,10.0,0.0,10.0,0.0,1.0,0.0,0.5,0.0,3.13,1.5219272736443836
214.0,214.0,100,0.88,0.9977753031397174,0.08800000000000001,0.09977753031397177,0.912,0.09977753031397174,0.0,0.0,0.002999999999999999,0.017144660799776525,9.12,0.9977753031397172,0.88,0.9977753031397174,8.16,1.3612234544443067,0.96,1.3174815276722385,10.99,1.0588253449512395,10.85,0.957427107756338,9.01,1.0588253449512395,10.0,0.0,10.0,0.0,1.0,0.0,0.5,0.0,3.13,1.5219272736443836
215.0,215.0,100,0.87,0.9708373975724525,0.08700000000000001,0.09708373975724528,0.9129999999999999,0.09708373975724525,0.0,0.0,0.0010000000000000002,0.01,9.13,0.9708373975724525,0.87,0.9708373975724525,8.17,1.3488116730266415,0.96,1.3174815276722385,10.98,1.0345545081352796,10.84,0.9610600208292734,9.02,1.0345545081352796,10.0,0.0,10.0,0.0,1.0,0.0,0.5,0.0,3.13,1.5219272736443836
216.0,216.0,100,0.84,0.9289942427325926,0.084,0.09289942427325927,0.9159999999999999,0.09289942427325927,0.0,0.0,0.002999999999999999,0.022270150335361363,9.16,0.9289942427325923,0.84,0.9289942427325926,8.18,1.343747210473966,0.98,1.3179414618903593,10.95,0.9885710532241615,10.8,0.9101004495564377,9.05,0.9885710532241615,10.0,0.0,10.0,0.0,1.0,0.0,0.5,0.0,3.13,1.5219272736443836
217.0,217.0,100,0.83,0.9326296048260423,0.083,0.09326296048260423,0.917,0.0932629604826042,0.0,0.0,0.001,0.009999999999999997,9.17,0.9326296048260415,0.83,0.9326296048260423,8.19,1.3535960336164625,0.98,1.3179414618903593,10.94,0.9931075602685873,10.8,0.9101004495564377,9.06,0.9931075602685873,10.0,0.0,10.0,0.0,1.0,0.0,0.5,0.0,3.13,1.5219272736443836
218.0,218.0,100,0.83,0.9326296048260423,0.083,0.09326296048260423,0.917,0.0932629604826042,0.0,0.0,0.0,0.0,9.17,0.9326296048260415,0.83,0.9326296048260423,8.19,1.3535960336164625,0.98,1.3179414618903593,10.94,0.9931075602685873,10.78,0.9274707651468157,9.06,0.9931075602685873,10.0,0.0,10.0,0.0,1.0,0.0,0.5,0.0,3.13,1.5219272736443836
219.0,219.0,100,0.82,0.9252900173251715,0.08200000000000002,0.09252900173251716,0.9179999999999999,0.09252900173251712,0.0,0.0,0.001,0.010000000000000002,9.18,0.9252900173251709,0.82,0.9252900173251715,8.2,1.3408876902931863,0.98,1.3179414618903593,10.93,0.9873441572463394,10.76,0.9224473377429688,9.07,0.9873441572463394,10.0,0.0,10.0,0.0,1.0,0.0,0.5,0.0,3.13,1.5219272736443836
220.0,220.0,100,0.8,0.9211323729436766,0.08,0.09211323729436766,0.92,0.09211323729436767,0.0,0.0,0.002,0.014070529413628968,9.2,0.9211323729436767,0.8,0.9211323729436766,8.22,1.3148721948877333,0.98,1.3179414618903593,10.91,0.9857059204530333,10.77,0.9195409482755812,9.09,0.9857059204530333,10.0,0.0,10.0,0.0,1.0,0.0,0.5,0.0,3.13,1.5219272736443836
221.0,221.0,100,0.8,0.9211323729436766,0.08,0.09211323729436766,0.92,0.09211323729436767,0.0,0.0,0.0,0.0,9.2,0.9211323729436767,0.8,0.9211323729436766,8.22,1.3148721948877333,0.98,1.3179414618903593,10.91,0.9857059204530333,10.75,0.9142530206997325,9.09,0.9857059204530333,10.0,0.0,10.0,0.0,1.0,0.0,0.5,0.0,3.13,1.5219272736443836
222.0,222.0,100,0.78,0.8713161993168262,0.07800000000000001,0.08713161993168264,0.922,0.08713161993168261,0.0,0.0,0.002,0.014070529413628968,9.22,0.8713161993168264,0.78,0.8713161993168262,8.24,1.2958363782483955,0.98,1.3179414618903593,10.89,0.9416834270431216,10.73,0.8973023543664167,9.11,0.9416834270431216,10.0,0.0,10.0,0.0,1.0,0.0,0.5,0.0,3.13,1.5219272736443836
223.0,223.0,100,0.77,0.8744984132332516,0.077,0.08744984132332517,0.9229999999999999,0.08744984132332513,0.0,0.0,0.001,0.01,9.23,0.8744984132332517,0.77,0.8744984132332516,8.25,1.2583057392117916,0.98,1.3179414618903593,10.88,0.9458041311738155,10.7,0.9156330260447347,9.12,0.9458041311738155,10.0,0.0,10.0,0.0,1.0,0.0,0.5,0.0,3.13,1.5219272736443836
224.0,224.0,100,0.75,0.8804842561071297,0.075,0.08804842561071295,0.925,0.0880484256107129,0.0,0.0,0.002,0.014070529413628971,9.25,0.8804842561071289,0.75,0.8804842561071297,8.25,1.2502524997500755,1.0,1.3180947376322147,10.85,0.957427107756338,10.67,0.8995509541943243,9.15,0.957427107756338,10.0,0.0,10.0,0.0,1.0,0.0,0.5,0.0,3.13,1.5219272736443836
225.0,225.0,100,0.74,0.8832904506457773,0.07400000000000001,0.08832904506457771,0.926,0.08832904506457769,0.0,0.0,0.001,0.01,9.26,0.883290450645777,0.74,0.8832904506457773,8.24,1.3036080466896252,1.02,1.3557211357723236,10.82,0.9679719505077079,10.66,0.9014018263378727,9.18,0.9679719505077079,10.0,0.0,10.0,0.0,1.0,0.0,0.5,0.0,3.13,1.5219272736443836
226.0,226.0,100,0.72,0.8537498983243799,0.07200000000000001,0.08537498983243798,0.9279999999999999,0.08537498983243796,0.0,0.0,0.002,0.014070529413628968,9.28,0.8537498983243791,0.72,0.8537498983243799,8.26,1.2602709344751342,1.02,1.3179414618903589,10.81,0.9177816909936882,10.64,0.9268170795739032,9.19,0.9177816909936882,10.0,0.0,10.0,0.0,1.0,0.0,0.5,0.0,3.13,1.5219272736443836
227.0,227.0,100,0.72,0.8537498983243799,0.07200000000000001,0.08537498983243798,0.9279999999999999,0.08537498983243796,0.0,0.0,0.0,0.0,9.28,0.8537498983243791,0.72,0.8537498983243799,8.25,1.2502524997500757,1.03,1.3139115785940987,10.8,0.9320337272260433,10.64,0.9268170795739035,9.2,0.9320337272260433,10.0,0.0,10.0,0.0,1.0,0.0,0.5,0.0,3.13,1.5219272736443836
228.0,228.0,100,0.71,0.8562898593539008,0.07100000000000001,0.08562898593539008,0.929,0.08562898593539006,0.0,0.0,0.001,0.009999999999999997,9.29,0.8562898593539006,0.71,0.8562898593539008,8.27,1.2701308291795472,1.02,1.3179414618903589,10.8,0.9211323729436777,10.65,0.9142530206997329,9.2,0.9211323729436777,10.0,0.0,10.0,0.0,1.0,0.0,0.5,0.0,3.13,1.5219272736443836
229.0,229.0,100,0.69,0.8491826135237998,0.069,0.08491826135237997,0.9309999999999999,0.08491826135237994,0.0,0.0,0.002,0.02,9.31,0.8491826135237999,0.69,0.8491826135237998,8.29,1.281531596303124,1.02,1.3179414618903589,10.79,0.91336872304805,10.64,0.9268170795739031,9.21,0.91336872304805,10.0,0.0,10.0,0.0,1.0,0.0,0.5,0.0,3.13,1.5219272736443836
230.0,230.0,100,0.69,0.8491826135237998,0.069,0.08491826135237997,0.9309999999999999,0.08491826135237994,0.0,0.0,0.0,0.0,9.31,0.8491826135237999,0.69,0.8491826135237998,8.27,1.262153042634016,1.04,1.3097921802925665,10.77,0.9304609480024272,10.63,0.9173413495069063,9.23,0.9304609480024272,10.0,0.0,10.0,0.0,1.0,0.0,0.5,0.0,3.13,1.5219272736443836
231.0,231.0,100,0.67,0.8415353933031089,0.067,0.08415353933031089,0.9329999999999999,0.08415353933031088,0.0,0.0,0.002,0.01407052941362897,9.33,0.841535393303109,0.67,0.8415353933031089,8.31,1.2925192689496208,1.02,1.3179414618903589,10.77,0.908489700191222,10.63,0.9173413495069063,9.23,0.908489700191222,10.0,0.0,10.0,0.0,1.0,0.0,0.5,0.0,3.13,1.5219272736443836
232.0,232.0,100,0.65,0.8211226608993473,0.065,0.08211226608993473,0.935,0.08211226608993472,0.0,0.0,0.002,0.01407052941362897,9.35,0.8211226608993477,0.65,0.8211226608993473,8.32,1.2703296319213275,1.03,1.3139115785940987,10.74,0.8946530279410233,10.65,0.8918825850158452,9.26,0.8946530279410233,10.0,0.0,10.0,0.0,1.0,0.0,0.5,0.0,3.13,1.5219272736443836
233.0,233.0,100,0.64,0.8229044398784814,0.064,0.08229044398784814,0.9359999999999999,0.08229044398784811,0.0,0.0,0.001,0.01,9.36,0.8229044398784816,0.64,0.8229044398784814,8.34,1.2730302669638538,1.02,1.3179414618903589,10.74,0.8946530279410233,10.64,0.8706203523808741,9.26,0.8946530279410233,10.0,0.0,10.0,0.0,1.0,0.0,0.5,0.0,3.13,1.5219272736443836
234.0,234.0,100,0.6,0.8040302522073698,0.06,0.08040302522073699,0.94,0.08040302522073696,0.0,0.0,0.004,0.028141058827257932,9.4,0.8040302522073699,0.6,0.8040302522073698,8.37,1.2685392856320687,1.03,1.329198132998868,10.7,0.893297149877799,10.62,0.8619920550853722,9.3,0.893297149877799,10.0,0.0,10.0,0.0,1.0,0.0,0.5,0.0,3.13,1.5219272736443836
235.0,235.0,100,0.59,0.792579218868258,0.059000000000000004,0.07925792188682582,0.941,0.07925792188682584,0.0,0.0,0.001,0.009999999999999997,9.41,0.7925792188682582,0.59,0.792579218868258,8.39,1.2624731220261214,1.02,1.3179414618903589,10.7,0.8703882797784892,10.62,0.8619920550853722,9.3,0.8703882797784892,10.0,0.0,10.0,0.0,1.0,0.0,0.5,0.0,3.13,1.5219272736443836
236.0,236.0,100,0.59,0.792579218868258,0.059000000000000004,0.07925792188682582,0.941,0.07925792188682584,0.0,0.0,0.0,0.0,9.41,0.7925792188682582,0.59,0.792579218868258,8.38,1.2535202955329976,1.03,1.3139115785940987,10.69,0.8841477092189807,10.61,0.8274946977156256,9.31,0.8841477092189807,10.0,0.0,10.0,0.0,1.0,0.0,0.5,0.0,3.13,1.5219272736443836
237.0,237.0,100,0.58,0.7936617603859907,0.05800000000000001,0.07936617603859909,0.9420000000000001,0.0793661760385991,0.0,0.0,0.001,0.01,9.42,0.7936617603859909,0.58,0.7936617603859907,8.4,1.2712834523274557,1.02,1.3179414618903589,10.69,0.8726483550177307,10.59,0.8052228501376738,9.31,0.8726483550177307,10.0,0.0,10.0,0.0,1.0,0.0,0.5,0.0,3.13,1.5219272736443836
238.0,238.0,100,0.58,0.7936617603859907,0.05800000000000001,0.07936617603859909,0.9420000000000001,0.0793661760385991,0.0,0.0,0.0,0.0,9.42,0.7936617603859909,0.58,0.7936617603859907,8.4,1.2712834523274557,1.02,1.3179414618903589,10.69,0.8726483550177307,10.59,0.792579218868258,9.31,0.8726483550177307,10.0,0.0,10.0,0.0,1.0,0.0,0.5,0.0,3.13,1.5219272736443836
239.0,239.0,100,0.58,0.7936617603859907,0.05800000000000001,0.07936617603859909,0.9420000000000001,0.0793661760385991,0.0,0.0,0.0,0.0,9.42,0.7936617603859909,0.58,0.7936617603859907,8.4,1.2712834523274557,1.02,1.3179414618903589,10.69,0.8726483550177307,10.59,0.792579218868258,9.31,0.8726483550177307,10.0,0.0,10.0,0.0,1.0,0.0,0.5,0.0,3.13,1.5219272736443836
240.0,240.0,100,0.56,0.7826399252052327,0.05600000000000001,0.0782639925205233,0.9440000000000001,0.0782639925205233,0.0,0.0,0.002,0.02,9.44,0.782639925205233,0.56,0.7826399252052327,8.42,1.2806248474865678,1.02,1.3179414618903589,10.68,0.8631630813759961,10.58,0.7808309482192477,9.32,0.8631630813759961,10.0,0.0,10.0,0.0,1.0,0.0,0.5,0.0,3.13,1.5219272736443836
241.0,241.0,100,0.56,0.7826399252052327,0.05600000000000001,0.0782639925205233,0.9440000000000001,0.0782639925205233,0.0,0.0,0.0,0.0,9.44,0.782639925205233,0.56,0.7826399252052327,8.42,1.2806248474865678,1.02,1.3179414618903589,10.68,0.8631630813759961,10.57,0.768771813355628,9.32,0.8631630813759961,10.0,0.0,10.0,0.0,1.0,0.0,0.5,0.0,3.13,1.5219272736443836
242.0,242.0,100,0.56,0.7826399252052327,0.05600000000000001,0.0782639925205233,0.9440000000000001,0.0782639925205233,0.0,0.0,0.0,0.0,9.44,0.782639925205233,0.56,0.7826399252052327,8.42,1.2806248474865678,1.02,1.3179414618903589,10.68,0.8631630813759961,10.57,0.768771813355628,9.32,0.8631630813759961,10.0,0.0,10.0,0.0,1.0,0.0,0.5,0.0,3.13,1.5219272736443836
243.0,243.0,100,0.56,0.7826399252052327,0.05600000000000001,0.0782639925205233,0.9440000000000001,0.0782639925205233,0.0,0.0,0.0,0.0,9.44,0.782639925205233,0.56,0.7826399252052327,8.4,1.3026778945578592,1.04,1.3174815276722387,10.67,0.8415353933031093,10.57,0.768771813355628,9.33,0.8415353933031093,10.0,0.0,10.0,0.0,1.0,0.0,0.5,0.0,3.13,1.5219272736443836
244.0,244.0,100,0.54,0.7709367252527501,0.054000000000000006,0.077093672525275,0.946,0.07709367252527505,0.0,0.0,0.002,0.014070529413628968,9.46,0.7709367252527507,0.54,0.7709367252527501,8.4,1.3026778945578594,1.06,1.3167146136264205,10.64,0.8350890595461885,10.57,0.768771813355628,9.36,0.8350890595461885,10.0,0.0,10.0,0.0,1.0,0.0,0.5,0.0,3.13,1.5219272736443836
245.0,245.0,100,0.54,0.7709367252527501,0.054000000000000006,0.077093672525275,0.946,0.07709367252527505,0.0,0.0,0.0,0.0,9.46,0.7709367252527507,0.54,0.7709367252527501,8.4,1.3026778945578594,1.06,1.3167146136264205,10.64,0.8350890595461885,10.56,0.7563869460277671,9.36,0.8350890595461885,10.0,0.0,10.0,0.0,1.0,0.0,0.5,0.0,3.13,1.5219272736443836
246.0,246.0,100,0.52,0.7585206228927037,0.052000000000000005,0.07585206228927038,0.948,0.07585206228927037,0.0,0.0,0.002,0.014070529413628968,9.48,0.7585206228927037,0.52,0.7585206228927037,8.42,1.3117957466038976,1.06,1.3167146136264205,10.62,0.8137703743822472,10.56,0.7563869460277671,9.38,0.8137703743822472,10.0,0.0,10.0,0.0,1.0,0.0,0.5,0.0,3.13,1.5219272736443836
247.0,247.0,100,0.5,0.7316785737969476,0.05,0.07316785737969478,0.95,0.07316785737969478,0.0,0.0,0.002,0.014070529413628966,9.5,0.7316785737969479,0.5,0.7316785737969476,8.44,1.3128733235298693,1.06,1.3167146136264205,10.6,0.7913675671030662,10.57,0.768771813355628,9.4,0.7913675671030662,10.0,0.0,10.0,0.0,1.0,0.0,0.5,0.0,3.13,1.5219272736443836
248.0,248.0,100,0.49,0.7316095442601369,0.049,0.07316095442601371,0.951,0.0731609544260137,0.0,0.0,0.001,0.010000000000000002,9.51,0.7316095442601371,0.49,0.7316095442601369,8.45,1.3055824196677341,1.06,1.3167146136264205,10.59,0.792579218868258,10.57,0.768771813355628,9.41,0.792579218868258,10.0,0.0,10.0,0.0,1.0,0.0,0.5,0.0,3.13,1.5219272736443836
249.0,249.0,100,0.49,0.7316095442601369,0.049,0.07316095442601371,0.951,0.0731609544260137,0.0,0.0,0.0,0.0,9.51,0.7316095442601371,0.49,0.7316095442601369,8.45,1.3055824196677341,1.06,1.3167146136264205,10.59,0.792579218868258,10.57,0.768771813355628,9.41,0.792579218868258,10.0,0.0,10.0,0.0,1.0,0.0,0.5,0.0,3.13,1.5219272736443836
250.0,250.0,100,0.48,0.7174590404667535,0.04800000000000001,0.07174590404667536,0.9520000000000001,0.07174590404667536,0.0,0.0,0.001,0.01,9.52,0.7174590404667537,0.48,0.7174590404667535,8.46,1.305930528571312,1.06,1.3167146136264205,10.58,0.7808309482192477,10.55,0.7299508769967215,9.42,0.7808309482192477,10.0,0.0,10.0,0.0,1.0,0.0,0.5,0.0,3.13,1.5219272736443836
251.0,251.0,100,0.47,0.7028800779936817,0.047,0.07028800779936818,0.953,0.07028800779936815,0.0,0.0,0.001,0.01,9.53,0.7028800779936818,0.47,0.7028800779936817,8.47,1.306201215801615,1.06,1.3167146136264205,10.57,0.768771813355628,10.55,0.7299508769967215,9.43,0.768771813355628,10.0,0.0,10.0,0.0,1.0,0.0,0.5,0.0,3.13,1.5219272736443836
252.0,252.0,100,0.47,0.7028800779936817,0.047,0.07028800779936818,0.953,0.07028800779936815,0.0,0.0,0.0,0.0,9.53,0.7028800779936818,0.47,0.7028800779936817,8.47,1.306201215801615,1.06,1.3167146136264205,10.57,0.768771813355628,10.54,0.7166138105949073,9.43,0.768771813355628,10.0,0.0,10.0,0.0,1.0,0.0,0.5,0.0,3.13,1.5219272736443836
253.0,253.0,100,0.47,0.7028800779936817,0.047,0.07028800779936818,0.953,0.07028800779936815,0.0,0.0,0.0,0.0,9.53,0.7028800779936818,0.47,0.7028800779936817,8.47,1.306201215801615,1.06,1.3167146136264205,10.57,0.768771813355628,10.54,0.7166138105949073,9.43,0.768771813355628,10.0,0.0,10.0,0.0,1.0,0.0,0.5,0.0,3.13,1.5219272736443836
254.0,254.0,100,0.47,0.7028800779936817,0.047,0.07028800779936818,0.953,0.07028800779936815,0.0,0.0,0.0,0.0,9.53,0.7028800779936818,0.47,0.7028800779936817,8.47,1.306201215801615,1.06,1.3167146136264205,10.57,0.768771813355628,10.52,0.6887259501016604,9.43,0.768771813355628,10.0,0.0,10.0,0.0,1.0,0.0,0.5,0.0,3.13,1.5219272736443836
255.0,255.0,100,0.47,0.7028800779936817,0.047,0.07028800779936818,0.953,0.07028800779936815,0.0,0.0,0.0,0.0,9.53,0.7028800779936818,0.47,0.7028800779936817,8.47,1.306201215801615,1.06,1.3167146136264205,10.57,0.768771813355628,10.51,0.6741249472052232,9.43,0.768771813355628,10.0,0.0,10.0,0.0,1.0,0.0,0.5,0.0,3.13,1.5219272736443836
256.0,256.0,100,0.47,0.7028800779936817,0.047,0.07028800779936818,0.953,0.07028800779936815,0.0,0.0,0.0,0.0,9.53,0.7028800779936818,0.47,0.7028800779936817,8.47,1.306201215801615,1.06,1.3167146136264205,10.57,0.768771813355628,10.5,0.6741998624632427,9.43,0.768771813355628,10.0,0.0,10.0,0.0,1.0,0.0,0.5,0.0,3.13,1.5219272736443836
257.0,257.0,100,0.47,0.7028800779936817,0.047,0.07028800779936818,0.953,0.07028800779936815,0.0,0.0,0.0,0.0,9.53,0.7028800779936818,0.47,0.7028800779936817,8.47,1.306201215801615,1.06,1.3167146136264205,10.57,0.768771813355628,10.48,0.673900151462674,9.43,0.768771813355628,10.0,0.0,10.0,0.0,1.0,0.0,0.5,0.0,3.13,1.5219272736443836
258.0,258.0,100,0.47,0.7028800779936817,0.047,0.07028800779936818,0.953,0.07028800779936815,0.0,0.0,0.0,0.0,9.53,0.7028800779936818,0.47,0.7028800779936817,8.47,1.306201215801615,1.06,1.3167146136264205,10.57,0.768771813355628,10.47,0.6735253251633263,9.43,0.768771813355628,10.0,0.0,10.0,0.0,1.0,0.0,0.5,0.0,3.13,1.5219272736443836
259.0,259.0,100,0.47,0.7028800779936817,0.047,0.07028800779936818,0.953,0.07028800779936815,0.0,0.0,0.0,0.0,9.53,0.7028800779936818,0.47,0.7028800779936817,8.47,1.306201215801615,1.06,1.3167146136264205,10.57,0.768771813355628,10.47,0.6735253251633263,9.43,0.768771813355628,10.0,0.0,10.0,0.0,1.0,0.0,0.5,0.0,3.13,1.5219272736443836
260.0,260.0,100,0.45,0.6723244767373877,0.045,0.06723244767373877,0.955,0.06723244767373877,0.0,0.0,0.002,0.014070529413628971,9.55,0.6723244767373878,0.45,0.6723244767373877,8.48,1.3063945294843613,1.07,1.3123731299913268,10.55,0.7299508769967215,10.45,0.6571287406727706,9.45,0.7299508769967215,10.0,0.0,10.0,0.0,1.0,0.0,0.5,0.0,3.13,1.5219272736443836
261.0,261.0,100,0.45,0.6723244767373877,0.045,0.06723244767373877,0.955,0.06723244767373877,0.0,0.0,0.0,0.0,9.55,0.6723244767373878,0.45,0.6723244767373877,8.48,1.3063945294843613,1.07,1.3123731299913268,10.55,0.7299508769967215,10.44,0.6562827673397121,9.45,0.7299508769967215,10.0,0.0,10.0,0.0,1.0,0.0,0.5,0.0,3.13,1.5219272736443836
262.0,262.0,100,0.44,0.656282767339712,0.044000000000000004,0.06562827673397122,0.956,0.06562827673397116,0.0,0.0,0.001,0.009999999999999997,9.56,0.656282767339712,0.44,0.656282767339712,8.49,1.3065105039645482,1.07,1.3123731299913268,10.54,0.7166138105949073,10.44,0.6562827673397121,9.46,0.7166138105949073,10.0,0.0,10.0,0.0,1.0,0.0,0.5,0.0,3.13,1.5219272736443836
263.0,263.0,100,0.44,0.656282767339712,0.044000000000000004,0.06562827673397122,0.956,0.06562827673397116,0.0,0.0,0.0,0.0,9.56,0.656282767339712,0.44,0.656282767339712,8.49,1.3065105039645482,1.07,1.3123731299913268,10.54,0.7166138105949073,10.41,0.668104510060841,9.46,0.7166138105949073,10.0,0.0,10.0,0.0,1.0,0.0,0.5,0.0,3.13,1.5219272736443836
264.0,264.0,100,0.42,0.638495706858525,0.042,0.06384957068585252,0.958,0.06384957068585247,0.0,0.0,0.002,0.01407052941362897,9.58,0.638495706858525,0.42,0.638495706858525,8.51,1.2909553270991436,1.07,1.3123731299913268,10.52,0.6887259501016604,10.38,0.707535200966044,9.48,0.6887259501016604,10.0,0.0,10.0,0.0,1.0,0.0,0.5,0.0,3.13,1.5219272736443836
265.0,265.0,100,0.41,0.6371495868001452,0.04100000000000001,0.06371495868001455,0.9590000000000001,0.06371495868001448,0.0,0.0,0.001,0.01,9.59,0.6371495868001457,0.41,0.6371495868001452,8.52,1.2986395367709413,1.07,1.3123731299913268,10.51,0.6741249472052232,10.38,0.707535200966044,9.49,0.6741249472052232,10.0,0.0,10.0,0.0,1.0,0.0,0.5,0.0,3.13,1.5219272736443836
266.0,266.0,100,0.41,0.6371495868001452,0.04100000000000001,0.06371495868001455,0.9590000000000001,0.06371495868001448,0.0,0.0,0.0,0.0,9.59,0.6371495868001457,0.41,0.6371495868001452,8.52,1.2986395367709413,1.07,1.3123731299913268,10.51,0.6741249472052232,10.38,0.6931118527366562,9.49,0.6741249472052232,10.0,0.0,10.0,0.0,1.0,0.0,0.5,0.0,3.13,1.5219272736443836
267.0,267.0,100,0.4,0.6356417261637282,0.04,0.06356417261637283,0.96,0.06356417261637276,0.0,0.0,0.001,0.01,9.6,0.6356417261637285,0.4,0.6356417261637282,8.51,1.2831070245165208,1.09,1.31114107139198,10.49,0.6741249472052236,10.37,0.69128777501037,9.51,0.6741249472052236,10.0,0.0,10.0,0.0,1.0,0.0,0.5,0.0,3.13,1.5219272736443836
268.0,268.0,100,0.39,0.6339709708805222,0.03900000000000001,0.06339709708805222,0.961,0.06339709708805218,0.0,0.0,0.001,0.01,9.61,0.6339709708805225,0.39,0.6339709708805222,8.51,1.298756203745599,1.1,1.3219208552234691,10.46,0.7166138105949077,10.37,0.69128777501037,9.54,0.7166138105949077,10.0,0.0,10.0,0.0,1.0,0.0,0.5,0.0,3.13,1.5219272736443836
269.0,269.0,100,0.39,0.6339709708805222,0.03900000000000001,0.06339709708805222,0.961,0.06339709708805218,0.0,0.0,0.0,0.0,9.61,0.6339709708805225,0.39,0.6339709708805222,8.5,1.3142574813455425,1.11,1.3325376413657384,10.46,0.6878454136877805,10.36,0.6744994402884962,9.54,0.6878454136877805,10.0,0.0,10.0,0.0,1.0,0.0,0.5,0.0,3.13,1.5219272736443836
270.0,270.0,100,0.38,0.6321360293449184,0.038000000000000006,0.06321360293449185,0.9620000000000001,0.0632136029344918,0.0,0.0,0.001,0.01,9.62,0.6321360293449187,0.38,0.6321360293449184,8.51,1.3065105039645475,1.11,1.309599368146803,10.46,0.6578200914591107,10.36,0.6744994402884962,9.54,0.6578200914591107,10.0,0.0,10.0,0.0,1.0,0.0,0.5,0.0,3.13,1.5219272736443836
271.0,271.0,100,0.37,0.6301354672375671,0.037000000000000005,0.06301354672375672,0.963,0.06301354672375668,0.0,0.0,0.001,0.01,9.63,0.6301354672375674,0.37,0.6301354672375671,8.52,1.3141037580300448,1.11,1.309599368146803,10.45,0.6571287406727706,10.38,0.632136029344918,9.55,0.6571287406727706,10.0,0.0,10.0,0.0,1.0,0.0,0.5,0.0,3.13,1.5219272736443836
272.0,272.0,100,0.37,0.6301354672375671,0.037000000000000005,0.06301354672375672,0.963,0.06301354672375668,0.0,0.0,0.0,0.0,9.63,0.6301354672375674,0.37,0.6301354672375671,8.52,1.3141037580300448,1.11,1.309599368146803,10.45,0.6571287406727706,10.36,0.594928057784632,9.55,0.6571287406727706,10.0,0.0,10.0,0.0,1.0,0.0,0.5,0.0,3.13,1.5219272736443836
273.0,273.0,100,0.35,0.625630994607957,0.035,0.06256309946079569,0.965,0.06256309946079565,0.0,0.0,0.002,0.014070529413628968,9.65,0.625630994607957,0.35,0.625630994607957,8.53,1.2906423113154069,1.12,1.3048472181164592,10.42,0.6693883835866947,10.35,0.5924610544247624,9.58,0.6693883835866947,10.0,0.0,10.0,0.0,1.0,0.0,0.5,0.0,3.13,1.5219272736443836
274.0,274.0,100,0.35,0.625630994607957,0.035,0.06256309946079569,0.965,0.06256309946079565,0.0,0.0,0.0,0.0,9.65,0.625630994607957,0.35,0.625630994607957,8.54,1.2981727640235425,1.11,1.309599368146803,10.43,0.6552815726036704,10.34,0.5898125023079688,9.57,0.6552815726036704,10.0,0.0,10.0,0.0,1.0,0.0,0.5,0.0,3.13,1.5219272736443836
275.0,275.0,100,0.35,0.625630994607957,0.035,0.06256309946079569,0.965,0.06256309946079565,0.0,0.0,0.0,0.0,9.65,0.625630994607957,0.35,0.625630994607957,8.54,1.2981727640235425,1.11,1.309599368146803,10.43,0.6552815726036704,10.35,0.5751591786697666,9.57,0.6552815726036704,10.0,0.0,10.0,0.0,1.0,0.0,0.5,0.0,3.13,1.5219272736443836
276.0,276.0,100,0.34,0.6231234454607116,0.034,0.06231234454607114,0.966,0.06231234454607113,0.0,0.0,0.001,0.009999999999999997,9.66,0.6231234454607112,0.34,0.6231234454607116,8.55,1.2900160518929267,1.11,1.309599368146803,10.42,0.6384957068585249,10.35,0.5751591786697666,9.58,0.6384957068585249,10.0,0.0,10.0,0.0,1.0,0.0,0.5,0.0,3.13,1.5219272736443836
277.0,277.0,100,0.33,0.6204429828352441,0.033,0.0620442982835244,0.9670000000000001,0.06204429828352438,0.0,0.0,0.001,0.010000000000000002,9.67,0.6204429828352438,0.33,0.6204429828352441,8.56,1.2817286307281597,1.11,1.309599368146803,10.41,0.6371495868001452,10.35,0.5751591786697666,9.59,0.6371495868001452,10.0,0.0,10.0,0.0,1.0,0.0,0.5,0.0,3.13,1.5219272736443836
278.0,278.0,100,0.33,0.6204429828352441,0.033,0.0620442982835244,0.9670000000000001,0.06204429828352438,0.0,0.0,0.0,0.0,9.67,0.6204429828352438,0.33,0.6204429828352441,8.56,1.2817286307281597,1.11,1.309599368146803,10.41,0.6371495868001452,10.35,0.5751591786697666,9.59,0.6371495868001452,10.0,0.0,10.0,0.0,1.0,0.0,0.5,0.0,3.13,1.5219272736443836
279.0,279.0,100,0.32,0.6010092521851235,0.032,0.06010092521851234,0.968,0.06010092521851234,0.0,0.0,0.001,0.009999999999999997,9.68,0.6010092521851234,0.32,0.6010092521851235,8.57,1.2812162781962897,1.11,1.309599368146803,10.4,0.6195469181897233,10.35,0.5751591786697666,9.6,0.6195469181897233,10.0,0.0,10.0,0.0,1.0,0.0,0.5,0.0,3.13,1.5219272736443836
280.0,280.0,100,0.32,0.6010092521851235,0.032,0.06010092521851234,0.968,0.06010092521851234,0.0,0.0,0.0,0.0,9.68,0.6010092521851234,0.32,0.6010092521851235,8.57,1.2812162781962897,1.11,1.309599368146803,10.4,0.6195469181897233,10.34,0.5724305789148302,9.6,0.6195469181897233,10.0,0.0,10.0,0.0,1.0,0.0,0.5,0.0,3.13,1.5219272736443836
281.0,281.0,100,0.31,0.5978919195596705,0.031,0.059789191955967054,0.9690000000000001,0.05978919195596703,0.0,0.0,0.001,0.009999999999999997,9.69,0.5978919195596708,0.31,0.5978919195596705,8.58,1.2884882693303887,1.11,1.309599368146803,10.39,0.6178326405404388,10.33,0.5695115752497348,9.61,0.6178326405404388,10.0,0.0,10.0,0.0,1.0,0.0,0.5,0.0,3.13,1.5219272736443836
282.0,282.0,100,0.29,0.5558685986722932,0.029000000000000005,0.05558685986722933,0.971,0.05558685986722934,0.0,0.0,0.002,0.01407052941362897,9.71,0.5558685986722928,0.29,0.5558685986722932,8.6,1.287076398884564,1.11,1.309599368146803,10.37,0.5800557270337453,10.32,0.5482755334738735,9.63,0.5800557270337453,10.0,0.0,10.0,0.0,1.0,0.0,0.5,0.0,3.13,1.5219272736443836
283.0,283.0,100,0.28,0.5519478821831502,0.028000000000000004,0.055194788218315013,0.972,0.05519478821831506,0.0,0.0,0.001,0.01,9.72,0.5519478821831498,0.28,0.5519478821831502,8.61,1.2940813207238815,1.11,1.309599368146803,10.36,0.5777000724747869,10.31,0.5630903187506485,9.64,0.5777000724747869,10.0,0.0,10.0,0.0,1.0,0.0,0.5,0.0,3.13,1.5219272736443836
284.0,284.0,100,0.27,0.5478147589295219,0.027000000000000003,0.054781475892952174,0.973,0.05478147589295216,0.0,0.0,0.001,0.009999999999999997,9.73,0.547814758929522,0.27,0.5478147589295219,8.62,1.300970888423431,1.11,1.309599368146803,10.35,0.5751591786697666,10.31,0.5630903187506485,9.65,0.5751591786697666,10.0,0.0,10.0,0.0,1.0,0.0,0.5,0.0,3.13,1.5219272736443836
285.0,285.0,100,0.27,0.5478147589295219,0.027000000000000003,0.054781475892952174,0.973,0.05478147589295216,0.0,0.0,0.0,0.0,9.73,0.547814758929522,0.27,0.5478147589295219,8.62,1.300970888423431,1.11,1.309599368146803,10.35,0.5751591786697666,10.31,0.5630903187506485,9.65,0.5751591786697666,10.0,0.0,10.0,0.0,1.0,0.0,0.5,0.0,3.13,1.5219272736443836
286.0,286.0,100,0.27,0.5478147589295219,0.027000000000000003,0.054781475892952174,0.973,0.05478147589295216,0.0,0.0,0.0,0.0,9.73,0.547814758929522,0.27,0.5478147589295219,8.62,1.300970888423431,1.11,1.309599368146803,10.35,0.5751591786697666,10.3,0.5412294272573257,9.65,0.5751591786697666,10.0,0.0,10.0,0.0,1.0,0.0,0.5,0.0,3.13,1.5219272736443836
287.0,287.0,100,0.27,0.5478147589295219,0.027000000000000003,0.054781475892952174,0.973,0.05478147589295216,0.0,0.0,0.0,0.0,9.73,0.547814758929522,0.27,0.5478147589295219,8.62,1.300970888423431,1.11,1.309599368146803,10.35,0.5751591786697666,10.28,0.5333333333333332,9.65,0.5751591786697666,10.0,0.0,10.0,0.0,1.0,0.0,0.5,0.0,3.13,1.5219272736443836
288.0,288.0,100,0.27,0.5478147589295219,0.027000000000000003,0.054781475892952174,0.973,0.05478147589295216,0.0,0.0,0.0,0.0,9.73,0.547814758929522,0.27,0.5478147589295219,8.62,1.300970888423431,1.11,1.309599368146803,10.35,0.5751591786697666,10.28,0.5333333333333332,9.65,0.5751591786697666,10.0,0.0,10.0,0.0,1.0,0.0,0.5,0.0,3.13,1.5219272736443836
289.0,289.0,100,0.27,0.5478147589295219,0.027000000000000003,0.054781475892952174,0.973,0.05478147589295216,0.0,0.0,0.0,0.0,9.73,0.547814758929522,0.27,0.5478147589295219,8.62,1.300970888423431,1.11,1.309599368146803,10.35,0.5751591786697666,10.28,0.5333333333333332,9.65,0.5751591786697666,10.0,0.0,10.0,0.0,1.0,0.0,0.5,0.0,3.13,1.5219272736443836
290.0,290.0,100,0.26,0.5434643827828419,0.026000000000000002,0.0543464382782842,0.9740000000000001,0.0543464382782842,0.0,0.0,0.001,0.009999999999999997,9.74,0.543464382782842,0.26,0.5434643827828419,8.63,1.3077469251357545,1.11,1.309599368146803,10.34,0.5724305789148302,10.28,0.5333333333333332,9.66,0.5724305789148302,10.0,0.0,10.0,0.0,1.0,0.0,0.5,0.0,3.13,1.5219272736443836
291.0,291.0,100,0.25,0.5388914922357194,0.025,0.05388914922357195,0.975,0.05388914922357195,0.0,0.0,0.001,0.01,9.75,0.5388914922357194,0.25,0.5388914922357194,8.64,1.3144111866827553,1.11,1.309599368146803,10.33,0.5695115752497348,10.28,0.5333333333333332,9.67,0.5695115752497348,10.0,0.0,10.0,0.0,1.0,0.0,0.5,0.0,3.13,1.5219272736443836
292.0,292.0,100,0.24,0.5148305595538256,0.024000000000000004,0.05148305595538256,0.976,0.05148305595538256,0.0,0.0,0.001,0.01,9.76,0.5148305595538256,0.24,0.5148305595538256,8.65,1.3132964154171272,1.11,1.309599368146803,10.32,0.5482755334738735,10.27,0.5290548080293667,9.68,0.5482755334738735,10.0,0.0,10.0,0.0,1.0,0.0,0.5,0.0,3.13,1.5219272736443836
293.0,293.0,100,0.24,0.5148305595538256,0.024000000000000004,0.05148305595538256,0.976,0.05148305595538256,0.0,0.0,0.0,0.0,9.76,0.5148305595538256,0.24,0.5148305595538256,8.65,1.3132964154171272,1.11,1.309599368146803,10.32,0.5482755334738735,10.27,0.5290548080293667,9.68,0.5482755334738735,10.0,0.0,10.0,0.0,1.0,0.0,0.5,0.0,3.13,1.5219272736443836
294.0,294.0,100,0.24,0.5148305595538256,0.024000000000000004,0.05148305595538256,0.976,0.05148305595538256,0.0,0.0,0.0,0.0,9.76,0.5148305595538256,0.24,0.5148305595538256,8.64,1.3144111866827553,1.12,1.3048472181164594,10.31,0.5448565745851717,10.25,0.5198095999517711,9.69,0.5448565745851717,10.0,0.0,10.0,0.0,1.0,0.0,0.5,0.0,3.13,1.5219272736443836
295.0,295.0,100,0.24,0.5148305595538256,0.024000000000000004,0.05148305595538256,0.976,0.05148305595538256,0.0,0.0,0.0,0.0,9.76,0.5148305595538256,0.24,0.5148305595538256,8.65,1.3132964154171272,1.11,1.309599368146803,10.32,0.5482755334738735,10.25,0.5198095999517711,9.68,0.5482755334738735,10.0,0.0,10.0,0.0,1.0,0.0,0.5,0.0,3.13,1.5219272736443836
296.0,296.0,100,0.23,0.48938221207451904,0.023000000000000003,0.04893822120745191,0.977,0.0489382212074519,0.0,0.0,0.001,0.01,9.77,0.489382212074519,0.23,0.48938221207451904,8.65,1.3055824196677337,1.12,1.3048472181164594,10.3,0.5412294272573257,10.26,0.5245488682206028,9.7,0.5412294272573257,10.0,0.0,10.0,0.0,1.0,0.0,0.5,0.0,3.13,1.5219272736443836
297.0,297.0,100,0.22,0.48367281703584913,0.022000000000000002,0.04836728170358492,0.978,0.04836728170358491,0.0,0.0,0.001,0.01,9.78,0.48367281703584897,0.22,0.48367281703584913,8.67,1.3185161540477417,1.11,1.309599368146803,10.3,0.5222329678670934,10.25,0.5198095999517709,9.7,0.5222329678670934,10.0,0.0,10.0,0.0,1.0,0.0,0.5,0.0,3.13,1.5219272736443836
298.0,298.0,100,0.22,0.48367281703584913,0.022000000000000002,0.04836728170358492,0.978,0.04836728170358491,0.0,0.0,0.0,0.0,9.78,0.48367281703584897,0.22,0.48367281703584913,8.67,1.3185161540477417,1.11,1.309599368146803,10.3,0.5222329678670934,10.26,0.5049252369900864,9.7,0.5222329678670934,10.0,0.0,10.0,0.0,1.0,0.0,0.5,0.0,3.13,1.5219272736443836
299.0,299.0,100,0.22,0.48367281703584913,0.022000000000000002,0.04836728170358492,0.978,0.04836728170358491,0.0,0.0,0.0,0.0,9.78,0.48367281703584897,0.22,0.48367281703584913,8.67,1.3185161540477417,1.11,1.309599368146803,10.3,0.5222329678670934,10.26,0.5049252369900864,9.7,0.5222329678670934,10.0,0.0,10.0,0.0,1.0,0.0,0.5,0.0,3.13,1.5219272736443836
300.0,300.0,100,0.22,0.48367281703584913,0.022000000000000002,0.04836728170358492,0.978,0.04836728170358491,0.0,0.0,0.0,0.0,9.78,0.48367281703584897,0.22,0.48367281703584913,8.67,1.3185161540477417,1.11,1.309599368146803,10.3,0.5222329678670934,10.25,0.4793724854411021,9.7,0.5222329678670934,10.0,0.0,10.0,0.0,1.0,0.0,0.5,0.0,3.13,1.5219272736443836
301.0,301.0,100,0.22,0.48367281703584913,0.022000000000000002,0.04836728170358492,0.978,0.04836728170358491,0.0,0.0,0.0,0.0,9.78,0.48367281703584897,0.22,0.48367281703584913,8.67,1.3185161540477417,1.11,1.309599368146803,10.3,0.5222329678670934,10.25,0.4793724854411021,9.7,0.5222329678670934,10.0,0.0,10.0,0.0,1.0,0.0,0.5,0.0,3.13,1.5219272736443836
302.0,302.0,100,0.21,0.47768380565162366,0.021,0.04776838056516238,0.9790000000000001,0.047768380565162374,0.0,0.0,0.001,0.009999999999999998,9.79,0.47768380565162355,0.21,0.47768380565162366,8.68,1.309483667232041,1.11,1.309599368146803,10.29,0.5182526976156117,10.22,0.48367281703584886,9.71,0.5182526976156117,10.0,0.0,10.0,0.0,1.0,0.0,0.5,0.0,3.13,1.5219272736443836
303.0,303.0,100,0.21,0.47768380565162366,0.021,0.04776838056516238,0.9790000000000001,0.047768380565162374,0.0,0.0,0.0,0.0,9.79,0.47768380565162355,0.21,0.47768380565162366,8.68,1.309483667232041,1.11,1.309599368146803,10.29,0.5182526976156117,10.2,0.4494665749754946,9.71,0.5182526976156117,10.0,0.0,10.0,0.0,1.0,0.0,0.5,0.0,3.13,1.5219272736443836
304.0,304.0,100,0.2,0.4714045207910317,0.02,0.04714045207910318,0.98,0.04714045207910316,0.0,0.0,0.001,0.01,9.8,0.4714045207910316,0.2,0.4714045207910317,8.67,1.3261549188110973,1.13,1.3231047050804636,10.27,0.5096047190685833,10.2,0.4494665749754946,9.73,0.5096047190685833,10.0,0.0,10.0,0.0,1.0,0.0,0.5,0.0,3.13,1.5219272736443836
305.0,305.0,100,0.2,0.4714045207910317,0.02,0.04714045207910318,0.98,0.04714045207910316,0.0,0.0,0.0,0.0,9.8,0.4714045207910316,0.2,0.4714045207910317,8.67,1.3261549188110973,1.13,1.3231047050804636,10.27,0.5096047190685833,10.2,0.4494665749754946,9.73,0.5096047190685833,10.0,0.0,10.0,0.0,1.0,0.0,0.5,0.0,3.13,1.5219272736443836
306.0,306.0,100,0.2,0.4714045207910317,0.02,0.04714045207910318,0.98,0.04714045207910316,0.0,0.0,0.0,0.0,9.8,0.4714045207910316,0.2,0.4714045207910317,8.66,1.319779595924328,1.14,1.3182479955523458,10.26,0.5245488682206026,10.2,0.4494665749754946,9.74,0.5245488682206026,10.0,0.0,10.0,0.0,1.0,0.0,0.5,0.0,3.13,1.5219272736443836
307.0,307.0,100,0.19,0.4648231987117317,0.019000000000000003,0.04648231987117318,0.981,0.0464823198711732,0.0,0.0,0.001,0.009999999999999997,9.81,0.4648231987117315,0.19,0.4648231987117317,8.68,1.332423932295399,1.13,1.3231047050804636,10.26,0.5049252369900864,10.19,0.4648231987117315,9.74,0.5049252369900864,10.0,0.0,10.0,0.0,1.0,0.0,0.5,0.0,3.13,1.5219272736443836
308.0,308.0,100,0.19,0.4648231987117317,0.019000000000000003,0.04648231987117318,0.981,0.0464823198711732,0.0,0.0,0.0,0.0,9.81,0.4648231987117315,0.19,0.4648231987117317,8.68,1.332423932295399,1.13,1.3231047050804636,10.26,0.5049252369900864,10.18,0.50010099990003,9.74,0.5049252369900864,10.0,0.0,10.0,0.0,1.0,0.0,0.5,0.0,3.13,1.5219272736443836
309.0,309.0,100,0.19,0.4648231987117317,0.019000000000000003,0.04648231987117318,0.981,0.0464823198711732,0.0,0.0,0.0,0.0,9.81,0.4648231987117315,0.19,0.4648231987117317,8.68,1.332423932295399,1.13,1.3231047050804636,10.26,0.5049252369900864,10.19,0.48606854070452454,9.74,0.5049252369900864,10.0,0.0,10.0,0.0,1.0,0.0,0.5,0.0,3.13,1.5219272736443836
310.0,310.0,100,0.18,0.43531017619043727,0.018000000000000002,0.04353101761904372,0.982,0.04353101761904373,0.0,0.0,0.001,0.01,9.82,0.43531017619043705,0.18,0.43531017619043727,8.69,1.3310207217080279,1.13,1.3231047050804636,10.25,0.4793724854411021,10.18,0.4794778304562053,9.75,0.4793724854411021,10.0,0.0,10.0,0.0,1.0,0.0,0.5,0.0,3.13,1.5219272736443836
311.0,311.0,100,0.18,0.43531017619043727,0.018000000000000002,0.04353101761904372,0.982,0.04353101761904373,0.0,0.0,0.0,0.0,9.82,0.43531017619043705,0.18,0.43531017619043727,8.69,1.3310207217080279,1.13,1.3231047050804636,10.25,0.4793724854411021,10.18,0.4794778304562053,9.75,0.4793724854411021,10.0,0.0,10.0,0.0,1.0,0.0,0.5,0.0,3.13,1.5219272736443836
312.0,312.0,100,0.16,0.4197161137740796,0.016,0.04197161137740796,0.9840000000000001,0.04197161137740797,0.0,0.0,0.002,0.01407052941362897,9.84,0.4197161137740794,0.16,0.4197161137740796,8.71,1.327981684186703,1.13,1.3231047050804636,10.23,0.46828722947879875,10.17,0.47258156262526035,9.77,0.46828722947879875,10.0,0.0,10.0,0.0,1.0,0.0,0.5,0.0,3.13,1.5219272736443836
313.0,313.0,100,0.14,0.3765875486765087,0.014000000000000002,0.037658754867650863,0.986,0.03765875486765086,0.0,0.0,0.002,0.02,9.86,0.3765875486765085,0.14,0.3765875486765087,8.7,1.3219208552234682,1.16,1.3159472526348357,10.2,0.44946657497549447,10.16,0.48658778937379504,9.8,0.44946657497549447,10.0,0.0,10.0,0.0,1.0,0.0,0.5,0.0,3.13,1.5219272736443836
314.0,314.0,100,0.14,0.3765875486765087,0.014000000000000002,0.037658754867650863,0.986,0.03765875486765086,0.0,0.0,0.0,0.0,9.86,0.3765875486765085,0.14,0.3765875486765087,8.7,1.3219208552234682,1.16,1.3159472526348357,10.2,0.44946657497549447,10.17,0.47258156262526035,9.8,0.44946657497549447,10.0,0.0,10.0,0.0,1.0,0.0,0.5,0.0,3.13,1.5219272736443836
315.0,315.0,100,0.14,0.3765875486765087,0.014000000000000002,0.037658754867650863,0.986,0.03765875486765086,0.0,0.0,0.0,0.0,9.86,0.3765875486765085,0.14,0.3765875486765087,8.71,1.327981684186703,1.15,1.3209653647804305,10.21,0.433333333333333,10.18,0.43531017619043694,9.79,0.433333333333333,10.0,0.0,10.0,0.0,1.0,0.0,0.5,0.0,3.13,1.5219272736443836
316.0,316.0,100,0.14,0.3765875486765087,0.014000000000000002,0.037658754867650863,0.986,0.03765875486765086,0.0,0.0,0.0,0.0,9.86,0.3765875486765085,0.14,0.3765875486765087,8.71,1.327981684186703,1.15,1.3209653647804305,10.21,0.433333333333333,10.19,0.41911402464790587,9.79,0.433333333333333,10.0,0.0,10.0,0.0,1.0,0.0,0.5,0.0,3.13,1.5219272736443836
317.0,317.0,100,0.14,0.3765875486765087,0.014000000000000002,0.037658754867650863,0.986,0.03765875486765086,0.0,0.0,0.0,0.0,9.86,0.3765875486765085,0.14,0.3765875486765087,8.71,1.327981684186703,1.15,1.3209653647804305,10.21,0.433333333333333,10.18,0.4114522199392403,9.79,0.433333333333333,10.0,0.0,10.0,0.0,1.0,0.0,0.5,0.0,3.13,1.5219272736443836
318.0,318.0,100,0.14,0.3765875486765087,0.014000000000000002,0.037658754867650863,0.986,0.03765875486765086,0.0,0.0,0.0,0.0,9.86,0.3765875486765085,0.14,0.3765875486765087,8.71,1.327981684186703,1.15,1.3209653647804305,10.21,0.433333333333333,10.18,0.4114522199392403,9.79,0.433333333333333,10.0,0.0,10.0,0.0,1.0,0.0,0.5,0.0,3.13,1.5219272736443836
319.0,319.0,100,0.14,0.3765875486765087,0.014000000000000002,0.037658754867650863,0.986,0.03765875486765086,0.0,0.0,0.0,0.0,9.86,0.3765875486765085,0.14,0.3765875486765087,8.71,1.327981684186703,1.15,1.3209653647804305,10.21,0.433333333333333,10.18,0.4114522199392403,9.79,0.433333333333333,10.0,0.0,10.0,0.0,1.0,0.0,0.5,0.0,3.13,1.5219272736443836
320.0,320.0,100,0.13,0.3666666666666667,0.013000000000000001,0.036666666666666674,0.987,0.03666666666666667,0.0,0.0,0.001,0.01,9.87,0.3666666666666665,0.13,0.3666666666666667,8.72,1.333939256260921,1.15,1.3209653647804305,10.2,0.42640143271122066,10.18,0.4114522199392403,9.8,0.42640143271122066,10.0,0.0,10.0,0.0,1.0,0.0,0.5,0.0,3.13,1.5219272736443836
321.0,321.0,100,0.13,0.3666666666666667,0.013000000000000001,0.036666666666666674,0.987,0.03666666666666667,0.0,0.0,0.0,0.0,9.87,0.3666666666666665,0.13,0.3666666666666667,8.72,1.333939256260921,1.15,1.3209653647804305,10.2,0.42640143271122066,10.17,0.42770234150550623,9.8,0.42640143271122066,10.0,0.0,10.0,0.0,1.0,0.0,0.5,0.0,3.13,1.5219272736443836
322.0,322.0,100,0.12,0.35618630921006345,0.012000000000000002,0.03561863092100633,0.988,0.035618630921006346,0.0,0.0,0.001,0.009999999999999997,9.88,0.35618630921006317,0.12,0.35618630921006345,8.73,1.324630689908121,1.15,1.3209653647804305,10.19,0.41911402464790587,10.17,0.42770234150550623,9.81,0.41911402464790587,10.0,0.0,10.0,0.0,1.0,0.0,0.5,0.0,3.13,1.5219272736443836
323.0,323.0,100,0.12,0.35618630921006345,0.012000000000000002,0.03561863092100633,0.988,0.035618630921006346,0.0,0.0,0.0,0.0,9.88,0.35618630921006317,0.12,0.35618630921006345,8.73,1.324630689908121,1.15,1.3209653647804305,10.19,0.41911402464790587,10.17,0.42770234150550623,9.81,0.41911402464790587,10.0,0.0,10.0,0.0,1.0,0.0,0.5,0.0,3.13,1.5219272736443836
324.0,324.0,100,0.12,0.35618630921006345,0.012000000000000002,0.03561863092100633,0.988,0.035618630921006346,0.0,0.0,0.0,0.0,9.88,0.35618630921006317,0.12,0.35618630921006345,8.73,1.324630689908121,1.15,1.3209653647804305,10.19,0.41911402464790587,10.17,0.42770234150550623,9.81,0.41911402464790587,10.0,0.0,10.0,0.0,1.0,0.0,0.5,0.0,3.13,1.5219272736443836
325.0,325.0,100,0.12,0.35618630921006345,0.012000000000000002,0.03561863092100633,0.988,0.035618630921006346,0.0,0.0,0.0,0.0,9.88,0.35618630921006317,0.12,0.35618630921006345,8.73,1.324630689908121,1.15,1.3209653647804305,10.19,0.41911402464790587,10.16,0.3949172013974522,9.81,0.41911402464790587,10.0,0.0,10.0,0.0,1.0,0.0,0.5,0.0,3.13,1.5219272736443836
326.0,326.0,100,0.12,0.35618630921006345,0.012000000000000002,0.03561863092100633,0.988,0.035618630921006346,0.0,0.0,0.0,0.0,9.88,0.35618630921006317,0.12,0.35618630921006345,8.73,1.324630689908121,1.15,1.3209653647804305,10.19,0.41911402464790587,10.15,0.38599209705627247,9.81,0.41911402464790587,10.0,0.0,10.0,0.0,1.0,0.0,0.5,0.0,3.13,1.5219272736443836
327.0,327.0,100,0.11,0.3450955072018601,0.011000000000000001,0.034509550720186015,0.9890000000000001,0.03450955072018602,0.0,0.0,0.001,0.01,9.89,0.34509550720186005,0.11,0.3450955072018601,8.74,1.3151794439151527,1.15,1.3209653647804305,10.18,0.4114522199392403,10.15,0.38599209705627247,9.82,0.4114522199392403,10.0,0.0,10.0,0.0,1.0,0.0,0.5,0.0,3.13,1.5219272736443836
328.0,328.0,100,0.11,0.3450955072018601,0.011000000000000001,0.034509550720186015,0.9890000000000001,0.03450955072018602,0.0,0.0,0.0,0.0,9.89,0.34509550720186005,0.11,0.3450955072018601,8.74,1.3151794439151527,1.15,1.3209653647804305,10.18,0.4114522199392403,10.15,0.38599209705627247,9.82,0.4114522199392403,10.0,0.0,10.0,0.0,1.0,0.0,0.5,0.0,3.13,1.5219272736443836
329.0,329.0,100,0.11,0.3450955072018601,0.011000000000000001,0.034509550720186015,0.9890000000000001,0.03450955072018602,0.0,0.0,0.0,0.0,9.89,0.34509550720186005,0.11,0.3450955072018601,8.74,1.3151794439151527,1.15,1.3209653647804305,10.18,0.4114522199392403,10.15,0.38599209705627247,9.82,0.4114522199392403,10.0,0.0,10.0,0.0,1.0,0.0,0.5,0.0,3.13,1.5219272736443836
330.0,330.0,100,0.11,0.3450955072018601,0.011000000000000001,0.034509550720186015,0.9890000000000001,0.03450955072018602,0.0,0.0,0.0,0.0,9.89,0.34509550720186005,0.11,0.3450955072018601,8.73,1.324630689908121,1.16,1.3312104311945623,10.17,0.42770234150550623,10.14,0.37658754867650845,9.83,0.42770234150550623,10.0,0.0,10.0,0.0,1.0,0.0,0.5,0.0,3.13,1.5219272736443836
331.0,331.0,100,0.11,0.3450955072018601,0.011000000000000001,0.034509550720186015,0.9890000000000001,0.03450955072018602,0.0,0.0,0.0,0.0,9.89,0.34509550720186005,0.11,0.3450955072018601,8.74,1.3151794439151527,1.15,1.3209653647804305,10.18,0.4114522199392403,10.14,0.37658754867650845,9.82,0.4114522199392403,10.0,0.0,10.0,0.0,1.0,0.0,0.5,0.0,3.13,1.5219272736443836
332.0,332.0,100,0.11,0.3450955072018601,0.011000000000000001,0.034509550720186015,0.9890000000000001,0.03450955072018602,0.0,0.0,0.0,0.0,9.89,0.34509550720186005,0.11,0.3450955072018601,8.74,1.3151794439151527,1.15,1.3209653647804305,10.18,0.4114522199392403,10.12,0.3561863092100632,9.82,0.4114522199392403,10.0,0.0,10.0,0.0,1.0,0.0,0.5,0.0,3.13,1.5219272736443836
333.0,333.0,100,0.11,0.3450955072018601,0.011000000000000001,0.034509550720186015,0.9890000000000001,0.03450955072018602,0.0,0.0,0.0,0.0,9.89,0.34509550720186005,0.11,0.3450955072018601,8.74,1.3151794439151527,1.15,1.3209653647804305,10.18,0.4114522199392403,10.13,0.3379976689896311,9.82,0.4114522199392403,10.0,0.0,10.0,0.0,1.0,0.0,0.5,0.0,3.13,1.5219272736443836
334.0,334.0,100,0.11,0.3450955072018601,0.011000000000000001,0.034509550720186015,0.9890000000000001,0.03450955072018602,0.0,0.0,0.0,0.0,9.89,0.34509550720186005,0.11,0.3450955072018601,8.74,1.3151794439151527,1.15,1.3209653647804305,10.18,0.4114522199392403,10.13,0.3379976689896311,9.82,0.4114522199392403,10.0,0.0,10.0,0.0,1.0,0.0,0.5,0.0,3.13,1.5219272736443836
335.0,335.0,100,0.11,0.3450955072018601,0.011000000000000001,0.034509550720186015,0.9890000000000001,0.03450955072018602,0.0,0.0,0.0,0.0,9.89,0.34509550720186005,0.11,0.3450955072018601,8.74,1.3151794439151527,1.15,1.3209653647804305,10.18,0.4114522199392403,10.11,0.3732196796699355,9.82,0.4114522199392403,10.0,0.0,10.0,0.0,1.0,0.0,0.5,0.0,3.13,1.5219272736443836
336.0,336.0,100,0.1,0.30151134457776363,0.01,0.030151134457776365,0.99,0.030151134457776365,0.0,0.0,0.001,0.01,9.9,0.3015113445777635,0.1,0.30151134457776363,8.75,1.2978225742925855,1.15,1.3209653647804305,10.17,0.3775251680686365,10.11,0.3732196796699355,9.83,0.3775251680686365,10.0,0.0,10.0,0.0,1.0,0.0,0.5,0.0,3.13,1.5219272736443836
337.0,337.0,100,0.1,0.30151134457776363,0.01,0.030151134457776365,0.99,0.030151134457776365,0.0,0.0,0.0,0.0,9.9,0.3015113445777635,0.1,0.30151134457776363,8.75,1.2978225742925855,1.15,1.3209653647804305,10.17,0.3775251680686365,10.12,0.3561863092100632,9.83,0.3775251680686365,10.0,0.0,10.0,0.0,1.0,0.0,0.5,0.0,3.13,1.5219272736443836
338.0,338.0,100,0.1,0.30151134457776363,0.01,0.030151134457776365,0.99,0.030151134457776365,0.0,0.0,0.0,0.0,9.9,0.3015113445777635,0.1,0.30151134457776363,8.75,1.2978225742925855,1.15,1.3209653647804305,10.17,0.3775251680686365,10.12,0.3561863092100632,9.83,0.3775251680686365,10.0,0.0,10.0,0.0,1.0,0.0,0.5,0.0,3.13,1.5219272736443836
339.0,339.0,100,0.1,0.30151134457776363,0.01,0.030151134457776365,0.99,0.030151134457776365,0.0,0.0,0.0,0.0,9.9,0.3015113445777635,0.1,0.30151134457776363,8.75,1.2978225742925855,1.15,1.3209653647804305,10.17,0.3775251680686365,10.12,0.3561863092100632,9.83,0.3775251680686365,10.0,0.0,10.0,0.0,1.0,0.0,0.5,0.0,3.13,1.5219272736443836
340.0,340.0,100,0.1,0.30151134457776363,0.01,0.030151134457776365,0.99,0.030151134457776365,0.0,0.0,0.0,0.0,9.9,0.3015113445777635,0.1,0.30151134457776363,8.73,1.2937690612463975,1.17,1.318516154047742,10.16,0.3684529491774704,10.12,0.3561863092100632,9.84,0.3684529491774704,10.0,0.0,10.0,0.0,1.0,0.0,0.5,0.0,3.13,1.5219272736443836
341.0,341.0,100,0.1,0.30151134457776363,0.01,0.030151134457776365,0.99,0.030151134457776365,0.0,0.0,0.0,0.0,9.9,0.3015113445777635,0.1,0.30151134457776363,8.73,1.2937690612463975,1.17,1.318516154047742,10.16,0.3684529491774704,10.12,0.3561863092100632,9.84,0.3684529491774704,10.0,0.0,10.0,0.0,1.0,0.0,0.5,0.0,3.13,1.5219272736443836
342.0,342.0,100,0.08,0.2726599243442907,0.008,0.027265992434429075,0.992,0.027265992434429075,0.0,0.0,0.002,0.014070529413628971,9.92,0.2726599243442906,0.08,0.2726599243442907,8.73,1.3473130761825645,1.19,1.3461129974932275,10.12,0.3561863092100632,10.11,0.34509550720185983,9.88,0.3561863092100632,10.0,0.0,10.0,0.0,1.0,0.0,0.5,0.0,3.13,1.5219272736443836
343.0,343.0,100,0.08,0.2726599243442907,0.008,0.027265992434429075,0.992,0.027265992434429075,0.0,0.0,0.0,0.0,9.92,0.2726599243442906,0.08,0.2726599243442907,8.75,1.3055824196677335,1.17,1.318516154047742,10.14,0.34873508801977693,10.11,0.34509550720185983,9.86,0.34873508801977693,10.0,0.0,10.0,0.0,1.0,0.0,0.5,0.0,3.13,1.5219272736443836
344.0,344.0,100,0.08,0.2726599243442907,0.008,0.027265992434429075,0.992,0.027265992434429075,0.0,0.0,0.0,0.0,9.92,0.2726599243442906,0.08,0.2726599243442907,8.75,1.3055824196677335,1.17,1.318516154047742,10.14,0.34873508801977693,10.12,0.3265986323710902,9.86,0.34873508801977693,10.0,0.0,10.0,0.0,1.0,0.0,0.5,0.0,3.13,1.5219272736443836
345.0,345.0,100,0.08,0.2726599243442907,0.008,0.027265992434429075,0.992,0.027265992434429075,0.0,0.0,0.0,0.0,9.92,0.2726599243442906,0.08,0.2726599243442907,8.75,1.3055824196677335,1.17,1.318516154047742,10.14,0.34873508801977693,10.13,0.3379976689896312,9.86,0.34873508801977693,10.0,0.0,10.0,0.0,1.0,0.0,0.5,0.0,3.13,1.5219272736443836
346.0,346.0,100,0.08,0.2726599243442907,0.008,0.027265992434429075,0.992,0.027265992434429075,0.0,0.0,0.0,0.0,9.92,0.2726599243442906,0.08,0.2726599243442907,8.75,1.3055824196677335,1.17,1.318516154047742,10.14,0.34873508801977693,10.13,0.3379976689896312,9.86,0.34873508801977693,10.0,0.0,10.0,0.0,1.0,0.0,0.5,0.0,3.13,1.5219272736443836
347.0,347.0,100,0.08,0.2726599243442907,0.008,0.027265992434429075,0.992,0.027265992434429075,0.0,0.0,0.0,0.0,9.92,0.2726599243442906,0.08,0.2726599243442907,8.75,1.3055824196677335,1.17,1.318516154047742,10.14,0.34873508801977693,10.13,0.3379976689896312,9.86,0.34873508801977693,10.0,0.0,10.0,0.0,1.0,0.0,0.5,0.0,3.13,1.5219272736443836
348.0,348.0,100,0.08,0.2726599243442907,0.008,0.027265992434429075,0.992,0.027265992434429075,0.0,0.0,0.0,0.0,9.92,0.2726599243442906,0.08,0.2726599243442907,8.75,1.3055824196677335,1.17,1.318516154047742,10.14,0.34873508801977693,10.13,0.3379976689896312,9.86,0.34873508801977693,10.0,0.0,10.0,0.0,1.0,0.0,0.5,0.0,3.13,1.5219272736443836
349.0,349.0,100,0.08,0.2726599243442907,0.008,0.027265992434429075,0.992,0.027265992434429075,0.0,0.0,0.0,0.0,9.92,0.2726599243442906,0.08,0.2726599243442907,8.75,1.3055824196677335,1.17,1.318516154047742,10.14,0.34873508801977693,10.12,0.3265986323710904,9.86,0.34873508801977693,10.0,0.0,10.0,0.0,1.0,0.0,0.5,0.0,3.13,1.5219272736443836
350.0,350.0,100,0.08,0.2726599243442907,0.008,0.027265992434429075,0.992,0.027265992434429075,0.0,0.0,0.0,0.0,9.92,0.2726599243442906,0.08,0.2726599243442907,8.75,1.3055824196677335,1.17,1.318516154047742,10.14,0.34873508801977693,10.11,0.31446603773522014,9.86,0.34873508801977693,10.0,0.0,10.0,0.0,1.0,0.0,0.5,0.0,3.13,1.5219272736443836
351.0,351.0,100,0.08,0.2726599243442907,0.008,0.027265992434429075,0.992,0.027265992434429075,0.0,0.0,0.0,0.0,9.92,0.2726599243442906,0.08,0.2726599243442907,8.75,1.3055824196677335,1.17,1.318516154047742,10.14,0.34873508801977693,10.11,0.31446603773522014,9.86,0.34873508801977693,10.0,0.0,10.0,0.0,1.0,0.0,0.5,0.0,3.13,1.5219272736443836
352.0,352.0,100,0.08,0.2726599243442907,0.008,0.027265992434429075,0.992,0.027265992434429075,0.0,0.0,0.0,0.0,9.92,0.2726599243442906,0.08,0.2726599243442907,8.73,1.3015530738469345,1.19,1.3157553424600337,10.13,0.3379976689896312,10.1,0.3015113445777635,9.87,0.3379976689896312,10.0,0.0,10.0,0.0,1.0,0.0,0.5,0.0,3.13,1.5219272736443836
353.0,353.0,100,0.08,0.2726599243442907,0.008,0.027265992434429075,0.992,0.027265992434429075,0.0,0.0,0.0,0.0,9.92,0.2726599243442906,0.08,0.2726599243442907,8.73,1.3015530738469345,1.19,1.3157553424600337,10.13,0.3379976689896312,10.1,0.3015113445777635,9.87,0.3379976689896312,10.0,0.0,10.0,0.0,1.0,0.0,0.5,0.0,3.13,1.5219272736443836
354.0,354.0,100,0.08,0.2726599243442907,0.008,0.027265992434429075,0.992,0.027265992434429075,0.0,0.0,0.0,0.0,9.92,0.2726599243442906,0.08,0.2726599243442907,8.73,1.3015530738469345,1.19,1.3157553424600337,10.13,0.3379976689896312,10.1,0.3015113445777635,9.87,0.3379976689896312,10.0,0.0,10.0,0.0,1.0,0.0,0.5,0.0,3.13,1.5219272736443836
355.0,355.0,100,0.08,0.2726599243442907,0.008,0.027265992434429075,0.992,0.027265992434429075,0.0,0.0,0.0,0.0,9.92,0.2726599243442906,0.08,0.2726599243442907,8.73,1.3015530738469345,1.19,1.3157553424600337,10.13,0.3379976689896312,10.1,0.3015113445777635,9.87,0.3379976689896312,10.0,0.0,10.0,0.0,1.0,0.0,0.5,0.0,3.13,1.5219272736443836
356.0,356.0,100,0.08,0.2726599243442907,0.008,0.027265992434429075,0.992,0.027265992434429075,0.0,0.0,0.0,0.0,9.92,0.2726599243442906,0.08,0.2726599243442907,8.73,1.3015530738469345,1.19,1.3157553424600337,10.13,0.3379976689896312,10.1,0.3015113445777635,9.87,0.3379976689896312,10.0,0.0,10.0,0.0,1.0,0.0,0.5,0.0,3.13,1.5219272736443836
357.0,357.0,100,0.08,0.2726599243442907,0.008,0.027265992434429075,0.992,0.027265992434429075,0.0,0.0,0.0,0.0,9.92,0.2726599243442906,0.08,0.2726599243442907,8.73,1.3015530738469345,1.19,1.3157553424600337,10.13,0.3379976689896312,10.08,0.307482445914323,9.87,0.3379976689896312,10.0,0.0,10.0,0.0,1.0,0.0,0.5,0.0,3.13,1.5219272736443836
358.0,358.0,100,0.08,0.2726599243442907,0.008,0.027265992434429075,0.992,0.027265992434429075,0.0,0.0,0.0,0.0,9.92,0.2726599243442906,0.08,0.2726599243442907,8.73,1.3015530738469345,1.19,1.3157553424600337,10.13,0.3379976689896312,10.08,0.307482445914323,9.87,0.3379976689896312,10.0,0.0,10.0,0.0,1.0,0.0,0.5,0.0,3.13,1.5219272736443836
359.0,359.0,100,0.07,0.2564323999762428,0.007000000000000001,0.02564323999762428,0.993,0.02564323999762427,0.0,0.0,0.001,0.009999999999999998,9.93,0.25643239997624284,0.07,0.2564323999762428,8.74,1.3074765579141172,1.19,1.3157553424600337,10.12,0.3265986323710904,10.07,0.32582451743479374,9.88,0.3265986323710904,10.0,0.0,10.0,0.0,1.0,0.0,0.5,0.0,3.13,1.5219272736443836
360.0,360.0,100,0.07,0.2564323999762428,0.007000000000000001,0.02564323999762428,0.993,0.02564323999762427,0.0,0.0,0.0,0.0,9.93,0.25643239997624284,0.07,0.2564323999762428,8.72,1.3339392562609205,1.21,1.343108109550156,10.11,0.31446603773522014,10.07,0.32582451743479374,9.89,0.31446603773522014,10.0,0.0,10.0,0.0,1.0,0.0,0.5,0.0,3.13,1.5219272736443836
361.0,361.0,100,0.07,0.2564323999762428,0.007000000000000001,0.02564323999762428,0.993,0.02564323999762427,0.0,0.0,0.0,0.0,9.93,0.25643239997624284,0.07,0.2564323999762428,8.72,1.3339392562609205,1.21,1.343108109550156,10.1,0.33333333333333326,10.06,0.31204765240863036,9.9,0.33333333333333326,10.0,0.0,10.0,0.0,1.0,0.0,0.5,0.0,3.13,1.5219272736443836
362.0,362.0,100,0.06,0.23868325657594205,0.006000000000000001,0.023868325657594204,0.9940000000000001,0.02386832565759419,0.0,0.0,0.001,0.01,9.94,0.23868325657594197,0.06,0.23868325657594205,8.73,1.324630689908121,1.21,1.343108109550156,10.1,0.3015113445777635,10.05,0.3295236844080537,9.9,0.3015113445777635,10.0,0.0,10.0,0.0,1.0,0.0,0.5,0.0,3.13,1.5219272736443836
363.0,363.0,100,0.06,0.23868325657594205,0.006000000000000001,0.023868325657594204,0.9940000000000001,0.02386832565759419,0.0,0.0,0.0,0.0,9.94,0.23868325657594197,0.06,0.23868325657594205,8.72,1.3339392562609205,1.22,1.3527375909240453,10.09,0.32082595426382354,10.05,0.3295236844080537,9.91,0.32082595426382354,10.0,0.0,10.0,0.0,1.0,0.0,0.5,0.0,3.13,1.5219272736443836
364.0,364.0,100,0.06,0.23868325657594205,0.006000000000000001,0.023868325657594204,0.9940000000000001,0.02386832565759419,0.0,0.0,0.0,0.0,9.94,0.23868325657594197,0.06,0.23868325657594205,8.73,1.324630689908121,1.21,1.343108109550156,10.1,0.3015113445777635,10.06,0.31204765240863025,9.9,0.3015113445777635,10.0,0.0,10.0,0.0,1.0,0.0,0.5,0.0,3.13,1.5219272736443836
365.0,365.0,100,0.06,0.23868325657594205,0.006000000000000001,0.023868325657594204,0.9940000000000001,0.02386832565759419,0.0,0.0,0.0,0.0,9.94,0.23868325657594197,0.06,0.23868325657594205,8.73,1.324630689908121,1.21,1.343108109550156,10.1,0.3015113445777635,10.06,0.27779797906341414,9.9,0.3015113445777635,10.0,0.0,10.0,0.0,1.0,0.0,0.5,0.0,3.13,1.5219272736443836
366.0,366.0,100,0.06,0.23868325657594205,0.006000000000000001,0.023868325657594204,0.9940000000000001,0.02386832565759419,0.0,0.0,0.0,0.0,9.94,0.23868325657594197,0.06,0.23868325657594205,8.73,1.324630689908121,1.21,1.343108109550156,10.1,0.3015113445777635,10.06,0.27779797906341414,9.9,0.3015113445777635,10.0,0.0,10.0,0.0,1.0,0.0,0.5,0.0,3.13,1.5219272736443836
367.0,367.0,100,0.05,0.21904291355759034,0.005,0.021904291355759036,0.995,0.021904291355759026,0.0,0.0,0.001,0.01,9.95,0.21904291355759029,0.05,0.21904291355759034,8.74,1.3304514309440274,1.21,1.343108109550156,10.09,0.2876234912646614,10.05,0.2972941950052815,9.91,0.2876234912646614,10.0,0.0,10.0,0.0,1.0,0.0,0.5,0.0,3.13,1.5219272736443836
368.0,368.0,100,0.05,0.21904291355759034,0.005,0.021904291355759036,0.995,0.021904291355759026,0.0,0.0,0.0,0.0,9.95,0.21904291355759029,0.05,0.21904291355759034,8.74,1.3304514309440274,1.21,1.343108109550156,10.09,0.2876234912646614,10.06,0.27779797906341414,9.91,0.2876234912646614,10.0,0.0,10.0,0.0,1.0,0.0,0.5,0.0,3.13,1.5219272736443836
369.0,369.0,100,0.05,0.21904291355759034,0.005,0.021904291355759036,0.995,0.021904291355759026,0.0,0.0,0.0,0.0,9.95,0.21904291355759029,0.05,0.21904291355759034,8.74,1.3304514309440274,1.21,1.343108109550156,10.09,0.2876234912646614,10.06,0.27779797906341414,9.91,0.2876234912646614,10.0,0.0,10.0,0.0,1.0,0.0,0.5,0.0,3.13,1.5219272736443836
370.0,370.0,100,0.05,0.21904291355759034,0.005,0.021904291355759036,0.995,0.021904291355759026,0.0,0.0,0.0,0.0,9.95,0.21904291355759029,0.05,0.21904291355759034,8.74,1.3304514309440274,1.21,1.343108109550156,10.09,0.2876234912646614,10.06,0.27779797906341414,9.91,0.2876234912646614,10.0,0.0,10.0,0.0,1.0,0.0,0.5,0.0,3.13,1.5219272736443836
371.0,371.0,100,0.04,0.19694638556693236,0.004,0.019694638556693234,0.996,0.01969463855669323,0.0,0.0,0.001,0.009999999999999997,9.96,0.19694638556693236,0.04,0.19694638556693236,8.75,1.3361712223190318,1.21,1.343108109550156,10.08,0.2726599243442908,10.06,0.27779797906341414,9.92,0.2726599243442908,10.0,0.0,10.0,0.0,1.0,0.0,0.5,0.0,3.13,1.5219272736443836
372.0,372.0,100,0.04,0.19694638556693236,0.004,0.019694638556693234,0.996,0.01969463855669323,0.0,0.0,0.0,0.0,9.96,0.19694638556693236,0.04,0.19694638556693236,8.75,1.3361712223190318,1.21,1.343108109550156,10.08,0.2726599243442908,10.06,0.27779797906341414,9.92,0.2726599243442908,10.0,0.0,10.0,0.0,1.0,0.0,0.5,0.0,3.13,1.5219272736443836
373.0,373.0,100,0.04,0.19694638556693236,0.004,0.019694638556693234,0.996,0.01969463855669323,0.0,0.0,0.0,0.0,9.96,0.19694638556693236,0.04,0.19694638556693236,8.75,1.3361712223190318,1.21,1.343108109550156,10.08,0.2726599243442908,10.06,0.27779797906341414,9.92,0.2726599243442908,10.0,0.0,10.0,0.0,1.0,0.0,0.5,0.0,3.13,1.5219272736443836
374.0,374.0,100,0.04,0.19694638556693236,0.004,0.019694638556693234,0.996,0.01969463855669323,0.0,0.0,0.0,0.0,9.96,0.19694638556693236,0.04,0.19694638556693236,8.75,1.3361712223190318,1.21,1.343108109550156,10.08,0.2726599243442908,10.06,0.27779797906341414,9.92,0.2726599243442908,10.0,0.0,10.0,0.0,1.0,0.0,0.5,0.0,3.13,1.5219272736443836
375.0,375.0,100,0.04,0.19694638556693236,0.004,0.019694638556693234,0.996,0.01969463855669323,0.0,0.0,0.0,0.0,9.96,0.19694638556693236,0.04,0.19694638556693236,8.74,1.3455500921574979,1.22,1.352737590924045,10.07,0.25643239997624284,10.06,0.27779797906341414,9.93,0.25643239997624284,10.0,0.0,10.0,0.0,1.0,0.0,0.5,0.0,3.13,1.5219272736443836
376.0,376.0,100,0.04,0.19694638556693236,0.004,0.019694638556693234,0.996,0.01969463855669323,0.0,0.0,0.0,0.0,9.96,0.19694638556693236,0.04,0.19694638556693236,8.74,1.3455500921574979,1.22,1.352737590924045,10.07,0.25643239997624284,10.06,0.27779797906341414,9.93,0.25643239997624284,10.0,0.0,10.0,0.0,1.0,0.0,0.5,0.0,3.13,1.5219272736443836
377.0,377.0,100,0.04,0.19694638556693236,0.004,0.019694638556693234,0.996,0.01969463855669323,0.0,0.0,0.0,0.0,9.96,0.19694638556693236,0.04,0.19694638556693236,8.72,1.341490201080858,1.24,1.3492983586316483,10.06,0.27779797906341414,10.06,0.27779797906341414,9.94,0.27779797906341414,10.0,0.0,10.0,0.0,1.0,0.0,0.5,0.0,3.13,1.5219272736443836
378.0,378.0,100,0.04,0.19694638556693236,0.004,0.019694638556693234,0.996,0.01969463855669323,0.0,0.0,0.0,0.0,9.96,0.19694638556693236,0.04,0.19694638556693236,8.74,1.3455500921574979,1.22,1.352737590924045,10.07,0.25643239997624284,10.06,0.27779797906341414,9.93,0.25643239997624284,10.0,0.0,10.0,0.0,1.0,0.0,0.5,0.0,3.13,1.5219272736443836
379.0,379.0,100,0.04,0.19694638556693236,0.004,0.019694638556693234,0.996,0.01969463855669323,0.0,0.0,0.0,0.0,9.96,0.19694638556693236,0.04,0.19694638556693236,8.74,1.3455500921574979,1.22,1.352737590924045,10.07,0.25643239997624284,10.07,0.25643239997624284,9.93,0.25643239997624284,10.0,0.0,10.0,0.0,1.0,0.0,0.5,0.0,3.13,1.5219272736443836
380.0,380.0,100,0.04,0.19694638556693236,0.004,0.019694638556693234,0.996,0.01969463855669323,0.0,0.0,0.0,0.0,9.96,0.19694638556693236,0.04,0.19694638556693236,8.74,1.3455500921574979,1.22,1.352737590924045,10.07,0.25643239997624284,10.07,0.25643239997624284,9.93,0.25643239997624284,10.0,0.0,10.0,0.0,1.0,0.0,0.5,0.0,3.13,1.5219272736443836
381.0,381.0,100,0.04,0.19694638556693236,0.004,0.019694638556693234,0.996,0.01969463855669323,0.0,0.0,0.0,0.0,9.96,0.19694638556693236,0.04,0.19694638556693236,8.74,1.3455500921574979,1.22,1.352737590924045,10.07,0.25643239997624284,10.07,0.25643239997624284,9.93,0.25643239997624284,10.0,0.0,10.0,0.0,1.0,0.0,0.5,0.0,3.13,1.5219272736443836
382.0,382.0,100,0.04,0.19694638556693236,0.004,0.019694638556693234,0.996,0.01969463855669323,0.0,0.0,0.0,0.0,9.96,0.19694638556693236,0.04,0.19694638556693236,8.74,1.3455500921574979,1.22,1.352737590924045,10.07,0.25643239997624284,10.06,0.23868325657594186,9.93,0.25643239997624284,10.0,0.0,10.0,0.0,1.0,0.0,0.5,0.0,3.13,1.5219272736443836
383.0,383.0,100,0.04,0.19694638556693236,0.004,0.019694638556693234,0.996,0.01969463855669323,0.0,0.0,0.0,0.0,9.96,0.19694638556693236,0.04,0.19694638556693236,8.74,1.3455500921574979,1.22,1.352737590924045,10.07,0.25643239997624284,10.05,0.2190429135575904,9.93,0.25643239997624284,10.0,0.0,10.0,0.0,1.0,0.0,0.5,0.0,3.13,1.5219272736443836
384.0,384.0,100,0.04,0.19694638556693236,0.004,0.019694638556693234,0.996,0.01969463855669323,0.0,0.0,0.0,0.0,9.96,0.19694638556693236,0.04,0.19694638556693236,8.74,1.3455500921574979,1.22,1.352737590924045,10.07,0.25643239997624284,10.05,0.2190429135575904,9.93,0.25643239997624284,10.0,0.0,10.0,0.0,1.0,0.0,0.5,0.0,3.13,1.5219272736443836
385.0,385.0,100,0.04,0.19694638556693236,0.004,0.019694638556693234,0.996,0.01969463855669323,0.0,0.0,0.0,0.0,9.96,0.19694638556693236,0.04,0.19694638556693236,8.74,1.3455500921574979,1.22,1.352737590924045,10.07,0.25643239997624284,10.05,0.2190429135575904,9.93,0.25643239997624284,10.0,0.0,10.0,0.0,1.0,0.0,0.5,0.0,3.13,1.5219272736443836
386.0,386.0,100,0.04,0.19694638556693236,0.004,0.019694638556693234,0.996,0.01969463855669323,0.0,0.0,0.0,0.0,9.96,0.19694638556693236,0.04,0.19694638556693236,8.74,1.3455500921574979,1.22,1.352737590924045,10.07,0.25643239997624284,10.05,0.2190429135575904,9.93,0.25643239997624284,10.0,0.0,10.0,0.0,1.0,0.0,0.5,0.0,3.13,1.5219272736443836
387.0,387.0,100,0.04,0.19694638556693236,0.004,0.019694638556693234,0.996,0.01969463855669323,0.0,0.0,0.0,0.0,9.96,0.19694638556693236,0.04,0.19694638556693236,8.74,1.3455500921574979,1.22,1.352737590924045,10.07,0.25643239997624284,10.05,0.2190429135575904,9.93,0.25643239997624284,10.0,0.0,10.0,0.0,1.0,0.0,0.5,0.0,3.13,1.5219272736443836
388.0,388.0,100,0.04,0.19694638556693236,0.004,0.019694638556693234,0.996,0.01969463855669323,0.0,0.0,0.0,0.0,9.96,0.19694638556693236,0.04,0.19694638556693236,8.74,1.3455500921574979,1.22,1.352737590924045,10.07,0.25643239997624284,10.05,0.2190429135575904,9.93,0.25643239997624284,10.0,0.0,10.0,0.0,1.0,0.0,0.5,0.0,3.13,1.5219272736443836
389.0,389.0,100,0.04,0.19694638556693236,0.004,0.019694638556693234,0.996,0.01969463855669323,0.0,0.0,0.0,0.0,9.96,0.19694638556693236,0.04,0.19694638556693236,8.74,1.3455500921574979,1.22,1.352737590924045,10.07,0.25643239997624284,10.05,0.2190429135575904,9.93,0.25643239997624284,10.0,0.0,10.0,0.0,1.0,0.0,0.5,0.0,3.13,1.5219272736443836
390.0,390.0,100,0.04,0.19694638556693236,0.004,0.019694638556693234,0.996,0.01969463855669323,0.0,0.0,0.0,0.0,9.96,0.19694638556693236,0.04,0.19694638556693236,8.74,1.3455500921574979,1.22,1.352737590924045,10.07,0.25643239997624284,10.05,0.2190429135575904,9.93,0.25643239997624284,10.0,0.0,10.0,0.0,1.0,0.0,0.5,0.0,3.13,1.5219272736443836
391.0,391.0,100,0.04,0.19694638556693236,0.004,0.019694638556693234,0.996,0.01969463855669323,0.0,0.0,0.0,0.0,9.96,0.19694638556693236,0.04,0.19694638556693236,8.74,1.3455500921574979,1.22,1.352737590924045,10.07,0.25643239997624284,10.05,0.2190429135575904,9.93,0.25643239997624284,10.0,0.0,10.0,0.0,1.0,0.0,0.5,0.0,3.13,1.5219272736443836
392.0,392.0,100,0.03,0.1714466079977653,0.0030000000000000005,0.01714466079977653,0.997,0.017144660799776525,0.0,0.0,0.001,0.009999999999999997,9.97,0.1714466079977652,0.03,0.1714466079977653,8.75,1.3512059708858515,1.22,1.352737590924045,10.06,0.23868325657594186,10.05,0.2190429135575904,9.94,0.23868325657594186,10.0,0.0,10.0,0.0,1.0,0.0,0.5,0.0,3.13,1.5219272736443836
393.0,393.0,100,0.02,0.1407052941362897,0.002,0.01407052941362897,0.998,0.014070529413628961,0.0,0.0,0.001,0.01,9.98,0.14070529413628965,0.02,0.1407052941362897,8.76,1.3417913550191174,1.22,1.352737590924045,10.05,0.2190429135575904,10.05,0.2190429135575904,9.95,0.2190429135575904,10.0,0.0,10.0,0.0,1.0,0.0,0.5,0.0,3.13,1.5219272736443836
394.0,394.0,100,0.02,0.1407052941362897,0.002,0.01407052941362897,0.998,0.014070529413628961,0.0,0.0,0.0,0.0,9.98,0.14070529413628965,0.02,0.1407052941362897,8.76,1.3417913550191174,1.22,1.352737590924045,10.05,0.2190429135575904,10.05,0.2190429135575904,9.95,0.2190429135575904,10.0,0.0,10.0,0.0,1.0,0.0,0.5,0.0,3.13,1.5219272736443836
395.0,395.0,100,0.02,0.1407052941362897,0.002,0.01407052941362897,0.998,0.014070529413628961,0.0,0.0,0.0,0.0,9.98,0.14070529413628965,0.02,0.1407052941362897,8.76,1.3417913550191174,1.22,1.352737590924045,10.05,0.2190429135575904,10.05,0.2190429135575904,9.95,0.2190429135575904,10.0,0.0,10.0,0.0,1.0,0.0,0.5,0.0,3.13,1.5219272736443836
396.0,396.0,100,0.02,0.1407052941362897,0.002,0.01407052941362897,0.998,0.014070529413628961,0.0,0.0,0.0,0.0,9.98,0.14070529413628965,0.02,0.1407052941362897,8.76,1.3417913550191174,1.22,1.352737590924045,10.05,0.2190429135575904,10.05,0.2190429135575904,9.95,0.2190429135575904,10.0,0.0,10.0,0.0,1.0,0.0,0.5,0.0,3.13,1.5219272736443836
397.0,397.0,100,0.02,0.1407052941362897,0.002,0.01407052941362897,0.998,0.014070529413628961,0.0,0.0,0.0,0.0,9.98,0.14070529413628965,0.02,0.1407052941362897,8.76,1.3417913550191174,1.22,1.352737590924045,10.05,0.2190429135575904,10.05,0.2190429135575904,9.95,0.2190429135575904,10.0,0.0,10.0,0.0,1.0,0.0,0.5,0.0,3.13,1.5219272736443836
398.0,398.0,100,0.02,0.1407052941362897,0.002,0.01407052941362897,0.998,0.014070529413628961,0.0,0.0,0.0,0.0,9.98,0.14070529413628965,0.02,0.1407052941362897,8.76,1.3417913550191174,1.22,1.352737590924045,10.05,0.2190429135575904,10.05,0.2190429135575904,9.95,0.2190429135575904,10.0,0.0,10.0,0.0,1.0,0.0,0.5,0.0,3.13,1.5219272736443836
399.0,399.0,100,0.02,0.1407052941362897,0.002,0.01407052941362897,0.998,0.014070529413628961,0.0,0.0,0.0,0.0,9.98,0.14070529413628965,0.02,0.1407052941362897,8.76,1.3417913550191174,1.22,1.352737590924045,10.05,0.2190429135575904,10.05,0.2190429135575904,9.95,0.2190429135575904,10.0,0.0,10.0,0.0,1.0,0.0,0.5,0.0,3.13,1.5219272736443836
400.0,400.0,100,0.02,0.1407052941362897,0.002,0.01407052941362897,0.998,0.014070529413628961,0.0,0.0,0.0,0.0,9.98,0.14070529413628965,0.02,0.1407052941362897,8.76,1.3417913550191174,1.22,1.352737590924045,10.05,0.2190429135575904,10.05,0.2190429135575904,9.95,0.2190429135575904,10.0,0.0,10.0,0.0,1.0,0.0,0.5,0.0,3.13,1.5219272736443836
401.0,401.0,100,0.02,0.1407052941362897,0.002,0.01407052941362897,0.998,0.014070529413628961,0.0,0.0,0.0,0.0,9.98,0.14070529413628965,0.02,0.1407052941362897,8.76,1.3417913550191174,1.22,1.352737590924045,10.05,0.2190429135575904,10.05,0.2190429135575904,9.95,0.2190429135575904,10.0,0.0,10.0,0.0,1.0,0.0,0.5,0.0,3.13,1.5219272736443836
402.0,402.0,100,0.02,0.1407052941362897,0.002,0.01407052941362897,0.998,0.014070529413628961,0.0,0.0,0.0,0.0,9.98,0.14070529413628965,0.02,0.1407052941362897,8.76,1.3417913550191174,1.22,1.352737590924045,10.05,0.2190429135575904,10.05,0.2190429135575904,9.95,0.2190429135575904,10.0,0.0,10.0,0.0,1.0,0.0,0.5,0.0,3.13,1.5219272736443836
403.0,403.0,100,0.02,0.1407052941362897,0.002,0.01407052941362897,0.998,0.014070529413628961,0.0,0.0,0.0,0.0,9.98,0.14070529413628965,0.02,0.1407052941362897,8.76,1.3417913550191174,1.22,1.352737590924045,10.05,0.2190429135575904,10.05,0.2190429135575904,9.95,0.2190429135575904,10.0,0.0,10.0,0.0,1.0,0.0,0.5,0.0,3.13,1.5219272736443836
404.0,404.0,100,0.02,0.1407052941362897,0.002,0.01407052941362897,0.998,0.014070529413628961,0.0,0.0,0.0,0.0,9.98,0.14070529413628965,0.02,0.1407052941362897,8.76,1.3417913550191174,1.22,1.352737590924045,10.05,0.2190429135575904,10.05,0.2190429135575904,9.95,0.2190429135575904,10.0,0.0,10.0,0.0,1.0,0.0,0.5,0.0,3.13,1.5219272736443836
405.0,405.0,100,0.02,0.1407052941362897,0.002,0.01407052941362897,0.998,0.014070529413628961,0.0,0.0,0.0,0.0,9.98,0.14070529413628965,0.02,0.1407052941362897,8.76,1.3417913550191174,1.22,1.352737590924045,10.05,0.2190429135575904,10.05,0.2190429135575904,9.95,0.2190429135575904,10.0,0.0,10.0,0.0,1.0,0.0,0.5,0.0,3.13,1.5219272736443836
406.0,406.0,100,0.02,0.1407052941362897,0.002,0.01407052941362897,0.998,0.014070529413628961,0.0,0.0,0.0,0.0,9.98,0.14070529413628965,0.02,0.1407052941362897,8.76,1.3417913550191174,1.22,1.352737590924045,10.05,0.2190429135575904,10.05,0.2190429135575904,9.95,0.2190429135575904,10.0,0.0,10.0,0.0,1.0,0.0,0.5,0.0,3.13,1.5219272736443836
407.0,407.0,100,0.02,0.1407052941362897,0.002,0.01407052941362897,0.998,0.014070529413628961,0.0,0.0,0.0,0.0,9.98,0.14070529413628965,0.02,0.1407052941362897,8.76,1.3417913550191174,1.22,1.352737590924045,10.05,0.2190429135575904,10.05,0.2190429135575904,9.95,0.2190429135575904,10.0,0.0,10.0,0.0,1.0,0.0,0.5,0.0,3.13,1.5219272736443836
408.0,408.0,100,0.02,0.1407052941362897,0.002,0.01407052941362897,0.998,0.014070529413628961,0.0,0.0,0.0,0.0,9.98,0.14070529413628965,0.02,0.1407052941362897,8.76,1.3417913550191174,1.22,1.352737590924045,10.05,0.2190429135575904,10.05,0.2190429135575904,9.95,0.2190429135575904,10.0,0.0,10.0,0.0,1.0,0.0,0.5,0.0,3.13,1.5219272736443836
409.0,409.0,100,0.02,0.1407052941362897,0.002,0.01407052941362897,0.998,0.014070529413628961,0.0,0.0,0.0,0.0,9.98,0.14070529413628965,0.02,0.1407052941362897,8.76,1.3417913550191174,1.22,1.352737590924045,10.05,0.2190429135575904,10.05,0.2190429135575904,9.95,0.2190429135575904,10.0,0.0,10.0,0.0,1.0,0.0,0.5,0.0,3.13,1.5219272736443836
410.0,410.0,100,0.02,0.1407052941362897,0.002,0.01407052941362897,0.998,0.014070529413628961,0.0,0.0,0.0,0.0,9.98,0.14070529413628965,0.02,0.1407052941362897,8.76,1.3417913550191174,1.22,1.352737590924045,10.05,0.2190429135575904,10.05,0.2190429135575904,9.95,0.2190429135575904,10.0,0.0,10.0,0.0,1.0,0.0,0.5,0.0,3.13,1.5219272736443836
411.0,411.0,100,0.02,0.1407052941362897,0.002,0.01407052941362897,0.998,0.014070529413628961,0.0,0.0,0.0,0.0,9.98,0.14070529413628965,0.02,0.1407052941362897,8.76,1.3417913550191174,1.22,1.352737590924045,10.05,0.2190429135575904,10.05,0.2190429135575904,9.95,0.2190429135575904,10.0,0.0,10.0,0.0,1.0,0.0,0.5,0.0,3.13,1.5219272736443836
412.0,412.0,100,0.02,0.1407052941362897,0.002,0.01407052941362897,0.998,0.014070529413628961,0.0,0.0,0.0,0.0,9.98,0.14070529413628965,0.02,0.1407052941362897,8.76,1.3417913550191174,1.22,1.352737590924045,10.05,0.2190429135575904,10.05,0.2190429135575904,9.95,0.2190429135575904,10.0,0.0,10.0,0.0,1.0,0.0,0.5,0.0,3.13,1.5219272736443836
413.0,413.0,100,0.02,0.1407052941362897,0.002,0.01407052941362897,0.998,0.014070529413628961,0.0,0.0,0.0,0.0,9.98,0.14070529413628965,0.02,0.1407052941362897,8.76,1.3417913550191174,1.22,1.352737590924045,10.05,0.2190429135575904,10.05,0.2190429135575904,9.95,0.2190429135575904,10.0,0.0,10.0,0.0,1.0,0.0,0.5,0.0,3.13,1.5219272736443836
414.0,414.0,100,0.02,0.1407052941362897,0.002,0.01407052941362897,0.998,0.014070529413628961,0.0,0.0,0.0,0.0,9.98,0.14070529413628965,0.02,0.1407052941362897,8.76,1.3417913550191174,1.22,1.352737590924045,10.05,0.2190429135575904,10.05,0.2190429135575904,9.95,0.2190429135575904,10.0,0.0,10.0,0.0,1.0,0.0,0.5,0.0,3.13,1.5219272736443836
415.0,415.0,100,0.02,0.1407052941362897,0.002,0.01407052941362897,0.998,0.014070529413628961,0.0,0.0,0.0,0.0,9.98,0.14070529413628965,0.02,0.1407052941362897,8.76,1.3417913550191174,1.22,1.352737590924045,10.05,0.2190429135575904,10.05,0.2190429135575904,9.95,0.2190429135575904,10.0,0.0,10.0,0.0,1.0,0.0,0.5,0.0,3.13,1.5219272736443836
416.0,416.0,100,0.02,0.1407052941362897,0.002,0.01407052941362897,0.998,0.014070529413628961,0.0,0.0,0.0,0.0,9.98,0.14070529413628965,0.02,0.1407052941362897,8.76,1.3417913550191174,1.22,1.352737590924045,10.05,0.2190429135575904,10.05,0.2190429135575904,9.95,0.2190429135575904,10.0,0.0,10.0,0.0,1.0,0.0,0.5,0.0,3.13,1.5219272736443836
417.0,417.0,100,0.02,0.1407052941362897,0.002,0.01407052941362897,0.998,0.014070529413628961,0.0,0.0,0.0,0.0,9.98,0.14070529413628965,0.02,0.1407052941362897,8.76,1.3417913550191174,1.22,1.352737590924045,10.05,0.2190429135575904,10.05,0.2190429135575904,9.95,0.2190429135575904,10.0,0.0,10.0,0.0,1.0,0.0,0.5,0.0,3.13,1.5219272736443836
418.0,418.0,100,0.02,0.1407052941362897,0.002,0.01407052941362897,0.998,0.014070529413628961,0.0,0.0,0.0,0.0,9.98,0.14070529413628965,0.02,0.1407052941362897,8.76,1.3417913550191174,1.22,1.352737590924045,10.05,0.2190429135575904,10.05,0.2190429135575904,9.95,0.2190429135575904,10.0,0.0,10.0,0.0,1.0,0.0,0.5,0.0,3.13,1.5219272736443836
419.0,419.0,100,0.02,0.1407052941362897,0.002,0.01407052941362897,0.998,0.014070529413628961,0.0,0.0,0.0,0.0,9.98,0.14070529413628965,0.02,0.1407052941362897,8.76,1.3417913550191174,1.22,1.352737590924045,10.05,0.2190429135575904,10.05,0.2190429135575904,9.95,0.2190429135575904,10.0,0.0,10.0,0.0,1.0,0.0,0.5,0.0,3.13,1.5219272736443836
420.0,420.0,100,0.02,0.1407052941362897,0.002,0.01407052941362897,0.998,0.014070529413628961,0.0,0.0,0.0,0.0,9.98,0.14070529413628965,0.02,0.1407052941362897,8.76,1.3417913550191174,1.22,1.352737590924045,10.05,0.2190429135575904,10.05,0.2190429135575904,9.95,0.2190429135575904,10.0,0.0,10.0,0.0,1.0,0.0,0.5,0.0,3.13,1.5219272736443836
421.0,421.0,100,0.02,0.1407052941362897,0.002,0.01407052941362897,0.998,0.014070529413628961,0.0,0.0,0.0,0.0,9.98,0.14070529413628965,0.02,0.1407052941362897,8.76,1.3417913550191174,1.22,1.352737590924045,10.05,0.2190429135575904,10.05,0.2190429135575904,9.95,0.2190429135575904,10.0,0.0,10.0,0.0,1.0,0.0,0.5,0.0,3.13,1.5219272736443836
422.0,422.0,100,0.02,0.1407052941362897,0.002,0.01407052941362897,0.998,0.014070529413628961,0.0,0.0,0.0,0.0,9.98,0.14070529413628965,0.02,0.1407052941362897,8.76,1.3417913550191174,1.22,1.352737590924045,10.05,0.2190429135575904,10.05,0.2190429135575904,9.95,0.2190429135575904,10.0,0.0,10.0,0.0,1.0,0.0,0.5,0.0,3.13,1.5219272736443836
423.0,423.0,100,0.02,0.1407052941362897,0.002,0.01407052941362897,0.998,0.014070529413628961,0.0,0.0,0.0,0.0,9.98,0.14070529413628965,0.02,0.1407052941362897,8.76,1.3417913550191174,1.22,1.352737590924045,10.05,0.2190429135575904,10.05,0.2190429135575904,9.95,0.2190429135575904,10.0,0.0,10.0,0.0,1.0,0.0,0.5,0.0,3.13,1.5219272736443836
424.0,424.0,100,0.02,0.1407052941362897,0.002,0.01407052941362897,0.998,0.014070529413628961,0.0,0.0,0.0,0.0,9.98,0.14070529413628965,0.02,0.1407052941362897,8.76,1.3417913550191174,1.22,1.352737590924045,10.05,0.2190429135575904,10.05,0.2190429135575904,9.95,0.2190429135575904,10.0,0.0,10.0,0.0,1.0,0.0,0.5,0.0,3.13,1.5219272736443836
425.0,425.0,100,0.02,0.1407052941362897,0.002,0.01407052941362897,0.998,0.014070529413628961,0.0,0.0,0.0,0.0,9.98,0.14070529413628965,0.02,0.1407052941362897,8.76,1.3417913550191174,1.22,1.352737590924045,10.05,0.2190429135575904,10.05,0.2190429135575904,9.95,0.2190429135575904,10.0,0.0,10.0,0.0,1.0,0.0,0.5,0.0,3.13,1.5219272736443836
426.0,426.0,100,0.02,0.1407052941362897,0.002,0.01407052941362897,0.998,0.014070529413628961,0.0,0.0,0.0,0.0,9.98,0.14070529413628965,0.02,0.1407052941362897,8.76,1.3417913550191174,1.22,1.352737590924045,10.05,0.2190429135575904,10.05,0.2190429135575904,9.95,0.2190429135575904,10.0,0.0,10.0,0.0,1.0,0.0,0.5,0.0,3.13,1.5219272736443836
427.0,427.0,100,0.02,0.1407052941362897,0.002,0.01407052941362897,0.998,0.014070529413628961,0.0,0.0,0.0,0.0,9.98,0.14070529413628965,0.02,0.1407052941362897,8.76,1.3417913550191174,1.22,1.352737590924045,10.05,0.2190429135575904,10.05,0.2190429135575904,9.95,0.2190429135575904,10.0,0.0,10.0,0.0,1.0,0.0,0.5,0.0,3.13,1.5219272736443836
428.0,428.0,100,0.02,0.1407052941362897,0.002,0.01407052941362897,0.998,0.014070529413628961,0.0,0.0,0.0,0.0,9.98,0.14070529413628965,0.02,0.1407052941362897,8.76,1.3417913550191174,1.22,1.352737590924045,10.05,0.2190429135575904,10.05,0.2190429135575904,9.95,0.2190429135575904,10.0,0.0,10.0,0.0,1.0,0.0,0.5,0.0,3.13,1.5219272736443836
429.0,429.0,100,0.02,0.1407052941362897,0.002,0.01407052941362897,0.998,0.014070529413628961,0.0,0.0,0.0,0.0,9.98,0.14070529413628965,0.02,0.1407052941362897,8.76,1.3417913550191174,1.22,1.352737590924045,10.05,0.2190429135575904,10.05,0.2190429135575904,9.95,0.2190429135575904,10.0,0.0,10.0,0.0,1.0,0.0,0.5,0.0,3.13,1.5219272736443836
430.0,430.0,100,0.02,0.1407052941362897,0.002,0.01407052941362897,0.998,0.014070529413628961,0.0,0.0,0.0,0.0,9.98,0.14070529413628965,0.02,0.1407052941362897,8.76,1.3417913550191174,1.22,1.352737590924045,10.05,0.2190429135575904,10.05,0.2190429135575904,9.95,0.2190429135575904,10.0,0.0,10.0,0.0,1.0,0.0,0.5,0.0,3.13,1.5219272736443836
431.0,431.0,100,0.02,0.1407052941362897,0.002,0.01407052941362897,0.998,0.014070529413628961,0.0,0.0,0.0,0.0,9.98,0.14070529413628965,0.02,0.1407052941362897,8.76,1.3417913550191174,1.22,1.352737590924045,10.05,0.2190429135575904,10.05,0.2190429135575904,9.95,0.2190429135575904,10.0,0.0,10.0,0.0,1.0,0.0,0.5,0.0,3.13,1.5219272736443836
432.0,432.0,100,0.02,0.1407052941362897,0.002,0.01407052941362897,0.998,0.014070529413628961,0.0,0.0,0.0,0.0,9.98,0.14070529413628965,0.02,0.1407052941362897,8.76,1.3417913550191174,1.22,1.352737590924045,10.05,0.2190429135575904,10.05,0.2190429135575904,9.95,0.2190429135575904,10.0,0.0,10.0,0.0,1.0,0.0,0.5,0.0,3.13,1.5219272736443836
433.0,433.0,100,0.02,0.1407052941362897,0.002,0.01407052941362897,0.998,0.014070529413628961,0.0,0.0,0.0,0.0,9.98,0.14070529413628965,0.02,0.1407052941362897,8.76,1.3417913550191174,1.22,1.352737590924045,10.05,0.2190429135575904,10.05,0.2190429135575904,9.95,0.2190429135575904,10.0,0.0,10.0,0.0,1.0,0.0,0.5,0.0,3.13,1.5219272736443836
434.0,434.0,100,0.02,0.1407052941362897,0.002,0.01407052941362897,0.998,0.014070529413628961,0.0,0.0,0.0,0.0,9.98,0.14070529413628965,0.02,0.1407052941362897,8.76,1.3417913550191174,1.22,1.352737590924045,10.05,0.2190429135575904,10.05,0.2190429135575904,9.95,0.2190429135575904,10.0,0.0,10.0,0.0,1.0,0.0,0.5,0.0,3.13,1.5219272736443836
435.0,435.0,100,0.02,0.1407052941362897,0.002,0.01407052941362897,0.998,0.014070529413628961,0.0,0.0,0.0,0.0,9.98,0.14070529413628965,0.02,0.1407052941362897,8.76,1.3417913550191174,1.22,1.352737590924045,10.05,0.2190429135575904,10.05,0.2190429135575904,9.95,0.2190429135575904,10.0,0.0,10.0,0.0,1.0,0.0,0.5,0.0,3.13,1.5219272736443836
436.0,436.0,100,0.02,0.1407052941362897,0.002,0.01407052941362897,0.998,0.014070529413628961,0.0,0.0,0.0,0.0,9.98,0.14070529413628965,0.02,0.1407052941362897,8.76,1.3417913550191174,1.22,1.352737590924045,10.05,0.2190429135575904,10.05,0.2190429135575904,9.95,0.2190429135575904,10.0,0.0,10.0,0.0,1.0,0.0,0.5,0.0,3.13,1.5219272736443836
437.0,437.0,100,0.02,0.1407052941362897,0.002,0.01407052941362897,0.998,0.014070529413628961,0.0,0.0,0.0,0.0,9.98,0.14070529413628965,0.02,0.1407052941362897,8.76,1.3417913550191174,1.22,1.352737590924045,10.05,0.2190429135575904,10.05,0.2190429135575904,9.95,0.2190429135575904,10.0,0.0,10.0,0.0,1.0,0.0,0.5,0.0,3.13,1.5219272736443836
438.0,438.0,100,0.02,0.1407052941362897,0.002,0.01407052941362897,0.998,0.014070529413628961,0.0,0.0,0.0,0.0,9.98,0.14070529413628965,0.02,0.1407052941362897,8.76,1.3417913550191174,1.22,1.352737590924045,10.05,0.2190429135575904,10.05,0.2190429135575904,9.95,0.2190429135575904,10.0,0.0,10.0,0.0,1.0,0.0,0.5,0.0,3.13,1.5219272736443836
439.0,439.0,100,0.02,0.1407052941362897,0.002,0.01407052941362897,0.998,0.014070529413628961,0.0,0.0,0.0,0.0,9.98,0.14070529413628965,0.02,0.1407052941362897,8.76,1.3417913550191174,1.22,1.352737590924045,10.05,0.2190429135575904,10.05,0.2190429135575904,9.95,0.2190429135575904,10.0,0.0,10.0,0.0,1.0,0.0,0.5,0.0,3.13,1.5219272736443836
440.0,440.0,100,0.02,0.1407052941362897,0.002,0.01407052941362897,0.998,0.014070529413628961,0.0,0.0,0.0,0.0,9.98,0.14070529413628965,0.02,0.1407052941362897,8.76,1.3417913550191174,1.22,1.352737590924045,10.05,0.2190429135575904,10.05,0.2190429135575904,9.95,0.2190429135575904,10.0,0.0,10.0,0.0,1.0,0.0,0.5,0.0,3.13,1.5219272736443836
441.0,441.0,100,0.02,0.1407052941362897,0.002,0.01407052941362897,0.998,0.014070529413628961,0.0,0.0,0.0,0.0,9.98,0.14070529413628965,0.02,0.1407052941362897,8.76,1.3417913550191174,1.22,1.352737590924045,10.05,0.2190429135575904,10.05,0.2190429135575904,9.95,0.2190429135575904,10.0,0.0,10.0,0.0,1.0,0.0,0.5,0.0,3.13,1.5219272736443836
442.0,442.0,100,0.02,0.1407052941362897,0.002,0.01407052941362897,0.998,0.014070529413628961,0.0,0.0,0.0,0.0,9.98,0.14070529413628965,0.02,0.1407052941362897,8.76,1.3417913550191174,1.22,1.352737590924045,10.05,0.2190429135575904,10.05,0.2190429135575904,9.95,0.2190429135575904,10.0,0.0,10.0,0.0,1.0,0.0,0.5,0.0,3.13,1.5219272736443836
443.0,443.0,100,0.02,0.1407052941362897,0.002,0.01407052941362897,0.998,0.014070529413628961,0.0,0.0,0.0,0.0,9.98,0.14070529413628965,0.02,0.1407052941362897,8.76,1.3417913550191174,1.22,1.352737590924045,10.05,0.2190429135575904,10.05,0.2190429135575904,9.95,0.2190429135575904,10.0,0.0,10.0,0.0,1.0,0.0,0.5,0.0,3.13,1.5219272736443836
444.0,444.0,100,0.02,0.1407052941362897,0.002,0.01407052941362897,0.998,0.014070529413628961,0.0,0.0,0.0,0.0,9.98,0.14070529413628965,0.02,0.1407052941362897,8.76,1.3417913550191174,1.22,1.352737590924045,10.05,0.2190429135575904,10.05,0.2190429135575904,9.95,0.2190429135575904,10.0,0.0,10.0,0.0,1.0,0.0,0.5,0.0,3.13,1.5219272736443836
445.0,445.0,100,0.02,0.1407052941362897,0.002,0.01407052941362897,0.998,0.014070529413628961,0.0,0.0,0.0,0.0,9.98,0.14070529413628965,0.02,0.1407052941362897,8.76,1.3417913550191174,1.22,1.352737590924045,10.05,0.2190429135575904,10.05,0.2190429135575904,9.95,0.2190429135575904,10.0,0.0,10.0,0.0,1.0,0.0,0.5,0.0,3.13,1.5219272736443836
446.0,446.0,100,0.02,0.1407052941362897,0.002,0.01407052941362897,0.998,0.014070529413628961,0.0,0.0,0.0,0.0,9.98,0.14070529413628965,0.02,0.1407052941362897,8.76,1.3417913550191174,1.22,1.352737590924045,10.05,0.2190429135575904,10.05,0.2190429135575904,9.95,0.2190429135575904,10.0,0.0,10.0,0.0,1.0,0.0,0.5,0.0,3.13,1.5219272736443836
447.0,447.0,100,0.02,0.1407052941362897,0.002,0.01407052941362897,0.998,0.014070529413628961,0.0,0.0,0.0,0.0,9.98,0.14070529413628965,0.02,0.1407052941362897,8.76,1.3417913550191174,1.22,1.352737590924045,10.05,0.2190429135575904,10.05,0.2190429135575904,9.95,0.2190429135575904,10.0,0.0,10.0,0.0,1.0,0.0,0.5,0.0,3.13,1.5219272736443836
448.0,448.0,100,0.02,0.1407052941362897,0.002,0.01407052941362897,0.998,0.014070529413628961,0.0,0.0,0.0,0.0,9.98,0.14070529413628965,0.02,0.1407052941362897,8.76,1.3417913550191174,1.22,1.352737590924045,10.05,0.2190429135575904,10.05,0.2190429135575904,9.95,0.2190429135575904,10.0,0.0,10.0,0.0,1.0,0.0,0.5,0.0,3.13,1.5219272736443836
449.0,449.0,100,0.02,0.1407052941362897,0.002,0.01407052941362897,0.998,0.014070529413628961,0.0,0.0,0.0,0.0,9.98,0.14070529413628965,0.02,0.1407052941362897,8.76,1.3417913550191174,1.22,1.352737590924045,10.05,0.2190429135575904,10.05,0.2190429135575904,9.95,0.2190429135575904,10.0,0.0,10.0,0.0,1.0,0.0,0.5,0.0,3.13,1.5219272736443836
450.0,450.0,100,0.02,0.1407052941362897,0.002,0.01407052941362897,0.998,0.014070529413628961,0.0,0.0,0.0,0.0,9.98,0.14070529413628965,0.02,0.1407052941362897,8.76,1.3417913550191174,1.22,1.352737590924045,10.05,0.2190429135575904,10.05,0.2190429135575904,9.95,0.2190429135575904,10.0,0.0,10.0,0.0,1.0,0.0,0.5,0.0,3.13,1.5219272736443836
451.0,451.0,100,0.02,0.1407052941362897,0.002,0.01407052941362897,0.998,0.014070529413628961,0.0,0.0,0.0,0.0,9.98,0.14070529413628965,0.02,0.1407052941362897,8.76,1.3417913550191174,1.22,1.352737590924045,10.05,0.2190429135575904,10.05,0.2190429135575904,9.95,0.2190429135575904,10.0,0.0,10.0,0.0,1.0,0.0,0.5,0.0,3.13,1.5219272736443836
452.0,452.0,100,0.02,0.1407052941362897,0.002,0.01407052941362897,0.998,0.014070529413628961,0.0,0.0,0.0,0.0,9.98,0.14070529413628965,0.02,0.1407052941362897,8.76,1.3417913550191174,1.22,1.352737590924045,10.05,0.2190429135575904,10.05,0.2190429135575904,9.95,0.2190429135575904,10.0,0.0,10.0,0.0,1.0,0.0,0.5,0.0,3.13,1.5219272736443836
453.0,453.0,100,0.02,0.1407052941362897,0.002,0.01407052941362897,0.998,0.014070529413628961,0.0,0.0,0.0,0.0,9.98,0.14070529413628965,0.02,0.1407052941362897,8.76,1.3417913550191174,1.22,1.352737590924045,10.05,0.2190429135575904,10.05,0.2190429135575904,9.95,0.2190429135575904,10.0,0.0,10.0,0.0,1.0,0.0,0.5,0.0,3.13,1.5219272736443836
454.0,454.0,100,0.02,0.1407052941362897,0.002,0.01407052941362897,0.998,0.014070529413628961,0.0,0.0,0.0,0.0,9.98,0.14070529413628965,0.02,0.1407052941362897,8.76,1.3417913550191174,1.22,1.352737590924045,10.05,0.2190429135575904,10.05,0.2190429135575904,9.95,0.2190429135575904,10.0,0.0,10.0,0.0,1.0,0.0,0.5,0.0,3.13,1.5219272736443836
455.0,455.0,100,0.02,0.1407052941362897,0.002,0.01407052941362897,0.998,0.014070529413628961,0.0,0.0,0.0,0.0,9.98,0.14070529413628965,0.02,0.1407052941362897,8.76,1.3417913550191174,1.22,1.352737590924045,10.05,0.2190429135575904,10.05,0.2190429135575904,9.95,0.2190429135575904,10.0,0.0,10.0,0.0,1.0,0.0,0.5,0.0,3.13,1.5219272736443836
456.0,456.0,100,0.02,0.1407052941362897,0.002,0.01407052941362897,0.998,0.014070529413628961,0.0,0.0,0.0,0.0,9.98,0.14070529413628965,0.02,0.1407052941362897,8.76,1.3417913550191174,1.22,1.352737590924045,10.05,0.2190429135575904,10.05,0.2190429135575904,9.95,0.2190429135575904,10.0,0.0,10.0,0.0,1.0,0.0,0.5,0.0,3.13,1.5219272736443836
457.0,457.0,100,0.02,0.1407052941362897,0.002,0.01407052941362897,0.998,0.014070529413628961,0.0,0.0,0.0,0.0,9.98,0.14070529413628965,0.02,0.1407052941362897,8.76,1.3417913550191174,1.22,1.352737590924045,10.05,0.2190429135575904,10.05,0.2190429135575904,9.95,0.2190429135575904,10.0,0.0,10.0,0.0,1.0,0.0,0.5,0.0,3.13,1.5219272736443836
458.0,458.0,100,0.02,0.1407052941362897,0.002,0.01407052941362897,0.998,0.014070529413628961,0.0,0.0,0.0,0.0,9.98,0.14070529413628965,0.02,0.1407052941362897,8.76,1.3417913550191174,1.22,1.352737590924045,10.05,0.2190429135575904,10.05,0.2190429135575904,9.95,0.2190429135575904,10.0,0.0,10.0,0.0,1.0,0.0,0.5,0.0,3.13,1.5219272736443836
459.0,459.0,100,0.02,0.1407052941362897,0.002,0.01407052941362897,0.998,0.014070529413628961,0.0,0.0,0.0,0.0,9.98,0.14070529413628965,0.02,0.1407052941362897,8.76,1.3417913550191174,1.22,1.352737590924045,10.05,0.2190429135575904,10.05,0.2190429135575904,9.95,0.2190429135575904,10.0,0.0,10.0,0.0,1.0,0.0,0.5,0.0,3.13,1.5219272736443836
460.0,460.0,100,0.02,0.1407052941362897,0.002,0.01407052941362897,0.998,0.014070529413628961,0.0,0.0,0.0,0.0,9.98,0.14070529413628965,0.02,0.1407052941362897,8.76,1.3417913550191174,1.22,1.352737590924045,10.05,0.2190429135575904,10.05,0.2190429135575904,9.95,0.2190429135575904,10.0,0.0,10.0,0.0,1.0,0.0,0.5,0.0,3.13,1.5219272736443836
461.0,461.0,100,0.02,0.1407052941362897,0.002,0.01407052941362897,0.998,0.014070529413628961,0.0,0.0,0.0,0.0,9.98,0.14070529413628965,0.02,0.1407052941362897,8.76,1.3417913550191174,1.22,1.352737590924045,10.05,0.2190429135575904,10.05,0.2190429135575904,9.95,0.2190429135575904,10.0,0.0,10.0,0.0,1.0,0.0,0.5,0.0,3.13,1.5219272736443836
462.0,462.0,100,0.02,0.1407052941362897,0.002,0.01407052941362897,0.998,0.014070529413628961,0.0,0.0,0.0,0.0,9.98,0.14070529413628965,0.02,0.1407052941362897,8.76,1.3417913550191174,1.22,1.352737590924045,10.05,0.2190429135575904,10.05,0.2190429135575904,9.95,0.2190429135575904,10.0,0.0,10.0,0.0,1.0,0.0,0.5,0.0,3.13,1.5219272736443836
463.0,463.0,100,0.02,0.1407052941362897,0.002,0.01407052941362897,0.998,0.014070529413628961,0.0,0.0,0.0,0.0,9.98,0.14070529413628965,0.02,0.1407052941362897,8.76,1.3417913550191174,1.22,1.352737590924045,10.05,0.2190429135575904,10.05,0.2190429135575904,9.95,0.2190429135575904,10.0,0.0,10.0,0.0,1.0,0.0,0.5,0.0,3.13,1.5219272736443836
464.0,464.0,100,0.02,0.1407052941362897,0.002,0.01407052941362897,0.998,0.014070529413628961,0.0,0.0,0.0,0.0,9.98,0.14070529413628965,0.02,0.1407052941362897,8.76,1.3417913550191174,1.22,1.352737590924045,10.05,0.2190429135575904,10.05,0.2190429135575904,9.95,0.2190429135575904,10.0,0.0,10.0,0.0,1.0,0.0,0.5,0.0,3.13,1.5219272736443836
465.0,465.0,100,0.02,0.1407052941362897,0.002,0.01407052941362897,0.998,0.014070529413628961,0.0,0.0,0.0,0.0,9.98,0.14070529413628965,0.02,0.1407052941362897,8.76,1.3417913550191174,1.22,1.352737590924045,10.05,0.2190429135575904,10.05,0.2190429135575904,9.95,0.2190429135575904,10.0,0.0,10.0,0.0,1.0,0.0,0.5,0.0,3.13,1.5219272736443836
466.0,466.0,100,0.02,0.1407052941362897,0.002,0.01407052941362897,0.998,0.014070529413628961,0.0,0.0,0.0,0.0,9.98,0.14070529413628965,0.02,0.1407052941362897,8.76,1.3417913550191174,1.22,1.352737590924045,10.05,0.2190429135575904,10.05,0.2190429135575904,9.95,0.2190429135575904,10.0,0.0,10.0,0.0,1.0,0.0,0.5,0.0,3.13,1.5219272736443836
467.0,467.0,100,0.02,0.1407052941362897,0.002,0.01407052941362897,0.998,0.014070529413628961,0.0,0.0,0.0,0.0,9.98,0.14070529413628965,0.02,0.1407052941362897,8.76,1.3417913550191174,1.22,1.352737590924045,10.05,0.2190429135575904,10.05,0.2190429135575904,9.95,0.2190429135575904,10.0,0.0,10.0,0.0,1.0,0.0,0.5,0.0,3.13,1.5219272736443836
468.0,468.0,100,0.02,0.1407052941362897,0.002,0.01407052941362897,0.998,0.014070529413628961,0.0,0.0,0.0,0.0,9.98,0.14070529413628965,0.02,0.1407052941362897,8.76,1.3417913550191174,1.22,1.352737590924045,10.05,0.2190429135575904,10.05,0.2190429135575904,9.95,0.2190429135575904,10.0,0.0,10.0,0.0,1.0,0.0,0.5,0.0,3.13,1.5219272736443836
469.0,469.0,100,0.02,0.1407052941362897,0.002,0.01407052941362897,0.998,0.014070529413628961,0.0,0.0,0.0,0.0,9.98,0.14070529413628965,0.02,0.1407052941362897,8.76,1.3417913550191174,1.22,1.352737590924045,10.05,0.2190429135575904,10.05,0.2190429135575904,9.95,0.2190429135575904,10.0,0.0,10.0,0.0,1.0,0.0,0.5,0.0,3.13,1.5219272736443836
470.0,470.0,100,0.02,0.1407052941362897,0.002,0.01407052941362897,0.998,0.014070529413628961,0.0,0.0,0.0,0.0,9.98,0.14070529413628965,0.02,0.1407052941362897,8.76,1.3417913550191174,1.22,1.352737590924045,10.05,0.2190429135575904,10.05,0.2190429135575904,9.95,0.2190429135575904,10.0,0.0,10.0,0.0,1.0,0.0,0.5,0.0,3.13,1.5219272736443836
471.0,471.0,100,0.02,0.1407052941362897,0.002,0.01407052941362897,0.998,0.014070529413628961,0.0,0.0,0.0,0.0,9.98,0.14070529413628965,0.02,0.1407052941362897,8.76,1.3417913550191174,1.22,1.352737590924045,10.05,0.2190429135575904,10.05,0.2190429135575904,9.95,0.2190429135575904,10.0,0.0,10.0,0.0,1.0,0.0,0.5,0.0,3.13,1.5219272736443836
472.0,472.0,100,0.02,0.1407052941362897,0.002,0.01407052941362897,0.998,0.014070529413628961,0.0,0.0,0.0,0.0,9.98,0.14070529413628965,0.02,0.1407052941362897,8.76,1.3417913550191174,1.22,1.352737590924045,10.05,0.2190429135575904,10.05,0.2190429135575904,9.95,0.2190429135575904,10.0,0.0,10.0,0.0,1.0,0.0,0.5,0.0,3.13,1.5219272736443836
473.0,473.0,100,0.02,0.1407052941362897,0.002,0.01407052941362897,0.998,0.014070529413628961,0.0,0.0,0.0,0.0,9.98,0.14070529413628965,0.02,0.1407052941362897,8.76,1.3417913550191174,1.22,1.352737590924045,10.05,0.2190429135575904,10.05,0.2190429135575904,9.95,0.2190429135575904,10.0,0.0,10.0,0.0,1.0,0.0,0.5,0.0,3.13,1.5219272736443836
474.0,474.0,100,0.02,0.1407052941362897,0.002,0.01407052941362897,0.998,0.014070529413628961,0.0,0.0,0.0,0.0,9.98,0.14070529413628965,0.02,0.1407052941362897,8.76,1.3417913550191174,1.22,1.352737590924045,10.05,0.2190429135575904,10.05,0.2190429135575904,9.95,0.2190429135575904,10.0,0.0,10.0,0.0,1.0,0.0,0.5,0.0,3.13,1.5219272736443836
475.0,475.0,100,0.02,0.1407052941362897,0.002,0.01407052941362897,0.998,0.014070529413628961,0.0,0.0,0.0,0.0,9.98,0.14070529413628965,0.02,0.1407052941362897,8.76,1.3417913550191174,1.22,1.352737590924045,10.05,0.2190429135575904,10.05,0.2190429135575904,9.95,0.2190429135575904,10.0,0.0,10.0,0.0,1.0,0.0,0.5,0.0,3.13,1.5219272736443836
476.0,476.0,100,0.02,0.1407052941362897,0.002,0.01407052941362897,0.998,0.014070529413628961,0.0,0.0,0.0,0.0,9.98,0.14070529413628965,0.02,0.1407052941362897,8.76,1.3417913550191174,1.22,1.352737590924045,10.05,0.2190429135575904,10.05,0.2190429135575904,9.95,0.2190429135575904,10.0,0.0,10.0,0.0,1.0,0.0,0.5,0.0,3.13,1.5219272736443836
477.0,477.0,100,0.02,0.1407052941362897,0.002,0.01407052941362897,0.998,0.014070529413628961,0.0,0.0,0.0,0.0,9.98,0.14070529413628965,0.02,0.1407052941362897,8.76,1.3417913550191174,1.22,1.352737590924045,10.05,0.2190429135575904,10.05,0.2190429135575904,9.95,0.2190429135575904,10.0,0.0,10.0,0.0,1.0,0.0,0.5,0.0,3.13,1.5219272736443836
478.0,478.0,100,0.02,0.1407052941362897,0.002,0.01407052941362897,0.998,0.014070529413628961,0.0,0.0,0.0,0.0,9.98,0.14070529413628965,0.02,0.1407052941362897,8.76,1.3417913550191174,1.22,1.352737590924045,10.05,0.2190429135575904,10.05,0.2190429135575904,9.95,0.2190429135575904,10.0,0.0,10.0,0.0,1.0,0.0,0.5,0.0,3.13,1.5219272736443836
479.0,479.0,100,0.02,0.1407052941362897,0.002,0.01407052941362897,0.998,0.014070529413628961,0.0,0.0,0.0,0.0,9.98,0.14070529413628965,0.02,0.1407052941362897,8.76,1.3417913550191174,1.22,1.352737590924045,10.05,0.2190429135575904,10.05,0.2190429135575904,9.95,0.2190429135575904,10.0,0.0,10.0,0.0,1.0,0.0,0.5,0.0,3.13,1.5219272736443836
480.0,480.0,100,0.02,0.1407052941362897,0.002,0.01407052941362897,0.998,0.014070529413628961,0.0,0.0,0.0,0.0,9.98,0.14070529413628965,0.02,0.1407052941362897,8.76,1.3417913550191174,1.22,1.352737590924045,10.05,0.2190429135575904,10.05,0.2190429135575904,9.95,0.2190429135575904,10.0,0.0,10.0,0.0,1.0,0.0,0.5,0.0,3.13,1.5219272736443836
481.0,481.0,100,0.02,0.1407052941362897,0.002,0.01407052941362897,0.998,0.014070529413628961,0.0,0.0,0.0,0.0,9.98,0.14070529413628965,0.02,0.1407052941362897,8.76,1.3417913550191174,1.22,1.352737590924045,10.05,0.2190429135575904,10.05,0.2190429135575904,9.95,0.2190429135575904,10.0,0.0,10.0,0.0,1.0,0.0,0.5,0.0,3.13,1.5219272736443836
482.0,482.0,100,0.02,0.1407052941362897,0.002,0.01407052941362897,0.998,0.014070529413628961,0.0,0.0,0.0,0.0,9.98,0.14070529413628965,0.02,0.1407052941362897,8.76,1.3417913550191174,1.22,1.352737590924045,10.05,0.2190429135575904,10.05,0.2190429135575904,9.95,0.2190429135575904,10.0,0.0,10.0,0.0,1.0,0.0,0.5,0.0,3.13,1.5219272736443836
483.0,483.0,100,0.02,0.1407052941362897,0.002,0.01407052941362897,0.998,0.014070529413628961,0.0,0.0,0.0,0.0,9.98,0.14070529413628965,0.02,0.1407052941362897,8.76,1.3417913550191174,1.22,1.352737590924045,10.05,0.2190429135575904,10.05,0.2190429135575904,9.95,0.2190429135575904,10.0,0.0,10.0,0.0,1.0,0.0,0.5,0.0,3.13,1.5219272736443836
484.0,484.0,100,0.02,0.1407052941362897,0.002,0.01407052941362897,0.998,0.014070529413628961,0.0,0.0,0.0,0.0,9.98,0.14070529413628965,0.02,0.1407052941362897,8.76,1.3417913550191174,1.22,1.352737590924045,10.05,0.2190429135575904,10.05,0.2190429135575904,9.95,0.2190429135575904,10.0,0.0,10.0,0.0,1.0,0.0,0.5,0.0,3.13,1.5219272736443836
485.0,485.0,100,0.02,0.1407052941362897,0.002,0.01407052941362897,0.998,0.014070529413628961,0.0,0.0,0.0,0.0,9.98,0.14070529413628965,0.02,0.1407052941362897,8.76,1.3417913550191174,1.22,1.352737590924045,10.05,0.2190429135575904,10.05,0.2190429135575904,9.95,0.2190429135575904,10.0,0.0,10.0,0.0,1.0,0.0,0.5,0.0,3.13,1.5219272736443836
486.0,486.0,100,0.02,0.1407052941362897,0.002,0.01407052941362897,0.998,0.014070529413628961,0.0,0.0,0.0,0.0,9.98,0.14070529413628965,0.02,0.1407052941362897,8.76,1.3417913550191174,1.22,1.352737590924045,10.05,0.2190429135575904,10.05,0.2190429135575904,9.95,0.2190429135575904,10.0,0.0,10.0,0.0,1.0,0.0,0.5,0.0,3.13,1.5219272736443836
487.0,487.0,100,0.02,0.1407052941362897,0.002,0.01407052941362897,0.998,0.014070529413628961,0.0,0.0,0.0,0.0,9.98,0.14070529413628965,0.02,0.1407052941362897,8.76,1.3417913550191174,1.22,1.352737590924045,10.05,0.2190429135575904,10.05,0.2190429135575904,9.95,0.2190429135575904,10.0,0.0,10.0,0.0,1.0,0.0,0.5,0.0,3.13,1.5219272736443836
488.0,488.0,100,0.02,0.1407052941362897,0.002,0.01407052941362897,0.998,0.014070529413628961,0.0,0.0,0.0,0.0,9.98,0.14070529413628965,0.02,0.1407052941362897,8.76,1.3417913550191174,1.22,1.352737590924045,10.05,0.2190429135575904,10.05,0.2190429135575904,9.95,0.2190429135575904,10.0,0.0,10.0,0.0,1.0,0.0,0.5,0.0,3.13,1.5219272736443836
489.0,489.0,100,0.02,0.1407052941362897,0.002,0.01407052941362897,0.998,0.014070529413628961,0.0,0.0,0.0,0.0,9.98,0.14070529413628965,0.02,0.1407052941362897,8.76,1.3417913550191174,1.22,1.352737590924045,10.05,0.2190429135575904,10.05,0.2190429135575904,9.95,0.2190429135575904,10.0,0.0,10.0,0.0,1.0,0.0,0.5,0.0,3.13,1.5219272736443836
490.0,490.0,100,0.02,0.1407052941362897,0.002,0.01407052941362897,0.998,0.014070529413628961,0.0,0.0,0.0,0.0,9.98,0.14070529413628965,0.02,0.1407052941362897,8.76,1.3417913550191174,1.22,1.352737590924045,10.05,0.2190429135575904,10.05,0.2190429135575904,9.95,0.2190429135575904,10.0,0.0,10.0,0.0,1.0,0.0,0.5,0.0,3.13,1.5219272736443836
491.0,491.0,100,0.02,0.1407052941362897,0.002,0.01407052941362897,0.998,0.014070529413628961,0.0,0.0,0.0,0.0,9.98,0.14070529413628965,0.02,0.1407052941362897,8.76,1.3417913550191174,1.22,1.352737590924045,10.05,0.2190429135575904,10.05,0.2190429135575904,9.95,0.2190429135575904,10.0,0.0,10.0,0.0,1.0,0.0,0.5,0.0,3.13,1.5219272736443836
492.0,492.0,100,0.02,0.1407052941362897,0.002,0.01407052941362897,0.998,0.014070529413628961,0.0,0.0,0.0,0.0,9.98,0.14070529413628965,0.02,0.1407052941362897,8.76,1.3417913550191174,1.22,1.352737590924045,10.05,0.2190429135575904,10.05,0.2190429135575904,9.95,0.2190429135575904,10.0,0.0,10.0,0.0,1.0,0.0,0.5,0.0,3.13,1.5219272736443836
493.0,493.0,100,0.02,0.1407052941362897,0.002,0.01407052941362897,0.998,0.014070529413628961,0.0,0.0,0.0,0.0,9.98,0.14070529413628965,0.02,0.1407052941362897,8.76,1.3417913550191174,1.22,1.352737590924045,10.05,0.2190429135575904,10.05,0.2190429135575904,9.95,0.2190429135575904,10.0,0.0,10.0,0.0,1.0,0.0,0.5,0.0,3.13,1.5219272736443836
494.0,494.0,100,0.02,0.1407052941362897,0.002,0.01407052941362897,0.998,0.014070529413628961,0.0,0.0,0.0,0.0,9.98,0.14070529413628965,0.02,0.1407052941362897,8.76,1.3417913550191174,1.22,1.352737590924045,10.05,0.2190429135575904,10.05,0.2190429135575904,9.95,0.2190429135575904,10.0,0.0,10.0,0.0,1.0,0.0,0.5,0.0,3.13,1.5219272736443836
495.0,495.0,100,0.02,0.1407052941362897,0.002,0.01407052941362897,0.998,0.014070529413628961,0.0,0.0,0.0,0.0,9.98,0.14070529413628965,0.02,0.1407052941362897,8.76,1.3417913550191174,1.22,1.352737590924045,10.05,0.2190429135575904,10.05,0.2190429135575904,9.95,0.2190429135575904,10.0,0.0,10.0,0.0,1.0,0.0,0.5,0.0,3.13,1.5219272736443836
496.0,496.0,100,0.02,0.1407052941362897,0.002,0.01407052941362897,0.998,0.014070529413628961,0.0,0.0,0.0,0.0,9.98,0.14070529413628965,0.02,0.1407052941362897,8.76,1.3417913550191174,1.22,1.352737590924045,10.05,0.2190429135575904,10.05,0.2190429135575904,9.95,0.2190429135575904,10.0,0.0,10.0,0.0,1.0,0.0,0.5,0.0,3.13,1.5219272736443836
497.0,497.0,100,0.02,0.1407052941362897,0.002,0.01407052941362897,0.998,0.014070529413628961,0.0,0.0,0.0,0.0,9.98,0.14070529413628965,0.02,0.1407052941362897,8.76,1.3417913550191174,1.22,1.352737590924045,10.05,0.2190429135575904,10.05,0.2190429135575904,9.95,0.2190429135575904,10.0,0.0,10.0,0.0,1.0,0.0,0.5,0.0,3.13,1.5219272736443836
498.0,498.0,100,0.02,0.1407052941362897,0.002,0.01407052941362897,0.998,0.014070529413628961,0.0,0.0,0.0,0.0,9.98,0.14070529413628965,0.02,0.1407052941362897,8.76,1.3417913550191174,1.22,1.352737590924045,10.05,0.2190429135575904,10.05,0.2190429135575904,9.95,0.2190429135575904,10.0,0.0,10.0,0.0,1.0,0.0,0.5,0.0,3.13,1.5219272736443836
499.0,499.0,100,0.02,0.1407052941362897,0.002,0.01407052941362897,0.998,0.014070529413628961,0.0,0.0,0.0,0.0,9.98,0.14070529413628965,0.02,0.1407052941362897,8.76,1.3417913550191174,1.22,1.352737590924045,10.05,0.2190429135575904,10.05,0.2190429135575904,9.95,0.2190429135575904,10.0,0.0,10.0,0.0,1.0,0.0,0.5,0.0,3.13,1.5219272736443836
500.0,500.0,100,0.02,0.1407052941362897,0.002,0.01407052941362897,0.998,0.014070529413628961,0.0,0.0,0.0,0.0,9.98,0.14070529413628965,0.02,0.1407052941362897,8.76,1.3417913550191174,1.22,1.352737590924045,10.05,0.2190429135575904,10.05,0.2190429135575904,9.95,0.2190429135575904,10.0,0.0,10.0,0.0,1.0,0.0,0.5,0.0,3.13,1.5219272736443836
501.0,501.0,100,0.02,0.1407052941362897,0.002,0.01407052941362897,0.998,0.014070529413628961,0.0,0.0,0.0,0.0,9.98,0.14070529413628965,0.02,0.1407052941362897,8.76,1.3417913550191174,1.22,1.352737590924045,10.05,0.2190429135575904,10.05,0.2190429135575904,9.95,0.2190429135575904,10.0,0.0,10.0,0.0,1.0,0.0,0.5,0.0,3.13,1.5219272736443836
502.0,502.0,100,0.02,0.1407052941362897,0.002,0.01407052941362897,0.998,0.014070529413628961,0.0,0.0,0.0,0.0,9.98,0.14070529413628965,0.02,0.1407052941362897,8.76,1.3417913550191174,1.22,1.352737590924045,10.05,0.2190429135575904,10.04,0.19694638556693236,9.95,0.2190429135575904,10.0,0.0,10.0,0.0,1.0,0.0,0.5,0.0,3.13,1.5219272736443836
503.0,503.0,100,0.02,0.1407052941362897,0.002,0.01407052941362897,0.998,0.014070529413628961,0.0,0.0,0.0,0.0,9.98,0.14070529413628965,0.02,0.1407052941362897,8.76,1.3417913550191174,1.22,1.352737590924045,10.05,0.2190429135575904,10.04,0.19694638556693236,9.95,0.2190429135575904,10.0,0.0,10.0,0.0,1.0,0.0,0.5,0.0,3.13,1.5219272736443836
504.0,504.0,100,0.02,0.1407052941362897,0.002,0.01407052941362897,0.998,0.014070529413628961,0.0,0.0,0.0,0.0,9.98,0.14070529413628965,0.02,0.1407052941362897,8.76,1.3417913550191174,1.22,1.352737590924045,10.05,0.2190429135575904,10.04,0.19694638556693236,9.95,0.2190429135575904,10.0,0.0,10.0,0.0,1.0,0.0,0.5,0.0,3.13,1.5219272736443836
505.0,505.0,100,0.02,0.1407052941362897,0.002,0.01407052941362897,0.998,0.014070529413628961,0.0,0.0,0.0,0.0,9.98,0.14070529413628965,0.02,0.1407052941362897,8.76,1.3417913550191174,1.22,1.352737590924045,10.05,0.2190429135575904,10.04,0.19694638556693236,9.95,0.2190429135575904,10.0,0.0,10.0,0.0,1.0,0.0,0.5,0.0,3.13,1.5219272736443836
506.0,506.0,100,0.02,0.1407052941362897,0.002,0.01407052941362897,0.998,0.014070529413628961,0.0,0.0,0.0,0.0,9.98,0.14070529413628965,0.02,0.1407052941362897,8.76,1.3417913550191174,1.22,1.352737590924045,10.05,0.2190429135575904,10.03,0.22270150335361363,9.95,0.2190429135575904,10.0,0.0,10.0,0.0,1.0,0.0,0.5,0.0,3.13,1.5219272736443836
507.0,507.0,100,0.02,0.1407052941362897,0.002,0.01407052941362897,0.998,0.014070529413628961,0.0,0.0,0.0,0.0,9.98,0.14070529413628965,0.02,0.1407052941362897,8.76,1.3417913550191174,1.22,1.352737590924045,10.05,0.2190429135575904,10.03,0.22270150335361363,9.95,0.2190429135575904,10.0,0.0,10.0,0.0,1.0,0.0,0.5,0.0,3.13,1.5219272736443836
508.0,508.0,100,0.02,0.1407052941362897,0.002,0.01407052941362897,0.998,0.014070529413628961,0.0,0.0,0.0,0.0,9.98,0.14070529413628965,0.02,0.1407052941362897,8.76,1.3417913550191174,1.22,1.352737590924045,10.05,0.2190429135575904,10.03,0.22270150335361363,9.95,0.2190429135575904,10.0,0.0,10.0,0.0,1.0,0.0,0.5,0.0,3.13,1.5219272736443836
509.0,509.0,100,0.02,0.1407052941362897,0.002,0.01407052941362897,0.998,0.014070529413628961,0.0,0.0,0.0,0.0,9.98,0.14070529413628965,0.02,0.1407052941362897,8.76,1.3417913550191174,1.22,1.352737590924045,10.05,0.2190429135575904,10.03,0.22270150335361363,9.95,0.2190429135575904,10.0,0.0,10.0,0.0,1.0,0.0,0.5,0.0,3.13,1.5219272736443836
510.0,510.0,100,0.02,0.1407052941362897,0.002,0.01407052941362897,0.998,0.014070529413628961,0.0,0.0,0.0,0.0,9.98,0.14070529413628965,0.02,0.1407052941362897,8.76,1.3417913550191174,1.22,1.352737590924045,10.05,0.2190429135575904,10.03,0.22270150335361363,9.95,0.2190429135575904,10.0,0.0,10.0,0.0,1.0,0.0,0.5,0.0,3.13,1.5219272736443836
511.0,511.0,100,0.02,0.1407052941362897,0.002,0.01407052941362897,0.998,0.014070529413628961,0.0,0.0,0.0,0.0,9.98,0.14070529413628965,0.02,0.1407052941362897,8.76,1.3417913550191174,1.22,1.352737590924045,10.05,0.2190429135575904,10.03,0.22270150335361363,9.95,0.2190429135575904,10.0,0.0,10.0,0.0,1.0,0.0,0.5,0.0,3.13,1.5219272736443836
512.0,512.0,100,0.02,0.1407052941362897,0.002,0.01407052941362897,0.998,0.014070529413628961,0.0,0.0,0.0,0.0,9.98,0.14070529413628965,0.02,0.1407052941362897,8.74,1.3380220589747502,1.24,1.3492983586316483,10.04,0.19694638556693236,10.03,0.22270150335361363,9.96,0.19694638556693236,10.0,0.0,10.0,0.0,1.0,0.0,0.5,0.0,3.13,1.5219272736443836
513.0,513.0,100,0.02,0.1407052941362897,0.002,0.01407052941362897,0.998,0.014070529413628961,0.0,0.0,0.0,0.0,9.98,0.14070529413628965,0.02,0.1407052941362897,8.74,1.3380220589747502,1.24,1.3492983586316483,10.04,0.19694638556693236,10.03,0.22270150335361363,9.96,0.19694638556693236,10.0,0.0,10.0,0.0,1.0,0.0,0.5,0.0,3.13,1.5219272736443836
514.0,514.0,100,0.02,0.1407052941362897,0.002,0.01407052941362897,0.998,0.014070529413628961,0.0,0.0,0.0,0.0,9.98,0.14070529413628965,0.02,0.1407052941362897,8.74,1.3380220589747502,1.24,1.3492983586316483,10.04,0.19694638556693236,10.03,0.22270150335361363,9.96,0.19694638556693236,10.0,0.0,10.0,0.0,1.0,0.0,0.5,0.0,3.13,1.5219272736443836
515.0,515.0,100,0.02,0.1407052941362897,0.002,0.01407052941362897,0.998,0.014070529413628961,0.0,0.0,0.0,0.0,9.98,0.14070529413628965,0.02,0.1407052941362897,8.74,1.3380220589747502,1.24,1.3492983586316483,10.03,0.22270150335361363,10.03,0.22270150335361363,9.97,0.22270150335361363,10.0,0.0,10.0,0.0,1.0,0.0,0.5,0.0,3.13,1.5219272736443836
516.0,516.0,100,0.02,0.1407052941362897,0.002,0.01407052941362897,0.998,0.014070529413628961,0.0,0.0,0.0,0.0,9.98,0.14070529413628965,0.02,0.1407052941362897,8.74,1.3380220589747502,1.24,1.3492983586316483,10.04,0.19694638556693236,10.03,0.22270150335361363,9.96,0.19694638556693236,10.0,0.0,10.0,0.0,1.0,0.0,0.5,0.0,3.13,1.5219272736443836
517.0,517.0,100,0.02,0.1407052941362897,0.002,0.01407052941362897,0.998,0.014070529413628961,0.0,0.0,0.0,0.0,9.98,0.14070529413628965,0.02,0.1407052941362897,8.74,1.3380220589747502,1.24,1.3492983586316483,10.04,0.19694638556693236,10.04,0.19694638556693236,9.96,0.19694638556693236,10.0,0.0,10.0,0.0,1.0,0.0,0.5,0.0,3.13,1.5219272736443836
518.0,518.0,100,0.02,0.1407052941362897,0.002,0.01407052941362897,0.998,0.014070529413628961,0.0,0.0,0.0,0.0,9.98,0.14070529413628965,0.02,0.1407052941362897,8.74,1.3380220589747502,1.24,1.3492983586316483,10.04,0.19694638556693236,10.04,0.19694638556693236,9.96,0.19694638556693236,10.0,0.0,10.0,0.0,1.0,0.0,0.5,0.0,3.13,1.5219272736443836
519.0,519.0,100,0.02,0.1407052941362897,0.002,0.01407052941362897,0.998,0.014070529413628961,0.0,0.0,0.0,0.0,9.98,0.14070529413628965,0.02,0.1407052941362897,8.74,1.3380220589747502,1.24,1.3492983586316483,10.04,0.19694638556693236,10.04,0.19694638556693236,9.96,0.19694638556693236,10.0,0.0,10.0,0.0,1.0,0.0,0.5,0.0,3.13,1.5219272736443836
520.0,520.0,100,0.02,0.1407052941362897,0.002,0.01407052941362897,0.998,0.014070529413628961,0.0,0.0,0.0,0.0,9.98,0.14070529413628965,0.02,0.1407052941362897,8.74,1.3380220589747502,1.24,1.3492983586316483,10.04,0.19694638556693236,10.04,0.19694638556693236,9.96,0.19694638556693236,10.0,0.0,10.0,0.0,1.0,0.0,0.5,0.0,3.13,1.5219272736443836
521.0,521.0,100,0.02,0.1407052941362897,0.002,0.01407052941362897,0.998,0.014070529413628961,0.0,0.0,0.0,0.0,9.98,0.14070529413628965,0.02,0.1407052941362897,8.74,1.3380220589747502,1.24,1.3492983586316483,10.04,0.19694638556693236,10.04,0.19694638556693236,9.96,0.19694638556693236,10.0,0.0,10.0,0.0,1.0,0.0,0.5,0.0,3.13,1.5219272736443836
522.0,522.0,100,0.02,0.1407052941362897,0.002,0.01407052941362897,0.998,0.014070529413628961,0.0,0.0,0.0,0.0,9.98,0.14070529413628965,0.02,0.1407052941362897,8.74,1.3380220589747502,1.24,1.3492983586316483,10.04,0.19694638556693236,10.04,0.19694638556693236,9.96,0.19694638556693236,10.0,0.0,10.0,0.0,1.0,0.0,0.5,0.0,3.13,1.5219272736443836
523.0,523.0,100,0.02,0.1407052941362897,0.002,0.01407052941362897,0.998,0.014070529413628961,0.0,0.0,0.0,0.0,9.98,0.14070529413628965,0.02,0.1407052941362897,8.74,1.3380220589747502,1.24,1.3492983586316483,10.04,0.19694638556693236,10.04,0.19694638556693236,9.96,0.19694638556693236,10.0,0.0,10.0,0.0,1.0,0.0,0.5,0.0,3.13,1.5219272736443836
524.0,524.0,100,0.02,0.1407052941362897,0.002,0.01407052941362897,0.998,0.014070529413628961,0.0,0.0,0.0,0.0,9.98,0.14070529413628965,0.02,0.1407052941362897,8.74,1.3380220589747502,1.24,1.3492983586316483,10.04,0.19694638556693236,10.04,0.19694638556693236,9.96,0.19694638556693236,10.0,0.0,10.0,0.0,1.0,0.0,0.5,0.0,3.13,1.5219272736443836
525.0,525.0,100,0.02,0.1407052941362897,0.002,0.01407052941362897,0.998,0.014070529413628961,0.0,0.0,0.0,0.0,9.98,0.14070529413628965,0.02,0.1407052941362897,8.74,1.3380220589747502,1.24,1.3492983586316483,10.04,0.19694638556693236,10.04,0.19694638556693236,9.96,0.19694638556693236,10.0,0.0,10.0,0.0,1.0,0.0,0.5,0.0,3.13,1.5219272736443836
526.0,526.0,100,0.02,0.1407052941362897,0.002,0.01407052941362897,0.998,0.014070529413628961,0.0,0.0,0.0,0.0,9.98,0.14070529413628965,0.02,0.1407052941362897,8.74,1.3380220589747502,1.24,1.3492983586316483,10.04,0.19694638556693236,10.04,0.19694638556693236,9.96,0.19694638556693236,10.0,0.0,10.0,0.0,1.0,0.0,0.5,0.0,3.13,1.5219272736443836
527.0,527.0,100,0.02,0.1407052941362897,0.002,0.01407052941362897,0.998,0.014070529413628961,0.0,0.0,0.0,0.0,9.98,0.14070529413628965,0.02,0.1407052941362897,8.74,1.3380220589747502,1.24,1.3492983586316483,10.04,0.19694638556693236,10.04,0.19694638556693236,9.96,0.19694638556693236,10.0,0.0,10.0,0.0,1.0,0.0,0.5,0.0,3.13,1.5219272736443836
528.0,528.0,100,0.02,0.1407052941362897,0.002,0.01407052941362897,0.998,0.014070529413628961,0.0,0.0,0.0,0.0,9.98,0.14070529413628965,0.02,0.1407052941362897,8.74,1.3380220589747502,1.24,1.3492983586316483,10.04,0.19694638556693236,10.04,0.19694638556693236,9.96,0.19694638556693236,10.0,0.0,10.0,0.0,1.0,0.0,0.5,0.0,3.13,1.5219272736443836
529.0,529.0,100,0.02,0.1407052941362897,0.002,0.01407052941362897,0.998,0.014070529413628961,0.0,0.0,0.0,0.0,9.98,0.14070529413628965,0.02,0.1407052941362897,8.74,1.3380220589747502,1.24,1.3492983586316483,10.04,0.19694638556693236,10.04,0.19694638556693236,9.96,0.19694638556693236,10.0,0.0,10.0,0.0,1.0,0.0,0.5,0.0,3.13,1.5219272736443836
530.0,530.0,100,0.02,0.1407052941362897,0.002,0.01407052941362897,0.998,0.014070529413628961,0.0,0.0,0.0,0.0,9.98,0.14070529413628965,0.02,0.1407052941362897,8.74,1.3380220589747502,1.24,1.3492983586316483,10.04,0.19694638556693236,10.04,0.19694638556693236,9.96,0.19694638556693236,10.0,0.0,10.0,0.0,1.0,0.0,0.5,0.0,3.13,1.5219272736443836
531.0,531.0,100,0.02,0.1407052941362897,0.002,0.01407052941362897,0.998,0.014070529413628961,0.0,0.0,0.0,0.0,9.98,0.14070529413628965,0.02,0.1407052941362897,8.74,1.3380220589747502,1.24,1.3492983586316483,10.04,0.19694638556693236,10.04,0.19694638556693236,9.96,0.19694638556693236,10.0,0.0,10.0,0.0,1.0,0.0,0.5,0.0,3.13,1.5219272736443836
532.0,532.0,100,0.02,0.1407052941362897,0.002,0.01407052941362897,0.998,0.014070529413628961,0.0,0.0,0.0,0.0,9.98,0.14070529413628965,0.02,0.1407052941362897,8.74,1.3380220589747502,1.24,1.3492983586316483,10.04,0.19694638556693236,10.04,0.19694638556693236,9.96,0.19694638556693236,10.0,0.0,10.0,0.0,1.0,0.0,0.5,0.0,3.13,1.5219272736443836
533.0,533.0,100,0.02,0.1407052941362897,0.002,0.01407052941362897,0.998,0.014070529413628961,0.0,0.0,0.0,0.0,9.98,0.14070529413628965,0.02,0.1407052941362897,8.74,1.3380220589747502,1.24,1.3492983586316483,10.04,0.19694638556693236,10.04,0.19694638556693236,9.96,0.19694638556693236,10.0,0.0,10.0,0.0,1.0,0.0,0.5,0.0,3.13,1.5219272736443836
534.0,534.0,100,0.02,0.1407052941362897,0.002,0.01407052941362897,0.998,0.014070529413628961,0.0,0.0,0.0,0.0,9.98,0.14070529413628965,0.02,0.1407052941362897,8.74,1.3380220589747502,1.24,1.3492983586316483,10.04,0.19694638556693236,10.04,0.19694638556693236,9.96,0.19694638556693236,10.0,0.0,10.0,0.0,1.0,0.0,0.5,0.0,3.13,1.5219272736443836
535.0,535.0,100,0.02,0.1407052941362897,0.002,0.01407052941362897,0.998,0.014070529413628961,0.0,0.0,0.0,0.0,9.98,0.14070529413628965,0.02,0.1407052941362897,8.74,1.3380220589747502,1.24,1.3492983586316483,10.04,0.19694638556693236,10.04,0.19694638556693236,9.96,0.19694638556693236,10.0,0.0,10.0,0.0,1.0,0.0,0.5,0.0,3.13,1.5219272736443836
536.0,536.0,100,0.02,0.1407052941362897,0.002,0.01407052941362897,0.998,0.014070529413628961,0.0,0.0,0.0,0.0,9.98,0.14070529413628965,0.02,0.1407052941362897,8.74,1.3380220589747502,1.24,1.3492983586316483,10.04,0.19694638556693236,10.04,0.19694638556693236,9.96,0.19694638556693236,10.0,0.0,10.0,0.0,1.0,0.0,0.5,0.0,3.13,1.5219272736443836
537.0,537.0,100,0.02,0.1407052941362897,0.002,0.01407052941362897,0.998,0.014070529413628961,0.0,0.0,0.0,0.0,9.98,0.14070529413628965,0.02,0.1407052941362897,8.74,1.3380220589747502,1.24,1.3492983586316483,10.04,0.19694638556693236,10.04,0.19694638556693236,9.96,0.19694638556693236,10.0,0.0,10.0,0.0,1.0,0.0,0.5,0.0,3.13,1.5219272736443836
538.0,538.0,100,0.02,0.1407052941362897,0.002,0.01407052941362897,0.998,0.014070529413628961,0.0,0.0,0.0,0.0,9.98,0.14070529413628965,0.02,0.1407052941362897,8.74,1.3380220589747502,1.24,1.3492983586316483,10.04,0.19694638556693236,10.04,0.19694638556693236,9.96,0.19694638556693236,10.0,0.0,10.0,0.0,1.0,0.0,0.5,0.0,3.13,1.5219272736443836
539.0,539.0,100,0.02,0.1407052941362897,0.002,0.01407052941362897,0.998,0.014070529413628961,0.0,0.0,0.0,0.0,9.98,0.14070529413628965,0.02,0.1407052941362897,8.74,1.3380220589747502,1.24,1.3492983586316483,10.04,0.19694638556693236,10.04,0.19694638556693236,9.96,0.19694638556693236,10.0,0.0,10.0,0.0,1.0,0.0,0.5,0.0,3.13,1.5219272736443836
540.0,540.0,100,0.02,0.1407052941362897,0.002,0.01407052941362897,0.998,0.014070529413628961,0.0,0.0,0.0,0.0,9.98,0.14070529413628965,0.02,0.1407052941362897,8.74,1.3380220589747502,1.24,1.3492983586316483,10.04,0.19694638556693236,10.04,0.19694638556693236,9.96,0.19694638556693236,10.0,0.0,10.0,0.0,1.0,0.0,0.5,0.0,3.13,1.5219272736443836
541.0,541.0,100,0.02,0.1407052941362897,0.002,0.01407052941362897,0.998,0.014070529413628961,0.0,0.0,0.0,0.0,9.98,0.14070529413628965,0.02,0.1407052941362897,8.74,1.3380220589747502,1.24,1.3492983586316483,10.04,0.19694638556693236,10.04,0.19694638556693236,9.96,0.19694638556693236,10.0,0.0,10.0,0.0,1.0,0.0,0.5,0.0,3.13,1.5219272736443836
542.0,542.0,100,0.02,0.1407052941362897,0.002,0.01407052941362897,0.998,0.014070529413628961,0.0,0.0,0.0,0.0,9.98,0.14070529413628965,0.02,0.1407052941362897,8.74,1.3380220589747502,1.24,1.3492983586316483,10.04,0.19694638556693236,10.04,0.19694638556693236,9.96,0.19694638556693236,10.0,0.0,10.0,0.0,1.0,0.0,0.5,0.0,3.13,1.5219272736443836
543.0,543.0,100,0.02,0.1407052941362897,0.002,0.01407052941362897,0.998,0.014070529413628961,0.0,0.0,0.0,0.0,9.98,0.14070529413628965,0.02,0.1407052941362897,8.74,1.3380220589747502,1.24,1.3492983586316483,10.04,0.19694638556693236,10.04,0.19694638556693236,9.96,0.19694638556693236,10.0,0.0,10.0,0.0,1.0,0.0,0.5,0.0,3.13,1.5219272736443836
544.0,544.0,100,0.02,0.1407052941362897,0.002,0.01407052941362897,0.998,0.014070529413628961,0.0,0.0,0.0,0.0,9.98,0.14070529413628965,0.02,0.1407052941362897,8.74,1.3380220589747502,1.24,1.3492983586316483,10.04,0.19694638556693236,10.04,0.19694638556693236,9.96,0.19694638556693236,10.0,0.0,10.0,0.0,1.0,0.0,0.5,0.0,3.13,1.5219272736443836
545.0,545.0,100,0.02,0.1407052941362897,0.002,0.01407052941362897,0.998,0.014070529413628961,0.0,0.0,0.0,0.0,9.98,0.14070529413628965,0.02,0.1407052941362897,8.74,1.3380220589747502,1.24,1.3492983586316483,10.04,0.19694638556693236,10.04,0.19694638556693236,9.96,0.19694638556693236,10.0,0.0,10.0,0.0,1.0,0.0,0.5,0.0,3.13,1.5219272736443836
546.0,546.0,100,0.02,0.1407052941362897,0.002,0.01407052941362897,0.998,0.014070529413628961,0.0,0.0,0.0,0.0,9.98,0.14070529413628965,0.02,0.1407052941362897,8.74,1.3380220589747502,1.24,1.3492983586316483,10.04,0.19694638556693236,10.04,0.19694638556693236,9.96,0.19694638556693236,10.0,0.0,10.0,0.0,1.0,0.0,0.5,0.0,3.13,1.5219272736443836
547.0,547.0,100,0.02,0.1407052941362897,0.002,0.01407052941362897,0.998,0.014070529413628961,0.0,0.0,0.0,0.0,9.98,0.14070529413628965,0.02,0.1407052941362897,8.74,1.3380220589747502,1.24,1.3492983586316483,10.04,0.19694638556693236,10.04,0.19694638556693236,9.96,0.19694638556693236,10.0,0.0,10.0,0.0,1.0,0.0,0.5,0.0,3.13,1.5219272736443836
548.0,548.0,100,0.02,0.1407052941362897,0.002,0.01407052941362897,0.998,0.014070529413628961,0.0,0.0,0.0,0.0,9.98,0.14070529413628965,0.02,0.1407052941362897,8.74,1.3380220589747502,1.24,1.3492983586316483,10.04,0.19694638556693236,10.04,0.19694638556693236,9.96,0.19694638556693236,10.0,0.0,10.0,0.0,1.0,0.0,0.5,0.0,3.13,1.5219272736443836
549.0,549.0,100,0.02,0.1407052941362897,0.002,0.01407052941362897,0.998,0.014070529413628961,0.0,0.0,0.0,0.0,9.98,0.14070529413628965,0.02,0.1407052941362897,8.74,1.3380220589747502,1.24,1.3492983586316483,10.04,0.19694638556693236,10.04,0.19694638556693236,9.96,0.19694638556693236,10.0,0.0,10.0,0.0,1.0,0.0,0.5,0.0,3.13,1.5219272736443836
550.0,550.0,100,0.02,0.1407052941362897,0.002,0.01407052941362897,0.998,0.014070529413628961,0.0,0.0,0.0,0.0,9.98,0.14070529413628965,0.02,0.1407052941362897,8.74,1.3380220589747502,1.24,1.3492983586316483,10.04,0.19694638556693236,10.04,0.19694638556693236,9.96,0.19694638556693236,10.0,0.0,10.0,0.0,1.0,0.0,0.5,0.0,3.13,1.5219272736443836
551.0,551.0,100,0.02,0.1407052941362897,0.002,0.01407052941362897,0.998,0.014070529413628961,0.0,0.0,0.0,0.0,9.98,0.14070529413628965,0.02,0.1407052941362897,8.74,1.3380220589747502,1.24,1.3492983586316483,10.04,0.19694638556693236,10.04,0.19694638556693236,9.96,0.19694638556693236,10.0,0.0,10.0,0.0,1.0,0.0,0.5,0.0,3.13,1.5219272736443836
552.0,552.0,100,0.02,0.1407052941362897,0.002,0.01407052941362897,0.998,0.014070529413628961,0.0,0.0,0.0,0.0,9.98,0.14070529413628965,0.02,0.1407052941362897,8.74,1.3380220589747502,1.24,1.3492983586316483,10.04,0.19694638556693236,10.04,0.19694638556693236,9.96,0.19694638556693236,10.0,0.0,10.0,0.0,1.0,0.0,0.5,0.0,3.13,1.5219272736443836
553.0,553.0,100,0.02,0.1407052941362897,0.002,0.01407052941362897,0.998,0.014070529413628961,0.0,0.0,0.0,0.0,9.98,0.14070529413628965,0.02,0.1407052941362897,8.74,1.3380220589747502,1.24,1.3492983586316483,10.04,0.19694638556693236,10.04,0.19694638556693236,9.96,0.19694638556693236,10.0,0.0,10.0,0.0,1.0,0.0,0.5,0.0,3.13,1.5219272736443836
554.0,554.0,100,0.02,0.1407052941362897,0.002,0.01407052941362897,0.998,0.014070529413628961,0.0,0.0,0.0,0.0,9.98,0.14070529413628965,0.02,0.1407052941362897,8.74,1.3380220589747502,1.24,1.3492983586316483,10.04,0.19694638556693236,10.04,0.19694638556693236,9.96,0.19694638556693236,10.0,0.0,10.0,0.0,1.0,0.0,0.5,0.0,3.13,1.5219272736443836
555.0,555.0,100,0.02,0.1407052941362897,0.002,0.01407052941362897,0.998,0.014070529413628961,0.0,0.0,0.0,0.0,9.98,0.14070529413628965,0.02,0.1407052941362897,8.74,1.3380220589747502,1.24,1.3492983586316483,10.04,0.19694638556693236,10.04,0.19694638556693236,9.96,0.19694638556693236,10.0,0.0,10.0,0.0,1.0,0.0,0.5,0.0,3.13,1.5219272736443836
556.0,556.0,100,0.02,0.1407052941362897,0.002,0.01407052941362897,0.998,0.014070529413628961,0.0,0.0,0.0,0.0,9.98,0.14070529413628965,0.02,0.1407052941362897,8.74,1.3380220589747502,1.24,1.3492983586316483,10.04,0.19694638556693236,10.04,0.19694638556693236,9.96,0.19694638556693236,10.0,0.0,10.0,0.0,1.0,0.0,0.5,0.0,3.13,1.5219272736443836
557.0,557.0,100,0.02,0.1407052941362897,0.002,0.01407052941362897,0.998,0.014070529413628961,0.0,0.0,0.0,0.0,9.98,0.14070529413628965,0.02,0.1407052941362897,8.74,1.3380220589747502,1.24,1.3492983586316483,10.04,0.19694638556693236,10.04,0.19694638556693236,9.96,0.19694638556693236,10.0,0.0,10.0,0.0,1.0,0.0,0.5,0.0,3.13,1.5219272736443836
558.0,558.0,100,0.02,0.1407052941362897,0.002,0.01407052941362897,0.998,0.014070529413628961,0.0,0.0,0.0,0.0,9.98,0.14070529413628965,0.02,0.1407052941362897,8.74,1.3380220589747502,1.24,1.3492983586316483,10.04,0.19694638556693236,10.04,0.19694638556693236,9.96,0.19694638556693236,10.0,0.0,10.0,0.0,1.0,0.0,0.5,0.0,3.13,1.5219272736443836
559.0,559.0,100,0.02,0.1407052941362897,0.002,0.01407052941362897,0.998,0.014070529413628961,0.0,0.0,0.0,0.0,9.98,0.14070529413628965,0.02,0.1407052941362897,8.74,1.3380220589747502,1.24,1.3492983586316483,10.04,0.19694638556693236,10.04,0.19694638556693236,9.96,0.19694638556693236,10.0,0.0,10.0,0.0,1.0,0.0,0.5,0.0,3.13,1.5219272736443836
560.0,560.0,100,0.02,0.1407052941362897,0.002,0.01407052941362897,0.998,0.014070529413628961,0.0,0.0,0.0,0.0,9.98,0.14070529413628965,0.02,0.1407052941362897,8.74,1.3380220589747502,1.24,1.3492983586316483,10.04,0.19694638556693236,10.04,0.19694638556693236,9.96,0.19694638556693236,10.0,0.0,10.0,0.0,1.0,0.0,0.5,0.0,3.13,1.5219272736443836
561.0,561.0,100,0.02,0.1407052941362897,0.002,0.01407052941362897,0.998,0.014070529413628961,0.0,0.0,0.0,0.0,9.98,0.14070529413628965,0.02,0.1407052941362897,8.74,1.3380220589747502,1.24,1.3492983586316483,10.04,0.19694638556693236,10.04,0.19694638556693236,9.96,0.19694638556693236,10.0,0.0,10.0,0.0,1.0,0.0,0.5,0.0,3.13,1.5219272736443836
562.0,562.0,100,0.02,0.1407052941362897,0.002,0.01407052941362897,0.998,0.014070529413628961,0.0,0.0,0.0,0.0,9.98,0.14070529413628965,0.02,0.1407052941362897,8.74,1.3380220589747502,1.24,1.3492983586316483,10.04,0.19694638556693236,10.04,0.19694638556693236,9.96,0.19694638556693236,10.0,0.0,10.0,0.0,1.0,0.0,0.5,0.0,3.13,1.5219272736443836
563.0,563.0,100,0.02,0.1407052941362897,0.002,0.01407052941362897,0.998,0.014070529413628961,0.0,0.0,0.0,0.0,9.98,0.14070529413628965,0.02,0.1407052941362897,8.74,1.3380220589747502,1.24,1.3492983586316483,10.04,0.19694638556693236,10.04,0.19694638556693236,9.96,0.19694638556693236,10.0,0.0,10.0,0.0,1.0,0.0,0.5,0.0,3.13,1.5219272736443836
564.0,564.0,100,0.02,0.1407052941362897,0.002,0.01407052941362897,0.998,0.014070529413628961,0.0,0.0,0.0,0.0,9.98,0.14070529413628965,0.02,0.1407052941362897,8.74,1.3380220589747502,1.24,1.3492983586316483,10.04,0.19694638556693236,10.04,0.19694638556693236,9.96,0.19694638556693236,10.0,0.0,10.0,0.0,1.0,0.0,0.5,0.0,3.13,1.5219272736443836
565.0,565.0,100,0.02,0.1407052941362897,0.002,0.01407052941362897,0.998,0.014070529413628961,0.0,0.0,0.0,0.0,9.98,0.14070529413628965,0.02,0.1407052941362897,8.74,1.3380220589747502,1.24,1.3492983586316483,10.04,0.19694638556693236,10.04,0.19694638556693236,9.96,0.19694638556693236,10.0,0.0,10.0,0.0,1.0,0.0,0.5,0.0,3.13,1.5219272736443836
566.0,566.0,100,0.02,0.1407052941362897,0.002,0.01407052941362897,0.998,0.014070529413628961,0.0,0.0,0.0,0.0,9.98,0.14070529413628965,0.02,0.1407052941362897,8.74,1.3380220589747502,1.24,1.3492983586316483,10.04,0.19694638556693236,10.04,0.19694638556693236,9.96,0.19694638556693236,10.0,0.0,10.0,0.0,1.0,0.0,0.5,0.0,3.13,1.5219272736443836
567.0,567.0,100,0.02,0.1407052941362897,0.002,0.01407052941362897,0.998,0.014070529413628961,0.0,0.0,0.0,0.0,9.98,0.14070529413628965,0.02,0.1407052941362897,8.74,1.3380220589747502,1.24,1.3492983586316483,10.04,0.19694638556693236,10.04,0.19694638556693236,9.96,0.19694638556693236,10.0,0.0,10.0,0.0,1.0,0.0,0.5,0.0,3.13,1.5219272736443836
568.0,568.0,100,0.02,0.1407052941362897,0.002,0.01407052941362897,0.998,0.014070529413628961,0.0,0.0,0.0,0.0,9.98,0.14070529413628965,0.02,0.1407052941362897,8.74,1.3380220589747502,1.24,1.3492983586316483,10.04,0.19694638556693236,10.03,0.17144660799776543,9.96,0.19694638556693236,10.0,0.0,10.0,0.0,1.0,0.0,0.5,0.0,3.13,1.5219272736443836
569.0,569.0,100,0.02,0.1407052941362897,0.002,0.01407052941362897,0.998,0.014070529413628961,0.0,0.0,0.0,0.0,9.98,0.14070529413628965,0.02,0.1407052941362897,8.74,1.3380220589747502,1.24,1.3492983586316483,10.04,0.19694638556693236,10.03,0.17144660799776543,9.96,0.19694638556693236,10.0,0.0,10.0,0.0,1.0,0.0,0.5,0.0,3.13,1.5219272736443836
570.0,570.0,100,0.02,0.1407052941362897,0.002,0.01407052941362897,0.998,0.014070529413628961,0.0,0.0,0.0,0.0,9.98,0.14070529413628965,0.02,0.1407052941362897,8.74,1.3380220589747502,1.24,1.3492983586316483,10.04,0.19694638556693236,10.03,0.17144660799776543,9.96,0.19694638556693236,10.0,0.0,10.0,0.0,1.0,0.0,0.5,0.0,3.13,1.5219272736443836
571.0,571.0,100,0.02,0.1407052941362897,0.002,0.01407052941362897,0.998,0.014070529413628961,0.0,0.0,0.0,0.0,9.98,0.14070529413628965,0.02,0.1407052941362897,8.74,1.3380220589747502,1.24,1.3492983586316483,10.04,0.19694638556693236,10.03,0.17144660799776543,9.96,0.19694638556693236,10.0,0.0,10.0,0.0,1.0,0.0,0.5,0.0,3.13,1.5219272736443836
572.0,572.0,100,0.02,0.1407052941362897,0.002,0.01407052941362897,0.998,0.014070529413628961,0.0,0.0,0.0,0.0,9.98,0.14070529413628965,0.02,0.1407052941362897,8.74,1.3380220589747502,1.24,1.3492983586316483,10.04,0.19694638556693236,10.03,0.17144660799776543,9.96,0.19694638556693236,10.0,0.0,10.0,0.0,1.0,0.0,0.5,0.0,3.13,1.5219272736443836
573.0,573.0,100,0.02,0.1407052941362897,0.002,0.01407052941362897,0.998,0.014070529413628961,0.0,0.0,0.0,0.0,9.98,0.14070529413628965,0.02,0.1407052941362897,8.74,1.3380220589747502,1.24,1.3492983586316483,10.04,0.19694638556693236,10.03,0.17144660799776543,9.96,0.19694638556693236,10.0,0.0,10.0,0.0,1.0,0.0,0.5,0.0,3.13,1.5219272736443836
574.0,574.0,100,0.02,0.1407052941362897,0.002,0.01407052941362897,0.998,0.014070529413628961,0.0,0.0,0.0,0.0,9.98,0.14070529413628965,0.02,0.1407052941362897,8.74,1.3380220589747502,1.24,1.3492983586316483,10.04,0.19694638556693236,10.03,0.17144660799776543,9.96,0.19694638556693236,10.0,0.0,10.0,0.0,1.0,0.0,0.5,0.0,3.13,1.5219272736443836
575.0,575.0,100,0.02,0.1407052941362897,0.002,0.01407052941362897,0.998,0.014070529413628961,0.0,0.0,0.0,0.0,9.98,0.14070529413628965,0.02,0.1407052941362897,8.74,1.3380220589747502,1.24,1.3492983586316483,10.04,0.19694638556693236,10.03,0.17144660799776543,9.96,0.19694638556693236,10.0,0.0,10.0,0.0,1.0,0.0,0.5,0.0,3.13,1.5219272736443836
576.0,576.0,100,0.02,0.1407052941362897,0.002,0.01407052941362897,0.998,0.014070529413628961,0.0,0.0,0.0,0.0,9.98,0.14070529413628965,0.02,0.1407052941362897,8.74,1.3380220589747502,1.24,1.3492983586316483,10.04,0.19694638556693236,10.03,0.17144660799776543,9.96,0.19694638556693236,10.0,0.0,10.0,0.0,1.0,0.0,0.5,0.0,3.13,1.5219272736443836
577.0,577.0,100,0.02,0.1407052941362897,0.002,0.01407052941362897,0.998,0.014070529413628961,0.0,0.0,0.0,0.0,9.98,0.14070529413628965,0.02,0.1407052941362897,8.74,1.3380220589747502,1.24,1.3492983586316483,10.04,0.19694638556693236,10.03,0.17144660799776543,9.96,0.19694638556693236,10.0,0.0,10.0,0.0,1.0,0.0,0.5,0.0,3.13,1.5219272736443836
578.0,578.0,100,0.02,0.1407052941362897,0.002,0.01407052941362897,0.998,0.014070529413628961,0.0,0.0,0.0,0.0,9.98,0.14070529413628965,0.02,0.1407052941362897,8.72,1.3638922318871167,1.26,1.3752502068035226,10.03,0.17144660799776543,10.03,0.17144660799776543,9.97,0.17144660799776543,10.0,0.0,10.0,0.0,1.0,0.0,0.5,0.0,3.13,1.5219272736443836
579.0,579.0,100,0.02,0.1407052941362897,0.002,0.01407052941362897,0.998,0.014070529413628961,0.0,0.0,0.0,0.0,9.98,0.14070529413628965,0.02,0.1407052941362897,8.72,1.3638922318871167,1.26,1.3752502068035226,10.03,0.17144660799776543,10.03,0.17144660799776543,9.97,0.17144660799776543,10.0,0.0,10.0,0.0,1.0,0.0,0.5,0.0,3.13,1.5219272736443836
580.0,580.0,100,0.02,0.1407052941362897,0.002,0.01407052941362897,0.998,0.014070529413628961,0.0,0.0,0.0,0.0,9.98,0.14070529413628965,0.02,0.1407052941362897,8.72,1.3638922318871167,1.26,1.3752502068035226,10.03,0.17144660799776543,10.03,0.17144660799776543,9.97,0.17144660799776543,10.0,0.0,10.0,0.0,1.0,0.0,0.5,0.0,3.13,1.5219272736443836
581.0,581.0,100,0.02,0.1407052941362897,0.002,0.01407052941362897,0.998,0.014070529413628961,0.0,0.0,0.0,0.0,9.98,0.14070529413628965,0.02,0.1407052941362897,8.72,1.3638922318871167,1.26,1.3752502068035226,10.03,0.17144660799776543,10.03,0.17144660799776543,9.97,0.17144660799776543,10.0,0.0,10.0,0.0,1.0,0.0,0.5,0.0,3.13,1.5219272736443836
582.0,582.0,100,0.02,0.1407052941362897,0.002,0.01407052941362897,0.998,0.014070529413628961,0.0,0.0,0.0,0.0,9.98,0.14070529413628965,0.02,0.1407052941362897,8.72,1.3638922318871167,1.26,1.3752502068035226,10.03,0.17144660799776543,10.03,0.17144660799776543,9.97,0.17144660799776543,10.0,0.0,10.0,0.0,1.0,0.0,0.5,0.0,3.13,1.5219272736443836
583.0,583.0,100,0.02,0.1407052941362897,0.002,0.01407052941362897,0.998,0.014070529413628961,0.0,0.0,0.0,0.0,9.98,0.14070529413628965,0.02,0.1407052941362897,8.72,1.3638922318871167,1.26,1.3752502068035226,10.03,0.17144660799776543,10.03,0.17144660799776543,9.97,0.17144660799776543,10.0,0.0,10.0,0.0,1.0,0.0,0.5,0.0,3.13,1.5219272736443836
584.0,584.0,100,0.02,0.1407052941362897,0.002,0.01407052941362897,0.998,0.014070529413628961,0.0,0.0,0.0,0.0,9.98,0.14070529413628965,0.02,0.1407052941362897,8.72,1.3638922318871167,1.26,1.3752502068035226,10.03,0.17144660799776543,10.03,0.17144660799776543,9.97,0.17144660799776543,10.0,0.0,10.0,0.0,1.0,0.0,0.5,0.0,3.13,1.5219272736443836
585.0,585.0,100,0.02,0.1407052941362897,0.002,0.01407052941362897,0.998,0.014070529413628961,0.0,0.0,0.0,0.0,9.98,0.14070529413628965,0.02,0.1407052941362897,8.72,1.3638922318871167,1.26,1.3752502068035226,10.03,0.17144660799776543,10.03,0.17144660799776543,9.97,0.17144660799776543,10.0,0.0,10.0,0.0,1.0,0.0,0.5,0.0,3.13,1.5219272736443836
586.0,586.0,100,0.02,0.1407052941362897,0.002,0.01407052941362897,0.998,0.014070529413628961,0.0,0.0,0.0,0.0,9.98,0.14070529413628965,0.02,0.1407052941362897,8.72,1.3638922318871167,1.26,1.3752502068035226,10.03,0.17144660799776543,10.03,0.17144660799776543,9.97,0.17144660799776543,10.0,0.0,10.0,0.0,1.0,0.0,0.5,0.0,3.13,1.5219272736443836
587.0,587.0,100,0.02,0.1407052941362897,0.002,0.01407052941362897,0.998,0.014070529413628961,0.0,0.0,0.0,0.0,9.98,0.14070529413628965,0.02,0.1407052941362897,8.72,1.3638922318871167,1.26,1.3752502068035226,10.03,0.17144660799776543,10.03,0.17144660799776543,9.97,0.17144660799776543,10.0,0.0,10.0,0.0,1.0,0.0,0.5,0.0,3.13,1.5219272736443836
588.0,588.0,100,0.02,0.1407052941362897,0.002,0.01407052941362897,0.998,0.014070529413628961,0.0,0.0,0.0,0.0,9.98,0.14070529413628965,0.02,0.1407052941362897,8.72,1.3638922318871167,1.26,1.3752502068035226,10.03,0.17144660799776543,10.03,0.17144660799776543,9.97,0.17144660799776543,10.0,0.0,10.0,0.0,1.0,0.0,0.5,0.0,3.13,1.5219272736443836
589.0,589.0,100,0.02,0.1407052941362897,0.002,0.01407052941362897,0.998,0.014070529413628961,0.0,0.0,0.0,0.0,9.98,0.14070529413628965,0.02,0.1407052941362897,8.72,1.3638922318871167,1.26,1.3752502068035226,10.03,0.17144660799776543,10.03,0.17144660799776543,9.97,0.17144660799776543,10.0,0.0,10.0,0.0,1.0,0.0,0.5,0.0,3.13,1.5219272736443836
590.0,590.0,100,0.02,0.1407052941362897,0.002,0.01407052941362897,0.998,0.014070529413628961,0.0,0.0,0.0,0.0,9.98,0.14070529413628965,0.02,0.1407052941362897,8.72,1.3638922318871167,1.26,1.3752502068035226,10.03,0.17144660799776543,10.03,0.17144660799776543,9.97,0.17144660799776543,10.0,0.0,10.0,0.0,1.0,0.0,0.5,0.0,3.13,1.5219272736443836
591.0,591.0,100,0.02,0.1407052941362897,0.002,0.01407052941362897,0.998,0.014070529413628961,0.0,0.0,0.0,0.0,9.98,0.14070529413628965,0.02,0.1407052941362897,8.72,1.3638922318871167,1.26,1.3752502068035226,10.03,0.17144660799776543,10.03,0.17144660799776543,9.97,0.17144660799776543,10.0,0.0,10.0,0.0,1.0,0.0,0.5,0.0,3.13,1.5219272736443836
592.0,592.0,100,0.02,0.1407052941362897,0.002,0.01407052941362897,0.998,0.014070529413628961,0.0,0.0,0.0,0.0,9.98,0.14070529413628965,0.02,0.1407052941362897,8.72,1.3638922318871167,1.26,1.3752502068035226,10.03,0.17144660799776543,10.03,0.17144660799776543,9.97,0.17144660799776543,10.0,0.0,10.0,0.0,1.0,0.0,0.5,0.0,3.13,1.5219272736443836
593.0,593.0,100,0.02,0.1407052941362897,0.002,0.01407052941362897,0.998,0.014070529413628961,0.0,0.0,0.0,0.0,9.98,0.14070529413628965,0.02,0.1407052941362897,8.72,1.3638922318871167,1.26,1.3752502068035226,10.03,0.17144660799776543,10.03,0.17144660799776543,9.97,0.17144660799776543,10.0,0.0,10.0,0.0,1.0,0.0,0.5,0.0,3.13,1.5219272736443836
594.0,594.0,100,0.02,0.1407052941362897,0.002,0.01407052941362897,0.998,0.014070529413628961,0.0,0.0,0.0,0.0,9.98,0.14070529413628965,0.02,0.1407052941362897,8.72,1.3638922318871167,1.26,1.3752502068035226,10.03,0.17144660799776543,10.03,0.17144660799776543,9.97,0.17144660799776543,10.0,0.0,10.0,0.0,1.0,0.0,0.5,0.0,3.13,1.5219272736443836
595.0,595.0,100,0.02,0.1407052941362897,0.002,0.01407052941362897,0.998,0.014070529413628961,0.0,0.0,0.0,0.0,9.98,0.14070529413628965,0.02,0.1407052941362897,8.72,1.3638922318871167,1.26,1.3752502068035226,10.03,0.17144660799776543,10.03,0.17144660799776543,9.97,0.17144660799776543,10.0,0.0,10.0,0.0,1.0,0.0,0.5,0.0,3.13,1.5219272736443836
596.0,596.0,100,0.02,0.1407052941362897,0.002,0.01407052941362897,0.998,0.014070529413628961,0.0,0.0,0.0,0.0,9.98,0.14070529413628965,0.02,0.1407052941362897,8.72,1.3638922318871167,1.26,1.3752502068035226,10.03,0.17144660799776543,10.03,0.17144660799776543,9.97,0.17144660799776543,10.0,0.0,10.0,0.0,1.0,0.0,0.5,0.0,3.13,1.5219272736443836
597.0,597.0,100,0.02,0.1407052941362897,0.002,0.01407052941362897,0.998,0.014070529413628961,0.0,0.0,0.0,0.0,9.98,0.14070529413628965,0.02,0.1407052941362897,8.72,1.3638922318871167,1.26,1.3752502068035226,10.03,0.17144660799776543,10.03,0.17144660799776543,9.97,0.17144660799776543,10.0,0.0,10.0,0.0,1.0,0.0,0.5,0.0,3.13,1.5219272736443836
598.0,598.0,100,0.02,0.1407052941362897,0.002,0.01407052941362897,0.998,0.014070529413628961,0.0,0.0,0.0,0.0,9.98,0.14070529413628965,0.02,0.1407052941362897,8.72,1.3638922318871167,1.26,1.3752502068035226,10.03,0.17144660799776543,10.03,0.17144660799776543,9.97,0.17144660799776543,10.0,0.0,10.0,0.0,1.0,0.0,0.5,0.0,3.13,1.5219272736443836
599.0,599.0,100,0.02,0.1407052941362897,0.002,0.01407052941362897,0.998,0.014070529413628961,0.0,0.0,0.0,0.0,9.98,0.14070529413628965,0.02,0.1407052941362897,8.72,1.3638922318871167,1.26,1.3752502068035226,10.03,0.17144660799776543,10.03,0.17144660799776543,9.97,0.17144660799776543,10.0,0.0,10.0,0.0,1.0,0.0,0.5,0.0,3.13,1.5219272736443836
600.0,600.0,100,8.76,1.4007213149017905,0.43800000000000006,0.07003606574508955,0.5619999999999999,0.07003606574508953,0.0,0.0,-0.436,0.06819461159435583,9.98,0.14070529413628965,8.74,1.375250206803522,1.16,1.308248887450378,0.1,0.4605661864718385,10.03,0.17144660799776543,9.09,0.9330627313348554,9.97,0.17144660799776543,10.0,0.0,20.0,0.0,2.0,0.0,1.0,0.0,3.13,1.5219272736443836
601.0,601.0,100,8.58,1.3866608391485942,0.429,0.0693330419574297,0.5710000000000001,0.06933304195742966,0.0,0.0,0.009,0.0228963408483195,9.98,0.14070529413628965,8.56,1.35825199607749,1.34,1.304382666786914,0.1,0.4605661864718385,9.86,0.4718328757370165,8.93,1.017572869849892,10.14,0.4718328757370165,10.0,0.0,20.0,0.0,2.0,0.0,1.0,0.0,3.13,1.5219272736443836
602.0,602.0,100,8.39,1.3918594495396175,0.41950000000000004,0.06959297247698087,0.5805,0.06959297247698086,0.0,0.0,0.009500000000000001,0.020955701232395308,9.98,0.14070529413628965,8.37,1.3607410340017534,1.52,1.3063945294843615,0.11,0.4902071300001973,9.66,0.669991708074726,8.88,1.0471703092456626,10.34,0.669991708074726,10.0,0.0,20.0,0.0,2.0,0.0,1.0,0.0,3.13,1.5219272736443836
603.0,603.0,100,8.18,1.4451591083631061,0.409,0.07225795541815533,0.591,0.07225795541815529,0.0,0.0,0.010500000000000002,0.021666666666666667,9.98,0.14070529413628965,8.16,1.412212248333597,1.72,1.3786246989685267,0.12,0.47736651315188394,9.45,0.7961396760860395,8.81,1.0607315943024962,10.55,0.7961396760860395,10.0,0.0,20.0,0.0,2.0,0.0,1.0,0.0,3.13,1.5219272736443836
604.0,604.0,100,7.88,1.4926080489796338,0.39399999999999996,0.07463040244898168,0.606,0.07463040244898166,0.0,0.0,0.015000000000000003,0.027061471362866296,9.98,0.14070529413628965,7.86,1.4634951936436906,2.02,1.4211959681190978,0.12,0.4980771105770754,9.14,0.8647998542314795,8.72,1.0924904363587595,10.86,0.8647998542314795,10.0,0.0,20.0,0.0,2.0,0.0,1.0,0.0,3.13,1.5219272736443836
605.0,605.0,100,7.74,1.5803081146959086,0.387,0.07901540573479544,0.613,0.07901540573479543,0.0,0.0,0.006999999999999999,0.02012586656644889,9.98,0.14070529413628965,7.72,1.5510179127452286,2.16,1.4955827214726964,0.12,0.47736651315188405,9.01,0.9373829893308651,8.71,1.0473149893268434,10.99,0.9373829893308651,10.0,0.0,20.0,0.0,2.0,0.0,1.0,0.0,3.13,1.5219272736443836
606.0,606.0,100,7.67,1.6271372890987896,0.3835,0.08135686445493949,0.6164999999999999,0.08135686445493946,0.0,0.0,0.0035000000000000014,0.012821619998812143,9.98,0.14070529413628965,7.65,1.5978204852330262,2.25,1.526698424970721,0.1,0.4605661864718385,8.96,1.0042334631373566,8.57,1.1997895438346464,11.04,1.0042334631373566,10.0,0.0,20.0,0.0,2.0,0.0,1.0,0.0,3.13,1.5219272736443836
607.0,607.0,100,7.61,1.6261437311453855,0.38049999999999995,0.08130718655726926,0.6195,0.08130718655726926,0.0,0.0,0.003,0.011934162828797104,9.98,0.14070529413628965,7.59,1.5960494157054592,2.3,1.5008415147927021,0.11,0.46914924075501846,8.89,1.0039819709436015,8.55,1.1752927853573898,11.11,1.0039819709436015,10.0,0.0,20.0,0.0,2.0,0.0,1.0,0.0,3.13,1.5219272736443836
608.0,608.0,100,7.56,1.6037834056134928,0.37799999999999995,0.08018917028067461,0.622,0.08018917028067458,0.0,0.0,0.0025000000000000005,0.010952145677879516,9.98,0.14070529413628965,7.54,1.5726192524356664,2.35,1.5134080878613148,0.11,0.4691492407550184,8.84,1.022178303843554,8.46,1.2425129310547973,11.16,1.022178303843554,10.0,0.0,20.0,0.0,2.0,0.0,1.0,0.0,3.13,1.5219272736443836
609.0,609.0,100,7.5,1.6049166881048922,0.375,0.08024583440524462,0.625,0.0802458344052446,0.0,0.0,0.0030000000000000005,0.01388989895317072,9.98,0.14070529413628965,7.48,1.573004588150789,2.42,1.5121060301660882,0.1,0.4605661864718385,8.79,1.0179698552818874,8.4,1.2472191289246468,11.21,1.0179698552818874,10.0,0.0,20.0,0.0,2.0,0.0,1.0,0.0,3.13,1.5219272736443836
610.0,610.0,100,7.36,1.6423683318225966,0.368,0.08211841659112981,0.632,0.0821184165911298,0.0,0.0,0.006999999999999999,0.02012586656644889,9.98,0.14070529413628965,7.34,1.6094418381237112,2.53,1.5469422429523036,0.13,0.48523658709390977,8.62,1.1701679064531425,8.28,1.3414902010808571,11.38,1.1701679064531425,10.0,0.0,20.0,0.0,2.0,0.0,1.0,0.0,3.13,1.5219272736443836
611.0,611.0,100,7.31,1.6434442767885655,0.3655,0.08217221383942827,0.6345000000000001,0.08217221383942827,0.0,0.0,0.0024999999999999996,0.010952145677879511,9.98,0.14070529413628965,7.29,1.6099124764465247,2.61,1.5563165526721137,0.1,0.4605661864718385,8.6,1.1191627462193572,8.19,1.390407250855778,11.4,1.1191627462193572,10.0,0.0,20.0,0.0,2.0,0.0,1.0,0.0,3.13,1.5219272736443836
612.0,612.0,100,7.22,1.6912131799989083,0.361,0.08456065899994544,0.639,0.08456065899994542,0.0,0.0,0.0045000000000000005,0.014381174563233075,9.98,0.14070529413628965,7.2,1.657550828021496,2.7,1.6049166881048922,0.1,0.4605661864718385,8.51,1.1933739624029904,8.18,1.358698129115002,11.49,1.1933739624029904,10.0,0.0,20.0,0.0,2.0,0.0,1.0,0.0,3.13,1.5219272736443836
613.0,613.0,100,7.15,1.6779918252651194,0.3575,0.08389959126325595,0.6425,0.08389959126325594,0.0,0.0,0.0035000000000000014,0.012821619998812142,9.98,0.14070529413628965,7.13,1.6431984086229547,2.77,1.5945297904163636,0.1,0.4605661864718385,8.44,1.200336653113651,8.04,1.4696938456699074,11.56,1.200336653113651,10.0,0.0,20.0,0.0,2.0,0.0,1.0,0.0,3.13,1.5219272736443836
614.0,614.0,100,7.04,1.6692101803735282,0.35200000000000004,0.08346050901867644,0.648,0.08346050901867642,0.0,0.0,0.0055000000000000005,0.015723301886761007,9.98,0.14070529413628965,7.02,1.632869445565881,2.87,1.5805318117901985,0.11,0.4691492407550183,8.32,1.301747077794091,7.96,1.5036655549057785,11.68,1.301747077794091,10.0,0.0,20.0,0.0,2.0,0.0,1.0,0.0,3.13,1.5219272736443836
615.0,615.0,100,6.96,1.6812693617224654,0.348,0.08406346808612329,0.652,0.08406346808612329,0.0,0.0,0.004000000000000001,0.01363299621721454,9.98,0.14070529413628965,6.94,1.6442123778375906,2.94,1.6006311886315978,0.12,0.47736651315188405,8.23,1.3246306899081206,7.9,1.4873201444615791,11.77,1.3246306899081206,10.0,0.0,20.0,0.0,2.0,0.0,1.0,0.0,3.13,1.5219272736443836
616.0,616.0,100,6.93,1.6651811561593781,0.3465,0.0832590578079689,0.6535,0.0832590578079689,0.0,0.0,0.0015000000000000007,0.008572330399888268,9.98,0.14070529413628965,6.91,1.6335806862796398,2.99,1.579508937881798,0.1,0.4605661864718385,8.22,1.2994171187439587,7.85,1.465943347810514,11.78,1.2994171187439587,10.0,0.0,20.0,0.0,2.0,0.0,1.0,0.0,3.13,1.5219272736443836
617.0,617.0,100,6.78,1.7031165728176274,0.33899999999999997,0.0851558286408814,0.6609999999999999,0.08515582864088138,0.0,0.0,0.0075000000000000015,0.02056647266742156,9.98,0.14070529413628965,6.76,1.6764560985916244,3.14,1.6331168687729323,0.1,0.4605661864718385,8.07,1.430229196861662,7.8,1.4213381090374033,11.93,1.430229196861662,10.0,0.0,20.0,0.0,2.0,0.0,1.0,0.0,3.13,1.5219272736443836
618.0,618.0,100,6.71,1.6835208416418321,0.33549999999999996,0.08417604208209163,0.6645,0.08417604208209162,0.0,0.0,0.003499999999999999,0.012821619998812135,9.98,0.14070529413628965,6.69,1.6556911340322902,3.2,1.6080605044147391,0.11,0.4691492407550183,7.99,1.4667699688138365,7.71,1.4305116694258864,12.01,1.466769968813836,10.0,0.0,20.0,0.0,2.0,0.0,1.0,0.0,3.13,1.5219272736443836
619.0,619.0,100,6.65,1.684000767772565,0.3325,0.0842000383886282,0.6675,0.08420003838862822,0.0,0.0,0.002999999999999999,0.011934162828797099,9.98,0.14070529413628965,6.63,1.655447084779532,3.27,1.6071494308026535,0.1,0.4605661864718385,7.94,1.4271536976680819,7.65,1.4381174563233068,12.06,1.4271536976680814,10.0,0.0,20.0,0.0,2.0,0.0,1.0,0.0,3.13,1.5219272736443836
620.0,620.0,100,6.6,1.6817499303650434,0.33,0.08408749651825219,0.67,0.08408749651825215,0.0,0.0,0.0024999999999999996,0.010952145677879515,9.98,0.14070529413628965,6.58,1.652546244711201,3.32,1.6010097823662177,0.1,0.4605661864718385,7.89,1.4062989609882988,7.58,1.4154986272110488,12.11,1.4062989609882983,10.0,0.0,20.0,0.0,2.0,0.0,1.0,0.0,3.13,1.5219272736443836
621.0,621.0,100,6.52,1.6665454501374204,0.326,0.08332727250687103,0.674,0.08332727250687104,0.0,0.0,0.004,0.015374122295716155,9.98,0.14070529413628965,6.5,1.6360830286900714,3.4,1.589104315409321,0.1,0.4605661864718385,7.81,1.404861688436397,7.53,1.4174596710989416,12.19,1.404861688436397,10.0,0.0,20.0,0.0,2.0,0.0,1.0,0.0,3.13,1.5219272736443836
622.0,622.0,100,6.44,1.6411378166788224,0.322,0.08205689083394115,0.6779999999999999,0.08205689083394112,0.0,0.0,0.004,0.01363299621721454,9.98,0.14070529413628965,6.42,1.609190774735845,3.47,1.5728440430755946,0.11,0.4691492407550183,7.72,1.4147848464046258,7.47,1.4103155317126375,12.28,1.4147848464046264,10.0,0.0,20.0,0.0,2.0,0.0,1.0,0.0,3.13,1.5219272736443836
623.0,623.0,100,6.38,1.6254292362389084,0.319,0.08127146181194543,0.6809999999999999,0.08127146181194544,0.0,0.0,0.003,0.0119341628287971,9.98,0.14070529413628965,6.36,1.5987368751485016,3.54,1.5597202546377582,0.1,0.4605661864718385,7.67,1.4146063449281967,7.45,1.4168894655461863,12.33,1.4146063449281965,10.0,0.0,20.0,0.0,2.0,0.0,1.0,0.0,3.13,1.5219272736443836
624.0,624.0,100,6.31,1.6061435084378264,0.3155,0.08030717542189131,0.6845,0.08030717542189132,0.0,0.0,0.003499999999999999,0.012821619998812137,9.98,0.14070529413628965,6.29,1.5782294132375307,3.6,1.5569978883230462,0.11,0.4691492407550184,7.59,1.4077347661108508,7.37,1.397364040837699,12.41,1.4077347661108508,10.0,0.0,20.0,0.0,2.0,0.0,1.0,0.0,3.13,1.5219272736443836
625.0,625.0,100,6.26,1.5930404193798027,0.313,0.07965202096899016,0.687,0.07965202096899013,0.0,0.0,0.0025,0.010952145677879515,9.98,0.14070529413628965,6.24,1.5642470031515756,3.66,1.5322789523708753,0.1,0.4605661864718385,7.55,1.4097424365371631,7.3,1.431958466752807,12.45,1.4097424365371634,10.0,0.0,20.0,0.0,2.0,0.0,1.0,0.0,3.13,1.5219272736443836
626.0,626.0,100,6.22,1.5864323738400186,0.311,0.07932161869200094,0.6890000000000001,0.07932161869200093,0.0,0.0,0.0020000000000000005,0.009847319278346622,9.98,0.14070529413628965,6.2,1.5569978883230458,3.69,1.5419717142920513,0.11,0.46914924075501824,7.5,1.3962431555767605,7.21,1.4305116694258866,12.5,1.3962431555767607,10.0,0.0,20.0,0.0,2.0,0.0,1.0,0.0,3.13,1.5219272736443836
627.0,627.0,100,6.19,1.5743845999903798,0.3095,0.078719229999519,0.6905,0.078719229999519,0.0,0.0,0.0015000000000000007,0.008572330399888268,9.98,0.14070529413628965,6.17,1.5443281694476385,3.73,1.5166083904887937,0.1,0.4605661864718385,7.48,1.41049457620189,7.17,1.4146063449281965,12.52,1.4104945762018894,10.0,0.0,20.0,0.0,2.0,0.0,1.0,0.0,3.13,1.5219272736443836
628.0,628.0,100,6.11,1.569243528750478,0.3055,0.0784621764375239,0.6945,0.0784621764375239,0.0,0.0,0.004,0.013632996217214532,9.98,0.14070529413628965,6.09,1.5445897758814717,3.81,1.5221927299362283,0.1,0.4605661864718385,7.4,1.3926212476455821,7.12,1.394650674918456,12.6,1.3926212476455821,10.0,0.0,20.0,0.0,2.0,0.0,1.0,0.0,3.13,1.5219272736443836
629.0,629.0,100,6.04,1.5822244921105042,0.302,0.07911122460552521,0.698,0.07911122460552525,0.0,0.0,0.0034999999999999996,0.012821619998812137,9.98,0.14070529413628965,6.02,1.5633427020459731,3.87,1.554758092846835,0.11,0.4691492407550183,7.32,1.4346364759693717,7.05,1.4025589888385148,12.68,1.4346364759693717,10.0,0.0,20.0,0.0,2.0,0.0,1.0,0.0,3.13,1.5219272736443836
630.0,630.0,100,5.97,1.5534581820030833,0.2985,0.07767290910015413,0.7015,0.07767290910015413,0.0,0.0,0.0035000000000000005,0.01282161999881214,9.98,0.14070529413628965,5.95,1.5333003949031325,3.94,1.4894918121916139,0.11,0.4691492407550183,7.24,1.4292754398044774,7.01,1.431923196405464,12.76,1.4292754398044776,10.0,0.0,20.0,0.0,2.0,0.0,1.0,0.0,3.13,1.5219272736443836
631.0,631.0,100,5.92,1.5220931892521157,0.29600000000000004,0.07610465946260579,0.7040000000000001,0.07610465946260579,0.0,0.0,0.0025,0.010952145677879515,9.98,0.14070529413628965,5.9,1.500841514792702,3.99,1.459867158755248,0.11,0.4691492407550183,7.2,1.3926212476455826,6.93,1.4512620770080147,12.8,1.392621247645583,10.0,0.0,20.0,0.0,2.0,0.0,1.0,0.0,3.13,1.5219272736443836
632.0,632.0,100,5.86,1.5440992274599532,0.293,0.07720496137299766,0.7070000000000001,0.07720496137299764,0.0,0.0,0.0030000000000000005,0.011934162828797104,9.98,0.14070529413628965,5.84,1.5223586166129703,4.06,1.4826947893561364,0.1,0.4605661864718385,7.15,1.3586609569571053,6.88,1.4444599843763914,12.85,1.3586609569571049,10.0,0.0,20.0,0.0,2.0,0.0,1.0,0.0,3.13,1.5219272736443836
633.0,633.0,100,5.79,1.5846167047617856,0.2895,0.0792308352380893,0.7105,0.0792308352380893,0.0,0.0,0.0034999999999999996,0.01465943347810514,9.98,0.14070529413628965,5.77,1.5625348480962438,4.13,1.5285498508274584,0.1,0.4605661864718385,7.08,1.3683286273126172,6.8,1.4425006345953824,12.92,1.3683286273126174,10.0,0.0,20.0,0.0,2.0,0.0,1.0,0.0,3.13,1.5219272736443836
634.0,634.0,100,5.77,1.5689860329898324,0.28850000000000003,0.07844930164949163,0.7115,0.0784493016494916,0.0,0.0,0.0009999999999999998,0.007035264706814482,9.98,0.14070529413628965,5.75,1.5464197817585434,4.13,1.488372441713607,0.12,0.47736651315188405,7.04,1.3992783132671633,6.77,1.4554321792109821,12.96,1.3992783132671633,10.0,0.0,20.0,0.0,2.0,0.0,1.0,0.0,3.13,1.5219272736443836
635.0,635.0,100,5.69,1.5871644240880993,0.2845,0.07935822120440497,0.7155,0.07935822120440497,0.0,0.0,0.004,0.013632996217214538,9.98,0.14070529413628965,5.67,1.5638272140986533,4.23,1.5166083904887935,0.1,0.4605661864718385,6.98,1.3997113699587915,6.75,1.4590366269521402,13.02,1.3997113699587915,10.0,0.0,20.0,0.0,2.0,0.0,1.0,0.0,3.13,1.5219272736443836
636.0,636.0,100,5.64,1.5796688055898096,0.282,0.07898344027949047,0.718,0.07898344027949047,0.0,0.0,0.0025,0.010952145677879515,9.98,0.14070529413628965,5.62,1.555569985503057,4.28,1.5114378731672846,0.1,0.4605661864718385,6.93,1.3944695961351954,6.7,1.500841514792702,13.07,1.3944695961351954,10.0,0.0,20.0,0.0,2.0,0.0,1.0,0.0,3.13,1.5219272736443836
637.0,637.0,100,5.55,1.6104143390551213,0.2775,0.08052071695275607,0.7225,0.08052071695275607,0.0,0.0,0.0045,0.014381174563233064,9.98,0.14070529413628965,5.53,1.585636283717809,4.35,1.5464197817585434,0.12,0.4773665131518841,6.82,1.4169251101158338,6.66,1.5056794835125789,13.18,1.4169251101158338,10.0,0.0,20.0,0.0,2.0,0.0,1.0,0.0,3.13,1.5219272736443836
638.0,638.0,100,5.52,1.6047908073495238,0.276,0.08023954036747616,0.7240000000000001,0.08023954036747616,0.0,0.0,0.0015000000000000005,0.008572330399888266,9.98,0.14070529413628965,5.5,1.585922922197519,4.4,1.5504968249049735,0.1,0.4605661864718385,6.81,1.4120334216435473,6.61,1.5034976057530156,13.19,1.4120334216435468,10.0,0.0,20.0,0.0,2.0,0.0,1.0,0.0,3.13,1.5219272736443836
639.0,639.0,100,5.5,1.6049166881048929,0.275,0.08024583440524462,0.725,0.0802458344052446,0.0,0.0,0.0009999999999999998,0.007035264706814482,9.98,0.14070529413628965,5.48,1.5857955337140652,4.42,1.5516690264604651,0.1,0.4605661864718385,6.79,1.4163190304305016,6.58,1.5054111153643799,13.21,1.4163190304305016,10.0,0.0,20.0,0.0,2.0,0.0,1.0,0.0,3.13,1.5219272736443836
640.0,640.0,100,5.45,1.6166744767071577,0.2725,0.0808337238353579,0.7275,0.0808337238353579,0.0,0.0,0.0025,0.010952145677879518,9.98,0.14070529413628965,5.43,1.597061695929766,4.47,1.5664087473058763,0.1,0.4605661864718385,6.74,1.460731793909263,6.54,1.5269961269489754,13.26,1.4607317939092628,10.0,0.0,20.0,0.0,2.0,0.0,1.0,0.0,3.13,1.5219272736443836
641.0,641.0,100,5.39,1.6199201875837628,0.2695,0.08099600937918815,0.7304999999999999,0.08099600937918816,0.0,0.0,0.0030000000000000005,0.0119341628287971,9.98,0.14070529413628965,5.37,1.5995895938292635,4.53,1.5728440430755952,0.1,0.4605661864718385,6.68,1.4898986474918283,6.52,1.5471054758921103,13.32,1.4898986474918283,10.0,0.0,20.0,0.0,2.0,0.0,1.0,0.0,3.13,1.5219272736443836
642.0,642.0,100,5.34,1.6405222129898547,0.267,0.08202611064949274,0.733,0.08202611064949275,0.0,0.0,0.0024999999999999996,0.010952145677879515,9.98,0.14070529413628965,5.32,1.6198266524040104,4.58,1.5710769644682678,0.1,0.4605661864718385,6.63,1.4883724417136073,6.47,1.5403987415043814,13.37,1.488372441713607,10.0,0.0,20.0,0.0,2.0,0.0,1.0,0.0,3.13,1.5219272736443836
643.0,643.0,100,5.3,1.6666666666666665,0.265,0.08333333333333334,0.735,0.0833333333333333,0.0,0.0,0.002,0.009847319278346619,9.98,0.14070529413628965,5.28,1.6458088797569626,4.61,1.5947831618540913,0.11,0.4691492407550183,6.58,1.5054111153643799,6.4,1.5891043154093205,13.42,1.50541111536438,10.0,0.0,20.0,0.0,2.0,0.0,1.0,0.0,3.13,1.5219272736443836
644.0,644.0,100,5.26,1.6914520687888563,0.263,0.08457260343944278,0.737,0.08457260343944281,0.0,0.0,0.002,0.009847319278346617,9.98,0.14070529413628965,5.24,1.6704200161345737,4.66,1.6281612607199236,0.1,0.4605661864718385,6.55,1.533300394903132,6.33,1.5508550916031822,13.45,1.5333003949031323,10.0,0.0,20.0,0.0,2.0,0.0,1.0,0.0,3.13,1.5219272736443836
645.0,645.0,100,5.24,1.6944353369518446,0.262,0.08472176684759222,0.738,0.08472176684759224,0.0,0.0,0.0009999999999999998,0.007035264706814483,9.98,0.14070529413628965,5.22,1.6792254106575386,4.68,1.6384274303259345,0.1,0.4605661864718385,6.53,1.5534581820030828,6.27,1.5945297904163638,13.47,1.5534581820030828,10.0,0.0,20.0,0.0,2.0,0.0,1.0,0.0,3.13,1.5219272736443836
646.0,646.0,100,5.21,1.6714779040832053,0.2605,0.08357389520416025,0.7395,0.08357389520416027,0.0,0.0,0.0015000000000000002,0.008572330399888266,9.98,0.14070529413628965,5.19,1.6556911340322902,4.69,1.5935159018010865,0.12,0.47736651315188416,6.48,1.5471054758921103,6.24,1.5835007885930297,13.52,1.5471054758921101,10.0,0.0,20.0,0.0,2.0,0.0,1.0,0.0,3.13,1.5219272736443836
647.0,647.0,100,5.16,1.6920491432078155,0.258,0.08460245716039079,0.742,0.0846024571603908,0.0,0.0,0.0025,0.010952145677879516,9.98,0.14070529413628965,5.14,1.6758534686794218,4.75,1.6229104669815846,0.11,0.4691492407550182,6.44,1.5719768163402126,6.17,1.608405949059409,13.56,1.571976816340213,10.0,0.0,20.0,0.0,2.0,0.0,1.0,0.0,3.13,1.5219272736443836
648.0,648.0,100,5.08,1.6616895381545016,0.254,0.08308447690772507,0.746,0.08308447690772507,0.0,0.0,0.004,0.013632996217214536,9.98,0.14070529413628965,5.06,1.6442123778375906,4.84,1.5936743644163887,0.1,0.4605661864718385,6.37,1.5285498508274589,6.11,1.607400813032448,13.63,1.5285498508274589,10.0,0.0,20.0,0.0,2.0,0.0,1.0,0.0,3.13,1.5219272736443836
649.0,649.0,100,5.03,1.6603212540549697,0.2515,0.08301606270274849,0.7484999999999999,0.0830160627027485,0.0,0.0,0.0024999999999999996,0.010952145677879515,9.98,0.14070529413628965,5.01,1.6422145678530218,4.89,1.5947831618540909,0.1,0.4605661864718385,6.32,1.5562191946567754,6.11,1.5884367513789504,13.68,1.5562191946567754,10.0,0.0,20.0,0.0,2.0,0.0,1.0,0.0,3.13,1.5219272736443836
650.0,650.0,100,4.98,1.6695732231545724,0.249,0.08347866115772862,0.7509999999999999,0.08347866115772865,0.0,0.0,0.0025,0.010952145677879515,9.98,0.14070529413628965,4.96,1.6509562579476678,4.93,1.5970616959297663,0.11,0.4691492407550184,6.27,1.5560569177614072,6.08,1.5934208166676813,13.73,1.5560569177614074,10.0,0.0,20.0,0.0,2.0,0.0,1.0,0.0,3.13,1.5219272736443836
651.0,651.0,100,4.92,1.6798268309019777,0.24600000000000002,0.08399134154509888,0.754,0.0839913415450989,0.0,0.0,0.003,0.011934162828797102,9.98,0.14070529413628965,4.9,1.6605950010691224,4.99,1.611166839858177,0.11,0.4691492407550184,6.21,1.5653766449018076,6.02,1.6079348697800377,13.79,1.5653766449018076,10.0,0.0,20.0,0.0,2.0,0.0,1.0,0.0,3.13,1.5219272736443836
652.0,652.0,100,4.87,1.6554470847795315,0.24350000000000002,0.08277235423897655,0.7565000000000001,0.0827723542389766,0.0,0.0,0.0025,0.010952145677879515,9.98,0.14070529413628965,4.85,1.6353111093129722,5.03,1.5919938581679407,0.12,0.47736651315188416,6.15,1.5658927811380328,5.99,1.6111668398581773,13.85,1.5658927811380325,10.0,0.0,20.0,0.0,2.0,0.0,1.0,0.0,3.13,1.5219272736443836
653.0,653.0,100,4.84,1.674044277318925,0.242,0.08370221386594626,0.758,0.08370221386594626,0.0,0.0,0.0014999999999999996,0.008572330399888263,9.98,0.14070529413628965,4.82,1.6537682712367827,5.06,1.5879597481095544,0.12,0.47736651315188416,6.13,1.5805318117901987,5.94,1.5751863766590042,13.87,1.5805318117901987,10.0,0.0,20.0,0.0,2.0,0.0,1.0,0.0,3.13,1.5219272736443836
654.0,654.0,100,4.8,1.675732916690726,0.24,0.08378664583453631,0.76,0.0837866458345363,0.0,0.0,0.002,0.009847319278346617,9.98,0.14070529413628965,4.78,1.6549893954312513,5.11,1.5947831618540917,0.11,0.4691492407550184,6.1,1.5922793521720793,5.88,1.565279850410466,13.9,1.592279352172079,10.0,0.0,20.0,0.0,2.0,0.0,1.0,0.0,3.13,1.5219272736443836
655.0,655.0,100,4.74,1.6794660045996943,0.237,0.08397330022998474,0.763,0.08397330022998471,0.0,0.0,0.002999999999999999,0.011934162828797099,9.98,0.14070529413628965,4.72,1.658038271298618,5.17,1.6021135030851206,0.11,0.4691492407550184,6.04,1.607557906963984,5.82,1.5529704349140623,13.96,1.607557906963984,10.0,0.0,20.0,0.0,2.0,0.0,1.0,0.0,3.13,1.5219272736443836
656.0,656.0,100,4.71,1.6835208416418326,0.23550000000000001,0.08417604208209162,0.7645000000000001,0.08417604208209163,0.0,0.0,0.0014999999999999996,0.008572330399888263,9.98,0.14070529413628965,4.69,1.6617807170367431,5.2,1.6080605044147396,0.11,0.4691492407550184,6.01,1.6111668398581773,5.82,1.5464524407543712,13.99,1.6111668398581773,10.0,0.0,20.0,0.0,2.0,0.0,1.0,0.0,3.13,1.5219272736443836
657.0,657.0,100,4.66,1.6649688321771108,0.233,0.08324844160885551,0.767,0.08324844160885551,0.0,0.0,0.0025,0.010952145677879516,9.98,0.14070529413628965,4.64,1.6423683318225966,5.25,1.5851265762160014,0.11,0.4691492407550184,5.96,1.5758275042758725,5.76,1.564247003151576,14.04,1.5758275042758714,10.0,0.0,20.0,0.0,2.0,0.0,1.0,0.0,3.13,1.5219272736443836
658.0,658.0,100,4.61,1.6385199036775464,0.2305,0.0819259951838773,0.7695000000000001,0.0819259951838773,0.0,0.0,0.0025,0.010952145677879515,9.98,0.14070529413628965,4.59,1.6149240842775856,5.3,1.5602382620431516,0.11,0.4691492407550184,5.91,1.5511155972265886,5.7,1.579540912717836,14.09,1.5511155972265882,10.0,0.0,20.0,0.0,2.0,0.0,1.0,0.0,3.13,1.5219272736443836
659.0,659.0,100,4.53,1.6296185337853044,0.22649999999999998,0.08148092668926521,0.7735,0.0814809266892652,0.0,0.0,0.003999999999999999,0.01363299621721453,9.98,0.14070529413628965,4.51,1.6048852188416984,5.38,1.555569985503057,0.11,0.4691492407550184,5.83,1.5377735446896839,5.68,1.5819691092515882,14.17,1.537773544689684,10.0,0.0,20.0,0.0,2.0,0.0,1.0,0.0,3.13,1.5219272736443836
660.0,660.0,100,4.52,1.6297734861512552,0.226,0.08148867430756276,0.774,0.08148867430756276,0.0,0.0,0.0004999999999999999,0.004999999999999998,9.98,0.14070529413628965,4.5,1.6049166881048922,5.39,1.556316552672114,0.11,0.4691492407550184,5.82,1.5464524407543712,5.64,1.5732614261944882,14.18,1.5464524407543712,10.0,0.0,20.0,0.0,2.0,0.0,1.0,0.0,3.13,1.5219272736443836
661.0,661.0,100,4.46,1.610696568054776,0.223,0.08053482840273882,0.777,0.08053482840273882,0.0,0.0,0.0030000000000000005,0.013889898953170719,9.98,0.14070529413628965,4.44,1.5847760572128644,5.45,1.5398740601789878,0.11,0.4691492407550184,5.76,1.564247003151576,5.61,1.5820648826547201,14.24,1.5642470031515765,10.0,0.0,20.0,0.0,2.0,0.0,1.0,0.0,3.13,1.5219272736443836
662.0,662.0,100,4.4,1.6391670710664874,0.22,0.08195835355332436,0.78,0.08195835355332438,0.0,0.0,0.002999999999999999,0.011934162828797099,9.98,0.14070529413628965,4.38,1.6129526222478334,5.51,1.5731009073312698,0.11,0.4691492407550184,5.7,1.579540912717836,5.57,1.5779733838059498,14.3,1.5795409127178364,10.0,0.0,20.0,0.0,2.0,0.0,1.0,0.0,3.13,1.5219272736443836
663.0,663.0,100,4.38,1.6500994766462667,0.21899999999999997,0.08250497383231331,0.7809999999999999,0.08250497383231332,0.0,0.0,0.0009999999999999998,0.007035264706814483,9.98,0.14070529413628965,4.36,1.623812697563262,5.53,1.585636283717809,0.11,0.4691492407550184,5.68,1.5819691092515882,5.52,1.540562667772179,14.32,1.581969109251588,10.0,0.0,20.0,0.0,2.0,0.0,1.0,0.0,3.13,1.5219272736443836
664.0,664.0,100,4.34,1.6588909523893345,0.217,0.0829445476194667,0.7829999999999999,0.0829445476194667,0.0,0.0,0.002,0.009847319278346619,9.98,0.14070529413628965,4.32,1.6322507234620618,5.57,1.597061695929766,0.11,0.4691492407550184,5.64,1.5732614261944882,5.49,1.5406610151608182,14.36,1.5732614261944882,10.0,0.0,20.0,0.0,2.0,0.0,1.0,0.0,3.13,1.5219272736443836
665.0,665.0,100,4.31,1.6617807170367427,0.2155,0.08308903585183713,0.7845,0.08308903585183713,0.0,0.0,0.0015,0.008572330399888264,9.98,0.14070529413628965,4.29,1.6348168896320663,5.6,1.5954480704349312,0.11,0.4691492407550184,5.61,1.5820648826547201,5.48,1.5601087763163801,14.39,1.5820648826547203,10.0,0.0,20.0,0.0,2.0,0.0,1.0,0.0,3.13,1.5219272736443836
666.0,666.0,100,4.27,1.63827329647388,0.21350000000000002,0.081913664823694,0.7865000000000001,0.08191366482369401,0.0,0.0,0.002,0.009847319278346617,9.98,0.14070529413628965,4.25,1.6104143390551213,5.64,1.5732614261944886,0.11,0.4691492407550184,5.57,1.5779733838059498,5.47,1.5469422429523034,14.43,1.5779733838059498,10.0,0.0,20.0,0.0,2.0,0.0,1.0,0.0,3.13,1.5219272736443836
667.0,667.0,100,4.22,1.5800524220941712,0.21100000000000002,0.07900262110470856,0.789,0.07900262110470857,0.0,0.0,0.0024999999999999996,0.010952145677879515,9.98,0.14070529413628965,4.2,1.5504968249049735,5.69,1.5155423738281577,0.11,0.4691492407550184,5.52,1.540562667772179,5.47,1.5469422429523034,14.48,1.540562667772179,10.0,0.0,20.0,0.0,2.0,0.0,1.0,0.0,3.13,1.5219272736443836
668.0,668.0,100,4.19,1.5807874268505835,0.2095,0.07903937134252915,0.7905,0.07903937134252918,0.0,0.0,0.0015,0.008572330399888264,9.98,0.14070529413628965,4.17,1.5508550916031825,5.71,1.512874045909929,0.12,0.47736651315188405,5.49,1.5406610151608182,5.45,1.5529379129946441,14.51,1.5406610151608187,10.0,0.0,20.0,0.0,2.0,0.0,1.0,0.0,3.13,1.5219272736443836
669.0,669.0,100,4.18,1.5915179210204622,0.209,0.0795758960510231,0.7909999999999999,0.07957589605102308,0.0,0.0,0.0004999999999999999,0.004999999999999998,9.98,0.14070529413628965,4.16,1.561661896438496,5.73,1.5298709260931296,0.11,0.4691492407550184,5.49,1.5472034073897276,5.45,1.5529379129946441,14.51,1.5472034073897278,10.0,0.0,20.0,0.0,2.0,0.0,1.0,0.0,3.13,1.5219272736443836
670.0,670.0,100,4.17,1.5830861051002931,0.20850000000000002,0.07915430525501466,0.7915000000000001,0.07915430525501468,0.0,0.0,0.0004999999999999999,0.0049999999999999975,9.98,0.14070529413628965,4.15,1.5529379129946446,5.74,1.521694961401777,0.11,0.4691492407550184,5.48,1.533991953411527,5.42,1.5320152437461925,14.52,1.5339919534115272,10.0,0.0,20.0,0.0,2.0,0.0,1.0,0.0,3.13,1.5219272736443836
671.0,671.0,100,4.17,1.5830861051002931,0.20850000000000002,0.07915430525501466,0.7915000000000001,0.07915430525501468,0.0,0.0,0.0,0.0,9.98,0.14070529413628965,4.15,1.5529379129946446,5.74,1.521694961401777,0.11,0.4691492407550184,5.48,1.533991953411527,5.41,1.5248447511637093,14.52,1.5339919534115272,10.0,0.0,20.0,0.0,2.0,0.0,1.0,0.0,3.13,1.5219272736443836
672.0,672.0,100,4.15,1.5723301886761003,0.2075,0.07861650943380502,0.7925,0.07861650943380502,0.0,0.0,0.0009999999999999998,0.007035264706814484,9.98,0.14070529413628965,4.13,1.5417096636100736,5.76,1.5117051714049683,0.11,0.4691492407550184,5.46,1.5401692154179722,5.39,1.536722210262854,14.54,1.5401692154179716,10.0,0.0,20.0,0.0,2.0,0.0,1.0,0.0,3.13,1.5219272736443836
673.0,673.0,100,4.15,1.5723301886761003,0.2075,0.07861650943380502,0.7925,0.07861650943380502,0.0,0.0,0.0,0.0,9.98,0.14070529413628965,4.13,1.5417096636100736,5.76,1.5117051714049683,0.11,0.4691492407550184,5.46,1.5401692154179722,5.38,1.5227566709057223,14.54,1.5401692154179716,10.0,0.0,20.0,0.0,2.0,0.0,1.0,0.0,3.13,1.5219272736443836
674.0,674.0,100,4.12,1.5588133274702878,0.20600000000000002,0.07794066637351439,0.794,0.07794066637351439,0.0,0.0,0.0015,0.008572330399888263,9.98,0.14070529413628965,4.1,1.534123643496623,5.79,1.4994611826865805,0.11,0.4691492407550184,5.43,1.5192701597088711,5.34,1.5388569810352122,14.57,1.5192701597088711,10.0,0.0,20.0,0.0,2.0,0.0,1.0,0.0,3.13,1.5219272736443836
675.0,675.0,100,4.1,1.5602382620431516,0.205,0.07801191310215758,0.795,0.07801191310215758,0.0,0.0,0.001,0.007035264706814485,9.98,0.14070529413628965,4.08,1.5353083459591157,5.81,1.5021533365354705,0.11,0.4691492407550184,5.41,1.5248447511637093,5.29,1.5589105234752954,14.59,1.5248447511637093,10.0,0.0,20.0,0.0,2.0,0.0,1.0,0.0,3.13,1.5219272736443836
676.0,676.0,100,4.09,1.570530374289417,0.2045,0.07852651871447085,0.7955,0.07852651871447087,0.0,0.0,0.0004999999999999999,0.004999999999999998,9.98,0.14070529413628965,4.07,1.545635758835146,5.81,1.5088627063675035,0.12,0.4773665131518841,5.39,1.536722210262854,5.28,1.583245611605056,14.61,1.536722210262854,10.0,0.0,20.0,0.0,2.0,0.0,1.0,0.0,3.13,1.5219272736443836
677.0,677.0,100,4.08,1.5614031503682182,0.204,0.07807015751841095,0.7959999999999999,0.07807015751841093,0.0,0.0,0.0004999999999999999,0.004999999999999998,9.98,0.14070529413628965,4.06,1.5362291495737215,5.83,1.5045721563744867,0.11,0.4691492407550184,5.39,1.5168747775967173,5.25,1.5658927811380325,14.61,1.5168747775967173,10.0,0.0,20.0,0.0,2.0,0.0,1.0,0.0,3.13,1.5219272736443836
678.0,678.0,100,4.04,1.55647880249821,0.20199999999999999,0.07782394012491052,0.7979999999999999,0.0778239401249105,0.0,0.0,0.002,0.009847319278346619,9.98,0.14070529413628965,4.02,1.5306960191462906,5.87,1.5018843383085687,0.11,0.4691492407550184,5.35,1.5333003949031323,5.22,1.5346502908322517,14.65,1.533300394903132,10.0,0.0,20.0,0.0,2.0,0.0,1.0,0.0,3.13,1.5219272736443836
679.0,679.0,100,3.99,1.5731009073312698,0.19949999999999998,0.07865504536656348,0.8005,0.07865504536656351,0.0,0.0,0.0025,0.010952145677879513,9.98,0.14070529413628965,3.97,1.5469422429523034,5.92,1.5220931892521155,0.11,0.4691492407550184,5.3,1.5537507567629416,5.21,1.5327732837552783,14.7,1.5537507567629416,10.0,0.0,20.0,0.0,2.0,0.0,1.0,0.0,3.13,1.5219272736443836
680.0,680.0,100,3.98,1.588977181978547,0.19899999999999998,0.07944885909892736,0.8009999999999999,0.07944885909892736,0.0,0.0,0.0005,0.004999999999999999,9.98,0.14070529413628965,3.96,1.562954984261633,5.93,1.5390867028169264,0.11,0.4691492407550184,5.29,1.5782294132375305,5.16,1.5157089883528885,14.71,1.5782294132375303,10.0,0.0,20.0,0.0,2.0,0.0,1.0,0.0,3.13,1.5219272736443836
681.0,681.0,100,3.95,1.5914861868166756,0.1975,0.0795743093408338,0.8025,0.0795743093408338,0.0,0.0,0.0015000000000000002,0.008572330399888266,9.98,0.14070529413628965,3.93,1.5651185129554759,5.96,1.5368865286741902,0.11,0.4691492407550184,5.26,1.5610149508469406,5.15,1.5266984249707212,14.74,1.5610149508469406,10.0,0.0,20.0,0.0,2.0,0.0,1.0,0.0,3.13,1.5219272736443836
682.0,682.0,100,3.91,1.5705303742894172,0.1955,0.07852651871447085,0.8045,0.07852651871447085,0.0,0.0,0.0020000000000000005,0.012143918126978114,9.98,0.14070529413628965,3.89,1.5432813002551322,6.0,1.5175738212786563,0.11,0.4691492407550184,5.22,1.5346502908322517,5.13,1.5285498508274589,14.78,1.5346502908322517,10.0,0.0,20.0,0.0,2.0,0.0,1.0,0.0,3.13,1.5219272736443836
683.0,683.0,100,3.9,1.5731330124142315,0.195,0.07865665062071159,0.805,0.07865665062071159,0.0,0.0,0.0005000000000000001,0.005000000000000001,9.98,0.14070529413628965,3.88,1.5457991297367677,6.01,1.5208649851417788,0.11,0.4691492407550184,5.21,1.5327732837552783,5.12,1.5127738920555338,14.79,1.5327732837552785,10.0,0.0,20.0,0.0,2.0,0.0,1.0,0.0,3.13,1.5219272736443836
684.0,684.0,100,3.86,1.5636011271575896,0.193,0.07818005635787949,0.807,0.07818005635787949,0.0,0.0,0.002,0.009847319278346617,9.98,0.14070529413628965,3.84,1.5355714890488812,6.05,1.5134080878613148,0.11,0.4691492407550184,5.17,1.517939858539005,5.09,1.5115381155457093,14.83,1.5179398585390051,10.0,0.0,20.0,0.0,2.0,0.0,1.0,0.0,3.13,1.5219272736443836
685.0,685.0,100,3.85,1.5658927811380328,0.1925,0.0782946390569016,0.8075,0.07829463905690162,0.0,0.0,0.0005000000000000001,0.005000000000000001,9.98,0.14070529413628965,3.83,1.5377735446896839,6.06,1.5163752633810468,0.11,0.4691492407550184,5.16,1.5289793254906283,5.03,1.4802061008555873,14.84,1.5289793254906283,10.0,0.0,20.0,0.0,2.0,0.0,1.0,0.0,3.13,1.5219272736443836
686.0,686.0,100,3.82,1.56592503400425,0.191,0.07829625170021251,0.809,0.07829625170021251,0.0,0.0,0.0015,0.008572330399888264,9.98,0.14070529413628965,3.8,1.5374122295716146,6.09,1.5115381155457093,0.11,0.4691492407550184,5.13,1.5285498508274589,5.01,1.459867158755248,14.87,1.5285498508274593,10.0,0.0,20.0,0.0,2.0,0.0,1.0,0.0,3.13,1.5219272736443836
687.0,687.0,100,3.81,1.5550179446169774,0.1905,0.07775089723084885,0.8095,0.07775089723084887,0.0,0.0,0.0004999999999999999,0.004999999999999998,9.98,0.14070529413628965,3.79,1.5261690336237068,6.09,1.5115381155457093,0.12,0.47736651315188416,5.12,1.5127738920555338,4.98,1.449346770309321,14.88,1.5127738920555345,10.0,0.0,20.0,0.0,2.0,0.0,1.0,0.0,3.13,1.5219272736443836
688.0,688.0,100,3.78,1.5412181984889535,0.18899999999999997,0.07706090992444768,0.8109999999999999,0.07706090992444768,0.0,0.0,0.0015,0.008572330399888264,9.98,0.14070529413628965,3.76,1.5117051714049687,6.12,1.4993601328836272,0.12,0.47736651315188416,5.09,1.5115381155457093,4.98,1.449346770309321,14.91,1.5115381155457097,10.0,0.0,20.0,0.0,2.0,0.0,1.0,0.0,3.13,1.5219272736443836
689.0,689.0,100,3.72,1.4912539635616677,0.18600000000000003,0.07456269817808338,0.8140000000000001,0.07456269817808339,0.0,0.0,0.002999999999999999,0.011934162828797099,9.98,0.14070529413628965,3.7,1.4599017539934427,6.18,1.4521318358492348,0.12,0.47736651315188416,5.03,1.4802061008555873,4.98,1.449346770309321,14.97,1.480206100855587,10.0,0.0,20.0,0.0,2.0,0.0,1.0,0.0,3.13,1.5219272736443836
690.0,690.0,100,3.71,1.4653920080898954,0.1855,0.07326960040449479,0.8145,0.07326960040449479,0.0,0.0,0.0005000000000000004,0.005000000000000004,9.98,0.14070529413628965,3.69,1.4403633099487312,6.18,1.4381525747579176,0.13,0.48523658709390977,5.01,1.459867158755248,4.95,1.4240006242195886,14.99,1.4598671587552476,10.0,0.0,20.0,0.0,2.0,0.0,1.0,0.0,3.13,1.5219272736443836
691.0,691.0,100,3.68,1.4486496673060256,0.184,0.07243248336530128,0.816,0.07243248336530128,0.0,0.0,0.0014999999999999996,0.008572330399888263,9.98,0.14070529413628965,3.66,1.4229007219923901,6.22,1.41835015835906,0.12,0.47736651315188416,4.99,1.4529315541380812,4.94,1.4200583285786739,15.01,1.4529315541380818,10.0,0.0,20.0,0.0,2.0,0.0,1.0,0.0,3.13,1.5219272736443836
692.0,692.0,100,3.68,1.4486496673060256,0.184,0.07243248336530128,0.816,0.07243248336530128,0.0,0.0,0.0,0.0,9.98,0.14070529413628965,3.66,1.4229007219923901,6.22,1.41835015835906,0.12,0.47736651315188416,4.99,1.4529315541380812,4.93,1.4442851505016576,15.01,1.4529315541380818,10.0,0.0,20.0,0.0,2.0,0.0,1.0,0.0,3.13,1.5219272736443836
693.0,693.0,100,3.68,1.4486496673060256,0.184,0.07243248336530128,0.816,0.07243248336530128,0.0,0.0,0.0,0.0,9.98,0.14070529413628965,3.66,1.4229007219923901,6.22,1.41835015835906,0.12,0.47736651315188416,4.99,1.4529315541380812,4.92,1.4402581137919113,15.01,1.4529315541380818,10.0,0.0,20.0,0.0,2.0,0.0,1.0,0.0,3.13,1.5219272736443836
694.0,694.0,100,3.65,1.4240006242195886,0.1825,0.07120003121097943,0.8175,0.07120003121097941,0.0,0.0,0.0015,0.008572330399888263,9.98,0.14070529413628965,3.63,1.397364040837699,6.25,1.3880805728658825,0.12,0.47736651315188416,4.96,1.4278612953602599,4.88,1.4514360704718159,15.04,1.4278612953602594,10.0,0.0,20.0,0.0,2.0,0.0,1.0,0.0,3.13,1.5219272736443836
695.0,695.0,100,3.65,1.4240006242195886,0.1825,0.07120003121097943,0.8175,0.07120003121097941,0.0,0.0,0.0,0.0,9.98,0.14070529413628965,3.63,1.397364040837699,6.24,1.4007213149017903,0.13,0.5056249258655726,4.95,1.4240006242195884,4.86,1.4772346537440224,15.05,1.4240006242195884,10.0,0.0,20.0,0.0,2.0,0.0,1.0,0.0,3.13,1.5219272736443836
696.0,696.0,100,3.64,1.4320995394556522,0.182,0.0716049769727826,0.818,0.07160497697278259,0.0,0.0,0.0004999999999999999,0.004999999999999998,9.98,0.14070529413628965,3.62,1.4054727088611632,6.24,1.3862237054733124,0.14,0.4927760980691767,4.94,1.44823124444052,4.82,1.4659777996582717,15.06,1.44823124444052,10.0,0.0,20.0,0.0,2.0,0.0,1.0,0.0,3.13,1.5219272736443836
697.0,697.0,100,3.63,1.4188841824589924,0.1815,0.07094420912294962,0.8184999999999999,0.0709442091229496,0.0,0.0,0.0004999999999999999,0.004999999999999998,9.98,0.14070529413628965,3.61,1.3918594495396177,6.27,1.3842913805491335,0.12,0.47736651315188416,4.95,1.4240006242195884,4.8,1.4633571475938953,15.05,1.4240006242195884,10.0,0.0,20.0,0.0,2.0,0.0,1.0,0.0,3.13,1.5219272736443836
698.0,698.0,100,3.59,1.4077347661108508,0.1795,0.07038673830554254,0.8205,0.07038673830554255,0.0,0.0,0.0019999999999999996,0.009847319278346615,9.98,0.14070529413628965,3.57,1.379906306290907,6.3,1.3816985594155147,0.13,0.48523658709390977,4.91,1.436149453408402,4.79,1.4515404565390855,15.09,1.436149453408402,10.0,0.0,20.0,0.0,2.0,0.0,1.0,0.0,3.13,1.5219272736443836
699.0,699.0,100,3.57,1.4160337266998677,0.17850000000000002,0.07080168633499337,0.8215,0.07080168633499338,0.0,0.0,0.001,0.007035264706814484,9.98,0.14070529413628965,3.55,1.3880805728658827,6.32,1.3917505871993363,0.13,0.48523658709390977,4.89,1.462632192074593,4.8,1.4354811251305468,15.11,1.4626321920745926,10.0,0.0,20.0,0.0,2.0,0.0,1.0,0.0,3.13,1.5219272736443836
700.0,700.0,100,3.53,1.3959175686930294,0.1765,0.06979587843465147,0.8234999999999999,0.06979587843465147,0.0,0.0,0.0019999999999999996,0.009847319278346615,9.98,0.14070529413628965,3.51,1.3669622740170477,6.36,1.3745155253007981,0.13,0.48523658709390977,4.85,1.4520970554979644,4.78,1.4395566096278505,15.15,1.4520970554979644,10.0,0.0,20.0,0.0,2.0,0.0,1.0,0.0,3.13,1.5219272736443836
701.0,701.0,100,3.51,1.388953533849106,0.17550000000000002,0.06944767669245527,0.8245,0.06944767669245527,0.0,0.0,0.001,0.007035264706814485,9.98,0.14070529413628965,3.49,1.3595528082365316,6.38,1.3690666288911706,0.13,0.48523658709390977,4.83,1.4498693776065523,4.77,1.4414849246103087,15.17,1.4498693776065525,10.0,0.0,20.0,0.0,2.0,0.0,1.0,0.0,3.13,1.5219272736443836
702.0,702.0,100,3.49,1.3743317935592843,0.1745,0.06871658967796421,0.8255,0.0687165896779642,0.0,0.0,0.001,0.007035264706814484,9.98,0.14070529413628965,3.47,1.3443108707332976,6.4,1.3558701406786118,0.13,0.48523658709390977,4.81,1.4333333333333331,4.74,1.432804694621459,15.19,1.4333333333333336,10.0,0.0,20.0,0.0,2.0,0.0,1.0,0.0,3.13,1.5219272736443836
703.0,703.0,100,3.48,1.3668514287525284,0.174,0.06834257143762641,0.826,0.06834257143762643,0.0,0.0,0.0004999999999999999,0.0049999999999999975,9.98,0.14070529413628965,3.46,1.3365113640604134,6.41,1.3491111926379569,0.13,0.48523658709390977,4.8,1.4354811251305468,4.72,1.4289927228716741,15.2,1.4354811251305473,10.0,0.0,20.0,0.0,2.0,0.0,1.0,0.0,3.13,1.5219272736443836
704.0,704.0,100,3.46,1.3664079577749493,0.17300000000000001,0.06832039788874746,0.8270000000000001,0.06832039788874746,0.0,0.0,0.0009999999999999998,0.007035264706814482,9.98,0.14070529413628965,3.44,1.335755375898755,6.43,1.3503086067019396,0.13,0.48523658709390977,4.78,1.4395566096278505,4.68,1.434636475969372,15.22,1.4395566096278507,10.0,0.0,20.0,0.0,2.0,0.0,1.0,0.0,3.13,1.5219272736443836
705.0,705.0,100,3.45,1.3586609569571046,0.1725,0.06793304784785523,0.8275,0.06793304784785524,0.0,0.0,0.0004999999999999999,0.004999999999999998,9.98,0.14070529413628965,3.43,1.327677397837017,6.44,1.3432961119739926,0.13,0.48523658709390977,4.77,1.4414849246103087,4.67,1.4428857168602065,15.23,1.4414849246103087,10.0,0.0,20.0,0.0,2.0,0.0,1.0,0.0,3.13,1.5219272736443836
706.0,706.0,100,3.42,1.3497474511249066,0.171,0.06748737255624532,0.8290000000000001,0.06748737255624532,0.0,0.0,0.0015000000000000002,0.008572330399888266,9.98,0.14070529413628965,3.4,1.318094737632215,6.47,1.3367758589119185,0.13,0.48523658709390977,4.74,1.432804694621459,4.66,1.4229007219923897,15.26,1.4328046946214597,10.0,0.0,20.0,0.0,2.0,0.0,1.0,0.0,3.13,1.5219272736443836
707.0,707.0,100,3.4,1.3408876902931872,0.17,0.06704438451465936,0.83,0.06704438451465936,0.0,0.0,0.001,0.007035264706814485,9.98,0.14070529413628965,3.38,1.3164077229070381,6.49,1.3370780746754387,0.13,0.48523658709390977,4.72,1.4289927228716741,4.65,1.4310764472870752,15.28,1.4289927228716746,10.0,0.0,20.0,0.0,2.0,0.0,1.0,0.0,3.13,1.5219272736443836
708.0,708.0,100,3.37,1.368144064716206,0.1685,0.0684072032358103,0.8315,0.06840720323581029,0.0,0.0,0.0015,0.008572330399888264,9.98,0.14070529413628965,3.35,1.3437096247164253,6.52,1.3668514287525284,0.13,0.48523658709390977,4.69,1.4262687068860564,4.63,1.4400827697873428,15.31,1.426268706886057,10.0,0.0,20.0,0.0,2.0,0.0,1.0,0.0,3.13,1.5219272736443836
709.0,709.0,100,3.36,1.3671469961532698,0.168,0.0683573498076635,0.8320000000000001,0.06835734980766352,0.0,0.0,0.0005000000000000001,0.005,9.98,0.14070529413628965,3.34,1.3425439443177427,6.53,1.3666666666666667,0.13,0.48523658709390977,4.68,1.434636475969372,4.63,1.4400827697873428,15.32,1.434636475969372,10.0,0.0,20.0,0.0,2.0,0.0,1.0,0.0,3.13,1.5219272736443836
710.0,710.0,100,3.34,1.3500467631257307,0.16699999999999998,0.06750233815628655,0.833,0.06750233815628655,0.0,0.0,0.0009999999999999998,0.007035264706814482,9.98,0.14070529413628965,3.32,1.324821314423766,6.55,1.3512059708858508,0.13,0.48523658709390977,4.66,1.4229007219923897,4.61,1.4347420843081335,15.34,1.4229007219923897,10.0,0.0,20.0,0.0,2.0,0.0,1.0,0.0,3.13,1.5219272736443836
711.0,711.0,100,3.33,1.3637070688740194,0.16649999999999998,0.06818535344370097,0.8334999999999999,0.06818535344370098,0.0,0.0,0.0005,0.005,9.98,0.14070529413628965,3.31,1.3385881300154212,6.56,1.3656685194623568,0.13,0.48523658709390977,4.65,1.4310764472870752,4.58,1.4083445400307215,15.35,1.4310764472870758,10.0,0.0,20.0,0.0,2.0,0.0,1.0,0.0,3.13,1.5219272736443836
712.0,712.0,100,3.31,1.3684393529222487,0.1655,0.06842196764611244,0.8345,0.06842196764611244,0.0,0.0,0.001,0.007035264706814486,9.98,0.14070529413628965,3.29,1.343108109550156,6.58,1.3720146655281213,0.13,0.48523658709390977,4.63,1.4400827697873428,4.57,1.4088823566747848,15.37,1.4400827697873424,10.0,0.0,20.0,0.0,2.0,0.0,1.0,0.0,3.13,1.5219272736443836
713.0,713.0,100,3.31,1.3684393529222487,0.1655,0.06842196764611244,0.8345,0.06842196764611244,0.0,0.0,0.0,0.0,9.98,0.14070529413628965,3.29,1.343108109550156,6.58,1.3720146655281213,0.13,0.48523658709390977,4.63,1.4400827697873428,4.56,1.4021628315073134,15.37,1.4400827697873424,10.0,0.0,20.0,0.0,2.0,0.0,1.0,0.0,3.13,1.5219272736443836
714.0,714.0,100,3.29,1.3580660640570599,0.16449999999999998,0.06790330320285298,0.8355,0.067903303202853,0.0,0.0,0.001,0.009999999999999997,9.98,0.14070529413628965,3.27,1.3322343956108043,6.6,1.3632996217214537,0.13,0.48523658709390977,4.61,1.4347420843081335,4.54,1.4100648312339499,15.39,1.4347420843081342,10.0,0.0,20.0,0.0,2.0,0.0,1.0,0.0,3.13,1.5219272736443836
715.0,715.0,100,3.26,1.3304514309440274,0.163,0.06652257154720134,0.8370000000000001,0.06652257154720136,0.0,0.0,0.0015000000000000005,0.008572330399888266,9.98,0.14070529413628965,3.24,1.303608046689625,6.63,1.3307171302752816,0.13,0.48523658709390977,4.58,1.4083445400307215,4.52,1.4176378132996346,15.42,1.408344540030721,10.0,0.0,20.0,0.0,2.0,0.0,1.0,0.0,3.13,1.5219272736443836
716.0,716.0,100,3.25,1.32096536478043,0.1625,0.0660482682390215,0.8375,0.0660482682390215,0.0,0.0,0.0004999999999999999,0.0049999999999999975,9.98,0.14070529413628965,3.23,1.2937690612463975,6.64,1.3220736696110351,0.13,0.48523658709390977,4.57,1.4088823566747848,4.51,1.424851578306323,15.43,1.408882356674785,10.0,0.0,20.0,0.0,2.0,0.0,1.0,0.0,3.13,1.5219272736443836
717.0,717.0,100,3.24,1.3190140180445311,0.162,0.06595070090222659,0.838,0.06595070090222656,0.0,0.0,0.0005000000000000001,0.005000000000000002,9.98,0.14070529413628965,3.22,1.2916202337695197,6.65,1.3209653647804303,0.13,0.48523658709390977,4.56,1.4021628315073134,4.49,1.4177446878757822,15.44,1.4021628315073136,10.0,0.0,20.0,0.0,2.0,0.0,1.0,0.0,3.13,1.5219272736443836
718.0,718.0,100,3.22,1.3377200564748029,0.161,0.06688600282374013,0.8390000000000001,0.06688600282374013,0.0,0.0,0.001,0.007035264706814484,9.98,0.14070529413628965,3.2,1.3104089885114938,6.67,1.3413019455331112,0.13,0.48523658709390977,4.54,1.4100648312339499,4.46,1.4172102343988515,15.46,1.4100648312339503,10.0,0.0,20.0,0.0,2.0,0.0,1.0,0.0,3.13,1.5219272736443836
719.0,719.0,100,3.2,1.3408876902931868,0.16,0.06704438451465936,0.84,0.06704438451465936,0.0,0.0,0.001,0.007035264706814486,9.98,0.14070529413628965,3.18,1.313334871557321,6.69,1.3385881300154212,0.13,0.48523658709390977,4.52,1.4176378132996346,4.45,1.416889465546186,15.48,1.417637813299635,10.0,0.0,20.0,0.0,2.0,0.0,1.0,0.0,3.13,1.5219272736443836
720.0,720.0,100,3.19,1.3385881300154212,0.1595,0.06692940650077106,0.8405,0.06692940650077106,0.0,0.0,0.0005000000000000001,0.005000000000000001,9.98,0.14070529413628965,3.17,1.3108328758018042,6.7,1.3371158468430429,0.13,0.48523658709390977,4.51,1.424851578306323,4.43,1.4160337266998675,15.49,1.4248515783063238,10.0,0.0,20.0,0.0,2.0,0.0,1.0,0.0,3.13,1.5219272736443836
721.0,721.0,100,3.17,1.3337499349161703,0.1585,0.06668749674580852,0.8415,0.06668749674580851,0.0,0.0,0.0010000000000000002,0.007035264706814486,9.98,0.14070529413628965,3.15,1.3055824196677335,6.72,1.3339392562609211,0.13,0.48523658709390977,4.49,1.4177446878757822,4.39,1.4062989609882988,15.51,1.4177446878757822,10.0,0.0,20.0,0.0,2.0,0.0,1.0,0.0,3.13,1.5219272736443836
722.0,722.0,100,3.14,1.3560191292116344,0.157,0.06780095646058171,0.843,0.06780095646058171,0.0,0.0,0.0014999999999999996,0.008572330399888261,9.98,0.14070529413628965,3.12,1.3278675849768768,6.75,1.351205970885851,0.13,0.48523658709390977,4.46,1.4172102343988515,4.3,1.4106377954311977,15.54,1.4172102343988515,10.0,0.0,20.0,0.0,2.0,0.0,1.0,0.0,3.13,1.5219272736443836
723.0,723.0,100,3.13,1.345812810613765,0.1565,0.06729064053068823,0.8434999999999999,0.06729064053068821,0.0,0.0,0.0004999999999999999,0.004999999999999998,9.98,0.14070529413628965,3.11,1.317289841019252,6.76,1.3417913550191176,0.13,0.48523658709390977,4.45,1.416889465546186,4.27,1.3988090172238195,15.55,1.416889465546186,10.0,0.0,20.0,0.0,2.0,0.0,1.0,0.0,3.13,1.5219272736443836
724.0,724.0,100,3.11,1.3550876821308009,0.1555,0.06775438410654004,0.8445,0.06775438410654001,0.0,0.0,0.0009999999999999998,0.007035264706814483,9.98,0.14070529413628965,3.09,1.3264595544135334,6.78,1.3527375909240453,0.13,0.48523658709390977,4.43,1.4160337266998675,4.26,1.3898622851625162,15.57,1.4160337266998673,10.0,0.0,20.0,0.0,2.0,0.0,1.0,0.0,3.13,1.5219272736443836
725.0,725.0,100,3.07,1.3352637540685706,0.1535,0.06676318770342854,0.8465,0.06676318770342853,0.0,0.0,0.002,0.009847319278346617,9.98,0.14070529413628965,3.05,1.3055824196677337,6.82,1.3362090201216819,0.13,0.48523658709390977,4.39,1.4062989609882988,4.23,1.3988090172238188,15.61,1.4062989609882988,10.0,0.0,20.0,0.0,2.0,0.0,1.0,0.0,3.13,1.5219272736443836
726.0,726.0,100,2.99,1.3218826488662818,0.1495,0.0660941324433141,0.8504999999999999,0.06609413244331407,0.0,0.0,0.004,0.013632996217214538,9.98,0.14070529413628965,2.97,1.290642311315407,6.89,1.3172898410192515,0.14,0.49277609806917666,4.3,1.4106377954311977,4.22,1.404034590497375,15.7,1.4106377954311988,10.0,0.0,20.0,0.0,2.0,0.0,1.0,0.0,3.13,1.5219272736443836
727.0,727.0,100,2.97,1.290642311315407,0.1485,0.06453211556577035,0.8515,0.06453211556577033,0.0,0.0,0.001,0.007035264706814485,9.98,0.14070529413628965,2.95,1.2663077641455707,6.91,1.2878217456173224,0.14,0.4927760980691766,4.28,1.3932013856618508,4.2,1.428427121138506,15.72,1.3932013856618504,10.0,0.0,20.0,0.0,2.0,0.0,1.0,0.0,3.13,1.5219272736443836
728.0,728.0,100,2.96,1.2785724362536035,0.14800000000000002,0.06392862181268018,0.852,0.06392862181268016,0.0,0.0,0.0004999999999999999,0.0049999999999999975,9.98,0.14070529413628965,2.94,1.2538425786841076,6.92,1.300194235683673,0.14,0.49277609806917666,4.28,1.3712782505399994,4.17,1.4217289232878156,15.72,1.3712782505399985,10.0,0.0,20.0,0.0,2.0,0.0,1.0,0.0,3.13,1.5219272736443836
729.0,729.0,100,2.93,1.2968882727202031,0.1465,0.06484441363601016,0.8534999999999999,0.06484441363601015,0.0,0.0,0.0015000000000000002,0.008572330399888266,9.98,0.14070529413628965,2.91,1.2720380529216915,6.95,1.32096536478043,0.14,0.49277609806917666,4.25,1.380784435227185,4.17,1.4074477222650548,15.75,1.3807844352271847,10.0,0.0,20.0,0.0,2.0,0.0,1.0,0.0,3.13,1.5219272736443836
730.0,730.0,100,2.92,1.2924020389580908,0.146,0.06462010194790455,0.8540000000000001,0.06462010194790455,0.0,0.0,0.0005000000000000001,0.005,9.98,0.14070529413628965,2.9,1.2673044646258478,6.96,1.3174815276722387,0.14,0.49277609806917666,4.24,1.3862237054733124,4.16,1.4050414279093033,15.76,1.3862237054733129,10.0,0.0,20.0,0.0,2.0,0.0,1.0,0.0,3.13,1.5219272736443836
731.0,731.0,100,2.9,1.2987950904082932,0.145,0.06493975452041466,0.855,0.06493975452041464,0.0,0.0,0.0010000000000000002,0.007035264706814485,9.98,0.14070529413628965,2.88,1.2735062551154515,6.98,1.3255835383602637,0.14,0.49277609806917666,4.22,1.4112105269998347,4.12,1.3800892958959083,15.78,1.4112105269998345,10.0,0.0,20.0,0.0,2.0,0.0,1.0,0.0,3.13,1.5219272736443836
732.0,732.0,100,2.87,1.2999999999999998,0.1435,0.065,0.8565,0.06499999999999999,0.0,0.0,0.0015000000000000002,0.008572330399888266,9.98,0.14070529413628965,2.85,1.282161999881214,7.01,1.3295020712942711,0.14,0.49277609806917666,4.19,1.404861688436397,4.1,1.3816985594155147,15.81,1.4048616884363967,10.0,0.0,20.0,0.0,2.0,0.0,1.0,0.0,3.13,1.5219272736443836
733.0,733.0,100,2.85,1.3132964154171265,0.1425,0.06566482077085635,0.8575,0.06566482077085632,0.0,0.0,0.001,0.007035264706814483,9.98,0.14070529413628965,2.83,1.295329605883687,7.03,1.3443108707332978,0.14,0.49277609806917666,4.17,1.4074477222650548,4.09,1.3860415257527858,15.83,1.4074477222650545,10.0,0.0,20.0,0.0,2.0,0.0,1.0,0.0,3.13,1.5219272736443836
734.0,734.0,100,2.84,1.3159472526348353,0.142,0.06579736263174178,0.858,0.06579736263174177,0.0,0.0,0.0004999999999999999,0.004999999999999998,9.98,0.14070529413628965,2.82,1.2978614889287854,7.04,1.347800302925347,0.14,0.49277609806917666,4.16,1.4050414279093033,4.09,1.3860415257527858,15.84,1.405041427909303,10.0,0.0,20.0,0.0,2.0,0.0,1.0,0.0,3.13,1.5219272736443836
735.0,735.0,100,2.8,1.2712834523274563,0.14,0.06356417261637282,0.86,0.06356417261637282,0.0,0.0,0.0019999999999999996,0.009847319278346615,9.98,0.14070529413628965,2.78,1.2519076352801464,7.08,1.3079400103625054,0.14,0.49277609806917666,4.12,1.3800892958959083,4.06,1.361965306074092,15.88,1.3800892958959086,10.0,0.0,20.0,0.0,2.0,0.0,1.0,0.0,3.13,1.5219272736443836
736.0,736.0,100,2.78,1.2519076352801464,0.139,0.0625953817640073,0.861,0.06259538176400731,0.0,0.0,0.0009999999999999998,0.007035264706814483,9.98,0.14070529413628965,2.76,1.2400716825158848,7.1,1.298795090408293,0.14,0.49277609806917666,4.1,1.3816985594155147,4.06,1.361965306074092,15.9,1.3816985594155147,10.0,0.0,20.0,0.0,2.0,0.0,1.0,0.0,3.13,1.5219272736443836
737.0,737.0,100,2.77,1.2621530426340155,0.13849999999999998,0.06310765213170078,0.8615,0.06310765213170078,0.0,0.0,0.0005,0.005,9.98,0.14070529413628965,2.75,1.2502524997500757,7.11,1.3095993681468023,0.14,0.49277609806917666,4.09,1.3860415257527858,4.04,1.3774519002033199,15.91,1.3860415257527858,10.0,0.0,20.0,0.0,2.0,0.0,1.0,0.0,3.13,1.5219272736443836
738.0,738.0,100,2.77,1.2621530426340155,0.13849999999999998,0.06310765213170078,0.8615,0.06310765213170078,0.0,0.0,0.0,0.0,9.98,0.14070529413628965,2.75,1.2502524997500757,7.11,1.3095993681468023,0.14,0.49277609806917666,4.09,1.3860415257527858,4.04,1.3774519002033199,15.91,1.3860415257527858,10.0,0.0,20.0,0.0,2.0,0.0,1.0,0.0,3.13,1.5219272736443836
739.0,739.0,100,2.74,1.2359922199094815,0.137,0.06179961099547406,0.863,0.06179961099547404,0.0,0.0,0.0015,0.008572330399888264,9.98,0.14070529413628965,2.72,1.223342003106922,7.14,1.279362214842879,0.14,0.49277609806917666,4.06,1.361965306074092,4.02,1.3705414398637636,15.94,1.3619653060740922,10.0,0.0,20.0,0.0,2.0,0.0,1.0,0.0,3.13,1.5219272736443836
740.0,740.0,100,2.74,1.2359922199094815,0.137,0.06179961099547406,0.863,0.06179961099547404,0.0,0.0,0.0,0.0,9.98,0.14070529413628965,2.72,1.223342003106922,7.14,1.279362214842879,0.14,0.49277609806917666,4.06,1.361965306074092,3.98,1.385203190433764,15.94,1.3619653060740922,10.0,0.0,20.0,0.0,2.0,0.0,1.0,0.0,3.13,1.5219272736443836
741.0,741.0,100,2.74,1.2359922199094815,0.137,0.06179961099547406,0.863,0.06179961099547404,0.0,0.0,0.0,0.0,9.98,0.14070529413628965,2.72,1.223342003106922,7.13,1.2764771597619515,0.15,0.5,4.05,1.3660752600649848,3.96,1.3847655966176216,15.95,1.3660752600649848,10.0,0.0,20.0,0.0,2.0,0.0,1.0,0.0,3.13,1.5219272736443836
742.0,742.0,100,2.73,1.2541245085031558,0.1365,0.0627062254251578,0.8634999999999999,0.0627062254251578,0.0,0.0,0.0005,0.005,9.98,0.14070529413628965,2.71,1.2414963275471782,7.15,1.2978225742925857,0.14,0.49277609806917666,4.05,1.3734495390671027,3.95,1.366075260064985,15.95,1.3734495390671027,10.0,0.0,20.0,0.0,2.0,0.0,1.0,0.0,3.13,1.5219272736443836
743.0,743.0,100,2.71,1.2414963275471784,0.1355,0.06207481637735892,0.8645,0.06207481637735891,0.0,0.0,0.0010000000000000002,0.007035264706814487,9.98,0.14070529413628965,2.69,1.2284094997149357,7.17,1.2875079680051567,0.14,0.49277609806917666,4.03,1.3666666666666665,3.94,1.3619653060740922,15.97,1.3666666666666663,10.0,0.0,20.0,0.0,2.0,0.0,1.0,0.0,3.13,1.5219272736443836
744.0,744.0,100,2.68,1.2381152179540051,0.134,0.06190576089770023,0.866,0.06190576089770023,0.0,0.0,0.0015000000000000002,0.008572330399888266,9.98,0.14070529413628965,2.66,1.224497423187954,7.19,1.2925192689496205,0.15,0.5,3.99,1.374331793559284,3.92,1.3384749349596172,16.01,1.3743317935592847,10.0,0.0,20.0,0.0,2.0,0.0,1.0,0.0,3.13,1.5219272736443836
745.0,745.0,100,2.66,1.2489995996796794,0.133,0.06244997998398397,0.867,0.062449979983983966,0.0,0.0,0.001,0.007035264706814484,9.98,0.14070529413628965,2.64,1.2351747105800723,7.22,1.2994171187439576,0.14,0.49277609806917666,3.98,1.3778918167206955,3.91,1.3416031417296956,16.02,1.377891816720695,10.0,0.0,20.0,0.0,2.0,0.0,1.0,0.0,3.13,1.5219272736443836
746.0,746.0,100,2.65,1.2339883600452932,0.1325,0.061699418002264673,0.8675,0.061699418002264673,0.0,0.0,0.0004999999999999999,0.0049999999999999975,9.98,0.14070529413628965,2.63,1.2198277739008068,7.23,1.2859379314867274,0.14,0.49277609806917666,3.97,1.3592555894958673,3.88,1.3354528608057805,16.03,1.3592555894958678,10.0,0.0,20.0,0.0,2.0,0.0,1.0,0.0,3.13,1.5219272736443836
747.0,747.0,100,2.64,1.2269696595493083,0.132,0.061348482977465424,0.868,0.0613484829774654,0.0,0.0,0.0005000000000000001,0.005,9.98,0.14070529413628965,2.62,1.212560526449311,7.24,1.272236557636141,0.14,0.49277609806917666,3.96,1.3552740227598539,3.86,1.3105631452073412,16.04,1.3552740227598532,10.0,0.0,20.0,0.0,2.0,0.0,1.0,0.0,3.13,1.5219272736443836
748.0,748.0,100,2.62,1.2208624207932075,0.131,0.06104312103966036,0.8690000000000001,0.06104312103966036,0.0,0.0,0.001,0.007035264706814483,9.98,0.14070529413628965,2.6,1.2060453783110545,7.25,1.2821619998812137,0.15,0.5,3.93,1.3428072509229732,3.85,1.305582419667734,16.07,1.3428072509229732,10.0,0.0,20.0,0.0,2.0,0.0,1.0,0.0,3.13,1.5219272736443836
749.0,749.0,100,2.61,1.2300529675710326,0.1305,0.06150264837855161,0.8695,0.061502648378551614,0.0,0.0,0.0005,0.005,9.98,0.14070529413628965,2.59,1.2151817422372124,7.27,1.278058818456468,0.14,0.49277609806917666,3.93,1.3577685198646172,3.82,1.2978614889287854,16.07,1.3577685198646177,10.0,0.0,20.0,0.0,2.0,0.0,1.0,0.0,3.13,1.5219272736443836
750.0,750.0,100,2.57,1.2247861078984406,0.1285,0.06123930539492202,0.8715,0.061239305394922006,0.0,0.0,0.002,0.00984731927834662,9.98,0.14070529413628965,2.55,1.2091820425896227,7.31,1.27679364824627,0.14,0.49277609806917666,3.89,1.3476129288711232,3.83,1.3108328758018042,16.11,1.347612928871123,10.0,0.0,20.0,0.0,2.0,0.0,1.0,0.0,3.13,1.5219272736443836
751.0,751.0,100,2.56,1.200336653113651,0.128,0.06001683265568254,0.872,0.06001683265568253,0.0,0.0,0.0004999999999999999,0.0049999999999999975,9.98,0.14070529413628965,2.54,1.1842399429272104,7.32,1.2543258481484518,0.14,0.49277609806917666,3.88,1.3354528608057807,3.8,1.2870763988845633,16.12,1.335452860805781,10.0,0.0,20.0,0.0,2.0,0.0,1.0,0.0,3.13,1.5219272736443836
752.0,752.0,100,2.55,1.1838560518556096,0.1275,0.05919280259278048,0.8725,0.059192802592780445,0.0,0.0,0.0004999999999999999,0.004999999999999998,9.98,0.14070529413628965,2.53,1.1673591018736578,7.33,1.239542111614061,0.14,0.49277609806917666,3.87,1.330717130275282,3.8,1.2870763988845633,16.13,1.3307171302752827,10.0,0.0,20.0,0.0,2.0,0.0,1.0,0.0,3.13,1.5219272736443836
753.0,753.0,100,2.52,1.1588918426800245,0.126,0.05794459213400122,0.8740000000000001,0.057944592134001216,0.0,0.0,0.0014999999999999996,0.008572330399888264,9.98,0.14070529413628965,2.5,1.1415035273840826,7.36,1.2187093686570747,0.14,0.49277609806917666,3.84,1.3236008431242374,3.79,1.304963330109047,16.16,1.3236008431242379,10.0,0.0,20.0,0.0,2.0,0.0,1.0,0.0,3.13,1.5219272736443836
754.0,754.0,100,2.52,1.1588918426800245,0.126,0.05794459213400122,0.8740000000000001,0.057944592134001216,0.0,0.0,0.0,0.0,9.98,0.14070529413628965,2.5,1.1415035273840826,7.36,1.2187093686570747,0.14,0.49277609806917666,3.84,1.3236008431242374,3.78,1.3148721948877344,16.16,1.3236008431242379,10.0,0.0,20.0,0.0,2.0,0.0,1.0,0.0,3.13,1.5219272736443836
755.0,755.0,100,2.5,1.1415035273840828,0.125,0.05707517636920411,0.875,0.057075176369204075,0.0,0.0,0.0009999999999999998,0.007035264706814482,9.98,0.14070529413628965,2.48,1.1234866364235148,7.38,1.2042013993103522,0.14,0.49277609806917666,3.82,1.2978614889287854,3.77,1.3092908096532352,16.18,1.2978614889287867,10.0,0.0,20.0,0.0,2.0,0.0,1.0,0.0,3.13,1.5219272736443836
756.0,756.0,100,2.5,1.1415035273840828,0.125,0.05707517636920411,0.875,0.057075176369204075,0.0,0.0,0.0,0.0,9.98,0.14070529413628965,2.48,1.1234866364235148,7.38,1.2042013993103522,0.14,0.49277609806917666,3.82,1.2978614889287854,3.77,1.3092908096532352,16.18,1.2978614889287867,10.0,0.0,20.0,0.0,2.0,0.0,1.0,0.0,3.13,1.5219272736443836
757.0,757.0,100,2.46,1.1670562120224557,0.12300000000000001,0.05835281060112275,0.877,0.05835281060112274,0.0,0.0,0.002,0.012143918126978107,9.98,0.14070529413628965,2.44,1.1487366798339644,7.42,1.2323911224882624,0.14,0.49277609806917666,3.79,1.304963330109047,3.77,1.3092908096532352,16.21,1.304963330109047,10.0,0.0,20.0,0.0,2.0,0.0,1.0,0.0,3.13,1.5219272736443836
758.0,758.0,100,2.45,1.166666666666667,0.1225,0.058333333333333334,0.8775,0.0583333333333333,0.0,0.0,0.0004999999999999999,0.0049999999999999975,9.98,0.14070529413628965,2.43,1.148164983041561,7.43,1.2330056894852632,0.14,0.49277609806917666,3.78,1.3148721948877344,3.76,1.3190140180445316,16.22,1.3148721948877347,10.0,0.0,20.0,0.0,2.0,0.0,1.0,0.0,3.13,1.5219272736443836
759.0,759.0,100,2.44,1.174819994808575,0.12200000000000001,0.05874099974042876,0.878,0.058740999740428734,0.0,0.0,0.0005,0.005,9.98,0.14070529413628965,2.42,1.1562740578987738,7.44,1.2335380665452367,0.14,0.49277609806917666,3.77,1.3092908096532352,3.73,1.3169830843425607,16.23,1.3092908096532347,10.0,0.0,20.0,0.0,2.0,0.0,1.0,0.0,3.13,1.5219272736443836
760.0,760.0,100,2.44,1.174819994808575,0.12200000000000001,0.05874099974042876,0.878,0.058740999740428734,0.0,0.0,0.0,0.0,9.98,0.14070529413628965,2.42,1.1562740578987738,7.44,1.2335380665452367,0.14,0.49277609806917666,3.77,1.3092908096532352,3.72,1.3032980697391743,16.23,1.3092908096532347,10.0,0.0,20.0,0.0,2.0,0.0,1.0,0.0,3.13,1.5219272736443836
761.0,761.0,100,2.44,1.174819994808575,0.12200000000000001,0.05874099974042876,0.878,0.058740999740428734,0.0,0.0,0.0,0.0,9.98,0.14070529413628965,2.42,1.1562740578987738,7.44,1.2335380665452367,0.14,0.49277609806917666,3.77,1.3092908096532352,3.71,1.3126809639555657,16.23,1.3092908096532347,10.0,0.0,20.0,0.0,2.0,0.0,1.0,0.0,3.13,1.5219272736443836
762.0,762.0,100,2.43,1.174260996920569,0.1215,0.05871304984602847,0.8785,0.05871304984602844,0.0,0.0,0.0004999999999999999,0.004999999999999998,9.98,0.14070529413628965,2.41,1.1555312740261618,7.45,1.2339883600452932,0.14,0.49277609806917666,3.76,1.3190140180445316,3.7,1.3065491598369758,16.24,1.3190140180445313,10.0,0.0,20.0,0.0,2.0,0.0,1.0,0.0,3.13,1.5219272736443836
763.0,763.0,100,2.4,1.1370704872299222,0.12,0.056853524361496106,0.88,0.056853524361496086,0.0,0.0,0.0015000000000000002,0.008572330399888266,9.98,0.14070529413628965,2.38,1.117175370333954,7.48,1.2016823224298523,0.14,0.49277609806917666,3.73,1.3169830843425607,3.69,1.3080558478177073,16.27,1.3169830843425605,10.0,0.0,20.0,0.0,2.0,0.0,1.0,0.0,3.13,1.5219272736443836
764.0,764.0,100,2.39,1.1272116307978997,0.11950000000000001,0.05636058153989497,0.8805,0.05636058153989494,0.0,0.0,0.0005000000000000001,0.005,9.98,0.14070529413628965,2.37,1.1069568805303733,7.49,1.1933739624029902,0.14,0.49277609806917666,3.72,1.3032980697391743,3.66,1.3197795959243277,16.28,1.3032980697391743,10.0,0.0,20.0,0.0,2.0,0.0,1.0,0.0,3.13,1.5219272736443836
765.0,765.0,100,2.38,1.126180637501297,0.11900000000000001,0.05630903187506487,0.8809999999999999,0.05630903187506485,0.0,0.0,0.0004999999999999999,0.004999999999999998,9.98,0.14070529413628965,2.36,1.1057243158338619,7.5,1.19341628287971,0.14,0.49277609806917666,3.71,1.3126809639555657,3.64,1.3144111866827548,16.29,1.3126809639555657,10.0,0.0,20.0,0.0,2.0,0.0,1.0,0.0,3.13,1.5219272736443836
766.0,766.0,100,2.37,1.1250589210159507,0.1185,0.056252946050797545,0.8815000000000001,0.05625294605079753,0.0,0.0,0.0004999999999999999,0.004999999999999998,9.98,0.14070529413628965,2.35,1.1043989178267828,7.51,1.1933739624029904,0.14,0.49277609806917666,3.7,1.3065491598369758,3.63,1.2922066320051064,16.3,1.3065491598369754,10.0,0.0,20.0,0.0,2.0,0.0,1.0,0.0,3.13,1.5219272736443836
767.0,767.0,100,2.36,1.1327984477533162,0.11800000000000001,0.05663992238766582,0.882,0.056639922387665805,0.0,0.0,0.0005,0.005,9.98,0.14070529413628965,2.34,1.112100569538419,7.52,1.2016823224298525,0.14,0.49277609806917666,3.69,1.3080558478177073,3.62,1.293183371499662,16.31,1.3080558478177073,10.0,0.0,20.0,0.0,2.0,0.0,1.0,0.0,3.13,1.5219272736443836
768.0,768.0,100,2.33,1.1375589672805553,0.1165,0.05687794836402776,0.8835,0.05687794836402775,0.0,0.0,0.0014999999999999996,0.008572330399888263,9.98,0.14070529413628965,2.31,1.1164065730564452,7.55,1.2091820425896227,0.14,0.49277609806917666,3.66,1.3197795959243277,3.61,1.278374915368111,16.34,1.3197795959243277,10.0,0.0,20.0,0.0,2.0,0.0,1.0,0.0,3.13,1.5219272736443836
769.0,769.0,100,2.31,1.1254179919326226,0.1155,0.056270899596631126,0.8845000000000001,0.056270899596631105,0.0,0.0,0.001,0.007035264706814485,9.98,0.14070529413628965,2.29,1.1036669824185228,7.57,1.1997895438346466,0.14,0.49277609806917666,3.64,1.3144111866827548,3.61,1.278374915368111,16.36,1.314411186682755,10.0,0.0,20.0,0.0,2.0,0.0,1.0,0.0,3.13,1.5219272736443836
770.0,770.0,100,2.3,1.1326200964261066,0.115,0.05663100482130532,0.885,0.05663100482130528,0.0,0.0,0.0005,0.005,9.98,0.14070529413628965,2.28,1.1108282468227901,7.58,1.1991579537241115,0.14,0.49277609806917666,3.63,1.2922066320051064,3.61,1.278374915368111,16.37,1.2922066320051062,10.0,0.0,20.0,0.0,2.0,0.0,1.0,0.0,3.13,1.5219272736443836
771.0,771.0,100,2.29,1.1218221108914053,0.11449999999999999,0.05609110554457027,0.8855,0.05609110554457027,0.0,0.0,0.0005000000000000001,0.005000000000000001,9.98,0.14070529413628965,2.27,1.0996326291957323,7.59,1.1899834478095086,0.14,0.49277609806917666,3.62,1.293183371499662,3.6,1.2870763988845637,16.38,1.2931833714996617,10.0,0.0,20.0,0.0,2.0,0.0,1.0,0.0,3.13,1.5219272736443836
772.0,772.0,100,2.28,1.1288682094662041,0.114,0.05644341047331022,0.8859999999999999,0.05644341047331022,0.0,0.0,0.0005,0.004999999999999998,9.98,0.14070529413628965,2.26,1.1066374585411722,7.6,1.1976407785072425,0.14,0.49277609806917666,3.61,1.278374915368111,3.59,1.2956414892580697,16.39,1.2783749153681105,10.0,0.0,20.0,0.0,2.0,0.0,1.0,0.0,3.13,1.5219272736443836
773.0,773.0,100,2.28,1.1288682094662041,0.114,0.05644341047331022,0.8859999999999999,0.05644341047331022,0.0,0.0,0.0,0.0,9.98,0.14070529413628965,2.26,1.1066374585411722,7.6,1.1976407785072425,0.14,0.49277609806917666,3.61,1.278374915368111,3.57,1.304653675164874,16.39,1.2783749153681105,10.0,0.0,20.0,0.0,2.0,0.0,1.0,0.0,3.13,1.5219272736443836
774.0,774.0,100,2.28,1.1288682094662041,0.114,0.05644341047331022,0.8859999999999999,0.05644341047331022,0.0,0.0,0.0,0.0,9.98,0.14070529413628965,2.26,1.1066374585411722,7.6,1.1976407785072425,0.14,0.49277609806917666,3.61,1.278374915368111,3.56,1.3051568271416059,16.39,1.2783749153681105,10.0,0.0,20.0,0.0,2.0,0.0,1.0,0.0,3.13,1.5219272736443836
775.0,775.0,100,2.27,1.1268531314230703,0.11349999999999999,0.05634265657115352,0.8865000000000001,0.05634265657115354,0.0,0.0,0.0004999999999999999,0.004999999999999998,9.98,0.14070529413628965,2.25,1.1043989178267826,7.61,1.1967548714010825,0.14,0.49277609806917666,3.6,1.2870763988845637,3.55,1.3055824196677337,16.4,1.2870763988845635,10.0,0.0,20.0,0.0,2.0,0.0,1.0,0.0,3.13,1.5219272736443836
776.0,776.0,100,2.26,1.1425648976992708,0.113,0.057128244884963535,0.887,0.05712824488496355,0.0,0.0,0.0005,0.005,9.98,0.14070529413628965,2.24,1.1202452833864083,7.62,1.2125605264493107,0.14,0.49277609806917666,3.59,1.2956414892580697,3.55,1.3055824196677337,16.41,1.2956414892580694,10.0,0.0,20.0,0.0,2.0,0.0,1.0,0.0,3.13,1.5219272736443836
777.0,777.0,100,2.24,1.1381359915904319,0.11200000000000002,0.05690679957952158,0.888,0.0569067995795216,0.0,0.0,0.0009999999999999998,0.007035264706814484,9.98,0.14070529413628965,2.22,1.1153655920999195,7.64,1.2020185043702463,0.14,0.49277609806917666,3.57,1.304653675164874,3.52,1.2671450452322202,16.43,1.3046536751648736,10.0,0.0,20.0,0.0,2.0,0.0,1.0,0.0,3.13,1.5219272736443836
778.0,778.0,100,2.23,1.1446405637587809,0.1115,0.05723202818793907,0.8885,0.05723202818793906,0.0,0.0,0.0005,0.004999999999999998,9.98,0.14070529413628965,2.21,1.121822110891405,7.65,1.2007993970348219,0.14,0.49277609806917666,3.56,1.3051568271416059,3.51,1.2592686670276427,16.44,1.3051568271416043,10.0,0.0,20.0,0.0,2.0,0.0,1.0,0.0,3.13,1.5219272736443836
779.0,779.0,100,2.22,1.1510206274643755,0.111,0.057551031373218785,0.889,0.057551031373218785,0.0,0.0,0.0005,0.005000000000000001,9.98,0.14070529413628965,2.2,1.1281521496355322,7.66,1.1994948431685228,0.14,0.49277609806917666,3.55,1.3055824196677337,3.5,1.251261989215914,16.45,1.305582419667733,10.0,0.0,20.0,0.0,2.0,0.0,1.0,0.0,3.13,1.5219272736443836
780.0,780.0,100,2.22,1.1510206274643755,0.111,0.057551031373218785,0.889,0.057551031373218785,0.0,0.0,0.0,0.0,9.98,0.14070529413628965,2.2,1.1281521496355322,7.66,1.1994948431685228,0.14,0.49277609806917666,3.55,1.3055824196677337,3.48,1.251100525638338,16.45,1.305582419667733,10.0,0.0,20.0,0.0,2.0,0.0,1.0,0.0,3.13,1.5219272736443836
781.0,781.0,100,2.19,1.1432277537611204,0.10950000000000001,0.05716138768805601,0.8905,0.05716138768805603,0.0,0.0,0.0014999999999999996,0.008572330399888263,9.98,0.14070529413628965,2.17,1.1196590390098062,7.69,1.1694339475044144,0.14,0.49277609806917666,3.52,1.2671450452322202,3.48,1.251100525638338,16.48,1.2671450452322206,10.0,0.0,20.0,0.0,2.0,0.0,1.0,0.0,3.13,1.5219272736443836
782.0,782.0,100,2.18,1.1492641475344476,0.109,0.05746320737672239,0.8909999999999999,0.05746320737672241,0.0,0.0,0.0005,0.004999999999999999,9.98,0.14070529413628965,2.16,1.1256423530903177,7.7,1.1677484162422844,0.14,0.49277609806917666,3.51,1.2592686670276427,3.48,1.251100525638338,16.49,1.2592686670276425,10.0,0.0,20.0,0.0,2.0,0.0,1.0,0.0,3.13,1.5219272736443836
783.0,783.0,100,2.17,1.163892806338481,0.1085,0.05819464031692405,0.8915000000000001,0.05819464031692407,0.0,0.0,0.0005,0.004999999999999998,9.98,0.14070529413628965,2.15,1.1403968828899222,7.71,1.1831732712916525,0.14,0.49277609806917666,3.5,1.251261989215914,3.46,1.2506160098289174,16.5,1.251261989215914,10.0,0.0,20.0,0.0,2.0,0.0,1.0,0.0,3.13,1.5219272736443836
784.0,784.0,100,2.15,1.1666666666666665,0.1075,0.058333333333333334,0.8925,0.05833333333333334,0.0,0.0,0.0010000000000000002,0.007035264706814486,9.98,0.14070529413628965,2.13,1.1428742783708175,7.73,1.1794109127060428,0.14,0.49277609806917666,3.48,1.251100525638338,3.45,1.2583057392117913,16.52,1.2511005256383378,10.0,0.0,20.0,0.0,2.0,0.0,1.0,0.0,3.13,1.5219272736443836
785.0,785.0,100,2.15,1.1666666666666665,0.1075,0.058333333333333334,0.8925,0.05833333333333334,0.0,0.0,0.0,0.0,9.98,0.14070529413628965,2.13,1.1428742783708175,7.73,1.1794109127060428,0.14,0.49277609806917666,3.48,1.251100525638338,3.45,1.2583057392117913,16.52,1.2511005256383378,10.0,0.0,20.0,0.0,2.0,0.0,1.0,0.0,3.13,1.5219272736443836
786.0,786.0,100,2.15,1.1666666666666665,0.1075,0.058333333333333334,0.8925,0.05833333333333334,0.0,0.0,0.0,0.0,9.98,0.14070529413628965,2.13,1.1428742783708175,7.73,1.1794109127060428,0.14,0.49277609806917666,3.48,1.251100525638338,3.45,1.2583057392117913,16.52,1.2511005256383378,10.0,0.0,20.0,0.0,2.0,0.0,1.0,0.0,3.13,1.5219272736443836
787.0,787.0,100,2.13,1.160416156629016,0.1065,0.05802080783145078,0.8935,0.058020807831450784,0.0,0.0,0.0010000000000000002,0.0070352647068144866,9.98,0.14070529413628965,2.11,1.136137351207186,7.75,1.1752927853573896,0.14,0.49277609806917666,3.46,1.2506160098289174,3.44,1.2578641509408803,16.54,1.2506160098289174,10.0,0.0,20.0,0.0,2.0,0.0,1.0,0.0,3.13,1.5219272736443836
788.0,788.0,100,2.12,1.1571473108424435,0.106,0.057857365542122195,0.894,0.05785736554212219,0.0,0.0,0.0004999999999999999,0.0049999999999999975,9.98,0.14070529413628965,2.1,1.1326200964261064,7.76,1.173099150183656,0.14,0.49277609806917666,3.45,1.2583057392117913,3.42,1.256739407909985,16.55,1.2583057392117922,10.0,0.0,20.0,0.0,2.0,0.0,1.0,0.0,3.13,1.5219272736443836
789.0,789.0,100,2.12,1.1571473108424435,0.106,0.057857365542122195,0.894,0.05785736554212219,0.0,0.0,0.0,0.0,9.98,0.14070529413628965,2.1,1.1326200964261064,7.76,1.173099150183656,0.14,0.49277609806917666,3.45,1.2583057392117913,3.41,1.2479882801832507,16.55,1.2583057392117922,10.0,0.0,20.0,0.0,2.0,0.0,1.0,0.0,3.13,1.5219272736443836
790.0,790.0,100,2.12,1.1571473108424435,0.106,0.057857365542122195,0.894,0.05785736554212219,0.0,0.0,0.0,0.0,9.98,0.14070529413628965,2.1,1.1326200964261064,7.76,1.173099150183656,0.14,0.49277609806917666,3.45,1.2583057392117913,3.39,1.2463684621468658,16.55,1.2583057392117922,10.0,0.0,20.0,0.0,2.0,0.0,1.0,0.0,3.13,1.5219272736443836
791.0,791.0,100,2.11,1.1449934938723891,0.10550000000000001,0.057249674693619454,0.8945000000000001,0.057249674693619454,0.0,0.0,0.0005000000000000001,0.005,9.98,0.14070529413628965,2.09,1.1200198410940967,7.77,1.1621557815568704,0.14,0.49277609806917666,3.44,1.2578641509408803,3.38,1.2535202955329967,16.56,1.25786415094088,10.0,0.0,20.0,0.0,2.0,0.0,1.0,0.0,3.13,1.5219272736443836
792.0,792.0,100,2.09,1.1379140937911285,0.1045,0.05689570468955641,0.8955,0.056895704689556445,0.0,0.0,0.0009999999999999998,0.007035264706814482,9.98,0.14070529413628965,2.07,1.1124184228404108,7.79,1.1572782419508845,0.14,0.49277609806917666,3.42,1.256739407909985,3.36,1.2754084313139327,16.58,1.2567394079099852,10.0,0.0,20.0,0.0,2.0,0.0,1.0,0.0,3.13,1.5219272736443836
793.0,793.0,100,2.08,1.1342242487553535,0.10400000000000001,0.05671121243776768,0.8959999999999999,0.05671121243776769,0.0,0.0,0.0004999999999999999,0.0049999999999999975,9.98,0.14070529413628965,2.06,1.108461487236642,7.8,1.1547005383792515,0.14,0.49277609806917666,3.41,1.2479882801832507,3.35,1.2742595393943,16.59,1.2479882801832505,10.0,0.0,20.0,0.0,2.0,0.0,1.0,0.0,3.13,1.5219272736443836
794.0,794.0,100,2.06,1.144331660618961,0.10300000000000001,0.05721658303094806,0.897,0.05721658303094802,0.0,0.0,0.001,0.007035264706814484,9.98,0.14070529413628965,2.04,1.118440472671251,7.82,1.1580199052736966,0.14,0.49277609806917666,3.39,1.2463684621468658,3.34,1.2888018082739103,16.61,1.2463684621468663,10.0,0.0,20.0,0.0,2.0,0.0,1.0,0.0,3.13,1.5219272736443836
795.0,795.0,100,2.05,1.140396882889922,0.1025,0.05701984414449611,0.8975,0.05701984414449606,0.0,0.0,0.0004999999999999999,0.0049999999999999975,9.98,0.14070529413628965,2.03,1.114232987985525,7.83,1.1551815634108968,0.14,0.49277609806917666,3.38,1.2535202955329967,3.34,1.2888018082739103,16.62,1.253520295532997,10.0,0.0,20.0,0.0,2.0,0.0,1.0,0.0,3.13,1.5219272736443836
796.0,796.0,100,2.04,1.1540005076763058,0.102,0.057700025383815294,0.898,0.05770002538381527,0.0,0.0,0.0005,0.004999999999999998,9.98,0.14070529413628965,2.02,1.1279730636514473,7.83,1.1551815634108968,0.15,0.5,3.36,1.2754084313139327,3.33,1.2796385221908362,16.64,1.2754084313139327,10.0,0.0,20.0,0.0,2.0,0.0,1.0,0.0,3.13,1.5219272736443836
797.0,797.0,100,2.03,1.1586739198433926,0.1015,0.05793369599216965,0.8985,0.05793369599216961,0.0,0.0,0.0005,0.005,9.98,0.14070529413628965,2.01,1.1325755042059107,7.85,1.1752927853573898,0.14,0.49277609806917666,3.36,1.2594691843243433,3.32,1.2861342908660098,16.64,1.259469184324343,10.0,0.0,20.0,0.0,2.0,0.0,1.0,0.0,3.13,1.5219272736443836
798.0,798.0,100,2.02,1.1632417260102537,0.10099999999999999,0.05816208630051266,0.899,0.05816208630051266,0.0,0.0,0.0005,0.004999999999999998,9.98,0.14070529413628965,2.0,1.1370704872299224,7.86,1.1808232019838678,0.14,0.49277609806917666,3.35,1.2742595393942997,3.3,1.2831463854387959,16.65,1.274259539394301,10.0,0.0,20.0,0.0,2.0,0.0,1.0,0.0,3.13,1.5219272736443836
799.0,799.0,100,2.02,1.1632417260102537,0.10099999999999999,0.05816208630051266,0.899,0.05816208630051266,0.0,0.0,0.0,0.0,9.98,0.14070529413628965,2.0,1.1370704872299224,7.86,1.1808232019838678,0.14,0.49277609806917666,3.35,1.2742595393942997,3.3,1.2593087730412214,16.65,1.274259539394301,10.0,0.0,20.0,0.0,2.0,0.0,1.0,0.0,3.13,1.5219272736443836
800.0,800.0,100,2.01,1.1677051654999877,0.1005,0.05838525827499938,0.8995000000000001,0.05838525827499938,0.0,0.0,0.0005,0.005,9.98,0.14070529413628965,1.99,1.1414592822038345,7.87,1.1862426889855704,0.14,0.49277609806917666,3.34,1.2650707649787976,3.29,1.257663377743493,16.66,1.265070764978799,10.0,0.0,20.0,0.0,2.0,0.0,1.0,0.0,3.13,1.5219272736443836
801.0,801.0,100,2.0,1.1720654306553766,0.1,0.058603271532768834,0.9,0.05860327153276885,0.0,0.0,0.0005,0.004999999999999998,9.98,0.14070529413628965,1.98,1.145743109395502,7.88,1.1915527599724571,0.14,0.49277609806917666,3.33,1.2717203809299933,3.28,1.2639524348549502,16.67,1.2717203809299937,10.0,0.0,20.0,0.0,2.0,0.0,1.0,0.0,3.13,1.5219272736443836
802.0,802.0,100,1.98,1.1890068854877898,0.099,0.059450344274389465,0.9009999999999999,0.05945034427438948,0.0,0.0,0.001,0.007035264706814485,9.98,0.14070529413628965,1.96,1.1627205992495322,7.9,1.2018504251546627,0.14,0.49277609806917666,3.31,1.268857754044952,3.28,1.2639524348549502,16.69,1.2688577540449513,10.0,0.0,20.0,0.0,2.0,0.0,1.0,0.0,3.13,1.5219272736443836
803.0,803.0,100,1.98,1.1890068854877898,0.099,0.059450344274389465,0.9009999999999999,0.05945034427438948,0.0,0.0,0.0,0.0,9.98,0.14070529413628965,1.96,1.1627205992495322,7.9,1.2018504251546627,0.14,0.49277609806917666,3.31,1.268857754044952,3.27,1.270130829179547,16.69,1.2688577540449513,10.0,0.0,20.0,0.0,2.0,0.0,1.0,0.0,3.13,1.5219272736443836
804.0,804.0,100,1.97,1.1930353445448854,0.09849999999999999,0.05965176722724426,0.9015000000000001,0.05965176722724427,0.0,0.0,0.0005,0.004999999999999998,9.98,0.14070529413628965,1.95,1.1666666666666663,7.91,1.2068407709655178,0.14,0.49277609806917666,3.3,1.2673044646258478,3.27,1.270130829179547,16.7,1.2673044646258473,10.0,0.0,20.0,0.0,2.0,0.0,1.0,0.0,3.13,1.5219272736443836
805.0,805.0,100,1.96,1.1884970561702088,0.098,0.059424852808510446,0.902,0.059424852808510446,0.0,0.0,0.0004999999999999999,0.0049999999999999975,9.98,0.14070529413628965,1.94,1.1618515352225474,7.92,1.2033622929445678,0.14,0.49277609806917666,3.29,1.2736252243580966,3.26,1.2682605601708383,16.71,1.2736252243580972,10.0,0.0,20.0,0.0,2.0,0.0,1.0,0.0,3.13,1.5219272736443836
806.0,806.0,100,1.96,1.1884970561702088,0.098,0.059424852808510446,0.902,0.059424852808510446,0.0,0.0,0.0,0.0,9.98,0.14070529413628965,1.94,1.1618515352225474,7.92,1.2033622929445678,0.14,0.49277609806917666,3.29,1.2736252243580966,3.26,1.2682605601708383,16.71,1.2736252243580972,10.0,0.0,20.0,0.0,2.0,0.0,1.0,0.0,3.13,1.5219272736443836
807.0,807.0,100,1.95,1.1838560518556096,0.0975,0.05919280259278048,0.9025,0.05919280259278048,0.0,0.0,0.0004999999999999999,0.004999999999999998,9.98,0.14070529413628965,1.93,1.1569290594002937,7.93,1.1997895438346469,0.14,0.49277609806917666,3.28,1.2798358480601324,3.25,1.2583057392117913,16.72,1.2798358480601322,10.0,0.0,20.0,0.0,2.0,0.0,1.0,0.0,3.13,1.5219272736443836
808.0,808.0,100,1.95,1.1838560518556096,0.0975,0.05919280259278048,0.9025,0.05919280259278048,0.0,0.0,0.0,0.0,9.98,0.14070529413628965,1.93,1.1569290594002937,7.93,1.1997895438346469,0.14,0.49277609806917666,3.28,1.2798358480601324,3.25,1.2583057392117913,16.72,1.2798358480601322,10.0,0.0,20.0,0.0,2.0,0.0,1.0,0.0,3.13,1.5219272736443836
809.0,809.0,100,1.93,1.174260996920569,0.0965,0.058713049846028445,0.9035,0.058713049846028445,0.0,0.0,0.001,0.007035264706814484,9.99,0.1,1.92,1.1693043775137106,7.94,1.2045368781855914,0.14,0.49277609806917666,3.26,1.2682605601708383,3.25,1.2583057392117913,16.74,1.2682605601708383,10.0,0.0,20.0,0.0,2.0,0.0,1.0,0.0,3.13,1.5219272736443836
810.0,810.0,100,1.93,1.174260996920569,0.0965,0.058713049846028445,0.9035,0.058713049846028445,0.0,0.0,0.0,0.0,9.99,0.1,1.92,1.1693043775137106,7.94,1.2045368781855914,0.14,0.49277609806917666,3.26,1.2682605601708383,3.25,1.2583057392117913,16.74,1.2682605601708383,10.0,0.0,20.0,0.0,2.0,0.0,1.0,0.0,3.13,1.5219272736443836
811.0,811.0,100,1.92,1.1518978630367742,0.096,0.05759489315183872,0.904,0.0575948931518387,0.0,0.0,0.0004999999999999999,0.0049999999999999975,9.99,0.1,1.91,1.1467565151550285,7.95,1.1838560518556094,0.14,0.49277609806917666,3.25,1.2583057392117913,3.25,1.2583057392117913,16.75,1.2583057392117916,10.0,0.0,20.0,0.0,2.0,0.0,1.0,0.0,3.13,1.5219272736443836
812.0,812.0,100,1.92,1.1518978630367742,0.096,0.05759489315183872,0.904,0.0575948931518387,0.0,0.0,0.0,0.0,9.99,0.1,1.91,1.1467565151550285,7.95,1.1838560518556094,0.14,0.49277609806917666,3.25,1.2583057392117913,3.25,1.2583057392117913,16.75,1.2583057392117916,10.0,0.0,20.0,0.0,2.0,0.0,1.0,0.0,3.13,1.5219272736443836
813.0,813.0,100,1.92,1.1518978630367742,0.096,0.05759489315183872,0.904,0.0575948931518387,0.0,0.0,0.0,0.0,9.99,0.1,1.91,1.1467565151550285,7.95,1.1838560518556094,0.14,0.49277609806917666,3.25,1.2583057392117913,3.23,1.2460442458541603,16.75,1.2583057392117916,10.0,0.0,20.0,0.0,2.0,0.0,1.0,0.0,3.13,1.5219272736443836
814.0,814.0,100,1.92,1.1518978630367742,0.096,0.05759489315183872,0.904,0.0575948931518387,0.0,0.0,0.0,0.0,9.99,0.1,1.91,1.1467565151550285,7.95,1.1838560518556094,0.14,0.49277609806917666,3.25,1.2583057392117913,3.23,1.2460442458541603,16.75,1.2583057392117916,10.0,0.0,20.0,0.0,2.0,0.0,1.0,0.0,3.13,1.5219272736443836
815.0,815.0,100,1.92,1.1518978630367742,0.096,0.05759489315183872,0.904,0.0575948931518387,0.0,0.0,0.0,0.0,9.99,0.1,1.91,1.1467565151550285,7.95,1.1838560518556094,0.14,0.49277609806917666,3.25,1.2583057392117913,3.2,1.239093836379447,16.75,1.2583057392117916,10.0,0.0,20.0,0.0,2.0,0.0,1.0,0.0,3.13,1.5219272736443836
816.0,816.0,100,1.92,1.1518978630367742,0.096,0.05759489315183872,0.904,0.0575948931518387,0.0,0.0,0.0,0.0,9.99,0.1,1.91,1.1467565151550285,7.95,1.1838560518556094,0.14,0.49277609806917666,3.25,1.2583057392117913,3.19,1.228409499714936,16.75,1.2583057392117916,10.0,0.0,20.0,0.0,2.0,0.0,1.0,0.0,3.13,1.5219272736443836
817.0,817.0,100,1.9,1.1326200964261064,0.095,0.05663100482130532,0.905,0.056631004821305314,0.0,0.0,0.001,0.007035264706814485,9.99,0.1,1.89,1.1272116307978999,7.97,1.1673591018736578,0.14,0.49277609806917666,3.23,1.2460442458541603,3.18,1.2175484558834782,16.77,1.2460442458541605,10.0,0.0,20.0,0.0,2.0,0.0,1.0,0.0,3.13,1.5219272736443836
818.0,818.0,100,1.9,1.1326200964261064,0.095,0.05663100482130532,0.905,0.056631004821305314,0.0,0.0,0.0,0.0,9.99,0.1,1.89,1.1272116307978999,7.97,1.1673591018736578,0.14,0.49277609806917666,3.23,1.2460442458541603,3.17,1.2231355632392535,16.77,1.2460442458541605,10.0,0.0,20.0,0.0,2.0,0.0,1.0,0.0,3.13,1.5219272736443836
819.0,819.0,100,1.87,1.1069568805303733,0.0935,0.05534784402651867,0.9065000000000001,0.055347844026518656,0.0,0.0,0.0015000000000000002,0.008572330399888266,9.99,0.1,1.86,1.1011472437985994,8.0,1.145919418253881,0.14,0.49277609806917666,3.2,1.239093836379447,3.16,1.236809188879582,16.8,1.2390938363794475,10.0,0.0,20.0,0.0,2.0,0.0,1.0,0.0,3.13,1.5219272736443836
820.0,820.0,100,1.86,1.1102825193288746,0.09300000000000001,0.05551412596644373,0.907,0.055514125966443714,0.0,0.0,0.0005,0.005,9.99,0.1,1.85,1.1043989178267828,8.01,1.12362148988227,0.14,0.49277609806917666,3.19,1.228409499714936,3.16,1.236809188879582,16.81,1.2284094997149362,10.0,0.0,20.0,0.0,2.0,0.0,1.0,0.0,3.13,1.5219272736443836
821.0,821.0,100,1.85,1.104398917826783,0.0925,0.05521994589133915,0.9075,0.055219945891339155,0.0,0.0,0.0004999999999999999,0.0049999999999999975,9.99,0.1,1.84,1.0983918455927495,8.02,1.1189822215393828,0.14,0.49277609806917666,3.18,1.2175484558834782,3.15,1.2257753678897498,16.82,1.2175484558834793,10.0,0.0,20.0,0.0,2.0,0.0,1.0,0.0,3.13,1.5219272736443836
822.0,822.0,100,1.84,1.0983918455927495,0.09200000000000001,0.05491959227963746,0.9079999999999999,0.05491959227963748,0.0,0.0,0.0004999999999999999,0.004999999999999998,9.99,0.1,1.83,1.0922592654815535,8.03,1.114232987985525,0.14,0.49277609806917666,3.17,1.2231355632392535,3.14,1.2228464888748447,16.83,1.2231355632392538,10.0,0.0,20.0,0.0,2.0,0.0,1.0,0.0,3.13,1.5219272736443836
823.0,823.0,100,1.84,1.0983918455927495,0.09200000000000001,0.05491959227963746,0.9079999999999999,0.05491959227963748,0.0,0.0,0.0,0.0,9.99,0.1,1.83,1.0922592654815535,8.02,1.1189822215393828,0.15,0.5,3.16,1.236809188879582,3.13,1.228080542220997,16.84,1.2368091888795825,10.0,0.0,20.0,0.0,2.0,0.0,1.0,0.0,3.13,1.5219272736443836
824.0,824.0,100,1.84,1.0983918455927495,0.09200000000000001,0.05491959227963746,0.9079999999999999,0.05491959227963748,0.0,0.0,0.0,0.0,9.99,0.1,1.83,1.0922592654815535,8.03,1.114232987985525,0.14,0.49277609806917666,3.17,1.2231355632392535,3.13,1.228080542220997,16.83,1.2231355632392538,10.0,0.0,20.0,0.0,2.0,0.0,1.0,0.0,3.13,1.5219272736443836
825.0,825.0,100,1.83,1.0922592654815533,0.0915,0.05461296327407768,0.9085,0.05461296327407768,0.0,0.0,0.0004999999999999999,0.0049999999999999975,9.99,0.1,1.82,1.0859990512859297,8.04,1.1093723769352972,0.14,0.49277609806917666,3.16,1.2120606045453786,3.13,1.228080542220997,16.84,1.2120606045453781,10.0,0.0,20.0,0.0,2.0,0.0,1.0,0.0,3.13,1.5219272736443836
826.0,826.0,100,1.82,1.0952606811147563,0.091,0.054763034055737826,0.909,0.05476303405573781,0.0,0.0,0.0005,0.004999999999999998,9.99,0.1,1.81,1.0889249633273983,8.05,1.1135075167680681,0.14,0.49277609806917666,3.15,1.2091820425896227,3.14,1.2145581563480257,16.85,1.209182042589622,10.0,0.0,20.0,0.0,2.0,0.0,1.0,0.0,3.13,1.5219272736443836
827.0,827.0,100,1.82,1.0952606811147563,0.091,0.054763034055737826,0.909,0.05476303405573781,0.0,0.0,0.0,0.0,9.99,0.1,1.81,1.0889249633273983,8.05,1.1135075167680681,0.14,0.49277609806917666,3.15,1.2091820425896227,3.13,1.203152424913717,16.85,1.209182042589622,10.0,0.0,20.0,0.0,2.0,0.0,1.0,0.0,3.13,1.5219272736443836
828.0,828.0,100,1.82,1.0952606811147563,0.091,0.054763034055737826,0.909,0.05476303405573781,0.0,0.0,0.0,0.0,9.99,0.1,1.81,1.0889249633273983,8.05,1.1135075167680681,0.14,0.49277609806917666,3.15,1.2091820425896227,3.11,1.2135181344447485,16.85,1.209182042589622,10.0,0.0,20.0,0.0,2.0,0.0,1.0,0.0,3.13,1.5219272736443836
829.0,829.0,100,1.82,1.0952606811147563,0.091,0.054763034055737826,0.909,0.05476303405573781,0.0,0.0,0.0,0.0,9.99,0.1,1.81,1.0889249633273983,8.05,1.1135075167680681,0.14,0.49277609806917666,3.15,1.2091820425896227,3.1,1.2268049987877065,16.85,1.209182042589622,10.0,0.0,20.0,0.0,2.0,0.0,1.0,0.0,3.13,1.5219272736443836
830.0,830.0,100,1.82,1.0952606811147563,0.091,0.054763034055737826,0.909,0.05476303405573781,0.0,0.0,0.0,0.0,9.99,0.1,1.81,1.0889249633273983,8.05,1.1135075167680681,0.14,0.49277609806917666,3.15,1.2091820425896227,3.1,1.2268049987877065,16.85,1.209182042589622,10.0,0.0,20.0,0.0,2.0,0.0,1.0,0.0,3.13,1.5219272736443836
831.0,831.0,100,1.81,1.0889249633273983,0.09050000000000001,0.05444624816636992,0.9095,0.0544462481663699,0.0,0.0,0.0004999999999999999,0.004999999999999998,9.99,0.1,1.8,1.0824588545146516,8.06,1.108461487236642,0.14,0.49277609806917666,3.14,1.197809448429705,3.08,1.1949388218142334,16.86,1.1978094484297053,10.0,0.0,20.0,0.0,2.0,0.0,1.0,0.0,3.13,1.5219272736443836
832.0,832.0,100,1.79,1.0758600036597457,0.08950000000000001,0.05379300018298727,0.9105,0.053793000182987265,0.0,0.0,0.0009999999999999998,0.007035264706814484,9.99,0.1,1.78,1.069125952837318,8.08,1.0980239367411646,0.14,0.49277609806917666,3.12,1.2083881910222478,3.08,1.1949388218142334,16.88,1.2083881910222476,10.0,0.0,20.0,0.0,2.0,0.0,1.0,0.0,3.13,1.5219272736443836
833.0,833.0,100,1.77,1.071720979819775,0.0885,0.05358604899098876,0.9115000000000001,0.05358604899098875,0.0,0.0,0.001,0.007035264706814483,10.0,0.0,1.77,1.071720979819775,8.09,1.101835016706405,0.14,0.49277609806917666,3.1,1.2268049987877065,3.07,1.1913408115618844,16.9,1.2268049987877068,10.0,0.0,20.0,0.0,2.0,0.0,1.0,0.0,3.13,1.5219272736443836
834.0,834.0,100,1.77,1.071720979819775,0.0885,0.05358604899098876,0.9115000000000001,0.05358604899098875,0.0,0.0,0.0,0.0,10.0,0.0,1.77,1.071720979819775,8.09,1.101835016706405,0.14,0.49277609806917666,3.1,1.2268049987877065,3.07,1.1913408115618844,16.9,1.2268049987877068,10.0,0.0,20.0,0.0,2.0,0.0,1.0,0.0,3.13,1.5219272736443836
835.0,835.0,100,1.75,1.085952544678141,0.0875,0.05429762723390703,0.9125,0.054297627233907034,0.0,0.0,0.001,0.007035264706814485,10.0,0.0,1.75,1.085952544678141,8.11,1.1182146665126693,0.14,0.49277609806917666,3.08,1.1949388218142334,3.06,1.1876468542900496,16.92,1.1949388218142334,10.0,0.0,20.0,0.0,2.0,0.0,1.0,0.0,3.13,1.5219272736443836
836.0,836.0,100,1.75,1.085952544678141,0.0875,0.05429762723390703,0.9125,0.054297627233907034,0.0,0.0,0.0,0.0,10.0,0.0,1.75,1.085952544678141,8.11,1.1182146665126693,0.14,0.49277609806917666,3.08,1.1949388218142334,3.05,1.1838560518556094,16.92,1.1949388218142334,10.0,0.0,20.0,0.0,2.0,0.0,1.0,0.0,3.13,1.5219272736443836
837.0,837.0,100,1.74,1.0882290311521856,0.08700000000000001,0.05441145155760927,0.9129999999999999,0.05441145155760927,0.0,0.0,0.0005,0.005000000000000001,10.0,0.0,1.74,1.0882290311521856,8.12,1.121687041104522,0.14,0.49277609806917666,3.07,1.1913408115618844,3.04,1.1969658611369303,16.93,1.1913408115618849,10.0,0.0,20.0,0.0,2.0,0.0,1.0,0.0,3.13,1.5219272736443836
838.0,838.0,100,1.74,1.0882290311521856,0.08700000000000001,0.05441145155760927,0.9129999999999999,0.05441145155760927,0.0,0.0,0.0,0.0,10.0,0.0,1.74,1.0882290311521856,8.12,1.121687041104522,0.14,0.49277609806917666,3.07,1.1913408115618844,3.04,1.1969658611369303,16.93,1.1913408115618849,10.0,0.0,20.0,0.0,2.0,0.0,1.0,0.0,3.13,1.5219272736443836
839.0,839.0,100,1.73,1.071720979819775,0.08650000000000001,0.05358604899098875,0.9135,0.05358604899098876,0.0,0.0,0.0005000000000000001,0.005000000000000002,10.0,0.0,1.73,1.071720979819775,8.13,1.106956880530373,0.14,0.49277609806917666,3.06,1.1876468542900496,3.03,1.2098501451573966,16.94,1.18764685429005,10.0,0.0,20.0,0.0,2.0,0.0,1.0,0.0,3.13,1.5219272736443836
840.0,840.0,100,1.72,1.07383951926315,0.086,0.053691975963157494,0.914,0.05369197596315751,0.0,0.0,0.0005,0.005,10.0,0.0,1.72,1.07383951926315,8.14,1.1102825193288743,0.14,0.49277609806917666,3.05,1.1838560518556094,3.03,1.2098501451573966,16.95,1.1838560518556092,10.0,0.0,20.0,0.0,2.0,0.0,1.0,0.0,3.13,1.5219272736443836
841.0,841.0,100,1.71,1.0758600036597454,0.0855,0.05379300018298727,0.9145,0.05379300018298727,0.0,0.0,0.0005,0.005,10.0,0.0,1.71,1.0758600036597454,8.15,1.1135075167680681,0.14,0.49277609806917666,3.04,1.1969658611369303,3.01,1.210184058127298,16.96,1.1969658611369292,10.0,0.0,20.0,0.0,2.0,0.0,1.0,0.0,3.13,1.5219272736443836
842.0,842.0,100,1.71,1.0758600036597454,0.0855,0.05379300018298727,0.9145,0.05379300018298727,0.0,0.0,0.0,0.0,10.0,0.0,1.71,1.0758600036597454,8.15,1.1135075167680681,0.14,0.49277609806917666,3.04,1.1969658611369303,3.01,1.210184058127298,16.96,1.1969658611369292,10.0,0.0,20.0,0.0,2.0,0.0,1.0,0.0,3.13,1.5219272736443836
843.0,843.0,100,1.7,1.0777829844714388,0.085,0.05388914922357194,0.915,0.05388914922357194,0.0,0.0,0.0005,0.005,10.0,0.0,1.7,1.0777829844714388,8.16,1.1166327448488544,0.14,0.49277609806917666,3.03,1.2098501451573966,3.01,1.210184058127298,16.97,1.209850145157397,10.0,0.0,20.0,0.0,2.0,0.0,1.0,0.0,3.13,1.5219272736443836
844.0,844.0,100,1.7,1.0777829844714388,0.085,0.05388914922357194,0.915,0.05388914922357194,0.0,0.0,0.0,0.0,10.0,0.0,1.7,1.0777829844714388,8.16,1.1166327448488544,0.14,0.49277609806917666,3.03,1.2098501451573966,3.01,1.210184058127298,16.97,1.209850145157397,10.0,0.0,20.0,0.0,2.0,0.0,1.0,0.0,3.13,1.5219272736443836
845.0,845.0,100,1.68,1.090639697377163,0.084,0.054531984868858144,0.9159999999999999,0.05453198486885813,0.0,0.0,0.001,0.007035264706814485,10.0,0.0,1.68,1.090639697377163,8.18,1.1315493981280889,0.14,0.49277609806917666,3.01,1.210184058127298,3.01,1.210184058127298,16.99,1.210184058127298,10.0,0.0,20.0,0.0,2.0,0.0,1.0,0.0,3.13,1.5219272736443836
846.0,846.0,100,1.68,1.090639697377163,0.084,0.054531984868858144,0.9159999999999999,0.05453198486885813,0.0,0.0,0.0,0.0,10.0,0.0,1.68,1.090639697377163,8.18,1.1315493981280889,0.14,0.49277609806917666,3.01,1.210184058127298,3.01,1.210184058127298,16.99,1.210184058127298,10.0,0.0,20.0,0.0,2.0,0.0,1.0,0.0,3.13,1.5219272736443836
847.0,847.0,100,1.68,1.090639697377163,0.084,0.054531984868858144,0.9159999999999999,0.05453198486885813,0.0,0.0,0.0,0.0,10.0,0.0,1.68,1.090639697377163,8.18,1.1315493981280889,0.14,0.49277609806917666,3.01,1.210184058127298,3.01,1.210184058127298,16.99,1.210184058127298,10.0,0.0,20.0,0.0,2.0,0.0,1.0,0.0,3.13,1.5219272736443836
848.0,848.0,100,1.68,1.090639697377163,0.084,0.054531984868858144,0.9159999999999999,0.05453198486885813,0.0,0.0,0.0,0.0,10.0,0.0,1.68,1.090639697377163,8.18,1.1315493981280889,0.14,0.49277609806917666,3.01,1.210184058127298,3.01,1.210184058127298,16.99,1.210184058127298,10.0,0.0,20.0,0.0,2.0,0.0,1.0,0.0,3.13,1.5219272736443836
849.0,849.0,100,1.68,1.090639697377163,0.084,0.054531984868858144,0.9159999999999999,0.05453198486885813,0.0,0.0,0.0,0.0,10.0,0.0,1.68,1.090639697377163,8.18,1.1315493981280889,0.14,0.49277609806917666,3.01,1.210184058127298,3.0,1.2060453783110545,16.99,1.210184058127298,10.0,0.0,20.0,0.0,2.0,0.0,1.0,0.0,3.13,1.5219272736443836
850.0,850.0,100,1.68,1.090639697377163,0.084,0.054531984868858144,0.9159999999999999,0.05453198486885813,0.0,0.0,0.0,0.0,10.0,0.0,1.68,1.090639697377163,8.18,1.1315493981280889,0.14,0.49277609806917666,3.01,1.210184058127298,3.0,1.2060453783110545,16.99,1.210184058127298,10.0,0.0,20.0,0.0,2.0,0.0,1.0,0.0,3.13,1.5219272736443836
851.0,851.0,100,1.68,1.090639697377163,0.084,0.054531984868858144,0.9159999999999999,0.05453198486885813,0.0,0.0,0.0,0.0,10.0,0.0,1.68,1.090639697377163,8.18,1.1315493981280889,0.14,0.49277609806917666,3.01,1.210184058127298,2.99,1.1933739624029904,16.99,1.210184058127298,10.0,0.0,20.0,0.0,2.0,0.0,1.0,0.0,3.13,1.5219272736443836
852.0,852.0,100,1.68,1.090639697377163,0.084,0.054531984868858144,0.9159999999999999,0.05453198486885813,0.0,0.0,0.0,0.0,10.0,0.0,1.68,1.090639697377163,8.18,1.1315493981280889,0.14,0.49277609806917666,3.01,1.210184058127298,2.98,1.1974720848267797,16.99,1.210184058127298,10.0,0.0,20.0,0.0,2.0,0.0,1.0,0.0,3.13,1.5219272736443836
853.0,853.0,100,1.67,1.092259265481554,0.08349999999999999,0.05461296327407769,0.9165000000000001,0.054612963274077664,0.0,0.0,0.0005,0.005,10.0,0.0,1.67,1.092259265481554,8.19,1.1254179919326226,0.14,0.49277609806917666,3.0,1.2060453783110545,2.98,1.1974720848267797,17.0,1.206045378311055,10.0,0.0,20.0,0.0,2.0,0.0,1.0,0.0,3.13,1.5219272736443836
854.0,854.0,100,1.67,1.092259265481554,0.08349999999999999,0.05461296327407769,0.9165000000000001,0.054612963274077664,0.0,0.0,0.0,0.0,10.0,0.0,1.67,1.092259265481554,8.19,1.1254179919326226,0.14,0.49277609806917666,3.0,1.2060453783110545,2.98,1.1974720848267797,17.0,1.206045378311055,10.0,0.0,20.0,0.0,2.0,0.0,1.0,0.0,3.13,1.5219272736443836
855.0,855.0,100,1.66,1.0845098506521809,0.083,0.05422549253260905,0.917,0.05422549253260902,0.0,0.0,0.0004999999999999999,0.004999999999999998,10.0,0.0,1.66,1.0845098506521809,8.2,1.119162746219357,0.14,0.49277609806917666,2.99,1.1933739624029904,2.98,1.1974720848267797,17.01,1.1933739624029913,10.0,0.0,20.0,0.0,2.0,0.0,1.0,0.0,3.13,1.5219272736443836
856.0,856.0,100,1.65,1.0952145677879515,0.0825,0.054760728389397585,0.9175,0.054760728389397564,0.0,0.0,0.0005,0.004999999999999998,10.0,0.0,1.65,1.0952145677879515,8.21,1.121822110891405,0.14,0.49277609806917666,2.98,1.1974720848267797,2.98,1.1974720848267797,17.02,1.1974720848267792,10.0,0.0,20.0,0.0,2.0,0.0,1.0,0.0,3.13,1.5219272736443836
857.0,857.0,100,1.65,1.0952145677879515,0.0825,0.054760728389397585,0.9175,0.054760728389397564,0.0,0.0,0.0,0.0,10.0,0.0,1.65,1.0952145677879515,8.21,1.121822110891405,0.14,0.49277609806917666,2.98,1.1974720848267797,2.98,1.1974720848267797,17.02,1.1974720848267792,10.0,0.0,20.0,0.0,2.0,0.0,1.0,0.0,3.13,1.5219272736443836
858.0,858.0,100,1.65,1.0952145677879515,0.0825,0.054760728389397585,0.9175,0.054760728389397564,0.0,0.0,0.0,0.0,10.0,0.0,1.65,1.0952145677879515,8.21,1.121822110891405,0.14,0.49277609806917666,2.98,1.1974720848267797,2.98,1.1974720848267797,17.02,1.1974720848267792,10.0,0.0,20.0,0.0,2.0,0.0,1.0,0.0,3.13,1.5219272736443836
859.0,859.0,100,1.65,1.0952145677879515,0.0825,0.054760728389397585,0.9175,0.054760728389397564,0.0,0.0,0.0,0.0,10.0,0.0,1.65,1.0952145677879515,8.21,1.121822110891405,0.14,0.49277609806917666,2.98,1.1974720848267797,2.98,1.1974720848267797,17.02,1.1974720848267792,10.0,0.0,20.0,0.0,2.0,0.0,1.0,0.0,3.13,1.5219272736443836
860.0,860.0,100,1.65,1.0952145677879515,0.0825,0.054760728389397585,0.9175,0.054760728389397564,0.0,0.0,0.0,0.0,10.0,0.0,1.65,1.0952145677879515,8.21,1.121822110891405,0.14,0.49277609806917666,2.98,1.1974720848267797,2.98,1.1974720848267797,17.02,1.1974720848267792,10.0,0.0,20.0,0.0,2.0,0.0,1.0,0.0,3.13,1.5219272736443836
861.0,861.0,100,1.65,1.0952145677879515,0.0825,0.054760728389397585,0.9175,0.054760728389397564,0.0,0.0,0.0,0.0,10.0,0.0,1.65,1.0952145677879515,8.21,1.121822110891405,0.14,0.49277609806917666,2.98,1.1974720848267797,2.98,1.1974720848267797,17.02,1.1974720848267792,10.0,0.0,20.0,0.0,2.0,0.0,1.0,0.0,3.13,1.5219272736443836
862.0,862.0,100,1.65,1.0952145677879515,0.0825,0.054760728389397585,0.9175,0.054760728389397564,0.0,0.0,0.0,0.0,10.0,0.0,1.65,1.0952145677879515,8.21,1.121822110891405,0.14,0.49277609806917666,2.98,1.1974720848267797,2.98,1.1974720848267797,17.02,1.1974720848267792,10.0,0.0,20.0,0.0,2.0,0.0,1.0,0.0,3.13,1.5219272736443836
863.0,863.0,100,1.65,1.0952145677879515,0.0825,0.054760728389397585,0.9175,0.054760728389397564,0.0,0.0,0.0,0.0,10.0,0.0,1.65,1.0952145677879515,8.21,1.121822110891405,0.14,0.49277609806917666,2.98,1.1974720848267797,2.98,1.1974720848267797,17.02,1.1974720848267792,10.0,0.0,20.0,0.0,2.0,0.0,1.0,0.0,3.13,1.5219272736443836
864.0,864.0,100,1.65,1.0952145677879515,0.0825,0.054760728389397585,0.9175,0.054760728389397564,0.0,0.0,0.0,0.0,10.0,0.0,1.65,1.0952145677879515,8.21,1.121822110891405,0.14,0.49277609806917666,2.98,1.1974720848267797,2.96,1.2137262101196105,17.02,1.1974720848267792,10.0,0.0,20.0,0.0,2.0,0.0,1.0,0.0,3.13,1.5219272736443836
865.0,865.0,100,1.65,1.0952145677879515,0.0825,0.054760728389397585,0.9175,0.054760728389397564,0.0,0.0,0.0,0.0,10.0,0.0,1.65,1.0952145677879515,8.21,1.121822110891405,0.14,0.49277609806917666,2.98,1.1974720848267797,2.96,1.2137262101196105,17.02,1.1974720848267792,10.0,0.0,20.0,0.0,2.0,0.0,1.0,0.0,3.13,1.5219272736443836
866.0,866.0,100,1.65,1.0952145677879515,0.0825,0.054760728389397585,0.9175,0.054760728389397564,0.0,0.0,0.0,0.0,10.0,0.0,1.65,1.0952145677879515,8.21,1.121822110891405,0.14,0.49277609806917666,2.98,1.1974720848267797,2.96,1.2137262101196105,17.02,1.1974720848267792,10.0,0.0,20.0,0.0,2.0,0.0,1.0,0.0,3.13,1.5219272736443836
867.0,867.0,100,1.65,1.0952145677879515,0.0825,0.054760728389397585,0.9175,0.054760728389397564,0.0,0.0,0.0,0.0,10.0,0.0,1.65,1.0952145677879515,8.21,1.121822110891405,0.14,0.49277609806917666,2.98,1.1974720848267797,2.95,1.2091820425896227,17.02,1.1974720848267792,10.0,0.0,20.0,0.0,2.0,0.0,1.0,0.0,3.13,1.5219272736443836
868.0,868.0,100,1.63,1.1069568805303733,0.0815,0.055347844026518656,0.9185,0.055347844026518614,0.0,0.0,0.001,0.007035264706814485,10.0,0.0,1.63,1.1069568805303733,8.23,1.1268531314230703,0.14,0.49277609806917666,2.96,1.2137262101196105,2.95,1.2091820425896227,17.04,1.2137262101196107,10.0,0.0,20.0,0.0,2.0,0.0,1.0,0.0,3.13,1.5219272736443836
869.0,869.0,100,1.63,1.1069568805303733,0.0815,0.055347844026518656,0.9185,0.055347844026518614,0.0,0.0,0.0,0.0,10.0,0.0,1.63,1.1069568805303733,8.23,1.1268531314230703,0.14,0.49277609806917666,2.96,1.2137262101196105,2.94,1.22119332266154,17.04,1.2137262101196107,10.0,0.0,20.0,0.0,2.0,0.0,1.0,0.0,3.13,1.5219272736443836
870.0,870.0,100,1.63,1.1069568805303733,0.0815,0.055347844026518656,0.9185,0.055347844026518614,0.0,0.0,0.0,0.0,10.0,0.0,1.63,1.1069568805303733,8.23,1.1268531314230703,0.14,0.49277609806917666,2.96,1.2137262101196105,2.93,1.2247861078984403,17.04,1.2137262101196107,10.0,0.0,20.0,0.0,2.0,0.0,1.0,0.0,3.13,1.5219272736443836
871.0,871.0,100,1.62,1.0897131491703436,0.081,0.05448565745851717,0.919,0.054485657458517155,0.0,0.0,0.0005000000000000001,0.005000000000000001,10.0,0.0,1.62,1.0897131491703436,8.24,1.111191916253657,0.14,0.49277609806917666,2.95,1.2091820425896227,2.92,1.2282861509790253,17.05,1.2091820425896225,10.0,0.0,20.0,0.0,2.0,0.0,1.0,0.0,3.13,1.5219272736443836
872.0,872.0,100,1.62,1.0897131491703436,0.081,0.05448565745851717,0.919,0.054485657458517155,0.0,0.0,0.0,0.0,10.0,0.0,1.62,1.0897131491703436,8.24,1.111191916253657,0.14,0.49277609806917666,2.95,1.2091820425896227,2.93,1.2247861078984406,17.05,1.2091820425896225,10.0,0.0,20.0,0.0,2.0,0.0,1.0,0.0,3.13,1.5219272736443836
873.0,873.0,100,1.61,1.0999999999999999,0.0805,0.054999999999999986,0.9195,0.05499999999999998,0.0,0.0,0.0005,0.005,10.0,0.0,1.61,1.0999999999999999,8.25,1.1225422086055428,0.14,0.49277609806917666,2.94,1.22119332266154,2.93,1.2247861078984406,17.06,1.2211933226615395,10.0,0.0,20.0,0.0,2.0,0.0,1.0,0.0,3.13,1.5219272736443836
874.0,874.0,100,1.61,1.0999999999999999,0.0805,0.054999999999999986,0.9195,0.05499999999999998,0.0,0.0,0.0,0.0,10.0,0.0,1.61,1.0999999999999999,8.25,1.1225422086055428,0.14,0.49277609806917666,2.94,1.22119332266154,2.91,1.2316942425255981,17.06,1.2211933226615395,10.0,0.0,20.0,0.0,2.0,0.0,1.0,0.0,3.13,1.5219272736443836
875.0,875.0,100,1.6,1.0917505172516253,0.08,0.05458752586258127,0.92,0.05458752586258126,0.0,0.0,0.0004999999999999999,0.004999999999999998,10.0,0.0,1.6,1.0917505172516253,8.26,1.115727782592369,0.14,0.49277609806917666,2.93,1.2247861078984406,2.89,1.262473122026122,17.07,1.22478610789844,10.0,0.0,20.0,0.0,2.0,0.0,1.0,0.0,3.13,1.5219272736443836
876.0,876.0,100,1.6,1.0917505172516253,0.08,0.05458752586258127,0.92,0.05458752586258126,0.0,0.0,0.0,0.0,10.0,0.0,1.6,1.0917505172516253,8.26,1.115727782592369,0.14,0.49277609806917666,2.93,1.2247861078984406,2.89,1.262473122026122,17.07,1.22478610789844,10.0,0.0,20.0,0.0,2.0,0.0,1.0,0.0,3.13,1.5219272736443836
877.0,877.0,100,1.6,1.0917505172516253,0.08,0.05458752586258127,0.92,0.05458752586258126,0.0,0.0,0.0,0.0,10.0,0.0,1.6,1.0917505172516253,8.26,1.115727782592369,0.14,0.49277609806917666,2.93,1.2247861078984406,2.89,1.262473122026122,17.07,1.22478610789844,10.0,0.0,20.0,0.0,2.0,0.0,1.0,0.0,3.13,1.5219272736443836
878.0,878.0,100,1.58,1.0934146311237816,0.079,0.054670731556189074,0.9209999999999999,0.05467073155618909,0.0,0.0,0.001,0.007035264706814486,10.0,0.0,1.58,1.0934146311237816,8.28,1.1198845539346516,0.14,0.49277609806917666,2.91,1.2316942425255981,2.87,1.2444218973426413,17.09,1.2316942425255981,10.0,0.0,20.0,0.0,2.0,0.0,1.0,0.0,3.13,1.5219272736443836
879.0,879.0,100,1.57,1.0941072648834331,0.0785,0.05470536324417166,0.9215000000000001,0.05470536324417163,0.0,0.0,0.0005,0.004999999999999998,10.0,0.0,1.57,1.0941072648834331,8.28,1.1198845539346516,0.15,0.5,2.89,1.262473122026122,2.87,1.2444218973426413,17.11,1.2624731220261225,10.0,0.0,20.0,0.0,2.0,0.0,1.0,0.0,3.13,1.5219272736443836
880.0,880.0,100,1.57,1.0941072648834331,0.0785,0.05470536324417166,0.9215000000000001,0.05470536324417163,0.0,0.0,0.0,0.0,10.0,0.0,1.57,1.0941072648834331,8.29,1.121822110891405,0.14,0.49277609806917666,2.9,1.243163121016122,2.87,1.2444218973426413,17.1,1.2431631210161223,10.0,0.0,20.0,0.0,2.0,0.0,1.0,0.0,3.13,1.5219272736443836
881.0,881.0,100,1.57,1.0941072648834331,0.0785,0.05470536324417166,0.9215000000000001,0.05470536324417163,0.0,0.0,0.0,0.0,10.0,0.0,1.57,1.0941072648834331,8.29,1.121822110891405,0.14,0.49277609806917666,2.9,1.243163121016122,2.84,1.228615053421921,17.1,1.2431631210161223,10.0,0.0,20.0,0.0,2.0,0.0,1.0,0.0,3.13,1.5219272736443836
882.0,882.0,100,1.55,1.0671873729054748,0.0775,0.053359368645273735,0.9225,0.053359368645273714,0.0,0.0,0.001,0.007035264706814485,10.0,0.0,1.55,1.0671873729054748,8.31,1.0981619170047723,0.14,0.49277609806917666,2.88,1.2249922696107356,2.85,1.2091820425896227,17.12,1.2249922696107356,10.0,0.0,20.0,0.0,2.0,0.0,1.0,0.0,3.13,1.5219272736443836
883.0,883.0,100,1.55,1.0671873729054748,0.0775,0.053359368645273735,0.9225,0.053359368645273714,0.0,0.0,0.0,0.0,10.0,0.0,1.55,1.0671873729054748,8.31,1.0981619170047723,0.14,0.49277609806917666,2.88,1.2249922696107356,2.85,1.2091820425896227,17.12,1.2249922696107356,10.0,0.0,20.0,0.0,2.0,0.0,1.0,0.0,3.13,1.5219272736443836
884.0,884.0,100,1.55,1.0671873729054748,0.0775,0.053359368645273735,0.9225,0.053359368645273714,0.0,0.0,0.0,0.0,10.0,0.0,1.55,1.0671873729054748,8.31,1.0981619170047723,0.14,0.49277609806917666,2.88,1.2249922696107356,2.84,1.2203658997583182,17.12,1.2249922696107356,10.0,0.0,20.0,0.0,2.0,0.0,1.0,0.0,3.13,1.5219272736443836
885.0,885.0,100,1.52,1.0586822378825864,0.07600000000000001,0.052934111894129304,0.924,0.05293411189412929,0.0,0.0,0.0014999999999999996,0.008572330399888263,10.0,0.0,1.52,1.0586822378825864,8.34,1.0937840903778207,0.14,0.49277609806917666,2.85,1.2091820425896227,2.82,1.2258165697306682,17.15,1.2091820425896231,10.0,0.0,20.0,0.0,2.0,0.0,1.0,0.0,3.13,1.5219272736443836
886.0,886.0,100,1.52,1.0586822378825864,0.07600000000000001,0.052934111894129304,0.924,0.05293411189412929,0.0,0.0,0.0,0.0,10.0,0.0,1.52,1.0586822378825864,8.34,1.0937840903778207,0.14,0.49277609806917666,2.85,1.2091820425896227,2.82,1.2258165697306682,17.15,1.2091820425896231,10.0,0.0,20.0,0.0,2.0,0.0,1.0,0.0,3.13,1.5219272736443836
887.0,887.0,100,1.52,1.0586822378825864,0.07600000000000001,0.052934111894129304,0.924,0.05293411189412929,0.0,0.0,0.0,0.0,10.0,0.0,1.52,1.0586822378825864,8.34,1.0937840903778207,0.14,0.49277609806917666,2.85,1.2091820425896227,2.82,1.2258165697306682,17.15,1.2091820425896231,10.0,0.0,20.0,0.0,2.0,0.0,1.0,0.0,3.13,1.5219272736443836
888.0,888.0,100,1.51,1.0588253449512395,0.0755,0.052941267247561964,0.9245,0.05294126724756195,0.0,0.0,0.0005,0.004999999999999998,10.0,0.0,1.51,1.0588253449512395,8.35,1.0952145677879512,0.14,0.49277609806917666,2.84,1.2203658997583182,2.82,1.2258165697306682,17.16,1.2203658997583184,10.0,0.0,20.0,0.0,2.0,0.0,1.0,0.0,3.13,1.5219272736443836
889.0,889.0,100,1.48,1.0490977364412055,0.07400000000000001,0.05245488682206026,0.9259999999999999,0.052454886822060266,0.0,0.0,0.0015000000000000002,0.011135075167680688,10.0,0.0,1.48,1.0490977364412055,8.38,1.0897131491703436,0.14,0.49277609806917666,2.82,1.2258165697306682,2.82,1.2258165697306682,17.18,1.2258165697306687,10.0,0.0,20.0,0.0,2.0,0.0,1.0,0.0,3.13,1.5219272736443836
890.0,890.0,100,1.48,1.0490977364412055,0.07400000000000001,0.05245488682206026,0.9259999999999999,0.052454886822060266,0.0,0.0,0.0,0.0,10.0,0.0,1.48,1.0490977364412055,8.38,1.0897131491703436,0.14,0.49277609806917666,2.82,1.2258165697306682,2.82,1.2258165697306682,17.18,1.2258165697306687,10.0,0.0,20.0,0.0,2.0,0.0,1.0,0.0,3.13,1.5219272736443836
891.0,891.0,100,1.48,1.0490977364412055,0.07400000000000001,0.05245488682206026,0.9259999999999999,0.052454886822060266,0.0,0.0,0.0,0.0,10.0,0.0,1.48,1.0490977364412055,8.38,1.0897131491703436,0.14,0.49277609806917666,2.82,1.2258165697306682,2.82,1.2258165697306682,17.18,1.2258165697306687,10.0,0.0,20.0,0.0,2.0,0.0,1.0,0.0,3.13,1.5219272736443836
892.0,892.0,100,1.48,1.0490977364412055,0.07400000000000001,0.05245488682206026,0.9259999999999999,0.052454886822060266,0.0,0.0,0.0,0.0,10.0,0.0,1.48,1.0490977364412055,8.38,1.0897131491703436,0.14,0.49277609806917666,2.82,1.2258165697306682,2.82,1.2258165697306682,17.18,1.2258165697306687,10.0,0.0,20.0,0.0,2.0,0.0,1.0,0.0,3.13,1.5219272736443836
893.0,893.0,100,1.48,1.0490977364412055,0.07400000000000001,0.05245488682206026,0.9259999999999999,0.052454886822060266,0.0,0.0,0.0,0.0,10.0,0.0,1.48,1.0490977364412055,8.38,1.0897131491703436,0.14,0.49277609806917666,2.82,1.2258165697306682,2.82,1.2258165697306682,17.18,1.2258165697306687,10.0,0.0,20.0,0.0,2.0,0.0,1.0,0.0,3.13,1.5219272736443836
894.0,894.0,100,1.48,1.0490977364412055,0.07400000000000001,0.05245488682206026,0.9259999999999999,0.052454886822060266,0.0,0.0,0.0,0.0,10.0,0.0,1.48,1.0490977364412055,8.38,1.0897131491703436,0.14,0.49277609806917666,2.82,1.2258165697306682,2.82,1.2258165697306682,17.18,1.2258165697306687,10.0,0.0,20.0,0.0,2.0,0.0,1.0,0.0,3.13,1.5219272736443836
895.0,895.0,100,1.48,1.0490977364412055,0.07400000000000001,0.05245488682206026,0.9259999999999999,0.052454886822060266,0.0,0.0,0.0,0.0,10.0,0.0,1.48,1.0490977364412055,8.38,1.0897131491703436,0.14,0.49277609806917666,2.82,1.2258165697306682,2.81,1.2447465362048367,17.18,1.2258165697306687,10.0,0.0,20.0,0.0,2.0,0.0,1.0,0.0,3.13,1.5219272736443836
896.0,896.0,100,1.48,1.0490977364412055,0.07400000000000001,0.05245488682206026,0.9259999999999999,0.052454886822060266,0.0,0.0,0.0,0.0,10.0,0.0,1.48,1.0490977364412055,8.38,1.0897131491703436,0.14,0.49277609806917666,2.82,1.2258165697306682,2.79,1.2496059985111914,17.18,1.2258165697306687,10.0,0.0,20.0,0.0,2.0,0.0,1.0,0.0,3.13,1.5219272736443836
897.0,897.0,100,1.48,1.0490977364412055,0.07400000000000001,0.05245488682206026,0.9259999999999999,0.052454886822060266,0.0,0.0,0.0,0.0,10.0,0.0,1.48,1.0490977364412055,8.38,1.0897131491703436,0.14,0.49277609806917666,2.82,1.2258165697306682,2.78,1.2274635093014645,17.18,1.2258165697306687,10.0,0.0,20.0,0.0,2.0,0.0,1.0,0.0,3.13,1.5219272736443836
898.0,898.0,100,1.48,1.0490977364412055,0.07400000000000001,0.05245488682206026,0.9259999999999999,0.052454886822060266,0.0,0.0,0.0,0.0,10.0,0.0,1.48,1.0490977364412055,8.38,1.0897131491703436,0.14,0.49277609806917666,2.82,1.2258165697306682,2.78,1.2274635093014645,17.18,1.2258165697306687,10.0,0.0,20.0,0.0,2.0,0.0,1.0,0.0,3.13,1.5219272736443836
899.0,899.0,100,1.47,1.0584436831041275,0.07350000000000001,0.052922184155206387,0.9265000000000001,0.05292218415520636,0.0,0.0,0.0005,0.004999999999999998,10.0,0.0,1.47,1.0584436831041275,8.39,1.1,0.14,0.49277609806917666,2.81,1.2447465362048367,2.78,1.2274635093014645,17.19,1.2447465362048367,10.0,0.0,20.0,0.0,2.0,0.0,1.0,0.0,3.13,1.5219272736443836
900.0,900.0,100,1.45,1.03840398125336,0.0725,0.051920199062668,0.9275,0.05192019906266797,0.0,0.0,0.0010000000000000002,0.007035264706814486,10.0,0.0,1.45,1.03840398125336,8.41,1.0833449882822939,0.14,0.49277609806917666,2.79,1.2496059985111914,2.78,1.2274635093014645,17.21,1.2496059985111911,10.0,0.0,20.0,0.0,2.0,0.0,1.0,0.0,3.13,1.5219272736443836
901.0,901.0,100,1.44,1.0182178925788314,0.07200000000000001,0.05091089462894157,0.9279999999999999,0.05091089462894156,0.0,0.0,0.0005000000000000001,0.005000000000000002,10.0,0.0,1.44,1.0182178925788314,8.42,1.0653400841747647,0.14,0.49277609806917666,2.78,1.2274635093014645,2.76,1.2236722344540378,17.22,1.2274635093014648,10.0,0.0,20.0,0.0,2.0,0.0,1.0,0.0,3.13,1.5219272736443836
902.0,902.0,100,1.44,1.0182178925788314,0.07200000000000001,0.05091089462894157,0.9279999999999999,0.05091089462894156,0.0,0.0,0.0,0.0,10.0,0.0,1.44,1.0182178925788314,8.42,1.0653400841747647,0.14,0.49277609806917666,2.78,1.2274635093014645,2.73,1.2131851391350712,17.22,1.2274635093014648,10.0,0.0,20.0,0.0,2.0,0.0,1.0,0.0,3.13,1.5219272736443836
903.0,903.0,100,1.44,1.0182178925788314,0.07200000000000001,0.05091089462894157,0.9279999999999999,0.05091089462894156,0.0,0.0,0.0,0.0,10.0,0.0,1.44,1.0182178925788314,8.42,1.0653400841747647,0.14,0.49277609806917666,2.78,1.2274635093014645,2.72,1.2315712227750684,17.22,1.2274635093014648,10.0,0.0,20.0,0.0,2.0,0.0,1.0,0.0,3.13,1.5219272736443836
904.0,904.0,100,1.44,1.0182178925788314,0.07200000000000001,0.05091089462894157,0.9279999999999999,0.05091089462894156,0.0,0.0,0.0,0.0,10.0,0.0,1.44,1.0182178925788314,8.42,1.0653400841747647,0.14,0.49277609806917666,2.78,1.2274635093014645,2.71,1.2333333333333334,17.22,1.2274635093014648,10.0,0.0,20.0,0.0,2.0,0.0,1.0,0.0,3.13,1.5219272736443836
905.0,905.0,100,1.42,1.0068452580895308,0.07100000000000001,0.05034226290447653,0.929,0.05034226290447653,0.0,0.0,0.001,0.007035264706814484,10.0,0.0,1.42,1.0068452580895308,8.44,1.0571545570898127,0.14,0.49277609806917666,2.76,1.2236722344540378,2.7,1.2268049987877068,17.24,1.2236722344540372,10.0,0.0,20.0,0.0,2.0,0.0,1.0,0.0,3.13,1.5219272736443836
906.0,906.0,100,1.39,0.9938701010583718,0.0695,0.04969350505291858,0.9305,0.04969350505291858,0.0,0.0,0.0014999999999999996,0.008572330399888263,10.0,0.0,1.39,0.9938701010583718,8.47,1.0488570017409473,0.14,0.49277609806917666,2.73,1.2131851391350712,2.69,1.2284094997149357,17.27,1.2131851391350714,10.0,0.0,20.0,0.0,2.0,0.0,1.0,0.0,3.13,1.5219272736443836
907.0,907.0,100,1.38,1.0028242945085475,0.069,0.05014121472542736,0.9309999999999999,0.05014121472542734,0.0,0.0,0.0005,0.004999999999999999,10.0,0.0,1.38,1.0028242945085475,8.48,1.058682237882586,0.14,0.49277609806917666,2.72,1.2315712227750684,2.69,1.2284094997149357,17.28,1.2315712227750681,10.0,0.0,20.0,0.0,2.0,0.0,1.0,0.0,3.13,1.5219272736443836
908.0,908.0,100,1.37,0.9914279060674523,0.0685,0.04957139530337261,0.9315000000000001,0.04957139530337259,0.0,0.0,0.0004999999999999999,0.004999999999999998,10.0,0.0,1.37,0.9914279060674523,8.49,1.0492421507493352,0.14,0.49277609806917666,2.71,1.2333333333333334,2.69,1.2284094997149357,17.29,1.2333333333333336,10.0,0.0,20.0,0.0,2.0,0.0,1.0,0.0,3.13,1.5219272736443836
909.0,909.0,100,1.36,0.9900515240137859,0.068,0.0495025762006893,0.932,0.049502576200689284,0.0,0.0,0.0005,0.005,10.0,0.0,1.36,0.9900515240137859,8.5,1.0492902844351988,0.14,0.49277609806917666,2.7,1.2268049987877068,2.69,1.2284094997149357,17.3,1.2268049987877072,10.0,0.0,20.0,0.0,2.0,0.0,1.0,0.0,3.13,1.5219272736443836
910.0,910.0,100,1.35,0.9987365756167879,0.0675,0.04993682878083937,0.9325,0.049936828780839375,0.0,0.0,0.0005,0.005,10.0,0.0,1.35,0.9987365756167879,8.51,1.058825344951239,0.14,0.49277609806917666,2.69,1.2284094997149357,2.68,1.2299297836572916,17.31,1.2284094997149357,10.0,0.0,20.0,0.0,2.0,0.0,1.0,0.0,3.13,1.5219272736443836
911.0,911.0,100,1.35,0.9987365756167879,0.0675,0.04993682878083937,0.9325,0.049936828780839375,0.0,0.0,0.0,0.0,10.0,0.0,1.35,0.9987365756167879,8.51,1.058825344951239,0.14,0.49277609806917666,2.69,1.2284094997149357,2.68,1.2299297836572916,17.31,1.2284094997149357,10.0,0.0,20.0,0.0,2.0,0.0,1.0,0.0,3.13,1.5219272736443836
912.0,912.0,100,1.35,0.9987365756167879,0.0675,0.04993682878083937,0.9325,0.049936828780839375,0.0,0.0,0.0,0.0,10.0,0.0,1.35,0.9987365756167879,8.51,1.058825344951239,0.14,0.49277609806917666,2.69,1.2284094997149357,2.67,1.2231355632392533,17.31,1.2284094997149357,10.0,0.0,20.0,0.0,2.0,0.0,1.0,0.0,3.13,1.5219272736443836
913.0,913.0,100,1.35,0.9987365756167879,0.0675,0.04993682878083937,0.9325,0.049936828780839375,0.0,0.0,0.0,0.0,10.0,0.0,1.35,0.9987365756167879,8.51,1.058825344951239,0.14,0.49277609806917666,2.69,1.2284094997149357,2.67,1.2231355632392533,17.31,1.2284094997149357,10.0,0.0,20.0,0.0,2.0,0.0,1.0,0.0,3.13,1.5219272736443836
914.0,914.0,100,1.34,1.007246471597421,0.067,0.05036232357987105,0.9329999999999999,0.05036232357987104,0.0,0.0,0.0005,0.004999999999999998,10.0,0.0,1.34,1.007246471597421,8.52,1.0681807436057351,0.14,0.49277609806917666,2.68,1.2299297836572916,2.66,1.2327189296818477,17.32,1.229929783657292,10.0,0.0,20.0,0.0,2.0,0.0,1.0,0.0,3.13,1.5219272736443836
915.0,915.0,100,1.34,1.007246471597421,0.067,0.05036232357987105,0.9329999999999999,0.05036232357987104,0.0,0.0,0.0,0.0,10.0,0.0,1.34,1.007246471597421,8.52,1.0681807436057351,0.14,0.49277609806917666,2.68,1.2299297836572916,2.65,1.2339883600452934,17.32,1.229929783657292,10.0,0.0,20.0,0.0,2.0,0.0,1.0,0.0,3.13,1.5219272736443836
916.0,916.0,100,1.33,0.9852959356498332,0.0665,0.04926479678249167,0.9335,0.04926479678249167,0.0,0.0,0.0005000000000000001,0.005,10.0,0.0,1.33,0.9852959356498332,8.53,1.0488570017409478,0.14,0.49277609806917666,2.67,1.2231355632392533,2.64,1.2187093686570747,17.33,1.2231355632392529,10.0,0.0,20.0,0.0,2.0,0.0,1.0,0.0,3.13,1.5219272736443836
917.0,917.0,100,1.33,0.9852959356498332,0.0665,0.04926479678249167,0.9335,0.04926479678249167,0.0,0.0,0.0,0.0,10.0,0.0,1.33,0.9852959356498332,8.53,1.0488570017409478,0.14,0.49277609806917666,2.67,1.2231355632392533,2.64,1.2187093686570747,17.33,1.2231355632392529,10.0,0.0,20.0,0.0,2.0,0.0,1.0,0.0,3.13,1.5219272736443836
918.0,918.0,100,1.32,0.9835002426398923,0.066,0.04917501213199461,0.934,0.04917501213199462,0.0,0.0,0.0005,0.004999999999999998,10.0,0.0,1.32,0.9835002426398923,8.54,1.048519880304584,0.14,0.49277609806917666,2.66,1.2327189296818477,2.64,1.2187093686570747,17.34,1.2327189296818475,10.0,0.0,20.0,0.0,2.0,0.0,1.0,0.0,3.13,1.5219272736443836
919.0,919.0,100,1.31,0.991835356164204,0.0655,0.049591767808210216,0.9345,0.04959176780821021,0.0,0.0,0.0005,0.004999999999999998,10.0,0.0,1.31,0.991835356164204,8.55,1.0576799462440747,0.14,0.49277609806917666,2.65,1.2339883600452934,2.64,1.2187093686570747,17.35,1.2339883600452934,10.0,0.0,20.0,0.0,2.0,0.0,1.0,0.0,3.13,1.5219272736443836
920.0,920.0,100,1.3,0.9999999999999998,0.065,0.05000000000000001,0.935,0.05,0.0,0.0,0.0005,0.005,10.0,0.0,1.3,0.9999999999999998,8.56,1.0666666666666669,0.14,0.49277609806917666,2.64,1.2187093686570747,2.64,1.2187093686570747,17.36,1.2187093686570747,10.0,0.0,20.0,0.0,2.0,0.0,1.0,0.0,3.13,1.5219272736443836
921.0,921.0,100,1.3,0.9999999999999998,0.065,0.05000000000000001,0.935,0.05,0.0,0.0,0.0,0.0,10.0,0.0,1.3,0.9999999999999998,8.56,1.0666666666666669,0.14,0.49277609806917666,2.64,1.2187093686570747,2.62,1.2208624207932077,17.36,1.2187093686570747,10.0,0.0,20.0,0.0,2.0,0.0,1.0,0.0,3.13,1.5219272736443836
922.0,922.0,100,1.3,0.9999999999999998,0.065,0.05000000000000001,0.935,0.05,0.0,0.0,0.0,0.0,10.0,0.0,1.3,0.9999999999999998,8.56,1.0666666666666669,0.14,0.49277609806917666,2.64,1.2187093686570747,2.62,1.2208624207932077,17.36,1.2187093686570747,10.0,0.0,20.0,0.0,2.0,0.0,1.0,0.0,3.13,1.5219272736443836
923.0,923.0,100,1.3,0.9999999999999998,0.065,0.05000000000000001,0.935,0.05,0.0,0.0,0.0,0.0,10.0,0.0,1.3,0.9999999999999998,8.56,1.0666666666666669,0.14,0.49277609806917666,2.64,1.2187093686570747,2.61,1.2300529675710323,17.36,1.2187093686570747,10.0,0.0,20.0,0.0,2.0,0.0,1.0,0.0,3.13,1.5219272736443836
924.0,924.0,100,1.3,0.9999999999999998,0.065,0.05000000000000001,0.935,0.05,0.0,0.0,0.0,0.0,10.0,0.0,1.3,0.9999999999999998,8.56,1.0666666666666669,0.14,0.49277609806917666,2.64,1.2187093686570747,2.6,1.2309149097933272,17.36,1.2187093686570747,10.0,0.0,20.0,0.0,2.0,0.0,1.0,0.0,3.13,1.5219272736443836
925.0,925.0,100,1.28,0.9752492558885194,0.064,0.048762462794425976,0.9359999999999999,0.048762462794425976,0.0,0.0,0.0009999999999999998,0.007035264706814482,10.0,0.0,1.28,0.9752492558885194,8.58,1.0462052640593311,0.14,0.49277609806917666,2.62,1.2208624207932077,2.6,1.2309149097933272,17.38,1.220862420793208,10.0,0.0,20.0,0.0,2.0,0.0,1.0,0.0,3.13,1.5219272736443836
926.0,926.0,100,1.28,0.9752492558885194,0.064,0.048762462794425976,0.9359999999999999,0.048762462794425976,0.0,0.0,0.0,0.0,10.0,0.0,1.28,0.9752492558885194,8.58,1.0462052640593311,0.14,0.49277609806917666,2.62,1.2208624207932077,2.59,1.2398680281678074,17.38,1.220862420793208,10.0,0.0,20.0,0.0,2.0,0.0,1.0,0.0,3.13,1.5219272736443836
927.0,927.0,100,1.27,0.9729160583347654,0.0635,0.048645802916738264,0.9365000000000001,0.04864580291673827,0.0,0.0,0.0005,0.005,10.0,0.0,1.27,0.9729160583347654,8.59,1.0453842751965823,0.14,0.49277609806917666,2.61,1.2300529675710323,2.59,1.2398680281678074,17.39,1.2300529675710328,10.0,0.0,20.0,0.0,2.0,0.0,1.0,0.0,3.13,1.5219272736443836
928.0,928.0,100,1.27,0.9729160583347654,0.0635,0.048645802916738264,0.9365000000000001,0.04864580291673827,0.0,0.0,0.0,0.0,10.0,0.0,1.27,0.9729160583347654,8.59,1.0453842751965823,0.14,0.49277609806917666,2.61,1.2300529675710323,2.59,1.2398680281678074,17.39,1.2300529675710328,10.0,0.0,20.0,0.0,2.0,0.0,1.0,0.0,3.13,1.5219272736443836
929.0,929.0,100,1.26,0.9600084174715142,0.063,0.048000420873575714,0.937,0.04800042087357572,0.0,0.0,0.0004999999999999999,0.004999999999999998,10.0,0.0,1.26,0.9600084174715142,8.6,1.0347497623614472,0.14,0.49277609806917666,2.6,1.2309149097933272,2.58,1.2486760665568626,17.4,1.2309149097933285,10.0,0.0,20.0,0.0,2.0,0.0,1.0,0.0,3.13,1.5219272736443836
930.0,930.0,100,1.25,0.9574271077563382,0.0625,0.0478713553878169,0.9375,0.0478713553878169,0.0,0.0,0.0005,0.004999999999999998,10.0,0.0,1.25,0.9574271077563382,8.61,1.033724266226666,0.14,0.49277609806917666,2.59,1.2398680281678074,2.59,1.2398680281678074,17.41,1.239868028167807,10.0,0.0,20.0,0.0,2.0,0.0,1.0,0.0,3.13,1.5219272736443836
931.0,931.0,100,1.25,0.9574271077563382,0.0625,0.0478713553878169,0.9375,0.0478713553878169,0.0,0.0,0.0,0.0,10.0,0.0,1.25,0.9574271077563382,8.61,1.033724266226666,0.14,0.49277609806917666,2.59,1.2398680281678074,2.59,1.2398680281678074,17.41,1.239868028167807,10.0,0.0,20.0,0.0,2.0,0.0,1.0,0.0,3.13,1.5219272736443836
932.0,932.0,100,1.25,0.9574271077563382,0.0625,0.0478713553878169,0.9375,0.0478713553878169,0.0,0.0,0.0,0.0,10.0,0.0,1.25,0.9574271077563382,8.61,1.033724266226666,0.14,0.49277609806917666,2.59,1.2398680281678074,2.59,1.2398680281678074,17.41,1.239868028167807,10.0,0.0,20.0,0.0,2.0,0.0,1.0,0.0,3.13,1.5219272736443836
933.0,933.0,100,1.25,0.9574271077563382,0.0625,0.0478713553878169,0.9375,0.0478713553878169,0.0,0.0,0.0,0.0,10.0,0.0,1.25,0.9574271077563382,8.61,1.033724266226666,0.14,0.49277609806917666,2.59,1.2398680281678074,2.59,1.2398680281678074,17.41,1.239868028167807,10.0,0.0,20.0,0.0,2.0,0.0,1.0,0.0,3.13,1.5219272736443836
934.0,934.0,100,1.25,0.9574271077563382,0.0625,0.0478713553878169,0.9375,0.0478713553878169,0.0,0.0,0.0,0.0,10.0,0.0,1.25,0.9574271077563382,8.61,1.033724266226666,0.14,0.49277609806917666,2.59,1.2398680281678074,2.59,1.2398680281678074,17.41,1.239868028167807,10.0,0.0,20.0,0.0,2.0,0.0,1.0,0.0,3.13,1.5219272736443836
935.0,935.0,100,1.25,0.9574271077563382,0.0625,0.0478713553878169,0.9375,0.0478713553878169,0.0,0.0,0.0,0.0,10.0,0.0,1.25,0.9574271077563382,8.61,1.033724266226666,0.14,0.49277609806917666,2.59,1.2398680281678074,2.59,1.2398680281678074,17.41,1.239868028167807,10.0,0.0,20.0,0.0,2.0,0.0,1.0,0.0,3.13,1.5219272736443836
936.0,936.0,100,1.25,0.9574271077563382,0.0625,0.0478713553878169,0.9375,0.0478713553878169,0.0,0.0,0.0,0.0,10.0,0.0,1.25,0.9574271077563382,8.61,1.033724266226666,0.14,0.49277609806917666,2.59,1.2398680281678074,2.58,1.232391122488262,17.41,1.239868028167807,10.0,0.0,20.0,0.0,2.0,0.0,1.0,0.0,3.13,1.5219272736443836
937.0,937.0,100,1.25,0.9574271077563382,0.0625,0.0478713553878169,0.9375,0.0478713553878169,0.0,0.0,0.0,0.0,10.0,0.0,1.25,0.9574271077563382,8.61,1.033724266226666,0.14,0.49277609806917666,2.59,1.2398680281678074,2.58,1.232391122488262,17.41,1.239868028167807,10.0,0.0,20.0,0.0,2.0,0.0,1.0,0.0,3.13,1.5219272736443836
938.0,938.0,100,1.25,0.9574271077563382,0.0625,0.0478713553878169,0.9375,0.0478713553878169,0.0,0.0,0.0,0.0,10.0,0.0,1.25,0.9574271077563382,8.61,1.033724266226666,0.14,0.49277609806917666,2.59,1.2398680281678074,2.56,1.2498080660726278,17.41,1.239868028167807,10.0,0.0,20.0,0.0,2.0,0.0,1.0,0.0,3.13,1.5219272736443836
939.0,939.0,100,1.25,0.9574271077563382,0.0625,0.0478713553878169,0.9375,0.0478713553878169,0.0,0.0,0.0,0.0,10.0,0.0,1.25,0.9574271077563382,8.61,1.033724266226666,0.14,0.49277609806917666,2.59,1.2398680281678074,2.56,1.2498080660726278,17.41,1.239868028167807,10.0,0.0,20.0,0.0,2.0,0.0,1.0,0.0,3.13,1.5219272736443836
940.0,940.0,100,1.24,0.954733026303768,0.062,0.0477366513151884,0.938,0.04773665131518841,0.0,0.0,0.0005,0.004999999999999998,10.0,0.0,1.24,0.954733026303768,8.62,1.0325999352424087,0.14,0.49277609806917666,2.58,1.232391122488262,2.56,1.2498080660726278,17.42,1.2323911224882618,10.0,0.0,20.0,0.0,2.0,0.0,1.0,0.0,3.13,1.5219272736443836
941.0,941.0,100,1.24,0.954733026303768,0.062,0.0477366513151884,0.938,0.04773665131518841,0.0,0.0,0.0,0.0,10.0,0.0,1.24,0.954733026303768,8.62,1.0325999352424087,0.14,0.49277609806917666,2.58,1.232391122488262,2.56,1.2498080660726278,17.42,1.2323911224882618,10.0,0.0,20.0,0.0,2.0,0.0,1.0,0.0,3.13,1.5219272736443836
942.0,942.0,100,1.22,0.9490026662797426,0.061000000000000006,0.04745013331398712,0.9390000000000001,0.04745013331398713,0.0,0.0,0.001,0.007035264706814485,10.0,0.0,1.22,0.9490026662797426,8.64,1.0300534457056592,0.14,0.49277609806917666,2.56,1.2498080660726278,2.55,1.2502524997500757,17.44,1.2498080660726287,10.0,0.0,20.0,0.0,2.0,0.0,1.0,0.0,3.13,1.5219272736443836
943.0,943.0,100,1.22,0.9490026662797426,0.061000000000000006,0.04745013331398712,0.9390000000000001,0.04745013331398713,0.0,0.0,0.0,0.0,10.0,0.0,1.22,0.9490026662797426,8.64,1.0300534457056592,0.14,0.49277609806917666,2.56,1.2498080660726278,2.53,1.2427974310182068,17.44,1.2498080660726287,10.0,0.0,20.0,0.0,2.0,0.0,1.0,0.0,3.13,1.5219272736443836
944.0,944.0,100,1.22,0.9490026662797426,0.061000000000000006,0.04745013331398712,0.9390000000000001,0.04745013331398713,0.0,0.0,0.0,0.0,10.0,0.0,1.22,0.9490026662797426,8.64,1.0300534457056592,0.14,0.49277609806917666,2.56,1.2498080660726278,2.52,1.2266403159225057,17.44,1.2498080660726287,10.0,0.0,20.0,0.0,2.0,0.0,1.0,0.0,3.13,1.5219272736443836
945.0,945.0,100,1.22,0.9490026662797426,0.061000000000000006,0.04745013331398712,0.9390000000000001,0.04745013331398713,0.0,0.0,0.0,0.0,10.0,0.0,1.22,0.9490026662797426,8.64,1.0300534457056592,0.14,0.49277609806917666,2.56,1.2498080660726278,2.51,1.243122494106488,17.44,1.2498080660726287,10.0,0.0,20.0,0.0,2.0,0.0,1.0,0.0,3.13,1.5219272736443836
946.0,946.0,100,1.21,0.9352253550061954,0.0605,0.046761267750309775,0.9395,0.04676126775030976,0.0,0.0,0.0004999999999999999,0.0049999999999999975,10.0,0.0,1.21,0.9352253550061954,8.65,1.0187633620614691,0.14,0.49277609806917666,2.55,1.2502524997500757,2.51,1.243122494106488,17.45,1.250252499750076,10.0,0.0,20.0,0.0,2.0,0.0,1.0,0.0,3.13,1.5219272736443836
947.0,947.0,100,1.19,0.928722376453401,0.059500000000000004,0.04643611882267004,0.9405,0.04643611882267005,0.0,0.0,0.001,0.007035264706814485,10.0,0.0,1.19,0.928722376453401,8.67,0.9852959356498332,0.14,0.49277609806917666,2.53,1.2427974310182068,2.5,1.243163121016122,17.47,1.2427974310182064,10.0,0.0,20.0,0.0,2.0,0.0,1.0,0.0,3.13,1.5219272736443836
948.0,948.0,100,1.18,0.9143082609052571,0.059000000000000004,0.04571541304526286,0.941,0.04571541304526286,0.0,0.0,0.0004999999999999999,0.004999999999999998,10.0,0.0,1.18,0.9143082609052571,8.68,0.9731755787475899,0.14,0.49277609806917666,2.52,1.2266403159225057,2.49,1.251221625274897,17.48,1.2266403159225059,10.0,0.0,20.0,0.0,2.0,0.0,1.0,0.0,3.13,1.5219272736443836
949.0,949.0,100,1.17,0.9217352980091192,0.0585,0.04608676490045595,0.9415,0.04608676490045594,0.0,0.0,0.0005,0.004999999999999999,10.0,0.0,1.17,0.9217352980091192,8.69,0.9815983667138783,0.14,0.49277609806917666,2.51,1.243122494106488,2.49,1.251221625274897,17.49,1.2431224941064876,10.0,0.0,20.0,0.0,2.0,0.0,1.0,0.0,3.13,1.5219272736443836
950.0,950.0,100,1.17,0.9217352980091192,0.0585,0.04608676490045595,0.9415,0.04608676490045594,0.0,0.0,0.0,0.0,10.0,0.0,1.17,0.9217352980091192,8.69,0.9815983667138783,0.14,0.49277609806917666,2.51,1.243122494106488,2.49,1.251221625274897,17.49,1.2431224941064876,10.0,0.0,20.0,0.0,2.0,0.0,1.0,0.0,3.13,1.5219272736443836
951.0,951.0,100,1.16,0.9069874655287482,0.057999999999999996,0.04534937327643741,0.9420000000000001,0.04534937327643742,0.0,0.0,0.0004999999999999999,0.004999999999999998,10.0,0.0,1.16,0.9069874655287482,8.7,0.9692233691951198,0.14,0.49277609806917666,2.5,1.243163121016122,2.49,1.251221625274897,17.5,1.2431631210161225,10.0,0.0,20.0,0.0,2.0,0.0,1.0,0.0,3.13,1.5219272736443836
952.0,952.0,100,1.15,0.9031370691409835,0.0575,0.04515685345704918,0.9425,0.04515685345704918,0.0,0.0,0.0005,0.004999999999999999,10.0,0.0,1.15,0.9031370691409835,8.71,0.9670845491747475,0.14,0.49277609806917666,2.49,1.251221625274897,2.49,1.251221625274897,17.51,1.2512216252748964,10.0,0.0,20.0,0.0,2.0,0.0,1.0,0.0,3.13,1.5219272736443836
953.0,953.0,100,1.15,0.9031370691409835,0.0575,0.04515685345704918,0.9425,0.04515685345704918,0.0,0.0,0.0,0.0,10.0,0.0,1.15,0.9031370691409835,8.71,0.9670845491747475,0.14,0.49277609806917666,2.49,1.251221625274897,2.49,1.251221625274897,17.51,1.2512216252748964,10.0,0.0,20.0,0.0,2.0,0.0,1.0,0.0,3.13,1.5219272736443836
954.0,954.0,100,1.15,0.9031370691409835,0.0575,0.04515685345704918,0.9425,0.04515685345704918,0.0,0.0,0.0,0.0,10.0,0.0,1.15,0.9031370691409835,8.71,0.9670845491747475,0.14,0.49277609806917666,2.49,1.251221625274897,2.49,1.251221625274897,17.51,1.2512216252748964,10.0,0.0,20.0,0.0,2.0,0.0,1.0,0.0,3.13,1.5219272736443836
955.0,955.0,100,1.15,0.9031370691409835,0.0575,0.04515685345704918,0.9425,0.04515685345704918,0.0,0.0,0.0,0.0,10.0,0.0,1.15,0.9031370691409835,8.71,0.9670845491747475,0.14,0.49277609806917666,2.49,1.251221625274897,2.49,1.251221625274897,17.51,1.2512216252748964,10.0,0.0,20.0,0.0,2.0,0.0,1.0,0.0,3.13,1.5219272736443836
956.0,956.0,100,1.15,0.9031370691409835,0.0575,0.04515685345704918,0.9425,0.04515685345704918,0.0,0.0,0.0,0.0,10.0,0.0,1.15,0.9031370691409835,8.71,0.9670845491747475,0.14,0.49277609806917666,2.49,1.251221625274897,2.49,1.251221625274897,17.51,1.2512216252748964,10.0,0.0,20.0,0.0,2.0,0.0,1.0,0.0,3.13,1.5219272736443836
957.0,957.0,100,1.15,0.9031370691409835,0.0575,0.04515685345704918,0.9425,0.04515685345704918,0.0,0.0,0.0,0.0,10.0,0.0,1.15,0.9031370691409835,8.71,0.9670845491747475,0.14,0.49277609806917666,2.49,1.251221625274897,2.49,1.251221625274897,17.51,1.2512216252748964,10.0,0.0,20.0,0.0,2.0,0.0,1.0,0.0,3.13,1.5219272736443836
958.0,958.0,100,1.15,0.9031370691409835,0.0575,0.04515685345704918,0.9425,0.04515685345704918,0.0,0.0,0.0,0.0,10.0,0.0,1.15,0.9031370691409835,8.71,0.9670845491747475,0.14,0.49277609806917666,2.49,1.251221625274897,2.48,1.251100525638338,17.51,1.2512216252748964,10.0,0.0,20.0,0.0,2.0,0.0,1.0,0.0,3.13,1.5219272736443836
959.0,959.0,100,1.15,0.9031370691409835,0.0575,0.04515685345704918,0.9425,0.04515685345704918,0.0,0.0,0.0,0.0,10.0,0.0,1.15,0.9031370691409835,8.71,0.9670845491747475,0.14,0.49277609806917666,2.49,1.251221625274897,2.47,1.266945742781243,17.51,1.2512216252748964,10.0,0.0,20.0,0.0,2.0,0.0,1.0,0.0,3.13,1.5219272736443836
960.0,960.0,100,1.15,0.9031370691409835,0.0575,0.04515685345704918,0.9425,0.04515685345704918,0.0,0.0,0.0,0.0,10.0,0.0,1.15,0.9031370691409835,8.71,0.9670845491747475,0.14,0.49277609806917666,2.49,1.251221625274897,2.46,1.2746162028808767,17.51,1.2512216252748964,10.0,0.0,20.0,0.0,2.0,0.0,1.0,0.0,3.13,1.5219272736443836
961.0,961.0,100,1.15,0.9031370691409835,0.0575,0.04515685345704918,0.9425,0.04515685345704918,0.0,0.0,0.0,0.0,10.0,0.0,1.15,0.9031370691409835,8.71,0.9670845491747475,0.14,0.49277609806917666,2.49,1.251221625274897,2.46,1.2746162028808767,17.51,1.2512216252748964,10.0,0.0,20.0,0.0,2.0,0.0,1.0,0.0,3.13,1.5219272736443836
962.0,962.0,100,1.14,0.9103223982122315,0.057,0.04551611991061157,0.943,0.04551611991061157,0.0,0.0,0.0005,0.005,10.0,0.0,1.14,0.9103223982122315,8.72,0.9752492558885194,0.14,0.49277609806917666,2.48,1.251100525638338,2.44,1.2578641509408808,17.52,1.2511005256383383,10.0,0.0,20.0,0.0,2.0,0.0,1.0,0.0,3.13,1.5219272736443836
963.0,963.0,100,1.13,0.9173413495069062,0.0565,0.045867067475345295,0.9434999999999999,0.04586706747534528,0.0,0.0,0.0005,0.005,10.0,0.0,1.13,0.9173413495069062,8.73,0.9832434473555755,0.14,0.49277609806917666,2.47,1.266945742781243,2.43,1.2573420739437182,17.53,1.2669457427812425,10.0,0.0,20.0,0.0,2.0,0.0,1.0,0.0,3.13,1.5219272736443836
964.0,964.0,100,1.12,0.9132028219072658,0.05600000000000001,0.04566014109536331,0.9440000000000001,0.0456601410953633,0.0,0.0,0.0005,0.005,10.0,0.0,1.12,0.9132028219072658,8.74,0.9808262853432311,0.14,0.49277609806917666,2.46,1.2746162028808767,2.43,1.2573420739437182,17.54,1.2746162028808765,10.0,0.0,20.0,0.0,2.0,0.0,1.0,0.0,3.13,1.5219272736443836
965.0,965.0,100,1.12,0.9132028219072658,0.05600000000000001,0.04566014109536331,0.9440000000000001,0.0456601410953633,0.0,0.0,0.0,0.0,10.0,0.0,1.12,0.9132028219072658,8.74,0.9808262853432311,0.14,0.49277609806917666,2.46,1.2746162028808767,2.43,1.2573420739437182,17.54,1.2746162028808765,10.0,0.0,20.0,0.0,2.0,0.0,1.0,0.0,3.13,1.5219272736443836
966.0,966.0,100,1.1,0.9045340337332908,0.055,0.04522670168666454,0.945,0.04522670168666453,0.0,0.0,0.001,0.007035264706814485,10.0,0.0,1.1,0.9045340337332908,8.76,0.9756634624291263,0.14,0.49277609806917666,2.44,1.2578641509408808,2.43,1.2573420739437182,17.56,1.2578641509408797,10.0,0.0,20.0,0.0,2.0,0.0,1.0,0.0,3.13,1.5219272736443836
967.0,967.0,100,1.09,0.8887057892227211,0.0545,0.04443528946113605,0.9455,0.04443528946113605,0.0,0.0,0.0004999999999999999,0.0049999999999999975,10.0,0.0,1.09,0.8887057892227211,8.77,0.9624778627914703,0.14,0.49277609806917666,2.43,1.2573420739437182,2.42,1.2647513429903756,17.57,1.257342073943718,10.0,0.0,20.0,0.0,2.0,0.0,1.0,0.0,3.13,1.5219272736443836
968.0,968.0,100,1.09,0.8887057892227211,0.0545,0.04443528946113605,0.9455,0.04443528946113605,0.0,0.0,0.0,0.0,10.0,0.0,1.09,0.8887057892227211,8.77,0.9624778627914703,0.14,0.49277609806917666,2.43,1.2573420739437182,2.43,1.2573420739437182,17.57,1.257342073943718,10.0,0.0,20.0,0.0,2.0,0.0,1.0,0.0,3.13,1.5219272736443836
969.0,969.0,100,1.09,0.8887057892227211,0.0545,0.04443528946113605,0.9455,0.04443528946113605,0.0,0.0,0.0,0.0,10.0,0.0,1.09,0.8887057892227211,8.77,0.9624778627914703,0.14,0.49277609806917666,2.43,1.2573420739437182,2.43,1.2573420739437182,17.57,1.257342073943718,10.0,0.0,20.0,0.0,2.0,0.0,1.0,0.0,3.13,1.5219272736443836
970.0,970.0,100,1.09,0.8887057892227211,0.0545,0.04443528946113605,0.9455,0.04443528946113605,0.0,0.0,0.0,0.0,10.0,0.0,1.09,0.8887057892227211,8.77,0.9624778627914703,0.14,0.49277609806917666,2.43,1.2573420739437182,2.43,1.2573420739437182,17.57,1.257342073943718,10.0,0.0,20.0,0.0,2.0,0.0,1.0,0.0,3.13,1.5219272736443836
971.0,971.0,100,1.09,0.8887057892227211,0.0545,0.04443528946113605,0.9455,0.04443528946113605,0.0,0.0,0.0,0.0,10.0,0.0,1.09,0.8887057892227211,8.77,0.9624778627914703,0.14,0.49277609806917666,2.43,1.2573420739437182,2.42,1.2486760665568626,17.57,1.257342073943718,10.0,0.0,20.0,0.0,2.0,0.0,1.0,0.0,3.13,1.5219272736443836
972.0,972.0,100,1.09,0.8887057892227211,0.0545,0.04443528946113605,0.9455,0.04443528946113605,0.0,0.0,0.0,0.0,10.0,0.0,1.09,0.8887057892227211,8.77,0.9624778627914703,0.14,0.49277609806917666,2.43,1.2573420739437182,2.41,1.2479882801832503,17.57,1.257342073943718,10.0,0.0,20.0,0.0,2.0,0.0,1.0,0.0,3.13,1.5219272736443836
973.0,973.0,100,1.09,0.8887057892227211,0.0545,0.04443528946113605,0.9455,0.04443528946113605,0.0,0.0,0.0,0.0,10.0,0.0,1.09,0.8887057892227211,8.77,0.9624778627914703,0.14,0.49277609806917666,2.43,1.2573420739437182,2.38,1.2615526748872408,17.57,1.257342073943718,10.0,0.0,20.0,0.0,2.0,0.0,1.0,0.0,3.13,1.5219272736443836
974.0,974.0,100,1.09,0.8887057892227211,0.0545,0.04443528946113605,0.9455,0.04443528946113605,0.0,0.0,0.0,0.0,10.0,0.0,1.09,0.8887057892227211,8.77,0.9624778627914703,0.14,0.49277609806917666,2.43,1.2573420739437182,2.38,1.2615526748872408,17.57,1.257342073943718,10.0,0.0,20.0,0.0,2.0,0.0,1.0,0.0,3.13,1.5219272736443836
975.0,975.0,100,1.08,0.8839763240122108,0.054000000000000006,0.04419881620061055,0.946,0.04419881620061055,0.0,0.0,0.0005,0.005,10.0,0.0,1.08,0.8839763240122108,8.78,0.9595874534444898,0.14,0.49277609806917666,2.42,1.2486760665568626,2.37,1.2605514265550215,17.58,1.2486760665568633,10.0,0.0,20.0,0.0,2.0,0.0,1.0,0.0,3.13,1.5219272736443836
976.0,976.0,100,1.07,0.8675403521602107,0.053500000000000006,0.043377017608010535,0.9465,0.04337701760801053,0.0,0.0,0.0004999999999999999,0.004999999999999998,10.0,0.0,1.07,0.8675403521602107,8.79,0.9459643147859674,0.14,0.49277609806917666,2.41,1.2479882801832503,2.37,1.2605514265550215,17.59,1.2479882801832503,10.0,0.0,20.0,0.0,2.0,0.0,1.0,0.0,3.13,1.5219272736443836
977.0,977.0,100,1.04,0.8399134154509887,0.052000000000000005,0.04199567077254945,0.948,0.04199567077254945,0.0,0.0,0.0015,0.008572330399888266,10.0,0.0,1.04,0.8399134154509887,8.82,0.9252900173251714,0.14,0.49277609806917666,2.38,1.2615526748872408,2.35,1.2502524997500757,17.62,1.2615526748872403,10.0,0.0,20.0,0.0,2.0,0.0,1.0,0.0,3.13,1.5219272736443836
978.0,978.0,100,1.04,0.8399134154509887,0.052000000000000005,0.04199567077254945,0.948,0.04199567077254945,0.0,0.0,0.0,0.0,10.0,0.0,1.04,0.8399134154509887,8.82,0.9252900173251714,0.14,0.49277609806917666,2.38,1.2615526748872408,2.35,1.2502524997500757,17.62,1.2615526748872403,10.0,0.0,20.0,0.0,2.0,0.0,1.0,0.0,3.13,1.5219272736443836
979.0,979.0,100,1.03,0.8221061889187952,0.051500000000000004,0.041105309445939764,0.9484999999999999,0.04110530944593977,0.0,0.0,0.0004999999999999999,0.004999999999999998,10.0,0.0,1.03,0.8221061889187952,8.83,0.910710678203533,0.14,0.49277609806917666,2.37,1.2605514265550215,2.34,1.265070764978798,17.63,1.260551426555021,10.0,0.0,20.0,0.0,2.0,0.0,1.0,0.0,3.13,1.5219272736443836
980.0,980.0,100,1.03,0.8221061889187952,0.051500000000000004,0.041105309445939764,0.9484999999999999,0.04110530944593977,0.0,0.0,0.0,0.0,10.0,0.0,1.03,0.8221061889187952,8.83,0.910710678203533,0.14,0.49277609806917666,2.37,1.2605514265550215,2.34,1.265070764978798,17.63,1.260551426555021,10.0,0.0,20.0,0.0,2.0,0.0,1.0,0.0,3.13,1.5219272736443836
981.0,981.0,100,1.01,0.7976607212735414,0.050499999999999996,0.03988303606367707,0.9495,0.039883036063677074,0.0,0.0,0.001,0.007035264706814483,10.0,0.0,1.01,0.7976607212735414,8.85,0.8918825850158444,0.14,0.49277609806917666,2.35,1.2502524997500757,2.34,1.265070764978798,17.65,1.2502524997500761,10.0,0.0,20.0,0.0,2.0,0.0,1.0,0.0,3.13,1.5219272736443836
982.0,982.0,100,1.01,0.7976607212735414,0.050499999999999996,0.03988303606367707,0.9495,0.039883036063677074,0.0,0.0,0.0,0.0,10.0,0.0,1.01,0.7976607212735414,8.85,0.8918825850158444,0.14,0.49277609806917666,2.35,1.2502524997500757,2.31,1.2608719125263994,17.65,1.2502524997500761,10.0,0.0,20.0,0.0,2.0,0.0,1.0,0.0,3.13,1.5219272736443836
983.0,983.0,100,1.0,0.8040302522073698,0.05,0.040201512610368494,0.95,0.040201512610368494,0.0,0.0,0.0005,0.005,10.0,0.0,1.0,0.8040302522073698,8.86,0.8991578551538366,0.14,0.49277609806917666,2.34,1.265070764978798,2.31,1.2608719125263994,17.66,1.2650707649787987,10.0,0.0,20.0,0.0,2.0,0.0,1.0,0.0,3.13,1.5219272736443836
984.0,984.0,100,1.0,0.8040302522073698,0.05,0.040201512610368494,0.95,0.040201512610368494,0.0,0.0,0.0,0.0,10.0,0.0,1.0,0.8040302522073698,8.86,0.8991578551538366,0.14,0.49277609806917666,2.34,1.265070764978798,2.31,1.2608719125263994,17.66,1.2650707649787987,10.0,0.0,20.0,0.0,2.0,0.0,1.0,0.0,3.13,1.5219272736443836
985.0,985.0,100,1.0,0.8040302522073698,0.05,0.040201512610368494,0.95,0.040201512610368494,0.0,0.0,0.0,0.0,10.0,0.0,1.0,0.8040302522073698,8.86,0.8991578551538366,0.14,0.49277609806917666,2.34,1.265070764978798,2.3,1.2593087730412214,17.66,1.2650707649787987,10.0,0.0,20.0,0.0,2.0,0.0,1.0,0.0,3.13,1.5219272736443836
986.0,986.0,100,0.97,0.7971540286886503,0.04850000000000001,0.03985770143443253,0.9515,0.03985770143443252,0.0,0.0,0.0015000000000000002,0.008572330399888264,10.0,0.0,0.97,0.7971540286886503,8.89,0.8977525248973658,0.14,0.49277609806917666,2.31,1.2608719125263994,2.3,1.2593087730412214,17.69,1.260871912526399,10.0,0.0,20.0,0.0,2.0,0.0,1.0,0.0,3.13,1.5219272736443836
987.0,987.0,100,0.97,0.7971540286886503,0.04850000000000001,0.03985770143443253,0.9515,0.03985770143443252,0.0,0.0,0.0,0.0,10.0,0.0,0.97,0.7971540286886503,8.89,0.8977525248973658,0.14,0.49277609806917666,2.31,1.2608719125263994,2.29,1.2414963275471786,17.69,1.260871912526399,10.0,0.0,20.0,0.0,2.0,0.0,1.0,0.0,3.13,1.5219272736443836
988.0,988.0,100,0.97,0.7971540286886503,0.04850000000000001,0.03985770143443253,0.9515,0.03985770143443252,0.0,0.0,0.0,0.0,10.0,0.0,0.97,0.7971540286886503,8.89,0.8977525248973658,0.14,0.49277609806917666,2.31,1.2608719125263994,2.28,1.2315712227750681,17.69,1.260871912526399,10.0,0.0,20.0,0.0,2.0,0.0,1.0,0.0,3.13,1.5219272736443836
989.0,989.0,100,0.97,0.7971540286886503,0.04850000000000001,0.03985770143443253,0.9515,0.03985770143443252,0.0,0.0,0.0,0.0,10.0,0.0,0.97,0.7971540286886503,8.89,0.8977525248973658,0.14,0.49277609806917666,2.31,1.2608719125263994,2.28,1.2315712227750681,17.69,1.260871912526399,10.0,0.0,20.0,0.0,2.0,0.0,1.0,0.0,3.13,1.5219272736443836
990.0,990.0,100,0.97,0.7971540286886503,0.04850000000000001,0.03985770143443253,0.9515,0.03985770143443252,0.0,0.0,0.0,0.0,10.0,0.0,0.97,0.7971540286886503,8.89,0.8977525248973658,0.14,0.49277609806917666,2.31,1.2608719125263994,2.27,1.237911241739182,17.69,1.260871912526399,10.0,0.0,20.0,0.0,2.0,0.0,1.0,0.0,3.13,1.5219272736443836
991.0,991.0,100,0.95,0.7833494518006403,0.0475,0.03916747259003202,0.9525,0.039167472590032004,0.0,0.0,0.001,0.007035264706814483,10.0,0.0,0.95,0.7833494518006403,8.91,0.8887057892227211,0.14,0.49277609806917666,2.29,1.2414963275471786,2.27,1.237911241739182,17.71,1.2414963275471793,10.0,0.0,20.0,0.0,2.0,0.0,1.0,0.0,3.13,1.5219272736443836
992.0,992.0,100,0.95,0.7833494518006403,0.0475,0.03916747259003202,0.9525,0.039167472590032004,0.0,0.0,0.0,0.0,10.0,0.0,0.95,0.7833494518006403,8.9,0.881917103688197,0.15,0.5,2.28,1.2315712227750681,2.26,1.2359922199094817,17.72,1.2315712227750675,10.0,0.0,20.0,0.0,2.0,0.0,1.0,0.0,3.13,1.5219272736443836
993.0,993.0,100,0.95,0.7833494518006403,0.0475,0.03916747259003202,0.9525,0.039167472590032004,0.0,0.0,0.0,0.0,10.0,0.0,0.95,0.7833494518006403,8.91,0.8887057892227211,0.14,0.49277609806917666,2.29,1.2414963275471786,2.26,1.2359922199094817,17.71,1.2414963275471793,10.0,0.0,20.0,0.0,2.0,0.0,1.0,0.0,3.13,1.5219272736443836
994.0,994.0,100,0.94,0.7761599335344763,0.047,0.038807996676723806,0.953,0.03880799667672379,0.0,0.0,0.0005,0.004999999999999998,10.0,0.0,0.94,0.7761599335344763,8.92,0.8839763240122107,0.14,0.49277609806917666,2.28,1.2478668667657287,2.26,1.2359922199094817,17.72,1.2478668667657282,10.0,0.0,20.0,0.0,2.0,0.0,1.0,0.0,3.13,1.5219272736443836
995.0,995.0,100,0.94,0.7761599335344763,0.047,0.038807996676723806,0.953,0.03880799667672379,0.0,0.0,0.0,0.0,10.0,0.0,0.94,0.7761599335344763,8.92,0.8839763240122107,0.14,0.49277609806917666,2.28,1.2478668667657287,2.26,1.2359922199094817,17.72,1.2478668667657282,10.0,0.0,20.0,0.0,2.0,0.0,1.0,0.0,3.13,1.5219272736443836
996.0,996.0,100,0.93,0.7818005635787949,0.04650000000000001,0.039090028178939744,0.9534999999999999,0.03909002817893973,0.0,0.0,0.0005,0.005,10.0,0.0,0.93,0.7818005635787949,8.93,0.8905224887841424,0.14,0.49277609806917666,2.27,1.2460442458541605,2.25,1.22577536788975,17.73,1.2460442458541603,10.0,0.0,20.0,0.0,2.0,0.0,1.0,0.0,3.13,1.5219272736443836
997.0,997.0,100,0.93,0.7818005635787949,0.04650000000000001,0.039090028178939744,0.9534999999999999,0.03909002817893973,0.0,0.0,0.0,0.0,10.0,0.0,0.93,0.7818005635787949,8.93,0.8905224887841424,0.14,0.49277609806917666,2.27,1.2460442458541605,2.24,1.2153895331011029,17.73,1.2460442458541603,10.0,0.0,20.0,0.0,2.0,0.0,1.0,0.0,3.13,1.5219272736443836
998.0,998.0,100,0.93,0.7818005635787949,0.04650000000000001,0.039090028178939744,0.9534999999999999,0.03909002817893973,0.0,0.0,0.0,0.0,10.0,0.0,0.93,0.7818005635787949,8.93,0.8905224887841424,0.14,0.49277609806917666,2.27,1.2460442458541605,2.24,1.2153895331011029,17.73,1.2460442458541603,10.0,0.0,20.0,0.0,2.0,0.0,1.0,0.0,3.13,1.5219272736443836
999.0,999.0,100,0.92,0.7743358183604576,0.046000000000000006,0.03871679091802288,0.954,0.03871679091802288,0.0,0.0,0.0005,0.004999999999999998,10.0,0.0,0.92,0.7743358183604576,8.94,0.8855746294030922,0.14,0.49277609806917666,2.26,1.2359922199094817,2.24,1.2153895331011029,17.74,1.2359922199094822,10.0,0.0,20.0,0.0,2.0,0.0,1.0,0.0,3.13,1.5219272736443836
1000.0,1000.0,100,0.91,0.7797305932049851,0.0455,0.03898652966024926,0.9545,0.03898652966024924,0.0,0.0,0.0005,0.004999999999999998,10.0,0.0,0.91,0.7797305932049851,8.95,0.8572330399888265,0.14,0.49277609806917666,2.25,1.22577536788975,2.23,1.2048303455740816,17.75,1.2257753678897507,10.0,0.0,20.0,0.0,2.0,0.0,1.0,0.0,3.13,1.5219272736443836
1001.0,1001.0,100,0.9,0.7719841941125452,0.045,0.03859920970562726,0.955,0.038599209705627247,0.0,0.0,0.0005,0.005000000000000001,10.0,0.0,0.9,0.7719841941125452,8.96,0.8518547796758351,0.14,0.49277609806917666,2.24,1.2153895331011029,2.23,1.2048303455740816,17.76,1.215389533101103,10.0,0.0,20.0,0.0,2.0,0.0,1.0,0.0,3.13,1.5219272736443836
1002.0,1002.0,100,0.9,0.7719841941125452,0.045,0.03859920970562726,0.955,0.038599209705627247,0.0,0.0,0.0,0.0,10.0,0.0,0.9,0.7719841941125452,8.96,0.8518547796758351,0.14,0.49277609806917666,2.24,1.2153895331011029,2.22,1.2108933174572507,17.76,1.215389533101103,10.0,0.0,20.0,0.0,2.0,0.0,1.0,0.0,3.13,1.5219272736443836
1003.0,1003.0,100,0.9,0.7719841941125452,0.045,0.03859920970562726,0.955,0.038599209705627247,0.0,0.0,0.0,0.0,10.0,0.0,0.9,0.7719841941125452,8.96,0.8518547796758351,0.14,0.49277609806917666,2.24,1.2153895331011029,2.22,1.2108933174572507,17.76,1.215389533101103,10.0,0.0,20.0,0.0,2.0,0.0,1.0,0.0,3.13,1.5219272736443836
1004.0,1004.0,100,0.89,0.7640270765734507,0.044500000000000005,0.03820135382867255,0.9555,0.03820135382867254,0.0,0.0,0.0005,0.004999999999999998,10.0,0.0,0.89,0.7640270765734507,8.97,0.8463230035055328,0.14,0.49277609806917666,2.23,1.2048303455740816,2.22,1.2108933174572507,17.77,1.2048303455740814,10.0,0.0,20.0,0.0,2.0,0.0,1.0,0.0,3.13,1.5219272736443836
1005.0,1005.0,100,0.89,0.7640270765734507,0.044500000000000005,0.03820135382867255,0.9555,0.03820135382867254,0.0,0.0,0.0,0.0,10.0,0.0,0.89,0.7640270765734507,8.97,0.8463230035055328,0.14,0.49277609806917666,2.23,1.2048303455740816,2.22,1.2108933174572507,17.77,1.2048303455740814,10.0,0.0,20.0,0.0,2.0,0.0,1.0,0.0,3.13,1.5219272736443836
1006.0,1006.0,100,0.88,0.7558525857024841,0.044000000000000004,0.03779262928512421,0.956,0.03779262928512421,0.0,0.0,0.0005,0.005,10.0,0.0,0.88,0.7558525857024841,8.98,0.8406346808612326,0.14,0.49277609806917666,2.22,1.2108933174572507,2.22,1.2108933174572507,17.78,1.2108933174572503,10.0,0.0,20.0,0.0,2.0,0.0,1.0,0.0,3.13,1.5219272736443836
1007.0,1007.0,100,0.88,0.7558525857024841,0.044000000000000004,0.03779262928512421,0.956,0.03779262928512421,0.0,0.0,0.0,0.0,10.0,0.0,0.88,0.7558525857024841,8.98,0.8406346808612326,0.14,0.49277609806917666,2.22,1.2108933174572507,2.22,1.2108933174572507,17.78,1.2108933174572503,10.0,0.0,20.0,0.0,2.0,0.0,1.0,0.0,3.13,1.5219272736443836
1008.0,1008.0,100,0.88,0.7558525857024841,0.044000000000000004,0.03779262928512421,0.956,0.03779262928512421,0.0,0.0,0.0,0.0,10.0,0.0,0.88,0.7558525857024841,8.98,0.8406346808612326,0.14,0.49277609806917666,2.22,1.2108933174572507,2.2,1.2060453783110545,17.78,1.2108933174572503,10.0,0.0,20.0,0.0,2.0,0.0,1.0,0.0,3.13,1.5219272736443836
1009.0,1009.0,100,0.88,0.7558525857024841,0.044000000000000004,0.03779262928512421,0.956,0.03779262928512421,0.0,0.0,0.0,0.0,10.0,0.0,0.88,0.7558525857024841,8.98,0.8406346808612326,0.14,0.49277609806917666,2.22,1.2108933174572507,2.2,1.2060453783110545,17.78,1.2108933174572503,10.0,0.0,20.0,0.0,2.0,0.0,1.0,0.0,3.13,1.5219272736443836
1010.0,1010.0,100,0.88,0.7558525857024841,0.044000000000000004,0.03779262928512421,0.956,0.03779262928512421,0.0,0.0,0.0,0.0,10.0,0.0,0.88,0.7558525857024841,8.98,0.8406346808612326,0.14,0.49277609806917666,2.22,1.2108933174572507,2.2,1.2060453783110545,17.78,1.2108933174572503,10.0,0.0,20.0,0.0,2.0,0.0,1.0,0.0,3.13,1.5219272736443836
1011.0,1011.0,100,0.88,0.7558525857024841,0.044000000000000004,0.03779262928512421,0.956,0.03779262928512421,0.0,0.0,0.0,0.0,10.0,0.0,0.88,0.7558525857024841,8.98,0.8406346808612326,0.14,0.49277609806917666,2.22,1.2108933174572507,2.2,1.2060453783110545,17.78,1.2108933174572503,10.0,0.0,20.0,0.0,2.0,0.0,1.0,0.0,3.13,1.5219272736443836
1012.0,1012.0,100,0.86,0.7656778867530563,0.043,0.03828389433765282,0.9570000000000001,0.03828389433765282,0.0,0.0,0.001,0.007035264706814485,10.0,0.0,0.86,0.7656778867530563,9.0,0.8528028654224418,0.14,0.49277609806917666,2.2,1.2060453783110545,2.2,1.2060453783110545,17.8,1.2060453783110539,10.0,0.0,20.0,0.0,2.0,0.0,1.0,0.0,3.13,1.5219272736443836
1013.0,1013.0,100,0.86,0.7656778867530563,0.043,0.03828389433765282,0.9570000000000001,0.03828389433765282,0.0,0.0,0.0,0.0,10.0,0.0,0.86,0.7656778867530563,9.0,0.8528028654224418,0.14,0.49277609806917666,2.2,1.2060453783110545,2.2,1.2060453783110545,17.8,1.2060453783110539,10.0,0.0,20.0,0.0,2.0,0.0,1.0,0.0,3.13,1.5219272736443836
1014.0,1014.0,100,0.86,0.7656778867530563,0.043,0.03828389433765282,0.9570000000000001,0.03828389433765282,0.0,0.0,0.0,0.0,10.0,0.0,0.86,0.7656778867530563,9.0,0.8528028654224418,0.14,0.49277609806917666,2.2,1.2060453783110545,2.19,1.1950656125007604,17.8,1.2060453783110539,10.0,0.0,20.0,0.0,2.0,0.0,1.0,0.0,3.13,1.5219272736443836
1015.0,1015.0,100,0.86,0.7656778867530563,0.043,0.03828389433765282,0.9570000000000001,0.03828389433765282,0.0,0.0,0.0,0.0,10.0,0.0,0.86,0.7656778867530563,9.0,0.8528028654224418,0.14,0.49277609806917666,2.2,1.2060453783110545,2.19,1.1950656125007604,17.8,1.2060453783110539,10.0,0.0,20.0,0.0,2.0,0.0,1.0,0.0,3.13,1.5219272736443836
1016.0,1016.0,100,0.86,0.7656778867530563,0.043,0.03828389433765282,0.9570000000000001,0.03828389433765282,0.0,0.0,0.0,0.0,10.0,0.0,0.86,0.7656778867530563,9.0,0.8528028654224418,0.14,0.49277609806917666,2.2,1.2060453783110545,2.19,1.1950656125007604,17.8,1.2060453783110539,10.0,0.0,20.0,0.0,2.0,0.0,1.0,0.0,3.13,1.5219272736443836
1017.0,1017.0,100,0.86,0.7656778867530563,0.043,0.03828389433765282,0.9570000000000001,0.03828389433765282,0.0,0.0,0.0,0.0,10.0,0.0,0.86,0.7656778867530563,9.0,0.8528028654224418,0.14,0.49277609806917666,2.2,1.2060453783110545,2.19,1.1950656125007604,17.8,1.2060453783110539,10.0,0.0,20.0,0.0,2.0,0.0,1.0,0.0,3.13,1.5219272736443836
1018.0,1018.0,100,0.85,0.757121075675696,0.0425,0.037856053783784815,0.9575,0.037856053783784795,0.0,0.0,0.0005,0.005,10.0,0.0,0.85,0.757121075675696,9.01,0.8468002757856823,0.14,0.49277609806917666,2.19,1.1950656125007604,2.19,1.1950656125007604,17.81,1.195065612500761,10.0,0.0,20.0,0.0,2.0,0.0,1.0,0.0,3.13,1.5219272736443836
1019.0,1019.0,100,0.85,0.757121075675696,0.0425,0.037856053783784815,0.9575,0.037856053783784795,0.0,0.0,0.0,0.0,10.0,0.0,0.85,0.757121075675696,9.01,0.8468002757856823,0.14,0.49277609806917666,2.19,1.1950656125007604,2.19,1.1950656125007604,17.81,1.195065612500761,10.0,0.0,20.0,0.0,2.0,0.0,1.0,0.0,3.13,1.5219272736443836
1020.0,1020.0,100,0.85,0.757121075675696,0.0425,0.037856053783784815,0.9575,0.037856053783784795,0.0,0.0,0.0,0.0,10.0,0.0,0.85,0.757121075675696,9.01,0.8468002757856823,0.14,0.49277609806917666,2.19,1.1950656125007604,2.18,1.1924001768777885,17.81,1.195065612500761,10.0,0.0,20.0,0.0,2.0,0.0,1.0,0.0,3.13,1.5219272736443836
1021.0,1021.0,100,0.85,0.757121075675696,0.0425,0.037856053783784815,0.9575,0.037856053783784795,0.0,0.0,0.0,0.0,10.0,0.0,0.85,0.757121075675696,9.01,0.8468002757856823,0.14,0.49277609806917666,2.19,1.1950656125007604,2.18,1.1924001768777885,17.81,1.195065612500761,10.0,0.0,20.0,0.0,2.0,0.0,1.0,0.0,3.13,1.5219272736443836
1022.0,1022.0,100,0.85,0.757121075675696,0.0425,0.037856053783784815,0.9575,0.037856053783784795,0.0,0.0,0.0,0.0,10.0,0.0,0.85,0.757121075675696,9.01,0.8468002757856823,0.14,0.49277609806917666,2.19,1.1950656125007604,2.18,1.1924001768777885,17.81,1.195065612500761,10.0,0.0,20.0,0.0,2.0,0.0,1.0,0.0,3.13,1.5219272736443836
1023.0,1023.0,100,0.85,0.757121075675696,0.0425,0.037856053783784815,0.9575,0.037856053783784795,0.0,0.0,0.0,0.0,10.0,0.0,0.85,0.757121075675696,9.01,0.8468002757856823,0.14,0.49277609806917666,2.19,1.1950656125007604,2.18,1.1924001768777885,17.81,1.195065612500761,10.0,0.0,20.0,0.0,2.0,0.0,1.0,0.0,3.13,1.5219272736443836
1024.0,1024.0,100,0.84,0.7617099317995137,0.042,0.03808549658997571,0.958,0.03808549658997569,0.0,0.0,0.0005,0.005,10.0,0.0,0.84,0.7617099317995137,9.02,0.8525659428271148,0.14,0.49277609806917666,2.18,1.1924001768777885,2.18,1.1924001768777885,17.82,1.192400176877789,10.0,0.0,20.0,0.0,2.0,0.0,1.0,0.0,3.13,1.5219272736443836
1025.0,1025.0,100,0.84,0.7617099317995137,0.042,0.03808549658997571,0.958,0.03808549658997569,0.0,0.0,0.0,0.0,10.0,0.0,0.84,0.7617099317995137,9.02,0.8525659428271148,0.14,0.49277609806917666,2.18,1.1924001768777885,2.17,1.1981045636565055,17.82,1.192400176877789,10.0,0.0,20.0,0.0,2.0,0.0,1.0,0.0,3.13,1.5219272736443836
1026.0,1026.0,100,0.84,0.7617099317995137,0.042,0.03808549658997571,0.958,0.03808549658997569,0.0,0.0,0.0,0.0,10.0,0.0,0.84,0.7617099317995137,9.02,0.8525659428271148,0.14,0.49277609806917666,2.18,1.1924001768777885,2.17,1.1981045636565055,17.82,1.192400176877789,10.0,0.0,20.0,0.0,2.0,0.0,1.0,0.0,3.13,1.5219272736443836
1027.0,1027.0,100,0.84,0.7617099317995137,0.042,0.03808549658997571,0.958,0.03808549658997569,0.0,0.0,0.0,0.0,10.0,0.0,0.84,0.7617099317995137,9.02,0.8525659428271148,0.14,0.49277609806917666,2.18,1.1924001768777885,2.17,1.1981045636565055,17.82,1.192400176877789,10.0,0.0,20.0,0.0,2.0,0.0,1.0,0.0,3.13,1.5219272736443836
1028.0,1028.0,100,0.84,0.7617099317995137,0.042,0.03808549658997571,0.958,0.03808549658997569,0.0,0.0,0.0,0.0,10.0,0.0,0.84,0.7617099317995137,9.02,0.8525659428271148,0.14,0.49277609806917666,2.18,1.1924001768777885,2.17,1.1981045636565055,17.82,1.192400176877789,10.0,0.0,20.0,0.0,2.0,0.0,1.0,0.0,3.13,1.5219272736443836
1029.0,1029.0,100,0.83,0.7661394761854378,0.0415,0.03830697380927189,0.9584999999999999,0.03830697380927189,0.0,0.0,0.0005,0.004999999999999998,10.0,0.0,0.83,0.7661394761854378,9.03,0.8581751840181854,0.14,0.49277609806917666,2.17,1.1981045636565055,2.17,1.1981045636565055,17.83,1.1981045636565053,10.0,0.0,20.0,0.0,2.0,0.0,1.0,0.0,3.13,1.5219272736443836
1030.0,1030.0,100,0.83,0.7661394761854378,0.0415,0.03830697380927189,0.9584999999999999,0.03830697380927189,0.0,0.0,0.0,0.0,10.0,0.0,0.83,0.7661394761854378,9.03,0.8581751840181854,0.14,0.49277609806917666,2.17,1.1981045636565055,2.17,1.1981045636565055,17.83,1.1981045636565053,10.0,0.0,20.0,0.0,2.0,0.0,1.0,0.0,3.13,1.5219272736443836
1031.0,1031.0,100,0.83,0.7661394761854378,0.0415,0.03830697380927189,0.9584999999999999,0.03830697380927189,0.0,0.0,0.0,0.0,10.0,0.0,0.83,0.7661394761854378,9.03,0.8581751840181854,0.14,0.49277609806917666,2.17,1.1981045636565055,2.17,1.1981045636565055,17.83,1.1981045636565053,10.0,0.0,20.0,0.0,2.0,0.0,1.0,0.0,3.13,1.5219272736443836
1032.0,1032.0,100,0.83,0.7661394761854378,0.0415,0.03830697380927189,0.9584999999999999,0.03830697380927189,0.0,0.0,0.0,0.0,10.0,0.0,0.83,0.7661394761854378,9.03,0.8581751840181854,0.14,0.49277609806917666,2.17,1.1981045636565055,2.17,1.1981045636565055,17.83,1.1981045636565053,10.0,0.0,20.0,0.0,2.0,0.0,1.0,0.0,3.13,1.5219272736443836
1033.0,1033.0,100,0.83,0.7661394761854378,0.0415,0.03830697380927189,0.9584999999999999,0.03830697380927189,0.0,0.0,0.0,0.0,10.0,0.0,0.83,0.7661394761854378,9.03,0.8581751840181854,0.14,0.49277609806917666,2.17,1.1981045636565055,2.17,1.1981045636565055,17.83,1.1981045636565053,10.0,0.0,20.0,0.0,2.0,0.0,1.0,0.0,3.13,1.5219272736443836
1034.0,1034.0,100,0.83,0.7661394761854378,0.0415,0.03830697380927189,0.9584999999999999,0.03830697380927189,0.0,0.0,0.0,0.0,10.0,0.0,0.83,0.7661394761854378,9.03,0.8581751840181854,0.14,0.49277609806917666,2.17,1.1981045636565055,2.17,1.1981045636565055,17.83,1.1981045636565053,10.0,0.0,20.0,0.0,2.0,0.0,1.0,0.0,3.13,1.5219272736443836
1035.0,1035.0,100,0.83,0.7661394761854378,0.0415,0.03830697380927189,0.9584999999999999,0.03830697380927189,0.0,0.0,0.0,0.0,10.0,0.0,0.83,0.7661394761854378,9.03,0.8581751840181854,0.14,0.49277609806917666,2.17,1.1981045636565055,2.17,1.1981045636565055,17.83,1.1981045636565053,10.0,0.0,20.0,0.0,2.0,0.0,1.0,0.0,3.13,1.5219272736443836
1036.0,1036.0,100,0.83,0.7661394761854378,0.0415,0.03830697380927189,0.9584999999999999,0.03830697380927189,0.0,0.0,0.0,0.0,10.0,0.0,0.83,0.7661394761854378,9.03,0.8581751840181854,0.14,0.49277609806917666,2.17,1.1981045636565055,2.17,1.1981045636565055,17.83,1.1981045636565053,10.0,0.0,20.0,0.0,2.0,0.0,1.0,0.0,3.13,1.5219272736443836
1037.0,1037.0,100,0.83,0.7661394761854378,0.0415,0.03830697380927189,0.9584999999999999,0.03830697380927189,0.0,0.0,0.0,0.0,10.0,0.0,0.83,0.7661394761854378,9.03,0.8581751840181854,0.14,0.49277609806917666,2.17,1.1981045636565055,2.17,1.1981045636565055,17.83,1.1981045636565053,10.0,0.0,20.0,0.0,2.0,0.0,1.0,0.0,3.13,1.5219272736443836
1038.0,1038.0,100,0.83,0.7661394761854378,0.0415,0.03830697380927189,0.9584999999999999,0.03830697380927189,0.0,0.0,0.0,0.0,10.0,0.0,0.83,0.7661394761854378,9.03,0.8581751840181854,0.14,0.49277609806917666,2.17,1.1981045636565055,2.17,1.1981045636565055,17.83,1.1981045636565053,10.0,0.0,20.0,0.0,2.0,0.0,1.0,0.0,3.13,1.5219272736443836
1039.0,1039.0,100,0.83,0.7661394761854378,0.0415,0.03830697380927189,0.9584999999999999,0.03830697380927189,0.0,0.0,0.0,0.0,10.0,0.0,0.83,0.7661394761854378,9.03,0.8581751840181854,0.14,0.49277609806917666,2.17,1.1981045636565055,2.17,1.1981045636565055,17.83,1.1981045636565053,10.0,0.0,20.0,0.0,2.0,0.0,1.0,0.0,3.13,1.5219272736443836
1040.0,1040.0,100,0.83,0.7661394761854378,0.0415,0.03830697380927189,0.9584999999999999,0.03830697380927189,0.0,0.0,0.0,0.0,10.0,0.0,0.83,0.7661394761854378,9.03,0.8581751840181854,0.14,0.49277609806917666,2.17,1.1981045636565055,2.17,1.1981045636565055,17.83,1.1981045636565053,10.0,0.0,20.0,0.0,2.0,0.0,1.0,0.0,3.13,1.5219272736443836
1041.0,1041.0,100,0.83,0.7661394761854378,0.0415,0.03830697380927189,0.9584999999999999,0.03830697380927189,0.0,0.0,0.0,0.0,10.0,0.0,0.83,0.7661394761854378,9.03,0.8581751840181854,0.14,0.49277609806917666,2.17,1.1981045636565055,2.17,1.1981045636565055,17.83,1.1981045636565053,10.0,0.0,20.0,0.0,2.0,0.0,1.0,0.0,3.13,1.5219272736443836
1042.0,1042.0,100,0.83,0.7661394761854378,0.0415,0.03830697380927189,0.9584999999999999,0.03830697380927189,0.0,0.0,0.0,0.0,10.0,0.0,0.83,0.7661394761854378,9.03,0.8581751840181854,0.14,0.49277609806917666,2.17,1.1981045636565055,2.17,1.1981045636565055,17.83,1.1981045636565053,10.0,0.0,20.0,0.0,2.0,0.0,1.0,0.0,3.13,1.5219272736443836
1043.0,1043.0,100,0.83,0.7661394761854378,0.0415,0.03830697380927189,0.9584999999999999,0.03830697380927189,0.0,0.0,0.0,0.0,10.0,0.0,0.83,0.7661394761854378,9.03,0.8581751840181854,0.14,0.49277609806917666,2.17,1.1981045636565055,2.17,1.1981045636565055,17.83,1.1981045636565053,10.0,0.0,20.0,0.0,2.0,0.0,1.0,0.0,3.13,1.5219272736443836
1044.0,1044.0,100,0.83,0.7661394761854378,0.0415,0.03830697380927189,0.9584999999999999,0.03830697380927189,0.0,0.0,0.0,0.0,10.0,0.0,0.83,0.7661394761854378,9.03,0.8581751840181854,0.14,0.49277609806917666,2.17,1.1981045636565055,2.17,1.1981045636565055,17.83,1.1981045636565053,10.0,0.0,20.0,0.0,2.0,0.0,1.0,0.0,3.13,1.5219272736443836
1045.0,1045.0,100,0.83,0.7661394761854378,0.0415,0.03830697380927189,0.9584999999999999,0.03830697380927189,0.0,0.0,0.0,0.0,10.0,0.0,0.83,0.7661394761854378,9.03,0.8581751840181854,0.14,0.49277609806917666,2.17,1.1981045636565055,2.17,1.1981045636565055,17.83,1.1981045636565053,10.0,0.0,20.0,0.0,2.0,0.0,1.0,0.0,3.13,1.5219272736443836
1046.0,1046.0,100,0.83,0.7661394761854378,0.0415,0.03830697380927189,0.9584999999999999,0.03830697380927189,0.0,0.0,0.0,0.0,10.0,0.0,0.83,0.7661394761854378,9.03,0.8581751840181854,0.14,0.49277609806917666,2.17,1.1981045636565055,2.17,1.1981045636565055,17.83,1.1981045636565053,10.0,0.0,20.0,0.0,2.0,0.0,1.0,0.0,3.13,1.5219272736443836
1047.0,1047.0,100,0.83,0.7661394761854378,0.0415,0.03830697380927189,0.9584999999999999,0.03830697380927189,0.0,0.0,0.0,0.0,10.0,0.0,0.83,0.7661394761854378,9.03,0.8581751840181854,0.14,0.49277609806917666,2.17,1.1981045636565055,2.17,1.1981045636565055,17.83,1.1981045636565053,10.0,0.0,20.0,0.0,2.0,0.0,1.0,0.0,3.13,1.5219272736443836
1048.0,1048.0,100,0.83,0.7661394761854378,0.0415,0.03830697380927189,0.9584999999999999,0.03830697380927189,0.0,0.0,0.0,0.0,10.0,0.0,0.83,0.7661394761854378,9.03,0.8581751840181854,0.14,0.49277609806917666,2.17,1.1981045636565055,2.17,1.1981045636565055,17.83,1.1981045636565053,10.0,0.0,20.0,0.0,2.0,0.0,1.0,0.0,3.13,1.5219272736443836
1049.0,1049.0,100,0.83,0.7661394761854378,0.0415,0.03830697380927189,0.9584999999999999,0.03830697380927189,0.0,0.0,0.0,0.0,10.0,0.0,0.83,0.7661394761854378,9.03,0.8581751840181854,0.14,0.49277609806917666,2.17,1.1981045636565055,2.17,1.1981045636565055,17.83,1.1981045636565053,10.0,0.0,20.0,0.0,2.0,0.0,1.0,0.0,3.13,1.5219272736443836
1050.0,1050.0,100,0.83,0.7661394761854378,0.0415,0.03830697380927189,0.9584999999999999,0.03830697380927189,0.0,0.0,0.0,0.0,10.0,0.0,0.83,0.7661394761854378,9.03,0.8581751840181854,0.14,0.49277609806917666,2.17,1.1981045636565055,2.17,1.1981045636565055,17.83,1.1981045636565053,10.0,0.0,20.0,0.0,2.0,0.0,1.0,0.0,3.13,1.5219272736443836
1051.0,1051.0,100,0.83,0.7661394761854378,0.0415,0.03830697380927189,0.9584999999999999,0.03830697380927189,0.0,0.0,0.0,0.0,10.0,0.0,0.83,0.7661394761854378,9.03,0.8581751840181854,0.14,0.49277609806917666,2.17,1.1981045636565055,2.17,1.1981045636565055,17.83,1.1981045636565053,10.0,0.0,20.0,0.0,2.0,0.0,1.0,0.0,3.13,1.5219272736443836
1052.0,1052.0,100,0.83,0.7661394761854378,0.0415,0.03830697380927189,0.9584999999999999,0.03830697380927189,0.0,0.0,0.0,0.0,10.0,0.0,0.83,0.7661394761854378,9.03,0.8581751840181854,0.14,0.49277609806917666,2.17,1.1981045636565055,2.17,1.1981045636565055,17.83,1.1981045636565053,10.0,0.0,20.0,0.0,2.0,0.0,1.0,0.0,3.13,1.5219272736443836
1053.0,1053.0,100,0.83,0.7661394761854378,0.0415,0.03830697380927189,0.9584999999999999,0.03830697380927189,0.0,0.0,0.0,0.0,10.0,0.0,0.83,0.7661394761854378,9.03,0.8581751840181854,0.14,0.49277609806917666,2.17,1.1981045636565055,2.17,1.1981045636565055,17.83,1.1981045636565053,10.0,0.0,20.0,0.0,2.0,0.0,1.0,0.0,3.13,1.5219272736443836
1054.0,1054.0,100,0.83,0.7661394761854378,0.0415,0.03830697380927189,0.9584999999999999,0.03830697380927189,0.0,0.0,0.0,0.0,10.0,0.0,0.83,0.7661394761854378,9.03,0.8581751840181854,0.14,0.49277609806917666,2.17,1.1981045636565055,2.17,1.1981045636565055,17.83,1.1981045636565053,10.0,0.0,20.0,0.0,2.0,0.0,1.0,0.0,3.13,1.5219272736443836
1055.0,1055.0,100,0.83,0.7661394761854378,0.0415,0.03830697380927189,0.9584999999999999,0.03830697380927189,0.0,0.0,0.0,0.0,10.0,0.0,0.83,0.7661394761854378,9.03,0.8581751840181854,0.14,0.49277609806917666,2.17,1.1981045636565055,2.17,1.1981045636565055,17.83,1.1981045636565053,10.0,0.0,20.0,0.0,2.0,0.0,1.0,0.0,3.13,1.5219272736443836
1056.0,1056.0,100,0.83,0.7661394761854378,0.0415,0.03830697380927189,0.9584999999999999,0.03830697380927189,0.0,0.0,0.0,0.0,10.0,0.0,0.83,0.7661394761854378,9.03,0.8581751840181854,0.14,0.49277609806917666,2.17,1.1981045636565055,2.17,1.1981045636565055,17.83,1.1981045636565053,10.0,0.0,20.0,0.0,2.0,0.0,1.0,0.0,3.13,1.5219272736443836
1057.0,1057.0,100,0.83,0.7661394761854378,0.0415,0.03830697380927189,0.9584999999999999,0.03830697380927189,0.0,0.0,0.0,0.0,10.0,0.0,0.83,0.7661394761854378,9.03,0.8581751840181854,0.14,0.49277609806917666,2.17,1.1981045636565055,2.17,1.1981045636565055,17.83,1.1981045636565053,10.0,0.0,20.0,0.0,2.0,0.0,1.0,0.0,3.13,1.5219272736443836
1058.0,1058.0,100,0.83,0.7661394761854378,0.0415,0.03830697380927189,0.9584999999999999,0.03830697380927189,0.0,0.0,0.0,0.0,10.0,0.0,0.83,0.7661394761854378,9.03,0.8581751840181854,0.14,0.49277609806917666,2.17,1.1981045636565055,2.17,1.1981045636565055,17.83,1.1981045636565053,10.0,0.0,20.0,0.0,2.0,0.0,1.0,0.0,3.13,1.5219272736443836
1059.0,1059.0,100,0.83,0.7661394761854378,0.0415,0.03830697380927189,0.9584999999999999,0.03830697380927189,0.0,0.0,0.0,0.0,10.0,0.0,0.83,0.7661394761854378,9.03,0.8581751840181854,0.14,0.49277609806917666,2.17,1.1981045636565055,2.17,1.1981045636565055,17.83,1.1981045636565053,10.0,0.0,20.0,0.0,2.0,0.0,1.0,0.0,3.13,1.5219272736443836
1060.0,1060.0,100,0.83,0.7661394761854378,0.0415,0.03830697380927189,0.9584999999999999,0.03830697380927189,0.0,0.0,0.0,0.0,10.0,0.0,0.83,0.7661394761854378,9.03,0.8581751840181854,0.14,0.49277609806917666,2.17,1.1981045636565055,2.17,1.1981045636565055,17.83,1.1981045636565053,10.0,0.0,20.0,0.0,2.0,0.0,1.0,0.0,3.13,1.5219272736443836
1061.0,1061.0,100,0.83,0.7661394761854378,0.0415,0.03830697380927189,0.9584999999999999,0.03830697380927189,0.0,0.0,0.0,0.0,10.0,0.0,0.83,0.7661394761854378,9.03,0.8581751840181854,0.14,0.49277609806917666,2.17,1.1981045636565055,2.17,1.1981045636565055,17.83,1.1981045636565053,10.0,0.0,20.0,0.0,2.0,0.0,1.0,0.0,3.13,1.5219272736443836
1062.0,1062.0,100,0.83,0.7661394761854378,0.0415,0.03830697380927189,0.9584999999999999,0.03830697380927189,0.0,0.0,0.0,0.0,10.0,0.0,0.83,0.7661394761854378,9.03,0.8581751840181854,0.14,0.49277609806917666,2.17,1.1981045636565055,2.16,1.1867960433388918,17.83,1.1981045636565053,10.0,0.0,20.0,0.0,2.0,0.0,1.0,0.0,3.13,1.5219272736443836
1063.0,1063.0,100,0.83,0.7661394761854378,0.0415,0.03830697380927189,0.9584999999999999,0.03830697380927189,0.0,0.0,0.0,0.0,10.0,0.0,0.83,0.7661394761854378,9.03,0.8581751840181854,0.14,0.49277609806917666,2.17,1.1981045636565055,2.15,1.1838560518556096,17.83,1.1981045636565053,10.0,0.0,20.0,0.0,2.0,0.0,1.0,0.0,3.13,1.5219272736443836
1064.0,1064.0,100,0.83,0.7661394761854378,0.0415,0.03830697380927189,0.9584999999999999,0.03830697380927189,0.0,0.0,0.0,0.0,10.0,0.0,0.83,0.7661394761854378,9.03,0.8581751840181854,0.14,0.49277609806917666,2.17,1.1981045636565055,2.15,1.1838560518556096,17.83,1.1981045636565053,10.0,0.0,20.0,0.0,2.0,0.0,1.0,0.0,3.13,1.5219272736443836
1065.0,1065.0,100,0.83,0.7661394761854378,0.0415,0.03830697380927189,0.9584999999999999,0.03830697380927189,0.0,0.0,0.0,0.0,10.0,0.0,0.83,0.7661394761854378,9.03,0.8581751840181854,0.14,0.49277609806917666,2.17,1.1981045636565055,2.15,1.1838560518556096,17.83,1.1981045636565053,10.0,0.0,20.0,0.0,2.0,0.0,1.0,0.0,3.13,1.5219272736443836
1066.0,1066.0,100,0.82,0.7571877794400363,0.04100000000000001,0.037859388972001834,0.959,0.03785938897200182,0.0,0.0,0.0005,0.005,10.0,0.0,0.82,0.7571877794400363,9.04,0.8518547796758347,0.14,0.49277609806917666,2.16,1.1867960433388918,2.15,1.1838560518556096,17.84,1.186796043338891,10.0,0.0,20.0,0.0,2.0,0.0,1.0,0.0,3.13,1.5219272736443836
1067.0,1067.0,100,0.81,0.761378335452861,0.0405,0.03806891677264306,0.9595,0.03806891677264307,0.0,0.0,0.0005,0.005,10.0,0.0,0.81,0.761378335452861,9.05,0.8572330399888262,0.14,0.49277609806917666,2.15,1.1838560518556096,2.15,1.1838560518556096,17.85,1.1838560518556087,10.0,0.0,20.0,0.0,2.0,0.0,1.0,0.0,3.13,1.5219272736443836
1068.0,1068.0,100,0.81,0.761378335452861,0.0405,0.03806891677264306,0.9595,0.03806891677264307,0.0,0.0,0.0,0.0,10.0,0.0,0.81,0.761378335452861,9.05,0.8572330399888262,0.14,0.49277609806917666,2.15,1.1838560518556096,2.15,1.1838560518556096,17.85,1.1838560518556087,10.0,0.0,20.0,0.0,2.0,0.0,1.0,0.0,3.13,1.5219272736443836
1069.0,1069.0,100,0.81,0.761378335452861,0.0405,0.03806891677264306,0.9595,0.03806891677264307,0.0,0.0,0.0,0.0,10.0,0.0,0.81,0.761378335452861,9.05,0.8572330399888262,0.14,0.49277609806917666,2.15,1.1838560518556096,2.15,1.1838560518556096,17.85,1.1838560518556087,10.0,0.0,20.0,0.0,2.0,0.0,1.0,0.0,3.13,1.5219272736443836
1070.0,1070.0,100,0.81,0.761378335452861,0.0405,0.03806891677264306,0.9595,0.03806891677264307,0.0,0.0,0.0,0.0,10.0,0.0,0.81,0.761378335452861,9.05,0.8572330399888262,0.14,0.49277609806917666,2.15,1.1838560518556096,2.15,1.1838560518556096,17.85,1.1838560518556087,10.0,0.0,20.0,0.0,2.0,0.0,1.0,0.0,3.13,1.5219272736443836
1071.0,1071.0,100,0.81,0.761378335452861,0.0405,0.03806891677264306,0.9595,0.03806891677264307,0.0,0.0,0.0,0.0,10.0,0.0,0.81,0.761378335452861,9.05,0.8572330399888262,0.14,0.49277609806917666,2.15,1.1838560518556096,2.15,1.1838560518556096,17.85,1.1838560518556087,10.0,0.0,20.0,0.0,2.0,0.0,1.0,0.0,3.13,1.5219272736443836
1072.0,1072.0,100,0.81,0.761378335452861,0.0405,0.03806891677264306,0.9595,0.03806891677264307,0.0,0.0,0.0,0.0,10.0,0.0,0.81,0.761378335452861,9.05,0.8572330399888262,0.14,0.49277609806917666,2.15,1.1838560518556096,2.15,1.1838560518556096,17.85,1.1838560518556087,10.0,0.0,20.0,0.0,2.0,0.0,1.0,0.0,3.13,1.5219272736443836
1073.0,1073.0,100,0.81,0.761378335452861,0.0405,0.03806891677264306,0.9595,0.03806891677264307,0.0,0.0,0.0,0.0,10.0,0.0,0.81,0.761378335452861,9.05,0.8572330399888262,0.14,0.49277609806917666,2.15,1.1838560518556096,2.14,1.154875479754148,17.85,1.1838560518556087,10.0,0.0,20.0,0.0,2.0,0.0,1.0,0.0,3.13,1.5219272736443836
1074.0,1074.0,100,0.81,0.761378335452861,0.0405,0.03806891677264306,0.9595,0.03806891677264307,0.0,0.0,0.0,0.0,10.0,0.0,0.81,0.761378335452861,9.05,0.8572330399888262,0.14,0.49277609806917666,2.15,1.1838560518556096,2.13,1.1604161566290159,17.85,1.1838560518556087,10.0,0.0,20.0,0.0,2.0,0.0,1.0,0.0,3.13,1.5219272736443836
1075.0,1075.0,100,0.81,0.761378335452861,0.0405,0.03806891677264306,0.9595,0.03806891677264307,0.0,0.0,0.0,0.0,10.0,0.0,0.81,0.761378335452861,9.05,0.8572330399888262,0.14,0.49277609806917666,2.15,1.1838560518556096,2.13,1.1604161566290159,17.85,1.1838560518556087,10.0,0.0,20.0,0.0,2.0,0.0,1.0,0.0,3.13,1.5219272736443836
1076.0,1076.0,100,0.81,0.761378335452861,0.0405,0.03806891677264306,0.9595,0.03806891677264307,0.0,0.0,0.0,0.0,10.0,0.0,0.81,0.761378335452861,9.05,0.8572330399888262,0.14,0.49277609806917666,2.15,1.1838560518556096,2.12,1.157147310842444,17.85,1.1838560518556087,10.0,0.0,20.0,0.0,2.0,0.0,1.0,0.0,3.13,1.5219272736443836
1077.0,1077.0,100,0.8,0.7654139963827324,0.04,0.03827069981913664,0.96,0.038270699819136625,0.0,0.0,0.0005,0.005,10.0,0.0,0.8,0.7654139963827324,9.06,0.850668186566515,0.14,0.49277609806917666,2.14,1.154875479754148,2.12,1.157147310842444,17.86,1.1548754797541478,10.0,0.0,20.0,0.0,2.0,0.0,1.0,0.0,3.13,1.5219272736443836
1078.0,1078.0,100,0.79,0.7560530150830438,0.0395,0.037802650754152206,0.9605,0.0378026507541522,0.0,0.0,0.0005,0.005,10.0,0.0,0.79,0.7560530150830438,9.07,0.8439325934114771,0.14,0.49277609806917666,2.13,1.1604161566290159,2.12,1.157147310842444,17.87,1.1604161566290154,10.0,0.0,20.0,0.0,2.0,0.0,1.0,0.0,3.13,1.5219272736443836
1079.0,1079.0,100,0.79,0.7560530150830438,0.0395,0.037802650754152206,0.9605,0.0378026507541522,0.0,0.0,0.0,0.0,10.0,0.0,0.79,0.7560530150830438,9.07,0.8439325934114771,0.14,0.49277609806917666,2.13,1.1604161566290159,2.12,1.157147310842444,17.87,1.1604161566290154,10.0,0.0,20.0,0.0,2.0,0.0,1.0,0.0,3.13,1.5219272736443836
1080.0,1080.0,100,0.78,0.7598511284282845,0.03900000000000001,0.037992556421414234,0.961,0.03799255642141423,0.0,0.0,0.0005,0.005,10.0,0.0,0.78,0.7598511284282845,9.07,0.8439325934114771,0.15,0.5,2.12,1.157147310842444,2.12,1.157147310842444,17.88,1.1571473108424426,10.0,0.0,20.0,0.0,2.0,0.0,1.0,0.0,3.13,1.5219272736443836
1081.0,1081.0,100,0.78,0.7598511284282845,0.03900000000000001,0.037992556421414234,0.961,0.03799255642141423,0.0,0.0,0.0,0.0,10.0,0.0,0.78,0.7598511284282845,9.08,0.8490041700769676,0.14,0.49277609806917666,2.13,1.1604161566290159,2.11,1.1449934938723894,17.87,1.1604161566290154,10.0,0.0,20.0,0.0,2.0,0.0,1.0,0.0,3.13,1.5219272736443836
1082.0,1082.0,100,0.78,0.7598511284282845,0.03900000000000001,0.037992556421414234,0.961,0.03799255642141423,0.0,0.0,0.0,0.0,10.0,0.0,0.78,0.7598511284282845,9.08,0.8490041700769676,0.14,0.49277609806917666,2.13,1.1604161566290159,2.11,1.1449934938723894,17.87,1.1604161566290154,10.0,0.0,20.0,0.0,2.0,0.0,1.0,0.0,3.13,1.5219272736443836
1083.0,1083.0,100,0.78,0.7598511284282845,0.03900000000000001,0.037992556421414234,0.961,0.03799255642141423,0.0,0.0,0.0,0.0,10.0,0.0,0.78,0.7598511284282845,9.08,0.8490041700769676,0.14,0.49277609806917666,2.13,1.1604161566290159,2.12,1.1483849001044375,17.87,1.1604161566290154,10.0,0.0,20.0,0.0,2.0,0.0,1.0,0.0,3.13,1.5219272736443836
1084.0,1084.0,100,0.78,0.7598511284282845,0.03900000000000001,0.037992556421414234,0.961,0.03799255642141423,0.0,0.0,0.0,0.0,10.0,0.0,0.78,0.7598511284282845,9.08,0.8490041700769676,0.14,0.49277609806917666,2.13,1.1604161566290159,2.12,1.1483849001044375,17.87,1.1604161566290154,10.0,0.0,20.0,0.0,2.0,0.0,1.0,0.0,3.13,1.5219272736443836
1085.0,1085.0,100,0.77,0.7634980634744877,0.0385,0.038174903173724385,0.9614999999999999,0.038174903173724385,0.0,0.0,0.0005,0.005,10.0,0.0,0.77,0.7634980634744877,9.09,0.8176709965419211,0.14,0.49277609806917666,2.12,1.1483849001044375,2.12,1.1483849001044375,17.88,1.1483849001044368,10.0,0.0,20.0,0.0,2.0,0.0,1.0,0.0,3.13,1.5219272736443836
1086.0,1086.0,100,0.77,0.7634980634744877,0.0385,0.038174903173724385,0.9614999999999999,0.038174903173724385,0.0,0.0,0.0,0.0,10.0,0.0,0.77,0.7634980634744877,9.09,0.8176709965419211,0.14,0.49277609806917666,2.12,1.1483849001044375,2.12,1.1483849001044375,17.88,1.1483849001044368,10.0,0.0,20.0,0.0,2.0,0.0,1.0,0.0,3.13,1.5219272736443836
1087.0,1087.0,100,0.77,0.7634980634744877,0.0385,0.038174903173724385,0.9614999999999999,0.038174903173724385,0.0,0.0,0.0,0.0,10.0,0.0,0.77,0.7634980634744877,9.09,0.8176709965419211,0.14,0.49277609806917666,2.12,1.1483849001044375,2.12,1.1483849001044375,17.88,1.1483849001044368,10.0,0.0,20.0,0.0,2.0,0.0,1.0,0.0,3.13,1.5219272736443836
1088.0,1088.0,100,0.77,0.7634980634744877,0.0385,0.038174903173724385,0.9614999999999999,0.038174903173724385,0.0,0.0,0.0,0.0,10.0,0.0,0.77,0.7634980634744877,9.09,0.8176709965419211,0.14,0.49277609806917666,2.12,1.1483849001044375,2.11,1.1537816609792864,17.88,1.1483849001044368,10.0,0.0,20.0,0.0,2.0,0.0,1.0,0.0,3.13,1.5219272736443836
1089.0,1089.0,100,0.77,0.7634980634744877,0.0385,0.038174903173724385,0.9614999999999999,0.038174903173724385,0.0,0.0,0.0,0.0,10.0,0.0,0.77,0.7634980634744877,9.09,0.8176709965419211,0.14,0.49277609806917666,2.12,1.1483849001044375,2.11,1.1537816609792864,17.88,1.1483849001044368,10.0,0.0,20.0,0.0,2.0,0.0,1.0,0.0,3.13,1.5219272736443836
1090.0,1090.0,100,0.77,0.7634980634744877,0.0385,0.038174903173724385,0.9614999999999999,0.038174903173724385,0.0,0.0,0.0,0.0,10.0,0.0,0.77,0.7634980634744877,9.09,0.8176709965419211,0.14,0.49277609806917666,2.12,1.1483849001044375,2.1,1.1590661514488045,17.88,1.1483849001044368,10.0,0.0,20.0,0.0,2.0,0.0,1.0,0.0,3.13,1.5219272736443836
1091.0,1091.0,100,0.77,0.7634980634744877,0.0385,0.038174903173724385,0.9614999999999999,0.038174903173724385,0.0,0.0,0.0,0.0,10.0,0.0,0.77,0.7634980634744877,9.09,0.8176709965419211,0.14,0.49277609806917666,2.12,1.1483849001044375,2.1,1.1590661514488045,17.88,1.1483849001044368,10.0,0.0,20.0,0.0,2.0,0.0,1.0,0.0,3.13,1.5219272736443836
1092.0,1092.0,100,0.76,0.7537113559452371,0.038000000000000006,0.037685567797261864,0.9620000000000001,0.03768556779726187,0.0,0.0,0.0005,0.004999999999999998,10.0,0.0,0.76,0.7537113559452371,9.1,0.810287391340663,0.14,0.49277609806917666,2.11,1.1537816609792864,2.1,1.1590661514488045,17.89,1.1537816609792855,10.0,0.0,20.0,0.0,2.0,0.0,1.0,0.0,3.13,1.5219272736443836
1093.0,1093.0,100,0.76,0.7537113559452371,0.038000000000000006,0.037685567797261864,0.9620000000000001,0.03768556779726187,0.0,0.0,0.0,0.0,10.0,0.0,0.76,0.7537113559452371,9.1,0.810287391340663,0.14,0.49277609806917666,2.11,1.1537816609792864,2.1,1.1590661514488045,17.89,1.1537816609792855,10.0,0.0,20.0,0.0,2.0,0.0,1.0,0.0,3.13,1.5219272736443836
1094.0,1094.0,100,0.75,0.7436600722307894,0.0375,0.03718300361153948,0.9625,0.03718300361153948,0.0,0.0,0.0005,0.005,10.0,0.0,0.75,0.7436600722307894,9.11,0.8027100562117273,0.14,0.49277609806917666,2.1,1.1590661514488045,2.1,1.1590661514488045,17.9,1.159066151448803,10.0,0.0,20.0,0.0,2.0,0.0,1.0,0.0,3.13,1.5219272736443836
1095.0,1095.0,100,0.75,0.7436600722307894,0.0375,0.03718300361153948,0.9625,0.03718300361153948,0.0,0.0,0.0,0.0,10.0,0.0,0.75,0.7436600722307894,9.11,0.8027100562117273,0.14,0.49277609806917666,2.1,1.1590661514488045,2.1,1.1590661514488045,17.9,1.159066151448803,10.0,0.0,20.0,0.0,2.0,0.0,1.0,0.0,3.13,1.5219272736443836
1096.0,1096.0,100,0.75,0.7436600722307894,0.0375,0.03718300361153948,0.9625,0.03718300361153948,0.0,0.0,0.0,0.0,10.0,0.0,0.75,0.7436600722307894,9.11,0.8027100562117273,0.14,0.49277609806917666,2.1,1.1590661514488045,2.1,1.1590661514488045,17.9,1.159066151448803,10.0,0.0,20.0,0.0,2.0,0.0,1.0,0.0,3.13,1.5219272736443836
1097.0,1097.0,100,0.75,0.7436600722307894,0.0375,0.03718300361153948,0.9625,0.03718300361153948,0.0,0.0,0.0,0.0,10.0,0.0,0.75,0.7436600722307894,9.11,0.8027100562117273,0.14,0.49277609806917666,2.1,1.1590661514488045,2.1,1.1590661514488045,17.9,1.159066151448803,10.0,0.0,20.0,0.0,2.0,0.0,1.0,0.0,3.13,1.5219272736443836
1098.0,1098.0,100,0.75,0.7436600722307894,0.0375,0.03718300361153948,0.9625,0.03718300361153948,0.0,0.0,0.0,0.0,10.0,0.0,0.75,0.7436600722307894,9.11,0.8027100562117273,0.14,0.49277609806917666,2.1,1.1590661514488045,2.09,1.146756515155028,17.9,1.159066151448803,10.0,0.0,20.0,0.0,2.0,0.0,1.0,0.0,3.13,1.5219272736443836
1099.0,1099.0,100,0.75,0.7436600722307894,0.0375,0.03718300361153948,0.9625,0.03718300361153948,0.0,0.0,0.0,0.0,10.0,0.0,0.75,0.7436600722307894,9.11,0.8027100562117273,0.14,0.49277609806917666,2.1,1.1590661514488045,2.08,1.1430952132988166,17.9,1.159066151448803,10.0,0.0,20.0,0.0,2.0,0.0,1.0,0.0,3.13,1.5219272736443836
1100.0,1100.0,100,0.75,0.7436600722307894,0.0375,0.03718300361153948,0.9625,0.03718300361153948,0.0,0.0,0.0,0.0,10.0,0.0,0.75,0.7436600722307894,9.11,0.8027100562117273,0.14,0.49277609806917666,2.1,1.1590661514488045,2.08,1.1430952132988166,17.9,1.159066151448803,10.0,0.0,20.0,0.0,2.0,0.0,1.0,0.0,3.13,1.5219272736443836
1101.0,1101.0,100,0.75,0.7436600722307894,0.0375,0.03718300361153948,0.9625,0.03718300361153948,0.0,0.0,0.0,0.0,10.0,0.0,0.75,0.7436600722307894,9.11,0.8027100562117273,0.14,0.49277609806917666,2.1,1.1590661514488045,2.08,1.1430952132988166,17.9,1.159066151448803,10.0,0.0,20.0,0.0,2.0,0.0,1.0,0.0,3.13,1.5219272736443836
1102.0,1102.0,100,0.74,0.7469804535460067,0.037000000000000005,0.03734902267730034,0.963,0.03734902267730035,0.0,0.0,0.0005,0.005,10.0,0.0,0.74,0.7469804535460067,9.12,0.7949334512518592,0.14,0.49277609806917666,2.09,1.146756515155028,2.08,1.1430952132988166,17.91,1.1467565151550267,10.0,0.0,20.0,0.0,2.0,0.0,1.0,0.0,3.13,1.5219272736443836
1103.0,1103.0,100,0.73,0.7501514998500455,0.036500000000000005,0.037507574992502284,0.9634999999999999,0.03750757499250229,0.0,0.0,0.0005,0.005,10.0,0.0,0.73,0.7501514998500455,9.13,0.7996842811353426,0.14,0.49277609806917666,2.08,1.1430952132988166,2.08,1.1430952132988166,17.92,1.1430952132988161,10.0,0.0,20.0,0.0,2.0,0.0,1.0,0.0,3.13,1.5219272736443836
1104.0,1104.0,100,0.73,0.7501514998500455,0.036500000000000005,0.037507574992502284,0.9634999999999999,0.03750757499250229,0.0,0.0,0.0,0.0,10.0,0.0,0.73,0.7501514998500455,9.13,0.7996842811353426,0.14,0.49277609806917666,2.08,1.1430952132988166,2.08,1.1430952132988166,17.92,1.1430952132988161,10.0,0.0,20.0,0.0,2.0,0.0,1.0,0.0,3.13,1.5219272736443836
1105.0,1105.0,100,0.73,0.7501514998500455,0.036500000000000005,0.037507574992502284,0.9634999999999999,0.03750757499250229,0.0,0.0,0.0,0.0,10.0,0.0,0.73,0.7501514998500455,9.13,0.7996842811353426,0.14,0.49277609806917666,2.08,1.1430952132988166,2.07,1.148164983041561,17.92,1.1430952132988161,10.0,0.0,20.0,0.0,2.0,0.0,1.0,0.0,3.13,1.5219272736443836
1106.0,1106.0,100,0.73,0.7501514998500455,0.036500000000000005,0.037507574992502284,0.9634999999999999,0.03750757499250229,0.0,0.0,0.0,0.0,10.0,0.0,0.73,0.7501514998500455,9.13,0.7996842811353426,0.14,0.49277609806917666,2.08,1.1430952132988166,2.06,1.1265393508843395,17.92,1.1430952132988161,10.0,0.0,20.0,0.0,2.0,0.0,1.0,0.0,3.13,1.5219272736443836
1107.0,1107.0,100,0.73,0.7501514998500455,0.036500000000000005,0.037507574992502284,0.9634999999999999,0.03750757499250229,0.0,0.0,0.0,0.0,10.0,0.0,0.73,0.7501514998500455,9.13,0.7996842811353426,0.14,0.49277609806917666,2.08,1.1430952132988166,2.06,1.1265393508843395,17.92,1.1430952132988161,10.0,0.0,20.0,0.0,2.0,0.0,1.0,0.0,3.13,1.5219272736443836
1108.0,1108.0,100,0.73,0.7501514998500455,0.036500000000000005,0.037507574992502284,0.9634999999999999,0.03750757499250229,0.0,0.0,0.0,0.0,10.0,0.0,0.73,0.7501514998500455,9.13,0.7996842811353426,0.14,0.49277609806917666,2.08,1.1430952132988166,2.06,1.1265393508843395,17.92,1.1430952132988161,10.0,0.0,20.0,0.0,2.0,0.0,1.0,0.0,3.13,1.5219272736443836
1109.0,1109.0,100,0.72,0.7396422831820172,0.036000000000000004,0.03698211415910085,0.9640000000000001,0.036982114159100875,0.0,0.0,0.0005,0.005,10.0,0.0,0.72,0.7396422831820172,9.14,0.7916228058025278,0.14,0.49277609806917666,2.07,1.148164983041561,2.05,1.1225422086055428,17.93,1.1481649830415606,10.0,0.0,20.0,0.0,2.0,0.0,1.0,0.0,3.13,1.5219272736443836
1110.0,1110.0,100,0.71,0.7425726505966548,0.035500000000000004,0.037128632529832735,0.9645,0.037128632529832756,0.0,0.0,0.0005,0.005,10.0,0.0,0.71,0.7425726505966548,9.15,0.7961396760860395,0.14,0.49277609806917666,2.06,1.1265393508843395,2.04,1.118440472671251,17.94,1.1265393508843382,10.0,0.0,20.0,0.0,2.0,0.0,1.0,0.0,3.13,1.5219272736443836
1111.0,1111.0,100,0.71,0.7425726505966548,0.035500000000000004,0.037128632529832735,0.9645,0.037128632529832756,0.0,0.0,0.0,0.0,10.0,0.0,0.71,0.7425726505966548,9.15,0.7961396760860395,0.14,0.49277609806917666,2.06,1.1265393508843395,2.03,1.114232987985525,17.94,1.1265393508843382,10.0,0.0,20.0,0.0,2.0,0.0,1.0,0.0,3.13,1.5219272736443836
1112.0,1112.0,100,0.71,0.7425726505966548,0.035500000000000004,0.037128632529832735,0.9645,0.037128632529832756,0.0,0.0,0.0,0.0,10.0,0.0,0.71,0.7425726505966548,9.15,0.7961396760860395,0.14,0.49277609806917666,2.06,1.1265393508843395,2.03,1.114232987985525,17.94,1.1265393508843382,10.0,0.0,20.0,0.0,2.0,0.0,1.0,0.0,3.13,1.5219272736443836
1113.0,1113.0,100,0.7,0.74535599249993,0.035,0.03726779962499648,0.965,0.03726779962499652,0.0,0.0,0.0005,0.004999999999999998,10.0,0.0,0.7,0.74535599249993,9.16,0.800504891183109,0.14,0.49277609806917666,2.05,1.1225422086055428,2.03,1.114232987985525,17.95,1.122542208605543,10.0,0.0,20.0,0.0,2.0,0.0,1.0,0.0,3.13,1.5219272736443836
1114.0,1114.0,100,0.69,0.7479939501726932,0.0345,0.03739969750863466,0.9655,0.037399697508634665,0.0,0.0,0.0005,0.004999999999999998,10.0,0.0,0.69,0.7479939501726932,9.17,0.8047209190618553,0.14,0.49277609806917666,2.04,1.118440472671251,2.03,1.114232987985525,17.96,1.1184404726712507,10.0,0.0,20.0,0.0,2.0,0.0,1.0,0.0,3.13,1.5219272736443836
1115.0,1115.0,100,0.68,0.7504880566886613,0.034,0.03752440283443307,0.966,0.03752440283443306,0.0,0.0,0.0005,0.004999999999999999,10.0,0.0,0.68,0.7504880566886613,9.18,0.8087900927567138,0.14,0.49277609806917666,2.03,1.114232987985525,2.03,1.114232987985525,17.97,1.1142329879855242,10.0,0.0,20.0,0.0,2.0,0.0,1.0,0.0,3.13,1.5219272736443836
1116.0,1116.0,100,0.68,0.7504880566886613,0.034,0.03752440283443307,0.966,0.03752440283443306,0.0,0.0,0.0,0.0,10.0,0.0,0.68,0.7504880566886613,9.18,0.8087900927567138,0.14,0.49277609806917666,2.03,1.114232987985525,2.03,1.114232987985525,17.97,1.1142329879855242,10.0,0.0,20.0,0.0,2.0,0.0,1.0,0.0,3.13,1.5219272736443836
1117.0,1117.0,100,0.68,0.7504880566886613,0.034,0.03752440283443307,0.966,0.03752440283443306,0.0,0.0,0.0,0.0,10.0,0.0,0.68,0.7504880566886613,9.18,0.8087900927567138,0.14,0.49277609806917666,2.03,1.114232987985525,2.03,1.114232987985525,17.97,1.1142329879855242,10.0,0.0,20.0,0.0,2.0,0.0,1.0,0.0,3.13,1.5219272736443836
1118.0,1118.0,100,0.68,0.7504880566886613,0.034,0.03752440283443307,0.966,0.03752440283443306,0.0,0.0,0.0,0.0,10.0,0.0,0.68,0.7504880566886613,9.18,0.8087900927567138,0.14,0.49277609806917666,2.03,1.114232987985525,2.03,1.114232987985525,17.97,1.1142329879855242,10.0,0.0,20.0,0.0,2.0,0.0,1.0,0.0,3.13,1.5219272736443836
1119.0,1119.0,100,0.68,0.7504880566886613,0.034,0.03752440283443307,0.966,0.03752440283443306,0.0,0.0,0.0,0.0,10.0,0.0,0.68,0.7504880566886613,9.18,0.8087900927567138,0.14,0.49277609806917666,2.03,1.114232987985525,2.03,1.114232987985525,17.97,1.1142329879855242,10.0,0.0,20.0,0.0,2.0,0.0,1.0,0.0,3.13,1.5219272736443836
1120.0,1120.0,100,0.68,0.7504880566886613,0.034,0.03752440283443307,0.966,0.03752440283443306,0.0,0.0,0.0,0.0,10.0,0.0,0.68,0.7504880566886613,9.18,0.8087900927567138,0.14,0.49277609806917666,2.03,1.114232987985525,2.03,1.114232987985525,17.97,1.1142329879855242,10.0,0.0,20.0,0.0,2.0,0.0,1.0,0.0,3.13,1.5219272736443836
1121.0,1121.0,100,0.68,0.7504880566886613,0.034,0.03752440283443307,0.966,0.03752440283443306,0.0,0.0,0.0,0.0,10.0,0.0,0.68,0.7504880566886613,9.18,0.8087900927567138,0.14,0.49277609806917666,2.03,1.114232987985525,2.03,1.114232987985525,17.97,1.1142329879855242,10.0,0.0,20.0,0.0,2.0,0.0,1.0,0.0,3.13,1.5219272736443836
1122.0,1122.0,100,0.68,0.7504880566886613,0.034,0.03752440283443307,0.966,0.03752440283443306,0.0,0.0,0.0,0.0,10.0,0.0,0.68,0.7504880566886613,9.18,0.8087900927567138,0.14,0.49277609806917666,2.03,1.114232987985525,2.03,1.114232987985525,17.97,1.1142329879855242,10.0,0.0,20.0,0.0,2.0,0.0,1.0,0.0,3.13,1.5219272736443836
1123.0,1123.0,100,0.68,0.7504880566886613,0.034,0.03752440283443307,0.966,0.03752440283443306,0.0,0.0,0.0,0.0,10.0,0.0,0.68,0.7504880566886613,9.18,0.8087900927567138,0.14,0.49277609806917666,2.03,1.114232987985525,2.03,1.114232987985525,17.97,1.1142329879855242,10.0,0.0,20.0,0.0,2.0,0.0,1.0,0.0,3.13,1.5219272736443836
1124.0,1124.0,100,0.68,0.7504880566886613,0.034,0.03752440283443307,0.966,0.03752440283443306,0.0,0.0,0.0,0.0,10.0,0.0,0.68,0.7504880566886613,9.18,0.8087900927567138,0.14,0.49277609806917666,2.03,1.114232987985525,2.03,1.114232987985525,17.97,1.1142329879855242,10.0,0.0,20.0,0.0,2.0,0.0,1.0,0.0,3.13,1.5219272736443836
1125.0,1125.0,100,0.68,0.7504880566886613,0.034,0.03752440283443307,0.966,0.03752440283443306,0.0,0.0,0.0,0.0,10.0,0.0,0.68,0.7504880566886613,9.18,0.8087900927567138,0.14,0.49277609806917666,2.03,1.114232987985525,2.02,1.1189822215393825,17.97,1.1142329879855242,10.0,0.0,20.0,0.0,2.0,0.0,1.0,0.0,3.13,1.5219272736443836
1126.0,1126.0,100,0.68,0.7504880566886613,0.034,0.03752440283443307,0.966,0.03752440283443306,0.0,0.0,0.0,0.0,10.0,0.0,0.68,0.7504880566886613,9.18,0.8087900927567138,0.14,0.49277609806917666,2.03,1.114232987985525,2.02,1.1189822215393825,17.97,1.1142329879855242,10.0,0.0,20.0,0.0,2.0,0.0,1.0,0.0,3.13,1.5219272736443836
1127.0,1127.0,100,0.68,0.7504880566886613,0.034,0.03752440283443307,0.966,0.03752440283443306,0.0,0.0,0.0,0.0,10.0,0.0,0.68,0.7504880566886613,9.18,0.8087900927567138,0.14,0.49277609806917666,2.03,1.114232987985525,2.02,1.1189822215393825,17.97,1.1142329879855242,10.0,0.0,20.0,0.0,2.0,0.0,1.0,0.0,3.13,1.5219272736443836
1128.0,1128.0,100,0.68,0.7504880566886613,0.034,0.03752440283443307,0.966,0.03752440283443306,0.0,0.0,0.0,0.0,10.0,0.0,0.68,0.7504880566886613,9.18,0.8087900927567138,0.14,0.49277609806917666,2.03,1.114232987985525,2.02,1.1189822215393825,17.97,1.1142329879855242,10.0,0.0,20.0,0.0,2.0,0.0,1.0,0.0,3.13,1.5219272736443836
1129.0,1129.0,100,0.67,0.739300788965937,0.0335,0.03696503944829684,0.9665,0.03696503944829684,0.0,0.0,0.0005,0.005,10.0,0.0,0.67,0.739300788965937,9.19,0.8001893715259095,0.14,0.49277609806917666,2.02,1.1189822215393825,2.02,1.1189822215393825,17.98,1.1189822215393814,10.0,0.0,20.0,0.0,2.0,0.0,1.0,0.0,3.13,1.5219272736443836
1130.0,1130.0,100,0.67,0.739300788965937,0.0335,0.03696503944829684,0.9665,0.03696503944829684,0.0,0.0,0.0,0.0,10.0,0.0,0.67,0.739300788965937,9.19,0.8001893715259095,0.14,0.49277609806917666,2.02,1.1189822215393825,2.02,1.1189822215393825,17.98,1.1189822215393814,10.0,0.0,20.0,0.0,2.0,0.0,1.0,0.0,3.13,1.5219272736443836
1131.0,1131.0,100,0.67,0.739300788965937,0.0335,0.03696503944829684,0.9665,0.03696503944829684,0.0,0.0,0.0,0.0,10.0,0.0,0.67,0.739300788965937,9.19,0.8001893715259095,0.14,0.49277609806917666,2.02,1.1189822215393825,2.02,1.1189822215393825,17.98,1.1189822215393814,10.0,0.0,20.0,0.0,2.0,0.0,1.0,0.0,3.13,1.5219272736443836
1132.0,1132.0,100,0.67,0.739300788965937,0.0335,0.03696503944829684,0.9665,0.03696503944829684,0.0,0.0,0.0,0.0,10.0,0.0,0.67,0.739300788965937,9.19,0.8001893715259095,0.14,0.49277609806917666,2.02,1.1189822215393825,2.02,1.1189822215393825,17.98,1.1189822215393814,10.0,0.0,20.0,0.0,2.0,0.0,1.0,0.0,3.13,1.5219272736443836
1133.0,1133.0,100,0.67,0.739300788965937,0.0335,0.03696503944829684,0.9665,0.03696503944829684,0.0,0.0,0.0,0.0,10.0,0.0,0.67,0.739300788965937,9.19,0.8001893715259095,0.14,0.49277609806917666,2.02,1.1189822215393825,2.02,1.1189822215393825,17.98,1.1189822215393814,10.0,0.0,20.0,0.0,2.0,0.0,1.0,0.0,3.13,1.5219272736443836
1134.0,1134.0,100,0.67,0.739300788965937,0.0335,0.03696503944829684,0.9665,0.03696503944829684,0.0,0.0,0.0,0.0,10.0,0.0,0.67,0.739300788965937,9.19,0.8001893715259095,0.14,0.49277609806917666,2.02,1.1189822215393825,2.02,1.1189822215393825,17.98,1.1189822215393814,10.0,0.0,20.0,0.0,2.0,0.0,1.0,0.0,3.13,1.5219272736443836
1135.0,1135.0,100,0.67,0.739300788965937,0.0335,0.03696503944829684,0.9665,0.03696503944829684,0.0,0.0,0.0,0.0,10.0,0.0,0.67,0.739300788965937,9.19,0.8001893715259095,0.14,0.49277609806917666,2.02,1.1189822215393825,2.02,1.1189822215393825,17.98,1.1189822215393814,10.0,0.0,20.0,0.0,2.0,0.0,1.0,0.0,3.13,1.5219272736443836
1136.0,1136.0,100,0.67,0.739300788965937,0.0335,0.03696503944829684,0.9665,0.03696503944829684,0.0,0.0,0.0,0.0,10.0,0.0,0.67,0.739300788965937,9.19,0.8001893715259095,0.14,0.49277609806917666,2.02,1.1189822215393825,2.02,1.1189822215393825,17.98,1.1189822215393814,10.0,0.0,20.0,0.0,2.0,0.0,1.0,0.0,3.13,1.5219272736443836
1137.0,1137.0,100,0.67,0.739300788965937,0.0335,0.03696503944829684,0.9665,0.03696503944829684,0.0,0.0,0.0,0.0,10.0,0.0,0.67,0.739300788965937,9.19,0.8001893715259095,0.14,0.49277609806917666,2.02,1.1189822215393825,2.01,1.1325755042059105,17.98,1.1189822215393814,10.0,0.0,20.0,0.0,2.0,0.0,1.0,0.0,3.13,1.5219272736443836
1138.0,1138.0,100,0.67,0.739300788965937,0.0335,0.03696503944829684,0.9665,0.03696503944829684,0.0,0.0,0.0,0.0,10.0,0.0,0.67,0.739300788965937,9.19,0.8001893715259095,0.14,0.49277609806917666,2.02,1.1189822215393825,2.01,1.1325755042059105,17.98,1.1189822215393814,10.0,0.0,20.0,0.0,2.0,0.0,1.0,0.0,3.13,1.5219272736443836
1139.0,1139.0,100,0.67,0.739300788965937,0.0335,0.03696503944829684,0.9665,0.03696503944829684,0.0,0.0,0.0,0.0,10.0,0.0,0.67,0.739300788965937,9.19,0.8001893715259095,0.14,0.49277609806917666,2.02,1.1189822215393825,2.01,1.1325755042059105,17.98,1.1189822215393814,10.0,0.0,20.0,0.0,2.0,0.0,1.0,0.0,3.13,1.5219272736443836
1140.0,1140.0,100,0.67,0.739300788965937,0.0335,0.03696503944829684,0.9665,0.03696503944829684,0.0,0.0,0.0,0.0,10.0,0.0,0.67,0.739300788965937,9.19,0.8001893715259095,0.14,0.49277609806917666,2.02,1.1189822215393825,2.01,1.1325755042059105,17.98,1.1189822215393814,10.0,0.0,20.0,0.0,2.0,0.0,1.0,0.0,3.13,1.5219272736443836
1141.0,1141.0,100,0.66,0.7415517445863032,0.033,0.03707758722931516,0.9670000000000001,0.037077587229315166,0.0,0.0,0.0005,0.005,10.0,0.0,0.66,0.7415517445863032,9.2,0.8040302522073695,0.14,0.49277609806917666,2.01,1.1325755042059105,2.01,1.1325755042059105,17.99,1.132575504205911,10.0,0.0,20.0,0.0,2.0,0.0,1.0,0.0,3.13,1.5219272736443836
1142.0,1142.0,100,0.66,0.7415517445863032,0.033,0.03707758722931516,0.9670000000000001,0.037077587229315166,0.0,0.0,0.0,0.0,10.0,0.0,0.66,0.7415517445863032,9.2,0.8040302522073695,0.14,0.49277609806917666,2.01,1.1325755042059105,2.01,1.1325755042059105,17.99,1.132575504205911,10.0,0.0,20.0,0.0,2.0,0.0,1.0,0.0,3.13,1.5219272736443836
1143.0,1143.0,100,0.66,0.7415517445863032,0.033,0.03707758722931516,0.9670000000000001,0.037077587229315166,0.0,0.0,0.0,0.0,10.0,0.0,0.66,0.7415517445863032,9.2,0.8040302522073695,0.14,0.49277609806917666,2.01,1.1325755042059105,2.01,1.1325755042059105,17.99,1.132575504205911,10.0,0.0,20.0,0.0,2.0,0.0,1.0,0.0,3.13,1.5219272736443836
1144.0,1144.0,100,0.66,0.7415517445863032,0.033,0.03707758722931516,0.9670000000000001,0.037077587229315166,0.0,0.0,0.0,0.0,10.0,0.0,0.66,0.7415517445863032,9.2,0.8040302522073695,0.14,0.49277609806917666,2.01,1.1325755042059105,2.01,1.1325755042059105,17.99,1.132575504205911,10.0,0.0,20.0,0.0,2.0,0.0,1.0,0.0,3.13,1.5219272736443836
1145.0,1145.0,100,0.66,0.7415517445863032,0.033,0.03707758722931516,0.9670000000000001,0.037077587229315166,0.0,0.0,0.0,0.0,10.0,0.0,0.66,0.7415517445863032,9.2,0.8040302522073695,0.14,0.49277609806917666,2.01,1.1325755042059105,2.01,1.1325755042059105,17.99,1.132575504205911,10.0,0.0,20.0,0.0,2.0,0.0,1.0,0.0,3.13,1.5219272736443836
1146.0,1146.0,100,0.66,0.7415517445863032,0.033,0.03707758722931516,0.9670000000000001,0.037077587229315166,0.0,0.0,0.0,0.0,10.0,0.0,0.66,0.7415517445863032,9.2,0.8040302522073695,0.14,0.49277609806917666,2.01,1.1325755042059105,2.01,1.1325755042059105,17.99,1.132575504205911,10.0,0.0,20.0,0.0,2.0,0.0,1.0,0.0,3.13,1.5219272736443836
1147.0,1147.0,100,0.66,0.7415517445863032,0.033,0.03707758722931516,0.9670000000000001,0.037077587229315166,0.0,0.0,0.0,0.0,10.0,0.0,0.66,0.7415517445863032,9.2,0.8040302522073695,0.14,0.49277609806917666,2.01,1.1325755042059105,2.01,1.1325755042059105,17.99,1.132575504205911,10.0,0.0,20.0,0.0,2.0,0.0,1.0,0.0,3.13,1.5219272736443836
1148.0,1148.0,100,0.66,0.7415517445863032,0.033,0.03707758722931516,0.9670000000000001,0.037077587229315166,0.0,0.0,0.0,0.0,10.0,0.0,0.66,0.7415517445863032,9.2,0.8040302522073695,0.14,0.49277609806917666,2.01,1.1325755042059105,2.0,1.145919418253881,17.99,1.132575504205911,10.0,0.0,20.0,0.0,2.0,0.0,1.0,0.0,3.13,1.5219272736443836
1149.0,1149.0,100,0.66,0.7415517445863032,0.033,0.03707758722931516,0.9670000000000001,0.037077587229315166,0.0,0.0,0.0,0.0,10.0,0.0,0.66,0.7415517445863032,9.2,0.8040302522073695,0.14,0.49277609806917666,2.01,1.1325755042059105,2.0,1.145919418253881,17.99,1.132575504205911,10.0,0.0,20.0,0.0,2.0,0.0,1.0,0.0,3.13,1.5219272736443836
1150.0,1150.0,100,0.66,0.7415517445863032,0.033,0.03707758722931516,0.9670000000000001,0.037077587229315166,0.0,0.0,0.0,0.0,10.0,0.0,0.66,0.7415517445863032,9.2,0.8040302522073695,0.14,0.49277609806917666,2.01,1.1325755042059105,2.0,1.145919418253881,17.99,1.132575504205911,10.0,0.0,20.0,0.0,2.0,0.0,1.0,0.0,3.13,1.5219272736443836
1151.0,1151.0,100,0.66,0.7415517445863032,0.033,0.03707758722931516,0.9670000000000001,0.037077587229315166,0.0,0.0,0.0,0.0,10.0,0.0,0.66,0.7415517445863032,9.2,0.8040302522073695,0.14,0.49277609806917666,2.01,1.1325755042059105,2.0,1.145919418253881,17.99,1.132575504205911,10.0,0.0,20.0,0.0,2.0,0.0,1.0,0.0,3.13,1.5219272736443836
1152.0,1152.0,100,0.65,0.7436600722307894,0.0325,0.03718300361153947,0.9675,0.03718300361153947,0.0,0.0,0.0005,0.005,10.0,0.0,0.65,0.7436600722307894,9.21,0.8077278269468261,0.14,0.49277609806917666,2.0,1.145919418253881,2.0,1.145919418253881,18.0,1.1459194182538803,10.0,0.0,20.0,0.0,2.0,0.0,1.0,0.0,3.13,1.5219272736443836
1153.0,1153.0,100,0.65,0.7436600722307894,0.0325,0.03718300361153947,0.9675,0.03718300361153947,0.0,0.0,0.0,0.0,10.0,0.0,0.65,0.7436600722307894,9.21,0.8077278269468261,0.14,0.49277609806917666,2.0,1.145919418253881,2.0,1.145919418253881,18.0,1.1459194182538803,10.0,0.0,20.0,0.0,2.0,0.0,1.0,0.0,3.13,1.5219272736443836
1154.0,1154.0,100,0.65,0.7436600722307894,0.0325,0.03718300361153947,0.9675,0.03718300361153947,0.0,0.0,0.0,0.0,10.0,0.0,0.65,0.7436600722307894,9.21,0.8077278269468261,0.14,0.49277609806917666,2.0,1.145919418253881,2.0,1.145919418253881,18.0,1.1459194182538803,10.0,0.0,20.0,0.0,2.0,0.0,1.0,0.0,3.13,1.5219272736443836
1155.0,1155.0,100,0.65,0.7436600722307894,0.0325,0.03718300361153947,0.9675,0.03718300361153947,0.0,0.0,0.0,0.0,10.0,0.0,0.65,0.7436600722307894,9.21,0.8077278269468261,0.14,0.49277609806917666,2.0,1.145919418253881,2.0,1.145919418253881,18.0,1.1459194182538803,10.0,0.0,20.0,0.0,2.0,0.0,1.0,0.0,3.13,1.5219272736443836
1156.0,1156.0,100,0.65,0.7436600722307894,0.0325,0.03718300361153947,0.9675,0.03718300361153947,0.0,0.0,0.0,0.0,10.0,0.0,0.65,0.7436600722307894,9.21,0.8077278269468261,0.14,0.49277609806917666,2.0,1.145919418253881,2.0,1.145919418253881,18.0,1.1459194182538803,10.0,0.0,20.0,0.0,2.0,0.0,1.0,0.0,3.13,1.5219272736443836
1157.0,1157.0,100,0.65,0.7436600722307894,0.0325,0.03718300361153947,0.9675,0.03718300361153947,0.0,0.0,0.0,0.0,10.0,0.0,0.65,0.7436600722307894,9.21,0.8077278269468261,0.14,0.49277609806917666,2.0,1.145919418253881,2.0,1.145919418253881,18.0,1.1459194182538803,10.0,0.0,20.0,0.0,2.0,0.0,1.0,0.0,3.13,1.5219272736443836
1158.0,1158.0,100,0.65,0.7436600722307894,0.0325,0.03718300361153947,0.9675,0.03718300361153947,0.0,0.0,0.0,0.0,10.0,0.0,0.65,0.7436600722307894,9.21,0.8077278269468261,0.14,0.49277609806917666,2.0,1.145919418253881,2.0,1.145919418253881,18.0,1.1459194182538803,10.0,0.0,20.0,0.0,2.0,0.0,1.0,0.0,3.13,1.5219272736443836
1159.0,1159.0,100,0.65,0.7436600722307894,0.0325,0.03718300361153947,0.9675,0.03718300361153947,0.0,0.0,0.0,0.0,10.0,0.0,0.65,0.7436600722307894,9.21,0.8077278269468261,0.14,0.49277609806917666,2.0,1.145919418253881,2.0,1.145919418253881,18.0,1.1459194182538803,10.0,0.0,20.0,0.0,2.0,0.0,1.0,0.0,3.13,1.5219272736443836
1160.0,1160.0,100,0.65,0.7436600722307894,0.0325,0.03718300361153947,0.9675,0.03718300361153947,0.0,0.0,0.0,0.0,10.0,0.0,0.65,0.7436600722307894,9.21,0.8077278269468261,0.14,0.49277609806917666,2.0,1.145919418253881,1.99,1.1414592822038343,18.0,1.1459194182538803,10.0,0.0,20.0,0.0,2.0,0.0,1.0,0.0,3.13,1.5219272736443836
1161.0,1161.0,100,0.65,0.7436600722307894,0.0325,0.03718300361153947,0.9675,0.03718300361153947,0.0,0.0,0.0,0.0,10.0,0.0,0.65,0.7436600722307894,9.21,0.8077278269468261,0.14,0.49277609806917666,2.0,1.145919418253881,1.99,1.1414592822038343,18.0,1.1459194182538803,10.0,0.0,20.0,0.0,2.0,0.0,1.0,0.0,3.13,1.5219272736443836
1162.0,1162.0,100,0.65,0.7436600722307894,0.0325,0.03718300361153947,0.9675,0.03718300361153947,0.0,0.0,0.0,0.0,10.0,0.0,0.65,0.7436600722307894,9.21,0.8077278269468261,0.14,0.49277609806917666,2.0,1.145919418253881,1.99,1.1414592822038343,18.0,1.1459194182538803,10.0,0.0,20.0,0.0,2.0,0.0,1.0,0.0,3.13,1.5219272736443836
1163.0,1163.0,100,0.65,0.7436600722307894,0.0325,0.03718300361153947,0.9675,0.03718300361153947,0.0,0.0,0.0,0.0,10.0,0.0,0.65,0.7436600722307894,9.21,0.8077278269468261,0.14,0.49277609806917666,2.0,1.145919418253881,1.99,1.1414592822038343,18.0,1.1459194182538803,10.0,0.0,20.0,0.0,2.0,0.0,1.0,0.0,3.13,1.5219272736443836
1164.0,1164.0,100,0.64,0.7456269817808338,0.032,0.03728134908904171,0.968,0.037281349089041696,0.0,0.0,0.0005,0.005,10.0,0.0,0.64,0.7456269817808338,9.22,0.8112840551753853,0.14,0.49277609806917666,1.99,1.1414592822038343,1.99,1.1414592822038343,18.01,1.1414592822038336,10.0,0.0,20.0,0.0,2.0,0.0,1.0,0.0,3.13,1.5219272736443836
1165.0,1165.0,100,0.64,0.7456269817808338,0.032,0.03728134908904171,0.968,0.037281349089041696,0.0,0.0,0.0,0.0,10.0,0.0,0.64,0.7456269817808338,9.22,0.8112840551753853,0.14,0.49277609806917666,1.99,1.1414592822038343,1.99,1.1414592822038343,18.01,1.1414592822038336,10.0,0.0,20.0,0.0,2.0,0.0,1.0,0.0,3.13,1.5219272736443836
1166.0,1166.0,100,0.64,0.7456269817808338,0.032,0.03728134908904171,0.968,0.037281349089041696,0.0,0.0,0.0,0.0,10.0,0.0,0.64,0.7456269817808338,9.22,0.8112840551753853,0.14,0.49277609806917666,1.99,1.1414592822038343,1.99,1.1414592822038343,18.01,1.1414592822038336,10.0,0.0,20.0,0.0,2.0,0.0,1.0,0.0,3.13,1.5219272736443836
1167.0,1167.0,100,0.64,0.7456269817808338,0.032,0.03728134908904171,0.968,0.037281349089041696,0.0,0.0,0.0,0.0,10.0,0.0,0.64,0.7456269817808338,9.22,0.8112840551753853,0.14,0.49277609806917666,1.99,1.1414592822038343,1.99,1.1414592822038343,18.01,1.1414592822038336,10.0,0.0,20.0,0.0,2.0,0.0,1.0,0.0,3.13,1.5219272736443836
1168.0,1168.0,100,0.64,0.7456269817808338,0.032,0.03728134908904171,0.968,0.037281349089041696,0.0,0.0,0.0,0.0,10.0,0.0,0.64,0.7456269817808338,9.22,0.8112840551753853,0.14,0.49277609806917666,1.99,1.1414592822038343,1.99,1.1414592822038343,18.01,1.1414592822038336,10.0,0.0,20.0,0.0,2.0,0.0,1.0,0.0,3.13,1.5219272736443836
1169.0,1169.0,100,0.64,0.7456269817808338,0.032,0.03728134908904171,0.968,0.037281349089041696,0.0,0.0,0.0,0.0,10.0,0.0,0.64,0.7456269817808338,9.22,0.8112840551753853,0.14,0.49277609806917666,1.99,1.1414592822038343,1.99,1.1414592822038343,18.01,1.1414592822038336,10.0,0.0,20.0,0.0,2.0,0.0,1.0,0.0,3.13,1.5219272736443836
1170.0,1170.0,100,0.64,0.7456269817808338,0.032,0.03728134908904171,0.968,0.037281349089041696,0.0,0.0,0.0,0.0,10.0,0.0,0.64,0.7456269817808338,9.22,0.8112840551753853,0.14,0.49277609806917666,1.99,1.1414592822038343,1.99,1.1414592822038343,18.01,1.1414592822038336,10.0,0.0,20.0,0.0,2.0,0.0,1.0,0.0,3.13,1.5219272736443836
1171.0,1171.0,100,0.64,0.7456269817808338,0.032,0.03728134908904171,0.968,0.037281349089041696,0.0,0.0,0.0,0.0,10.0,0.0,0.64,0.7456269817808338,9.22,0.8112840551753853,0.14,0.49277609806917666,1.99,1.1414592822038343,1.99,1.1414592822038343,18.01,1.1414592822038336,10.0,0.0,20.0,0.0,2.0,0.0,1.0,0.0,3.13,1.5219272736443836
1172.0,1172.0,100,0.64,0.7456269817808338,0.032,0.03728134908904171,0.968,0.037281349089041696,0.0,0.0,0.0,0.0,10.0,0.0,0.64,0.7456269817808338,9.22,0.8112840551753853,0.14,0.49277609806917666,1.99,1.1414592822038343,1.99,1.1414592822038343,18.01,1.1414592822038336,10.0,0.0,20.0,0.0,2.0,0.0,1.0,0.0,3.13,1.5219272736443836
1173.0,1173.0,100,0.64,0.7456269817808338,0.032,0.03728134908904171,0.968,0.037281349089041696,0.0,0.0,0.0,0.0,10.0,0.0,0.64,0.7456269817808338,9.22,0.8112840551753853,0.14,0.49277609806917666,1.99,1.1414592822038343,1.99,1.1414592822038343,18.01,1.1414592822038336,10.0,0.0,20.0,0.0,2.0,0.0,1.0,0.0,3.13,1.5219272736443836
1174.0,1174.0,100,0.64,0.7456269817808338,0.032,0.03728134908904171,0.968,0.037281349089041696,0.0,0.0,0.0,0.0,10.0,0.0,0.64,0.7456269817808338,9.22,0.8112840551753853,0.14,0.49277609806917666,1.99,1.1414592822038343,1.99,1.1414592822038343,18.01,1.1414592822038336,10.0,0.0,20.0,0.0,2.0,0.0,1.0,0.0,3.13,1.5219272736443836
1175.0,1175.0,100,0.64,0.7456269817808338,0.032,0.03728134908904171,0.968,0.037281349089041696,0.0,0.0,0.0,0.0,10.0,0.0,0.64,0.7456269817808338,9.22,0.8112840551753853,0.14,0.49277609806917666,1.99,1.1414592822038343,1.99,1.1414592822038343,18.01,1.1414592822038336,10.0,0.0,20.0,0.0,2.0,0.0,1.0,0.0,3.13,1.5219272736443836
1176.0,1176.0,100,0.64,0.7456269817808338,0.032,0.03728134908904171,0.968,0.037281349089041696,0.0,0.0,0.0,0.0,10.0,0.0,0.64,0.7456269817808338,9.22,0.8112840551753853,0.14,0.49277609806917666,1.99,1.1414592822038343,1.99,1.1414592822038343,18.01,1.1414592822038336,10.0,0.0,20.0,0.0,2.0,0.0,1.0,0.0,3.13,1.5219272736443836
1177.0,1177.0,100,0.64,0.7456269817808338,0.032,0.03728134908904171,0.968,0.037281349089041696,0.0,0.0,0.0,0.0,10.0,0.0,0.64,0.7456269817808338,9.22,0.8112840551753853,0.14,0.49277609806917666,1.99,1.1414592822038343,1.99,1.1414592822038343,18.01,1.1414592822038336,10.0,0.0,20.0,0.0,2.0,0.0,1.0,0.0,3.13,1.5219272736443836
1178.0,1178.0,100,0.64,0.7456269817808338,0.032,0.03728134908904171,0.968,0.037281349089041696,0.0,0.0,0.0,0.0,10.0,0.0,0.64,0.7456269817808338,9.22,0.8112840551753853,0.14,0.49277609806917666,1.99,1.1414592822038343,1.99,1.1414592822038343,18.01,1.1414592822038336,10.0,0.0,20.0,0.0,2.0,0.0,1.0,0.0,3.13,1.5219272736443836
1179.0,1179.0,100,0.64,0.7456269817808338,0.032,0.03728134908904171,0.968,0.037281349089041696,0.0,0.0,0.0,0.0,10.0,0.0,0.64,0.7456269817808338,9.22,0.8112840551753853,0.14,0.49277609806917666,1.99,1.1414592822038343,1.99,1.1414592822038343,18.01,1.1414592822038336,10.0,0.0,20.0,0.0,2.0,0.0,1.0,0.0,3.13,1.5219272736443836
1180.0,1180.0,100,0.64,0.7456269817808338,0.032,0.03728134908904171,0.968,0.037281349089041696,0.0,0.0,0.0,0.0,10.0,0.0,0.64,0.7456269817808338,9.22,0.8112840551753853,0.14,0.49277609806917666,1.99,1.1414592822038343,1.99,1.1414592822038343,18.01,1.1414592822038336,10.0,0.0,20.0,0.0,2.0,0.0,1.0,0.0,3.13,1.5219272736443836
1181.0,1181.0,100,0.64,0.7456269817808338,0.032,0.03728134908904171,0.968,0.037281349089041696,0.0,0.0,0.0,0.0,10.0,0.0,0.64,0.7456269817808338,9.22,0.8112840551753853,0.14,0.49277609806917666,1.99,1.1414592822038343,1.99,1.1414592822038343,18.01,1.1414592822038336,10.0,0.0,20.0,0.0,2.0,0.0,1.0,0.0,3.13,1.5219272736443836
1182.0,1182.0,100,0.64,0.7456269817808338,0.032,0.03728134908904171,0.968,0.037281349089041696,0.0,0.0,0.0,0.0,10.0,0.0,0.64,0.7456269817808338,9.22,0.8112840551753853,0.14,0.49277609806917666,1.99,1.1414592822038343,1.99,1.1414592822038343,18.01,1.1414592822038336,10.0,0.0,20.0,0.0,2.0,0.0,1.0,0.0,3.13,1.5219272736443836
1183.0,1183.0,100,0.64,0.7456269817808338,0.032,0.03728134908904171,0.968,0.037281349089041696,0.0,0.0,0.0,0.0,10.0,0.0,0.64,0.7456269817808338,9.22,0.8112840551753853,0.14,0.49277609806917666,1.99,1.1414592822038343,1.99,1.1414592822038343,18.01,1.1414592822038336,10.0,0.0,20.0,0.0,2.0,0.0,1.0,0.0,3.13,1.5219272736443836
1184.0,1184.0,100,0.64,0.7456269817808338,0.032,0.03728134908904171,0.968,0.037281349089041696,0.0,0.0,0.0,0.0,10.0,0.0,0.64,0.7456269817808338,9.22,0.8112840551753853,0.14,0.49277609806917666,1.99,1.1414592822038343,1.99,1.1414592822038343,18.01,1.1414592822038336,10.0,0.0,20.0,0.0,2.0,0.0,1.0,0.0,3.13,1.5219272736443836
1185.0,1185.0,100,0.64,0.7456269817808338,0.032,0.03728134908904171,0.968,0.037281349089041696,0.0,0.0,0.0,0.0,10.0,0.0,0.64,0.7456269817808338,9.22,0.8112840551753853,0.14,0.49277609806917666,1.99,1.1414592822038343,1.99,1.1414592822038343,18.01,1.1414592822038336,10.0,0.0,20.0,0.0,2.0,0.0,1.0,0.0,3.13,1.5219272736443836
1186.0,1186.0,100,0.64,0.7456269817808338,0.032,0.03728134908904171,0.968,0.037281349089041696,0.0,0.0,0.0,0.0,10.0,0.0,0.64,0.7456269817808338,9.22,0.8112840551753853,0.14,0.49277609806917666,1.99,1.1414592822038343,1.98,1.1368928060838683,18.01,1.1414592822038336,10.0,0.0,20.0,0.0,2.0,0.0,1.0,0.0,3.13,1.5219272736443836
1187.0,1187.0,100,0.64,0.7456269817808338,0.032,0.03728134908904171,0.968,0.037281349089041696,0.0,0.0,0.0,0.0,10.0,0.0,0.64,0.7456269817808338,9.22,0.8112840551753853,0.14,0.49277609806917666,1.99,1.1414592822038343,1.98,1.1368928060838683,18.01,1.1414592822038336,10.0,0.0,20.0,0.0,2.0,0.0,1.0,0.0,3.13,1.5219272736443836
1188.0,1188.0,100,0.64,0.7456269817808338,0.032,0.03728134908904171,0.968,0.037281349089041696,0.0,0.0,0.0,0.0,10.0,0.0,0.64,0.7456269817808338,9.22,0.8112840551753853,0.14,0.49277609806917666,1.99,1.1414592822038343,1.98,1.1368928060838683,18.01,1.1414592822038336,10.0,0.0,20.0,0.0,2.0,0.0,1.0,0.0,3.13,1.5219272736443836
1189.0,1189.0,100,0.64,0.7456269817808338,0.032,0.03728134908904171,0.968,0.037281349089041696,0.0,0.0,0.0,0.0,10.0,0.0,0.64,0.7456269817808338,9.22,0.8112840551753853,0.14,0.49277609806917666,1.99,1.1414592822038343,1.98,1.1368928060838683,18.01,1.1414592822038336,10.0,0.0,20.0,0.0,2.0,0.0,1.0,0.0,3.13,1.5219272736443836
1190.0,1190.0,100,0.63,0.7474535896541461,0.0315,0.037372679482707304,0.9684999999999999,0.03737267948270733,0.0,0.0,0.0005,0.004999999999999998,10.0,0.0,0.63,0.7474535896541461,9.23,0.814700787858569,0.14,0.49277609806917666,1.98,1.1368928060838683,1.98,1.1368928060838683,18.02,1.1368928060838672,10.0,0.0,20.0,0.0,2.0,0.0,1.0,0.0,3.13,1.5219272736443836
1191.0,1191.0,100,0.63,0.7474535896541461,0.0315,0.037372679482707304,0.9684999999999999,0.03737267948270733,0.0,0.0,0.0,0.0,10.0,0.0,0.63,0.7474535896541461,9.23,0.814700787858569,0.14,0.49277609806917666,1.98,1.1368928060838683,1.98,1.1368928060838683,18.02,1.1368928060838672,10.0,0.0,20.0,0.0,2.0,0.0,1.0,0.0,3.13,1.5219272736443836
1192.0,1192.0,100,0.63,0.7474535896541461,0.0315,0.037372679482707304,0.9684999999999999,0.03737267948270733,0.0,0.0,0.0,0.0,10.0,0.0,0.63,0.7474535896541461,9.23,0.814700787858569,0.14,0.49277609806917666,1.98,1.1368928060838683,1.98,1.1368928060838683,18.02,1.1368928060838672,10.0,0.0,20.0,0.0,2.0,0.0,1.0,0.0,3.13,1.5219272736443836
1193.0,1193.0,100,0.63,0.7474535896541461,0.0315,0.037372679482707304,0.9684999999999999,0.03737267948270733,0.0,0.0,0.0,0.0,10.0,0.0,0.63,0.7474535896541461,9.23,0.814700787858569,0.14,0.49277609806917666,1.98,1.1368928060838683,1.98,1.1368928060838683,18.02,1.1368928060838672,10.0,0.0,20.0,0.0,2.0,0.0,1.0,0.0,3.13,1.5219272736443836
1194.0,1194.0,100,0.63,0.7474535896541461,0.0315,0.037372679482707304,0.9684999999999999,0.03737267948270733,0.0,0.0,0.0,0.0,10.0,0.0,0.63,0.7474535896541461,9.23,0.814700787858569,0.14,0.49277609806917666,1.98,1.1368928060838683,1.98,1.1368928060838683,18.02,1.1368928060838672,10.0,0.0,20.0,0.0,2.0,0.0,1.0,0.0,3.13,1.5219272736443836
1195.0,1195.0,100,0.63,0.7474535896541461,0.0315,0.037372679482707304,0.9684999999999999,0.03737267948270733,0.0,0.0,0.0,0.0,10.0,0.0,0.63,0.7474535896541461,9.23,0.814700787858569,0.14,0.49277609806917666,1.98,1.1368928060838683,1.98,1.1368928060838683,18.02,1.1368928060838672,10.0,0.0,20.0,0.0,2.0,0.0,1.0,0.0,3.13,1.5219272736443836
1196.0,1196.0,100,0.63,0.7474535896541461,0.0315,0.037372679482707304,0.9684999999999999,0.03737267948270733,0.0,0.0,0.0,0.0,10.0,0.0,0.63,0.7474535896541461,9.23,0.814700787858569,0.14,0.49277609806917666,1.98,1.1368928060838683,1.97,1.1411052590016453,18.02,1.1368928060838672,10.0,0.0,20.0,0.0,2.0,0.0,1.0,0.0,3.13,1.5219272736443836
1197.0,1197.0,100,0.63,0.7474535896541461,0.0315,0.037372679482707304,0.9684999999999999,0.03737267948270733,0.0,0.0,0.0,0.0,10.0,0.0,0.63,0.7474535896541461,9.23,0.814700787858569,0.14,0.49277609806917666,1.98,1.1368928060838683,1.97,1.1411052590016453,18.02,1.1368928060838672,10.0,0.0,20.0,0.0,2.0,0.0,1.0,0.0,3.13,1.5219272736443836
1198.0,1198.0,100,0.63,0.7474535896541461,0.0315,0.037372679482707304,0.9684999999999999,0.03737267948270733,0.0,0.0,0.0,0.0,10.0,0.0,0.63,0.7474535896541461,9.23,0.814700787858569,0.14,0.49277609806917666,1.98,1.1368928060838683,1.96,1.1363595959524129,18.02,1.1368928060838672,10.0,0.0,20.0,0.0,2.0,0.0,1.0,0.0,3.13,1.5219272736443836
1199.0,1199.0,100,0.63,0.7474535896541461,0.0315,0.037372679482707304,0.9684999999999999,0.03737267948270733,0.0,0.0,0.0,0.0,10.0,0.0,0.63,0.7474535896541461,9.23,0.814700787858569,0.14,0.49277609806917666,1.98,1.1368928060838683,1.96,1.1363595959524129,18.02,1.1368928060838672,10.0,0.0,20.0,0.0,2.0,0.0,1.0,0.0,3.13,1.5219272736443836
1200.0,1200.0,100,0.62,0.735533888417183,0.031,0.03677669442085914,0.9689999999999999,0.036776694420859166,0.0,0.0,0.0005,0.005,10.0,0.0,0.62,0.735533888417183,9.24,0.8055363982396379,0.14,0.49277609806917666,1.97,1.1411052590016453,1.96,1.1363595959524129,18.03,1.1411052590016444,10.0,0.0,20.0,0.0,2.0,0.0,1.0,0.0,3.13,1.5219272736443836
