drone_type,Step,simulated_time_s,replications,residual_deficit_mean,residual_deficit_std,normalized_deficit_mean,normalized_deficit_std,capacity_adjusted_coverage_mean,capacity_adjusted_coverage_std,normalized_unavoidable_deficit_mean,normalized_unavoidable_deficit_std,r_delta_mean,r_delta_std,covered_points_mean,covered_points_std,underserved_points_mean,underserved_points_std,exactly_satisfied_points_mean,exactly_satisfied_points_std,overserved_points_mean,overserved_points_std,idle_drones_mean,idle_drones_std,exploring_drones_mean,exploring_drones_std,stationing_drones_mean,stationing_drones_std,active_points_mean,active_points_std,total_demand_mean,total_demand_std,mean_demand_per_point_mean,mean_demand_per_point_std,fleet_load_mean,fleet_load_std,overlapping_zones_mean,overlapping_zones_std
fixed_wing,0.0,0.0,100,19.97,0.171446607997766,0.9984999999999999,0.008572330399888245,0.0015000000000000002,0.008572330399888266,0.0,0.0,,,0.03,0.17144660799776532,10.0,0.0,0.0,0.0,0.0,0.0,19.97,0.171446607997766,0.0,0.0,0.0,0.0,10.0,0.0,20.0,0.0,2.0,0.0,1.0,0.0,3.13,1.5219272736443836
fixed_wing,1.0,1.0,100,19.91,0.37859388972001823,0.9954999999999999,0.018929694486000914,0.0045000000000000005,0.018929694486000917,0.0,0.0,0.002999999999999999,0.013889898953170714,0.06,0.23868325657594203,9.97,0.17144660799776498,0.02,0.1407052941362897,0.01,0.09999999999999999,19.9,0.43808582711518096,19.65,1.0576799462440747,0.0,0.0,10.0,0.0,20.0,0.0,2.0,0.0,1.0,0.0,3.13,1.5219272736443836
fixed_wing,2.0,2.0,100,19.77,0.5835281060112281,0.9884999999999999,0.029176405300561398,0.011500000000000002,0.02917640530056138,0.0,0.0,0.007000000000000001,0.021343747458109495,0.15,0.35887028128263665,9.92,0.2726599243442907,0.03,0.1714466079977653,0.05,0.21904291355759034,19.68,0.9415225151129657,19.51,1.1054959123041626,0.0,0.0,10.0,0.0,20.0,0.0,2.0,0.0,1.0,0.0,3.13,1.5219272736443836
fixed_wing,3.0,3.0,100,19.65,0.7299508769967213,0.9825,0.03649754384983604,0.0175,0.036497543849836084,0.0,0.0,0.006000000000000002,0.019174899417644095,0.24,0.4739688435398098,9.89,0.3144660377352201,0.03,0.1714466079977653,0.08,0.27265992434429076,19.48,1.2591483413222384,19.44,1.0571545570898124,0.0,0.0,10.0,0.0,20.0,0.0,2.0,0.0,1.0,0.0,3.13,1.5219272736443836
fixed_wing,4.0,4.0,100,19.53,0.8581751840181862,0.9765,0.042908759200909294,0.0235,0.042908759200909266,0.0,0.0,0.0059999999999999975,0.017809315460503163,0.29,0.5182526976156117,9.82,0.3861229196653693,0.09,0.2876234912646614,0.09,0.2876234912646613,19.35,1.3807844352271843,19.26,1.211226942843787,0.0,0.0,10.0,0.0,20.0,0.0,2.0,0.0,1.0,0.0,3.13,1.5219272736443836
fixed_wing,5.0,5.0,100,19.38,0.9824726587811619,0.9690000000000001,0.049123632939058096,0.031,0.04912363293905808,0.0,0.0,0.007499999999999998,0.020566472667421554,0.36,0.541602560309064,9.74,0.4845074558223793,0.14,0.34873508801977704,0.12,0.32659863237109044,19.1,1.678744119329035,19.0,1.4839205511145823,0.0,0.0,10.0,0.0,20.0,0.0,2.0,0.0,1.0,0.0,3.13,1.5219272736443836
fixed_wing,6.0,6.0,100,19.21,1.1572782419508836,0.9605,0.057863912097544205,0.0395,0.057863912097544205,0.0,0.0,0.008499999999999997,0.024674650632549665,0.44,0.6562827673397122,9.65,0.5388914922357193,0.13,0.33799766898963113,0.22,0.4623173950192375,18.8,2.0250950844368028,18.84,1.593674364416389,0.0,0.0,10.0,0.0,20.0,0.0,2.0,0.0,1.0,0.0,3.13,1.5219272736443836
fixed_wing,7.0,7.0,100,19.07,1.241170838565364,0.9534999999999999,0.06205854192826824,0.04650000000000001,0.062058541928268235,0.0,0.0,0.007000000000000002,0.022495790852081782,0.52,0.6739001514626733,9.59,0.6046119049072352,0.14,0.348735088019777,0.27,0.48938221207451915,18.57,2.170765354021991,18.76,1.6460543580012634,0.0,0.0,10.0,0.0,20.0,0.0,2.0,0.0,1.0,0.0,3.13,1.5219272736443836
fixed_wing,8.0,8.0,100,18.95,1.3209653647804303,0.9475,0.06604826823902148,0.0525,0.0660482682390215,0.0,0.0,0.006,0.019174899417644088,0.58,0.713222874483754,9.53,0.6428314889862841,0.13,0.3379976689896311,0.34,0.5359782899266791,18.27,2.4571273364387833,18.79,1.5718161662885586,0.0,0.0,10.0,0.0,20.0,0.0,2.0,0.0,1.0,0.0,3.13,1.5219272736443836
fixed_wing,9.0,9.0,100,18.82,1.3808210118138646,0.941,0.06904105059069325,0.059000000000000004,0.06904105059069326,0.0,0.0,0.006499999999999999,0.02090744394040582,0.65,0.7436600722307896,9.47,0.6735253251633257,0.18,0.3861229196653691,0.35,0.5388914922357194,18.07,2.575153226783629,18.68,1.5033968272555385,0.0,0.0,10.0,0.0,20.0,0.0,2.0,0.0,1.0,0.0,3.13,1.5219272736443836
fixed_wing,10.0,10.0,100,18.61,1.4900003389600323,0.9305,0.07450001694800158,0.0695,0.0745000169480016,0.0,0.0,0.0105,0.023884190282581187,0.79,0.832363071518843,9.4,0.710669054518701,0.18,0.3861229196653692,0.42,0.6384957068585252,17.8,2.6967994498529686,18.63,1.481570283533828,0.0,0.0,10.0,0.0,20.0,0.0,2.0,0.0,1.0,0.0,3.13,1.5219272736443836
fixed_wing,11.0,11.0,100,18.4,1.5699192541804383,0.92,0.07849596270902195,0.08,0.07849596270902193,0.0,0.0,0.010499999999999999,0.02491906089642215,0.91,0.8887057892227214,9.31,0.7479939501726933,0.24,0.4521553322083513,0.45,0.6571287406727708,17.52,2.8050459583191905,18.49,1.6174240650060228,0.0,0.0,10.0,0.0,20.0,0.0,2.0,0.0,1.0,0.0,3.13,1.5219272736443836
fixed_wing,12.0,12.0,100,18.2,1.675732916690726,0.91,0.08378664583453632,0.09,0.08378664583453632,0.0,0.0,0.01,0.02247332874877474,1.0,0.9211323729436766,9.2,0.8164965809277263,0.32,0.5295319068800675,0.48,0.6587407638361191,17.33,2.839316321179654,18.29,1.79390100286521,0.0,0.0,10.0,0.0,20.0,0.0,2.0,0.0,1.0,0.0,3.13,1.5219272736443836
fixed_wing,13.0,13.0,100,18.04,1.7403122905636415,0.902,0.08701561452818207,0.098,0.08701561452818206,0.0,0.0,0.008,0.023268307661154508,1.1,0.9587449708822046,9.14,0.8530397222150724,0.29,0.49838121792844314,0.57,0.685418105828829,17.07,2.896375303545778,18.28,1.7700082748194401,0.0,0.0,10.0,0.0,20.0,0.0,2.0,0.0,1.0,0.0,3.13,1.5219272736443836
fixed_wing,14.0,14.0,100,17.89,1.8634983935131968,0.8945000000000001,0.09317491967565981,0.10550000000000001,0.09317491967565981,0.0,0.0,0.007499999999999999,0.021759706994462228,1.16,0.9920899274977165,9.05,0.9360890055238476,0.35,0.5924610544247623,0.6,0.6963106238227915,16.89,2.9090419819117876,18.23,1.751507287389287,0.0,0.0,10.0,0.0,20.0,0.0,2.0,0.0,1.0,0.0,3.13,1.5219272736443836
fixed_wing,15.0,15.0,100,17.73,1.8794744591039927,0.8865000000000001,0.09397372295519962,0.11349999999999999,0.0939737229551996,0.0,0.0,0.007999999999999997,0.022156468376279884,1.23,1.0035794523463089,8.96,0.9419515525082635,0.35,0.5751591786697668,0.69,0.7745314647572362,16.62,2.9772877630894903,18.1,1.7085642859406605,0.0,0.0,10.0,0.0,20.0,0.0,2.0,0.0,1.0,0.0,3.13,1.5219272736443836
fixed_wing,16.0,16.0,100,17.6,1.9016207866348165,0.88,0.09508103933174081,0.12,0.09508103933174078,0.0,0.0,0.006500000000000001,0.02319765749232696,1.31,1.0415121097459574,8.91,0.9111542241585779,0.37,0.5441145155760928,0.72,0.7531750973530174,16.44,2.962117724558127,18.03,1.6904664349453284,0.0,0.0,10.0,0.0,20.0,0.0,2.0,0.0,1.0,0.0,3.13,1.5219272736443836
fixed_wing,17.0,17.0,100,17.46,1.903850431269869,0.873,0.09519252156349345,0.127,0.09519252156349345,0.0,0.0,0.006999999999999999,0.023591643786850813,1.4,1.063632046956621,8.86,0.9103223982122312,0.42,0.6060303022726895,0.72,0.725857208319024,16.31,2.8944216637657965,17.99,1.898936438104128,0.0,0.0,10.0,0.0,20.0,0.0,2.0,0.0,1.0,0.0,3.13,1.5219272736443836
fixed_wing,18.0,18.0,100,17.43,1.9397750572494934,0.8715,0.0969887528624746,0.1285,0.09698875286247466,0.0,0.0,0.0015000000000000002,0.022978909961751955,1.42,1.0841372308677237,8.85,0.9252354327740622,0.45,0.6723244767373874,0.7,0.6741998624632421,16.29,2.938064366589374,17.85,2.0069324297987157,0.0,0.0,10.0,0.0,20.0,0.0,2.0,0.0,1.0,0.0,3.13,1.5219272736443836
fixed_wing,19.0,19.0,100,17.38,1.9215944557906204,0.8690000000000001,0.09607972278953107,0.131,0.09607972278953107,0.0,0.0,0.0025000000000000044,0.02694457461178598,1.47,1.0584436831041275,8.85,0.9468181696950295,0.42,0.6693883835866948,0.73,0.7365631354644709,16.18,3.0163862250358218,17.61,2.2242692591891253,0.0,0.0,10.0,0.0,20.0,0.0,2.0,0.0,1.0,0.0,3.13,1.5219272736443836
fixed_wing,20.0,20.0,100,17.27,2.068791673876079,0.8634999999999999,0.10343958369380396,0.1365,0.10343958369380393,0.0,0.0,0.005500000000000004,0.022355032425551855,1.55,1.157976291168818,8.82,0.9783515304693489,0.42,0.654124443725189,0.76,0.7264136340107938,16.12,3.0059872913835806,17.5,2.1532216876958197,0.0,0.0,10.0,0.0,20.0,0.0,2.0,0.0,1.0,0.0,3.13,1.5219272736443836
fixed_wing,21.0,21.0,100,17.13,2.116099900259623,0.8565,0.10580499501298117,0.1435,0.10580499501298117,0.0,0.0,0.006999999999999996,0.030167880437661013,1.6,1.1547005383792515,8.73,1.0430627008860964,0.46,0.626357112455213,0.81,0.787464926267202,15.98,3.0150464425121304,17.53,2.071719141684076,0.0,0.0,10.0,0.0,20.0,0.0,2.0,0.0,1.0,0.0,3.13,1.5219272736443836
fixed_wing,22.0,22.0,100,17.09,2.11342510077023,0.8545,0.10567125503851156,0.14550000000000002,0.1056712550385115,0.0,0.0,0.0020000000000000005,0.03327267207590498,1.63,1.1604161566290159,8.72,1.035530411104972,0.46,0.6422812876966387,0.82,0.8087900927567141,15.92,3.050682983639346,17.48,2.0224997034622905,0.0,0.0,10.0,0.0,20.0,0.0,2.0,0.0,1.0,0.0,3.13,1.5219272736443836
fixed_wing,23.0,23.0,100,17.05,2.0955701232395305,0.8525,0.10477850616197652,0.1475,0.10477850616197652,0.0,0.0,0.0020000000000000005,0.021225104251924195,1.68,1.1710307986185209,8.73,1.0333333333333334,0.43,0.7420283421851623,0.84,0.8375047112787731,15.75,3.108720221271354,17.33,2.0843573241038724,0.0,0.0,10.0,0.0,20.0,0.0,2.0,0.0,1.0,0.0,3.13,1.5219272736443836
fixed_wing,24.0,24.0,100,17.03,2.095955701590638,0.8515,0.10479778507953189,0.1485,0.10479778507953189,0.0,0.0,0.0009999999999999998,0.03013437917198243,1.7,1.1677484162422844,8.73,1.0333333333333332,0.39,0.7091750791795303,0.88,0.8793937305515276,15.73,3.034665042338597,17.28,2.11812762752027,0.0,0.0,10.0,0.0,20.0,0.0,2.0,0.0,1.0,0.0,3.13,1.5219272736443836
fixed_wing,25.0,25.0,100,16.93,2.1189620100417095,0.8465,0.10594810050208542,0.1535,0.10594810050208546,0.0,0.0,0.005000000000000001,0.0321769099721141,1.77,1.1794109127060426,8.7,1.049290284435199,0.43,0.6552815726036704,0.87,0.8487066809581684,15.64,3.0633710882363605,17.29,2.1286643984461526,0.0,0.0,10.0,0.0,20.0,0.0,2.0,0.0,1.0,0.0,3.13,1.5219272736443836
fixed_wing,26.0,26.0,100,16.72,2.225109235770485,0.836,0.11125546178852423,0.16400000000000003,0.11125546178852425,0.0,0.0,0.010499999999999999,0.02591263488078058,1.88,1.2494847422886453,8.6,1.0730867399773194,0.52,0.68872595010166,0.88,0.9020739291972547,15.41,3.2132773791180114,17.16,2.2280126579623385,0.0,0.0,10.0,0.0,20.0,0.0,2.0,0.0,1.0,0.0,3.13,1.5219272736443836
fixed_wing,27.0,27.0,100,16.71,2.3324457186187706,0.8355,0.11662228593093851,0.16449999999999998,0.1166222859309385,0.0,0.0,0.0004999999999999983,0.036580477213006835,1.89,1.3249356759686661,8.6,1.119162746219357,0.5,0.6590473688161073,0.9,0.904534033733291,15.37,3.3018360365289516,17.21,2.090357854434488,0.0,0.0,10.0,0.0,20.0,0.0,2.0,0.0,1.0,0.0,3.13,1.5219272736443836
fixed_wing,28.0,28.0,100,16.66,2.310363126821794,0.833,0.11551815634108971,0.16699999999999998,0.11551815634108971,0.0,0.0,0.0025,0.025990479997588557,1.92,1.3460004352589083,8.58,1.0841372308677233,0.57,0.7282884321503674,0.85,0.9252354327740623,15.39,3.287241943629886,17.08,2.2004590889221736,0.0,0.0,10.0,0.0,20.0,0.0,2.0,0.0,1.0,0.0,3.13,1.5219272736443836
fixed_wing,29.0,29.0,100,16.64,2.298528295068895,0.8320000000000001,0.11492641475344476,0.168,0.11492641475344474,0.0,0.0,0.0010000000000000009,0.027505738611527168,2.0,1.378038424351766,8.64,1.0398135030918385,0.52,0.6739001514626733,0.84,0.8844332774281067,15.46,3.2080076576144787,16.84,2.3643821667198877,0.0,0.0,10.0,0.0,20.0,0.0,2.0,0.0,1.0,0.0,3.13,1.5219272736443836
fixed_wing,30.0,30.0,100,16.51,2.2807716220435554,0.8255,0.11403858110217778,0.1745,0.1140385811021778,0.0,0.0,0.006500000000000005,0.025281246293278624,2.1,1.3446489534747754,8.61,1.0626344240574548,0.55,0.7299508769967215,0.84,0.9398044069019486,15.29,3.2607088527223986,16.88,2.253078701768679,0.0,0.0,10.0,0.0,20.0,0.0,2.0,0.0,1.0,0.0,3.13,1.5219272736443836
fixed_wing,31.0,31.0,100,16.49,2.258519225268868,0.8245,0.11292596126344345,0.17550000000000002,0.11292596126344344,0.0,0.0,0.0009999999999999953,0.03176619129028389,2.14,1.3708362116576578,8.63,1.0215357818184119,0.57,0.7282884321503675,0.8,0.9101004495564368,15.33,3.187903272172365,16.89,2.1737413634449516,0.0,0.0,10.0,0.0,20.0,0.0,2.0,0.0,1.0,0.0,3.13,1.5219272736443836
fixed_wing,32.0,32.0,100,16.33,2.278822130625886,0.8165,0.11394110653129433,0.18350000000000002,0.11394110653129431,0.0,0.0,0.008000000000000005,0.027265992434429072,2.22,1.322532006830424,8.55,1.0952145677879515,0.7,0.8226589066968623,0.75,0.8918825850158446,15.23,3.177747757151409,16.69,2.163494180881259,0.0,0.0,10.0,0.0,20.0,0.0,2.0,0.0,1.0,0.0,3.13,1.5219272736443836
fixed_wing,33.0,33.0,100,16.16,2.3386087550274226,0.8079999999999999,0.11693043775137107,0.192,0.11693043775137109,0.0,0.0,0.008500000000000004,0.030197163556676756,2.3,1.3219208552234685,8.46,1.1229470606444907,0.77,0.8270062840990955,0.77,0.8510836823388369,15.14,3.1173026413192155,16.42,2.22101987675241,0.0,0.0,10.0,0.0,20.0,0.0,2.0,0.0,1.0,0.0,3.13,1.5219272736443836
fixed_wing,34.0,34.0,100,15.98,2.441145616138439,0.799,0.12205728080692195,0.201,0.12205728080692192,0.0,0.0,0.009000000000000001,0.03436288813251995,2.41,1.378734597705117,8.39,1.1797534411130923,0.87,0.89504810547317,0.74,0.8241310085125539,14.96,3.1938071388867617,16.27,2.187452741192251,0.0,0.0,10.0,0.0,20.0,0.0,2.0,0.0,1.0,0.0,3.13,1.5219272736443836
fixed_wing,35.0,35.0,100,15.9,2.3889476149699695,0.795,0.11944738074849848,0.205,0.11944738074849848,0.0,0.0,0.003999999999999997,0.028141058827257936,2.45,1.3586609569571046,8.35,1.157976291168818,0.86,0.8764021953879442,0.79,0.8795660086863087,14.8,3.293703819180596,16.17,2.229530910485002,0.0,0.0,10.0,0.0,20.0,0.0,2.0,0.0,1.0,0.0,3.13,1.5219272736443836
fixed_wing,36.0,36.0,100,15.78,2.3723150692685797,0.789,0.11861575346342902,0.21100000000000002,0.11861575346342904,0.0,0.0,0.005999999999999997,0.030384738327527572,2.6,1.3632996217214537,8.38,1.1527744310527057,0.79,0.8077278269468265,0.83,0.9107106782035331,14.72,3.3092463055975614,16.04,2.330821158460527,0.0,0.0,10.0,0.0,20.0,0.0,2.0,0.0,1.0,0.0,3.13,1.5219272736443836
fixed_wing,37.0,37.0,100,15.65,2.3968624272055115,0.7825,0.11984312136027557,0.2175,0.11984312136027556,0.0,0.0,0.006500000000000003,0.027205725778804635,2.65,1.3734495390671024,8.3,1.1677484162422844,0.79,0.8201379534116578,0.91,0.9544684913657971,14.5,3.292170080415627,15.92,2.41911579138354,0.0,0.0,10.0,0.0,20.0,0.0,2.0,0.0,1.0,0.0,3.13,1.5219272736443836
fixed_wing,38.0,38.0,100,15.64,2.488437910079983,0.782,0.12442189550399918,0.218,0.12442189550399915,0.0,0.0,0.0005000000000000021,0.033706247360261135,2.67,1.4146063449281963,8.31,1.211852242885187,0.83,0.8294454761946669,0.86,0.899157855153837,14.55,3.2702361450580972,15.74,2.6385640416749805,0.0,0.0,10.0,0.0,20.0,0.0,2.0,0.0,1.0,0.0,3.13,1.5219272736443836
fixed_wing,39.0,39.0,100,15.6,2.4741083487212356,0.78,0.12370541743606181,0.22,0.1237054174360618,0.0,0.0,0.0020000000000000005,0.02923260943784278,2.74,1.4328046946214594,8.34,1.1994948431685228,0.77,0.8391313449880264,0.89,0.9733312577810995,14.52,3.2736474576178294,15.72,2.433271066036022,0.0,0.0,10.0,0.0,20.0,0.0,2.0,0.0,1.0,0.0,3.13,1.5219272736443836
fixed_wing,40.0,40.0,100,15.5,2.4679767200905864,0.775,0.12339883600452935,0.225,0.12339883600452935,0.0,0.0,0.0049999999999999975,0.026111648393354676,2.84,1.4544949486180951,8.34,1.1825328064725469,0.72,0.8174856746652067,0.94,1.0231660113924264,14.45,3.2671459141339896,15.69,2.5214033289965228,0.0,0.0,10.0,0.0,20.0,0.0,2.0,0.0,1.0,0.0,3.13,1.5219272736443836
fixed_wing,41.0,41.0,100,15.47,2.5043598347318587,0.7735,0.12521799173659293,0.22649999999999998,0.12521799173659293,0.0,0.0,0.0014999999999999996,0.027938424357067025,2.86,1.4840566843703251,8.33,1.1981045636565057,0.76,0.9333333333333333,0.91,1.0059921480907303,14.54,3.223712647293991,15.65,2.371442045198949,0.0,0.0,10.0,0.0,20.0,0.0,2.0,0.0,1.0,0.0,3.13,1.5219272736443836
fixed_wing,42.0,42.0,100,15.3,2.463880490345883,0.765,0.12319402451729418,0.235,0.12319402451729417,0.0,0.0,0.008499999999999999,0.0310221491417622,2.96,1.5036655549057776,8.26,1.1601114540674897,0.88,0.9020739291972548,0.86,0.9746276160149527,14.44,3.1824011010048325,15.48,2.367626779215121,0.0,0.0,10.0,0.0,20.0,0.0,2.0,0.0,1.0,0.0,3.13,1.5219272736443836
fixed_wing,43.0,43.0,100,15.26,2.468467810876482,0.763,0.12342339054382409,0.237,0.12342339054382412,0.0,0.0,0.002000000000000002,0.027450598418529128,2.99,1.4804790379529802,8.25,1.1666666666666665,0.91,0.9221735413706255,0.84,0.9180567971690439,14.5,3.006726465843549,15.5,2.463880490345883,0.0,0.0,10.0,0.0,20.0,0.0,2.0,0.0,1.0,0.0,3.13,1.5219272736443836
fixed_wing,44.0,44.0,100,15.14,2.3911452815702683,0.757,0.11955726407851343,0.243,0.11955726407851343,0.0,0.0,0.005999999999999998,0.030384738327527583,3.05,1.4796600756234317,8.19,1.0981619170047718,0.94,0.919156398470078,0.87,0.9062632792478856,14.32,2.946938147373379,15.26,2.5805018695962803,0.0,0.0,10.0,0.0,20.0,0.0,2.0,0.0,1.0,0.0,3.13,1.5219272736443836
fixed_wing,45.0,45.0,100,15.03,2.455482424981686,0.7515000000000001,0.12277412124908425,0.24850000000000003,0.12277412124908427,0.0,0.0,0.0055000000000000005,0.025519847692778777,3.14,1.550627113281734,8.17,1.082971967701973,0.91,0.877266185143346,0.92,0.9176165876989157,14.19,2.990540642314251,15.27,2.4571273364387825,0.0,0.0,10.0,0.0,20.0,0.0,2.0,0.0,1.0,0.0,3.13,1.5219272736443836
fixed_wing,46.0,46.0,100,15.06,2.4446189102110814,0.753,0.12223094551055408,0.247,0.12223094551055406,0.0,0.0,-0.001499999999999997,0.030529833066538486,3.15,1.5266984249707212,8.21,1.139688066485251,0.9,0.915633026044735,0.89,0.9416834270431208,14.31,2.956571178123931,15.19,2.372804673841068,0.0,0.0,10.0,0.0,20.0,0.0,2.0,0.0,1.0,0.0,3.13,1.5219272736443836
fixed_wing,47.0,47.0,100,14.92,2.3854779501192316,0.746,0.1192738975059616,0.254,0.11927389750596161,0.0,0.0,0.006999999999999995,0.03409730579717792,3.21,1.519536080186943,8.13,1.1516786167866604,0.96,0.9526146899322663,0.91,0.943826298006196,14.06,2.997709563360438,15.0,2.420451581541316,0.0,0.0,10.0,0.0,20.0,0.0,2.0,0.0,1.0,0.0,3.13,1.5219272736443836
fixed_wing,48.0,48.0,100,14.87,2.4022506282251395,0.7434999999999999,0.12011253141125702,0.2565,0.120112531411257,0.0,0.0,0.002500000000000004,0.03916747259003202,3.25,1.479660075623432,8.12,1.2167185543107495,0.97,0.9369518599580171,0.91,0.9649933270298409,13.93,3.1115782477577505,14.92,2.557144872507207,0.0,0.0,10.0,0.0,20.0,0.0,2.0,0.0,1.0,0.0,3.13,1.5219272736443836
fixed_wing,49.0,49.0,100,14.75,2.4633679826980415,0.7375,0.12316839913490207,0.2625,0.12316839913490205,0.0,0.0,0.005999999999999997,0.03354478387547794,3.31,1.5155423738281577,8.06,1.2376256185604642,0.94,0.8506681865665151,1.0,0.9639984073082949,13.76,3.2070629125809997,14.87,2.6804756098404425,0.0,0.0,10.0,0.0,20.0,0.0,2.0,0.0,1.0,0.0,3.13,1.5219272736443836
fixed_wing,50.0,50.0,100,14.69,2.537377155308771,0.7345,0.12686885776543852,0.2655,0.12686885776543852,0.0,0.0,0.003000000000000001,0.02826640937561577,3.31,1.5743845999903803,8.0,1.2143918126978108,0.99,0.8703302519588455,1.01,0.9691712590109804,13.69,3.1962572809554315,14.87,2.7437900499826586,0.0,0.0,10.0,0.0,20.0,0.0,2.0,0.0,1.0,0.0,3.13,1.5219272736443836
fixed_wing,51.0,51.0,100,14.68,2.5181362355937185,0.7340000000000001,0.12590681177968588,0.266,0.12590681177968588,0.0,0.0,0.0005000000000000038,0.030562900861844072,3.37,1.574127945206103,8.05,1.1752927853573898,1.01,0.8468002757856821,0.94,0.9081004705683533,13.71,3.144001824863891,14.9,2.7615688704543704,0.0,0.0,10.0,0.0,20.0,0.0,2.0,0.0,1.0,0.0,3.13,1.5219272736443836
fixed_wing,52.0,52.0,100,14.7,2.5445525097249373,0.735,0.12722762548624683,0.265,0.12722762548624683,0.0,0.0,-0.001000000000000003,0.02657180095628835,3.4,1.5569978883230458,8.1,1.259308773041221,0.94,0.8740940475946531,0.96,0.920254685871627,13.7,3.1734377370143987,14.88,2.797112508255323,0.0,0.0,10.0,0.0,20.0,0.0,2.0,0.0,1.0,0.0,3.13,1.5219272736443836
fixed_wing,53.0,53.0,100,14.64,2.5247062035297136,0.732,0.12623531017648565,0.268,0.1262353101764856,0.0,0.0,0.003000000000000001,0.029146096642517154,3.48,1.5601087763163801,8.12,1.2575428984389128,0.95,0.9031370691409836,0.93,0.9239244361073927,13.7,3.1446603773522006,14.94,2.6239764719319654,0.0,0.0,10.0,0.0,20.0,0.0,2.0,0.0,1.0,0.0,3.13,1.5219272736443836
fixed_wing,54.0,54.0,100,14.56,2.6564957551198343,0.728,0.13282478775599169,0.272,0.1328247877559917,0.0,0.0,0.004000000000000001,0.03384456448906597,3.53,1.6046334425184106,8.09,1.3034143197344765,1.02,1.0048367875913828,0.89,0.9199802369418791,13.69,3.2057240471797743,14.82,2.587381969200808,0.0,0.0,10.0,0.0,20.0,0.0,2.0,0.0,1.0,0.0,3.13,1.5219272736443836
fixed_wing,55.0,55.0,100,14.53,2.6532046565417735,0.7265,0.1326602328270887,0.2735,0.13266023282708866,0.0,0.0,0.001500000000000002,0.029691171357251238,3.55,1.5914861868166754,8.08,1.3232955494186138,1.1,1.1146408580454257,0.82,0.9143082609052573,13.67,3.1141741775438327,14.83,2.554674859226441,0.0,0.0,10.0,0.0,20.0,0.0,2.0,0.0,1.0,0.0,3.13,1.5219272736443836
fixed_wing,56.0,56.0,100,14.47,2.5284442455846845,0.7234999999999999,0.1264222122792342,0.27649999999999997,0.1264222122792342,0.0,0.0,0.003,0.02544552509724937,3.63,1.5285498508274589,8.1,1.2752500250000491,1.05,1.0859525446781408,0.85,0.9031370691409836,13.62,3.1294624703829492,14.53,2.634100386941403,0.0,0.0,10.0,0.0,20.0,0.0,2.0,0.0,1.0,0.0,3.13,1.5219272736443836
fixed_wing,57.0,57.0,100,14.36,2.5247062035297123,0.718,0.12623531017648565,0.282,0.1262353101764856,0.0,0.0,0.005499999999999996,0.030063065026505166,3.71,1.4927095558687289,8.07,1.3503086067019399,1.11,1.136137351207186,0.82,0.9031929892097124,13.62,3.1035333399077882,14.41,2.693407589735435,0.0,0.0,10.0,0.0,20.0,0.0,2.0,0.0,1.0,0.0,3.13,1.5219272736443836
fixed_wing,58.0,58.0,100,14.29,2.507745576965072,0.7145,0.12538727884825354,0.28550000000000003,0.12538727884825357,0.0,0.0,0.003499999999999998,0.02775706298322186,3.78,1.4946368769501819,8.07,1.3577685198646166,1.09,1.0645338525534653,0.84,0.9069874655287483,13.56,3.1085415073680944,14.2,2.6742316936860857,0.0,0.0,10.0,0.0,20.0,0.0,2.0,0.0,1.0,0.0,3.13,1.5219272736443836
fixed_wing,59.0,59.0,100,14.1,2.51259453814803,0.705,0.12562972690740148,0.295,0.12562972690740154,0.0,0.0,0.009499999999999998,0.03531603350069515,3.87,1.4815702835338274,7.97,1.2906423113154069,1.21,0.9979271445644646,0.82,0.8454273917655346,13.48,2.959251884712033,14.04,2.5462192213618065,0.0,0.0,10.0,0.0,20.0,0.0,2.0,0.0,1.0,0.0,3.13,1.5219272736443836
fixed_wing,60.0,60.0,100,14.01,2.463859992086819,0.7005,0.12319299960434094,0.2995,0.12319299960434094,0.0,0.0,0.004499999999999999,0.03340522550304205,3.96,1.503665554905778,7.97,1.2589477729236802,1.23,0.9412542674323426,0.8,0.8164965809277259,13.37,2.9632598756958672,13.82,2.6643171467724813,0.0,0.0,10.0,0.0,20.0,0.0,2.0,0.0,1.0,0.0,3.13,1.5219272736443836
fixed_wing,61.0,61.0,100,13.87,2.553092796645438,0.6934999999999999,0.12765463983227196,0.3065,0.12765463983227193,0.0,0.0,0.007000000000000002,0.031797973380564865,4.0,1.5699192541804388,7.87,1.2525126261989854,1.35,0.9885710532241612,0.78,0.8478135872866622,13.38,3.0344153914183813,13.69,2.5532510470165106,0.0,0.0,10.0,0.0,20.0,0.0,2.0,0.0,1.0,0.0,3.13,1.5219272736443836
fixed_wing,62.0,62.0,100,13.75,2.548023595342917,0.6875,0.12740117976714585,0.3125,0.12740117976714582,0.0,0.0,0.006000000000000001,0.03278334142132974,4.12,1.6160808060605052,7.87,1.2115187896924162,1.3,0.926599081904282,0.83,0.8294454761946669,13.27,2.9502781926695354,13.57,2.6024658081958125,0.0,0.0,10.0,0.0,20.0,0.0,2.0,0.0,1.0,0.0,3.13,1.5219272736443836
fixed_wing,63.0,63.0,100,13.71,2.5357843008036025,0.6855,0.12678921504018018,0.3145,0.12678921504018018,0.0,0.0,0.0020000000000000013,0.030912061651652348,4.13,1.5932623288350376,7.84,1.2036980056845188,1.38,1.0227710428344197,0.78,0.8358144881406752,13.29,2.8790255085337253,13.64,2.630512489914458,0.0,0.0,10.0,0.0,20.0,0.0,2.0,0.0,1.0,0.0,3.13,1.5219272736443836
fixed_wing,64.0,64.0,100,13.6,2.5898012871783633,0.68,0.12949006435891816,0.32,0.1294900643589182,0.0,0.0,0.005500000000000005,0.0354587539589765,4.2,1.6017667013821222,7.8,1.2633129445864144,1.37,1.0215357818184116,0.83,0.8882510337679879,13.17,2.9337981725353424,13.59,2.7158160036454166,0.0,0.0,10.0,0.0,20.0,0.0,2.0,0.0,1.0,0.0,3.13,1.5219272736443836
fixed_wing,65.0,65.0,100,13.58,2.5353261699195215,0.679,0.12676630849597603,0.321,0.12676630849597603,0.0,0.0,0.0009999999999999976,0.03622321371884627,4.23,1.5754108010037229,7.81,1.2201589563609647,1.41,1.1379140937911285,0.78,0.8828329057040971,13.15,2.8828121792107897,13.57,2.7459980062820604,0.0,0.0,10.0,0.0,20.0,0.0,2.0,0.0,1.0,0.0,3.13,1.5219272736443836
fixed_wing,66.0,66.0,100,13.57,2.503553030750053,0.6785,0.12517765153750263,0.3215,0.12517765153750268,0.0,0.0,0.0005000000000000004,0.027974555538484564,4.26,1.6182045169217203,7.83,1.1551815634108968,1.31,1.0415121097459572,0.86,0.9430232920203665,13.11,2.7884864291684415,13.53,2.618716626074071,0.0,0.0,10.0,0.0,20.0,0.0,2.0,0.0,1.0,0.0,3.13,1.5219272736443836
fixed_wing,67.0,67.0,100,13.43,2.5075844548050217,0.6715000000000001,0.12537922274025107,0.3285,0.12537922274025107,0.0,0.0,0.006999999999999995,0.03334848140652302,4.3,1.5406937962286251,7.73,1.2131851391350708,1.39,1.1272116307978997,0.88,0.9020739291972547,12.95,2.6794202599243233,13.51,2.858603883299707,0.0,0.0,10.0,0.0,20.0,0.0,2.0,0.0,1.0,0.0,3.13,1.5219272736443836
fixed_wing,68.0,68.0,100,13.4,2.478187672758894,0.67,0.12390938363794474,0.33,0.12390938363794471,0.0,0.0,0.0014999999999999996,0.025080677902329596,4.31,1.4954138645413937,7.71,1.2656694639277628,1.39,1.1091447246423793,0.9,0.9265990819042822,12.78,2.9079480078160986,13.44,2.900087076365992,0.0,0.0,10.0,0.0,20.0,0.0,2.0,0.0,1.0,0.0,3.13,1.5219272736443836
fixed_wing,69.0,69.0,100,13.33,2.5348281076541532,0.6665000000000001,0.12674140538270764,0.3335,0.12674140538270767,0.0,0.0,0.0034999999999999996,0.026831874607442078,4.37,1.4883724417136073,7.7,1.3219208552234685,1.44,1.1220471910708119,0.86,0.899157855153837,12.75,2.9826941925823776,13.38,2.7257841055188123,0.0,0.0,10.0,0.0,20.0,0.0,2.0,0.0,1.0,0.0,3.13,1.5219272736443836
fixed_wing,70.0,70.0,100,13.35,2.5,0.6675,0.12500000000000003,0.3325,0.125,0.0,0.0,-0.0009999999999999953,0.03622321371884626,4.34,1.4854173307406393,7.69,1.346112997493227,1.41,1.2068407709655185,0.9,0.870388279778489,12.71,2.975641854196241,13.17,2.558625735930454,0.0,0.0,10.0,0.0,20.0,0.0,2.0,0.0,1.0,0.0,3.13,1.5219272736443836
fixed_wing,71.0,71.0,100,13.29,2.487524427574085,0.6645,0.12437622137870423,0.33549999999999996,0.12437622137870424,0.0,0.0,0.002999999999999997,0.03748400332209068,4.37,1.4747367510333786,7.66,1.3723091208733993,1.51,1.2752104203470174,0.83,0.8652085636341438,12.68,2.891576061806454,13.21,2.5157885283131245,0.0,0.0,10.0,0.0,20.0,0.0,2.0,0.0,1.0,0.0,3.13,1.5219272736443836
fixed_wing,72.0,72.0,100,13.19,2.444102363575708,0.6595,0.12220511817878539,0.34049999999999997,0.1222051181787854,0.0,0.0,0.004999999999999998,0.03588702812826367,4.48,1.4458578942984162,7.67,1.39302011848539,1.49,1.2909553270991434,0.84,0.8612886750783281,12.64,2.8087885162989625,13.25,2.5638315707612933,0.0,0.0,10.0,0.0,20.0,0.0,2.0,0.0,1.0,0.0,3.13,1.5219272736443836
fixed_wing,73.0,73.0,100,13.12,2.383783598069305,0.6559999999999999,0.11918917990346521,0.344,0.11918917990346527,0.0,0.0,0.0034999999999999988,0.029520580049596692,4.55,1.4168894655461863,7.67,1.3637070688740194,1.48,1.2266403159225057,0.85,0.8211226608993469,12.67,2.708217946259947,13.38,2.5096983600795255,0.0,0.0,10.0,0.0,20.0,0.0,2.0,0.0,1.0,0.0,3.13,1.5219272736443836
fixed_wing,74.0,74.0,100,13.07,2.4256832839304057,0.6535,0.12128416419652024,0.3465,0.12128416419652024,0.0,0.0,0.002500000000000001,0.025000000000000005,4.59,1.4148919364810841,7.66,1.401442258546674,1.43,1.1997895438346466,0.91,0.9330627313348554,12.66,2.778779617316955,13.23,2.4530129896257638,0.0,0.0,10.0,0.0,20.0,0.0,2.0,0.0,1.0,0.0,3.13,1.5219272736443836
fixed_wing,75.0,75.0,100,13.08,2.4890872936792627,0.654,0.12445436468396312,0.34600000000000003,0.12445436468396312,0.0,0.0,-0.000499999999999996,0.03370624736026114,4.61,1.4900003389600318,7.69,1.4191689131461434,1.46,1.140795398576862,0.85,0.9468181696950301,12.75,2.844008410392599,13.27,2.398884420860343,0.0,0.0,10.0,0.0,20.0,0.0,2.0,0.0,1.0,0.0,3.13,1.5219272736443836
fixed_wing,76.0,76.0,100,13.01,2.4638599920868187,0.6505,0.12319299960434094,0.34950000000000003,0.12319299960434095,0.0,0.0,0.003499999999999997,0.028652392499747666,4.69,1.4886438815447451,7.7,1.4106377954311982,1.45,1.07661084384791,0.85,0.9782999065065412,12.62,2.894718283252092,13.24,2.252361275002594,0.0,0.0,10.0,0.0,20.0,0.0,2.0,0.0,1.0,0.0,3.13,1.5219272736443836
fixed_wing,77.0,77.0,100,12.89,2.534190445116786,0.6445000000000001,0.12670952225583923,0.3555,0.1267095222558393,0.0,0.0,0.0059999999999999975,0.03428932159955305,4.74,1.4881348912465748,7.63,1.4470799577218965,1.56,1.2003366531136508,0.81,0.9395356686828196,12.57,2.811430492496909,13.07,2.2439818505180793,0.0,0.0,10.0,0.0,20.0,0.0,2.0,0.0,1.0,0.0,3.13,1.5219272736443836
fixed_wing,78.0,78.0,100,12.86,2.538670613696956,0.643,0.12693353068484786,0.35700000000000004,0.12693353068484786,0.0,0.0,0.001500000000000003,0.03856975839470947,4.74,1.4881348912465744,7.6,1.4633571475938958,1.65,1.1923578203363165,0.75,0.9252354327740618,12.6,2.835560621888384,12.96,2.2514641700659834,0.0,0.0,10.0,0.0,20.0,0.0,2.0,0.0,1.0,0.0,3.13,1.5219272736443836
fixed_wing,79.0,79.0,100,12.75,2.57954267342884,0.6375,0.12897713367144198,0.3625,0.12897713367144198,0.0,0.0,0.0055000000000000005,0.03685557397915998,4.84,1.5223586166129708,7.59,1.4148919364810844,1.63,1.1160446028522135,0.78,0.9165151389911679,12.51,2.869184940400709,12.92,2.3384359790857716,0.0,0.0,10.0,0.0,20.0,0.0,2.0,0.0,1.0,0.0,3.13,1.5219272736443836
fixed_wing,80.0,80.0,100,12.76,2.5310994935925866,0.638,0.1265549746796293,0.36200000000000004,0.12655497467962934,0.0,0.0,-0.0005000000000000004,0.027056805189650663,4.84,1.482013372531988,7.6,1.3483997249264843,1.65,1.0952145677879517,0.75,0.9031370691409835,12.45,2.8757958933488346,12.73,2.255655070701147,0.0,0.0,10.0,0.0,20.0,0.0,2.0,0.0,1.0,0.0,3.13,1.5219272736443836
fixed_wing,81.0,81.0,100,12.7,2.367712103711219,0.635,0.11838560518556095,0.365,0.11838560518556095,0.0,0.0,0.0029999999999999988,0.03394886231562483,4.92,1.3902982748062709,7.62,1.3316656236958788,1.62,1.0804039648542239,0.76,0.9114313307688465,12.39,2.707621118475058,12.46,2.3545357045155173,0.0,0.0,10.0,0.0,20.0,0.0,2.0,0.0,1.0,0.0,3.13,1.5219272736443836
fixed_wing,82.0,82.0,100,12.62,2.4069763923926124,0.631,0.12034881961963056,0.369,0.12034881961963059,0.0,0.0,0.004000000000000001,0.030715376335548022,4.93,1.4302291968616625,7.55,1.2978225742925857,1.65,1.0952145677879515,0.8,0.9211323729436766,12.28,2.6745338496888227,12.54,2.4470968162871753,0.0,0.0,10.0,0.0,20.0,0.0,2.0,0.0,1.0,0.0,3.13,1.5219272736443836
fixed_wing,83.0,83.0,100,12.57,2.4131583730317683,0.6285000000000001,0.1206579186515884,0.3715,0.12065791865158841,0.0,0.0,0.0024999999999999996,0.035798961668820184,4.98,1.4632190885202738,7.55,1.2742595393943001,1.66,1.1478570283688458,0.79,0.9459643147859675,12.29,2.6564006938834828,12.41,2.4907708433212785,0.0,0.0,10.0,0.0,20.0,0.0,2.0,0.0,1.0,0.0,3.13,1.5219272736443836
fixed_wing,84.0,84.0,100,12.57,2.511609407965701,0.6285000000000001,0.12558047039828507,0.3715,0.12558047039828504,0.0,0.0,-2.220446049250313e-18,0.03956837835515332,4.99,1.547203407389728,7.56,1.3051568271416059,1.7,1.19341628287971,0.74,0.9387289924212,12.31,2.6464956818289718,12.41,2.601844722422143,0.0,0.0,10.0,0.0,20.0,0.0,2.0,0.0,1.0,0.0,3.13,1.5219272736443836
fixed_wing,85.0,85.0,100,12.55,2.5873624493766707,0.6275,0.12936812246883359,0.3725,0.12936812246883356,0.0,0.0,0.0010000000000000048,0.038911970062455246,5.01,1.5340907220351554,7.56,1.3876802822179775,1.73,1.2541245085031558,0.71,0.8795660086863086,12.32,2.7482960745034943,12.39,2.7038879601437076,0.0,0.0,10.0,0.0,20.0,0.0,2.0,0.0,1.0,0.0,3.13,1.5219272736443836
fixed_wing,86.0,86.0,100,12.41,2.5149853906437536,0.6204999999999999,0.1257492695321877,0.3795,0.1257492695321877,0.0,0.0,0.007000000000000003,0.034097305797177915,5.08,1.4749079752152454,7.49,1.3743317935592838,1.84,1.1867960433388918,0.67,0.7920692756152946,12.26,2.6953757632379385,12.27,2.6736839488963278,0.0,0.0,10.0,0.0,20.0,0.0,2.0,0.0,1.0,0.0,3.13,1.5219272736443836
fixed_wing,87.0,87.0,100,12.38,2.521743825052799,0.619,0.12608719125263992,0.381,0.12608719125263992,0.0,0.0,0.0014999999999999992,0.03441795984069887,5.18,1.4932846312404713,7.56,1.394940352079108,1.75,1.1838560518556094,0.69,0.8127146181194544,12.25,2.7316883446178872,12.21,2.571384880180367,0.0,0.0,10.0,0.0,20.0,0.0,2.0,0.0,1.0,0.0,3.13,1.5219272736443836
fixed_wing,88.0,88.0,100,12.26,2.452045116331519,0.613,0.12260225581657593,0.387,0.12260225581657593,0.0,0.0,0.005999999999999998,0.031204765240863026,5.25,1.5067189585991212,7.51,1.3218826488662814,1.84,1.3005049524369878,0.65,0.7436600722307894,12.19,2.5413549237532416,12.33,2.5067786886638785,0.0,0.0,10.0,0.0,20.0,0.0,2.0,0.0,1.0,0.0,3.13,1.5219272736443836
fixed_wing,89.0,89.0,100,12.28,2.3358428063895085,0.614,0.11679214031947545,0.386,0.11679214031947545,0.0,0.0,-0.0009999999999999948,0.03331817837308952,5.28,1.5047399855930004,7.56,1.1918917990346527,1.79,1.1572782419508842,0.65,0.7961396760860393,12.27,2.5419907890700877,12.09,2.708367132656229,0.0,0.0,10.0,0.0,20.0,0.0,2.0,0.0,1.0,0.0,3.13,1.5219272736443836
fixed_wing,90.0,90.0,100,12.23,2.364958837491744,0.6114999999999999,0.11824794187458718,0.3885,0.1182479418745872,0.0,0.0,0.0024999999999999957,0.034359213546813844,5.29,1.5458971439904983,7.52,1.1761948577656438,1.77,1.0996326291957326,0.71,0.7823172003862641,12.16,2.5374766755160296,12.15,2.739073794647609,0.0,0.0,10.0,0.0,20.0,0.0,2.0,0.0,1.0,0.0,3.13,1.5219272736443836
fixed_wing,91.0,91.0,100,12.26,2.456161084441994,0.613,0.1228080542220997,0.387,0.12280805422209974,0.0,0.0,-0.0015000000000000046,0.034417959840698856,5.31,1.5807874268505835,7.57,1.208179196020594,1.71,1.1746050271035662,0.72,0.7531750973530175,12.11,2.6204132606452855,12.23,2.7371554946732934,0.0,0.0,10.0,0.0,20.0,0.0,2.0,0.0,1.0,0.0,3.13,1.5219272736443836
fixed_wing,92.0,92.0,100,12.24,2.3703556396848673,0.612,0.11851778198424333,0.38799999999999996,0.11851778198424336,0.0,0.0,0.0009999999999999976,0.0340676688460784,5.4,1.517573821278656,7.64,1.167921403194754,1.64,1.2103927069552693,0.72,0.739642283182017,12.11,2.593289709066751,12.0,2.8674417556808756,0.0,0.0,10.0,0.0,20.0,0.0,2.0,0.0,1.0,0.0,3.13,1.5219272736443836
fixed_wing,93.0,93.0,100,12.04,2.4819347291981715,0.602,0.12409673645990858,0.39799999999999996,0.1240967364599086,0.0,0.0,0.010000000000000009,0.040201512610368494,5.5,1.5406937962286256,7.54,1.2261461346162388,1.65,1.217506974240079,0.81,0.7874649262672022,11.88,2.7460899659352207,11.98,2.8567835271878965,0.0,0.0,10.0,0.0,20.0,0.0,2.0,0.0,1.0,0.0,3.13,1.5219272736443836
fixed_wing,94.0,94.0,100,12.01,2.548499261300361,0.6004999999999999,0.12742496306501802,0.3995,0.12742496306501805,0.0,0.0,0.0014999999999999974,0.04048631144154051,5.52,1.6110727964792761,7.53,1.2589477729236804,1.72,1.2719189352225941,0.75,0.7703468981143128,11.88,2.760764057614881,11.88,2.8079252918203577,0.0,0.0,10.0,0.0,20.0,0.0,2.0,0.0,1.0,0.0,3.13,1.5219272736443836
fixed_wing,95.0,95.0,100,11.96,2.530301215749667,0.598,0.1265150607874833,0.402,0.12651506078748334,0.0,0.0,0.0024999999999999983,0.03435921354681384,5.54,1.610696568054776,7.5,1.2673044646258471,1.78,1.2438129710976273,0.72,0.766469012729639,11.89,2.7113491367609117,11.9,2.638104614983257,0.0,0.0,10.0,0.0,20.0,0.0,2.0,0.0,1.0,0.0,3.13,1.5219272736443836
fixed_wing,96.0,96.0,100,12.01,2.439137950054064,0.6004999999999999,0.12195689750270311,0.3995,0.12195689750270318,0.0,0.0,-0.002500000000000005,0.03785605378378481,5.57,1.6033739678590522,7.58,1.2486760665568626,1.7,1.1849221088495245,0.72,0.7923880286064321,11.89,2.7446734456456428,11.84,2.650404962387157,0.0,0.0,10.0,0.0,20.0,0.0,2.0,0.0,1.0,0.0,3.13,1.5219272736443836
fixed_wing,97.0,97.0,100,12.0,2.4494897427831783,0.6,0.12247448713915887,0.4,0.1224744871391589,0.0,0.0,0.0005000000000000049,0.03859593844754217,5.55,1.5723301886761007,7.55,1.32096536478043,1.7,1.1763666026534347,0.75,0.8572330399888262,11.83,2.871155752225113,11.94,2.639329575111946,0.0,0.0,10.0,0.0,20.0,0.0,2.0,0.0,1.0,0.0,3.13,1.5219272736443836
fixed_wing,98.0,98.0,100,11.96,2.4573945305522025,0.598,0.12286972652761008,0.402,0.12286972652761013,0.0,0.0,0.002,0.03618136134933164,5.63,1.6370397032140025,7.59,1.2878217456173224,1.68,1.1090081108355292,0.73,0.7766152928775695,11.81,2.859310505289092,11.85,2.6029315252715586,0.0,0.0,10.0,0.0,20.0,0.0,2.0,0.0,1.0,0.0,3.13,1.5219272736443836
fixed_wing,99.0,99.0,100,11.78,2.389285849095262,0.589,0.11946429245476307,0.41100000000000003,0.1194642924547631,0.0,0.0,0.008999999999999996,0.0358024884863913,5.75,1.572330188676101,7.53,1.3062012158016143,1.81,1.1694339475044144,0.66,0.7550503361372736,11.69,2.780505731195698,11.85,2.5873624493766707,0.0,0.0,10.0,0.0,20.0,0.0,2.0,0.0,1.0,0.0,3.13,1.5219272736443836
fixed_wing,100.0,100.0,100,11.75,2.3327921450311835,0.5875,0.11663960725155921,0.4125,0.11663960725155918,0.0,0.0,0.0015000000000000013,0.04290875920090927,5.77,1.5689860329898329,7.52,1.2591483413222386,1.79,1.0664298979645719,0.69,0.8127146181194544,11.7,2.746899078134205,11.63,2.638698026058926,0.0,0.0,10.0,0.0,20.0,0.0,2.0,0.0,1.0,0.0,3.13,1.5219272736443836
fixed_wing,101.0,101.0,100,11.8,2.32683076611545,0.59,0.11634153830577251,0.41,0.11634153830577251,0.0,0.0,-0.0024999999999999988,0.036497543849836084,5.77,1.4897291462856357,7.57,1.289076092291363,1.77,1.0430627008860962,0.66,0.8192137151629671,11.71,2.71283890961018,11.51,2.6380854704681105,0.0,0.0,10.0,0.0,20.0,0.0,2.0,0.0,1.0,0.0,3.13,1.5219272736443836
fixed_wing,102.0,102.0,100,11.69,2.329845878632709,0.5845,0.11649229393163543,0.4155,0.1164922939316354,0.0,0.0,0.0055000000000000005,0.03400460456045814,5.85,1.5134080878613148,7.54,1.2666666666666664,1.8,1.1009637651263606,0.66,0.8554046830110129,11.6,2.7080128015453195,11.55,2.467465063254967,0.0,0.0,10.0,0.0,20.0,0.0,2.0,0.0,1.0,0.0,3.13,1.5219272736443836
fixed_wing,103.0,103.0,100,11.64,2.1997245006563606,0.5820000000000001,0.10998622503281806,0.418,0.10998622503281807,0.0,0.0,0.0024999999999999988,0.03361622383686937,5.91,1.4501480244889802,7.55,1.2007993970348219,1.78,1.0691259528373183,0.67,0.8534540634292149,11.59,2.5705991126544405,11.51,2.39315100174889,0.0,0.0,10.0,0.0,20.0,0.0,2.0,0.0,1.0,0.0,3.13,1.5219272736443836
fixed_wing,104.0,104.0,100,11.51,2.2315234638463854,0.5755,0.11157617319231929,0.42450000000000004,0.11157617319231929,0.0,0.0,0.006499999999999997,0.03599593130767796,5.99,1.4529315541380812,7.5,1.2431631210161223,1.8,1.110100550546315,0.7,0.8703882797784891,11.53,2.5204416800684486,11.48,2.380391275875171,0.0,0.0,10.0,0.0,20.0,0.0,2.0,0.0,1.0,0.0,3.13,1.5219272736443836
fixed_wing,105.0,105.0,100,11.42,2.29263202807638,0.5710000000000001,0.11463160140381902,0.429,0.114631601403819,0.0,0.0,0.004500000000000002,0.03699235520258671,6.07,1.4372743564669814,7.49,1.2909553270991434,1.76,1.064771042871365,0.75,0.821122660899347,11.42,2.6021746926970772,11.43,2.297363442705309,0.0,0.0,10.0,0.0,20.0,0.0,2.0,0.0,1.0,0.0,3.13,1.5219272736443836
fixed_wing,106.0,106.0,100,11.33,2.2249957439523484,0.5665,0.11124978719761733,0.4335,0.11124978719761741,0.0,0.0,0.004499999999999998,0.030230595245361758,6.16,1.4193468408199081,7.49,1.28310702451652,1.8,1.0917505172516253,0.71,0.7560530150830442,11.45,2.4674650632549677,11.38,2.2820334720763333,0.0,0.0,10.0,0.0,20.0,0.0,2.0,0.0,1.0,0.0,3.13,1.5219272736443836
fixed_wing,107.0,107.0,100,11.27,2.2376710475786465,0.5635,0.11188355237893229,0.4365,0.11188355237893231,0.0,0.0,0.002999999999999999,0.030830261927285836,6.23,1.4761059883656353,7.5,1.251261989215914,1.8,1.0249414863810764,0.7,0.7849596270902195,11.41,2.470410753888773,11.31,2.3642753604007254,0.0,0.0,10.0,0.0,20.0,0.0,2.0,0.0,1.0,0.0,3.13,1.5219272736443836
fixed_wing,108.0,108.0,100,11.18,2.119557796457849,0.5589999999999999,0.10597788982289238,0.441,0.10597788982289248,0.0,0.0,0.0045000000000000005,0.036992355202586695,6.24,1.3934913640988889,7.42,1.1991579537241113,1.94,1.1618515352225474,0.64,0.7180219742846007,11.23,2.3305394528765526,11.16,2.3081760694706053,0.0,0.0,10.0,0.0,20.0,0.0,2.0,0.0,1.0,0.0,3.13,1.5219272736443836
fixed_wing,109.0,109.0,100,11.23,2.2012622641465414,0.5615,0.11006311320732703,0.4385,0.11006311320732708,0.0,0.0,-0.0024999999999999957,0.04626177163870309,6.25,1.3953385599809447,7.48,1.2829889345043495,1.97,1.2508986668581412,0.55,0.6571287406727709,11.39,2.3176747316256785,11.04,2.2958900476963415,0.0,0.0,10.0,0.0,20.0,0.0,2.0,0.0,1.0,0.0,3.13,1.5219272736443836
fixed_wing,110.0,110.0,100,11.3,2.1904291355759034,0.565,0.10952145677879514,0.435,0.10952145677879514,0.0,0.0,-0.0035000000000000005,0.033525958584206046,6.23,1.3842913805491335,7.53,1.2508986668581408,1.9,1.2185435916898852,0.57,0.6552815726036704,11.41,2.2966598495742607,10.84,2.255050448493897,0.0,0.0,10.0,0.0,20.0,0.0,2.0,0.0,1.0,0.0,3.13,1.5219272736443836
fixed_wing,111.0,111.0,100,11.24,2.1514383255596403,0.562,0.10757191627798199,0.43799999999999994,0.10757191627798206,0.0,0.0,0.0029999999999999988,0.037484003322090675,6.24,1.4150704019320886,7.48,1.2348475553073284,1.97,1.2181705110284822,0.55,0.6723244767373876,11.32,2.1921807785072303,10.82,2.293513030310056,0.0,0.0,10.0,0.0,20.0,0.0,2.0,0.0,1.0,0.0,3.13,1.5219272736443836
fixed_wing,112.0,112.0,100,11.11,2.2197233424847598,0.5555,0.11098616712423803,0.4445,0.11098616712423805,0.0,0.0,0.006499999999999999,0.03599593130767797,6.3,1.3889898953170714,7.41,1.334052836171405,2.09,1.3787345977051166,0.5,0.6590473688161071,11.25,2.109981090441382,10.91,2.256729554649445,0.0,0.0,10.0,0.0,20.0,0.0,2.0,0.0,1.0,0.0,3.13,1.5219272736443836
fixed_wing,113.0,113.0,100,11.11,2.251352006814096,0.5555,0.11256760034070479,0.4445,0.11256760034070482,0.0,0.0,-5.551115123125783e-19,0.03178208630818641,6.31,1.4543213211152841,7.42,1.364632632697248,2.08,1.3756908273755601,0.5,0.6276459144608476,11.28,2.108568378322269,10.96,2.322137642846185,0.0,0.0,10.0,0.0,20.0,0.0,2.0,0.0,1.0,0.0,3.13,1.5219272736443836
fixed_wing,114.0,114.0,100,11.08,2.2141874949123563,0.5539999999999999,0.11070937474561786,0.446,0.11070937474561791,0.0,0.0,0.0014999999999999976,0.030529833066538496,6.29,1.4019827229875395,7.37,1.3532975066163915,2.12,1.372750685464933,0.51,0.6275654418770874,11.31,2.063120124099575,10.92,2.3297808454613893,0.0,0.0,10.0,0.0,20.0,0.0,2.0,0.0,1.0,0.0,3.13,1.5219272736443836
fixed_wing,115.0,115.0,100,11.03,2.2538631258128765,0.5515,0.11269315629064379,0.4485,0.11269315629064383,0.0,0.0,0.0025000000000000035,0.03851734490571564,6.26,1.38257555002074,7.29,1.3874982937472446,2.18,1.4590712418826195,0.53,0.65835730681321,11.3,2.0719385350268693,11.0,2.318132302897609,0.0,0.0,10.0,0.0,20.0,0.0,2.0,0.0,1.0,0.0,3.13,1.5219272736443836
fixed_wing,116.0,116.0,100,11.09,2.234237718287421,0.5545,0.11171188591437105,0.44550000000000006,0.11171188591437105,0.0,0.0,-0.0029999999999999988,0.03394886231562485,6.28,1.3712782505399985,7.37,1.3532975066163908,2.16,1.3905888586269393,0.47,0.6583573068132103,11.38,2.092700155156954,10.87,2.2770484173485412,0.0,0.0,10.0,0.0,20.0,0.0,2.0,0.0,1.0,0.0,3.13,1.5219272736443836
fixed_wing,117.0,117.0,100,11.11,2.3045628871892614,0.5555,0.11522814435946299,0.4445,0.115228144359463,0.0,0.0,-0.001000000000000002,0.03891197006245527,6.29,1.4375554446927106,7.4,1.3853490243227222,2.2,1.3333333333333333,0.4,0.6030226891555273,11.47,2.1763420334277988,10.67,2.287670068745566,0.0,0.0,10.0,0.0,20.0,0.0,2.0,0.0,1.0,0.0,3.13,1.5219272736443836
fixed_wing,118.0,118.0,100,11.06,2.282210518003291,0.5529999999999999,0.11411052590016452,0.447,0.11411052590016454,0.0,0.0,0.0025000000000000035,0.04166666666666665,6.33,1.4498693776065523,7.39,1.3699148392023013,2.2,1.310408988511494,0.41,0.6210938542262157,11.43,2.0853263194487943,10.59,2.238754162926382,0.0,0.0,10.0,0.0,20.0,0.0,2.0,0.0,1.0,0.0,3.13,1.5219272736443836
fixed_wing,119.0,119.0,100,11.09,2.270117693740645,0.5545,0.11350588468703224,0.44550000000000006,0.11350588468703224,0.0,0.0,-0.0015000000000000013,0.0351440038996841,6.36,1.396387836490633,7.45,1.3361712223190318,2.11,1.246368462146866,0.44,0.6083592771553746,11.36,2.0671553674388665,10.76,2.4125932231949214,0.0,0.0,10.0,0.0,20.0,0.0,2.0,0.0,1.0,0.0,3.13,1.5219272736443836
fixed_wing,120.0,120.0,100,10.96,2.264883434019722,0.5479999999999999,0.11324417170098616,0.452,0.11324417170098616,0.0,0.0,0.006499999999999997,0.031506773361878355,6.41,1.4220130843706087,7.37,1.345812810613765,2.22,1.2837759960681647,0.41,0.5876678784428628,11.3,2.139102048934921,10.74,2.4847819651111074,0.0,0.0,10.0,0.0,20.0,0.0,2.0,0.0,1.0,0.0,3.13,1.5219272736443836
fixed_wing,121.0,121.0,100,10.98,2.2201101073795617,0.5489999999999999,0.11100550536897805,0.451,0.11100550536897809,0.0,0.0,-0.000999999999999998,0.034801021696368506,6.37,1.3973640408376986,7.35,1.3055824196677335,2.23,1.2460442458541598,0.42,0.5891270720911637,11.33,2.202179819995624,10.79,2.4049402016967845,0.0,0.0,10.0,0.0,20.0,0.0,2.0,0.0,1.0,0.0,3.13,1.5219272736443836
fixed_wing,122.0,122.0,100,10.84,2.116410149094905,0.542,0.10582050745474525,0.458,0.1058205074547453,0.0,0.0,0.0069999999999999975,0.032582451743479374,6.45,1.3734495390671022,7.29,1.2736252243580968,2.29,1.2576633777434931,0.42,0.5891270720911636,11.21,2.161625837795769,10.77,2.246681053815997,0.0,0.0,10.0,0.0,20.0,0.0,2.0,0.0,1.0,0.0,3.13,1.5219272736443836
fixed_wing,123.0,123.0,100,10.91,2.0845511592075487,0.5455000000000001,0.10422755796037746,0.4545,0.10422755796037744,0.0,0.0,-0.0035000000000000005,0.03777592092881657,6.4,1.3706888336846836,7.31,1.2528351685660644,2.26,1.2028585481546394,0.43,0.6552815726036703,11.19,2.241459661502168,10.84,2.2143699653477835,0.0,0.0,10.0,0.0,20.0,0.0,2.0,0.0,1.0,0.0,3.13,1.5219272736443836
fixed_wing,124.0,124.0,100,10.99,2.1248648204181135,0.5495,0.10624324102090572,0.45050000000000007,0.10624324102090571,0.0,0.0,-0.004,0.03231786571610887,6.36,1.381844763168045,7.35,1.282161999881214,2.21,1.2496059985111914,0.44,0.7009373233842889,11.26,2.245624252369101,10.88,2.1847959477565255,0.0,0.0,10.0,0.0,20.0,0.0,2.0,0.0,1.0,0.0,3.13,1.5219272736443836
fixed_wing,125.0,125.0,100,11.09,2.1134251007702303,0.5545,0.10567125503851148,0.44550000000000006,0.1056712550385115,0.0,0.0,-0.005,0.035887028128263665,6.34,1.3796500800689804,7.43,1.2812162781962895,2.11,1.2783749153681105,0.46,0.7305733185227706,11.31,2.2188130415001877,10.83,2.224995743952348,0.0,0.0,10.0,0.0,20.0,0.0,2.0,0.0,1.0,0.0,3.13,1.5219272736443836
fixed_wing,126.0,126.0,100,11.16,2.125934138113398,0.558,0.10629670690566996,0.442,0.10629670690566996,0.0,0.0,-0.003500000000000002,0.034999999999999996,6.31,1.4681466362235571,7.47,1.2014721609489558,2.05,1.2091820425896227,0.48,0.7450849046595395,11.31,2.2727858578307716,10.8,2.22020110109263,0.0,0.0,10.0,0.0,20.0,0.0,2.0,0.0,1.0,0.0,3.13,1.5219272736443836
fixed_wing,127.0,127.0,100,11.06,2.1547223215134435,0.553,0.1077361160756722,0.447,0.10773611607567218,0.0,0.0,0.005000000000000002,0.03588702812826367,6.38,1.447952228689074,7.44,1.273823481737663,2.11,1.2463684621468658,0.45,0.7159792333764035,11.28,2.247692419376196,10.79,2.128664398446152,0.0,0.0,10.0,0.0,20.0,0.0,2.0,0.0,1.0,0.0,3.13,1.5219272736443836
fixed_wing,128.0,128.0,100,11.05,2.257982473024281,0.5525,0.11289912365121409,0.4475,0.11289912365121406,0.0,0.0,0.0005000000000000004,0.03924476417500193,6.35,1.4864709750264078,7.4,1.310408988511494,2.11,1.2463684621468658,0.49,0.7587203474644434,11.25,2.315407331574967,10.74,2.213913761060746,0.0,0.0,10.0,0.0,20.0,0.0,2.0,0.0,1.0,0.0,3.13,1.5219272736443836
fixed_wing,129.0,129.0,100,10.92,2.3167375179922143,0.546,0.11583687589961078,0.45399999999999996,0.11583687589961074,0.0,0.0,0.006499999999999999,0.0366907634318519,6.42,1.498686293411869,7.34,1.3121037160286384,2.1,1.2350111437766567,0.56,0.868296835154542,11.15,2.3414361473939946,10.72,2.132386153366858,0.0,0.0,10.0,0.0,20.0,0.0,2.0,0.0,1.0,0.0,3.13,1.5219272736443836
fixed_wing,130.0,130.0,100,10.95,2.442779506458108,0.5475,0.12213897532290541,0.4525,0.1221389753229054,0.0,0.0,-0.0014999999999999957,0.036552853665768846,6.41,1.5248447511637098,7.36,1.41078100012122,2.15,1.395338559980945,0.49,0.8347866115772863,11.18,2.4345161093877947,10.71,2.1569478997936513,0.0,0.0,10.0,0.0,20.0,0.0,2.0,0.0,1.0,0.0,3.13,1.5219272736443836
fixed_wing,131.0,131.0,100,10.89,2.457291767023775,0.5445,0.12286458835118874,0.45549999999999996,0.12286458835118874,0.0,0.0,0.002999999999999999,0.035405301206674594,6.44,1.5590725033516144,7.33,1.3637070688740194,2.09,1.3491111926379566,0.58,0.8782443460183114,11.1,2.4391586560728165,10.59,2.2251773280828964,0.0,0.0,10.0,0.0,20.0,0.0,2.0,0.0,1.0,0.0,3.13,1.5219272736443836
fixed_wing,132.0,132.0,100,10.77,2.4198463929879024,0.5385,0.12099231964939511,0.46149999999999997,0.12099231964939519,0.0,0.0,0.006000000000000003,0.037118429085533484,6.56,1.5130409542682346,7.33,1.3637070688740194,2.01,1.3218826488662816,0.66,0.9869860253019868,10.93,2.4669737728560466,10.7,2.236067977499789,0.0,0.0,10.0,0.0,20.0,0.0,2.0,0.0,1.0,0.0,3.13,1.5219272736443836
fixed_wing,133.0,133.0,100,10.71,2.4091366490797883,0.5355,0.12045683245398951,0.4645,0.12045683245398943,0.0,0.0,0.003000000000000001,0.03468472723015569,6.54,1.4867767318952267,7.25,1.4097424365371631,2.1,1.2673044646258473,0.65,0.8453676505795953,10.91,2.3702491025377075,10.64,2.4267865438255853,0.0,0.0,10.0,0.0,20.0,0.0,2.0,0.0,1.0,0.0,3.13,1.5219272736443836
fixed_wing,134.0,134.0,100,10.66,2.257288979141469,0.5329999999999999,0.11286444895707345,0.467,0.11286444895707343,0.0,0.0,0.0024999999999999966,0.03916747259003202,6.55,1.416889465546186,7.21,1.3126809639555657,2.16,1.2769914137170504,0.63,0.8721852272923859,10.84,2.259525292059053,10.64,2.4392414783901546,0.0,0.0,10.0,0.0,20.0,0.0,2.0,0.0,1.0,0.0,3.13,1.5219272736443836
fixed_wing,135.0,135.0,100,10.64,2.311674368036809,0.532,0.1155837184018405,0.46799999999999997,0.11558371840184051,0.0,0.0,0.0009999999999999976,0.039555612302762624,6.58,1.4714797060280935,7.22,1.2994171187439574,2.13,1.292206632005106,0.65,0.8572330399888265,10.87,2.218630936483856,10.6,2.5385910352879697,0.0,0.0,10.0,0.0,20.0,0.0,2.0,0.0,1.0,0.0,3.13,1.5219272736443836
fixed_wing,136.0,136.0,100,10.52,2.333246751640384,0.526,0.11666233758201922,0.474,0.11666233758201922,0.0,0.0,0.006000000000000003,0.031204765240863016,6.67,1.4568195606605618,7.19,1.3535960336164639,2.17,1.341301945533111,0.64,0.9158536339327802,10.74,2.2857485567416345,10.66,2.4379988482028416,0.0,0.0,10.0,0.0,20.0,0.0,2.0,0.0,1.0,0.0,3.13,1.5219272736443836
fixed_wing,137.0,137.0,100,10.55,2.2802401078603425,0.5275,0.11401200539301719,0.4725,0.11401200539301713,0.0,0.0,-0.001500000000000003,0.03655285366576885,6.69,1.440363309948731,7.24,1.3417913550191176,2.1,1.2987950904082934,0.66,0.9235417115264978,10.74,2.325180562120853,10.65,2.262451517422389,0.0,0.0,10.0,0.0,20.0,0.0,2.0,0.0,1.0,0.0,3.13,1.5219272736443836
fixed_wing,138.0,138.0,100,10.53,2.2982426312117674,0.5265,0.11491213156058842,0.47350000000000003,0.11491213156058841,0.0,0.0,0.0010000000000000067,0.03551923650103084,6.64,1.4600401267489778,7.17,1.3784415149367095,2.19,1.2846805207537166,0.64,0.8470984344075708,10.79,2.257624567298267,10.77,2.2149856920895936,0.0,0.0,10.0,0.0,20.0,0.0,2.0,0.0,1.0,0.0,3.13,1.5219272736443836
fixed_wing,139.0,139.0,100,10.62,2.2952740203040745,0.531,0.11476370101520372,0.469,0.11476370101520372,0.0,0.0,-0.004500000000000004,0.027611116192101638,6.63,1.5417096636100736,7.25,1.2742595393942997,2.14,1.1635890141881684,0.61,0.7900262110470855,10.86,2.178962777992957,10.73,2.2421805764419904,0.0,0.0,10.0,0.0,20.0,0.0,2.0,0.0,1.0,0.0,3.13,1.5219272736443836
fixed_wing,140.0,140.0,100,10.54,2.2760057162059186,0.527,0.11380028581029597,0.473,0.11380028581029598,0.0,0.0,0.003999999999999997,0.03152680437246049,6.72,1.531355773506113,7.26,1.2682605601708388,2.14,1.1808232019838678,0.6,0.8040302522073696,10.77,2.1595687934718297,10.7,2.254064790729867,0.0,0.0,10.0,0.0,20.0,0.0,2.0,0.0,1.0,0.0,3.13,1.5219272736443836
fixed_wing,141.0,141.0,100,10.43,2.3279374839743725,0.5215,0.11639687419871862,0.47850000000000004,0.11639687419871862,0.0,0.0,0.005499999999999998,0.03248542796859894,6.79,1.5653766449018078,7.22,1.3071674983286834,2.18,1.2258165697306684,0.6,0.7913675671030662,10.74,2.195587862192279,10.65,2.217355782608345,0.0,0.0,10.0,0.0,20.0,0.0,2.0,0.0,1.0,0.0,3.13,1.5219272736443836
fixed_wing,142.0,142.0,100,10.41,2.256729554649445,0.5205,0.11283647773247224,0.47950000000000004,0.11283647773247225,0.0,0.0,0.001000000000000003,0.03406766884607839,6.79,1.5458971439904985,7.2,1.2949006435891817,2.23,1.24604424585416,0.57,0.7420283421851623,10.7,2.185812841434001,10.58,2.3101882384277035,0.0,0.0,10.0,0.0,20.0,0.0,2.0,0.0,1.0,0.0,3.13,1.5219272736443836
fixed_wing,143.0,143.0,100,10.51,2.2940194533885827,0.5255000000000001,0.11470097266942911,0.47450000000000003,0.11470097266942915,0.0,0.0,-0.005,0.035887028128263665,6.67,1.5573546594637768,7.18,1.328628061291995,2.2,1.3026778945578597,0.62,0.749140922131558,10.68,2.2287379225186457,10.5,2.3548788812706576,0.0,0.0,10.0,0.0,20.0,0.0,2.0,0.0,1.0,0.0,3.13,1.5219272736443836
fixed_wing,144.0,144.0,100,10.48,2.2718301259583917,0.524,0.1135915062979196,0.47600000000000003,0.11359150629791957,0.0,0.0,0.001500000000000002,0.03514400389968409,6.7,1.4805131515522554,7.18,1.3512433481274149,2.12,1.281413361105698,0.7,0.758786910639328,10.62,2.295274020304074,10.4,2.3952815570144854,0.0,0.0,10.0,0.0,20.0,0.0,2.0,0.0,1.0,0.0,3.13,1.5219272736443836
fixed_wing,145.0,145.0,100,10.49,2.315930774771853,0.5245000000000001,0.11579653873859265,0.47550000000000003,0.11579653873859264,0.0,0.0,-0.0005000000000000004,0.03517273393015124,6.71,1.526169033623707,7.2,1.2949006435891819,2.09,1.2560560368378346,0.71,0.7148497051899099,10.62,2.356079606276306,10.4,2.2473328748774732,0.0,0.0,10.0,0.0,20.0,0.0,2.0,0.0,1.0,0.0,3.13,1.5219272736443836
fixed_wing,146.0,146.0,100,10.43,2.2663769868370633,0.5215,0.1133188493418532,0.47850000000000004,0.11331884934185318,0.0,0.0,0.0029999999999999983,0.03815174380753199,6.73,1.5032288480790177,7.16,1.3082488874503777,2.15,1.2821619998812142,0.69,0.7063206700139031,10.61,2.282542442102666,10.5,2.3462844041271946,0.0,0.0,10.0,0.0,20.0,0.0,2.0,0.0,1.0,0.0,3.13,1.5219272736443836
fixed_wing,147.0,147.0,100,10.37,2.2859032209071173,0.5185,0.1142951610453559,0.4815,0.11429516104535588,0.0,0.0,0.0029999999999999988,0.028266409375615763,6.74,1.4881348912465748,7.11,1.3550876821308009,2.22,1.3071674983286834,0.67,0.6971080231639828,10.6,2.313770808341949,10.59,2.382999552808785,0.0,0.0,10.0,0.0,20.0,0.0,2.0,0.0,1.0,0.0,3.13,1.5219272736443836
fixed_wing,148.0,148.0,100,10.46,2.2221111083331944,0.523,0.11110555541665972,0.47700000000000004,0.11110555541665973,0.0,0.0,-0.004500000000000004,0.04610867706853128,6.76,1.4915248789901108,7.22,1.2758835322547228,2.23,1.270130829179547,0.55,0.6871842709362768,10.66,2.3103631268217946,10.75,2.5040371443335308,0.0,0.0,10.0,0.0,20.0,0.0,2.0,0.0,1.0,0.0,3.13,1.5219272736443836
fixed_wing,149.0,149.0,100,10.54,2.194667550351455,0.527,0.10973337751757276,0.47300000000000003,0.10973337751757276,0.0,0.0,-0.003999999999999997,0.029881922510596473,6.75,1.4310764472870754,7.29,1.265669463927763,2.14,1.2714423528283367,0.57,0.6552815726036705,10.69,2.281657203867311,10.47,2.371782775751931,0.0,0.0,10.0,0.0,20.0,0.0,2.0,0.0,1.0,0.0,3.13,1.5219272736443836
fixed_wing,150.0,150.0,100,10.47,2.176342033427799,0.5235,0.10881710167138996,0.4765,0.10881710167138996,0.0,0.0,0.0035000000000000005,0.033525958584206046,6.76,1.4710677768343658,7.23,1.2460442458541603,2.18,1.250292894977942,0.59,0.7260659179246172,10.57,2.2574455931562576,10.34,2.3059869378588767,0.0,0.0,10.0,0.0,20.0,0.0,2.0,0.0,1.0,0.0,3.13,1.5219272736443836
fixed_wing,151.0,151.0,100,10.48,2.315865350842385,0.524,0.1157932675421192,0.47600000000000003,0.11579326754211924,0.0,0.0,-0.0004999999999999971,0.037936017373222164,6.76,1.5250103493604772,7.24,1.2958363782483955,2.15,1.2900160518929267,0.61,0.7771353768420236,10.59,2.3872345693058508,10.44,2.24427442100285,0.0,0.0,10.0,0.0,20.0,0.0,2.0,0.0,1.0,0.0,3.13,1.5219272736443836
fixed_wing,152.0,152.0,100,10.58,2.3833598218489875,0.529,0.11916799109244942,0.47100000000000003,0.11916799109244942,0.0,0.0,-0.005000000000000004,0.03793934553196641,6.64,1.553880772307018,7.22,1.3527375909240453,2.22,1.2356652810808786,0.56,0.7954415583355402,10.73,2.489797363058068,10.49,2.350564084459625,0.0,0.0,10.0,0.0,20.0,0.0,2.0,0.0,1.0,0.0,3.13,1.5219272736443836
fixed_wing,153.0,153.0,100,10.48,2.333246751640384,0.524,0.11666233758201924,0.47600000000000003,0.11666233758201922,0.0,0.0,0.004999999999999999,0.036583928689847375,6.73,1.4897291462856355,7.21,1.3279816841867034,2.2,1.2472191289246468,0.59,0.85392735006669,10.69,2.545326475854692,10.36,2.342061597237042,0.0,0.0,10.0,0.0,20.0,0.0,2.0,0.0,1.0,0.0,3.13,1.5219272736443836
fixed_wing,154.0,154.0,100,10.4,2.260776661041755,0.52,0.11303883305208777,0.48,0.11303883305208781,0.0,0.0,0.004,0.03530530620833993,6.72,1.4844650092327412,7.12,1.2332104770914336,2.28,1.1554001449495728,0.6,0.7654139963827326,10.59,2.4622195784546212,10.28,2.1838710880665393,0.0,0.0,10.0,0.0,20.0,0.0,2.0,0.0,1.0,0.0,3.13,1.5219272736443836
fixed_wing,155.0,155.0,100,10.32,2.251284706180635,0.516,0.11256423530903178,0.484,0.11256423530903176,0.0,0.0,0.004000000000000004,0.03999999999999999,6.76,1.498281844263116,7.08,1.1864555481250734,2.33,1.0922592654815537,0.59,0.7666666666666667,10.58,2.4295321077578422,10.27,2.304387558593827,0.0,0.0,10.0,0.0,20.0,0.0,2.0,0.0,1.0,0.0,3.13,1.5219272736443836
fixed_wing,156.0,156.0,100,10.23,2.214985692089594,0.5115,0.11074928460447968,0.4885,0.1107492846044797,0.0,0.0,0.004500000000000002,0.03630329589623086,6.82,1.4521318358492346,7.05,1.2091820425896227,2.32,1.1623730516108464,0.63,0.7996842811353423,10.44,2.4425520682394066,10.21,2.4049402016967854,0.0,0.0,10.0,0.0,20.0,0.0,2.0,0.0,1.0,0.0,3.13,1.5219272736443836
fixed_wing,157.0,157.0,100,10.19,2.2860799671406107,0.5095000000000001,0.11430399835703053,0.4905,0.11430399835703055,0.0,0.0,0.002000000000000002,0.03402316501408647,6.84,1.46142313371507,7.03,1.2669457427812425,2.29,1.2168430756293396,0.68,0.7638287395970013,10.35,2.463367982698042,10.25,2.345746203775091,0.0,0.0,10.0,0.0,20.0,0.0,2.0,0.0,1.0,0.0,3.13,1.5219272736443836
fixed_wing,158.0,158.0,100,10.2,2.3006367146790674,0.51,0.11503183573395336,0.49,0.11503183573395337,0.0,0.0,-0.0005000000000000015,0.03517273393015124,6.83,1.4428857168602065,7.03,1.2669457427812427,2.33,1.2231355632392538,0.64,0.7979772407579535,10.4,2.420451581541317,10.44,2.2125445838114843,0.0,0.0,10.0,0.0,20.0,0.0,2.0,0.0,1.0,0.0,3.13,1.5219272736443836
fixed_wing,159.0,159.0,100,10.31,2.227899314047957,0.5155,0.1113949657023978,0.48450000000000004,0.11139496570239782,0.0,0.0,-0.005499999999999997,0.036163908566805694,6.73,1.4829332112711313,7.04,1.1540005076763058,2.38,1.1527744310527055,0.58,0.713222874483754,10.51,2.363420736085214,10.41,2.3829995528087844,0.0,0.0,10.0,0.0,20.0,0.0,2.0,0.0,1.0,0.0,3.13,1.5219272736443836
fixed_wing,160.0,160.0,100,10.33,2.327069514486519,0.5165,0.116353475724326,0.48350000000000004,0.11635347572432603,0.0,0.0,-0.0009999999999999987,0.03096103775046726,6.68,1.536623610781808,7.01,1.1848794849854538,2.38,1.2208624207932073,0.61,0.7640270765734507,10.52,2.4224538856875744,10.32,2.3132468763863296,0.0,0.0,10.0,0.0,20.0,0.0,2.0,0.0,1.0,0.0,3.13,1.5219272736443836
fixed_wing,161.0,161.0,100,10.32,2.334977775509054,0.516,0.11674888877545272,0.484,0.1167488887754527,0.0,0.0,0.000499999999999996,0.03444729541801738,6.74,1.5150424203148687,7.06,1.196121678888511,2.3,1.123666437438737,0.64,0.8105366721929969,10.49,2.46385999208682,10.36,2.2496688869720587,0.0,0.0,10.0,0.0,20.0,0.0,2.0,0.0,1.0,0.0,3.13,1.5219272736443836
fixed_wing,162.0,162.0,100,10.33,2.457949379363853,0.5165,0.12289746896819267,0.48350000000000004,0.12289746896819265,0.0,0.0,-0.0004999999999999976,0.027056805189650663,6.75,1.572330188676101,7.08,1.2364824660660938,2.26,1.1944315244779278,0.66,0.8192137151629673,10.49,2.5085510325341764,10.5,2.190429135575903,0.0,0.0,10.0,0.0,20.0,0.0,2.0,0.0,1.0,0.0,3.13,1.5219272736443836
fixed_wing,163.0,163.0,100,10.34,2.366517280816694,0.517,0.1183258640408347,0.483,0.11832586404083474,0.0,0.0,-0.0005000000000000015,0.03217298571940456,6.81,1.5155423738281577,7.15,1.2421470496399747,2.2,1.2472191289246473,0.65,0.8211226608993473,10.54,2.3970520615661615,10.71,2.3106910068836397,0.0,0.0,10.0,0.0,20.0,0.0,2.0,0.0,1.0,0.0,3.13,1.5219272736443836
fixed_wing,164.0,164.0,100,10.43,2.332272486116266,0.5215,0.11661362430581333,0.47850000000000004,0.11661362430581333,0.0,0.0,-0.004500000000000003,0.031857479340007266,6.8,1.4770978917519928,7.23,1.3015530738469345,2.13,1.2843659757234147,0.64,0.8350890595461885,10.65,2.3500483554019205,10.72,2.31848086801542,0.0,0.0,10.0,0.0,20.0,0.0,2.0,0.0,1.0,0.0,3.13,1.5219272736443836
fixed_wing,165.0,165.0,100,10.4,2.313770808341948,0.52,0.11568854041709739,0.48,0.11568854041709742,0.0,0.0,0.0014999999999999963,0.029691171357251248,6.82,1.5067524781141162,7.22,1.3071674983286836,2.17,1.2796385221908364,0.61,0.8151965741742628,10.69,2.3385007715598167,10.57,2.4047721914828633,0.0,0.0,10.0,0.0,20.0,0.0,2.0,0.0,1.0,0.0,3.13,1.5219272736443836
fixed_wing,166.0,166.0,100,10.41,2.3745068600201664,0.5205000000000001,0.11872534300100832,0.47950000000000004,0.11872534300100827,0.0,0.0,-0.0004999999999999994,0.03444729541801738,6.84,1.5090300584056358,7.25,1.3512059708858515,2.14,1.3258883052428652,0.61,0.8274946977156256,10.69,2.4233502146050334,10.39,2.3436783659086586,0.0,0.0,10.0,0.0,20.0,0.0,2.0,0.0,1.0,0.0,3.13,1.5219272736443836
fixed_wing,167.0,167.0,100,10.43,2.454659555896405,0.5215,0.12273297779482026,0.47850000000000004,0.12273297779482022,0.0,0.0,-0.0009999999999999983,0.0317661912902839,6.85,1.4864709750264078,7.28,1.4004328335240217,2.13,1.3077469251357543,0.59,0.7533762390570582,10.71,2.5516681016562677,10.43,2.248478722526981,0.0,0.0,10.0,0.0,20.0,0.0,2.0,0.0,1.0,0.0,3.13,1.5219272736443836
fixed_wing,168.0,168.0,100,10.39,2.4116510124934347,0.5195000000000001,0.12058255062467166,0.48050000000000004,0.12058255062467171,0.0,0.0,0.0020000000000000005,0.033272672075904966,6.82,1.4169251101158338,7.21,1.4305116694258866,2.2,1.3483997249264843,0.59,0.7533762390570582,10.68,2.4324406830933563,10.4,2.1225104251924196,0.0,0.0,10.0,0.0,20.0,0.0,2.0,0.0,1.0,0.0,3.13,1.5219272736443836
fixed_wing,169.0,169.0,100,10.4,2.490385552885376,0.52,0.12451927764426882,0.48,0.12451927764426882,0.0,0.0,-0.000499999999999996,0.03658047721300684,6.77,1.469247041408241,7.17,1.4568195606605616,2.29,1.4091691082895537,0.54,0.7166138105949073,10.77,2.419846392987902,10.35,2.199058568082848,0.0,0.0,10.0,0.0,20.0,0.0,2.0,0.0,1.0,0.0,3.13,1.5219272736443836
fixed_wing,170.0,170.0,100,10.29,2.3880806713612697,0.5145000000000001,0.11940403356806352,0.4855,0.11940403356806348,0.0,0.0,0.005499999999999996,0.0361639085668057,6.87,1.4747367510333782,7.16,1.4122122483335977,2.32,1.3475004919322204,0.52,0.7032392583932261,10.66,2.404625172916191,10.3,2.315952582337636,0.0,0.0,10.0,0.0,20.0,0.0,2.0,0.0,1.0,0.0,3.13,1.5219272736443836
fixed_wing,171.0,171.0,100,10.39,2.3307128141884457,0.5195000000000001,0.11653564070942227,0.48050000000000004,0.11653564070942224,0.0,0.0,-0.005000000000000004,0.035176323534072435,6.83,1.4358680899432135,7.22,1.396821789317131,2.28,1.333939256260921,0.5,0.7035264706814484,10.74,2.3852238740405336,10.41,2.256729554649445,0.0,0.0,10.0,0.0,20.0,0.0,2.0,0.0,1.0,0.0,3.13,1.5219272736443836
fixed_wing,172.0,172.0,100,10.43,2.3879114749339463,0.5215,0.11939557374669729,0.47850000000000004,0.11939557374669728,0.0,0.0,-0.001999999999999999,0.03821787619172552,6.85,1.4381174563233068,7.28,1.4639092536869571,2.22,1.3749563813099854,0.5,0.6590473688161076,10.74,2.47663832113964,10.38,2.200918082083112,0.0,0.0,10.0,0.0,20.0,0.0,2.0,0.0,1.0,0.0,3.13,1.5219272736443836
fixed_wing,173.0,173.0,100,10.48,2.2269243182452154,0.524,0.11134621591226078,0.47600000000000003,0.1113462159122608,0.0,0.0,-0.002499999999999997,0.04166666666666666,6.84,1.3905888586269395,7.32,1.4275782983709853,2.15,1.3512059708858513,0.53,0.6735253251633257,10.74,2.389454948203659,10.34,2.266220990053171,0.0,0.0,10.0,0.0,20.0,0.0,2.0,0.0,1.0,0.0,3.13,1.5219272736443836
fixed_wing,174.0,174.0,100,10.55,2.293491009378718,0.5275,0.11467455046893589,0.4725,0.11467455046893588,0.0,0.0,-0.0035000000000000005,0.031984055371071976,6.81,1.4191689131461425,7.36,1.3745155253007988,2.15,1.32096536478043,0.49,0.6741249472052228,10.87,2.41064558183324,10.27,2.343505963726187,0.0,0.0,10.0,0.0,20.0,0.0,2.0,0.0,1.0,0.0,3.13,1.5219272736443836
fixed_wing,175.0,175.0,100,10.5,2.2807937657798445,0.525,0.11403968828899223,0.475,0.11403968828899223,0.0,0.0,0.002500000000000001,0.03649754384983607,6.84,1.3978338220043878,7.34,1.3121037160286384,2.15,1.2742595393943001,0.51,0.6741249472052229,10.81,2.3982106123971136,10.34,2.248321483896263,0.0,0.0,10.0,0.0,20.0,0.0,2.0,0.0,1.0,0.0,3.13,1.5219272736443836
fixed_wing,176.0,176.0,100,10.49,2.2718968179728476,0.5245000000000001,0.11359484089864241,0.47550000000000003,0.11359484089864244,0.0,0.0,0.0004999999999999976,0.03137827209385436,6.88,1.3653726320101864,7.37,1.338286255257111,2.11,1.3018634662853412,0.52,0.6739001514626733,10.71,2.349704473143614,10.33,2.395513483260917,0.0,0.0,10.0,0.0,20.0,0.0,2.0,0.0,1.0,0.0,3.13,1.5219272736443836
fixed_wing,177.0,177.0,100,10.48,2.153127863355912,0.524,0.10765639316779561,0.47600000000000003,0.1076563931677956,0.0,0.0,0.0004999999999999976,0.03726441148919922,6.92,1.3232955494186138,7.4,1.263312944586414,2.11,1.2463684621468656,0.49,0.6741249472052228,10.72,2.261134067835712,10.36,2.258631032597875,0.0,0.0,10.0,0.0,20.0,0.0,2.0,0.0,1.0,0.0,3.13,1.5219272736443836
fixed_wing,178.0,178.0,100,10.49,2.0864885198424514,0.5245000000000001,0.10432442599212255,0.47550000000000003,0.10432442599212259,0.0,0.0,-0.0004999999999999994,0.03726441148919923,6.88,1.281413361105698,7.37,1.244421897342641,2.18,1.2583458759158164,0.45,0.657128740672771,10.77,2.2511725339870723,10.41,2.2612010753204377,0.0,0.0,10.0,0.0,20.0,0.0,2.0,0.0,1.0,0.0,3.13,1.5219272736443836
fixed_wing,179.0,179.0,100,10.33,2.1132339141130534,0.5165,0.10566169570565265,0.48350000000000004,0.10566169570565266,0.0,0.0,0.008,0.03533390508399614,6.97,1.2589477729236807,7.3,1.2512619892159136,2.27,1.2297244497131143,0.43,0.6396811074214395,10.69,2.2638797483858357,10.43,2.2619156983103124,0.0,0.0,10.0,0.0,20.0,0.0,2.0,0.0,1.0,0.0,3.13,1.5219272736443836
fixed_wing,180.0,180.0,100,10.19,2.135297391347386,0.5095000000000001,0.10676486956736929,0.49050000000000005,0.10676486956736927,0.0,0.0,0.007000000000000002,0.036251088454574906,6.99,1.2752104203470174,7.18,1.2822013898137854,2.38,1.293183371499662,0.44,0.656282767339712,10.62,2.2055027599716177,10.35,2.2624515174223894,0.0,0.0,10.0,0.0,20.0,0.0,2.0,0.0,1.0,0.0,3.13,1.5219272736443836
fixed_wing,181.0,181.0,100,10.25,2.0859075005881977,0.5125,0.10429537502940987,0.4875,0.10429537502940989,0.0,0.0,-0.003000000000000004,0.04071333636016283,6.97,1.2906423113154069,7.22,1.2837759960681643,2.3,1.2350111437766564,0.48,0.6739001514626733,10.64,2.276449477195183,10.37,2.072694045454033,0.0,0.0,10.0,0.0,20.0,0.0,2.0,0.0,1.0,0.0,3.13,1.5219272736443836
fixed_wing,182.0,182.0,100,10.24,1.9904824043483034,0.512,0.09952412021741516,0.48800000000000004,0.09952412021741518,0.0,0.0,0.0005000000000000033,0.031378272093854354,6.99,1.2349702486908403,7.23,1.254124508503156,2.3,1.123666437438737,0.47,0.7028800779936817,10.68,2.2013769795427147,10.39,2.112468994452996,0.0,0.0,10.0,0.0,20.0,0.0,2.0,0.0,1.0,0.0,3.13,1.5219272736443836
fixed_wing,183.0,183.0,100,10.34,2.0011108026404854,0.517,0.10005554013202429,0.48300000000000004,0.10005554013202425,0.0,0.0,-0.005000000000000002,0.03726779962499649,6.88,1.2332104770914332,7.22,1.2356652810808788,2.27,1.1357816691600546,0.51,0.7316095442601368,10.72,2.211448631667725,10.19,2.1258153515982774,0.0,0.0,10.0,0.0,20.0,0.0,2.0,0.0,1.0,0.0,3.13,1.5219272736443836
fixed_wing,184.0,184.0,100,10.35,2.0369069441164713,0.5175,0.10184534720582353,0.4825,0.10184534720582354,0.0,0.0,-0.0005000000000000004,0.03217298571940457,6.85,1.1923578203363165,7.2,1.2949006435891814,2.29,1.233333333333333,0.51,0.7452882297839846,10.73,2.2466810538159967,10.08,2.200459088922173,0.0,0.0,10.0,0.0,20.0,0.0,2.0,0.0,1.0,0.0,3.13,1.5219272736443836
fixed_wing,185.0,185.0,100,10.38,2.07816935758082,0.519,0.103908467879041,0.48100000000000004,0.10390846787904101,0.0,0.0,-0.0014999999999999942,0.029691171357251238,6.8,1.206045378311054,7.18,1.2900552020136287,2.27,1.2621530426340155,0.55,0.7833494518006403,10.66,2.2662209900531716,9.98,2.1880298781037584,0.0,0.0,10.0,0.0,20.0,0.0,2.0,0.0,1.0,0.0,3.13,1.5219272736443836
fixed_wing,186.0,186.0,100,10.25,2.1385117075275324,0.5125,0.10692558537637664,0.4875,0.10692558537637659,0.0,0.0,0.006499999999999999,0.031506773361878355,6.9,1.2752500250000494,7.15,1.2742595393942997,2.31,1.2528351685660641,0.54,0.7709367252527501,10.59,2.2477598275670476,10.16,2.1306801683495293,0.0,0.0,10.0,0.0,20.0,0.0,2.0,0.0,1.0,0.0,3.13,1.5219272736443836
fixed_wing,187.0,187.0,100,10.35,2.161999635578698,0.5175,0.10809998177893491,0.4825,0.10809998177893493,0.0,0.0,-0.0050000000000000044,0.03793934553196641,6.82,1.3056211030182012,7.17,1.295329605883687,2.25,1.2257753678897503,0.58,0.7936617603859907,10.64,2.298528295068895,10.17,2.0303505195712463,0.0,0.0,10.0,0.0,20.0,0.0,2.0,0.0,1.0,0.0,3.13,1.5219272736443836
fixed_wing,188.0,188.0,100,10.31,2.2414596615021685,0.5155,0.1120729830751084,0.48450000000000004,0.1120729830751084,0.0,0.0,0.002000000000000003,0.02923260943784279,6.84,1.3159472526348357,7.15,1.3512059708858513,2.24,1.272236557636141,0.61,0.8396127053287693,10.54,2.375888988325945,10.31,2.1447375107222304,0.0,0.0,10.0,0.0,20.0,0.0,2.0,0.0,1.0,0.0,3.13,1.5219272736443836
fixed_wing,189.0,189.0,100,10.36,2.2271057451320084,0.518,0.11135528725660045,0.48200000000000004,0.11135528725660042,0.0,0.0,-0.0024999999999999988,0.03579896166882018,6.83,1.3261549188110973,7.19,1.3758009604693127,2.18,1.3056211030182012,0.63,0.860526031276829,10.56,2.3966306314988097,10.35,2.1195339682166554,0.0,0.0,10.0,0.0,20.0,0.0,2.0,0.0,1.0,0.0,3.13,1.5219272736443836
fixed_wing,190.0,190.0,100,10.21,2.147561454771482,0.5105,0.10737807273857407,0.48950000000000005,0.10737807273857408,0.0,0.0,0.0075,0.03128154973039785,6.88,1.3202387295600377,7.09,1.3264595544135334,2.32,1.262353101764856,0.59,0.8176709965419211,10.48,2.315865350842385,10.4,2.178870062090612,0.0,0.0,10.0,0.0,20.0,0.0,2.0,0.0,1.0,0.0,3.13,1.5219272736443836
fixed_wing,191.0,191.0,100,10.25,2.235503242555185,0.5125,0.11177516212775926,0.4875,0.11177516212775929,0.0,0.0,-0.0019999999999999966,0.03618136134933163,6.88,1.401874646768578,7.13,1.3154482279451523,2.27,1.3092908096532352,0.6,0.8164965809277261,10.46,2.3243115631137417,10.48,2.199540815256629,0.0,0.0,10.0,0.0,20.0,0.0,2.0,0.0,1.0,0.0,3.13,1.5219272736443836
fixed_wing,192.0,192.0,100,10.19,2.2860799671406102,0.5095000000000001,0.11430399835703053,0.49050000000000005,0.11430399835703058,0.0,0.0,0.0029999999999999975,0.03540530120667459,6.9,1.4177803109441918,7.09,1.3713887379977532,2.27,1.3092908096532347,0.64,0.8821461433242329,10.34,2.319090730907659,10.43,2.2168090635511266,0.0,0.0,10.0,0.0,20.0,0.0,2.0,0.0,1.0,0.0,3.13,1.5219272736443836
fixed_wing,193.0,193.0,100,10.24,2.2433740822090447,0.512,0.11216870411045222,0.48800000000000004,0.11216870411045224,0.0,0.0,-0.0025000000000000022,0.032856437033638546,6.83,1.4002525024819885,7.07,1.3651876697866023,2.36,1.329691997449337,0.57,0.7282884321503674,10.35,2.2846656144164665,10.34,2.279553385284854,0.0,0.0,10.0,0.0,20.0,0.0,2.0,0.0,1.0,0.0,3.13,1.5219272736443836
fixed_wing,194.0,194.0,100,10.33,2.3955134832609164,0.5165,0.1197756741630458,0.48350000000000004,0.11977567416304581,0.0,0.0,-0.004499999999999997,0.036992355202586695,6.76,1.5382004440451202,7.09,1.450148024488981,2.31,1.4403633099487312,0.6,0.7247430753394787,10.43,2.4047721914828637,10.23,2.260128717171174,0.0,0.0,10.0,0.0,20.0,0.0,2.0,0.0,1.0,0.0,3.13,1.5219272736443836
fixed_wing,195.0,195.0,100,10.36,2.3763140968459298,0.518,0.11881570484229648,0.48200000000000004,0.11881570484229649,0.0,0.0,-0.0015000000000000046,0.02793842435706702,6.76,1.5316195956759584,7.12,1.4162120482669838,2.32,1.3771585444550878,0.56,0.6083592771553746,10.43,2.442283250310552,10.24,2.3142946216848865,0.0,0.0,10.0,0.0,20.0,0.0,2.0,0.0,1.0,0.0,3.13,1.5219272736443836
fixed_wing,196.0,196.0,100,10.4,2.3994948963429272,0.52,0.11997474481714639,0.48,0.11997474481714639,0.0,0.0,-0.0020000000000000005,0.036181361349331635,6.72,1.5575168011480924,7.12,1.3800892958959083,2.3,1.3219208552234687,0.58,0.6224746962525846,10.43,2.479226826364554,10.18,2.258004840248545,0.0,0.0,10.0,0.0,20.0,0.0,2.0,0.0,1.0,0.0,3.13,1.5219272736443836
fixed_wing,197.0,197.0,100,10.44,2.2666666666666666,0.522,0.11333333333333334,0.478,0.11333333333333334,0.0,0.0,-0.0019999999999999996,0.038873012632302,6.71,1.5061825449081059,7.15,1.32096536478043,2.27,1.3547894838145689,0.58,0.6224746962525848,10.54,2.2311839498754513,10.19,2.497251013867574,0.0,0.0,10.0,0.0,20.0,0.0,2.0,0.0,1.0,0.0,3.13,1.5219272736443836
fixed_wing,198.0,198.0,100,10.47,2.27616104239333,0.5235,0.1138080521196665,0.4765,0.11380805211966652,0.0,0.0,-0.0014999999999999974,0.034417959840698856,6.74,1.534913546737925,7.21,1.2576633777434927,2.22,1.2837759960681643,0.57,0.6705191716841208,10.55,2.289082565111838,10.09,2.474496173593993,0.0,0.0,10.0,0.0,20.0,0.0,2.0,0.0,1.0,0.0,3.13,1.5219272736443836
fixed_wing,199.0,199.0,100,10.43,2.2929624435818323,0.5215,0.11464812217909162,0.47850000000000004,0.11464812217909161,0.0,0.0,0.0020000000000000005,0.041389990494457886,6.74,1.4538003141887654,7.17,1.348811673026642,2.2,1.325735930559234,0.63,0.69128777501037,10.49,2.2807716220435554,10.14,2.4288668014928154,0.0,0.0,10.0,0.0,20.0,0.0,2.0,0.0,1.0,0.0,3.13,1.5219272736443836
fixed_wing,200.0,200.0,100,10.37,2.3469516011587914,0.5185,0.1173475800579396,0.4815,0.11734758005793962,0.0,0.0,0.002999999999999999,0.035405301206674594,6.75,1.4796600756234317,7.12,1.380089295895909,2.18,1.3808210118138655,0.7,0.758786910639328,10.46,2.341630270395461,10.05,2.221906543234591,0.0,0.0,10.0,0.0,20.0,0.0,2.0,0.0,1.0,0.0,3.13,1.5219272736443836
fixed_wing,201.0,201.0,100,10.28,2.256662414391052,0.514,0.1128331207195526,0.486,0.11283312071955262,0.0,0.0,0.004500000000000003,0.031054692711310786,6.8,1.4213381090374029,7.08,1.3156401829182212,2.25,1.3209653647804305,0.67,0.8294454761946671,10.38,2.2508359838652447,10.02,2.3049354161727114,0.0,0.0,10.0,0.0,20.0,0.0,2.0,0.0,1.0,0.0,3.13,1.5219272736443836
fixed_wing,202.0,202.0,100,10.26,2.218471582332341,0.513,0.11092357911661707,0.48700000000000004,0.11092357911661703,0.0,0.0,0.0009999999999999976,0.04081245601108278,6.78,1.382283281642034,7.04,1.3402849086532447,2.28,1.295524541791408,0.68,0.8025212794938238,10.3,2.254064790729867,10.21,2.066055628144087,0.0,0.0,10.0,0.0,20.0,0.0,2.0,0.0,1.0,0.0,3.13,1.5219272736443836
fixed_wing,203.0,203.0,100,10.23,2.178197753773852,0.5115,0.1089098876886926,0.4885,0.10890988768869261,0.0,0.0,0.0014999999999999992,0.02969117135725124,6.83,1.3784415149367095,7.06,1.3243637694906158,2.26,1.2441377688498922,0.68,0.8273115763993903,10.33,2.318371947045703,10.23,2.1689032745010586,0.0,0.0,10.0,0.0,20.0,0.0,2.0,0.0,1.0,0.0,3.13,1.5219272736443836
fixed_wing,204.0,204.0,100,10.26,2.227559247701439,0.513,0.11137796238507194,0.48700000000000004,0.11137796238507196,0.0,0.0,-0.0014999999999999963,0.03214157444931422,6.83,1.4146063449281963,7.09,1.3491111926379569,2.27,1.24604424585416,0.64,0.7722458393307383,10.36,2.3805610067945553,10.19,2.294899922995697,0.0,0.0,10.0,0.0,20.0,0.0,2.0,0.0,1.0,0.0,3.13,1.5219272736443836
fixed_wing,205.0,205.0,100,10.28,2.225109235770485,0.514,0.11125546178852429,0.486,0.11125546178852425,0.0,0.0,-0.0009999999999999998,0.037591638872644446,6.81,1.3610379283562388,7.09,1.3787345977051169,2.22,1.2758835322547228,0.69,0.7745314647572362,10.25,2.4303427035226237,10.24,2.256841450641434,0.0,0.0,10.0,0.0,20.0,0.0,2.0,0.0,1.0,0.0,3.13,1.5219272736443836
fixed_wing,206.0,206.0,100,10.24,2.2207469850744297,0.512,0.11103734925372147,0.488,0.11103734925372154,0.0,0.0,0.0019999999999999953,0.04077531437801874,6.85,1.3807844352271852,7.09,1.3264595544135334,2.25,1.2821619998812137,0.66,0.7941706810925916,10.29,2.4465807928122008,10.32,2.2013769795427147,0.0,0.0,10.0,0.0,20.0,0.0,2.0,0.0,1.0,0.0,3.13,1.5219272736443836
fixed_wing,207.0,207.0,100,10.22,2.2499382707581606,0.511,0.11249691353790801,0.489,0.11249691353790801,0.0,0.0,0.0010000000000000026,0.02928439443757985,6.83,1.400252502481988,7.05,1.313296415417127,2.26,1.2112269428437874,0.69,0.7613783354528613,10.24,2.5509752541870623,10.36,2.316039810547393,0.0,0.0,10.0,0.0,20.0,0.0,2.0,0.0,1.0,0.0,3.13,1.5219272736443836
fixed_wing,208.0,208.0,100,10.22,2.1252688481149096,0.511,0.10626344240574546,0.489,0.1062634424057455,0.0,0.0,-4.440892098500626e-18,0.03553345272593507,6.84,1.4050414279093033,7.06,1.2538425786841074,2.3,1.1934162828797106,0.64,0.7456269817808339,10.3,2.3462844041271946,10.33,2.269939704623509,0.0,0.0,10.0,0.0,20.0,0.0,2.0,0.0,1.0,0.0,3.13,1.5219272736443836
fixed_wing,209.0,209.0,100,10.24,2.1373069054491936,0.512,0.10686534527245967,0.48800000000000004,0.10686534527245967,0.0,0.0,-0.0009999999999999992,0.03255143559961617,6.82,1.3953747550642825,7.06,1.277782169513753,2.33,1.2148492029295597,0.61,0.7091750791795304,10.42,2.266042694864661,10.3,2.1532216876958197,0.0,0.0,10.0,0.0,20.0,0.0,2.0,0.0,1.0,0.0,3.13,1.5219272736443836
fixed_wing,210.0,210.0,100,10.14,2.160340414626988,0.507,0.1080170207313494,0.49300000000000005,0.10801702073134943,0.0,0.0,0.005000000000000002,0.03859920970562726,6.82,1.4169251101158338,6.96,1.270647651611356,2.45,1.217506974240079,0.59,0.7120180453961099,10.34,2.2928082556048373,10.23,2.2104206830283686,0.0,0.0,10.0,0.0,20.0,0.0,2.0,0.0,1.0,0.0,3.13,1.5219272736443836
fixed_wing,211.0,211.0,100,10.16,2.182205352852981,0.508,0.10911026764264907,0.49200000000000005,0.10911026764264906,0.0,0.0,-0.0010000000000000009,0.035519236501030844,6.83,1.3710940849916138,6.99,1.3669622740170477,2.4,1.2949006435891814,0.61,0.7640270765734509,10.3,2.2630095274240714,10.05,2.3154073315749675,0.0,0.0,10.0,0.0,20.0,0.0,2.0,0.0,1.0,0.0,3.13,1.5219272736443836
fixed_wing,212.0,212.0,100,10.07,2.198507298926784,0.5035000000000001,0.10992536494633921,0.4965,0.1099253649463392,0.0,0.0,0.004500000000000003,0.03340522550304204,6.87,1.3828312341794358,6.94,1.3395310501602544,2.45,1.3586609569571046,0.61,0.7506899183653352,10.18,2.185258230817021,10.05,2.1898526309901643,0.0,0.0,10.0,0.0,20.0,0.0,2.0,0.0,1.0,0.0,3.13,1.5219272736443836
fixed_wing,213.0,213.0,100,10.11,2.308941775188824,0.5055,0.11544708875944125,0.49450000000000005,0.11544708875944122,0.0,0.0,-0.0020000000000000018,0.03687269938038114,6.87,1.4259853938362563,6.98,1.3778918167206957,2.4,1.3926212476455826,0.62,0.7355338884171829,10.24,2.2343507406679084,9.96,2.300285445616072,0.0,0.0,10.0,0.0,20.0,0.0,2.0,0.0,1.0,0.0,3.13,1.5219272736443836
fixed_wing,214.0,214.0,100,10.06,2.3860706890897707,0.503,0.1193035344544885,0.49700000000000005,0.11930353445448852,0.0,0.0,0.002500000000000001,0.03785605378378481,6.9,1.487320144461579,6.96,1.362706753843136,2.49,1.4319231964054637,0.55,0.7159792333764037,10.28,2.256662414391052,9.86,2.2830955416988683,0.0,0.0,10.0,0.0,20.0,0.0,2.0,0.0,1.0,0.0,3.13,1.5219272736443836
fixed_wing,215.0,215.0,100,10.08,2.480957781815627,0.504,0.12404788909078135,0.496,0.12404788909078136,0.0,0.0,-0.0009999999999999998,0.0395556123027626,6.83,1.484294887524482,6.91,1.4777473984877703,2.53,1.520599297060939,0.56,0.671497647731614,10.26,2.3639549124894126,9.68,2.317609356926471,0.0,0.0,10.0,0.0,20.0,0.0,2.0,0.0,1.0,0.0,3.13,1.5219272736443836
fixed_wing,216.0,216.0,100,10.03,2.4677925358506134,0.5015,0.12338962679253065,0.4985,0.12338962679253067,0.0,0.0,0.0024999999999999996,0.03128154973039786,6.85,1.4864709750264085,6.88,1.519436365461505,2.56,1.5783894105426368,0.56,0.7429126408395486,10.22,2.3293472445856134,9.75,2.2802401078603434,0.0,0.0,10.0,0.0,20.0,0.0,2.0,0.0,1.0,0.0,3.13,1.5219272736443836
fixed_wing,217.0,217.0,100,9.95,2.459264076503334,0.4975,0.12296320382516672,0.5025,0.1229632038251667,0.0,0.0,0.004000000000000001,0.02814105882725794,6.94,1.5029936456917903,6.89,1.5034976057530156,2.53,1.487014499328141,0.58,0.7410066862659938,10.15,2.319765749232696,9.89,2.251352006814096,0.0,0.0,10.0,0.0,20.0,0.0,2.0,0.0,1.0,0.0,3.13,1.5219272736443836
fixed_wing,218.0,218.0,100,9.94,2.373336738165757,0.49700000000000005,0.11866683690828785,0.503,0.11866683690828783,0.0,0.0,0.0004999999999999988,0.03137827209385437,6.96,1.441940331356301,6.9,1.4034589305344738,2.51,1.4598671587552483,0.59,0.7666666666666667,10.14,2.2020192753218324,9.95,2.2127956630616947,0.0,0.0,10.0,0.0,20.0,0.0,2.0,0.0,1.0,0.0,3.13,1.5219272736443836
fixed_wing,219.0,219.0,100,9.99,2.2315234638463854,0.49950000000000006,0.11157617319231927,0.5005000000000001,0.11157617319231926,0.0,0.0,-0.002499999999999998,0.04226838252897976,6.98,1.3705414398637636,6.97,1.3666666666666667,2.45,1.4310764472870758,0.58,0.7808309482192479,10.22,2.231908183912174,10.05,2.2309802166923682,0.0,0.0,10.0,0.0,20.0,0.0,2.0,0.0,1.0,0.0,3.13,1.5219272736443836
fixed_wing,220.0,220.0,100,9.99,2.2224520083216484,0.49950000000000006,0.11112260041608243,0.5005,0.11112260041608243,0.0,0.0,-4.440892098500626e-18,0.03623715376697393,6.99,1.4177446878757824,6.98,1.3557211357723236,2.42,1.436747167821264,0.6,0.828775414010748,10.22,2.204586587141004,10.12,2.248591029102806,0.0,0.0,10.0,0.0,20.0,0.0,2.0,0.0,1.0,0.0,3.13,1.5219272736443836
fixed_wing,221.0,221.0,100,10.01,2.2674463899534936,0.5005,0.11337231949767469,0.49950000000000006,0.1133723194976747,0.0,0.0,-0.0009999999999999976,0.0317661912902839,6.98,1.449346770309321,6.99,1.3743317935592843,2.44,1.3949403520791082,0.57,0.7687718133556283,10.28,2.2205650386577487,10.09,2.287846678482285,0.0,0.0,10.0,0.0,20.0,0.0,2.0,0.0,1.0,0.0,3.13,1.5219272736443836
fixed_wing,222.0,222.0,100,10.08,2.236880945342502,0.504,0.1118440472671251,0.496,0.11184404726712507,0.0,0.0,-0.003499999999999999,0.033525958584206046,6.96,1.3920408678547398,7.04,1.3174815276722387,2.4,1.3483997249264843,0.56,0.7291893935852138,10.28,2.1606209358151713,9.91,2.3054393301604152,0.0,0.0,10.0,0.0,20.0,0.0,2.0,0.0,1.0,0.0,3.13,1.5219272736443836
fixed_wing,223.0,223.0,100,10.0,2.3094010767585034,0.5,0.11547005383792514,0.5,0.11547005383792515,0.0,0.0,0.003999999999999997,0.03805896541532427,7.03,1.4664944802507989,7.03,1.3443108707332976,2.46,1.2981727640235428,0.51,0.6589707309451794,10.31,2.2096894063934123,9.93,2.2973634427053082,0.0,0.0,10.0,0.0,20.0,0.0,2.0,0.0,1.0,0.0,3.13,1.5219272736443836
fixed_wing,224.0,224.0,100,10.0,2.335496832484569,0.5,0.11677484162422842,0.5,0.11677484162422844,0.0,0.0,1.1102230246251566e-18,0.035533452725935076,7.07,1.4372743564669814,7.07,1.3725667174820297,2.35,1.3209653647804303,0.58,0.7272474743090477,10.29,2.3150583036923607,9.99,2.226992355059835,0.0,0.0,10.0,0.0,20.0,0.0,2.0,0.0,1.0,0.0,3.13,1.5219272736443836
fixed_wing,225.0,225.0,100,9.96,2.2604191977363293,0.49800000000000005,0.11302095988681644,0.502,0.11302095988681643,0.0,0.0,0.001999999999999998,0.036872699380381124,7.07,1.3944695961351954,7.03,1.3291981329988678,2.33,1.2476644848141936,0.64,0.7319546268434783,10.19,2.2860799671406107,9.88,2.1662237309486874,0.0,0.0,10.0,0.0,20.0,0.0,2.0,0.0,1.0,0.0,3.13,1.5219272736443836
fixed_wing,226.0,226.0,100,10.08,2.3897085744305877,0.504,0.1194854287215294,0.496,0.1194854287215294,0.0,0.0,-0.0059999999999999975,0.03643175438093432,6.95,1.4310764472870756,7.03,1.4103155317126375,2.34,1.240885965670488,0.63,0.733815268637038,10.34,2.3450786637965773,9.96,2.2152820920764804,0.0,0.0,10.0,0.0,20.0,0.0,2.0,0.0,1.0,0.0,3.13,1.5219272736443836
fixed_wing,227.0,227.0,100,10.11,2.2825424421026663,0.5055,0.11412712210513329,0.49450000000000005,0.11412712210513327,0.0,0.0,-0.0015000000000000026,0.03921901723821383,6.95,1.3734495390671024,7.06,1.3985562541276613,2.29,1.2414963275471786,0.65,0.6871842709362769,10.27,2.2956040555370127,9.92,2.1820201926682805,0.0,0.0,10.0,0.0,20.0,0.0,2.0,0.0,1.0,0.0,3.13,1.5219272736443836
fixed_wing,228.0,228.0,100,10.04,2.2334464014797466,0.502,0.11167232007398732,0.498,0.11167232007398732,0.0,0.0,0.003500000000000003,0.029520580049596703,6.97,1.3740377716714332,7.01,1.3521027395068088,2.35,1.2421470496399745,0.64,0.6744994402884963,10.19,2.259413528982575,9.91,2.1513209472744452,0.0,0.0,10.0,0.0,20.0,0.0,2.0,0.0,1.0,0.0,3.13,1.5219272736443836
fixed_wing,229.0,229.0,100,10.0,2.211083193570267,0.5,0.11055415967851331,0.5,0.11055415967851334,0.0,0.0,0.001999999999999999,0.03402316501408648,6.97,1.3518038827336372,6.97,1.3518038827336372,2.39,1.2862520921049825,0.64,0.6744994402884964,10.18,2.217378559643724,9.94,1.978776277287444,0.0,0.0,10.0,0.0,20.0,0.0,2.0,0.0,1.0,0.0,3.13,1.5219272736443836
fixed_wing,230.0,230.0,100,9.99,2.195012712510069,0.49950000000000006,0.1097506356255034,0.5005,0.10975063562550345,0.0,0.0,0.000500000000000001,0.038595938447542166,6.94,1.3767183936279546,6.93,1.327677397837017,2.45,1.2502524997500757,0.62,0.6783819132332614,10.24,2.1932863585280087,10.07,1.9604936504705526,0.0,0.0,10.0,0.0,20.0,0.0,2.0,0.0,1.0,0.0,3.13,1.5219272736443836
fixed_wing,231.0,231.0,100,9.98,2.210991824608324,0.499,0.11054959123041626,0.501,0.11054959123041624,0.0,0.0,0.000500000000000001,0.032948536547258975,7.01,1.3370780746754385,6.99,1.3521027395068095,2.43,1.2492826224305973,0.58,0.6843119378491275,10.25,2.1898526309901647,10.05,1.919464361311101,0.0,0.0,10.0,0.0,20.0,0.0,2.0,0.0,1.0,0.0,3.13,1.5219272736443836
fixed_wing,232.0,232.0,100,9.98,2.074277286822151,0.499,0.10371386434110755,0.501,0.10371386434110753,0.0,0.0,-5.551115123125783e-19,0.03408249054303635,7.05,1.2742595393942997,7.03,1.3443108707332978,2.38,1.2454361128179603,0.59,0.6681045100608409,10.22,2.2228382984396555,9.89,1.9842562151276555,0.0,0.0,10.0,0.0,20.0,0.0,2.0,0.0,1.0,0.0,3.13,1.5219272736443836
fixed_wing,233.0,233.0,100,9.95,1.9299604852813632,0.4975,0.09649802426406813,0.5025,0.09649802426406813,0.0,0.0,0.0014999999999999963,0.03585534912124076,7.09,1.2068407709655178,7.04,1.3327271349235807,2.42,1.2963039922811472,0.54,0.6422812876966388,10.18,2.12906770510693,9.83,2.103652427411319,0.0,0.0,10.0,0.0,20.0,0.0,2.0,0.0,1.0,0.0,3.13,1.5219272736443836
fixed_wing,234.0,234.0,100,9.85,1.950783318453271,0.4925,0.09753916592266354,0.5075,0.09753916592266354,0.0,0.0,0.005000000000000002,0.03370999312316211,7.08,1.2117272086913076,6.93,1.3123731299913268,2.59,1.279954228979626,0.48,0.6110100926607787,10.1,2.096172558245001,9.9,2.0572610996962037,0.0,0.0,10.0,0.0,20.0,0.0,2.0,0.0,1.0,0.0,3.13,1.5219272736443836
fixed_wing,235.0,235.0,100,9.96,1.9223302357694778,0.498,0.09611651178847387,0.502,0.09611651178847384,0.0,0.0,-0.0055000000000000005,0.031698548544026116,7.06,1.2777821695137528,7.02,1.2631530214330944,2.46,1.258666923471982,0.52,0.7174590404667536,10.21,2.119152679919047,9.8,2.064612860229797,0.0,0.0,10.0,0.0,20.0,0.0,2.0,0.0,1.0,0.0,3.13,1.5219272736443836
fixed_wing,236.0,236.0,100,9.98,1.9693612767554454,0.499,0.09846806383777226,0.501,0.09846806383777226,0.0,0.0,-0.001000000000000002,0.03622321371884627,7.03,1.2984450685183397,7.01,1.2831070245165197,2.46,1.3289321299677441,0.53,0.7028800779936815,10.25,2.0810593650369715,9.75,2.147937700129211,0.0,0.0,10.0,0.0,20.0,0.0,2.0,0.0,1.0,0.0,3.13,1.5219272736443836
fixed_wing,237.0,237.0,100,9.9,2.0816659994661335,0.495,0.10408329997330662,0.505,0.10408329997330663,0.0,0.0,0.004000000000000001,0.034582648770150576,7.03,1.2906423113154069,6.93,1.2411708385653646,2.54,1.2586669234719816,0.53,0.7171069824248151,10.14,2.2474227663946746,9.76,2.0991580803895276,0.0,0.0,10.0,0.0,20.0,0.0,2.0,0.0,1.0,0.0,3.13,1.5219272736443836
fixed_wing,238.0,238.0,100,9.93,2.0853263194487957,0.4965,0.10426631597243974,0.5035000000000001,0.10426631597243978,0.0,0.0,-0.001500000000000003,0.02969117135725124,6.99,1.19337396240299,6.92,1.2766749742589103,2.57,1.2330056894852637,0.51,0.7034546786030248,10.16,2.2415723197448845,9.78,2.115741864302836,0.0,0.0,10.0,0.0,20.0,0.0,2.0,0.0,1.0,0.0,3.13,1.5219272736443836
fixed_wing,239.0,239.0,100,9.83,2.183755453064258,0.4915,0.10918777265321285,0.5085000000000001,0.10918777265321285,0.0,0.0,0.005000000000000002,0.03793934553196641,6.96,1.205375166879297,6.79,1.3654835973183472,2.65,1.3132964154171267,0.56,0.7009373233842889,10.06,2.299846283840059,9.68,2.12669421469761,0.0,0.0,10.0,0.0,20.0,0.0,2.0,0.0,1.0,0.0,3.13,1.5219272736443836
fixed_wing,240.0,240.0,100,9.84,2.158937261943964,0.49200000000000005,0.10794686309719821,0.508,0.10794686309719821,0.0,0.0,-0.0004999999999999999,0.03294853654725897,6.96,1.230258246684554,6.8,1.3558701406786116,2.64,1.314411186682755,0.56,0.7563869460277671,10.11,2.308941775188825,9.55,2.0369069441164704,0.0,0.0,10.0,0.0,20.0,0.0,2.0,0.0,1.0,0.0,3.13,1.5219272736443836
fixed_wing,241.0,241.0,100,9.74,2.139668623451262,0.48700000000000004,0.10698343117256309,0.513,0.10698343117256309,0.0,0.0,0.005,0.04113294533484311,7.05,1.2091820425896227,6.79,1.3801990780135647,2.64,1.374515525300798,0.57,0.8318775162367366,10.01,2.289612026593857,9.57,1.9707712688030021,0.0,0.0,10.0,0.0,20.0,0.0,2.0,0.0,1.0,0.0,3.13,1.5219272736443836
fixed_wing,242.0,242.0,100,9.58,2.1470204865573526,0.479,0.10735102432786761,0.521,0.10735102432786763,0.0,0.0,0.008000000000000004,0.0346118447641815,7.1,1.2831463854387959,6.68,1.3698042328608993,2.74,1.3752502068035226,0.58,0.8666666666666666,9.9,2.28963408483195,9.58,1.8704507100123908,0.0,0.0,10.0,0.0,20.0,0.0,2.0,0.0,1.0,0.0,3.13,1.5219272736443836
fixed_wing,243.0,243.0,100,9.46,2.0071589046926186,0.473,0.1003579452346309,0.527,0.10035794523463086,0.0,0.0,0.005999999999999998,0.03845501110112802,7.2,1.222681272838304,6.66,1.2966156412800676,2.81,1.3080558478177076,0.53,0.7843803447642763,9.77,2.1265754706389406,9.53,1.8060224726500969,0.0,0.0,10.0,0.0,20.0,0.0,2.0,0.0,1.0,0.0,3.13,1.5219272736443836
fixed_wing,244.0,244.0,100,9.43,2.0804768295714897,0.4715,0.10402384147857449,0.5285,0.10402384147857449,0.0,0.0,0.0015000000000000024,0.035855349121240755,7.21,1.2815315963031235,6.64,1.3671469961532698,2.79,1.4091691082895537,0.57,0.7946157193349132,9.75,2.194460426997162,9.53,1.9093337988826247,0.0,0.0,10.0,0.0,20.0,0.0,2.0,0.0,1.0,0.0,3.13,1.5219272736443836
fixed_wing,245.0,245.0,100,9.33,2.0940270998603365,0.46649999999999997,0.10470135499301686,0.5335,0.10470135499301685,0.0,0.0,0.004999999999999999,0.03588702812826367,7.26,1.3074765579141177,6.59,1.393310134648109,2.81,1.447359141626046,0.6,0.8040302522073696,9.68,2.121939269306797,9.6,1.994943101894884,0.0,0.0,10.0,0.0,20.0,0.0,2.0,0.0,1.0,0.0,3.13,1.5219272736443836
fixed_wing,246.0,246.0,100,9.39,2.1267654579504796,0.46950000000000003,0.106338272897524,0.5305,0.10633827289752397,0.0,0.0,-0.003,0.03319668962442192,7.2,1.2552918289216957,6.59,1.4431657121506434,2.82,1.5067524781141162,0.59,0.8052228501376737,9.68,2.1783136838046318,9.59,1.9441442769755974,0.0,0.0,10.0,0.0,20.0,0.0,2.0,0.0,1.0,0.0,3.13,1.5219272736443836
fixed_wing,247.0,247.0,100,9.4,2.1320071635561044,0.47,0.10660035817780522,0.53,0.10660035817780522,0.0,0.0,-0.0005000000000000015,0.03924476417500192,7.2,1.2633129445864137,6.6,1.3853490243227224,2.79,1.4445648745444688,0.61,0.8151965741742628,9.76,2.1514383255596403,9.55,1.9713862220183132,0.0,0.0,10.0,0.0,20.0,0.0,2.0,0.0,1.0,0.0,3.13,1.5219272736443836
fixed_wing,248.0,248.0,100,9.42,2.161088390210597,0.47100000000000003,0.10805441951052987,0.529,0.10805441951052987,0.0,0.0,-0.0009999999999999987,0.03406766884607839,7.21,1.2576633777434927,6.63,1.3901166290726266,2.79,1.4722689148303572,0.58,0.7545150292028179,9.86,2.108280931196904,9.49,2.0719141591360106,0.0,0.0,10.0,0.0,20.0,0.0,2.0,0.0,1.0,0.0,3.13,1.5219272736443836
fixed_wing,249.0,249.0,100,9.38,2.0975213847767944,0.469,0.10487606923883971,0.531,0.10487606923883973,0.0,0.0,0.0020000000000000005,0.036872699380381145,7.27,1.2297244497131146,6.65,1.3734495390671022,2.77,1.4060116240162053,0.58,0.7410066862659939,9.82,2.1573459189804063,9.4,2.0792383998070845,0.0,0.0,10.0,0.0,20.0,0.0,2.0,0.0,1.0,0.0,3.13,1.5219272736443836
fixed_wing,250.0,250.0,100,9.43,2.1567605712308824,0.4715,0.10783802856154412,0.5285,0.10783802856154409,0.0,0.0,-0.0025,0.03649754384983606,7.24,1.2722365576361412,6.67,1.348811673026642,2.74,1.3604811982931226,0.59,0.7797305932049851,9.84,2.205227948088429,9.39,2.1737413634449507,0.0,0.0,10.0,0.0,20.0,0.0,2.0,0.0,1.0,0.0,3.13,1.5219272736443836
fixed_wing,251.0,251.0,100,9.47,2.1436068914450015,0.47350000000000003,0.1071803445722501,0.5265,0.10718034457225009,0.0,0.0,-0.002000000000000002,0.03171845844395037,7.18,1.3286280612919952,6.65,1.3586609569571053,2.69,1.3904072508557783,0.66,0.7941706810925916,9.75,2.1898526309901647,9.49,2.3159307747718527,0.0,0.0,10.0,0.0,20.0,0.0,2.0,0.0,1.0,0.0,3.13,1.5219272736443836
fixed_wing,252.0,252.0,100,9.41,2.1746705311821186,0.4705,0.10873352655910595,0.5295000000000001,0.10873352655910594,0.0,0.0,0.002999999999999999,0.03394886231562484,7.17,1.3185161540477413,6.58,1.3422429592350864,2.69,1.3461129974932275,0.73,0.8744984132332516,9.64,2.2496688869720582,9.4,2.4700222875533115,0.0,0.0,10.0,0.0,20.0,0.0,2.0,0.0,1.0,0.0,3.13,1.5219272736443836
fixed_wing,253.0,253.0,100,9.4,2.197335392761612,0.47,0.10986676963808062,0.53,0.10986676963808062,0.0,0.0,0.0004999999999999999,0.03726441148919923,7.21,1.3279816841867034,6.61,1.3550876821308013,2.7,1.3219208552234687,0.69,0.872648355017731,9.56,2.3924122478444985,9.3,2.455667532526142,0.0,0.0,10.0,0.0,20.0,0.0,2.0,0.0,1.0,0.0,3.13,1.5219272736443836
fixed_wing,254.0,254.0,100,9.4,2.201927530252721,0.47,0.11009637651263605,0.53,0.11009637651263605,0.0,0.0,0.0,0.031782086308186415,7.26,1.2762001679544117,6.66,1.3723091208733993,2.67,1.378441514936709,0.67,0.7792122414154677,9.54,2.280439440196568,9.25,2.2978909961751954,0.0,0.0,10.0,0.0,20.0,0.0,2.0,0.0,1.0,0.0,3.13,1.5219272736443836
fixed_wing,255.0,255.0,100,9.4,2.1927336381970353,0.47,0.10963668190985176,0.53,0.10963668190985178,0.0,0.0,1.6653345369377347e-18,0.03178208630818641,7.26,1.2682605601708379,6.66,1.3425439443177425,2.62,1.3910246205403751,0.72,0.8050346626579554,9.53,2.171695795055704,9.32,2.3263097755280087,0.0,0.0,10.0,0.0,20.0,0.0,2.0,0.0,1.0,0.0,3.13,1.5219272736443836
fixed_wing,256.0,256.0,100,9.46,2.244724454980584,0.47300000000000003,0.11223622274902921,0.527,0.11223622274902924,0.0,0.0,-0.0030000000000000022,0.04312303282001348,7.2,1.2552918289216954,6.66,1.4086314011275005,2.63,1.3901166290726266,0.71,0.7692971999287284,9.65,2.240017135576593,9.47,2.2493770181312356,0.0,0.0,10.0,0.0,20.0,0.0,2.0,0.0,1.0,0.0,3.13,1.5219272736443836
fixed_wing,257.0,257.0,100,9.52,2.267379567035502,0.47600000000000003,0.11336897835177512,0.524,0.1133689783517751,0.0,0.0,-0.003,0.0368041499636312,7.19,1.2846805207537164,6.71,1.4019827229875392,2.56,1.3730449829676106,0.73,0.8147007878585696,9.62,2.343182675444885,9.42,2.2615807468997158,0.0,0.0,10.0,0.0,20.0,0.0,2.0,0.0,1.0,0.0,3.13,1.5219272736443836
fixed_wing,258.0,258.0,100,9.49,2.3462628784834605,0.47450000000000003,0.11731314392417304,0.5255,0.11731314392417304,0.0,0.0,0.0015000000000000013,0.04048631144154051,7.26,1.3380220589747502,6.75,1.4310764472870752,2.45,1.4168894655461866,0.8,0.9101004495564368,9.57,2.3879114749339463,9.38,2.241842676429054,0.0,0.0,10.0,0.0,20.0,0.0,2.0,0.0,1.0,0.0,3.13,1.5219272736443836
fixed_wing,259.0,259.0,100,9.44,2.306424930405488,0.47200000000000003,0.11532124652027438,0.528,0.11532124652027435,0.0,0.0,0.0025000000000000022,0.02962305272123811,7.24,1.356763826466523,6.68,1.4486496673060254,2.55,1.3953385599809445,0.77,0.8744984132332516,9.52,2.3846309245802892,9.47,2.176342033427799,0.0,0.0,10.0,0.0,20.0,0.0,2.0,0.0,1.0,0.0,3.13,1.5219272736443836
fixed_wing,260.0,260.0,100,9.54,2.1622098684335698,0.47700000000000004,0.10811049342167847,0.523,0.10811049342167846,0.0,0.0,-0.005000000000000001,0.041742355496836095,7.27,1.2859379314867279,6.81,1.4333333333333333,2.39,1.3325376413657384,0.8,0.9101004495564368,9.59,2.256729554649444,9.53,2.0765890836230025,0.0,0.0,10.0,0.0,20.0,0.0,2.0,0.0,1.0,0.0,3.13,1.5219272736443836
fixed_wing,261.0,261.0,100,9.64,2.171998102571859,0.48200000000000004,0.10859990512859297,0.518,0.10859990512859295,0.0,0.0,-0.0050000000000000044,0.030567031820957602,7.24,1.2318992481431903,6.88,1.4790114088386022,2.31,1.3904072508557783,0.81,0.9287223764534008,9.67,2.247580067898842,9.51,2.1950127125100685,0.0,0.0,10.0,0.0,20.0,0.0,2.0,0.0,1.0,0.0,3.13,1.5219272736443836
fixed_wing,262.0,262.0,100,9.66,2.0851567777696687,0.48300000000000004,0.10425783888848347,0.517,0.10425783888848343,0.0,0.0,-0.001000000000000002,0.03406766884607839,7.15,1.1579762911688178,6.81,1.4120334216435473,2.39,1.377268560183048,0.8,0.9428090415820635,9.72,2.1418391040119586,9.66,2.297209550121999,0.0,0.0,10.0,0.0,20.0,0.0,2.0,0.0,1.0,0.0,3.13,1.5219272736443836
fixed_wing,263.0,263.0,100,9.55,2.152635218479523,0.4775,0.10763176092397618,0.5225,0.10763176092397612,0.0,0.0,0.005500000000000002,0.03089163202702197,7.18,1.1667099559068317,6.73,1.516608390488794,2.53,1.5469422429523032,0.74,0.9808262853432314,9.74,2.177107709737389,9.64,2.3805610067945553,0.0,0.0,10.0,0.0,20.0,0.0,2.0,0.0,1.0,0.0,3.13,1.5219272736443836
fixed_wing,264.0,264.0,100,9.48,2.1903369050389845,0.474,0.10951684525194924,0.526,0.10951684525194925,0.0,0.0,0.003500000000000001,0.03198405537107197,7.26,1.2195379154715642,6.74,1.501648925331582,2.53,1.5005386238335092,0.73,0.8744984132332516,9.68,2.1967836911855,9.6,2.3994948963429272,0.0,0.0,10.0,0.0,20.0,0.0,2.0,0.0,1.0,0.0,3.13,1.5219272736443836
fixed_wing,265.0,265.0,100,9.57,2.2213609442061513,0.47850000000000004,0.11106804721030758,0.5215,0.11106804721030758,0.0,0.0,-0.0045000000000000005,0.030230595245361758,7.25,1.217506974240079,6.82,1.5134414592263061,2.47,1.4664944802507989,0.71,0.8795660086863087,9.76,2.2478721700597863,9.6,2.4700222875533124,0.0,0.0,10.0,0.0,20.0,0.0,2.0,0.0,1.0,0.0,3.13,1.5219272736443836
fixed_wing,266.0,266.0,100,9.45,2.3241159935586584,0.4725,0.11620579967793293,0.5275,0.1162057996779329,0.0,0.0,0.006000000000000005,0.03643175438093432,7.29,1.2085135706747572,6.74,1.5739033379377896,2.56,1.5395132380401964,0.7,0.8226589066968623,9.67,2.3486725242703854,9.57,2.531638188839772,0.0,0.0,10.0,0.0,20.0,0.0,2.0,0.0,1.0,0.0,3.13,1.5219272736443836
fixed_wing,267.0,267.0,100,9.32,2.3176093569264715,0.466,0.11588046784632358,0.534,0.11588046784632358,0.0,0.0,0.0064999999999999945,0.031506773361878355,7.33,1.1896438648824803,6.65,1.5723301886761003,2.64,1.4942313317312257,0.71,0.8323630715188433,9.61,2.3263749057321355,9.59,2.538969010516599,0.0,0.0,10.0,0.0,20.0,0.0,2.0,0.0,1.0,0.0,3.13,1.5219272736443836
fixed_wing,268.0,268.0,100,9.32,2.2736079101931645,0.466,0.11368039550965826,0.534,0.11368039550965825,0.0,0.0,8.326672684688674e-19,0.031782086308186415,7.32,1.1796250046159376,6.64,1.514375558880073,2.63,1.4951436537853298,0.73,0.9084897001912214,9.58,2.314556483901768,9.67,2.582204054248575,0.0,0.0,10.0,0.0,20.0,0.0,2.0,0.0,1.0,0.0,3.13,1.5219272736443836
fixed_wing,269.0,269.0,100,9.31,2.3036861107732753,0.46549999999999997,0.11518430553866374,0.5345,0.11518430553866371,0.0,0.0,0.0005000000000000013,0.027056805189650663,7.24,1.1986524420229896,6.55,1.5266984249707216,2.72,1.5247453836127804,0.73,0.8859737552261322,9.53,2.3460906662235828,9.74,2.4807134848545878,0.0,0.0,10.0,0.0,20.0,0.0,2.0,0.0,1.0,0.0,3.13,1.5219272736443836
fixed_wing,270.0,270.0,100,9.44,2.166410241236256,0.47200000000000003,0.10832051206181283,0.528,0.1083205120618128,0.0,0.0,-0.006499999999999999,0.040610865839605347,7.24,1.2070499977091655,6.68,1.4486496673060256,2.67,1.4774739567685424,0.65,0.868936421753919,9.65,2.371442045198949,9.63,2.2726080776824396,0.0,0.0,10.0,0.0,20.0,0.0,2.0,0.0,1.0,0.0,3.13,1.5219272736443836
fixed_wing,271.0,271.0,100,9.43,2.1473733073716184,0.4715,0.1073686653685809,0.5285,0.1073686653685809,0.0,0.0,0.0005000000000000004,0.03444729541801738,7.25,1.1838560518556092,6.68,1.44166009807577,2.68,1.4061912165042623,0.64,0.8105366721929963,9.7,2.418364085179246,9.62,2.2820334720763333,0.0,0.0,10.0,0.0,20.0,0.0,2.0,0.0,1.0,0.0,3.13,1.5219272736443836
fixed_wing,272.0,272.0,100,9.47,2.231342396157275,0.47350000000000003,0.11156711980786374,0.5265,0.11156711980786375,0.0,0.0,-0.002000000000000003,0.03687269938038114,7.23,1.309290809653235,6.7,1.3669992204412074,2.67,1.3562798197624817,0.63,0.7740096311357559,9.69,2.3471237502504843,9.42,2.2615807468997153,0.0,0.0,10.0,0.0,20.0,0.0,2.0,0.0,1.0,0.0,3.13,1.5219272736443836
fixed_wing,273.0,273.0,100,9.58,2.2615807468997153,0.479,0.1130790373449858,0.521,0.1130790373449858,0.0,0.0,-0.005499999999999996,0.03545875395897651,7.19,1.338588130015421,6.77,1.406011624016205,2.58,1.3646326326972482,0.65,0.7703468981143128,9.74,2.3767391293301183,9.44,2.133522718866427,0.0,0.0,10.0,0.0,20.0,0.0,2.0,0.0,1.0,0.0,3.13,1.5219272736443836
fixed_wing,274.0,274.0,100,9.6,2.32683076611545,0.48,0.11634153830577253,0.52,0.11634153830577253,0.0,0.0,-0.0009999999999999987,0.03255143559961617,7.16,1.3612234544443076,6.76,1.4433406816245165,2.59,1.4501480244889806,0.65,0.7436600722307894,9.68,2.473618377759164,9.44,2.2352547139786187,0.0,0.0,10.0,0.0,20.0,0.0,2.0,0.0,1.0,0.0,3.13,1.5219272736443836
fixed_wing,275.0,275.0,100,9.75,2.2624515174223885,0.4875,0.11312257587111939,0.5125,0.11312257587111944,0.0,0.0,-0.0075,0.03285643703363854,7.14,1.4,6.89,1.3918594495396173,2.42,1.4083445400307213,0.69,0.7745314647572362,9.7,2.4183640851792454,9.41,2.314185503682569,0.0,0.0,10.0,0.0,20.0,0.0,2.0,0.0,1.0,0.0,3.13,1.5219272736443836
fixed_wing,276.0,276.0,100,9.74,2.2501178420319023,0.48700000000000004,0.11250589210159512,0.513,0.11250589210159512,0.0,0.0,0.0005000000000000026,0.030562900861844076,7.16,1.4050414279093035,6.9,1.42488702369803,2.44,1.3803820288074404,0.66,0.7278028371042323,9.73,2.4364861268771154,9.42,2.387594199315717,0.0,0.0,10.0,0.0,20.0,0.0,2.0,0.0,1.0,0.0,3.13,1.5219272736443836
fixed_wing,277.0,277.0,100,9.87,2.2547592762730555,0.4935,0.1127379638136528,0.5065,0.1127379638136528,0.0,0.0,-0.006500000000000003,0.03528742014092302,7.02,1.3778918167206955,6.89,1.3990978334179305,2.47,1.3518038827336374,0.64,0.7590531049680357,9.8,2.4329389468689757,9.5,2.324659201698263,0.0,0.0,10.0,0.0,20.0,0.0,2.0,0.0,1.0,0.0,3.13,1.5219272736443836
fixed_wing,278.0,278.0,100,9.82,2.1806309901382934,0.491,0.10903154950691468,0.509,0.1090315495069147,0.0,0.0,0.002500000000000001,0.03649754384983607,7.07,1.3352637540685708,6.89,1.4134634016764596,2.47,1.4386792484073645,0.64,0.7590531049680358,9.77,2.3521105931533586,9.47,2.2761610423933303,0.0,0.0,10.0,0.0,20.0,0.0,2.0,0.0,1.0,0.0,3.13,1.5219272736443836
fixed_wing,279.0,279.0,100,9.97,2.194828632780411,0.4985,0.10974143163902053,0.5015,0.10974143163902052,0.0,0.0,-0.007500000000000003,0.03980698380430198,7.01,1.374331793559284,6.98,1.3924761753760453,2.34,1.4157840387730196,0.68,0.7638287395970014,9.86,2.437170076091937,9.52,2.2718301259583913,0.0,0.0,10.0,0.0,20.0,0.0,2.0,0.0,1.0,0.0,3.13,1.5219272736443836
fixed_wing,280.0,280.0,100,9.98,2.160153380263223,0.499,0.1080076690131611,0.501,0.1080076690131611,0.0,0.0,-0.0004999999999999999,0.030562900861844072,7.03,1.417459671098941,7.01,1.3521027395068088,2.31,1.3535960336164636,0.68,0.7504880566886613,9.84,2.385647319138587,9.51,2.1950127125100685,0.0,0.0,10.0,0.0,20.0,0.0,2.0,0.0,1.0,0.0,3.13,1.5219272736443836
fixed_wing,281.0,281.0,100,9.95,2.240017135576594,0.4975,0.11200085677882969,0.5025,0.11200085677882966,0.0,0.0,0.0015000000000000002,0.039219017238213826,7.06,1.4412396459894232,7.01,1.3295020712942716,2.28,1.3263453242620942,0.71,0.7692971999287284,9.91,2.370249102537708,9.41,2.252249156427029,0.0,0.0,10.0,0.0,20.0,0.0,2.0,0.0,1.0,0.0,3.13,1.5219272736443836
fixed_wing,282.0,282.0,100,9.75,2.293491009378718,0.4875,0.1146745504689359,0.5125,0.1146745504689359,0.0,0.0,0.009999999999999998,0.03333333333333333,7.1,1.4459976109624422,6.85,1.3660752600649848,2.45,1.4097424365371631,0.7,0.7453559924999298,9.84,2.3558223595804053,9.5,2.2315460962745037,0.0,0.0,10.0,0.0,20.0,0.0,2.0,0.0,1.0,0.0,3.13,1.5219272736443836
fixed_wing,283.0,283.0,100,9.79,2.2486584103559717,0.48950000000000005,0.11243292051779857,0.5105,0.1124329205177986,0.0,0.0,-0.0019999999999999983,0.030912061651652348,7.09,1.3933101346481092,6.88,1.3653726320101864,2.49,1.4529315541380812,0.63,0.7608474807008886,9.85,2.3371181425253647,9.65,2.221906543234591,0.0,0.0,10.0,0.0,20.0,0.0,2.0,0.0,1.0,0.0,3.13,1.5219272736443836
fixed_wing,284.0,284.0,100,9.75,2.2264480023280817,0.4875,0.11132240011640408,0.5125,0.11132240011640408,0.0,0.0,0.0020000000000000005,0.02923260943784278,7.14,1.3258883052428654,6.89,1.3845832250430838,2.46,1.4799672396046577,0.65,0.7703468981143127,9.87,2.27260807768244,9.66,2.3536775437170614,0.0,0.0,10.0,0.0,20.0,0.0,2.0,0.0,1.0,0.0,3.13,1.5219272736443836
fixed_wing,285.0,285.0,100,9.72,2.069889959501337,0.486,0.10349449797506684,0.514,0.10349449797506681,0.0,0.0,0.0014999999999999953,0.037909381584526176,7.14,1.2473810949183075,6.86,1.3485495387956123,2.53,1.4174596710989413,0.61,0.7371114795831993,9.96,2.1784991590217757,9.8,2.2785783269221165,0.0,0.0,10.0,0.0,20.0,0.0,2.0,0.0,1.0,0.0,3.13,1.5219272736443836
fixed_wing,286.0,286.0,100,9.56,2.1617426565461746,0.478,0.10808713282730875,0.522,0.10808713282730875,0.0,0.0,0.008000000000000005,0.040025244559155446,7.22,1.2916202337695193,6.78,1.3675902274815472,2.6,1.3926212476455828,0.62,0.7075352009660443,9.84,2.2505667075317946,9.86,2.2429237772842554,0.0,0.0,10.0,0.0,20.0,0.0,2.0,0.0,1.0,0.0,3.13,1.5219272736443836
fixed_wing,287.0,287.0,100,9.63,2.149254040194628,0.4815,0.1074627020097314,0.5185,0.1074627020097314,0.0,0.0,-0.0034999999999999996,0.03276407863018351,7.23,1.3547894838145687,6.86,1.3182479955523463,2.5,1.2831463854387959,0.64,0.7319546268434783,9.85,2.235503242555185,9.85,2.2802401078603434,0.0,0.0,10.0,0.0,20.0,0.0,2.0,0.0,1.0,0.0,3.13,1.5219272736443836
fixed_wing,288.0,288.0,100,9.78,2.2767156922712912,0.489,0.11383578461356453,0.511,0.1138357846135646,0.0,0.0,-0.007499999999999998,0.03649754384983607,7.13,1.4117472518231806,6.91,1.3860415257527858,2.47,1.3367758589119183,0.62,0.749140922131558,10.04,2.322137642846185,9.95,2.3756976646743992,0.0,0.0,10.0,0.0,20.0,0.0,2.0,0.0,1.0,0.0,3.13,1.5219272736443836
fixed_wing,289.0,289.0,100,9.75,2.289082565111838,0.4875,0.11445412825559188,0.5125,0.11445412825559188,0.0,0.0,0.0014999999999999974,0.035144003899684084,7.14,1.449625517647279,6.89,1.4417651919389884,2.49,1.4319231964054637,0.62,0.8012616314414425,9.96,2.295890047696341,9.93,2.3192431715731945,0.0,0.0,10.0,0.0,20.0,0.0,2.0,0.0,1.0,0.0,3.13,1.5219272736443836
fixed_wing,290.0,290.0,100,9.85,2.208226126614443,0.4925,0.11041130633072213,0.5075,0.11041130633072214,0.0,0.0,-0.005,0.031382295723042394,7.1,1.4459976109624424,6.95,1.388080572865883,2.42,1.3939262186465624,0.63,0.7869516689688949,10.06,2.304234135129273,9.89,2.2423607689624387,0.0,0.0,10.0,0.0,20.0,0.0,2.0,0.0,1.0,0.0,3.13,1.5219272736443836
fixed_wing,291.0,291.0,100,9.94,2.2644374064382458,0.49700000000000005,0.11322187032191226,0.503,0.11322187032191222,0.0,0.0,-0.004499999999999997,0.04386330925716731,7.06,1.5029936456917903,7.0,1.348399724926484,2.4,1.3780384243517663,0.6,0.8408749651825216,10.14,2.424704501417012,9.97,2.129423500491259,0.0,0.0,10.0,0.0,20.0,0.0,2.0,0.0,1.0,0.0,3.13,1.5219272736443836
fixed_wing,292.0,292.0,100,9.84,2.1960478734823297,0.49200000000000005,0.10980239367411648,0.508,0.10980239367411647,0.0,0.0,0.0049999999999999975,0.040514369567033144,7.11,1.462632192074593,6.95,1.3132964154171265,2.43,1.2733079483428709,0.62,0.8260897302498333,10.02,2.386747924805981,9.9,2.1248885888797826,0.0,0.0,10.0,0.0,20.0,0.0,2.0,0.0,1.0,0.0,3.13,1.5219272736443836
fixed_wing,293.0,293.0,100,9.94,2.251015483525314,0.49700000000000005,0.11255077417626576,0.503,0.11255077417626572,0.0,0.0,-0.004999999999999998,0.03295236844080538,7.07,1.430229196861662,7.01,1.388953533849106,2.35,1.2742595393943001,0.64,0.8350890595461885,10.1,2.354878881270658,9.91,2.2023632852924235,0.0,0.0,10.0,0.0,20.0,0.0,2.0,0.0,1.0,0.0,3.13,1.5219272736443836
fixed_wing,294.0,294.0,100,9.9,2.3505855707147796,0.495,0.11752927853573897,0.505,0.11752927853573898,0.0,0.0,0.0020000000000000026,0.032504855892091816,7.02,1.4973377047347074,6.92,1.3683286273126174,2.44,1.328171827754378,0.64,0.8229044398784813,10.05,2.3841861157098108,9.9,2.222474733128352,0.0,0.0,10.0,0.0,20.0,0.0,2.0,0.0,1.0,0.0,3.13,1.5219272736443836
fixed_wing,295.0,295.0,100,9.96,2.255946127302895,0.498,0.11279730636514473,0.502,0.1127973063651447,0.0,0.0,-0.0030000000000000022,0.029999999999999995,6.99,1.4459626830620773,6.95,1.3586609569571053,2.38,1.3616686139224237,0.67,0.8171767114754176,10.08,2.3470591958207763,9.87,2.27704841734854,0.0,0.0,10.0,0.0,20.0,0.0,2.0,0.0,1.0,0.0,3.13,1.5219272736443836
fixed_wing,296.0,296.0,100,9.96,2.282653072743436,0.49800000000000005,0.1141326536371718,0.502,0.11413265363717177,0.0,0.0,-5.551115123125783e-18,0.03553345272593507,6.98,1.4973377047347076,6.94,1.3395310501602549,2.33,1.2953296058836874,0.73,0.8510836823388369,10.02,2.4161911757929664,9.82,2.2264706863490744,0.0,0.0,10.0,0.0,20.0,0.0,2.0,0.0,1.0,0.0,3.13,1.5219272736443836
fixed_wing,297.0,297.0,100,9.93,2.2929624435818323,0.4965,0.11464812217909161,0.5035000000000001,0.11464812217909162,0.0,0.0,0.0015000000000000011,0.028828121792107905,6.99,1.527492167977408,6.92,1.346000435258909,2.34,1.2730302669638538,0.74,0.7333333333333333,9.99,2.3246374758098076,9.82,2.337139752394414,0.0,0.0,10.0,0.0,20.0,0.0,2.0,0.0,1.0,0.0,3.13,1.5219272736443836
fixed_wing,298.0,298.0,100,9.92,2.2638128201882073,0.496,0.11319064100941037,0.504,0.11319064100941037,0.0,0.0,0.000500000000000001,0.039244764175001924,7.05,1.472817680227909,6.97,1.3367758589119185,2.33,1.3488116730266422,0.7,0.7035264706814484,10.0,2.3354968324845693,9.76,2.305548862105411,0.0,0.0,10.0,0.0,20.0,0.0,2.0,0.0,1.0,0.0,3.13,1.5219272736443836
fixed_wing,299.0,299.0,100,9.98,2.1741363082540817,0.499,0.1087068154127041,0.501,0.10870681541270409,0.0,0.0,-0.0029999999999999975,0.03540530120667459,7.07,1.4231491613156844,7.05,1.3361712223190318,2.3,1.2831463854387957,0.65,0.7299508769967216,10.07,2.3192431715731945,9.66,2.305986937858876,0.0,0.0,10.0,0.0,20.0,0.0,2.0,0.0,1.0,0.0,3.13,1.5219272736443836
fixed_wing,300.0,300.0,100,9.85,2.1806078292647,0.4925,0.10903039146323498,0.5075,0.109030391463235,0.0,0.0,0.006499999999999999,0.0387004815567878,7.11,1.3699148392023015,6.96,1.3847655966176218,2.41,1.2956414892580699,0.63,0.7338152686370383,9.98,2.4862449882129765,9.58,2.2926320280763797,0.0,0.0,10.0,0.0,20.0,0.0,2.0,0.0,1.0,0.0,3.13,1.5219272736443836
fixed_wing,301.0,301.0,100,9.81,2.106723244349582,0.49050000000000005,0.1053361622174791,0.5095000000000001,0.10533616221747912,0.0,0.0,0.001999999999999996,0.03687269938038113,7.14,1.37818501638711,6.95,1.305582419667734,2.41,1.2234658503075135,0.64,0.7722458393307382,9.93,2.3921377954296936,9.58,2.0703778994339768,0.0,0.0,10.0,0.0,20.0,0.0,2.0,0.0,1.0,0.0,3.13,1.5219272736443836
fixed_wing,302.0,302.0,100,9.7,2.110579412044345,0.485,0.10552897060221728,0.515,0.10552897060221728,0.0,0.0,0.0055000000000000005,0.035458753958976505,7.21,1.3279816841867038,6.91,1.3416031417296956,2.5,1.2752500250000494,0.59,0.6681045100608412,9.85,2.311040694342938,9.64,2.2808823385751933,0.0,0.0,10.0,0.0,20.0,0.0,2.0,0.0,1.0,0.0,3.13,1.5219272736443836
fixed_wing,303.0,303.0,100,9.72,2.0941476895039055,0.486,0.10470738447519527,0.514,0.10470738447519527,0.0,0.0,-0.0010000000000000059,0.03759163887264445,7.19,1.3080558478177073,6.91,1.3491111926379566,2.53,1.2748935388311977,0.56,0.640706680552849,9.97,2.3374638764561424,9.78,2.249938270758161,0.0,0.0,10.0,0.0,20.0,0.0,2.0,0.0,1.0,0.0,3.13,1.5219272736443836
fixed_wing,304.0,304.0,100,9.53,2.1716957950557045,0.4765,0.10858478975278518,0.5235,0.10858478975278521,0.0,0.0,0.009500000000000001,0.038068916772643055,7.26,1.3151794439151532,6.79,1.485927251913699,2.63,1.375507252623628,0.58,0.6541244437251889,9.87,2.2502749551415664,9.72,2.1931021338954935,0.0,0.0,10.0,0.0,20.0,0.0,2.0,0.0,1.0,0.0,3.13,1.5219272736443836
fixed_wing,305.0,305.0,100,9.49,2.199609699079095,0.47450000000000003,0.10998048495395477,0.5255,0.10998048495395477,0.0,0.0,0.0020000000000000044,0.03250485589209182,7.31,1.27679364824627,6.8,1.517573821278656,2.58,1.457686003516699,0.62,0.7491409221315581,9.8,2.260776661041757,9.74,2.307738409277916,0.0,0.0,10.0,0.0,20.0,0.0,2.0,0.0,1.0,0.0,3.13,1.5219272736443836
fixed_wing,306.0,306.0,100,9.41,2.1700207139541083,0.4705,0.10850103569770544,0.5295000000000001,0.1085010356977054,0.0,0.0,0.004000000000000003,0.030715376335548026,7.31,1.2688577540449522,6.72,1.5313557735061123,2.67,1.497843567778476,0.61,0.7506899183653353,9.74,2.149089541779462,9.7,2.3376583293215596,0.0,0.0,10.0,0.0,20.0,0.0,2.0,0.0,1.0,0.0,3.13,1.5219272736443836
fixed_wing,307.0,307.0,100,9.43,2.180051894480097,0.4715,0.10900259472400488,0.5285,0.10900259472400488,0.0,0.0,-0.0009999999999999976,0.027505738611527168,7.32,1.246246890921423,6.75,1.5333003949031323,2.6,1.5175738212786563,0.65,0.7436600722307894,9.69,2.1258153515982774,9.61,2.3651296759032863,0.0,0.0,10.0,0.0,20.0,0.0,2.0,0.0,1.0,0.0,3.13,1.5219272736443836
fixed_wing,308.0,308.0,100,9.54,2.2311839498754504,0.47700000000000004,0.11155919749377256,0.523,0.11155919749377252,0.0,0.0,-0.0055000000000000005,0.03473928873506455,7.29,1.191679910924494,6.83,1.5377735446896836,2.5,1.4805131515522563,0.67,0.7393007889659368,9.73,2.1595687934718293,9.59,2.3872345693058503,0.0,0.0,10.0,0.0,20.0,0.0,2.0,0.0,1.0,0.0,3.13,1.5219272736443836
fixed_wing,309.0,309.0,100,9.48,2.171812072157183,0.474,0.10859060360785912,0.526,0.10859060360785915,0.0,0.0,0.0029999999999999983,0.0361114996094098,7.31,1.2608719125263992,6.79,1.4091691082895539,2.53,1.3959175686930296,0.68,0.7898344027949048,9.67,2.146432322988944,9.63,2.3811337593251625,0.0,0.0,10.0,0.0,20.0,0.0,2.0,0.0,1.0,0.0,3.13,1.5219272736443836
fixed_wing,310.0,310.0,100,9.42,2.132859795929144,0.47100000000000003,0.10664298979645723,0.529,0.1066429897964572,0.0,0.0,0.002999999999999996,0.033948862315624835,7.33,1.2313661625457417,6.75,1.4451241601965688,2.59,1.4148919364810837,0.66,0.7941706810925914,9.71,2.1381338034875568,9.59,2.3745068600201664,0.0,0.0,10.0,0.0,20.0,0.0,2.0,0.0,1.0,0.0,3.13,1.5219272736443836
fixed_wing,311.0,311.0,100,9.43,2.1707653540219916,0.4715,0.10853826770109956,0.5285,0.10853826770109959,0.0,0.0,-0.0005000000000000008,0.02512091968978457,7.28,1.2559354033443508,6.71,1.4584826763358274,2.56,1.4093482984211625,0.73,0.8510836823388371,9.61,2.1172452084553814,9.63,2.443937045594318,0.0,0.0,10.0,0.0,20.0,0.0,2.0,0.0,1.0,0.0,3.13,1.5219272736443836
fixed_wing,312.0,312.0,100,9.3,2.267468663821871,0.465,0.11337343319109358,0.535,0.11337343319109353,0.0,0.0,0.006500000000000006,0.038042374035044416,7.32,1.369804232860899,6.62,1.4197737762607026,2.65,1.395338559980945,0.73,0.7895146188218005,9.47,2.162373368745228,9.67,2.601689427811836,0.0,0.0,10.0,0.0,20.0,0.0,2.0,0.0,1.0,0.0,3.13,1.5219272736443836
fixed_wing,313.0,313.0,100,9.39,2.330712814188445,0.46950000000000003,0.11653564070942223,0.5305000000000001,0.11653564070942224,0.0,0.0,-0.0045000000000000005,0.03105469271131079,7.31,1.404861688436397,6.7,1.4599017539934427,2.59,1.393310134648109,0.71,0.7692971999287282,9.53,2.222270201502249,9.79,2.483460440106859,0.0,0.0,10.0,0.0,20.0,0.0,2.0,0.0,1.0,0.0,3.13,1.5219272736443836
fixed_wing,314.0,314.0,100,9.37,2.2681590452491314,0.4685,0.11340795226245662,0.5315,0.11340795226245658,0.0,0.0,0.001,0.03013437917198242,7.29,1.4305116694258861,6.66,1.408631401127501,2.66,1.257060865750748,0.68,0.776940386153509,9.5,2.3159525823376357,9.75,2.4633679826980415,0.0,0.0,10.0,0.0,20.0,0.0,2.0,0.0,1.0,0.0,3.13,1.5219272736443836
fixed_wing,315.0,315.0,100,9.42,2.2481417691376615,0.47100000000000003,0.11240708845688308,0.529,0.11240708845688306,0.0,0.0,-0.0024999999999999996,0.034359213546813844,7.28,1.3786246989685265,6.7,1.4177803109441924,2.56,1.3432961119739923,0.74,0.7992420652017002,9.51,2.2540423844078594,9.63,2.334004232553094,0.0,0.0,10.0,0.0,20.0,0.0,2.0,0.0,1.0,0.0,3.13,1.5219272736443836
fixed_wing,316.0,316.0,100,9.41,2.283427337149226,0.4705,0.11417136685746129,0.5295000000000001,0.11417136685746129,0.0,0.0,0.0005000000000000015,0.032172985719404565,7.29,1.4019827229875395,6.7,1.381698559415515,2.55,1.2663077641455704,0.75,0.8087276451565163,9.5,2.363442105459447,9.59,2.3745068600201664,0.0,0.0,10.0,0.0,20.0,0.0,2.0,0.0,1.0,0.0,3.13,1.5219272736443836
fixed_wing,317.0,317.0,100,9.38,2.295274020304074,0.469,0.11476370101520374,0.531,0.11476370101520372,0.0,0.0,0.0015000000000000013,0.036552853665768846,7.31,1.4191689131461427,6.69,1.3234100428114266,2.57,1.2492826224305975,0.74,0.7992420652017002,9.5,2.324659201698263,9.48,2.350499624515708,0.0,0.0,10.0,0.0,20.0,0.0,2.0,0.0,1.0,0.0,3.13,1.5219272736443836
fixed_wing,318.0,318.0,100,9.47,2.337463876456142,0.47350000000000003,0.1168731938228071,0.5265,0.11687319382280707,0.0,0.0,-0.0045,0.03105469271131079,7.27,1.4761059883656356,6.74,1.3455500921574977,2.56,1.3051568271416059,0.7,0.8348471099367218,9.61,2.3651296759032863,9.59,2.2567295546494446,0.0,0.0,10.0,0.0,20.0,0.0,2.0,0.0,1.0,0.0,3.13,1.5219272736443836
fixed_wing,319.0,319.0,100,9.42,2.1843335668604125,0.47100000000000003,0.1092166783430206,0.529,0.10921667834302062,0.0,0.0,0.0024999999999999966,0.04166666666666667,7.33,1.4498693776065525,6.75,1.2742595393943006,2.59,1.2878217456173227,0.66,0.7683118053909039,9.65,2.2802401078603434,9.5,2.1904291355759034,0.0,0.0,10.0,0.0,20.0,0.0,2.0,0.0,1.0,0.0,3.13,1.5219272736443836
fixed_wing,320.0,320.0,100,9.43,2.2885529811378076,0.4715,0.11442764905689037,0.5285,0.11442764905689036,0.0,0.0,-0.0004999999999999994,0.03137827209385437,7.35,1.4240006242195888,6.78,1.382283281642034,2.59,1.3933101346481092,0.63,0.8245598764789551,9.75,2.362907813126305,9.47,2.153010577181298,0.0,0.0,10.0,0.0,20.0,0.0,2.0,0.0,1.0,0.0,3.13,1.5219272736443836
fixed_wing,321.0,321.0,100,9.42,2.4625682577834103,0.47100000000000003,0.12312841288917054,0.529,0.12312841288917058,0.0,0.0,0.0005000000000000001,0.03793601737322218,7.39,1.4763796834476453,6.81,1.4681466362235571,2.59,1.5115381155457095,0.6,0.8408749651825217,9.77,2.432336865292845,9.49,2.1105554824368973,0.0,0.0,10.0,0.0,20.0,0.0,2.0,0.0,1.0,0.0,3.13,1.5219272736443836
fixed_wing,322.0,322.0,100,9.34,2.42136950980851,0.467,0.12106847549042551,0.5329999999999999,0.12106847549042551,0.0,0.0,0.004,0.032317865716108854,7.42,1.4367471678212644,6.76,1.491524878990111,2.6,1.5504968249049735,0.64,0.8589399151150084,9.71,2.458935468116973,9.41,2.2701176937406444,0.0,0.0,10.0,0.0,20.0,0.0,2.0,0.0,1.0,0.0,3.13,1.5219272736443836
fixed_wing,323.0,323.0,100,9.48,2.36762677921512,0.474,0.11838133896075606,0.526,0.11838133896075603,0.0,0.0,-0.006999999999999999,0.03828389433765282,7.34,1.4648749386410387,6.82,1.4659777996582721,2.54,1.5070206073943089,0.64,0.8105366721929966,9.82,2.396883498430933,9.4,2.2652401928522132,0.0,0.0,10.0,0.0,20.0,0.0,2.0,0.0,1.0,0.0,3.13,1.5219272736443836
fixed_wing,324.0,324.0,100,9.41,2.2069449609371907,0.4705,0.11034724804685957,0.5295000000000001,0.11034724804685953,0.0,0.0,0.0034999999999999975,0.03571421356414069,7.38,1.4268705603381115,6.79,1.4234330388752459,2.58,1.450739971409923,0.63,0.7740096311357558,9.74,2.285748556741634,9.31,2.29929721366501,0.0,0.0,10.0,0.0,20.0,0.0,2.0,0.0,1.0,0.0,3.13,1.5219272736443836
fixed_wing,325.0,325.0,100,9.41,2.1977720582903997,0.4705,0.10988860291452002,0.5295000000000001,0.10988860291452,0.0,0.0,2.220446049250313e-18,0.03553345272593507,7.39,1.4205917105490966,6.8,1.3926212476455828,2.54,1.358995469774895,0.66,0.7415517445863032,9.68,2.3044971405291585,9.23,2.3819820284457194,0.0,0.0,10.0,0.0,20.0,0.0,2.0,0.0,1.0,0.0,3.13,1.5219272736443836
fixed_wing,326.0,326.0,100,9.37,2.2367680508115524,0.4685,0.11183840254057763,0.5315,0.11183840254057763,0.0,0.0,0.0020000000000000013,0.04077531437801875,7.39,1.4347420843081342,6.76,1.4079141387961918,2.58,1.3793571918202558,0.66,0.768311805390904,9.62,2.3128101757582504,9.35,2.3110406943429385,0.0,0.0,10.0,0.0,20.0,0.0,2.0,0.0,1.0,0.0,3.13,1.5219272736443836
fixed_wing,327.0,327.0,100,9.44,2.306424930405488,0.47200000000000003,0.11532124652027437,0.528,0.11532124652027437,0.0,0.0,-0.003500000000000002,0.039090028178939744,7.36,1.4320995394556522,6.8,1.4564381625088385,2.52,1.4104945762018901,0.68,0.776940386153509,9.61,2.365129675903286,9.36,2.3203970402158385,0.0,0.0,10.0,0.0,20.0,0.0,2.0,0.0,1.0,0.0,3.13,1.5219272736443836
fixed_wing,328.0,328.0,100,9.39,2.3307128141884457,0.46950000000000003,0.11653564070942228,0.5305,0.11653564070942228,0.0,0.0,0.0024999999999999983,0.036497543849836084,7.45,1.4796600756234317,6.84,1.440538619805632,2.51,1.3595528082365314,0.65,0.7436600722307893,9.6,2.357022603955159,9.37,2.250274955141565,0.0,0.0,10.0,0.0,20.0,0.0,2.0,0.0,1.0,0.0,3.13,1.5219272736443836
fixed_wing,329.0,329.0,100,9.35,2.1990585680828474,0.4675,0.10995292840414238,0.5325,0.10995292840414235,0.0,0.0,0.0020000000000000005,0.038873012632301994,7.44,1.3656685194623561,6.79,1.444564874544469,2.57,1.458205622113574,0.64,0.759053104968036,9.6,2.1973353927616124,9.3,2.1765508809521856,0.0,0.0,10.0,0.0,20.0,0.0,2.0,0.0,1.0,0.0,3.13,1.5219272736443836
fixed_wing,330.0,330.0,100,9.34,2.1891375544545464,0.467,0.10945687772272734,0.5329999999999999,0.10945687772272733,0.0,0.0,0.0004999999999999999,0.035883509619688295,7.44,1.350794752968216,6.78,1.3675902274815472,2.55,1.4520970554979644,0.67,0.8534540634292149,9.59,2.2342377182874205,9.31,2.177455655418298,0.0,0.0,10.0,0.0,20.0,0.0,2.0,0.0,1.0,0.0,3.13,1.5219272736443836
fixed_wing,331.0,331.0,100,9.44,2.1192718398811254,0.47200000000000003,0.1059635919940563,0.528,0.10596359199405628,0.0,0.0,-0.005,0.039886201760873284,7.36,1.3067037718912222,6.8,1.3408876902931872,2.49,1.410601991987102,0.71,0.8201379534116578,9.6,2.174229226018435,9.32,2.1736716598530887,0.0,0.0,10.0,0.0,20.0,0.0,2.0,0.0,1.0,0.0,3.13,1.5219272736443836
fixed_wing,332.0,332.0,100,9.35,2.085907500588197,0.4675,0.10429537502940987,0.5325,0.10429537502940982,0.0,0.0,0.0045000000000000005,0.035600902269805494,7.35,1.2900160518929267,6.7,1.359589956010579,2.58,1.3793571918202558,0.72,0.8418354166265928,9.52,2.1342800929473893,9.27,2.3904481638894466,0.0,0.0,10.0,0.0,20.0,0.0,2.0,0.0,1.0,0.0,3.13,1.5219272736443836
fixed_wing,333.0,333.0,100,9.4,2.1081851067789192,0.47,0.10540925533894598,0.53,0.10540925533894603,0.0,0.0,-0.002500000000000001,0.03785605378378481,7.27,1.293769061246397,6.67,1.4074477222650548,2.74,1.4328046946214594,0.59,0.7925792188682582,9.69,2.0335320320202794,9.33,2.378587136868601,0.0,0.0,10.0,0.0,20.0,0.0,2.0,0.0,1.0,0.0,3.13,1.5219272736443836
fixed_wing,334.0,334.0,100,9.39,2.2692276085474417,0.46950000000000003,0.11346138042737204,0.5305000000000001,0.11346138042737207,0.0,0.0,0.0005000000000000043,0.0417393305788643,7.23,1.3246306899081206,6.62,1.4479522286890742,2.79,1.526169033623707,0.59,0.8176709965419212,9.67,2.12277215361461,9.17,2.348672524270386,0.0,0.0,10.0,0.0,20.0,0.0,2.0,0.0,1.0,0.0,3.13,1.5219272736443836
fixed_wing,335.0,335.0,100,9.35,2.226448002328082,0.4675,0.11132240011640411,0.5325,0.11132240011640411,0.0,0.0,0.001999999999999997,0.031718458443950374,7.23,1.3322343956108043,6.58,1.4507399714099234,2.8,1.5109031348264133,0.62,0.8137703743822469,9.61,2.088424083253962,9.16,2.2280126579623385,0.0,0.0,10.0,0.0,20.0,0.0,2.0,0.0,1.0,0.0,3.13,1.5219272736443836
fixed_wing,336.0,336.0,100,9.44,2.212544583811484,0.47200000000000003,0.11062722919057422,0.528,0.11062722919057419,0.0,0.0,-0.004500000000000001,0.03766881195285292,7.24,1.3113336568531897,6.68,1.4762770537381993,2.69,1.5088627063675033,0.63,0.786951668968895,9.72,2.1512505172291743,9.04,2.21528209207648,0.0,0.0,10.0,0.0,20.0,0.0,2.0,0.0,1.0,0.0,3.13,1.5219272736443836
fixed_wing,337.0,337.0,100,9.45,2.1573225081198233,0.4725,0.10786612540599112,0.5275,0.10786612540599115,0.0,0.0,-0.0004999999999999988,0.03924476417500193,7.28,1.311025506535963,6.73,1.3842913805491337,2.63,1.4470799577218958,0.64,0.7979772407579535,9.7,2.2133661917969882,9.07,2.3148837700167304,0.0,0.0,10.0,0.0,20.0,0.0,2.0,0.0,1.0,0.0,3.13,1.5219272736443836
fixed_wing,338.0,338.0,100,9.4,2.079238399807084,0.47,0.10396191999035419,0.53,0.10396191999035422,0.0,0.0,0.002499999999999997,0.033616223836869366,7.26,1.32283747675177,6.66,1.2809403111808457,2.65,1.3512059708858515,0.69,0.8001893715259096,9.6,2.117746086018927,9.09,2.0942200399570186,0.0,0.0,10.0,0.0,20.0,0.0,2.0,0.0,1.0,0.0,3.13,1.5219272736443836
fixed_wing,339.0,339.0,100,9.37,2.082417980729288,0.4685,0.10412089903646443,0.5315,0.10412089903646439,0.0,0.0,0.0015000000000000002,0.03585534912124076,7.2,1.3853490243227227,6.57,1.2573420739437187,2.68,1.3475004919322202,0.75,0.7833494518006403,9.45,2.1290439833005523,9.2,2.030076875690209,0.0,0.0,10.0,0.0,20.0,0.0,2.0,0.0,1.0,0.0,3.13,1.5219272736443836
fixed_wing,340.0,340.0,100,9.45,2.081059365036971,0.4725,0.10405296825184858,0.5275,0.10405296825184857,0.0,0.0,-0.004,0.035305306208339944,7.19,1.4403633099487314,6.64,1.1416804909581064,2.57,1.2573420739437182,0.79,0.7951240294584376,9.46,2.114977851688124,9.3,2.2585415871774646,0.0,0.0,10.0,0.0,20.0,0.0,2.0,0.0,1.0,0.0,3.13,1.5219272736443836
fixed_wing,341.0,341.0,100,9.35,2.2082261266144427,0.4675,0.11041130633072214,0.5325,0.11041130633072217,0.0,0.0,0.005000000000000004,0.03988620176087326,7.22,1.4810588622790637,6.57,1.2573420739437187,2.66,1.350046763125731,0.77,0.8147007878585694,9.46,2.14344195963955,9.38,2.2508359838652456,0.0,0.0,10.0,0.0,20.0,0.0,2.0,0.0,1.0,0.0,3.13,1.5219272736443836
fixed_wing,342.0,342.0,100,9.28,2.2341699021146875,0.46399999999999997,0.11170849510573438,0.536,0.11170849510573438,0.0,0.0,0.0034999999999999996,0.034270905291441445,7.26,1.4607317939092637,6.54,1.3440478586957556,2.67,1.4568195606605623,0.79,0.7951240294584374,9.43,2.2484787225269804,9.46,2.284864560670076,0.0,0.0,10.0,0.0,20.0,0.0,2.0,0.0,1.0,0.0,3.13,1.5219272736443836
fixed_wing,343.0,343.0,100,9.3,2.320309975808918,0.465,0.11601549879044593,0.535,0.11601549879044595,0.0,0.0,-0.0009999999999999998,0.03691376792778357,7.23,1.503228848079018,6.53,1.403135018017824,2.64,1.4806495980897143,0.83,0.8171767114754176,9.43,2.292962443581833,9.55,2.1898526309901643,0.0,0.0,10.0,0.0,20.0,0.0,2.0,0.0,1.0,0.0,3.13,1.5219272736443836
fixed_wing,344.0,344.0,100,9.27,2.2376710475786465,0.4635,0.11188355237893235,0.5365,0.11188355237893235,0.0,0.0,0.0015000000000000013,0.035144003899684084,7.26,1.4328046946214597,6.53,1.4031350180178235,2.71,1.3801990780135651,0.76,0.7928977668570323,9.46,2.222111108333194,9.58,2.3276120333461447,0.0,0.0,10.0,0.0,20.0,0.0,2.0,0.0,1.0,0.0,3.13,1.5219272736443836
fixed_wing,345.0,345.0,100,9.33,2.2204513145763944,0.46649999999999997,0.11102256572881973,0.5335,0.11102256572881973,0.0,0.0,-0.0029999999999999988,0.033196689624421925,7.3,1.452966314513558,6.63,1.4188841824589926,2.63,1.375507252623628,0.74,0.8241310085125539,9.55,2.271363227027088,9.4,2.2518230549283995,0.0,0.0,10.0,0.0,20.0,0.0,2.0,0.0,1.0,0.0,3.13,1.5219272736443836
fixed_wing,346.0,346.0,100,9.28,2.296593876666798,0.46399999999999997,0.11482969383333998,0.536,0.11482969383333996,0.0,0.0,0.0025000000000000005,0.03128154973039785,7.31,1.383123386770068,6.59,1.4777473984877707,2.65,1.4590366269521406,0.76,0.8423152316650515,9.56,2.297649215870847,9.42,2.2119053443864303,0.0,0.0,10.0,0.0,20.0,0.0,2.0,0.0,1.0,0.0,3.13,1.5219272736443836
fixed_wing,347.0,347.0,100,9.37,2.3078915997861853,0.4685,0.11539457998930927,0.5315,0.11539457998930926,0.0,0.0,-0.004500000000000001,0.03340522550304204,7.29,1.4445648745444684,6.66,1.4510184511075472,2.63,1.4951436537853293,0.71,0.8201379534116576,9.67,2.352969325440654,9.35,2.455153310442706,0.0,0.0,10.0,0.0,20.0,0.0,2.0,0.0,1.0,0.0,3.13,1.5219272736443836
fixed_wing,348.0,348.0,100,9.36,2.3805610067945553,0.468,0.11902805033972777,0.532,0.11902805033972774,0.0,0.0,0.0004999999999999985,0.02886313926240194,7.3,1.4805131515522552,6.66,1.5123732103130916,2.66,1.5713341175863615,0.68,0.8273115763993905,9.66,2.400420838523988,9.31,2.3939950127792913,0.0,0.0,10.0,0.0,20.0,0.0,2.0,0.0,1.0,0.0,3.13,1.5219272736443836
fixed_wing,349.0,349.0,100,9.3,2.371974415178761,0.465,0.11859872075893803,0.535,0.11859872075893806,0.0,0.0,0.003000000000000001,0.03319668962442192,7.38,1.5227566709057225,6.68,1.434636475969372,2.66,1.464874938641038,0.66,0.7813482261482715,9.65,2.4344953638829696,9.29,2.198691070669644,0.0,0.0,10.0,0.0,20.0,0.0,2.0,0.0,1.0,0.0,3.13,1.5219272736443836
fixed_wing,350.0,350.0,100,9.25,2.2624515174223885,0.4625,0.11312257587111942,0.5375,0.11312257587111943,0.0,0.0,0.0024999999999999983,0.039167472590032004,7.42,1.4507399714099227,6.67,1.3857499883828366,2.67,1.4217289232878156,0.66,0.806789372084865,9.6,2.3783535600422523,9.4,2.2338081810887407,0.0,0.0,10.0,0.0,20.0,0.0,2.0,0.0,1.0,0.0,3.13,1.5219272736443836
fixed_wing,351.0,351.0,100,9.22,2.298791953275556,0.461,0.11493959766377776,0.539,0.11493959766377777,0.0,0.0,0.0015000000000000042,0.03585534912124076,7.41,1.4708961056224714,6.63,1.3681440647162066,2.77,1.4203072650918631,0.6,0.752101433090355,9.59,2.3272431342815483,9.37,2.355543643956923,0.0,0.0,10.0,0.0,20.0,0.0,2.0,0.0,1.0,0.0,3.13,1.5219272736443836
fixed_wing,352.0,352.0,100,9.24,2.395787548969646,0.462,0.11978937744848228,0.5379999999999999,0.1197893774484823,0.0,0.0,-0.0009999999999999992,0.036223213718846264,7.4,1.517573821278656,6.64,1.4320995394556522,2.7,1.4459976109624426,0.66,0.7550503361372737,9.51,2.4266824841309336,9.35,2.17132366648698,0.0,0.0,10.0,0.0,20.0,0.0,2.0,0.0,1.0,0.0,3.13,1.5219272736443836
fixed_wing,353.0,353.0,100,9.25,2.3457462037750907,0.4625,0.11728731018875459,0.5375,0.11728731018875457,0.0,0.0,-0.0005000000000000004,0.03859593844754218,7.4,1.4839205511145812,6.65,1.4520970554979644,2.64,1.4669421228934671,0.71,0.7288430017583493,9.47,2.311390328898442,9.43,2.1567605712308824,0.0,0.0,10.0,0.0,20.0,0.0,2.0,0.0,1.0,0.0,3.13,1.5219272736443836
fixed_wing,354.0,354.0,100,9.3,2.320309975808918,0.465,0.11601549879044591,0.535,0.11601549879044588,0.0,0.0,-0.002500000000000001,0.03916747259003202,7.4,1.5042028661807099,6.7,1.374368541872553,2.6,1.3780384243517663,0.7,0.7849596270902192,9.52,2.2895458506044823,9.42,2.170416335799902,0.0,0.0,10.0,0.0,20.0,0.0,2.0,0.0,1.0,0.0,3.13,1.5219272736443836
fixed_wing,355.0,355.0,100,9.52,2.3027432037954783,0.47600000000000003,0.11513716018977395,0.524,0.11513716018977391,0.0,0.0,-0.011000000000000001,0.029797294975866317,7.34,1.4854173307406395,6.86,1.3781850163871108,2.46,1.298172764023543,0.68,0.7638287395970013,9.72,2.31848086801542,9.35,2.2309802166923687,0.0,0.0,10.0,0.0,20.0,0.0,2.0,0.0,1.0,0.0,3.13,1.5219272736443836
fixed_wing,356.0,356.0,100,9.61,2.3651296759032863,0.4805,0.11825648379516432,0.5195000000000001,0.11825648379516433,0.0,0.0,-0.004500000000000003,0.034152805761959615,7.26,1.5283185452508177,6.87,1.3681440647162058,2.41,1.264072303263855,0.72,0.766469012729639,9.73,2.386218850826638,9.36,2.2496688869720582,0.0,0.0,10.0,0.0,20.0,0.0,2.0,0.0,1.0,0.0,3.13,1.5219272736443836
fixed_wing,357.0,357.0,100,9.6,2.2962419891481973,0.48,0.11481209945740992,0.52,0.11481209945740987,0.0,0.0,0.0004999999999999971,0.03444729541801739,7.29,1.5195360801869424,6.89,1.3325376413657384,2.45,1.2821619998812144,0.66,0.7137891491854926,9.74,2.3338527560385387,9.62,2.3859013501243616,0.0,0.0,10.0,0.0,20.0,0.0,2.0,0.0,1.0,0.0,3.13,1.5219272736443836
fixed_wing,358.0,358.0,100,9.72,2.3913987285243508,0.486,0.11956993642621752,0.514,0.11956993642621755,0.0,0.0,-0.005999999999999995,0.03779262928512421,7.27,1.5232540924950866,6.99,1.3446113929235455,2.36,1.2833038170552937,0.65,0.7299508769967213,9.8,2.3994948963429272,9.74,2.3767391293301183,0.0,0.0,10.0,0.0,20.0,0.0,2.0,0.0,1.0,0.0,3.13,1.5219272736443836
fixed_wing,359.0,359.0,100,9.67,2.3912931288913177,0.48350000000000004,0.11956465644456589,0.5165,0.11956465644456586,0.0,0.0,0.0025000000000000005,0.03435921354681384,7.28,1.570433897450837,6.95,1.250252499750076,2.44,1.2003366531136508,0.61,0.7232781713361138,9.82,2.362929187139205,9.75,2.4178419294816598,0.0,0.0,10.0,0.0,20.0,0.0,2.0,0.0,1.0,0.0,3.13,1.5219272736443836
fixed_wing,360.0,360.0,100,9.7,2.384715640672633,0.485,0.11923578203363167,0.515,0.11923578203363167,0.0,0.0,-0.0014999999999999992,0.03514400389968409,7.23,1.5430194719798878,6.93,1.273307948342871,2.41,1.2316942425255983,0.66,0.7415517445863032,9.8,2.3783535600422523,9.8,2.365578068033181,0.0,0.0,10.0,0.0,20.0,0.0,2.0,0.0,1.0,0.0,3.13,1.5219272736443836
fixed_wing,361.0,361.0,100,9.7,2.4597774392219,0.485,0.12298887196109502,0.515,0.122988871961095,0.0,0.0,2.220446049250313e-18,0.03333333333333333,7.18,1.5399068579992532,6.88,1.327867584976876,2.52,1.3217680231684779,0.6,0.8040302522073697,9.87,2.4273483890904908,9.8,2.2607766610417555,0.0,0.0,10.0,0.0,20.0,0.0,2.0,0.0,1.0,0.0,3.13,1.5219272736443836
fixed_wing,362.0,362.0,100,9.6,2.445362545676607,0.48,0.12226812728383041,0.52,0.1222681272838304,0.0,0.0,0.005000000000000002,0.035887028128263665,7.21,1.4994611826865805,6.81,1.3976531556270835,2.6,1.3926212476455828,0.59,0.7398471040517339,9.73,2.419846392987903,9.7,2.311586975096187,0.0,0.0,10.0,0.0,20.0,0.0,2.0,0.0,1.0,0.0,3.13,1.5219272736443836
fixed_wing,363.0,363.0,100,9.63,2.4231834808404793,0.4815,0.12115917404202398,0.5185,0.12115917404202399,0.0,0.0,-0.0015000000000000042,0.03134606446710269,7.15,1.4864709750264076,6.78,1.3675902274815472,2.63,1.3681440647162062,0.59,0.7533762390570582,9.8,2.3868325657594203,9.6,2.441228371045192,0.0,0.0,10.0,0.0,20.0,0.0,2.0,0.0,1.0,0.0,3.13,1.5219272736443836
fixed_wing,364.0,364.0,100,9.57,2.408968931541316,0.47850000000000004,0.1204484465770658,0.5215,0.12044844657706585,0.0,0.0,0.002999999999999993,0.03319668962442191,7.18,1.5201010067449698,6.75,1.3512059708858513,2.68,1.3698042328608993,0.57,0.7282884321503673,9.74,2.3809852811579724,9.65,2.3926444522217403,0.0,0.0,10.0,0.0,20.0,0.0,2.0,0.0,1.0,0.0,3.13,1.5219272736443836
fixed_wing,365.0,365.0,100,9.56,2.3797122311385257,0.47800000000000004,0.1189856115569263,0.522,0.11898561155692633,0.0,0.0,0.000500000000000001,0.04112987559751022,7.19,1.454321321115284,6.75,1.395338559980945,2.6,1.2949006435891817,0.65,0.7703468981143127,9.67,2.3912931288913177,9.57,2.387911474933945,0.0,0.0,10.0,0.0,20.0,0.0,2.0,0.0,1.0,0.0,3.13,1.5219272736443836
fixed_wing,366.0,366.0,100,9.61,2.4858996298517306,0.4805,0.12429498149258653,0.5195000000000001,0.1242949814925865,0.0,0.0,-0.0024999999999999996,0.040436382257825816,7.2,1.5175738212786567,6.81,1.3831233867700679,2.56,1.2973944362576568,0.63,0.7474535896541463,9.74,2.4643723974130434,9.51,2.363420736085214,0.0,0.0,10.0,0.0,20.0,0.0,2.0,0.0,1.0,0.0,3.13,1.5219272736443836
fixed_wing,367.0,367.0,100,9.57,2.5116094079657008,0.47850000000000004,0.12558047039828504,0.5215,0.12558047039828502,0.0,0.0,0.002,0.034757456870156765,7.2,1.4702435722070546,6.77,1.4484753391345013,2.6,1.407052941362897,0.63,0.733815268637038,9.79,2.371101265682512,9.35,2.4261829354695488,0.0,0.0,10.0,0.0,20.0,0.0,2.0,0.0,1.0,0.0,3.13,1.5219272736443836
fixed_wing,368.0,368.0,100,9.56,2.3797122311385266,0.47800000000000004,0.1189856115569263,0.522,0.11898561155692633,0.0,0.0,0.0004999999999999999,0.03658047721300684,7.27,1.4203072650918627,6.83,1.4074477222650548,2.5,1.337115846843043,0.67,0.7528397417562895,9.7,2.3419753382238,9.27,2.432336865292846,0.0,0.0,10.0,0.0,20.0,0.0,2.0,0.0,1.0,0.0,3.13,1.5219272736443836
fixed_wing,369.0,369.0,100,9.57,2.4047721914828633,0.47850000000000004,0.12023860957414315,0.5215,0.12023860957414316,0.0,0.0,-0.0004999999999999983,0.03859593844754219,7.23,1.4274013967608226,6.8,1.4494861506789574,2.48,1.374221542723315,0.72,0.7923880286064322,9.59,2.425016921736232,9.42,2.462568257783411,0.0,0.0,10.0,0.0,20.0,0.0,2.0,0.0,1.0,0.0,3.13,1.5219272736443836
fixed_wing,370.0,370.0,100,9.56,2.2352547139786183,0.47800000000000004,0.11176273569893094,0.522,0.11176273569893097,0.0,0.0,0.000499999999999998,0.032948536547258975,7.22,1.2916202337695193,6.78,1.4742229591663987,2.46,1.3811135896350983,0.76,0.7800543881581903,9.52,2.3504996245157077,9.58,2.523345542582847,0.0,0.0,10.0,0.0,20.0,0.0,2.0,0.0,1.0,0.0,3.13,1.5219272736443836
fixed_wing,371.0,371.0,100,9.51,2.3202882091967307,0.4755,0.11601441045983658,0.5245000000000001,0.1160144104598366,0.0,0.0,0.0025000000000000005,0.03207865963596989,7.31,1.3385881300154214,6.82,1.479694208103468,2.41,1.4077347661108506,0.77,0.8391313449880266,9.52,2.397304884045979,9.58,2.433686151258679,0.0,0.0,10.0,0.0,20.0,0.0,2.0,0.0,1.0,0.0,3.13,1.5219272736443836
fixed_wing,372.0,372.0,100,9.41,2.3272431342815483,0.47050000000000003,0.11636215671407742,0.5295000000000001,0.11636215671407739,0.0,0.0,0.0049999999999999975,0.035176323534072435,7.34,1.2966156412800678,6.75,1.5067189585991212,2.55,1.4520970554979642,0.7,0.8226589066968623,9.49,2.4556469657102626,9.57,2.3581151521304187,0.0,0.0,10.0,0.0,20.0,0.0,2.0,0.0,1.0,0.0,3.13,1.5219272736443836
fixed_wing,373.0,373.0,100,9.4,2.269694946796849,0.47,0.11348474733984246,0.53,0.11348474733984243,0.0,0.0,0.0005000000000000033,0.03370624736026114,7.36,1.3067037718912222,6.76,1.4292754398044776,2.49,1.374331793559284,0.75,0.8918825850158446,9.5,2.467976720090586,9.7,2.213366191796988,0.0,0.0,10.0,0.0,20.0,0.0,2.0,0.0,1.0,0.0,3.13,1.5219272736443836
fixed_wing,374.0,374.0,100,9.35,2.257982473024281,0.4675,0.11289912365121405,0.5325,0.11289912365121405,0.0,0.0,0.0025000000000000005,0.03207865963596988,7.41,1.3034143197344765,6.76,1.4292754398044776,2.48,1.4388547634500957,0.76,0.8542230210530325,9.5,2.4183640851792445,9.72,2.327178028376337,0.0,0.0,10.0,0.0,20.0,0.0,2.0,0.0,1.0,0.0,3.13,1.5219272736443836
fixed_wing,375.0,375.0,100,9.36,2.298528295068895,0.46799999999999997,0.11492641475344478,0.532,0.11492641475344477,0.0,0.0,-0.0004999999999999976,0.029725172137194753,7.43,1.3123731299913268,6.79,1.4375554446927103,2.44,1.4586558085020493,0.77,0.8510836823388371,9.53,2.4014095187551154,9.78,2.389285849095262,0.0,0.0,10.0,0.0,20.0,0.0,2.0,0.0,1.0,0.0,3.13,1.5219272736443836
fixed_wing,376.0,376.0,100,9.38,2.330214365653725,0.469,0.11651071828268621,0.531,0.1165107182826862,0.0,0.0,-0.001000000000000002,0.030961037750467255,7.48,1.3293881025767937,6.86,1.4,2.35,1.4451241601965688,0.79,0.9022418766829682,9.52,2.380391275875171,9.85,2.459264076503334,0.0,0.0,10.0,0.0,20.0,0.0,2.0,0.0,1.0,0.0,3.13,1.5219272736443836
fixed_wing,377.0,377.0,100,9.21,2.301931556082606,0.4605,0.11509657780413032,0.5395,0.11509657780413034,0.0,0.0,0.008499999999999999,0.032609566669672845,7.52,1.26714504523222,6.73,1.406011624016205,2.46,1.4454386632759375,0.81,0.8609954304833048,9.46,2.3673707872752936,9.8,2.382596834709488,0.0,0.0,10.0,0.0,20.0,0.0,2.0,0.0,1.0,0.0,3.13,1.5219272736443836
fixed_wing,378.0,378.0,100,9.19,2.312438915382142,0.4595,0.11562194576910712,0.5405,0.1156219457691071,0.0,0.0,0.0010000000000000002,0.03551923650103084,7.47,1.274893538831198,6.66,1.4370283591671065,2.6,1.550496824904973,0.74,0.8241310085125538,9.47,2.380285187904503,9.73,2.2376710475786465,0.0,0.0,10.0,0.0,20.0,0.0,2.0,0.0,1.0,0.0,3.13,1.5219272736443836
fixed_wing,379.0,379.0,100,9.28,2.3616464039677365,0.46399999999999997,0.1180823201983868,0.536,0.11808232019838674,0.0,0.0,-0.004499999999999997,0.03185747934000727,7.41,1.3264595544135331,6.69,1.3904072508557788,2.59,1.477747398487771,0.72,0.8174856746652069,9.56,2.475414463817477,9.56,2.3108002898991473,0.0,0.0,10.0,0.0,20.0,0.0,2.0,0.0,1.0,0.0,3.13,1.5219272736443836
fixed_wing,380.0,380.0,100,9.27,2.398884420860344,0.4635,0.11994422104301715,0.5365,0.11994422104301719,0.0,0.0,0.0004999999999999965,0.033706247360261135,7.42,1.3422429592350862,6.69,1.4191689131461431,2.64,1.45310534770028,0.67,0.7920692756152946,9.54,2.471739255968345,9.45,2.2713632270270883,0.0,0.0,10.0,0.0,20.0,0.0,2.0,0.0,1.0,0.0,3.13,1.5219272736443836
fixed_wing,381.0,381.0,100,9.25,2.4261829354695488,0.4625,0.12130914677347744,0.5375,0.1213091467734774,0.0,0.0,0.001000000000000002,0.036223213718846264,7.4,1.3998556924183145,6.65,1.4240006242195888,2.72,1.443060720283191,0.63,0.8487066809581684,9.59,2.5666666666666673,9.51,2.341953772974069,0.0,0.0,10.0,0.0,20.0,0.0,2.0,0.0,1.0,0.0,3.13,1.5219272736443836
fixed_wing,382.0,382.0,100,9.41,2.425016921736232,0.47050000000000003,0.12125084608681162,0.5295000000000001,0.12125084608681158,0.0,0.0,-0.008,0.027265992434429075,7.35,1.3734495390671022,6.76,1.4433406816245162,2.59,1.4431657121506432,0.65,0.8689364217539194,9.7,2.556433753366892,9.41,2.261201075320437,0.0,0.0,10.0,0.0,20.0,0.0,2.0,0.0,1.0,0.0,3.13,1.5219272736443836
fixed_wing,383.0,383.0,100,9.43,2.3666666666666663,0.4715,0.11833333333333333,0.5285,0.1183333333333334,0.0,0.0,-0.0009999999999999966,0.036223213718846264,7.36,1.3522894914502845,6.79,1.4091691082895537,2.57,1.3799063062909074,0.64,0.8229044398784813,9.72,2.486651230758818,9.46,2.2581837700669842,0.0,0.0,10.0,0.0,20.0,0.0,2.0,0.0,1.0,0.0,3.13,1.5219272736443836
fixed_wing,384.0,384.0,100,9.46,2.2715633383201097,0.473,0.11357816691600545,0.527,0.1135781669160055,0.0,0.0,-0.0015000000000000013,0.03985770143443251,7.35,1.380784435227185,6.81,1.3904072508557785,2.54,1.3884079975557497,0.65,0.8689364217539194,9.75,2.4094720491334938,9.33,2.278822130625886,0.0,0.0,10.0,0.0,20.0,0.0,2.0,0.0,1.0,0.0,3.13,1.5219272736443836
fixed_wing,385.0,385.0,100,9.57,2.1800518944800977,0.47850000000000004,0.10900259472400488,0.5215,0.10900259472400486,0.0,0.0,-0.005500000000000001,0.0437480158280223,7.31,1.3385881300154212,6.88,1.394650674918456,2.51,1.3816620060600566,0.61,0.8396127053287695,9.89,2.347984306385011,9.48,2.1857204161039756,0.0,0.0,10.0,0.0,20.0,0.0,2.0,0.0,1.0,0.0,3.13,1.5219272736443836
fixed_wing,386.0,386.0,100,9.69,2.06801031589948,0.48450000000000004,0.103400515794974,0.5155000000000001,0.103400515794974,0.0,0.0,-0.006000000000000003,0.03278334142132974,7.24,1.2958363782483955,6.93,1.3200474432857527,2.52,1.2266403159225057,0.55,0.7833494518006403,9.99,2.2940194533885827,9.46,2.1761795826074595,0.0,0.0,10.0,0.0,20.0,0.0,2.0,0.0,1.0,0.0,3.13,1.5219272736443836
fixed_wing,387.0,387.0,100,9.63,2.01837518411181,0.4815,0.10091875920559054,0.5185,0.10091875920559047,0.0,0.0,0.0029999999999999983,0.03242707435947856,7.32,1.2623531017648566,6.95,1.3512059708858508,2.52,1.2511005256383378,0.53,0.7581876316905234,9.93,2.252966618895759,9.54,2.2084319589182995,0.0,0.0,10.0,0.0,20.0,0.0,2.0,0.0,1.0,0.0,3.13,1.5219272736443836
fixed_wing,388.0,388.0,100,9.47,2.1246746631525553,0.47350000000000003,0.10623373315762777,0.5265,0.10623373315762775,0.0,0.0,0.008000000000000005,0.032349105806260645,7.3,1.3295400586957762,6.77,1.3246306899081208,2.67,1.2231355632392535,0.56,0.7954415583355403,9.76,2.353248345963039,9.6,2.1927336381970357,0.0,0.0,10.0,0.0,20.0,0.0,2.0,0.0,1.0,0.0,3.13,1.5219272736443836
fixed_wing,389.0,389.0,100,9.54,2.1481493091834785,0.47700000000000004,0.1074074654591739,0.523,0.1074074654591739,0.0,0.0,-0.0034999999999999988,0.03352595858420605,7.35,1.3437096247164246,6.89,1.3018634662853417,2.55,1.2421470496399745,0.56,0.782639925205233,9.8,2.283007054768166,9.6,2.1129710042133714,0.0,0.0,10.0,0.0,20.0,0.0,2.0,0.0,1.0,0.0,3.13,1.5219272736443836
fixed_wing,390.0,390.0,100,9.57,2.212247817049528,0.47850000000000004,0.11061239085247644,0.5215,0.11061239085247644,0.0,0.0,-0.0015,0.035144003899684084,7.33,1.4288159963813225,6.9,1.2831463854387952,2.5,1.2185435916898852,0.6,0.7913675671030664,9.78,2.272274702414372,9.66,2.1472086648728506,0.0,0.0,10.0,0.0,20.0,0.0,2.0,0.0,1.0,0.0,3.13,1.5219272736443836
fixed_wing,391.0,391.0,100,9.49,2.2940194533885827,0.47450000000000003,0.11470097266942915,0.5255,0.11470097266942915,0.0,0.0,0.004000000000000001,0.03152680437246049,7.31,1.4543213211152841,6.8,1.2949006435891814,2.57,1.3123731299913266,0.63,0.8605260312768294,9.69,2.3428162281297,9.56,2.1803530434173717,0.0,0.0,10.0,0.0,20.0,0.0,2.0,0.0,1.0,0.0,3.13,1.5219272736443836
fixed_wing,392.0,392.0,100,9.52,2.194943684420577,0.47600000000000003,0.10974718422102885,0.524,0.10974718422102885,0.0,0.0,-0.0015000000000000013,0.03134606446710268,7.3,1.3669992204412074,6.82,1.266347647226607,2.55,1.2900160518929267,0.63,0.8367203894378397,9.69,2.2727858578307716,9.74,2.2590782065777057,0.0,0.0,10.0,0.0,20.0,0.0,2.0,0.0,1.0,0.0,3.13,1.5219272736443836
fixed_wing,393.0,393.0,100,9.49,2.1578842986742006,0.47450000000000003,0.10789421493371006,0.5255000000000001,0.10789421493371006,0.0,0.0,0.0014999999999999974,0.027938424357067015,7.31,1.3234100428114262,6.8,1.2712834523274559,2.49,1.3669622740170477,0.71,0.9022418766829678,9.66,2.2572889791414688,9.87,2.2637012687948546,0.0,0.0,10.0,0.0,20.0,0.0,2.0,0.0,1.0,0.0,3.13,1.5219272736443836
fixed_wing,394.0,394.0,100,9.71,2.085520064490855,0.48550000000000004,0.10427600322454277,0.5145000000000001,0.10427600322454277,0.0,0.0,-0.011000000000000001,0.033769868824205414,7.23,1.3397949488822927,6.94,1.2457604873807773,2.39,1.3476129288711227,0.67,0.8415353933031089,9.79,2.1894835883921093,9.91,2.2789994260285336,0.0,0.0,10.0,0.0,20.0,0.0,2.0,0.0,1.0,0.0,3.13,1.5219272736443836
fixed_wing,395.0,395.0,100,9.75,2.016973430212163,0.4875,0.10084867151060813,0.5125,0.10084867151060813,0.0,0.0,-0.001999999999999999,0.037551311696144646,7.23,1.278058818456468,6.98,1.302522804624033,2.37,1.360741034001754,0.65,0.8211226608993472,9.84,2.209803684319566,9.96,2.317783685360049,0.0,0.0,10.0,0.0,20.0,0.0,2.0,0.0,1.0,0.0,3.13,1.5219272736443836
fixed_wing,396.0,396.0,100,9.74,2.0031288656812003,0.48700000000000004,0.10015644328406001,0.513,0.10015644328406005,0.0,0.0,0.0004999999999999994,0.03444729541801739,7.18,1.2978614889287854,6.92,1.228286150979025,2.4,1.348399724926484,0.68,0.8394322275481594,9.79,2.1662936741883096,9.95,2.297890996175195,0.0,0.0,10.0,0.0,20.0,0.0,2.0,0.0,1.0,0.0,3.13,1.5219272736443836
fixed_wing,397.0,397.0,100,9.77,1.9635825843739203,0.4885,0.09817912921869605,0.5115,0.09817912921869602,0.0,0.0,-0.0015000000000000002,0.027938424357067018,7.15,1.2821619998812135,6.92,1.2117272086913078,2.43,1.3577685198646177,0.65,0.8211226608993472,9.89,2.159755878460678,9.94,2.2239286377621443,0.0,0.0,10.0,0.0,20.0,0.0,2.0,0.0,1.0,0.0,3.13,1.5219272736443836
fixed_wing,398.0,398.0,100,9.74,1.9520514979131702,0.48700000000000004,0.0976025748956585,0.513,0.0976025748956585,0.0,0.0,0.0015000000000000013,0.034417959840698856,7.16,1.2610721748984193,6.9,1.1763666026534347,2.52,1.3444987049740018,0.58,0.8062884162016778,10.0,2.132007163556104,9.86,2.3485219938411377,0.0,0.0,10.0,0.0,20.0,0.0,2.0,0.0,1.0,0.0,3.13,1.5219272736443836
fixed_wing,399.0,399.0,100,9.7,1.9148542155126764,0.485,0.09574271077563383,0.515,0.0957427107756338,0.0,0.0,0.002000000000000002,0.02651471861118468,7.12,1.2167185543107495,6.82,1.1667099559068315,2.6,1.355870140678612,0.58,0.7936617603859908,9.97,2.042255635518747,9.85,2.289082565111838,0.0,0.0,10.0,0.0,20.0,0.0,2.0,0.0,1.0,0.0,3.13,1.5219272736443836
fixed_wing,400.0,400.0,100,9.71,1.9399833384684912,0.4855,0.09699916692342458,0.5145000000000001,0.0969991669234246,0.0,0.0,-0.0005000000000000021,0.03137827209385436,7.13,1.3154482279451518,6.84,1.0983918455927495,2.57,1.2081791960205943,0.59,0.7797305932049851,9.95,2.0664467136130127,9.84,2.2052279480884294,0.0,0.0,10.0,0.0,20.0,0.0,2.0,0.0,1.0,0.0,3.13,1.5219272736443836
fixed_wing,401.0,401.0,100,9.67,1.9177796505017952,0.48350000000000004,0.09588898252508976,0.5165,0.09588898252508976,0.0,0.0,0.0019999999999999996,0.03755131169614466,7.22,1.2519076352801464,6.89,1.1625033941516647,2.55,1.1923578203363165,0.56,0.7429126408395483,10.0,2.0250950844368028,9.81,2.200527943999629,0.0,0.0,10.0,0.0,20.0,0.0,2.0,0.0,1.0,0.0,3.13,1.5219272736443836
fixed_wing,402.0,402.0,100,9.63,1.9050968320255903,0.4815,0.09525484160127949,0.5185,0.0952548416012795,0.0,0.0,0.0020000000000000005,0.03475745687015677,7.22,1.2679419417610445,6.85,1.1752927853573896,2.53,1.2098501451573964,0.62,0.7355338884171829,9.91,2.0355179521029374,9.67,2.2610223842815493,0.0,0.0,10.0,0.0,20.0,0.0,2.0,0.0,1.0,0.0,3.13,1.5219272736443836
fixed_wing,403.0,403.0,100,9.66,1.8867962264113205,0.483,0.09433981132056606,0.517,0.09433981132056604,0.0,0.0,-0.001500000000000002,0.030529833066538496,7.18,1.2502928949779417,6.84,1.2036980056845192,2.55,1.2421470496399745,0.61,0.7371114795831993,9.93,2.1661071538638614,9.66,2.292808255604837,0.0,0.0,10.0,0.0,20.0,0.0,2.0,0.0,1.0,0.0,3.13,1.5219272736443836
fixed_wing,404.0,404.0,100,9.57,1.9604936504705524,0.47850000000000004,0.09802468252352764,0.5215,0.09802468252352764,0.0,0.0,0.004499999999999998,0.03185747934000726,7.22,1.2758835322547224,6.79,1.2815315963031235,2.67,1.348811673026642,0.54,0.7709367252527501,9.87,2.186529005275048,9.6,2.2785783269221165,0.0,0.0,10.0,0.0,20.0,0.0,2.0,0.0,1.0,0.0,3.13,1.5219272736443836
fixed_wing,405.0,405.0,100,9.54,2.0470229677028615,0.47700000000000004,0.10235114838514309,0.523,0.10235114838514309,0.0,0.0,0.0015000000000000057,0.03291786534066051,7.25,1.217506974240079,6.79,1.289389488294849,2.69,1.3385881300154212,0.52,0.7585206228927036,9.81,2.3514233815270096,9.65,2.1759706994462227,0.0,0.0,10.0,0.0,20.0,0.0,2.0,0.0,1.0,0.0,3.13,1.5219272736443836
fixed_wing,406.0,406.0,100,9.47,2.244881945558596,0.47350000000000003,0.11224409727792983,0.5265,0.11224409727792983,0.0,0.0,0.0034999999999999988,0.04279089396192379,7.33,1.3413019455331117,6.8,1.3333333333333333,2.66,1.364928680565509,0.54,0.68784541368778,9.75,2.471555352118552,9.53,2.1670395949452805,0.0,0.0,10.0,0.0,20.0,0.0,2.0,0.0,1.0,0.0,3.13,1.5219272736443836
fixed_wing,407.0,407.0,100,9.47,2.2085920374480184,0.47350000000000003,0.11042960187240089,0.5265,0.1104296018724009,0.0,0.0,1.6653345369377347e-18,0.030977345909486163,7.36,1.3891353316710975,6.83,1.3185161540477417,2.59,1.3713887379977532,0.58,0.6843119378491276,9.74,2.3936785435176895,9.37,2.1586331253126296,0.0,0.0,10.0,0.0,20.0,0.0,2.0,0.0,1.0,0.0,3.13,1.5219272736443836
fixed_wing,408.0,408.0,100,9.5,2.28963408483195,0.475,0.11448170424159751,0.525,0.11448170424159752,0.0,0.0,-0.001500000000000002,0.037909381584526176,7.28,1.371278250539999,6.78,1.4112105269998347,2.62,1.4687313291312738,0.6,0.7385489458759964,9.74,2.402103455328477,9.41,2.1977720582903997,0.0,0.0,10.0,0.0,20.0,0.0,2.0,0.0,1.0,0.0,3.13,1.5219272736443836
fixed_wing,409.0,409.0,100,9.59,2.344540186661062,0.47950000000000004,0.1172270093330531,0.5205,0.11722700933305309,0.0,0.0,-0.004500000000000001,0.03185747934000727,7.19,1.4120334216435473,6.78,1.4183501583590605,2.56,1.4164973160809895,0.66,0.7813482261482715,9.79,2.519800376893761,9.43,2.1661071538638623,0.0,0.0,10.0,0.0,20.0,0.0,2.0,0.0,1.0,0.0,3.13,1.5219272736443836
fixed_wing,410.0,410.0,100,9.62,2.3689063239641137,0.48100000000000004,0.11844531619820571,0.519,0.11844531619820572,0.0,0.0,-0.0014999999999999985,0.026068092652617576,7.17,1.4002525024819883,6.79,1.4375554446927108,2.48,1.5207653575510172,0.73,0.8147007878585696,9.68,2.514121731501496,9.5,2.20422001138404,0.0,0.0,10.0,0.0,20.0,0.0,2.0,0.0,1.0,0.0,3.13,1.5219272736443836
fixed_wing,411.0,411.0,100,9.5,2.384715640672633,0.475,0.11923578203363168,0.525,0.11923578203363167,0.0,0.0,0.006000000000000005,0.03354478387547794,7.2,1.4633571475938951,6.7,1.4319584667528074,2.56,1.430688186457373,0.74,0.8717797887081348,9.6,2.6130983196739517,9.49,2.276338545058088,0.0,0.0,10.0,0.0,20.0,0.0,2.0,0.0,1.0,0.0,3.13,1.5219272736443836
fixed_wing,412.0,412.0,100,9.42,2.314556483901769,0.47100000000000003,0.11572782419508844,0.529,0.11572782419508842,0.0,0.0,0.004,0.0360134654951408,7.3,1.4389951600707598,6.72,1.3414902010808578,2.55,1.351205970885851,0.73,0.8859737552261325,9.58,2.5193393394044215,9.57,2.2663769868370633,0.0,0.0,10.0,0.0,20.0,0.0,2.0,0.0,1.0,0.0,3.13,1.5219272736443836
fixed_wing,413.0,413.0,100,9.51,2.2851960992705225,0.4755,0.11425980496352615,0.5245000000000001,0.1142598049635261,0.0,0.0,-0.004500000000000001,0.03630329589623087,7.31,1.4191689131461425,6.82,1.3210035976675099,2.47,1.306201215801615,0.71,0.902241876682968,9.62,2.5257462143679317,9.63,2.3122641839905866,0.0,0.0,10.0,0.0,20.0,0.0,2.0,0.0,1.0,0.0,3.13,1.5219272736443836
fixed_wing,414.0,414.0,100,9.43,2.1892990437649904,0.4715,0.10946495218824955,0.5285,0.1094649521882495,0.0,0.0,0.004000000000000001,0.029024545516239224,7.31,1.3535960336164636,6.74,1.32283747675177,2.57,1.3200474432857525,0.69,0.9067090007941975,9.54,2.409660691148164,9.71,2.3582864863105906,0.0,0.0,10.0,0.0,20.0,0.0,2.0,0.0,1.0,0.0,3.13,1.5219272736443836
fixed_wing,415.0,415.0,100,9.4,2.1367397047035386,0.47,0.10683698523517694,0.53,0.10683698523517696,0.0,0.0,0.001499999999999998,0.03052983306653849,7.31,1.3310207217080288,6.71,1.3126809639555659,2.61,1.2862520921049827,0.68,0.8747871313939896,9.55,2.3586291173330567,9.63,2.3035107154431937,0.0,0.0,10.0,0.0,20.0,0.0,2.0,0.0,1.0,0.0,3.13,1.5219272736443836
fixed_wing,416.0,416.0,100,9.41,2.0004797404420755,0.4705,0.10002398702210376,0.5295000000000001,0.10002398702210376,0.0,0.0,-0.0004999999999999994,0.03370624736026115,7.3,1.3065491598369756,6.71,1.3049633301090464,2.58,1.2963039922811468,0.71,0.9133687230480494,9.51,2.280771622043556,9.73,2.2376710475786465,0.0,0.0,10.0,0.0,20.0,0.0,2.0,0.0,1.0,0.0,3.13,1.5219272736443836
fixed_wing,417.0,417.0,100,9.31,1.9472591460353144,0.4655,0.09736295730176572,0.5345,0.09736295730176571,0.0,0.0,0.004999999999999994,0.036583928689847375,7.31,1.236604997237161,6.62,1.2535202955329967,2.71,1.2656694639277632,0.67,0.8294454761946669,9.5,2.1904291355759034,9.68,2.1596857234890505,0.0,0.0,10.0,0.0,20.0,0.0,2.0,0.0,1.0,0.0,3.13,1.5219272736443836
fixed_wing,418.0,418.0,100,9.35,1.9351871989421325,0.4675,0.0967593599471066,0.5325,0.0967593599471066,0.0,0.0,-0.0019999999999999996,0.03171845844395037,7.31,1.211852242885187,6.66,1.2327189296818477,2.69,1.2201589563609645,0.65,0.7703468981143129,9.63,2.149254040194627,9.72,2.1606209358151713,0.0,0.0,10.0,0.0,20.0,0.0,2.0,0.0,1.0,0.0,3.13,1.5219272736443836
fixed_wing,419.0,419.0,100,9.3,1.961755552683577,0.465,0.09808777763417889,0.535,0.09808777763417886,0.0,0.0,0.0024999999999999983,0.03128154973039785,7.28,1.223342003106922,6.58,1.2323911224882622,2.81,1.2767936482462703,0.61,0.750689918365335,9.62,2.1214631886049924,9.65,2.1195339682166554,0.0,0.0,10.0,0.0,20.0,0.0,2.0,0.0,1.0,0.0,3.13,1.5219272736443836
fixed_wing,420.0,420.0,100,9.27,1.9738441189872638,0.4635,0.09869220594936318,0.5365,0.09869220594936316,0.0,0.0,0.0015000000000000046,0.02969117135725124,7.24,1.2153895331011029,6.51,1.2267638301439665,2.94,1.293495772367004,0.55,0.701729465267237,9.62,2.06353624106334,9.66,2.165943935403946,0.0,0.0,10.0,0.0,20.0,0.0,2.0,0.0,1.0,0.0,3.13,1.5219272736443836
fixed_wing,421.0,421.0,100,9.36,1.9463511574951802,0.46799999999999997,0.09731755787475903,0.532,0.097317557874759,0.0,0.0,-0.0045000000000000005,0.025716991199664797,7.27,1.254124508503156,6.63,1.236278220460038,2.88,1.2494847422886448,0.49,0.6112580172368814,9.76,2.060303008018113,9.65,2.1944604269971615,0.0,0.0,10.0,0.0,20.0,0.0,2.0,0.0,1.0,0.0,3.13,1.5219272736443836
fixed_wing,422.0,422.0,100,9.3,1.9514304517662948,0.465,0.0975715225883148,0.535,0.09757152258831477,0.0,0.0,0.002999999999999999,0.03394886231562484,7.29,1.2001262559843566,6.59,1.2956414892580697,2.96,1.3847655966176213,0.45,0.6092717958449424,9.8,1.9384467383902395,9.52,2.1056921413016183,0.0,0.0,10.0,0.0,20.0,0.0,2.0,0.0,1.0,0.0,3.13,1.5219272736443836
fixed_wing,423.0,423.0,100,9.35,2.0169734302121634,0.4675,0.10084867151060817,0.5325,0.10084867151060814,0.0,0.0,-0.0025000000000000027,0.042268382528979756,7.38,1.293183371499662,6.73,1.2859379314867274,2.91,1.378734597705117,0.36,0.5949280577846315,9.87,2.0233735206432852,9.42,2.1981626854987755,0.0,0.0,10.0,0.0,20.0,0.0,2.0,0.0,1.0,0.0,3.13,1.5219272736443836
fixed_wing,424.0,424.0,100,9.45,1.892969448600091,0.4725,0.09464847243000456,0.5275,0.09464847243000456,0.0,0.0,-0.005000000000000001,0.03370999312316211,7.4,1.2552918289216959,6.85,1.2339883600452934,2.72,1.3032980697391745,0.43,0.6552815726036705,9.94,1.9270535419482648,9.49,2.2851960992705225,0.0,0.0,10.0,0.0,20.0,0.0,2.0,0.0,1.0,0.0,3.13,1.5219272736443836
fixed_wing,425.0,425.0,100,9.54,1.930195991513962,0.47700000000000004,0.09650979957569808,0.523,0.09650979957569807,0.0,0.0,-0.0045000000000000005,0.03264052757545503,7.42,1.2405603165464785,6.96,1.23844151001869,2.6,1.214391812697811,0.44,0.6714976477316141,10.04,2.0788497207869936,9.57,2.2797084697545658,0.0,0.0,10.0,0.0,20.0,0.0,2.0,0.0,1.0,0.0,3.13,1.5219272736443836
fixed_wing,426.0,426.0,100,9.71,1.9031871195763201,0.48550000000000004,0.09515935597881602,0.5145000000000001,0.09515935597881604,0.0,0.0,-0.0085,0.031022149141762205,7.35,1.2091820425896225,7.06,1.2698524530532092,2.43,1.1997895438346466,0.51,0.6889459083603475,10.1,2.062165185557465,9.43,2.1661071538638623,0.0,0.0,10.0,0.0,20.0,0.0,2.0,0.0,1.0,0.0,3.13,1.5219272736443836
fixed_wing,427.0,427.0,100,9.78,2.01298813014911,0.489,0.10064940650745552,0.511,0.10064940650745555,0.0,0.0,-0.003499999999999997,0.03427090529144145,7.28,1.295524541791408,7.06,1.3167146136264203,2.47,1.2906423113154075,0.47,0.7028800779936817,10.12,2.0999278486883712,9.55,2.138511707527533,0.0,0.0,10.0,0.0,20.0,0.0,2.0,0.0,1.0,0.0,3.13,1.5219272736443836
fixed_wing,428.0,428.0,100,9.76,2.0056485890170936,0.488,0.10028242945085475,0.512,0.10028242945085471,0.0,0.0,0.001000000000000003,0.039555612302762604,7.25,1.297822574292586,7.01,1.3816620060600564,2.53,1.3291981329988682,0.46,0.6578200914591107,10.12,2.0902853703006508,9.57,2.123723621425825,0.0,0.0,10.0,0.0,20.0,0.0,2.0,0.0,1.0,0.0,3.13,1.5219272736443836
fixed_wing,429.0,429.0,100,9.77,2.117054366783997,0.4885,0.10585271833919986,0.5115,0.10585271833919985,0.0,0.0,-0.0005000000000000026,0.03793601737322216,7.23,1.3547894838145693,7.0,1.4142135623730951,2.52,1.3888444437333105,0.48,0.7032392583932261,10.08,2.116219232117466,9.51,2.1296132337240308,0.0,0.0,10.0,0.0,20.0,0.0,2.0,0.0,1.0,0.0,3.13,1.5219272736443836
fixed_wing,430.0,430.0,100,9.7,2.231546096274505,0.485,0.11157730481372519,0.515,0.11157730481372521,0.0,0.0,0.003500000000000002,0.03710141710925813,7.21,1.4305116694258861,6.91,1.443165712150643,2.63,1.4259853938362563,0.46,0.6730002176294544,10.07,2.10461253901851,9.51,2.222452008321648,0.0,0.0,10.0,0.0,20.0,0.0,2.0,0.0,1.0,0.0,3.13,1.5219272736443836
fixed_wing,431.0,431.0,100,9.59,2.1700207139541092,0.47950000000000004,0.10850103569770542,0.5205,0.10850103569770544,0.0,0.0,0.0055000000000000005,0.032485427968598934,7.31,1.404861688436397,6.9,1.3962431555767603,2.63,1.368144064716206,0.47,0.6428314889862844,10.0,2.0350464715613112,9.48,2.1810941559620294,0.0,0.0,10.0,0.0,20.0,0.0,2.0,0.0,1.0,0.0,3.13,1.5219272736443836
fixed_wing,432.0,432.0,100,9.51,2.2133433734712042,0.4755,0.11066716867356022,0.5245000000000001,0.11066716867356012,0.0,0.0,0.004000000000000001,0.03231786571610887,7.41,1.4290987482757207,6.92,1.4332276211898145,2.52,1.374221542723315,0.56,0.7152028743756217,9.86,2.2111745587567095,9.47,2.1902216114061854,0.0,0.0,10.0,0.0,20.0,0.0,2.0,0.0,1.0,0.0,3.13,1.5219272736443836
fixed_wing,433.0,433.0,100,9.5,2.263009527424072,0.475,0.11315047637120361,0.525,0.11315047637120364,0.0,0.0,0.0004999999999999988,0.03370624736026114,7.41,1.5248447511637093,6.91,1.3933101346481087,2.56,1.3051568271416056,0.53,0.7028800779936817,9.86,2.3485219938411386,9.41,2.1371887510408984,0.0,0.0,10.0,0.0,20.0,0.0,2.0,0.0,1.0,0.0,3.13,1.5219272736443836
fixed_wing,434.0,434.0,100,9.45,2.2846656144164657,0.4725,0.11423328072082334,0.5275,0.11423328072082331,0.0,0.0,0.002500000000000001,0.035798961668820184,7.42,1.5254077116852027,6.87,1.4470799577218956,2.63,1.3532975066163917,0.5,0.6590473688161075,9.8,2.391060793282287,9.38,2.1592179654268864,0.0,0.0,10.0,0.0,20.0,0.0,2.0,0.0,1.0,0.0,3.13,1.5219272736443836
fixed_wing,435.0,435.0,100,9.42,2.225563145168277,0.47100000000000003,0.11127815725841385,0.529,0.11127815725841383,0.0,0.0,0.0014999999999999992,0.036552853665768846,7.45,1.4796600756234322,6.87,1.3458128106137648,2.63,1.315448227945152,0.5,0.674199862463242,9.75,2.354342645608173,9.32,2.219655082860553,0.0,0.0,10.0,0.0,20.0,0.0,2.0,0.0,1.0,0.0,3.13,1.5219272736443836
fixed_wing,436.0,436.0,100,9.42,2.2164672956593052,0.47100000000000003,0.11082336478296526,0.529,0.1108233647829653,0.0,0.0,2.220446049250313e-18,0.03623715376697393,7.5,1.5075567228888178,6.92,1.2687383377580144,2.51,1.2672646116575639,0.57,0.7555184185763313,9.74,2.355393552652887,9.35,2.138511707527533,0.0,0.0,10.0,0.0,20.0,0.0,2.0,0.0,1.0,0.0,3.13,1.5219272736443836
fixed_wing,437.0,437.0,100,9.47,2.3632497741350775,0.47350000000000003,0.11816248870675385,0.5265,0.1181624887067539,0.0,0.0,-0.002500000000000002,0.03207865963596989,7.43,1.5192701597088707,6.9,1.4177803109441915,2.55,1.4168894655461863,0.55,0.7703468981143127,9.79,2.458935468116973,9.43,2.2439818505180797,0.0,0.0,10.0,0.0,20.0,0.0,2.0,0.0,1.0,0.0,3.13,1.5219272736443836
fixed_wing,438.0,438.0,100,9.44,2.302041254928751,0.47200000000000003,0.11510206274643756,0.528,0.11510206274643756,0.0,0.0,0.001499999999999998,0.029691171357251248,7.45,1.5,6.89,1.3550876821308009,2.53,1.351803882733637,0.58,0.7272474743090473,9.67,2.433167283666093,9.42,2.2481417691376615,0.0,0.0,10.0,0.0,20.0,0.0,2.0,0.0,1.0,0.0,3.13,1.5219272736443836
fixed_wing,439.0,439.0,100,9.44,2.383953087464668,0.47200000000000003,0.11919765437323337,0.528,0.1191976543732334,0.0,0.0,1.942890293094024e-18,0.03333333333333333,7.49,1.5406610151608184,6.93,1.379906306290907,2.48,1.374221542723315,0.59,0.739847104051734,9.69,2.460578071194743,9.58,2.225563145168277,0.0,0.0,10.0,0.0,20.0,0.0,2.0,0.0,1.0,0.0,3.13,1.5219272736443836
fixed_wing,440.0,440.0,100,9.5,2.4058010698889443,0.475,0.12029005349444721,0.525,0.12029005349444721,0.0,0.0,-0.003000000000000001,0.03163874366990733,7.44,1.5329380254592782,6.94,1.3319689989415726,2.48,1.3815523401908696,0.58,0.7272474743090476,9.75,2.4261829354695483,9.51,2.2315234638463854,0.0,0.0,10.0,0.0,20.0,0.0,2.0,0.0,1.0,0.0,3.13,1.5219272736443836
fixed_wing,441.0,441.0,100,9.47,2.26726819112893,0.47350000000000003,0.1133634095564465,0.5265,0.11336340955644651,0.0,0.0,0.0014999999999999976,0.04463940823618484,7.46,1.4799672396046577,6.93,1.2411708385653646,2.46,1.2666666666666666,0.61,0.7371114795831993,9.72,2.3444755610937085,9.49,2.2540423844078594,0.0,0.0,10.0,0.0,20.0,0.0,2.0,0.0,1.0,0.0,3.13,1.5219272736443836
fixed_wing,442.0,442.0,100,9.43,2.3409184073561784,0.4715,0.11704592036780896,0.5285,0.11704592036780896,0.0,0.0,0.0020000000000000005,0.03687269938038115,7.46,1.4384334913686172,6.89,1.3476129288711232,2.48,1.4104945762018903,0.63,0.786951668968895,9.71,2.3237682737095344,9.67,2.2876700687455664,0.0,0.0,10.0,0.0,20.0,0.0,2.0,0.0,1.0,0.0,3.13,1.5219272736443836
fixed_wing,443.0,443.0,100,9.51,2.2984184285563134,0.47550000000000003,0.11492092142781567,0.5245000000000001,0.11492092142781567,0.0,0.0,-0.004,0.029881922510596483,7.45,1.4240006242195882,6.96,1.302057423984647,2.37,1.3607410340017536,0.67,0.8995509541943243,9.71,2.371101265682512,9.71,2.328111039040237,0.0,0.0,10.0,0.0,20.0,0.0,2.0,0.0,1.0,0.0,3.13,1.5219272736443836
fixed_wing,444.0,444.0,100,9.5,2.2719190482092806,0.475,0.11359595241046404,0.525,0.11359595241046401,0.0,0.0,0.000500000000000001,0.03370624736026114,7.47,1.403135018017824,6.97,1.3291981329988678,2.36,1.3372669248444113,0.67,0.8882510337679879,9.74,2.3033572335733217,9.75,2.1852351189866335,0.0,0.0,10.0,0.0,20.0,0.0,2.0,0.0,1.0,0.0,3.13,1.5219272736443836
fixed_wing,445.0,445.0,100,9.61,2.308941775188824,0.48050000000000004,0.11544708875944124,0.5195000000000001,0.11544708875944126,0.0,0.0,-0.0055000000000000005,0.03248542796859894,7.37,1.4045740574381553,6.98,1.3482498944104455,2.36,1.337266924844411,0.66,0.8435135751813078,9.86,2.3225725896822755,9.73,2.178197753773852,0.0,0.0,10.0,0.0,20.0,0.0,2.0,0.0,1.0,0.0,3.13,1.5219272736443836
fixed_wing,446.0,446.0,100,9.48,2.307125545528089,0.474,0.11535627727640445,0.526,0.11535627727640446,0.0,0.0,0.006500000000000003,0.03528742014092303,7.38,1.3690666288911708,6.86,1.3485495387956123,2.42,1.3572104486851708,0.72,0.8537498983243798,9.78,2.320658213838166,9.76,2.252361275002595,0.0,0.0,10.0,0.0,20.0,0.0,2.0,0.0,1.0,0.0,3.13,1.5219272736443836
fixed_wing,447.0,447.0,100,9.46,2.302479998048656,0.473,0.1151239999024328,0.527,0.1151239999024328,0.0,0.0,0.000999999999999998,0.037591638872644446,7.37,1.3607410340017538,6.83,1.3637070688740192,2.52,1.3141037580300452,0.65,0.7299508769967216,9.8,2.197335392761612,9.67,2.3400552527362652,0.0,0.0,10.0,0.0,20.0,0.0,2.0,0.0,1.0,0.0,3.13,1.5219272736443836
fixed_wing,448.0,448.0,100,9.48,2.354793091770592,0.474,0.11773965458852963,0.526,0.1177396545885296,0.0,0.0,-0.0010000000000000015,0.03759163887264445,7.38,1.3467506724473444,6.86,1.504337164012876,2.47,1.3959175686930296,0.67,0.7528397417562895,9.81,2.277225850845184,9.51,2.4802044555669487,0.0,0.0,10.0,0.0,20.0,0.0,2.0,0.0,1.0,0.0,3.13,1.5219272736443836
fixed_wing,449.0,449.0,100,9.44,2.366944072517186,0.47200000000000003,0.11834720362585929,0.528,0.11834720362585932,0.0,0.0,0.002000000000000003,0.032504855892091816,7.33,1.348811673026642,6.77,1.5298709260931298,2.54,1.452410048675976,0.69,0.7745314647572362,9.76,2.2657752257753576,9.48,2.5004242064340225,0.0,0.0,10.0,0.0,20.0,0.0,2.0,0.0,1.0,0.0,3.13,1.5219272736443836
fixed_wing,450.0,450.0,100,9.47,2.3589716985897633,0.47350000000000003,0.11794858492948819,0.5265,0.1179485849294882,0.0,0.0,-0.0014999999999999996,0.03291786534066053,7.3,1.3065491598369756,6.77,1.503228848079017,2.55,1.3734495390671024,0.68,0.8025212794938238,9.77,2.291199676936945,9.55,2.3756976646743997,0.0,0.0,10.0,0.0,20.0,0.0,2.0,0.0,1.0,0.0,3.13,1.5219272736443836
fixed_wing,451.0,451.0,100,9.48,2.324572296926117,0.474,0.11622861484630587,0.526,0.11622861484630588,0.0,0.0,-0.0005000000000000004,0.03726441148919923,7.34,1.2730302669638534,6.82,1.5201010067449698,2.54,1.3956642819384568,0.64,0.8350890595461884,9.73,2.343505963726187,9.49,2.2807716220435554,0.0,0.0,10.0,0.0,20.0,0.0,2.0,0.0,1.0,0.0,3.13,1.5219272736443836
fixed_wing,452.0,452.0,100,9.49,2.2224520083216484,0.47450000000000003,0.11112260041608245,0.5255000000000001,0.11112260041608243,0.0,0.0,-0.0004999999999999988,0.03658047721300684,7.37,1.260551426555021,6.86,1.5043371640128758,2.53,1.466494480250799,0.61,0.7640270765734509,9.78,2.2987919532755554,9.52,2.2314555651847376,0.0,0.0,10.0,0.0,20.0,0.0,2.0,0.0,1.0,0.0,3.13,1.5219272736443836
fixed_wing,453.0,453.0,100,9.46,2.2084319589182995,0.473,0.110421597945915,0.527,0.11042159794591497,0.0,0.0,0.0014999999999999974,0.03214157444931421,7.33,1.2476644848141936,6.79,1.5195360801869424,2.63,1.4747367510333784,0.58,0.741006686265994,9.78,2.2943936942561582,9.61,2.3176747316256794,0.0,0.0,10.0,0.0,20.0,0.0,2.0,0.0,1.0,0.0,3.13,1.5219272736443836
fixed_wing,454.0,454.0,100,9.53,2.235864689351954,0.4765,0.11179323446759767,0.5235,0.11179323446759769,0.0,0.0,-0.0035000000000000035,0.03571421356414068,7.35,1.2583057392117918,6.88,1.512773892055534,2.54,1.4384334913686168,0.58,0.7545150292028179,9.83,2.395513483260916,9.5,2.3804761428476167,0.0,0.0,10.0,0.0,20.0,0.0,2.0,0.0,1.0,0.0,3.13,1.5219272736443836
fixed_wing,455.0,455.0,100,9.61,2.1737413634449507,0.4805,0.10868706817224755,0.5195000000000001,0.10868706817224756,0.0,0.0,-0.003999999999999997,0.033090021078105936,7.36,1.2187093686570747,6.97,1.4937918668322374,2.41,1.4220130843706082,0.62,0.7625051746802387,9.82,2.3586505301193563,9.67,2.2964839176093497,0.0,0.0,10.0,0.0,20.0,0.0,2.0,0.0,1.0,0.0,3.13,1.5219272736443836
fixed_wing,456.0,456.0,100,9.74,2.2047698521637353,0.48700000000000004,0.11023849260818679,0.513,0.1102384926081868,0.0,0.0,-0.006500000000000002,0.03528742014092302,7.26,1.2359922199094813,7.0,1.5242153139344592,2.35,1.4864709750264078,0.65,0.7833494518006403,9.92,2.308001015352612,9.83,2.0940270998603374,0.0,0.0,10.0,0.0,20.0,0.0,2.0,0.0,1.0,0.0,3.13,1.5219272736443836
fixed_wing,457.0,457.0,100,9.68,2.2013769795427147,0.484,0.11006884897713573,0.516,0.11006884897713573,0.0,0.0,0.002999999999999999,0.026419307295608613,7.27,1.278058818456468,6.95,1.5200677815828016,2.4,1.407052941362897,0.65,0.7703468981143129,9.94,2.251015483525315,9.87,2.2140734432536813,0.0,0.0,10.0,0.0,20.0,0.0,2.0,0.0,1.0,0.0,3.13,1.5219272736443836
fixed_wing,458.0,458.0,100,9.74,2.1537845479034985,0.48700000000000004,0.10768922739517497,0.513,0.10768922739517495,0.0,0.0,-0.0029999999999999983,0.033948862315624835,7.27,1.301553073846935,7.01,1.4459626830620769,2.35,1.3880805728658825,0.64,0.759053104968036,9.97,2.285019284669854,9.77,2.2104206830283677,0.0,0.0,10.0,0.0,20.0,0.0,2.0,0.0,1.0,0.0,3.13,1.5219272736443836
fixed_wing,459.0,459.0,100,9.61,2.112468994452996,0.48050000000000004,0.1056234497226498,0.5195000000000001,0.10562344972264982,0.0,0.0,0.006499999999999999,0.0387004815567878,7.34,1.319779595924328,6.95,1.4168894655461863,2.4,1.3780384243517665,0.65,0.7833494518006403,9.83,2.3008781810518353,9.62,2.219199965043368,0.0,0.0,10.0,0.0,20.0,0.0,2.0,0.0,1.0,0.0,3.13,1.5219272736443836
fixed_wing,460.0,460.0,100,9.5,2.1343747458109488,0.475,0.10671873729054747,0.525,0.1067187372905475,0.0,0.0,0.0055,0.03248542796859894,7.42,1.3646326326972482,6.92,1.3975447445900662,2.42,1.393926218646562,0.66,0.7813482261482717,9.78,2.3075633219585727,9.64,2.162676979387286,0.0,0.0,10.0,0.0,20.0,0.0,2.0,0.0,1.0,0.0,3.13,1.5219272736443836
fixed_wing,461.0,461.0,100,9.41,2.1513209472744457,0.4705,0.10756604736372227,0.5295000000000001,0.10756604736372224,0.0,0.0,0.004500000000000004,0.034152805761959615,7.42,1.4296994103798197,6.83,1.3413019455331112,2.52,1.374221542723315,0.65,0.7833494518006403,9.74,2.272452508643559,9.71,2.1662936741883088,0.0,0.0,10.0,0.0,20.0,0.0,2.0,0.0,1.0,0.0,3.13,1.5219272736443836
fixed_wing,462.0,462.0,100,9.54,2.017198777783416,0.47700000000000004,0.10085993888917083,0.523,0.1008599388891708,0.0,0.0,-0.0065000000000000014,0.033825906036526486,7.4,1.4354811251305466,6.94,1.2934957723670042,2.36,1.3220736696110347,0.7,0.7977240352174656,9.73,2.2104206830283677,9.66,2.2029365158645158,0.0,0.0,10.0,0.0,20.0,0.0,2.0,0.0,1.0,0.0,3.13,1.5219272736443836
fixed_wing,463.0,463.0,100,9.6,2.0937617781969333,0.48,0.10468808890984667,0.52,0.10468808890984663,0.0,0.0,-0.003000000000000003,0.03611149960940979,7.36,1.54736661277909,6.96,1.2942764446406012,2.33,1.303104296701077,0.71,0.8077278269468265,9.72,2.270050949457151,9.81,2.294899922995697,0.0,0.0,10.0,0.0,20.0,0.0,2.0,0.0,1.0,0.0,3.13,1.5219272736443836
fixed_wing,464.0,464.0,100,9.59,2.0601804373266517,0.47950000000000004,0.1030090218663326,0.5205000000000001,0.1030090218663326,0.0,0.0,0.0004999999999999983,0.030562900861844083,7.38,1.5027247978860994,6.97,1.2827920936595905,2.38,1.2042013993103524,0.65,0.7299508769967213,9.78,2.1769221159678396,9.83,2.3443678478559216,0.0,0.0,10.0,0.0,20.0,0.0,2.0,0.0,1.0,0.0,3.13,1.5219272736443836
fixed_wing,465.0,465.0,100,9.56,2.1523771214002605,0.478,0.10761885607001305,0.522,0.10761885607001308,0.0,0.0,0.001500000000000003,0.035144003899684084,7.38,1.5227566709057228,6.94,1.2934957723670042,2.47,1.2827920936595907,0.59,0.6976873775321414,9.81,2.1352973913473856,9.73,2.2734968394057375,0.0,0.0,10.0,0.0,20.0,0.0,2.0,0.0,1.0,0.0,3.13,1.5219272736443836
fixed_wing,466.0,466.0,100,9.54,2.226652150197645,0.47700000000000004,0.11133260750988229,0.523,0.11133260750988226,0.0,0.0,0.0009999999999999998,0.036913767927783565,7.43,1.5586513206596082,6.97,1.290642311315407,2.48,1.3217680231684783,0.55,0.6723244767373875,9.83,2.183755453064257,9.74,2.2724525086435583,0.0,0.0,10.0,0.0,20.0,0.0,2.0,0.0,1.0,0.0,3.13,1.5219272736443836
fixed_wing,467.0,467.0,100,9.58,2.2793761329705005,0.479,0.11396880664852506,0.521,0.11396880664852507,0.0,0.0,-0.0019999999999999966,0.034023165014086476,7.45,1.597820485233026,7.03,1.2984450685183395,2.43,1.335263754068571,0.54,0.6578200914591107,9.83,2.2204513145763944,9.6,2.344130861310753,0.0,0.0,10.0,0.0,20.0,0.0,2.0,0.0,1.0,0.0,3.13,1.5219272736443836
fixed_wing,468.0,468.0,100,9.56,2.3064249304054876,0.478,0.11532124652027438,0.522,0.11532124652027438,0.0,0.0,0.0010000000000000002,0.034801021696368506,7.46,1.604413105824499,7.02,1.2869194287761827,2.49,1.2592686670276427,0.49,0.5945034427438948,9.84,2.2728969633620895,9.51,2.3159307747718527,0.0,0.0,10.0,0.0,20.0,0.0,2.0,0.0,1.0,0.0,3.13,1.5219272736443836
fixed_wing,469.0,469.0,100,9.55,2.3457462037750907,0.4775,0.11728731018875456,0.5225,0.11728731018875457,0.0,0.0,0.000499999999999996,0.03924476417500193,7.42,1.590248058916875,6.97,1.3443108707332976,2.51,1.3218826488662818,0.52,0.5942485280851044,9.85,2.275805995530579,9.42,2.2793761329705013,0.0,0.0,10.0,0.0,20.0,0.0,2.0,0.0,1.0,0.0,3.13,1.5219272736443836
fixed_wing,470.0,470.0,100,9.41,2.4826468443045524,0.4705,0.12413234221522763,0.5295000000000001,0.12413234221522762,0.0,0.0,0.007000000000000005,0.03554766326548573,7.47,1.5469422429523034,6.88,1.5127738920555343,2.62,1.502724797886099,0.5,0.6113406364191519,9.8,2.242833705450101,9.37,2.27260807768244,0.0,0.0,10.0,0.0,20.0,0.0,2.0,0.0,1.0,0.0,3.13,1.5219272736443836
fixed_wing,471.0,471.0,100,9.45,2.512091968978457,0.4725,0.12560459844892283,0.5275,0.12560459844892283,0.0,0.0,-0.0019999999999999983,0.02745059841852913,7.46,1.533596815306811,6.91,1.5248447511637093,2.61,1.5432813002551324,0.48,0.6587407638361193,9.9,2.2719190482092806,9.32,2.386324675006621,0.0,0.0,10.0,0.0,20.0,0.0,2.0,0.0,1.0,0.0,3.13,1.5219272736443836
fixed_wing,472.0,472.0,100,9.51,2.5206019803678537,0.4755,0.12603009901839266,0.5245000000000001,0.12603009901839268,0.0,0.0,-0.0030000000000000027,0.03394886231562484,7.45,1.5851265762160014,6.96,1.5303000300000587,2.49,1.4667699688138363,0.55,0.6723244767373875,9.88,2.3625016701399693,9.33,2.3140109041762242,0.0,0.0,10.0,0.0,20.0,0.0,2.0,0.0,1.0,0.0,3.13,1.5219272736443836
fixed_wing,473.0,473.0,100,9.44,2.471330562161757,0.47200000000000003,0.12356652810808787,0.528,0.12356652810808787,0.0,0.0,0.0034999999999999996,0.03641442160751838,7.48,1.5074227118904744,6.92,1.5353083459591164,2.55,1.4864709750264076,0.53,0.6269212893420537,9.85,2.2978909961751954,9.52,2.298352506127866,0.0,0.0,10.0,0.0,20.0,0.0,2.0,0.0,1.0,0.0,3.13,1.5219272736443836
fixed_wing,474.0,474.0,100,9.44,2.4672399006324306,0.47200000000000003,0.12336199503162153,0.528,0.12336199503162157,0.0,0.0,-2.7755575615628915e-18,0.031782086308186415,7.47,1.500538623833509,6.91,1.5445897758814722,2.51,1.5208649851417786,0.58,0.6843119378491277,9.75,2.289082565111838,9.46,2.3286533152503104,0.0,0.0,10.0,0.0,20.0,0.0,2.0,0.0,1.0,0.0,3.13,1.5219272736443836
fixed_wing,475.0,475.0,100,9.44,2.442552068239406,0.47200000000000003,0.12212760341197038,0.528,0.12212760341197039,0.0,0.0,-5.551115123125783e-19,0.04020151261036848,7.46,1.5203667819033508,6.9,1.5142421513513924,2.4,1.3853490243227224,0.7,0.7719841941125453,9.7,2.2224747331283523,9.48,2.4057170963092784,0.0,0.0,10.0,0.0,20.0,0.0,2.0,0.0,1.0,0.0,3.13,1.5219272736443836
fixed_wing,476.0,476.0,100,9.41,2.382999552808785,0.4705,0.11914997764043926,0.5295000000000001,0.11914997764043926,0.0,0.0,0.0015000000000000024,0.035144003899684084,7.46,1.5335968153068107,6.87,1.4815702835338271,2.39,1.3550876821308009,0.74,0.8832904506457775,9.63,2.316628515055376,9.39,2.386388167262084,0.0,0.0,10.0,0.0,20.0,0.0,2.0,0.0,1.0,0.0,3.13,1.5219272736443836
fixed_wing,477.0,477.0,100,9.38,2.4320253853007943,0.469,0.12160126926503971,0.531,0.12160126926503974,0.0,0.0,0.001499999999999997,0.032917865340660525,7.45,1.5398740601789878,6.83,1.4978435677784756,2.49,1.3218826488662816,0.68,0.9087676192837122,9.69,2.5294028520342087,9.38,2.3646384822029676,0.0,0.0,10.0,0.0,20.0,0.0,2.0,0.0,1.0,0.0,3.13,1.5219272736443836
fixed_wing,478.0,478.0,100,9.27,2.352110593153358,0.4635,0.11760552965766793,0.5365,0.1176055296576679,0.0,0.0,0.005500000000000005,0.03820135382867254,7.49,1.4667699688138358,6.76,1.5050084734148528,2.57,1.3352637540685708,0.67,0.8882510337679876,9.61,2.5021001279934922,9.38,2.3258755275588094,0.0,0.0,10.0,0.0,20.0,0.0,2.0,0.0,1.0,0.0,3.13,1.5219272736443836
fixed_wing,479.0,479.0,100,9.3,2.3376583293215596,0.465,0.11688291646607799,0.535,0.11688291646607797,0.0,0.0,-0.0015000000000000013,0.032141574449314196,7.47,1.4733662412340256,6.77,1.5166083904887941,2.55,1.2900160518929265,0.68,0.8862587350511956,9.56,2.5158889024948956,9.39,2.183015244004392,0.0,0.0,10.0,0.0,20.0,0.0,2.0,0.0,1.0,0.0,3.13,1.5219272736443836
fixed_wing,480.0,480.0,100,9.19,2.4191784230238658,0.4595,0.12095892115119335,0.5405,0.12095892115119332,0.0,0.0,0.005499999999999998,0.03325369273942491,7.54,1.533596815306811,6.73,1.516608390488794,2.54,1.38840799755575,0.73,0.9195409482755815,9.45,2.599047999758855,9.37,2.191143790605972,0.0,0.0,10.0,0.0,20.0,0.0,2.0,0.0,1.0,0.0,3.13,1.5219272736443836
fixed_wing,481.0,481.0,100,9.18,2.532136878550836,0.45899999999999996,0.1266068439275418,0.541,0.1266068439275418,0.0,0.0,0.0004999999999999988,0.03726441148919923,7.51,1.5922476331439546,6.69,1.52881415720575,2.59,1.4501480244889802,0.72,0.9109879197327427,9.48,2.6798160648473885,9.39,2.2197233424847598,0.0,0.0,10.0,0.0,20.0,0.0,2.0,0.0,1.0,0.0,3.13,1.5219272736443836
fixed_wing,482.0,482.0,100,9.23,2.497898106307572,0.46149999999999997,0.12489490531537856,0.5385,0.12489490531537852,0.0,0.0,-0.002499999999999998,0.03046358979224712,7.5,1.5859229221975184,6.73,1.489729146285636,2.52,1.4104945762018897,0.75,0.8804842561071297,9.5,2.676119608989135,9.41,2.1746705311821186,0.0,0.0,10.0,0.0,20.0,0.0,2.0,0.0,1.0,0.0,3.13,1.5219272736443836
fixed_wing,483.0,483.0,100,9.28,2.486651230758818,0.46399999999999997,0.12433256153794087,0.536,0.12433256153794084,0.0,0.0,-0.0025000000000000027,0.03718300361153947,7.44,1.5590725033516148,6.72,1.470793093277339,2.53,1.438679248407365,0.75,0.8333333333333336,9.54,2.548201980482185,9.37,2.1865290052750477,0.0,0.0,10.0,0.0,20.0,0.0,2.0,0.0,1.0,0.0,3.13,1.5219272736443836
fixed_wing,484.0,484.0,100,9.27,2.424017034976979,0.4635,0.12120085174884898,0.5365,0.12120085174884897,0.0,0.0,0.0005000000000000038,0.03137827209385438,7.48,1.5405626677721789,6.75,1.4097424365371627,2.55,1.3512059708858513,0.7,0.8348471099367221,9.52,2.459695308386998,9.4,2.256304299271065,0.0,0.0,10.0,0.0,20.0,0.0,2.0,0.0,1.0,0.0,3.13,1.5219272736443836
fixed_wing,485.0,485.0,100,9.36,2.3974734175541528,0.46799999999999997,0.11987367087770762,0.532,0.11987367087770762,0.0,0.0,-0.004499999999999997,0.030230595245361754,7.43,1.4924388554891408,6.79,1.3580660640570597,2.5,1.2987950904082934,0.71,0.8444112167838034,9.61,2.4613989616648593,9.32,2.3735920866777835,0.0,0.0,10.0,0.0,20.0,0.0,2.0,0.0,1.0,0.0,3.13,1.5219272736443836
fixed_wing,486.0,486.0,100,9.35,2.4469110603725954,0.4675,0.12234555301862979,0.5325,0.12234555301862982,0.0,0.0,0.0004999999999999983,0.0358835096196883,7.47,1.527227632811901,6.82,1.3953747550642832,2.44,1.3051568271416056,0.74,0.773552737946055,9.57,2.5075844548050226,9.27,2.2645935260845023,0.0,0.0,10.0,0.0,20.0,0.0,2.0,0.0,1.0,0.0,3.13,1.5219272736443836
fixed_wing,487.0,487.0,100,9.34,2.4503967932652135,0.467,0.12251983966326069,0.5329999999999999,0.1225198396632607,0.0,0.0,0.0005000000000000004,0.037264411489199234,7.47,1.540398741504382,6.81,1.4048616884363965,2.45,1.3055824196677337,0.74,0.8241310085125538,9.55,2.544056253745624,9.15,2.185235118986633,0.0,0.0,10.0,0.0,20.0,0.0,2.0,0.0,1.0,0.0,3.13,1.5219272736443836
fixed_wing,488.0,488.0,100,9.22,2.401935246690245,0.461,0.12009676233451227,0.539,0.12009676233451225,0.0,0.0,0.005999999999999997,0.03501803287254478,7.54,1.4731262709289417,6.76,1.3934913640988884,2.47,1.3215769582455865,0.77,0.8391313449880266,9.47,2.4759652744745915,9.28,2.2476924193761945,0.0,0.0,10.0,0.0,20.0,0.0,2.0,0.0,1.0,0.0,3.13,1.5219272736443836
fixed_wing,489.0,489.0,100,9.24,2.387340348461848,0.462,0.11936701742309241,0.538,0.11936701742309241,0.0,0.0,-0.0009999999999999998,0.0348010216963685,7.52,1.5273929726593916,6.76,1.4007213149017912,2.48,1.3888444437333103,0.76,0.8179797730328725,9.44,2.4425520682394075,9.31,2.303686110773275,0.0,0.0,10.0,0.0,20.0,0.0,2.0,0.0,1.0,0.0,3.13,1.5219272736443836
fixed_wing,490.0,490.0,100,9.23,2.436486126877115,0.46149999999999997,0.12182430634385578,0.5385,0.12182430634385576,0.0,0.0,0.0005000000000000021,0.03517273393015123,7.49,1.5602058916189314,6.72,1.4500435381829964,2.54,1.4662533852983899,0.74,0.8117819282232756,9.45,2.471555352118552,9.34,2.332120897120876,0.0,0.0,10.0,0.0,20.0,0.0,2.0,0.0,1.0,0.0,3.13,1.5219272736443836
fixed_wing,491.0,491.0,100,9.18,2.4052971844357494,0.45899999999999996,0.12026485922178753,0.541,0.1202648592217875,0.0,0.0,0.0025000000000000022,0.03435921354681384,7.46,1.5467136878954786,6.64,1.4107810001212204,2.66,1.429981987595818,0.7,0.8468599159080072,9.41,2.5189985183309527,9.4,2.382596834709489,0.0,0.0,10.0,0.0,20.0,0.0,2.0,0.0,1.0,0.0,3.13,1.5219272736443836
fixed_wing,492.0,492.0,100,9.16,2.406724585889136,0.45799999999999996,0.12033622929445681,0.542,0.12033622929445681,0.0,0.0,0.0010000000000000002,0.03551923650103084,7.52,1.5405626677721789,6.68,1.4416600980757701,2.65,1.4381174563233066,0.67,0.8047209190618557,9.44,2.4342671516611665,9.4,2.4984843890695503,0.0,0.0,10.0,0.0,20.0,0.0,2.0,0.0,1.0,0.0,3.13,1.5219272736443836
fixed_wing,493.0,493.0,100,9.08,2.533333333333333,0.45399999999999996,0.12666666666666668,0.546,0.12666666666666668,0.0,0.0,0.003999999999999997,0.03231786571610886,7.5,1.5731330124142315,6.58,1.4986862934118688,2.75,1.5333003949031323,0.67,0.7792122414154677,9.41,2.466318566756386,9.38,2.619969928117959,0.0,0.0,10.0,0.0,20.0,0.0,2.0,0.0,1.0,0.0,3.13,1.5219272736443836
fixed_wing,494.0,494.0,100,9.14,2.542646358629234,0.457,0.12713231793146174,0.5429999999999999,0.1271323179314617,0.0,0.0,-0.0030000000000000005,0.0361114996094098,7.45,1.5464197817585437,6.59,1.4913555626145678,2.73,1.5364592642524149,0.68,0.7769403861535091,9.48,2.439075830943128,9.41,2.789210814853722,0.0,0.0,10.0,0.0,20.0,0.0,2.0,0.0,1.0,0.0,3.13,1.5219272736443836
fixed_wing,495.0,495.0,100,9.22,2.5959564516743914,0.461,0.12979782258371955,0.539,0.12979782258371958,0.0,0.0,-0.004,0.0360134654951408,7.42,1.5838834769915584,6.64,1.4806495980897145,2.69,1.4750107001837534,0.67,0.7528397417562895,9.5,2.4597774392219005,9.53,2.7393687984901596,0.0,0.0,10.0,0.0,20.0,0.0,2.0,0.0,1.0,0.0,3.13,1.5219272736443836
fixed_wing,496.0,496.0,100,9.26,2.5251062583902506,0.46299999999999997,0.12625531291951256,0.537,0.12625531291951253,0.0,0.0,-0.002000000000000001,0.03687269938038113,7.4,1.556997888323046,6.66,1.471754261437896,2.71,1.4994611826865807,0.63,0.7474535896541463,9.52,2.4099121908643824,9.48,2.5799538011680783,0.0,0.0,10.0,0.0,20.0,0.0,2.0,0.0,1.0,0.0,3.13,1.5219272736443836
fixed_wing,497.0,497.0,100,9.32,2.4282845089827627,0.466,0.12141422544913813,0.534,0.12141422544913812,0.0,0.0,-0.0030000000000000005,0.03163874366990732,7.36,1.5210310166250243,6.68,1.4061912165042623,2.75,1.4097424365371636,0.57,0.7282884321503675,9.63,2.3726343880577008,9.37,2.414832114540086,0.0,0.0,10.0,0.0,20.0,0.0,2.0,0.0,1.0,0.0,3.13,1.5219272736443836
fixed_wing,498.0,498.0,100,9.37,2.398042130698721,0.4685,0.11990210653493606,0.5315,0.119902106534936,0.0,0.0,-0.0025000000000000005,0.03435921354681384,7.4,1.4494861506789574,6.77,1.4554321792109821,2.65,1.4932508094081116,0.58,0.741006686265994,9.72,2.3444755610937085,9.42,2.412844417242476,0.0,0.0,10.0,0.0,20.0,0.0,2.0,0.0,1.0,0.0,3.13,1.5219272736443836
fixed_wing,499.0,499.0,100,9.35,2.4010729924663923,0.4675,0.12005364962331959,0.5325,0.12005364962331956,0.0,0.0,0.0010000000000000009,0.02928439443757985,7.42,1.491931159892636,6.77,1.4131775214284676,2.65,1.4520970554979646,0.58,0.6843119378491275,9.69,2.3036861107732753,9.4,2.395281557014486,0.0,0.0,10.0,0.0,20.0,0.0,2.0,0.0,1.0,0.0,3.13,1.5219272736443836
fixed_wing,500.0,500.0,100,9.35,2.332792145031184,0.4675,0.11663960725155921,0.5325,0.1166396072515592,0.0,0.0,3.885780586188048e-18,0.03256694736394649,7.44,1.5197022568565692,6.79,1.3431081095501558,2.67,1.3637070688740198,0.54,0.6578200914591107,9.7,2.3203099758089185,9.39,2.201445805911114,0.0,0.0,10.0,0.0,20.0,0.0,2.0,0.0,1.0,0.0,3.13,1.5219272736443836
fixed_wing,501.0,501.0,100,9.29,2.2576245672982664,0.4645,0.11288122836491335,0.5355,0.11288122836491335,0.0,0.0,0.002999999999999997,0.03611149960940979,7.47,1.4733662412340256,6.76,1.2722365576361414,2.7,1.2752500250000494,0.54,0.6878454136877798,9.63,2.2770484173485412,9.29,2.2351417373085285,0.0,0.0,10.0,0.0,20.0,0.0,2.0,0.0,1.0,0.0,3.13,1.5219272736443836
fixed_wing,502.0,502.0,100,9.3,2.2495790852081776,0.465,0.11247895426040885,0.535,0.11247895426040885,0.0,0.0,-0.0005000000000000015,0.034447295418017394,7.48,1.4939609070920137,6.78,1.3225320068304243,2.68,1.339983416149452,0.54,0.6878454136877798,9.64,2.3377447476254773,9.15,2.3066657908563757,0.0,0.0,10.0,0.0,20.0,0.0,2.0,0.0,1.0,0.0,3.13,1.5219272736443836
fixed_wing,503.0,503.0,100,9.36,2.3932565194054667,0.46799999999999997,0.11966282597027329,0.532,0.1196628259702733,0.0,0.0,-0.002999999999999999,0.03163874366990732,7.44,1.4655643240331648,6.8,1.4770978917519928,2.66,1.4922019523732928,0.54,0.6578200914591106,9.68,2.3989896863370443,9.2,2.391060793282286,0.0,0.0,10.0,0.0,20.0,0.0,2.0,0.0,1.0,0.0,3.13,1.5219272736443836
fixed_wing,504.0,504.0,100,9.35,2.4178419294816598,0.4675,0.120892096474083,0.5325,0.120892096474083,0.0,0.0,0.0004999999999999983,0.03726441148919923,7.45,1.402558988838515,6.8,1.5699192541804388,2.61,1.4487542541400489,0.59,0.7398471040517342,9.63,2.4064517657767626,9.19,2.268337174088882,0.0,0.0,10.0,0.0,20.0,0.0,2.0,0.0,1.0,0.0,3.13,1.5219272736443836
fixed_wing,505.0,505.0,100,9.29,2.4049402016967845,0.4645,0.12024701008483928,0.5355000000000001,0.12024701008483923,0.0,0.0,0.003000000000000005,0.03242707435947856,7.48,1.41049457620189,6.77,1.543019471979888,2.64,1.3818447631680446,0.59,0.7797305932049851,9.63,2.452189291884361,9.16,2.3081760694706044,0.0,0.0,10.0,0.0,20.0,0.0,2.0,0.0,1.0,0.0,3.13,1.5219272736443836
fixed_wing,506.0,506.0,100,9.21,2.375357495688435,0.46049999999999996,0.11876787478442176,0.5395,0.11876787478442176,0.0,0.0,0.003999999999999997,0.03152680437246049,7.49,1.359552808236531,6.7,1.5075567228888176,2.7,1.3669992204412071,0.6,0.7784989441615229,9.55,2.4010729924663923,9.11,2.3263749057321355,0.0,0.0,10.0,0.0,20.0,0.0,2.0,0.0,1.0,0.0,3.13,1.5219272736443836
fixed_wing,507.0,507.0,100,9.11,2.411651012493434,0.45549999999999996,0.12058255062467174,0.5445,0.12058255062467171,0.0,0.0,0.005,0.03517632353407242,7.51,1.3816620060600562,6.62,1.5161087885062399,2.85,1.3734495390671027,0.53,0.8097262288308101,9.61,2.339364499736256,9.09,2.174670531182119,0.0,0.0,10.0,0.0,20.0,0.0,2.0,0.0,1.0,0.0,3.13,1.5219272736443836
fixed_wing,508.0,508.0,100,9.06,2.407144248761057,0.45299999999999996,0.1203572124380529,0.547,0.12035721243805286,0.0,0.0,0.0025000000000000005,0.03435921354681384,7.49,1.4598671587552483,6.55,1.4864709750264076,2.88,1.437450043049367,0.57,0.9017939472142865,9.52,2.2939534045446996,9.17,2.074642478631298,0.0,0.0,10.0,0.0,20.0,0.0,2.0,0.0,1.0,0.0,3.13,1.5219272736443836
fixed_wing,509.0,509.0,100,9.09,2.374506860020166,0.4545,0.11872534300100827,0.5455000000000001,0.11872534300100826,0.0,0.0,-0.0015000000000000013,0.03585534912124076,7.52,1.4458578942984162,6.61,1.4205917105490964,2.83,1.442885716860207,0.56,0.8326663997864531,9.52,2.2807051895447086,9.11,2.1690895543867006,0.0,0.0,10.0,0.0,20.0,0.0,2.0,0.0,1.0,0.0,3.13,1.5219272736443836
fixed_wing,510.0,510.0,100,9.08,2.2141874949123577,0.45399999999999996,0.1107093747456179,0.546,0.1107093747456179,0.0,0.0,0.000499999999999999,0.041129875597510225,7.52,1.3063945294843617,6.6,1.4425006345953826,2.77,1.4274013967608226,0.63,0.7996842811353425,9.37,2.277048417348541,9.03,2.2805944644129763,0.0,0.0,10.0,0.0,20.0,0.0,2.0,0.0,1.0,0.0,3.13,1.5219272736443836
fixed_wing,511.0,511.0,100,9.21,2.114380774743769,0.46049999999999996,0.10571903873718846,0.5395,0.10571903873718845,0.0,0.0,-0.006499999999999998,0.02900278635168725,7.49,1.2592686670276423,6.7,1.4248870236980302,2.66,1.4014422585466741,0.64,0.7852169487254185,9.39,2.30456288718926,9.1,2.3115869750961884,0.0,0.0,10.0,0.0,20.0,0.0,2.0,0.0,1.0,0.0,3.13,1.5219272736443836
fixed_wing,512.0,512.0,100,9.22,2.2,0.461,0.11000000000000004,0.539,0.11000000000000003,0.0,0.0,-0.0004999999999999988,0.03217298571940457,7.46,1.366407957774949,6.68,1.3989895343324468,2.66,1.3869521850577122,0.66,0.8314524227597941,9.31,2.389771976781488,9.24,2.3915676782386814,0.0,0.0,10.0,0.0,20.0,0.0,2.0,0.0,1.0,0.0,3.13,1.5219272736443836
fixed_wing,513.0,513.0,100,9.23,2.1360541361883305,0.46149999999999997,0.10680270680941652,0.5385,0.10680270680941648,0.0,0.0,-0.0005000000000000049,0.03793601737322217,7.41,1.3640033176297814,6.64,1.2911509234286702,2.7,1.3219208552234694,0.66,0.7813482261482717,9.35,2.3327921450311835,9.27,2.3218548837104573,0.0,0.0,10.0,0.0,20.0,0.0,2.0,0.0,1.0,0.0,3.13,1.5219272736443836
fixed_wing,514.0,514.0,100,9.1,2.157907703439991,0.455,0.10789538517199955,0.545,0.10789538517199952,0.0,0.0,0.0065000000000000014,0.03307093691879426,7.5,1.3371158468430429,6.6,1.3257359305592338,2.86,1.3258883052428656,0.54,0.7166138105949071,9.41,2.3659836829274172,9.28,2.3009879301172913,0.0,0.0,10.0,0.0,20.0,0.0,2.0,0.0,1.0,0.0,3.13,1.5219272736443836
fixed_wing,515.0,515.0,100,9.19,2.172811798364301,0.4595,0.10864058991821511,0.5405000000000001,0.10864058991821507,0.0,0.0,-0.0045,0.03264052757545505,7.5,1.337115846843043,6.69,1.3234100428114266,2.76,1.32664991614216,0.55,0.7436600722307893,9.47,2.434827270749167,9.27,2.3000000000000007,0.0,0.0,10.0,0.0,20.0,0.0,2.0,0.0,1.0,0.0,3.13,1.5219272736443836
fixed_wing,516.0,516.0,100,9.11,2.1267654579504796,0.4555,0.10633827289752401,0.5445,0.106338272897524,0.0,0.0,0.0039999999999999975,0.03530530620833993,7.51,1.2909553270991434,6.62,1.3467506724473444,2.76,1.3641884404326627,0.62,0.7491409221315581,9.36,2.35496466764548,9.39,2.2781128110341635,0.0,0.0,10.0,0.0,20.0,0.0,2.0,0.0,1.0,0.0,3.13,1.5219272736443836
fixed_wing,517.0,517.0,100,9.16,2.1636108987551625,0.458,0.10818054493775811,0.542,0.10818054493775812,0.0,0.0,-0.0024999999999999988,0.026944574611785968,7.51,1.3295020712942713,6.67,1.3185161540477415,2.66,1.3349989596333856,0.67,0.8171767114754176,9.38,2.4320253853007943,9.36,2.4267865438255853,0.0,0.0,10.0,0.0,20.0,0.0,2.0,0.0,1.0,0.0,3.13,1.5219272736443836
fixed_wing,518.0,518.0,100,9.28,2.309750959508296,0.46399999999999997,0.11548754797541481,0.536,0.11548754797541479,0.0,0.0,-0.005999999999999998,0.03779262928512421,7.43,1.423149161315684,6.71,1.3654835973183472,2.59,1.4220130843706087,0.7,0.8102873913406629,9.47,2.544373868722594,9.43,2.466973772856047,0.0,0.0,10.0,0.0,20.0,0.0,2.0,0.0,1.0,0.0,3.13,1.5219272736443836
fixed_wing,519.0,519.0,100,9.17,2.348672524270386,0.4585,0.11743362621351928,0.5415,0.11743362621351928,0.0,0.0,0.005500000000000004,0.034739288735064544,7.47,1.3959175686930294,6.64,1.45310534770028,2.65,1.4381174563233063,0.71,0.7288430017583496,9.45,2.5080677902329587,9.49,2.536580853085985,0.0,0.0,10.0,0.0,20.0,0.0,2.0,0.0,1.0,0.0,3.13,1.5219272736443836
fixed_wing,520.0,520.0,100,9.15,2.284665614416466,0.4575,0.11423328072082332,0.5425,0.11423328072082331,0.0,0.0,0.0010000000000000002,0.029284394437579853,7.53,1.3813695443949159,6.68,1.427578298370985,2.56,1.4021628315073134,0.76,0.8179797730328723,9.38,2.4854323039209367,9.46,2.50421866279906,0.0,0.0,10.0,0.0,20.0,0.0,2.0,0.0,1.0,0.0,3.13,1.5219272736443836
fixed_wing,521.0,521.0,100,9.17,2.3008781810518357,0.4585,0.11504390905259178,0.5415,0.11504390905259182,0.0,0.0,-0.0009999999999999998,0.03255143559961617,7.54,1.3884079975557502,6.71,1.3947593109040481,2.58,1.386660839148594,0.71,0.820137953411658,9.46,2.4635524977338936,9.39,2.3736559195136997,0.0,0.0,10.0,0.0,20.0,0.0,2.0,0.0,1.0,0.0,3.13,1.5219272736443836
fixed_wing,522.0,522.0,100,9.16,2.316911912024453,0.45799999999999996,0.11584559560122268,0.542,0.11584559560122268,0.0,0.0,0.0004999999999999983,0.03370624736026115,7.59,1.3640033176297814,6.75,1.4310764472870754,2.57,1.3725667174820297,0.68,0.7638287395970013,9.46,2.4470968162871745,9.33,2.3912931288913177,0.0,0.0,10.0,0.0,20.0,0.0,2.0,0.0,1.0,0.0,3.13,1.5219272736443836
fixed_wing,523.0,523.0,100,9.2,2.141461787158152,0.46,0.10707308935790762,0.54,0.10707308935790762,0.0,0.0,-0.0020000000000000005,0.028355606218883844,7.63,1.2280805422209968,6.83,1.385749988382836,2.5,1.2987950904082934,0.67,0.7255092255537737,9.49,2.3634207360852146,9.39,2.2647719353594793,0.0,0.0,10.0,0.0,20.0,0.0,2.0,0.0,1.0,0.0,3.13,1.5219272736443836
fixed_wing,524.0,524.0,100,9.27,2.233152412391438,0.4635,0.11165762061957189,0.5365,0.11165762061957188,0.0,0.0,-0.0035000000000000014,0.03973078596674565,7.56,1.305156827141606,6.83,1.3637070688740196,2.51,1.2987562037455977,0.66,0.8067893720848651,9.6,2.3224856068314814,9.29,2.198691070669644,0.0,0.0,10.0,0.0,20.0,0.0,2.0,0.0,1.0,0.0,3.13,1.5219272736443836
fixed_wing,525.0,525.0,100,9.22,2.2137312530219333,0.461,0.11068656265109669,0.539,0.11068656265109668,0.0,0.0,0.002499999999999998,0.03718300361153948,7.57,1.3428072509229734,6.79,1.3203534880225574,2.56,1.2973944362576575,0.65,0.7961396760860395,9.58,2.3232683352500976,9.18,2.1806309901382934,0.0,0.0,10.0,0.0,20.0,0.0,2.0,0.0,1.0,0.0,3.13,1.5219272736443836
fixed_wing,526.0,526.0,100,9.23,2.2149856920895936,0.46149999999999997,0.11074928460447969,0.5385,0.11074928460447968,0.0,0.0,-0.0004999999999999988,0.033706247360261135,7.55,1.3586609569571049,6.78,1.299417118743958,2.57,1.2411708385653646,0.65,0.7571210756756961,9.54,2.280439440196569,9.24,2.084672296995042,0.0,0.0,10.0,0.0,20.0,0.0,2.0,0.0,1.0,0.0,3.13,1.5219272736443836
fixed_wing,527.0,527.0,100,9.24,2.197886955852614,0.462,0.1098943477926307,0.5379999999999999,0.10989434779263071,0.0,0.0,-0.0005000000000000021,0.035883509619688295,7.49,1.298756203745598,6.73,1.3015530738469345,2.61,1.3172898410192517,0.66,0.7550503361372738,9.49,2.3071912172880937,9.2,1.979694905583161,0.0,0.0,10.0,0.0,20.0,0.0,2.0,0.0,1.0,0.0,3.13,1.5219272736443836
fixed_wing,528.0,528.0,100,9.4,2.215646837627989,0.47,0.11078234188139947,0.53,0.11078234188139946,0.0,0.0,-0.007999999999999998,0.0315588275441214,7.38,1.3316656236958782,6.78,1.2758835322547224,2.57,1.296888272720203,0.65,0.7159792333764033,9.66,2.184518530963108,9.19,1.95760624800347,0.0,0.0,10.0,0.0,20.0,0.0,2.0,0.0,1.0,0.0,3.13,1.5219272736443836
fixed_wing,529.0,529.0,100,9.44,2.2261984628418903,0.47200000000000003,0.11130992314209455,0.528,0.11130992314209451,0.0,0.0,-0.0019999999999999996,0.030084057323614202,7.42,1.3939262186465622,6.86,1.2950566463177264,2.52,1.3141037580300454,0.62,0.66332495807108,9.7,2.23606797749979,9.29,1.9084871580189455,0.0,0.0,10.0,0.0,20.0,0.0,2.0,0.0,1.0,0.0,3.13,1.5219272736443836
fixed_wing,530.0,530.0,100,9.46,2.1622098684335693,0.47300000000000003,0.1081104934216785,0.527,0.1081104934216785,0.0,0.0,-0.001000000000000002,0.03176619129028391,7.47,1.3740377716714336,6.93,1.3123731299913268,2.48,1.4104945762018903,0.59,0.6528105515091008,9.73,2.1548863899369155,9.28,2.060106891411318,0.0,0.0,10.0,0.0,20.0,0.0,2.0,0.0,1.0,0.0,3.13,1.5219272736443836
fixed_wing,531.0,531.0,100,9.32,2.2377838965540815,0.466,0.11188919482770407,0.534,0.11188919482770408,0.0,0.0,0.007000000000000001,0.03958114029012639,7.56,1.4586558085020498,6.88,1.265549746796293,2.58,1.3866608391485942,0.54,0.6578200914591108,9.66,2.1845185309631074,9.44,2.124032756695421,0.0,0.0,10.0,0.0,20.0,0.0,2.0,0.0,1.0,0.0,3.13,1.5219272736443836
fixed_wing,532.0,532.0,100,9.21,2.212430447460097,0.4605,0.11062152237300488,0.5395,0.11062152237300485,0.0,0.0,0.005500000000000002,0.04075982870871315,7.58,1.393926218646562,6.79,1.297199781347219,2.64,1.36714699615327,0.57,0.6854181058288289,9.54,2.1715329966536436,9.3,2.249579085208177,0.0,0.0,10.0,0.0,20.0,0.0,2.0,0.0,1.0,0.0,3.13,1.5219272736443836
fixed_wing,533.0,533.0,100,9.27,2.140777730856076,0.4635,0.10703888654280384,0.5365,0.10703888654280383,0.0,0.0,-0.002999999999999999,0.03611149960940979,7.54,1.4243197915801313,6.81,1.2925192689496203,2.64,1.3597385369580761,0.55,0.7299508769967213,9.63,2.1445491155697294,9.32,2.3565082883646538,0.0,0.0,10.0,0.0,20.0,0.0,2.0,0.0,1.0,0.0,3.13,1.5219272736443836
fixed_wing,534.0,534.0,100,9.16,2.06813242254255,0.458,0.10340662112712751,0.542,0.1034066211271275,0.0,0.0,0.0055000000000000005,0.031698548544026116,7.6,1.3632996217214537,6.76,1.3266499161421603,2.64,1.396387836490633,0.6,0.7784989441615229,9.53,2.0862948647365887,9.2,2.260776661041756,0.0,0.0,10.0,0.0,20.0,0.0,2.0,0.0,1.0,0.0,3.13,1.5219272736443836
fixed_wing,535.0,535.0,100,9.2,2.1129710042133714,0.46,0.1056485502106686,0.54,0.1056485502106686,0.0,0.0,-0.0019999999999999974,0.03821787619172552,7.58,1.3271066728835788,6.78,1.3301477095769967,2.65,1.3734495390671027,0.57,0.7687718133556283,9.6,2.146173479954639,9.06,2.3433551014118907,0.0,0.0,10.0,0.0,20.0,0.0,2.0,0.0,1.0,0.0,3.13,1.5219272736443836
fixed_wing,536.0,536.0,100,9.03,2.095955701590638,0.4515,0.10479778507953189,0.5485,0.10479778507953189,0.0,0.0,0.0085,0.031022149141762198,7.71,1.2971997813472191,6.74,1.3678856352455464,2.68,1.3917505871993363,0.58,0.7677857445244404,9.46,2.180816268271951,9.15,2.2400171355765934,0.0,0.0,10.0,0.0,20.0,0.0,2.0,0.0,1.0,0.0,3.13,1.5219272736443836
fixed_wing,537.0,537.0,100,8.99,2.086488519842452,0.4495,0.10432442599212259,0.5505,0.10432442599212256,0.0,0.0,0.002000000000000001,0.03951728940117429,7.75,1.297822574292586,6.74,1.33802205897475,2.69,1.390407250855778,0.57,0.7142842712828138,9.39,2.1503816903381163,9.15,2.2309802166923687,0.0,0.0,10.0,0.0,20.0,0.0,2.0,0.0,1.0,0.0,3.13,1.5219272736443836
fixed_wing,538.0,538.0,100,8.91,2.0503510416363815,0.44549999999999995,0.10251755208181906,0.5545,0.10251755208181904,0.0,0.0,0.003999999999999998,0.03670796572237076,7.79,1.1831732712916525,6.7,1.4106377954311977,2.79,1.4791138488222528,0.51,0.6589707309451796,9.37,2.1726258376220766,9.03,2.3460906662235828,0.0,0.0,10.0,0.0,20.0,0.0,2.0,0.0,1.0,0.0,3.13,1.5219272736443836
fixed_wing,539.0,539.0,100,8.87,2.077561702155347,0.4435,0.10387808510776739,0.5565,0.10387808510776737,0.0,0.0,0.002000000000000001,0.03475745687015678,7.81,1.0981619170047723,6.68,1.434636475969372,2.8,1.5374122295716148,0.52,0.6432242017658956,9.3,2.176550880952186,9.03,2.217720187102699,0.0,0.0,10.0,0.0,20.0,0.0,2.0,0.0,1.0,0.0,3.13,1.5219272736443836
fixed_wing,540.0,540.0,100,8.91,2.1513209472744457,0.44549999999999995,0.10756604736372229,0.5545,0.10756604736372227,0.0,0.0,-0.0020000000000000005,0.03171845844395036,7.82,1.1492641475344476,6.73,1.4761059883656351,2.72,1.6085629448283167,0.55,0.7017294652672371,9.3,2.2179251383200285,8.99,2.231523463846385,0.0,0.0,10.0,0.0,20.0,0.0,2.0,0.0,1.0,0.0,3.13,1.5219272736443836
fixed_wing,541.0,541.0,100,8.89,2.0835818033648525,0.4445,0.10417909016824262,0.5555,0.10417909016824262,0.0,0.0,0.0010000000000000015,0.0317661912902839,7.86,1.1635890141881684,6.75,1.4659433478105142,2.66,1.5388569810352122,0.59,0.7260659179246174,9.23,2.2149856920895936,9.01,2.2495566342070723,0.0,0.0,10.0,0.0,20.0,0.0,2.0,0.0,1.0,0.0,3.13,1.5219272736443836
fixed_wing,542.0,542.0,100,8.91,2.19317121994613,0.44549999999999995,0.10965856099730653,0.5545,0.10965856099730653,0.0,0.0,-0.0009999999999999992,0.02657180095628834,7.82,1.2175484558834782,6.73,1.4897291462856357,2.66,1.5322789523708755,0.61,0.6947857747012908,9.16,2.3342855200015467,9.02,2.331081164168119,0.0,0.0,10.0,0.0,20.0,0.0,2.0,0.0,1.0,0.0,3.13,1.5219272736443836
fixed_wing,543.0,543.0,100,8.95,2.1432298858112127,0.4475,0.10716149429056064,0.5525,0.1071614942905606,0.0,0.0,-0.0019999999999999996,0.03618136134933164,7.78,1.1856038822712103,6.73,1.4829332112711306,2.62,1.5094316275949164,0.65,0.7571210756756962,9.14,2.339904167941823,9.07,2.340918407356179,0.0,0.0,10.0,0.0,20.0,0.0,2.0,0.0,1.0,0.0,3.13,1.5219272736443836
fixed_wing,544.0,544.0,100,9.02,2.1366451566070874,0.451,0.10683225783035438,0.5489999999999999,0.10683225783035434,0.0,0.0,-0.0035000000000000027,0.02683187460744207,7.75,1.2583057392117916,6.77,1.448475339134501,2.62,1.4618377806616218,0.61,0.7091750791795304,9.25,2.284665614416466,9.12,2.336707517042306,0.0,0.0,10.0,0.0,20.0,0.0,2.0,0.0,1.0,0.0,3.13,1.5219272736443836
fixed_wing,545.0,545.0,100,9.04,2.12212967168228,0.452,0.10610648358411402,0.5479999999999999,0.10610648358411401,0.0,0.0,-0.0010000000000000002,0.0340676688460784,7.75,1.217506974240079,6.79,1.465392008089896,2.56,1.4724404259870105,0.65,0.7299508769967216,9.25,2.3884190282581184,9.03,2.3026335383905994,0.0,0.0,10.0,0.0,20.0,0.0,2.0,0.0,1.0,0.0,3.13,1.5219272736443836
fixed_wing,546.0,546.0,100,9.16,2.111632046306813,0.45799999999999996,0.10558160231534064,0.542,0.10558160231534064,0.0,0.0,-0.006000000000000001,0.03643175438093433,7.7,1.2350111437766567,6.86,1.46349519364369,2.51,1.3669622740170477,0.63,0.7608474807008883,9.36,2.4639624816768437,9.04,2.403364644859705,0.0,0.0,10.0,0.0,20.0,0.0,2.0,0.0,1.0,0.0,3.13,1.5219272736443836
fixed_wing,547.0,547.0,100,9.17,2.098845281375336,0.4585,0.10494226406876682,0.5415,0.10494226406876678,0.0,0.0,-0.000500000000000001,0.030562900861844062,7.64,1.1327984477533164,6.81,1.5088627063675035,2.58,1.4154986272110486,0.61,0.7900262110470855,9.41,2.4498814648711464,9.17,2.352969325440654,0.0,0.0,10.0,0.0,20.0,0.0,2.0,0.0,1.0,0.0,3.13,1.5219272736443836
fixed_wing,548.0,548.0,100,9.1,2.222474733128352,0.455,0.1111237366564176,0.545,0.11112373665641757,0.0,0.0,0.003500000000000001,0.037775920928816584,7.64,1.1935855497811896,6.74,1.5414803327196933,2.59,1.491355562614568,0.67,0.8294454761946672,9.35,2.4674650632549673,9.16,2.272896963362089,0.0,0.0,10.0,0.0,20.0,0.0,2.0,0.0,1.0,0.0,3.13,1.5219272736443836
fixed_wing,549.0,549.0,100,9.08,2.232360710869626,0.45399999999999996,0.11161803554348133,0.546,0.11161803554348133,0.0,0.0,0.0010000000000000007,0.036913767927783565,7.63,1.1862426889855704,6.71,1.4994611826865805,2.65,1.5000000000000002,0.64,0.7979772407579535,9.34,2.446271126478507,9.26,2.2275592477014388,0.0,0.0,10.0,0.0,20.0,0.0,2.0,0.0,1.0,0.0,3.13,1.5219272736443836
fixed_wing,550.0,550.0,100,8.96,2.2604191977363293,0.44800000000000006,0.11302095988681643,0.552,0.11302095988681649,0.0,0.0,0.005999999999999998,0.03845501110112801,7.69,1.2201589563609647,6.65,1.4659433478105146,2.7,1.4668044012461758,0.65,0.7571210756756961,9.34,2.3707817403983147,9.37,2.2457816798467642,0.0,0.0,10.0,0.0,20.0,0.0,2.0,0.0,1.0,0.0,3.13,1.5219272736443836
fixed_wing,551.0,551.0,100,9.04,2.246973272847029,0.452,0.11234866364235147,0.548,0.11234866364235142,0.0,0.0,-0.004000000000000004,0.02988192251059649,7.61,1.2544466364243496,6.65,1.4025589888385148,2.73,1.3769751653753985,0.62,0.7075352009660443,9.43,2.362394778801606,9.41,2.2522491564270286,0.0,0.0,10.0,0.0,20.0,0.0,2.0,0.0,1.0,0.0,3.13,1.5219272736443836
fixed_wing,552.0,552.0,100,9.01,2.3028090005315893,0.45050000000000007,0.11514045002657944,0.5495,0.11514045002657944,0.0,0.0,0.0015000000000000002,0.03291786534066052,7.59,1.2878217456173229,6.6,1.3853490243227222,2.8,1.414213562373095,0.6,0.7913675671030662,9.46,2.4758224834783626,9.26,2.2768931516965,0.0,0.0,10.0,0.0,20.0,0.0,2.0,0.0,1.0,0.0,3.13,1.5219272736443836
fixed_wing,553.0,553.0,100,9.14,2.305110703097652,0.457,0.11525553515488264,0.5429999999999999,0.11525553515488272,0.0,0.0,-0.006499999999999998,0.0366907634318519,7.52,1.3141037580300452,6.66,1.3723091208733995,2.79,1.4584826763358276,0.55,0.757121075675696,9.59,2.4498814648711456,9.23,2.2149856920895936,0.0,0.0,10.0,0.0,20.0,0.0,2.0,0.0,1.0,0.0,3.13,1.5219272736443836
fixed_wing,554.0,554.0,100,9.34,2.297209550121999,0.467,0.11486047750609997,0.5329999999999999,0.11486047750609994,0.0,0.0,-0.009999999999999998,0.03892494720807615,7.41,1.3034143197344772,6.75,1.3512059708858513,2.68,1.4556056742084649,0.57,0.7687718133556283,9.69,2.4108131827290564,8.9,2.100985819595509,0.0,0.0,10.0,0.0,20.0,0.0,2.0,0.0,1.0,0.0,3.13,1.5219272736443836
fixed_wing,555.0,555.0,100,9.31,2.312438915382142,0.4655,0.11562194576910713,0.5345,0.11562194576910712,0.0,0.0,0.001499999999999998,0.03441795984069886,7.42,1.304072873962978,6.73,1.3769751653753985,2.66,1.4157840387730203,0.61,0.7900262110470855,9.63,2.3938262343796053,8.99,2.204197098375018,0.0,0.0,10.0,0.0,20.0,0.0,2.0,0.0,1.0,0.0,3.13,1.5219272736443836
fixed_wing,556.0,556.0,100,9.32,2.317609356926471,0.466,0.11588046784632357,0.534,0.11588046784632357,0.0,0.0,-0.0004999999999999983,0.03726441148919923,7.44,1.3730449829676106,6.76,1.4007213149017907,2.62,1.4409592764417862,0.62,0.735533888417183,9.63,2.3811337593251625,9.16,2.3125481157975476,0.0,0.0,10.0,0.0,20.0,0.0,2.0,0.0,1.0,0.0,3.13,1.5219272736443836
fixed_wing,557.0,557.0,100,9.15,2.2846656144164657,0.4575,0.11423328072082332,0.5425,0.1142332807208233,0.0,0.0,0.0085,0.04085883557377088,7.56,1.3128733235298693,6.71,1.4019827229875392,2.69,1.4403633099487312,0.6,0.7106690545187017,9.48,2.2895458506044823,9.18,2.3757189236187863,0.0,0.0,10.0,0.0,20.0,0.0,2.0,0.0,1.0,0.0,3.13,1.5219272736443836
fixed_wing,558.0,558.0,100,9.11,2.4241837114102283,0.4555,0.12120918557051137,0.5445,0.12120918557051141,0.0,0.0,0.0020000000000000018,0.04015122927285305,7.58,1.4154986272110488,6.69,1.4612503294276873,2.76,1.4915248789901108,0.55,0.7436600722307893,9.57,2.332272486116266,9.17,2.457949379363853,0.0,0.0,10.0,0.0,20.0,0.0,2.0,0.0,1.0,0.0,3.13,1.5219272736443836
fixed_wing,559.0,559.0,100,9.14,2.4079833550886183,0.457,0.12039916775443091,0.543,0.12039916775443088,0.0,0.0,-0.0014999999999999957,0.03134606446710268,7.57,1.4372743564669812,6.71,1.4791138488222528,2.75,1.45903662695214,0.54,0.7166138105949071,9.55,2.3841861157098108,9.09,2.5469133626347946,0.0,0.0,10.0,0.0,20.0,0.0,2.0,0.0,1.0,0.0,3.13,1.5219272736443836
fixed_wing,560.0,560.0,100,9.14,2.3741877930710706,0.457,0.11870938965355353,0.543,0.11870938965355352,0.0,0.0,-2.7755575615628914e-19,0.030151134457776358,7.58,1.4083445400307208,6.72,1.5379377507729384,2.69,1.5088627063675035,0.59,0.7666666666666666,9.52,2.3547930917705924,9.11,2.5341904451167854,0.0,0.0,10.0,0.0,20.0,0.0,2.0,0.0,1.0,0.0,3.13,1.5219272736443836
fixed_wing,561.0,561.0,100,9.15,2.4261829354695483,0.4575,0.1213091467734774,0.5425,0.12130914677347746,0.0,0.0,-0.000500000000000001,0.03056290086184407,7.59,1.4501480244889806,6.74,1.548019262271512,2.66,1.4854173307406395,0.6,0.8040302522073696,9.56,2.4134304350128812,9.2,2.449489742783178,0.0,0.0,10.0,0.0,20.0,0.0,2.0,0.0,1.0,0.0,3.13,1.5219272736443836
fixed_wing,562.0,562.0,100,9.03,2.508389962111195,0.4515,0.12541949810555972,0.5485,0.12541949810555972,0.0,0.0,0.005999999999999998,0.03501803287254476,7.62,1.5027247978860987,6.65,1.5266984249707212,2.75,1.4796600756234317,0.6,0.752101433090355,9.48,2.5084906323375513,9.07,2.284135006358584,0.0,0.0,10.0,0.0,20.0,0.0,2.0,0.0,1.0,0.0,3.13,1.5219272736443836
fixed_wing,563.0,563.0,100,8.93,2.5035530307500538,0.4465,0.12517765153750268,0.5535,0.1251776515375027,0.0,0.0,0.0049999999999999975,0.03793934553196641,7.6,1.5109031348264135,6.53,1.566408747305876,2.86,1.5177069359511877,0.61,0.7771353768420236,9.42,2.4829926550943573,9.12,2.2440943821416233,0.0,0.0,10.0,0.0,20.0,0.0,2.0,0.0,1.0,0.0,3.13,1.5219272736443836
fixed_wing,564.0,564.0,100,8.93,2.499515104490421,0.4465,0.12497575522452105,0.5535,0.12497575522452103,0.0,0.0,1.942890293094024e-18,0.033333333333333326,7.62,1.4959879003453864,6.55,1.5594287998553127,2.84,1.5157089883528885,0.61,0.7640270765734509,9.34,2.396209127313011,9.09,2.314185503682569,0.0,0.0,10.0,0.0,20.0,0.0,2.0,0.0,1.0,0.0,3.13,1.5219272736443836
fixed_wing,565.0,565.0,100,8.96,2.428450892518467,0.44799999999999995,0.12142254462592332,0.552,0.12142254462592329,0.0,0.0,-0.0015000000000000013,0.03134606446710269,7.61,1.4695220139538396,6.57,1.5390867028169268,2.81,1.4681466362235567,0.62,0.7355338884171828,9.36,2.384800353755578,9.1,2.3072131074593702,0.0,0.0,10.0,0.0,20.0,0.0,2.0,0.0,1.0,0.0,3.13,1.5219272736443836
fixed_wing,566.0,566.0,100,8.93,2.5035530307500538,0.4465,0.12517765153750268,0.5535,0.1251776515375027,0.0,0.0,0.0015000000000000015,0.0321415744493142,7.62,1.454911570085164,6.55,1.597820485233026,2.88,1.5523198670689522,0.57,0.6999999999999996,9.34,2.4171942997674565,8.98,2.27405213909293,0.0,0.0,10.0,0.0,20.0,0.0,2.0,0.0,1.0,0.0,3.13,1.5219272736443836
fixed_wing,567.0,567.0,100,8.95,2.4633679826980415,0.4475,0.12316839913490209,0.5525,0.12316839913490206,0.0,0.0,-0.001,0.03759163887264445,7.6,1.4354811251305466,6.55,1.5529379129946441,2.86,1.4840566843703251,0.59,0.6830561152391924,9.28,2.4207854139105387,9.04,2.1363614872114702,0.0,0.0,10.0,0.0,20.0,0.0,2.0,0.0,1.0,0.0,3.13,1.5219272736443836
fixed_wing,568.0,568.0,100,9.0,2.335496832484569,0.45,0.11677484162422848,0.55,0.11677484162422849,0.0,0.0,-0.002500000000000004,0.03508647326336185,7.57,1.327677397837017,6.57,1.4924388554891408,2.85,1.4590366269521402,0.58,0.6989169110021937,9.25,2.2890825651118374,9.04,2.088544996407835,0.0,0.0,10.0,0.0,20.0,0.0,2.0,0.0,1.0,0.0,3.13,1.5219272736443836
fixed_wing,569.0,569.0,100,8.88,2.44238664532308,0.444,0.12211933226615394,0.556,0.12211933226615392,0.0,0.0,0.006000000000000003,0.031204765240863037,7.56,1.3803820288074404,6.44,1.5130409542682342,2.94,1.4271536976680812,0.62,0.7216703408122581,9.14,2.4247045014170117,8.98,2.247242979764541,0.0,0.0,10.0,0.0,20.0,0.0,2.0,0.0,1.0,0.0,3.13,1.5219272736443836
fixed_wing,570.0,570.0,100,8.89,2.43665195037632,0.4445,0.12183259751881602,0.5555,0.12183259751881602,0.0,0.0,-0.0004999999999999983,0.032172985719404565,7.57,1.394469596135195,6.46,1.520366781903351,2.88,1.4514360704718166,0.66,0.768311805390904,9.09,2.449881464871146,8.94,2.2599722890944363,0.0,0.0,10.0,0.0,20.0,0.0,2.0,0.0,1.0,0.0,3.13,1.5219272736443836
fixed_wing,571.0,571.0,100,8.93,2.353827744442029,0.4465,0.1176913872221015,0.5535,0.11769138722210148,0.0,0.0,-0.0019999999999999996,0.0354765536458357,7.57,1.3123731299913266,6.5,1.500841514792702,2.79,1.4019827229875397,0.71,0.7951240294584375,9.06,2.448747360664966,8.99,2.176527676661321,0.0,0.0,10.0,0.0,20.0,0.0,2.0,0.0,1.0,0.0,3.13,1.5219272736443836
fixed_wing,572.0,572.0,100,8.97,2.3288051299611428,0.4485,0.11644025649805712,0.5515,0.11644025649805709,0.0,0.0,-0.001999999999999999,0.030084057323614202,7.53,1.2984450685183395,6.5,1.5142421513513922,2.77,1.4964942196664008,0.73,0.7895146188218007,9.05,2.375697664674399,9.03,2.289435553038161,0.0,0.0,10.0,0.0,20.0,0.0,2.0,0.0,1.0,0.0,3.13,1.5219272736443836
fixed_wing,573.0,573.0,100,9.02,2.2246552337589094,0.451,0.1112327616879455,0.5489999999999999,0.11123276168794549,0.0,0.0,-0.0025000000000000027,0.0320786596359699,7.5,1.3142574813455419,6.52,1.4033149786462515,2.76,1.3417913550191178,0.72,0.7795362516758074,9.11,2.2825424421026654,9.14,2.2919269824602377,0.0,0.0,10.0,0.0,20.0,0.0,2.0,0.0,1.0,0.0,3.13,1.5219272736443836
fixed_wing,574.0,574.0,100,9.01,2.285196099270522,0.45049999999999996,0.11425980496352614,0.5495,0.11425980496352615,0.0,0.0,0.0005000000000000004,0.03658047721300684,7.47,1.3666666666666667,6.48,1.3594413588238397,2.82,1.250292894977942,0.7,0.7453559924999299,9.16,2.3771640858192966,9.17,2.2520697550960054,0.0,0.0,10.0,0.0,20.0,0.0,2.0,0.0,1.0,0.0,3.13,1.5219272736443836
fixed_wing,575.0,575.0,100,8.96,2.219837103860724,0.44799999999999995,0.11099185519303623,0.552,0.1109918551930362,0.0,0.0,0.002499999999999997,0.03718300361153948,7.52,1.3888444437333105,6.48,1.3444987049740016,2.79,1.2736252243580963,0.73,0.8147007878585696,9.11,2.246860885409651,9.16,2.2098036843195645,0.0,0.0,10.0,0.0,20.0,0.0,2.0,0.0,1.0,0.0,3.13,1.5219272736443836
fixed_wing,576.0,576.0,100,8.9,2.1625835652680974,0.445,0.1081291782634049,0.555,0.10812917826340487,0.0,0.0,0.0029999999999999988,0.033948862315624835,7.59,1.3491111926379569,6.49,1.3669622740170475,2.83,1.2953296058836867,0.68,0.8513803408867772,9.17,2.247580067898842,9.05,2.2173557826083443,0.0,0.0,10.0,0.0,20.0,0.0,2.0,0.0,1.0,0.0,3.13,1.5219272736443836
fixed_wing,577.0,577.0,100,8.85,2.1195339682166554,0.4425,0.10597669841083276,0.5575,0.10597669841083275,0.0,0.0,0.0025,0.03285643703363855,7.66,1.3500467631257305,6.51,1.298756203745598,2.78,1.3452497796680623,0.71,0.8201379534116578,9.17,2.0153702319219593,9.01,2.236045390840488,0.0,0.0,10.0,0.0,20.0,0.0,2.0,0.0,1.0,0.0,3.13,1.5219272736443836
fixed_wing,578.0,578.0,100,8.88,2.016497613750789,0.444,0.10082488068753945,0.556,0.10082488068753945,0.0,0.0,-0.0014999999999999974,0.03790938158452618,7.72,1.295524541791408,6.6,1.2949006435891817,2.66,1.3500467631257307,0.74,0.8832904506457772,9.21,2.051336100686525,9.03,2.213160818395447,0.0,0.0,10.0,0.0,20.0,0.0,2.0,0.0,1.0,0.0,3.13,1.5219272736443836
fixed_wing,579.0,579.0,100,8.9,2.0375267241229373,0.445,0.10187633620614692,0.555,0.10187633620614686,0.0,0.0,-0.0009999999999999998,0.03891197006245526,7.68,1.3324239322953992,6.58,1.3271066728835785,2.73,1.3622248586986532,0.69,0.8127146181194544,9.26,2.1724631089148465,8.98,2.164824391599616,0.0,0.0,10.0,0.0,20.0,0.0,2.0,0.0,1.0,0.0,3.13,1.5219272736443836
fixed_wing,580.0,580.0,100,9.05,2.016973430212162,0.4525,0.10084867151060813,0.5475,0.10084867151060813,0.0,0.0,-0.007500000000000002,0.03361622383686939,7.59,1.31114107139198,6.64,1.2833038170552937,2.67,1.378441514936709,0.69,0.7874649262672021,9.37,2.067814930272674,8.85,2.143229885811212,0.0,0.0,10.0,0.0,20.0,0.0,2.0,0.0,1.0,0.0,3.13,1.5219272736443836
fixed_wing,581.0,581.0,100,8.97,2.0373036250412113,0.4485,0.10186518125206058,0.5515,0.10186518125206058,0.0,0.0,0.004,0.039363624699650684,7.65,1.3437096247164253,6.62,1.2931833714996621,2.68,1.3017470777940907,0.7,0.7719841941125452,9.34,2.0656889182717486,8.96,2.083702997506646,0.0,0.0,10.0,0.0,20.0,0.0,2.0,0.0,1.0,0.0,3.13,1.5219272736443836
fixed_wing,582.0,582.0,100,9.0,2.0840907713999273,0.45,0.10420453856999634,0.55,0.10420453856999636,0.0,0.0,-0.0015,0.03291786534066051,7.61,1.3249356759686661,6.61,1.3699148392023013,2.76,1.3190140180445313,0.63,0.7996842811353426,9.4,2.1081851067789197,8.95,2.100384765136179,0.0,0.0,10.0,0.0,20.0,0.0,2.0,0.0,1.0,0.0,3.13,1.5219272736443836
fixed_wing,583.0,583.0,100,9.05,2.0615528128088303,0.4525,0.10307764064044152,0.5475,0.1030776406404415,0.0,0.0,-0.0024999999999999996,0.03649754384983607,7.62,1.3164077229070377,6.67,1.3337499349161708,2.67,1.2875079680051567,0.66,0.8192137151629673,9.43,2.1189620100417086,9.1,2.2450844172110855,0.0,0.0,10.0,0.0,20.0,0.0,2.0,0.0,1.0,0.0,3.13,1.5219272736443836
fixed_wing,584.0,584.0,100,9.13,2.0678149302726747,0.45649999999999996,0.10339074651363371,0.5435,0.10339074651363374,0.0,0.0,-0.003999999999999998,0.03309002107810593,7.56,1.2817286307281597,6.69,1.3904072508557783,2.64,1.3447991851889445,0.67,0.7792122414154677,9.45,2.1619996355786983,9.1,2.3376583293215596,0.0,0.0,10.0,0.0,20.0,0.0,2.0,0.0,1.0,0.0,3.13,1.5219272736443836
fixed_wing,585.0,585.0,100,9.02,2.117650689902479,0.451,0.10588253449512393,0.5489999999999999,0.10588253449512393,0.0,0.0,0.005499999999999998,0.03400460456045816,7.59,1.2640723032638554,6.61,1.4062989609882983,2.7,1.3142574813455419,0.69,0.7745314647572362,9.31,2.2188130415001877,9.17,2.3183719470457036,0.0,0.0,10.0,0.0,20.0,0.0,2.0,0.0,1.0,0.0,3.13,1.5219272736443836
fixed_wing,586.0,586.0,100,9.02,2.2517333390752623,0.451,0.11258666695376314,0.5489999999999999,0.11258666695376311,0.0,0.0,1.1102230246251566e-18,0.03333333333333333,7.6,1.2949006435891814,6.62,1.4479522286890742,2.71,1.3728610544215591,0.67,0.7792122414154677,9.37,2.268159045249132,9.18,2.226470686349074,0.0,0.0,10.0,0.0,20.0,0.0,2.0,0.0,1.0,0.0,3.13,1.5219272736443836
fixed_wing,587.0,587.0,100,9.16,2.214369965347783,0.45799999999999996,0.11071849826738915,0.542,0.11071849826738915,0.0,0.0,-0.006999999999999999,0.03828389433765282,7.56,1.335755375898755,6.72,1.4004328335240224,2.58,1.3346962730951717,0.7,0.7977240352174656,9.42,2.366346542583305,9.34,2.2795533852848533,0.0,0.0,10.0,0.0,20.0,0.0,2.0,0.0,1.0,0.0,3.13,1.5219272736443836
fixed_wing,588.0,588.0,100,9.22,2.134753315297044,0.461,0.10673766576485215,0.539,0.10673766576485215,0.0,0.0,-0.0030000000000000027,0.03163874366990733,7.53,1.274893538831198,6.75,1.409742436537163,2.55,1.3361712223190316,0.7,0.8102873913406629,9.45,2.337118142525365,9.33,2.108448613449129,0.0,0.0,10.0,0.0,20.0,0.0,2.0,0.0,1.0,0.0,3.13,1.5219272736443836
fixed_wing,589.0,589.0,100,9.22,2.086899977275268,0.461,0.1043449988637634,0.539,0.1043449988637634,0.0,0.0,0.0,0.03333333333333333,7.51,1.2267638301439667,6.73,1.3769751653753983,2.61,1.3625214297267574,0.66,0.7941706810925915,9.38,2.381663962930798,9.33,1.912505364090979,0.0,0.0,10.0,0.0,20.0,0.0,2.0,0.0,1.0,0.0,3.13,1.5219272736443836
fixed_wing,590.0,590.0,100,9.15,2.0169734302121625,0.4575,0.10084867151060814,0.5425,0.10084867151060814,0.0,0.0,0.003499999999999997,0.02865239249974766,7.5,1.2431631210161223,6.65,1.366075260064985,2.65,1.3361712223190318,0.7,0.8468599159080072,9.32,2.3392997311852177,9.43,1.939775057249492,0.0,0.0,10.0,0.0,20.0,0.0,2.0,0.0,1.0,0.0,3.13,1.5219272736443836
fixed_wing,591.0,591.0,100,9.11,2.078728243689182,0.4555,0.10393641218445912,0.5445,0.10393641218445909,0.0,0.0,0.002,0.03618136134933164,7.53,1.2181705110284824,6.64,1.36714699615327,2.65,1.3209653647804305,0.71,0.8562898593539008,9.27,2.407291113482229,9.41,2.0355179521029365,0.0,0.0,10.0,0.0,20.0,0.0,2.0,0.0,1.0,0.0,3.13,1.5219272736443836
fixed_wing,592.0,592.0,100,9.19,2.101923121353587,0.4595,0.10509615606767937,0.5405000000000001,0.10509615606767936,0.0,0.0,-0.004000000000000001,0.04,7.4,1.255291828921696,6.59,1.3860415257527863,2.73,1.2859379314867274,0.68,0.8150106896491752,9.36,2.329087045313349,9.32,1.9943354124554216,0.0,0.0,10.0,0.0,20.0,0.0,2.0,0.0,1.0,0.0,3.13,1.5219272736443836
fixed_wing,593.0,593.0,100,9.23,1.9891371663780928,0.46149999999999997,0.09945685831890462,0.5385,0.09945685831890463,0.0,0.0,-0.001999999999999996,0.034023165014086476,7.41,1.2234658503075135,6.64,1.2911509234286698,2.68,1.2939642322504261,0.68,0.8631630813759962,9.39,2.187637441569689,9.21,2.0215755431760836,0.0,0.0,10.0,0.0,20.0,0.0,2.0,0.0,1.0,0.0,3.13,1.5219272736443836
fixed_wing,594.0,594.0,100,9.34,2.006152153912176,0.467,0.10030760769560883,0.533,0.10030760769560883,0.0,0.0,-0.005499999999999998,0.03885676884210117,7.37,1.2444218973426409,6.71,1.3431081095501562,2.61,1.324935675968666,0.68,0.7898344027949046,9.41,2.151320947274446,9.21,2.1381338034875554,0.0,0.0,10.0,0.0,20.0,0.0,2.0,0.0,1.0,0.0,3.13,1.5219272736443836
fixed_wing,595.0,595.0,100,9.37,2.177270091308161,0.4685,0.10886350456540811,0.5315,0.10886350456540808,0.0,0.0,-0.0014999999999999992,0.038569758394709476,7.3,1.359589956010579,6.67,1.3637070688740194,2.66,1.3869521850577122,0.67,0.7920692756152946,9.45,2.1944604269971615,9.45,2.1432298858112127,0.0,0.0,10.0,0.0,20.0,0.0,2.0,0.0,1.0,0.0,3.13,1.5219272736443836
fixed_wing,596.0,596.0,100,9.3,2.20422001138404,0.465,0.11021100056920204,0.535,0.110211000569202,0.0,0.0,0.0034999999999999996,0.03641442160751837,7.32,1.3324239322953995,6.62,1.3690666288911706,2.74,1.5083605388472332,0.64,0.7852169487254187,9.46,2.1668764467208406,9.28,1.9647396825539047,0.0,0.0,10.0,0.0,20.0,0.0,2.0,0.0,1.0,0.0,3.13,1.5219272736443836
fixed_wing,597.0,597.0,100,9.24,2.079821282143388,0.462,0.1039910641071694,0.538,0.10399106410716939,0.0,0.0,0.0030000000000000022,0.03394886231562484,7.37,1.2999999999999996,6.61,1.2940813207238815,2.74,1.4186349962288582,0.65,0.8333333333333334,9.46,2.11974841274462,9.12,2.041389900845188,0.0,0.0,10.0,0.0,20.0,0.0,2.0,0.0,1.0,0.0,3.13,1.5219272736443836
fixed_wing,598.0,598.0,100,9.28,2.13711785526038,0.46399999999999997,0.10685589276301903,0.536,0.10685589276301903,0.0,0.0,-0.0020000000000000018,0.037551311696144646,7.34,1.2966156412800676,6.62,1.354230184990496,2.7,1.4668044012461758,0.68,0.8394322275481594,9.48,2.1247935134378295,9.17,2.059984309050764,0.0,0.0,10.0,0.0,20.0,0.0,2.0,0.0,1.0,0.0,3.13,1.5219272736443836
fixed_wing,599.0,599.0,100,9.24,2.084672296995042,0.462,0.10423361484975212,0.5379999999999999,0.10423361484975213,0.0,0.0,0.001999999999999998,0.04015122927285305,7.32,1.3171748156374288,6.56,1.2738234817376635,2.79,1.3431081095501558,0.65,0.7833494518006403,9.43,2.070743778930604,9.2,2.084090771399927,0.0,0.0,10.0,0.0,20.0,0.0,2.0,0.0,1.0,0.0,3.13,1.5219272736443836
fixed_wing,600.0,600.0,100,9.23,2.004313530182523,0.46149999999999997,0.10021567650912616,0.5385,0.10021567650912613,0.0,0.0,0.0005000000000000004,0.03658047721300685,7.33,1.2875079680051564,6.56,1.233538066545237,2.84,1.3082488874503777,0.6,0.7385489458759962,9.45,2.0517299918839123,9.2,2.1081851067789197,0.0,0.0,10.0,0.0,20.0,0.0,2.0,0.0,1.0,0.0,3.13,1.5219272736443836
quadcopter,0.0,0.0,100,20.0,0.0,1.0,0.0,0.0,0.0,0.0,0.0,,,0.0,0.0,10.0,0.0,0.0,0.0,0.0,0.0,20.0,0.0,0.0,0.0,0.0,0.0,10.0,0.0,20.0,0.0,2.0,0.0,1.0,0.0,3.13,1.5219272736443836
quadcopter,1.0,1.0,100,20.0,0.0,1.0,0.0,0.0,0.0,0.0,0.0,0.0,0.0,0.0,0.0,10.0,0.0,0.0,0.0,0.0,0.0,20.0,0.0,19.65,1.0576799462440747,0.0,0.0,10.0,0.0,20.0,0.0,2.0,0.0,1.0,0.0,3.13,1.5219272736443836
quadcopter,2.0,2.0,100,20.0,0.0,1.0,0.0,0.0,0.0,0.0,0.0,0.0,0.0,0.0,0.0,10.0,0.0,0.0,0.0,0.0,0.0,20.0,0.0,19.47,1.266945742781243,0.0,0.0,10.0,0.0,20.0,0.0,2.0,0.0,1.0,0.0,3.13,1.5219272736443836
quadcopter,3.0,3.0,100,20.0,0.0,1.0,0.0,0.0,0.0,0.0,0.0,0.0,0.0,0.0,0.0,10.0,0.0,0.0,0.0,0.0,0.0,20.0,0.0,19.27,1.549551906555929,0.0,0.0,10.0,0.0,20.0,0.0,2.0,0.0,1.0,0.0,3.13,1.5219272736443836
quadcopter,4.0,4.0,100,20.0,0.0,1.0,0.0,0.0,0.0,0.0,0.0,0.0,0.0,0.0,0.0,10.0,0.0,0.0,0.0,0.0,0.0,20.0,0.0,19.06,1.7397317800933187,0.0,0.0,10.0,0.0,20.0,0.0,2.0,0.0,1.0,0.0,3.13,1.5219272736443836
quadcopter,5.0,5.0,100,20.0,0.0,1.0,0.0,0.0,0.0,0.0,0.0,0.0,0.0,0.0,0.0,10.0,0.0,0.0,0.0,0.0,0.0,20.0,0.0,18.72,2.0747641949499855,0.0,0.0,10.0,0.0,20.0,0.0,2.0,0.0,1.0,0.0,3.13,1.5219272736443836
quadcopter,6.0,6.0,100,20.0,0.0,1.0,0.0,0.0,0.0,0.0,0.0,0.0,0.0,0.0,0.0,10.0,0.0,0.0,0.0,0.0,0.0,20.0,0.0,18.47,2.2131608183954476,0.0,0.0,10.0,0.0,20.0,0.0,2.0,0.0,1.0,0.0,3.13,1.5219272736443836
quadcopter,7.0,7.0,100,20.0,0.0,1.0,0.0,0.0,0.0,0.0,0.0,0.0,0.0,0.0,0.0,10.0,0.0,0.0,0.0,0.0,0.0,20.0,0.0,18.26,2.3639549124894126,0.0,0.0,10.0,0.0,20.0,0.0,2.0,0.0,1.0,0.0,3.13,1.5219272736443836
quadcopter,8.0,8.0,100,20.0,0.0,1.0,0.0,0.0,0.0,0.0,0.0,0.0,0.0,0.0,0.0,10.0,0.0,0.0,0.0,0.0,0.0,20.0,0.0,17.93,2.6977543972494566,0.0,0.0,10.0,0.0,20.0,0.0,2.0,0.0,1.0,0.0,3.13,1.5219272736443836
quadcopter,9.0,9.0,100,19.97,0.171446607997766,0.9984999999999999,0.008572330399888245,0.0015000000000000002,0.008572330399888266,0.0,0.0,0.0015000000000000013,0.008572330399888273,0.03,0.17144660799776532,10.0,0.0,0.0,0.0,0.0,0.0,19.97,0.171446607997766,17.74,2.7546837982394337,0.03,0.17144660799776532,10.0,0.0,20.0,0.0,2.0,0.0,1.0,0.0,3.13,1.5219272736443836
quadcopter,10.0,10.0,100,19.94,0.23868325657594108,0.997,0.011934162828797123,0.0030000000000000005,0.011934162828797102,0.0,0.0,0.0015000000000000013,0.00857233039988827,0.06,0.23868325657594203,10.0,0.0,0.0,0.0,0.0,0.0,19.94,0.23868325657594108,17.52,2.8971598771098845,0.06,0.23868325657594203,10.0,0.0,20.0,0.0,2.0,0.0,1.0,0.0,3.13,1.5219272736443836
quadcopter,11.0,11.0,100,19.82,0.4579268169663905,0.991,0.022896340848319523,0.009000000000000001,0.0228963408483195,0.0,0.0,0.006000000000000002,0.017809315460503173,0.17,0.4277023415055065,9.99,0.1000000000000001,0.01,0.1,0.0,0.0,19.83,0.4277023415055063,17.28,2.92699038728738,0.17,0.42770234150550657,10.0,0.0,20.0,0.0,2.0,0.0,1.0,0.0,3.13,1.5219272736443836
quadcopter,12.0,12.0,100,19.67,0.7255092255537731,0.9834999999999999,0.03627546127768867,0.0165,0.036275461277688686,0.0,0.0,0.0075,0.019299604852813627,0.25,0.5,9.92,0.30748244591432317,0.05,0.21904291355759034,0.03,0.22270150335361366,19.67,0.725509225553773,17.0,3.0550504633038935,0.33,0.7255092255537737,10.0,0.0,20.0,0.0,2.0,0.0,1.0,0.0,3.13,1.5219272736443836
quadcopter,13.0,13.0,100,19.58,0.8549322142188184,0.9790000000000001,0.04274661071094091,0.021,0.04274661071094091,0.0,0.0,0.0045000000000000005,0.016041297713191172,0.3,0.5412294272573257,9.88,0.3834979883528818,0.1,0.33333333333333337,0.02,0.1407052941362897,19.58,0.8782443460183113,16.72,3.1561387994212358,0.42,0.8782443460183114,10.0,0.0,20.0,0.0,2.0,0.0,1.0,0.0,3.13,1.5219272736443836
quadcopter,14.0,14.0,100,19.46,0.9472981248655225,0.973,0.04736490624327618,0.027000000000000003,0.04736490624327618,0.0,0.0,0.005999999999999998,0.016329931618554516,0.36,0.5599422769673258,9.82,0.45792681696639054,0.13,0.3932511470376973,0.05,0.21904291355759034,19.41,1.1109646368100223,16.46,3.179543198243256,0.59,1.1109646368100219,10.0,0.0,20.0,0.0,2.0,0.0,1.0,0.0,3.13,1.5219272736443836
quadcopter,15.0,15.0,100,19.33,1.0546194679704242,0.9665,0.05273097339852125,0.0335,0.05273097339852125,0.0,0.0,0.006499999999999999,0.022082261266144425,0.44,0.640706680552849,9.77,0.4893822120745195,0.15,0.41132945334843113,0.08,0.2726599243442907,19.21,1.3728610544215585,16.23,3.256244971302269,0.79,1.3728610544215587,10.0,0.0,20.0,0.0,2.0,0.0,1.0,0.0,3.13,1.5219272736443836
quadcopter,16.0,16.0,100,19.14,1.1635890141881684,0.9570000000000001,0.05817945070940842,0.043,0.058179450709408415,0.0,0.0,0.009499999999999996,0.020955701232395298,0.53,0.6883591968139773,9.67,0.5514901759246625,0.19,0.44255913261233915,0.14,0.37658754867650873,18.98,1.4905764595679698,16.04,3.1938071388867613,1.02,1.4905764595679691,10.0,0.0,20.0,0.0,2.0,0.0,1.0,0.0,3.13,1.5219272736443836
quadcopter,17.0,17.0,100,19.03,1.2098501451573962,0.9515,0.060492507257869796,0.04850000000000001,0.06049250725786984,0.0,0.0,0.005499999999999998,0.017254775360092997,0.58,0.7132228744837539,9.61,0.5666666666666665,0.3,0.5222329678670935,0.09,0.2876234912646614,18.88,1.5523198670689524,15.83,3.2661564227357185,1.12,1.5523198670689524,10.0,0.0,20.0,0.0,2.0,0.0,1.0,0.0,3.13,1.5219272736443836
quadcopter,18.0,18.0,100,18.91,1.3188225541341514,0.9455,0.06594112770670763,0.0545,0.06594112770670763,0.0,0.0,0.005999999999999997,0.01917489941764408,0.64,0.7852169487254186,9.55,0.6092717958449426,0.31,0.5448565745851718,0.14,0.3487350880197771,18.71,1.6654237789933113,15.69,3.2650428864725587,1.29,1.665423778993312,10.0,0.0,20.0,0.0,2.0,0.0,1.0,0.0,3.13,1.5219272736443836
quadcopter,19.0,19.0,100,18.82,1.3881169572009002,0.941,0.069405847860045,0.059000000000000004,0.06940584786004504,0.0,0.0,0.0045000000000000005,0.01604129771319118,0.69,0.7874649262672022,9.51,0.6889459083603475,0.33,0.6365151334819269,0.16,0.3684529491774707,18.62,1.6562096192904756,15.64,3.1988634345228415,1.38,1.6562096192904756,10.0,0.0,20.0,0.0,2.0,0.0,1.0,0.0,3.13,1.5219272736443836
quadcopter,20.0,20.0,100,18.64,1.4669421228934667,0.932,0.07334710614467335,0.068,0.07334710614467335,0.0,0.0,0.009000000000000003,0.021765508809521866,0.81,0.8491826135237996,9.45,0.7017294652672368,0.41,0.6528105515091006,0.14,0.34873508801977693,18.44,1.7884025940441484,15.58,3.166044595996459,1.56,1.7884025940441484,10.0,0.0,20.0,0.0,2.0,0.0,1.0,0.0,3.13,1.5219272736443836
quadcopter,21.0,21.0,100,18.54,1.4935551783268908,0.927,0.07467775891634451,0.073,0.07467775891634455,0.0,0.0,0.005000000000000001,0.015075567228888186,0.87,0.8367203894378397,9.41,0.7398471040517339,0.4,0.6195469181897235,0.19,0.44255913261233903,18.24,2.0006059688065116,15.51,3.1574666996812426,1.76,2.0006059688065116,10.0,0.0,20.0,0.0,2.0,0.0,1.0,0.0,3.13,1.5219272736443836
quadcopter,22.0,22.0,100,18.38,1.5490629295144724,0.919,0.07745314647572361,0.081,0.07745314647572363,0.0,0.0,0.008,0.01842264745887353,0.95,0.8453676505795953,9.33,0.7792122414154679,0.49,0.6434597143880914,0.18,0.43531017619043716,18.19,1.846071449857723,15.4,3.113995776646092,1.81,1.8460714498577235,10.0,0.0,20.0,0.0,2.0,0.0,1.0,0.0,3.13,1.5219272736443836
quadcopter,23.0,23.0,100,18.22,1.5927867707165624,0.9109999999999999,0.07963933853582812,0.08900000000000001,0.07963933853582812,0.0,0.0,0.007999999999999998,0.018422647458873526,1.03,0.8698658900466594,9.25,0.7961396760860395,0.69,0.7874649262672023,0.06,0.23868325657594203,18.15,1.701900304502189,15.37,3.0868080339379445,1.85,1.7019003045021897,10.0,0.0,20.0,0.0,2.0,0.0,1.0,0.0,3.13,1.5219272736443836
quadcopter,24.0,24.0,100,18.07,1.590724376001085,0.9035,0.07953621880005421,0.0965,0.07953621880005425,0.0,0.0,0.007499999999999998,0.02056647266742155,1.11,0.8633385983225444,9.18,0.8087900927567134,0.74,0.7865022940753945,0.08,0.27265992434429076,18.03,1.641968515550955,15.42,2.944537829660714,1.97,1.641968515550955,10.0,0.0,20.0,0.0,2.0,0.0,1.0,0.0,3.13,1.5219272736443836
quadcopter,25.0,25.0,100,17.93,1.615924540692455,0.8965000000000001,0.0807962270346227,0.1035,0.08079622703462273,0.0,0.0,0.006999999999999998,0.018829377433825432,1.19,0.8954994092232512,9.12,0.8075402232218604,0.77,0.8147007878585695,0.11,0.3450955072018601,17.87,1.6856794332004978,15.45,2.811861599824155,2.13,1.6856794332004978,10.0,0.0,20.0,0.0,2.0,0.0,1.0,0.0,3.13,1.5219272736443836
quadcopter,26.0,26.0,100,17.76,1.6399063782097223,0.888,0.08199531891048611,0.11200000000000002,0.08199531891048614,0.0,0.0,0.008499999999999997,0.02016973430212162,1.29,0.9352253550061956,9.05,0.808727645156516,0.84,0.7877855422677295,0.11,0.31446603773522014,17.65,1.811160685942313,15.26,2.918488608436866,2.35,1.8111606859423133,10.0,0.0,20.0,0.0,2.0,0.0,1.0,0.0,3.13,1.5219272736443836
quadcopter,27.0,27.0,100,17.48,1.8666666666666667,0.8740000000000001,0.09333333333333332,0.126,0.09333333333333332,0.0,0.0,0.014000000000000004,0.03104249287084341,1.45,1.1043989178267832,8.93,0.8558178792384759,0.95,0.8572330399888264,0.12,0.3265986323710904,17.39,1.9586379518079975,15.19,2.92566145503798,2.61,1.958637951807997,10.0,0.0,20.0,0.0,2.0,0.0,1.0,0.0,3.13,1.5219272736443836
quadcopter,28.0,28.0,100,17.37,1.8944629579355456,0.8684999999999999,0.09472314789677731,0.1315,0.09472314789677731,0.0,0.0,0.005500000000000001,0.015723301886761014,1.5,1.087114613009218,8.87,0.8950481054731703,1.0,0.8761716542303611,0.13,0.3379976689896311,17.31,1.936856768430268,15.15,2.868762447432338,2.69,1.9368567684302678,10.0,0.0,20.0,0.0,2.0,0.0,1.0,0.0,3.13,1.5219272736443836
quadcopter,29.0,29.0,100,17.23,1.9635825843739212,0.8615,0.09817912921869601,0.13849999999999998,0.09817912921869602,0.0,0.0,0.007000000000000002,0.02012586656644889,1.57,1.0941072648834334,8.8,0.9534625892455925,1.07,0.9347932305266143,0.13,0.33799766898963113,17.19,1.9420649220909585,15.08,2.8627880738111844,2.81,1.9420649220909585,10.0,0.0,20.0,0.0,2.0,0.0,1.0,0.0,3.13,1.5219272736443836
quadcopter,30.0,30.0,100,17.11,2.014568154340986,0.8554999999999999,0.1007284077170493,0.1445,0.10072840771704933,0.0,0.0,0.005999999999999998,0.01632993161855452,1.62,1.1080969216989947,8.73,0.9729160583347655,1.14,0.9849370589540278,0.13,0.33799766898963113,17.03,1.9871048937048736,15.1,2.73953472419141,2.97,1.987104893704874,10.0,0.0,20.0,0.0,2.0,0.0,1.0,0.0,3.13,1.5219272736443836
quadcopter,31.0,31.0,100,17.0,2.0150945537631877,0.85,0.10075472768815938,0.15,0.10075472768815939,0.0,0.0,0.0055000000000000005,0.01725477536009301,1.68,1.1180791609277987,8.68,0.9627401969735587,1.22,0.9906634854551477,0.1,0.30151134457776363,17.01,1.930588438060198,15.0,2.6892979069495504,2.99,1.9305884380601979,10.0,0.0,20.0,0.0,2.0,0.0,1.0,0.0,3.13,1.5219272736443836
quadcopter,32.0,32.0,100,16.87,2.0432445974108155,0.8434999999999999,0.10216222987054076,0.1565,0.10216222987054077,0.0,0.0,0.006500000000000001,0.019662557351884866,1.76,1.14697670227235,8.63,0.9708373975724528,1.27,0.9832434473555759,0.1,0.30151134457776363,16.87,1.9779338265529058,14.93,2.6371663703009833,3.13,1.9779338265529063,10.0,0.0,20.0,0.0,2.0,0.0,1.0,0.0,3.13,1.5219272736443836
quadcopter,33.0,33.0,100,16.77,2.107490249447231,0.8384999999999999,0.10537451247236153,0.16149999999999998,0.10537451247236157,0.0,0.0,0.005000000000000001,0.015075567228888186,1.84,1.1952769004238593,8.61,0.9938701010583716,1.33,0.9852959356498333,0.06,0.23868325657594203,16.82,2.0468255786693095,14.67,2.752611248772461,3.18,2.046825578669309,10.0,0.0,20.0,0.0,2.0,0.0,1.0,0.0,3.13,1.5219272736443836
quadcopter,34.0,34.0,100,16.67,2.0891978065150933,0.8334999999999999,0.10445989032575463,0.16649999999999998,0.10445989032575463,0.0,0.0,0.005,0.01666666666666667,1.92,1.2200347734736285,8.59,0.9649933270298406,1.37,0.9498006170356029,0.04,0.1969463855669324,16.75,1.9765033914885284,14.61,2.7520240485207186,3.25,1.9765033914885288,10.0,0.0,20.0,0.0,2.0,0.0,1.0,0.0,3.13,1.5219272736443836
quadcopter,35.0,35.0,100,16.58,2.1042525485023864,0.8290000000000001,0.1052126274251193,0.171,0.10521262742511933,0.0,0.0,0.004499999999999999,0.01604129771319117,1.95,1.22577536788975,8.53,0.9687542766279011,1.43,0.956160250294073,0.04,0.19694638556693236,16.67,1.969745920137669,14.5,2.6949260217353395,3.33,1.9697459201376686,10.0,0.0,20.0,0.0,2.0,0.0,1.0,0.0,3.13,1.5219272736443836
quadcopter,36.0,36.0,100,16.4,2.122510425192419,0.82,0.10612552125962096,0.18,0.10612552125962096,0.0,0.0,0.009000000000000003,0.021765508809521866,2.05,1.2421470496399738,8.45,0.9679197729505719,1.51,0.9691712590109807,0.04,0.19694638556693236,16.49,1.9923844909042927,14.43,2.6024658081958125,3.51,1.9923844909042931,10.0,0.0,20.0,0.0,2.0,0.0,1.0,0.0,3.13,1.5219272736443836
quadcopter,37.0,37.0,100,16.27,2.192065581854593,0.8134999999999999,0.10960327909272964,0.1865,0.10960327909272966,0.0,0.0,0.006499999999999999,0.01833333333333333,2.1,1.2593087730412211,8.37,1.0313764461812056,1.54,1.0192094381371666,0.09,0.2876234912646613,16.27,2.117054366783997,14.27,2.6849938396934774,3.73,2.1170543667839965,10.0,0.0,20.0,0.0,2.0,0.0,1.0,0.0,3.13,1.5219272736443836
quadcopter,38.0,38.0,100,16.13,2.2186309364838563,0.8065000000000001,0.11093154682419279,0.1935,0.11093154682419279,0.0,0.0,0.006999999999999996,0.01743675440098884,2.14,1.2634728474975776,8.27,1.033333333333333,1.59,1.0059921480907301,0.14,0.37658754867650873,16.1,2.1532216876958197,14.2,2.7228921047557897,3.9,2.1532216876958197,10.0,0.0,20.0,0.0,2.0,0.0,1.0,0.0,3.13,1.5219272736443836
quadcopter,39.0,39.0,100,16.03,2.235864689351954,0.8015000000000001,0.11179323446759773,0.1985,0.11179323446759772,0.0,0.0,0.005000000000000001,0.01666666666666667,2.2,1.2870763988845637,8.23,1.0235114838514305,1.7,1.0298573010888743,0.07,0.2564323999762428,16.07,2.1141896745084106,14.11,2.6889034977481097,3.93,2.114189674508411,10.0,0.0,20.0,0.0,2.0,0.0,1.0,0.0,3.13,1.5219272736443836
quadcopter,40.0,40.0,100,15.95,2.217355782608345,0.7975,0.11086778913041725,0.2025,0.11086778913041725,0.0,0.0,0.004000000000000001,0.01363299621721454,2.25,1.2742595393943001,8.2,1.0249414863810766,1.71,1.0376254944182253,0.09,0.2876234912646614,15.99,2.0816417374832596,14.03,2.6455795034530545,4.01,2.0816417374832596,10.0,0.0,20.0,0.0,2.0,0.0,1.0,0.0,3.13,1.5219272736443836
quadcopter,41.0,41.0,100,15.84,2.246074015888275,0.792,0.11230370079441378,0.20800000000000002,0.11230370079441376,0.0,0.0,0.0055000000000000005,0.015723301886761003,2.31,1.2688577540449522,8.15,1.0671873729054744,1.8,1.1009637651263606,0.05,0.21904291355759034,15.93,2.075616009328753,13.99,2.618870911000549,4.07,2.075616009328753,10.0,0.0,20.0,0.0,2.0,0.0,1.0,0.0,3.13,1.5219272736443836
quadcopter,42.0,42.0,100,15.69,2.2459615834522717,0.7845,0.1122980791726136,0.2155,0.1122980791726136,0.0,0.0,0.007500000000000003,0.020566472667421568,2.4,1.2472191289246475,8.09,1.101835016706405,1.8,1.0444659357341872,0.11,0.3450955072018601,15.75,2.143229885811212,13.91,2.5784460123073814,4.25,2.1432298858112127,10.0,0.0,20.0,0.0,2.0,0.0,1.0,0.0,3.13,1.5219272736443836
quadcopter,43.0,43.0,100,15.49,2.2629872096658237,0.7745000000000001,0.11314936048329119,0.2255,0.11314936048329119,0.0,0.0,0.009999999999999998,0.02132007163556104,2.49,1.2349702486908403,7.98,1.1189822215393828,1.97,1.123261844681449,0.05,0.2190429135575903,15.61,2.093255161636338,13.78,2.536919312071157,4.39,2.093255161636338,10.0,0.0,20.0,0.0,2.0,0.0,1.0,0.0,3.13,1.5219272736443836
quadcopter,44.0,44.0,100,15.36,2.2675577571074528,0.768,0.11337788785537264,0.23199999999999998,0.11337788785537264,0.0,0.0,0.006500000000000001,0.019662557351884866,2.57,1.2968882727202031,7.93,1.075484386993445,1.97,1.0488570017409475,0.1,0.3333333333333333,15.43,2.152072057672359,13.68,2.5618806223616906,4.57,2.1520720576723593,10.0,0.0,20.0,0.0,2.0,0.0,1.0,0.0,3.13,1.5219272736443836
quadcopter,45.0,45.0,100,15.25,2.3022825739915267,0.7625,0.11511412869957634,0.2375,0.11511412869957631,0.0,0.0,0.0055000000000000005,0.017254775360093004,2.61,1.2940813207238815,7.86,1.1011472437985994,2.06,1.144331660618961,0.08,0.2726599243442907,15.35,2.0615528128088303,13.61,2.5815780938304873,4.65,2.06155281280883,10.0,0.0,20.0,0.0,2.0,0.0,1.0,0.0,3.13,1.5219272736443836
quadcopter,46.0,46.0,100,15.14,2.274229806356695,0.757,0.11371149031783484,0.243,0.11371149031783476,0.0,0.0,0.0055000000000000005,0.01866098398349678,2.69,1.268857754044952,7.83,1.1106008929558553,2.07,1.1304330090185741,0.1,0.33333333333333337,15.25,2.071329051697012,13.52,2.4678948621254206,4.75,2.0713290516970115,10.0,0.0,20.0,0.0,2.0,0.0,1.0,0.0,3.13,1.5219272736443836
quadcopter,47.0,47.0,100,14.99,2.307191217288093,0.7495,0.11535956086440466,0.2505,0.11535956086440466,0.0,0.0,0.007500000000000002,0.019299604852813637,2.78,1.3148721948877347,7.77,1.0996326291957323,2.16,1.1256423530903177,0.07,0.25643239997624284,15.11,2.112468994452996,13.5,2.4515507357795006,4.89,2.1124689944529957,10.0,0.0,20.0,0.0,2.0,0.0,1.0,0.0,3.13,1.5219272736443836
quadcopter,48.0,48.0,100,14.87,2.40225062822514,0.7434999999999999,0.12011253141125701,0.2565,0.12011253141125702,0.0,0.0,0.0059999999999999975,0.022785783269221153,2.82,1.366112230478384,7.69,1.1343578257180038,2.21,1.1485168301295845,0.1,0.30151134457776363,14.97,2.1902216114061854,13.45,2.4261829354695488,5.03,2.1902216114061854,10.0,0.0,20.0,0.0,2.0,0.0,1.0,0.0,3.13,1.5219272736443836
quadcopter,49.0,49.0,100,14.8,2.4329389468689753,0.74,0.12164694734344877,0.26,0.12164694734344875,0.0,0.0,0.0034999999999999996,0.01282161999881214,2.87,1.382831234179436,7.67,1.1464041278024184,2.22,1.1422112171776568,0.11,0.3144660377352202,14.94,2.214826075667014,13.48,2.3973048840459787,5.06,2.214826075667014,10.0,0.0,20.0,0.0,2.0,0.0,1.0,0.0,3.13,1.5219272736443836
quadcopter,50.0,50.0,100,14.66,2.404625172916191,0.733,0.12023125864580961,0.267,0.12023125864580958,0.0,0.0,0.006999999999999999,0.021343747458109498,2.99,1.374331793559284,7.65,1.1492202011394819,2.29,1.1396880664852507,0.06,0.23868325657594203,14.87,2.172625837622077,13.41,2.4416214185485745,5.13,2.172625837622076,10.0,0.0,20.0,0.0,2.0,0.0,1.0,0.0,3.13,1.5219272736443836
quadcopter,51.0,51.0,100,14.57,2.483297742270885,0.7284999999999999,0.12416488711354429,0.27149999999999996,0.12416488711354427,0.0,0.0,0.0045000000000000005,0.014381174563233068,3.03,1.4103155317126372,7.6,1.1891767800211264,2.37,1.1862426889855706,0.03,0.1714466079977653,14.81,2.227899314047956,13.37,2.452189291884361,5.19,2.227899314047956,10.0,0.0,20.0,0.0,2.0,0.0,1.0,0.0,3.13,1.5219272736443836
quadcopter,52.0,52.0,100,14.47,2.4595926409867057,0.7234999999999999,0.12297963204933532,0.27649999999999997,0.12297963204933533,0.0,0.0,0.005000000000000001,0.015075567228888184,3.11,1.3699148392023013,7.58,1.1991579537241115,2.38,1.170167906453142,0.04,0.19694638556693242,14.69,2.268337174088882,13.25,2.512091968978457,5.31,2.2683371740888814,10.0,0.0,20.0,0.0,2.0,0.0,1.0,0.0,3.13,1.5219272736443836
quadcopter,53.0,53.0,100,14.3,2.3931721056523974,0.715,0.11965860528261985,0.285,0.11965860528261983,0.0,0.0,0.0085,0.021385117075275326,3.21,1.3203534880225576,7.51,1.1848794849854534,2.46,1.1583687589961071,0.03,0.17144660799776532,14.54,2.1761795826074595,13.17,2.5188381159863082,5.46,2.176179582607459,10.0,0.0,20.0,0.0,2.0,0.0,1.0,0.0,3.13,1.5219272736443836
quadcopter,54.0,54.0,100,14.16,2.3941004932369006,0.708,0.11970502466184507,0.292,0.11970502466184503,0.0,0.0,0.007000000000000003,0.018829377433825442,3.26,1.307476557914118,7.42,1.1991579537241113,2.52,1.176194857765644,0.06,0.23868325657594203,14.35,2.194460426997162,13.11,2.5061338892220166,5.65,2.194460426997162,10.0,0.0,20.0,0.0,2.0,0.0,1.0,0.0,3.13,1.5219272736443836
quadcopter,55.0,55.0,100,14.0,2.416274785363585,0.7,0.12081373926817925,0.3,0.12081373926817923,0.0,0.0,0.007999999999999997,0.018422647458873526,3.34,1.3197795959243275,7.34,1.1994948431685228,2.6,1.214391812697811,0.06,0.2777979790634143,14.2,2.1927336381970357,12.94,2.436341022056965,5.8,2.1927336381970353,10.0,0.0,20.0,0.0,2.0,0.0,1.0,0.0,3.13,1.5219272736443836
quadcopter,56.0,56.0,100,13.85,2.4010729924663923,0.6925,0.12005364962331962,0.3075,0.12005364962331963,0.0,0.0,0.007500000000000002,0.01794351406413184,3.39,1.3018634662853417,7.24,1.2070499977091655,2.7,1.2185435916898848,0.06,0.238683256575942,14.05,2.1666666666666665,12.87,2.4930408190104956,5.95,2.1666666666666665,10.0,0.0,20.0,0.0,2.0,0.0,1.0,0.0,3.13,1.5219272736443836
quadcopter,57.0,57.0,100,13.72,2.3616464039677356,0.6859999999999999,0.1180823201983868,0.314,0.11808232019838678,0.0,0.0,0.006499999999999999,0.01689988344948155,3.43,1.2890760922913636,7.15,1.1752927853573898,2.8,1.1806521053804946,0.05,0.2190429135575903,13.93,2.1379448264181375,12.81,2.3642753604007254,6.07,2.1379448264181375,10.0,0.0,20.0,0.0,2.0,0.0,1.0,0.0,3.13,1.5219272736443836
quadcopter,58.0,58.0,100,13.66,2.413011865413484,0.6829999999999999,0.1206505932706742,0.317,0.12065059327067423,0.0,0.0,0.003,0.013889898953170712,3.46,1.3213094209376495,7.12,1.2,2.82,1.1838987125663083,0.06,0.23868325657594203,13.88,2.184795947756525,12.71,2.4007364190046676,6.12,2.1847959477565246,10.0,0.0,20.0,0.0,2.0,0.0,1.0,0.0,3.13,1.5219272736443836
quadcopter,59.0,59.0,100,13.56,2.438413128626604,0.6779999999999999,0.12192065643133022,0.322,0.12192065643133022,0.0,0.0,0.005,0.01666666666666667,3.49,1.3370780746754385,7.05,1.2007993970348219,2.91,1.2398680281678074,0.04,0.19694638556693236,13.8,2.1414617871581516,12.69,2.355715165166184,6.2,2.141461787158152,10.0,0.0,20.0,0.0,2.0,0.0,1.0,0.0,3.13,1.5219272736443836
quadcopter,60.0,60.0,100,13.46,2.4758224834783626,0.6729999999999999,0.12379112417391819,0.327,0.12379112417391816,0.0,0.0,0.005000000000000001,0.018118576883486975,3.55,1.3660752600649848,7.01,1.2185021439240369,2.96,1.19696586113693,0.03,0.1714466079977653,13.72,2.238686483569589,12.64,2.3247461032216927,6.28,2.238686483569589,10.0,0.0,20.0,0.0,2.0,0.0,1.0,0.0,3.13,1.5219272736443836
quadcopter,61.0,61.0,100,13.38,2.5257462143679326,0.669,0.1262873107183966,0.331,0.1262873107183966,0.0,0.0,0.004,0.015374122295716146,3.58,1.3866608391485942,6.96,1.246571054508885,3.0,1.2390938363794466,0.04,0.19694638556693242,13.63,2.2859032209071177,12.54,2.3459399701259076,6.37,2.2859032209071177,10.0,0.0,20.0,0.0,2.0,0.0,1.0,0.0,3.13,1.5219272736443836
quadcopter,62.0,62.0,100,13.3,2.5485190787886003,0.665,0.12742595393943,0.335,0.12742595393943,0.0,0.0,0.004000000000000001,0.01363299621721454,3.64,1.4250287964483628,6.94,1.2376256185604642,3.01,1.2185021439240369,0.05,0.21904291355759026,13.55,2.319765749232696,12.44,2.302041254928751,6.45,2.3197657492326957,10.0,0.0,20.0,0.0,2.0,0.0,1.0,0.0,3.13,1.5219272736443836
quadcopter,63.0,63.0,100,13.2,2.5425669046549126,0.66,0.12712834523274563,0.34,0.12712834523274563,0.0,0.0,0.004999999999999997,0.015075567228888169,3.73,1.441484924610309,6.93,1.2247861078984403,3.05,1.22577536788975,0.02,0.1407052941362897,13.48,2.293953404544701,12.38,2.2731635944807684,6.52,2.2939534045447005,10.0,0.0,20.0,0.0,2.0,0.0,1.0,0.0,3.13,1.5219272736443836
quadcopter,64.0,64.0,100,13.09,2.534987498225901,0.6545000000000001,0.12674937491129507,0.3455,0.1267493749112951,0.0,0.0,0.0055,0.017254775360093,3.79,1.4163190304305016,6.88,1.241374279180176,3.09,1.2316942425255981,0.03,0.1714466079977653,13.37,2.263701268794854,12.21,2.2486584103559717,6.63,2.2637012687948546,10.0,0.0,20.0,0.0,2.0,0.0,1.0,0.0,3.13,1.5219272736443836
quadcopter,65.0,65.0,100,12.94,2.456983450649938,0.647,0.1228491725324969,0.353,0.12284917253249687,0.0,0.0,0.0075,0.02056647266742156,3.89,1.3325376413657384,6.83,1.2557343217690142,3.14,1.2714423528283365,0.03,0.1714466079977653,13.24,2.1978869558526144,12.14,2.1882145297668667,6.76,2.197886955852614,10.0,0.0,20.0,0.0,2.0,0.0,1.0,0.0,3.13,1.5219272736443836
quadcopter,66.0,66.0,100,12.88,2.462978405561573,0.644,0.12314892027807865,0.35600000000000004,0.12314892027807861,0.0,0.0,0.0030000000000000014,0.013889898953170726,3.92,1.3384749349596172,6.8,1.2552918289216952,3.18,1.2583458759158166,0.02,0.1407052941362897,13.18,2.2173785596437243,12.01,2.213343373471204,6.82,2.2173785596437243,10.0,0.0,20.0,0.0,2.0,0.0,1.0,0.0,3.13,1.5219272736443836
quadcopter,67.0,67.0,100,12.79,2.4793897913345,0.6395000000000001,0.123969489566725,0.3605,0.123969489566725,0.0,0.0,0.004500000000000001,0.014381174563233075,3.97,1.3215769582455863,6.76,1.3036080466896247,3.19,1.2688577540449522,0.05,0.26111648393354675,13.08,2.245894121288981,11.9,2.190429135575903,6.92,2.245894121288981,10.0,0.0,20.0,0.0,2.0,0.0,1.0,0.0,3.13,1.5219272736443836
quadcopter,68.0,68.0,100,12.67,2.482484093146877,0.6335000000000001,0.12412420465734382,0.3665,0.12412420465734385,0.0,0.0,0.005999999999999998,0.019174899417644085,4.05,1.3586609569571053,6.72,1.2798358480601324,3.26,1.284090685617215,0.02,0.1407052941362897,12.99,2.213343373471204,11.79,2.207860155138107,7.01,2.2133433734712042,10.0,0.0,20.0,0.0,2.0,0.0,1.0,0.0,3.13,1.5219272736443836
quadcopter,69.0,69.0,100,12.6,2.4659294557647184,0.63,0.12329647278823594,0.37,0.12329647278823595,0.0,0.0,0.0034999999999999996,0.01282161999881214,4.06,1.3545285064359018,6.66,1.2650707649787976,3.28,1.2397458195007949,0.06,0.23868325657594203,12.88,2.248591029102806,11.69,2.182089629578756,7.12,2.2485910291028053,10.0,0.0,20.0,0.0,2.0,0.0,1.0,0.0,3.13,1.5219272736443836
quadcopter,70.0,70.0,100,12.51,2.4266824841309336,0.6255,0.12133412420654666,0.37450000000000006,0.12133412420654668,0.0,0.0,0.0045000000000000005,0.01604129771319117,4.12,1.3202387295600382,6.63,1.2525126261989854,3.34,1.2650707649787978,0.03,0.1714466079977653,12.82,2.166689976564588,11.65,2.221906543234591,7.18,2.1666899765645877,10.0,0.0,20.0,0.0,2.0,0.0,1.0,0.0,3.13,1.5219272736443836
quadcopter,71.0,71.0,100,12.37,2.464515851813167,0.6185,0.12322579259065838,0.3815,0.12322579259065838,0.0,0.0,0.007000000000000002,0.02012586656644889,4.21,1.3654835973183472,6.58,1.2486760665568628,3.39,1.254446636424349,0.03,0.1714466079977653,12.71,2.1940921594227536,11.57,2.24398185051808,7.29,2.1940921594227545,10.0,0.0,20.0,0.0,2.0,0.0,1.0,0.0,3.13,1.5219272736443836
quadcopter,72.0,72.0,100,12.25,2.471555352118551,0.6125,0.12357776760592759,0.3875,0.12357776760592758,0.0,0.0,0.006000000000000002,0.016329931618554526,4.3,1.3743685418725535,6.55,1.2502524997500761,3.42,1.256739407909985,0.03,0.1714466079977653,12.58,2.2346219710580475,11.5,2.162583565268098,7.42,2.234621971058048,10.0,0.0,20.0,0.0,2.0,0.0,1.0,0.0,3.13,1.5219272736443836
quadcopter,73.0,73.0,100,12.1,2.4183640851792445,0.605,0.12091820425896227,0.395,0.12091820425896227,0.0,0.0,0.007499999999999998,0.01794351406413183,4.38,1.3616686139224232,6.48,1.2266403159225059,3.48,1.218377792166471,0.04,0.19694638556693236,12.44,2.189598920885612,11.51,2.1057640951071477,7.56,2.189598920885611,10.0,0.0,20.0,0.0,2.0,0.0,1.0,0.0,3.13,1.5219272736443836
quadcopter,74.0,74.0,100,12.0,2.4078994576144157,0.6,0.12039497288072078,0.4,0.12039497288072078,0.0,0.0,0.005000000000000001,0.016666666666666673,4.47,1.3592555894958673,6.47,1.2346430392398584,3.5,1.218543591689885,0.03,0.1714466079977653,12.34,2.1983464860497475,11.44,2.104924480998563,7.66,2.1983464860497475,10.0,0.0,20.0,0.0,2.0,0.0,1.0,0.0,3.13,1.5219272736443836
quadcopter,75.0,75.0,100,11.92,2.398147433147327,0.596,0.11990737165736633,0.40399999999999997,0.11990737165736635,0.0,0.0,0.003999999999999998,0.01537412229571614,4.52,1.3369647517697492,6.44,1.2416997148337365,3.51,1.2592686670276427,0.05,0.21904291355759034,12.25,2.1147629234082532,11.39,2.1456792383623875,7.75,2.114762923408253,10.0,0.0,20.0,0.0,2.0,0.0,1.0,0.0,3.13,1.5219272736443836
quadcopter,76.0,76.0,100,11.77,2.3734856948029717,0.5885,0.11867428474014856,0.4115,0.11867428474014857,0.0,0.0,0.0075,0.022890825651118375,4.62,1.3316656236958788,6.39,1.2382375875543121,3.6,1.2226812728383039,0.01,0.1,12.16,2.1211774888947743,11.3,2.13910204893492,7.84,2.1211774888947734,10.0,0.0,20.0,0.0,2.0,0.0,1.0,0.0,3.13,1.5219272736443836
quadcopter,77.0,77.0,100,11.69,2.359999143982039,0.5845,0.11799995719910197,0.4155,0.11799995719910199,0.0,0.0,0.004,0.01836773631598998,4.66,1.3425439443177425,6.35,1.233988360045293,3.6,1.2390938363794466,0.05,0.26111648393354675,12.07,2.0998075909930223,11.21,2.1569478997936513,7.93,2.099807590993022,10.0,0.0,20.0,0.0,2.0,0.0,1.0,0.0,3.13,1.5219272736443836
quadcopter,78.0,78.0,100,11.6,2.335496832484569,0.58,0.11677484162422845,0.42,0.11677484162422845,0.0,0.0,0.0045,0.014381174563233066,4.71,1.320353488022557,6.31,1.2284094997149362,3.64,1.2187093686570745,0.05,0.21904291355759034,11.99,2.0767836437699296,11.18,2.1573459189804063,8.01,2.076783643769929,10.0,0.0,20.0,0.0,2.0,0.0,1.0,0.0,3.13,1.5219272736443836
quadcopter,79.0,79.0,100,11.55,2.3327921450311835,0.5775,0.11663960725155921,0.4225,0.11663960725155921,0.0,0.0,0.002499999999999997,0.014864709750264075,4.73,1.3092908096532352,6.28,1.2315712227750686,3.67,1.2231355632392535,0.05,0.26111648393354675,11.93,2.094991622653871,11.1,2.1248885888797826,8.07,2.094991622653871,10.0,0.0,20.0,0.0,2.0,0.0,1.0,0.0,3.13,1.5219272736443836
quadcopter,80.0,80.0,100,11.43,2.3963566622114607,0.5715,0.11981783311057304,0.4285,0.11981783311057301,0.0,0.0,0.005999999999999998,0.017809315460503163,4.79,1.3874982937472449,6.22,1.2108933174572507,3.74,1.2112269428437874,0.04,0.24287836253956216,11.85,2.133783096528395,11.05,2.0955701232395305,8.15,2.1337830965283944,10.0,0.0,20.0,0.0,2.0,0.0,1.0,0.0,3.13,1.5219272736443836
quadcopter,81.0,81.0,100,11.37,2.3938262343796053,0.5685,0.11969131171898027,0.4315,0.11969131171898026,0.0,0.0,0.0029999999999999988,0.011934162828797097,4.83,1.3857499883828364,6.2,1.2143918126978108,3.79,1.200126255984357,0.01,0.1,11.81,2.1494420229680564,10.98,2.1176506899024785,8.19,2.1494420229680564,10.0,0.0,20.0,0.0,2.0,0.0,1.0,0.0,3.13,1.5219272736443836
quadcopter,82.0,82.0,100,11.28,2.3401631644745704,0.564,0.11700815822372855,0.436,0.11700815822372854,0.0,0.0,0.0045,0.01754503584573946,4.9,1.3669992204412076,6.18,1.20922380981447,3.76,1.207049997709166,0.06,0.2777979790634143,11.7,2.1057880791626284,10.93,2.0949916226538714,8.3,2.1057880791626284,10.0,0.0,20.0,0.0,2.0,0.0,1.0,0.0,3.13,1.5219272736443836
quadcopter,83.0,83.0,100,11.21,2.3063154400668844,0.5605,0.11531577200334422,0.4395,0.11531577200334425,0.0,0.0,0.003500000000000001,0.016291225871739687,4.93,1.3503086067019392,6.14,1.180823201983868,3.85,1.1666666666666667,0.01,0.1,11.67,2.089197806515093,10.86,2.089028579038689,8.33,2.089197806515093,10.0,0.0,20.0,0.0,2.0,0.0,1.0,0.0,3.13,1.5219272736443836
quadcopter,84.0,84.0,100,11.13,2.2859032209071173,0.5565,0.11429516104535592,0.4435,0.11429516104535586,0.0,0.0,0.004,0.01363299621721453,4.96,1.370099163262177,6.09,1.1467565151550285,3.88,1.1395551143256997,0.03,0.1714466079977653,11.57,2.090164557825024,10.83,2.0550750189064466,8.43,2.0901645578250236,10.0,0.0,20.0,0.0,2.0,0.0,1.0,0.0,3.13,1.5219272736443836
quadcopter,85.0,85.0,100,11.04,2.278223656778023,0.552,0.11391118283890117,0.44799999999999995,0.11391118283890118,0.0,0.0,0.004499999999999999,0.016041297713191165,5.0,1.399855692418315,6.04,1.118440472671251,3.95,1.104398917826783,0.01,0.1,11.51,2.081641737483259,10.81,2.0728889711869973,8.49,2.081641737483259,10.0,0.0,20.0,0.0,2.0,0.0,1.0,0.0,3.13,1.5219272736443836
quadcopter,86.0,86.0,100,10.94,2.3173478396867853,0.547,0.11586739198433925,0.45299999999999996,0.11586739198433925,0.0,0.0,0.005000000000000002,0.016666666666666673,5.05,1.3953385599809454,5.99,1.1414592822038345,4.0,1.1281521496355325,0.01,0.1,11.42,2.118604457770456,10.7,2.037526724122938,8.58,2.118604457770456,10.0,0.0,20.0,0.0,2.0,0.0,1.0,0.0,3.13,1.5219272736443836
quadcopter,87.0,87.0,100,10.84,2.329954263217814,0.542,0.11649771316089075,0.458,0.11649771316089076,0.0,0.0,0.005000000000000002,0.024099960182707384,5.11,1.4134634016764596,5.95,1.1492202011394816,4.03,1.1499231419200293,0.02,0.1407052941362897,11.33,2.0843573241038715,10.63,2.082417980729288,8.67,2.0843573241038715,10.0,0.0,20.0,0.0,2.0,0.0,1.0,0.0,3.13,1.5219272736443836
quadcopter,88.0,88.0,100,10.81,2.338500771559817,0.5405,0.11692503857799086,0.4595,0.11692503857799087,0.0,0.0,0.0014999999999999992,0.00857233039988826,5.14,1.428568542565627,5.95,1.1492202011394816,4.03,1.1499231419200293,0.02,0.1407052941362897,11.3,2.0865127254669105,10.56,2.075932308505012,8.7,2.0865127254669105,10.0,0.0,20.0,0.0,2.0,0.0,1.0,0.0,3.13,1.5219272736443836
quadcopter,89.0,89.0,100,10.73,2.2867868154670514,0.5365,0.11433934077335256,0.4635,0.11433934077335259,0.0,0.0,0.004000000000000001,0.015374122295716155,5.2,1.3706888336846836,5.93,1.148164983041561,4.05,1.1492202011394819,0.02,0.1407052941362897,11.24,2.0651998704848173,10.52,2.057162898731938,8.76,2.0651998704848173,10.0,0.0,20.0,0.0,2.0,0.0,1.0,0.0,3.13,1.5219272736443836
quadcopter,90.0,90.0,100,10.65,2.2713632270270883,0.5325,0.11356816135135443,0.4675,0.11356816135135443,0.0,0.0,0.0039999999999999975,0.013632996217214524,5.24,1.356763826466523,5.89,1.1449934938723894,4.09,1.1467565151550283,0.02,0.1407052941362897,11.14,2.089028579038689,10.41,2.025568881309469,8.86,2.089028579038689,10.0,0.0,20.0,0.0,2.0,0.0,1.0,0.0,3.13,1.5219272736443836
quadcopter,91.0,91.0,100,10.59,2.309816556623604,0.5295000000000001,0.11549082783118023,0.4705,0.11549082783118023,0.0,0.0,0.0030000000000000005,0.011934162828797102,5.26,1.3825755500207395,5.85,1.1579762911688178,4.13,1.1604161566290156,0.02,0.1407052941362897,11.09,2.099037778592752,10.36,2.0425771006552513,8.91,2.099037778592752,10.0,0.0,20.0,0.0,2.0,0.0,1.0,0.0,3.13,1.5219272736443836
quadcopter,92.0,92.0,100,10.51,2.3028090005315884,0.5255,0.11514045002657944,0.47450000000000003,0.11514045002657945,0.0,0.0,0.003999999999999999,0.015374122295716143,5.31,1.3610379283562386,5.82,1.1753357568857254,4.14,1.154875479754148,0.04,0.1969463855669324,11.0,2.074374677590888,10.33,2.040276273627489,9.0,2.0743746775908884,10.0,0.0,20.0,0.0,2.0,0.0,1.0,0.0,3.13,1.5219272736443836
quadcopter,93.0,93.0,100,10.43,2.284135006358584,0.5215,0.11420675031792919,0.47850000000000004,0.11420675031792916,0.0,0.0,0.004,0.016937198318160148,5.35,1.3132964154171272,5.78,1.1940932065205736,4.15,1.1838560518556096,0.07,0.3828389433765282,10.93,2.0560578146963033,10.28,1.980103048027572,9.07,2.0560578146963033,10.0,0.0,20.0,0.0,2.0,0.0,1.0,0.0,3.13,1.5219272736443836
quadcopter,94.0,94.0,100,10.32,2.273607910193165,0.516,0.11368039550965821,0.484,0.11368039550965825,0.0,0.0,0.0055,0.018660983983496776,5.43,1.3123731299913268,5.75,1.2007993970348216,4.18,1.1924001768777885,0.07,0.25643239997624273,10.83,2.0550750189064466,10.21,1.9811995142215018,9.17,2.0550750189064466,10.0,0.0,20.0,0.0,2.0,0.0,1.0,0.0,3.13,1.5219272736443836
quadcopter,95.0,95.0,100,10.26,2.2901634188084667,0.513,0.1145081709404233,0.48700000000000004,0.11450817094042334,0.0,0.0,0.0030000000000000005,0.011934162828797105,5.47,1.3592555894958673,5.73,1.179410912706043,4.25,1.1492202011394816,0.02,0.1407052941362897,10.82,2.046825578669308,10.13,1.9366481509572304,9.18,2.046825578669308,10.0,0.0,20.0,0.0,2.0,0.0,1.0,0.0,3.13,1.5219272736443836
quadcopter,96.0,96.0,100,10.16,2.281767877428518,0.508,0.11408839387142594,0.49200000000000005,0.11408839387142593,0.0,0.0,0.004999999999999998,0.018118576883486965,5.54,1.358995469774895,5.7,1.1677484162422844,4.27,1.144640563758781,0.03,0.1714466079977653,10.73,2.019375841164489,10.09,2.005522678037127,9.27,2.019375841164489,10.0,0.0,20.0,0.0,2.0,0.0,1.0,0.0,3.13,1.5219272736443836
quadcopter,97.0,97.0,100,10.12,2.253078701768679,0.506,0.1126539350884339,0.494,0.11265393508843395,0.0,0.0,0.0019999999999999996,0.009847319278346617,5.56,1.3803820288074404,5.68,1.1360039834899571,4.3,1.1055415967851332,0.02,0.1407052941362897,10.7,2.0075614636426526,10.05,2.0664467136130127,9.3,2.0075614636426526,10.0,0.0,20.0,0.0,2.0,0.0,1.0,0.0,3.13,1.5219272736443836
quadcopter,98.0,98.0,100,10.04,2.2334464014797466,0.502,0.11167232007398731,0.49800000000000005,0.11167232007398732,0.0,0.0,0.004000000000000002,0.013632996217214543,5.61,1.3845832250430845,5.65,1.1043989178267832,4.32,1.0813384896936429,0.03,0.1714466079977653,10.61,1.984256215127655,10.04,2.0691090162705597,9.39,1.984256215127655,10.0,0.0,20.0,0.0,2.0,0.0,1.0,0.0,3.13,1.5219272736443836
quadcopter,99.0,99.0,100,9.99,2.2269923550598345,0.49950000000000006,0.11134961775299175,0.5005000000000001,0.11134961775299178,0.0,0.0,0.0024999999999999996,0.01305582419667734,5.64,1.3745155253007983,5.63,1.1160446028522137,4.35,1.085952544678141,0.02,0.1407052941362897,10.58,1.9806131078098732,9.98,2.0596165181946375,9.42,1.9806131078098732,10.0,0.0,20.0,0.0,2.0,0.0,1.0,0.0,3.13,1.5219272736443836
quadcopter,100.0,100.0,100,9.88,2.2440943821416233,0.494,0.11220471910708117,0.506,0.11220471910708121,0.0,0.0,0.0055000000000000005,0.01725477536009301,5.7,1.3669992204412074,5.58,1.1475049789729352,4.37,1.1160446028522137,0.05,0.2190429135575903,10.44,2.0415878154223024,9.92,2.0234983208654893,9.56,2.0415878154223024,10.0,0.0,20.0,0.0,2.0,0.0,1.0,0.0,3.13,1.5219272736443836
quadcopter,101.0,101.0,100,9.81,2.2772258508451846,0.4905,0.11386129254225921,0.5095000000000001,0.11386129254225924,0.0,0.0,0.0034999999999999996,0.014659433478105145,5.73,1.3622248586986536,5.54,1.175679472569893,4.42,1.120786159872443,0.04,0.19694638556693236,10.4,2.079238399807084,9.89,2.014568154340987,9.6,2.079238399807084,10.0,0.0,20.0,0.0,2.0,0.0,1.0,0.0,3.13,1.5219272736443836
quadcopter,102.0,102.0,100,9.78,2.2811480363265253,0.489,0.11405740181632625,0.511,0.11405740181632629,0.0,0.0,0.0014999999999999992,0.008572330399888257,5.75,1.3586609569571049,5.53,1.175980141383898,4.44,1.1487366798339642,0.03,0.1714466079977653,10.39,2.044430720199873,9.8,1.9796949055831605,9.61,2.044430720199873,10.0,0.0,20.0,0.0,2.0,0.0,1.0,0.0,3.13,1.5219272736443836
quadcopter,103.0,103.0,100,9.72,2.278932941868925,0.486,0.11394664709344628,0.514,0.11394664709344623,0.0,0.0,0.0030000000000000005,0.013889898953170714,5.78,1.3749563813099859,5.5,1.1677484162422846,4.48,1.1413265363717178,0.02,0.1407052941362897,10.34,2.026192129452325,9.78,1.931033114394699,9.66,2.026192129452325,10.0,0.0,20.0,0.0,2.0,0.0,1.0,0.0,3.13,1.5219272736443836
quadcopter,104.0,104.0,100,9.65,2.3066657908563757,0.4825,0.11533328954281881,0.5175,0.11533328954281881,0.0,0.0,0.0035000000000000005,0.014659433478105145,5.82,1.3953747550642828,5.47,1.1759801413838984,4.5,1.159066151448805,0.03,0.1714466079977653,10.27,2.0093468459862147,9.73,1.9061569566628933,9.73,2.0093468459862147,10.0,0.0,20.0,0.0,2.0,0.0,1.0,0.0,3.13,1.5219272736443836
quadcopter,105.0,105.0,100,9.58,2.2882219289132766,0.479,0.11441109644566382,0.521,0.11441109644566382,0.0,0.0,0.0034999999999999996,0.01465943347810514,5.87,1.3973640408376986,5.45,1.157976291168818,4.52,1.1234866364235148,0.03,0.1714466079977653,10.21,2.0065297446491086,9.69,1.936856768430268,9.79,2.0065297446491086,10.0,0.0,20.0,0.0,2.0,0.0,1.0,0.0,3.13,1.5219272736443836
quadcopter,106.0,106.0,100,9.49,2.254042384407859,0.47450000000000003,0.11270211922039296,0.5255,0.112702119220393,0.0,0.0,0.0045000000000000005,0.016041297713191172,5.91,1.3933101346481085,5.4,1.1191627462193567,4.57,1.1033008326257743,0.03,0.1714466079977653,10.13,1.9366481509572306,9.67,1.9594629237357233,9.87,1.9366481509572306,10.0,0.0,20.0,0.0,2.0,0.0,1.0,0.0,3.13,1.5219272736443836
quadcopter,107.0,107.0,100,9.45,2.244521950856972,0.4725,0.11222609754284857,0.5275,0.1122260975428486,0.0,0.0,0.0020000000000000013,0.009847319278346625,5.92,1.3975447445900664,5.37,1.1069568805303733,4.6,1.0824588545146516,0.03,0.1714466079977653,10.09,1.9232495649002215,9.6,1.97969490558316,9.91,1.9232495649002215,10.0,0.0,20.0,0.0,2.0,0.0,1.0,0.0,3.13,1.5219272736443836
quadcopter,108.0,108.0,100,9.39,2.2423607689624383,0.46950000000000003,0.11211803844812195,0.5305,0.11211803844812189,0.0,0.0,0.003,0.013889898953170715,5.95,1.373449539067102,5.34,1.1121005695384194,4.62,1.1171753703339546,0.04,0.1969463855669324,10.01,1.9410244093199238,9.56,1.996562702812668,9.99,1.9410244093199238,10.0,0.0,20.0,0.0,2.0,0.0,1.0,0.0,3.13,1.5219272736443836
quadcopter,109.0,109.0,100,9.35,2.2173557826083448,0.4675,0.11086778913041724,0.5325,0.11086778913041725,0.0,0.0,0.001999999999999999,0.009847319278346613,5.99,1.3669622740170475,5.34,1.1121005695384194,4.61,1.1091447246423796,0.05,0.2190429135575903,9.97,1.935604726323445,9.53,1.9717960842794564,10.03,1.935604726323445,10.0,0.0,20.0,0.0,2.0,0.0,1.0,0.0,3.13,1.5219272736443836
quadcopter,110.0,110.0,100,9.32,2.201376979542715,0.466,0.1100688489771357,0.534,0.11006884897713572,0.0,0.0,0.0014999999999999996,0.008572330399888261,6.02,1.3482498944104457,5.34,1.1121005695384194,4.63,1.0977939310961395,0.03,0.1714466079977653,9.97,1.8987236542350012,9.44,1.9556703363927315,10.03,1.8987236542350012,10.0,0.0,20.0,0.0,2.0,0.0,1.0,0.0,3.13,1.5219272736443836
quadcopter,111.0,111.0,100,9.29,2.194092159422755,0.4645,0.1097046079711377,0.5355,0.10970460797113775,0.0,0.0,0.0015000000000000007,0.008572330399888268,6.03,1.3443108707332978,5.32,1.1090081108355294,4.66,1.0845098506521813,0.02,0.1407052941362897,9.95,1.8876258403431845,9.43,1.9860879775441613,10.05,1.8876258403431845,10.0,0.0,20.0,0.0,2.0,0.0,1.0,0.0,3.13,1.5219272736443836
quadcopter,112.0,112.0,100,9.2,2.1835010345032506,0.46,0.10917505172516256,0.54,0.10917505172516255,0.0,0.0,0.0045000000000000005,0.018929694486000907,6.1,1.3669992204412076,5.3,1.096366819098518,4.68,1.0719565798533581,0.02,0.1407052941362897,9.86,1.8964080880347554,9.4,1.9540168418367894,10.14,1.8964080880347554,10.0,0.0,20.0,0.0,2.0,0.0,1.0,0.0,3.13,1.5219272736443836
quadcopter,113.0,113.0,100,9.18,2.171346926390961,0.45899999999999996,0.10856734631954808,0.541,0.10856734631954809,0.0,0.0,0.0010000000000000002,0.007035264706814485,6.11,1.3550876821308007,5.29,1.1036669824185232,4.69,1.0796089827134432,0.02,0.1407052941362897,9.84,1.8894710926873193,9.37,1.9418568641401155,10.16,1.8894710926873193,10.0,0.0,20.0,0.0,2.0,0.0,1.0,0.0,3.13,1.5219272736443836
quadcopter,114.0,114.0,100,9.11,2.20602938705849,0.45549999999999996,0.11030146935292444,0.5445,0.11030146935292447,0.0,0.0,0.003500000000000001,0.012821619998812143,6.14,1.3634477984103022,5.25,1.1043989178267828,4.72,1.083205120618128,0.03,0.1714466079977653,9.76,1.9494625003841544,9.33,1.9335161878000526,10.24,1.9494625003841544,10.0,0.0,20.0,0.0,2.0,0.0,1.0,0.0,3.13,1.5219272736443836
quadcopter,115.0,115.0,100,9.07,2.2076771466494796,0.4535,0.11038385733247391,0.5465,0.11038385733247391,0.0,0.0,0.0020000000000000005,0.009847319278346622,6.17,1.3784415149367097,5.24,1.0928602080519878,4.74,1.0695038026292303,0.02,0.1407052941362897,9.73,1.9532671412923843,9.31,1.9420649220909592,10.27,1.9532671412923843,10.0,0.0,20.0,0.0,2.0,0.0,1.0,0.0,3.13,1.5219272736443836
quadcopter,116.0,116.0,100,9.05,2.2082261266144436,0.4525,0.11041130633072217,0.5475,0.11041130633072214,0.0,0.0,0.0010000000000000009,0.007035264706814491,6.18,1.3881169572009011,5.23,1.0904081341359755,4.75,1.0671873729054748,0.02,0.1407052941362897,9.71,1.9606997307959817,9.3,1.9253754717121305,10.29,1.9606997307959817,10.0,0.0,20.0,0.0,2.0,0.0,1.0,0.0,3.13,1.5219272736443836
quadcopter,117.0,117.0,100,8.98,2.2246552337589103,0.449,0.1112327616879455,0.551,0.1112327616879455,0.0,0.0,0.003500000000000001,0.012821619998812142,6.23,1.4060116240162048,5.21,1.103666982418523,4.77,1.0811049342167847,0.02,0.1407052941362897,9.64,1.9925112321141405,9.23,1.9219886586659154,10.36,1.9925112321141405,10.0,0.0,20.0,0.0,2.0,0.0,1.0,0.0,3.13,1.5219272736443836
quadcopter,118.0,118.0,100,8.92,2.2503871720756012,0.446,0.11251935860378007,0.5539999999999999,0.11251935860378008,0.0,0.0,0.003,0.013889898953170714,6.26,1.4043223319883549,5.18,1.1315493981280893,4.8,1.110100550546315,0.02,0.1407052941362897,9.59,1.9903555339474275,9.16,1.9212790352557148,10.41,1.9903555339474275,10.0,0.0,20.0,0.0,2.0,0.0,1.0,0.0,3.13,1.5219272736443836
quadcopter,119.0,119.0,100,8.87,2.214073443253681,0.4435,0.11070367216268409,0.5565,0.11070367216268408,0.0,0.0,0.0024999999999999988,0.01095214567787951,6.29,1.3874982937472444,5.16,1.1256423530903175,4.82,1.104444647684066,0.02,0.1407052941362897,9.54,1.966486894711151,9.11,1.9431048776781359,10.46,1.966486894711151,10.0,0.0,20.0,0.0,2.0,0.0,1.0,0.0,3.13,1.5219272736443836
quadcopter,120.0,120.0,100,8.8,2.1788700620906125,0.44,0.10894350310453056,0.56,0.10894350310453059,0.0,0.0,0.0034999999999999988,0.01465943347810514,6.35,1.3734495390671029,5.15,1.1225422086055425,4.83,1.1014682579322579,0.02,0.1407052941362897,9.48,1.9461435577764419,9.03,1.8987236542350014,10.52,1.9461435577764419,10.0,0.0,20.0,0.0,2.0,0.0,1.0,0.0,3.13,1.5219272736443836
quadcopter,121.0,121.0,100,8.74,2.209346537148965,0.43700000000000006,0.11046732685744823,0.5630000000000001,0.11046732685744821,0.0,0.0,0.003,0.013889898953170714,6.37,1.3828312341794362,5.11,1.1361373512071862,4.87,1.106956880530373,0.02,0.1407052941362897,9.42,1.9857064997200122,8.98,1.8961950204437188,10.58,1.9857064997200122,10.0,0.0,20.0,0.0,2.0,0.0,1.0,0.0,3.13,1.5219272736443836
quadcopter,122.0,122.0,100,8.68,2.205960703698647,0.434,0.11029803518493234,0.5660000000000001,0.11029803518493232,0.0,0.0,0.003000000000000001,0.011934162828797104,6.41,1.3860415257527863,5.09,1.1379140937911283,4.87,1.1160446028522137,0.04,0.19694638556693236,9.34,1.9960567186937412,8.94,1.879286346387152,10.66,1.9960567186937412,10.0,0.0,20.0,0.0,2.0,0.0,1.0,0.0,3.13,1.5219272736443836
quadcopter,123.0,123.0,100,8.62,2.163890995966351,0.431,0.10819454979831748,0.569,0.10819454979831751,0.0,0.0,0.0029999999999999988,0.013889898953170712,6.45,1.3437096247164249,5.07,1.1304330090185746,4.91,1.1018350167064053,0.02,0.1407052941362897,9.3,1.9668977778946388,8.88,1.8437993273661744,10.7,1.9668977778946388,10.0,0.0,20.0,0.0,2.0,0.0,1.0,0.0,3.13,1.5219272736443836
quadcopter,124.0,124.0,100,8.58,2.113831315001939,0.429,0.10569156575009697,0.5710000000000001,0.10569156575009697,0.0,0.0,0.0020000000000000005,0.009847319278346622,6.46,1.3213094209376486,5.04,1.109372376935297,4.94,1.0807778717575636,0.02,0.1407052941362897,9.26,1.9102065042525864,8.83,1.8480401849669086,10.74,1.9102065042525864,10.0,0.0,20.0,0.0,2.0,0.0,1.0,0.0,3.13,1.5219272736443836
quadcopter,125.0,125.0,100,8.56,2.124032756695421,0.428,0.10620163783477107,0.5720000000000001,0.10620163783477109,0.0,0.0,0.0009999999999999998,0.007035264706814484,6.46,1.3213094209376486,5.02,1.118982221539383,4.96,1.0910100963341405,0.02,0.1407052941362897,9.24,1.912848634625829,8.79,1.8328925089854424,10.76,1.912848634625829,10.0,0.0,20.0,0.0,2.0,0.0,1.0,0.0,3.13,1.5219272736443836
quadcopter,126.0,126.0,100,8.53,2.1199151879356872,0.4265,0.1059957593967844,0.5735,0.1059957593967844,0.0,0.0,0.0014999999999999996,0.008572330399888261,6.47,1.3215769582455863,5.0,1.119162746219357,4.97,1.0959521481849066,0.03,0.1714466079977653,9.2,1.8963015572317594,8.75,1.8876258403431845,10.8,1.8963015572317594,10.0,0.0,20.0,0.0,2.0,0.0,1.0,0.0,3.13,1.5219272736443836
quadcopter,127.0,127.0,100,8.45,2.0859075005881973,0.4225,0.10429537502940985,0.5775,0.10429537502940989,0.0,0.0,0.003999999999999999,0.013632996217214532,6.53,1.3062012158016145,4.98,1.100780255871794,5.0,1.0730867399773198,0.02,0.1407052941362897,9.13,1.8891235742502075,8.69,1.878614361488786,10.87,1.8891235742502075,10.0,0.0,20.0,0.0,2.0,0.0,1.0,0.0,3.13,1.5219272736443836
quadcopter,128.0,128.0,100,8.36,2.0817630445700046,0.41800000000000004,0.10408815222850024,0.5820000000000001,0.1040881522285002,0.0,0.0,0.0045000000000000005,0.02143229885811212,6.59,1.3111410713919798,4.95,1.0952145677879512,5.02,1.0634420957010733,0.03,0.1714466079977653,9.06,1.8846535999804293,8.6,1.8640674544520845,10.94,1.8846535999804293,10.0,0.0,20.0,0.0,2.0,0.0,1.0,0.0,3.13,1.5219272736443836
quadcopter,129.0,129.0,100,8.32,2.0835090834959424,0.41600000000000004,0.10417545417479714,0.584,0.1041754541747971,0.0,0.0,0.0020000000000000005,0.009847319278346622,6.62,1.3164077229070383,4.94,1.0993110790330678,5.03,1.086696411565388,0.03,0.1714466079977653,9.02,1.9015145478690338,8.56,1.8603790207939084,10.98,1.9015145478690338,10.0,0.0,20.0,0.0,2.0,0.0,1.0,0.0,3.13,1.5219272736443836
quadcopter,130.0,130.0,100,8.24,2.0700851492758763,0.41200000000000003,0.10350425746379377,0.588,0.10350425746379376,0.0,0.0,0.003999999999999998,0.015374122295716141,6.66,1.28880180827391,4.9,1.105541596785133,5.08,1.079468630971982,0.02,0.1407052941362897,8.95,1.8982980149426882,8.55,1.860677621760742,11.05,1.8982980149426882,10.0,0.0,20.0,0.0,2.0,0.0,1.0,0.0,3.13,1.5219272736443836
quadcopter,131.0,131.0,100,8.2,2.088931871468374,0.41,0.1044465935734187,0.59,0.10444659357341873,0.0,0.0,0.0020000000000000005,0.00984731927834662,6.69,1.29251926894962,4.89,1.1272116307978994,5.09,1.1018350167064053,0.02,0.1407052941362897,8.91,1.9179903202797632,8.51,1.8613289485057323,11.09,1.9179903202797632,10.0,0.0,20.0,0.0,2.0,0.0,1.0,0.0,3.13,1.5219272736443836
quadcopter,132.0,132.0,100,8.16,2.082733246908442,0.408,0.10413666234542206,0.5920000000000001,0.10413666234542203,0.0,0.0,0.002,0.009847319278346619,6.71,1.2893894882948493,4.87,1.1160446028522135,5.1,1.068369852351769,0.03,0.1714466079977653,8.86,1.9489442881682997,8.45,1.8443196988361727,11.14,1.9489442881682997,10.0,0.0,20.0,0.0,2.0,0.0,1.0,0.0,3.13,1.5219272736443836
quadcopter,133.0,133.0,100,8.13,2.08726296059377,0.4065,0.10436314802968844,0.5935,0.10436314802968846,0.0,0.0,0.0015000000000000002,0.008572330399888264,6.73,1.309290809653235,4.86,1.1193432417847944,5.12,1.0943380453844036,0.02,0.1407052941362897,8.84,1.926529302013118,8.39,1.8689109884711692,11.16,1.926529302013118,10.0,0.0,20.0,0.0,2.0,0.0,1.0,0.0,3.13,1.5219272736443836
quadcopter,134.0,134.0,100,8.07,2.0707437789306042,0.4035,0.10353718894653022,0.5965,0.1035371889465302,0.0,0.0,0.0030000000000000014,0.011934162828797107,6.77,1.3246306899081208,4.84,1.1075498483890764,5.14,1.0826454692655447,0.02,0.1407052941362897,8.78,1.9152761754595151,8.36,1.8230842996516547,11.22,1.9152761754595151,10.0,0.0,20.0,0.0,2.0,0.0,1.0,0.0,3.13,1.5219272736443836
quadcopter,135.0,135.0,100,8.02,2.0547063492913478,0.401,0.10273531746456742,0.599,0.10273531746456742,0.0,0.0,0.0024999999999999996,0.010952145677879515,6.79,1.3049633301090466,4.81,1.098161917004772,5.17,1.0736043324364255,0.02,0.1407052941362897,8.73,1.9008504210569337,8.36,1.7838784213679537,11.27,1.9008504210569337,10.0,0.0,20.0,0.0,2.0,0.0,1.0,0.0,3.13,1.5219272736443836
quadcopter,136.0,136.0,100,8.0,2.0646128602297966,0.4,0.10323064301148986,0.6,0.10323064301148986,0.0,0.0,0.0009999999999999998,0.007035264706814482,6.81,1.3157553424600337,4.81,1.098161917004772,5.17,1.0736043324364255,0.02,0.1407052941362897,8.71,1.908487158018946,8.33,1.786905230567727,11.29,1.908487158018946,10.0,0.0,20.0,0.0,2.0,0.0,1.0,0.0,3.13,1.5219272736443836
quadcopter,137.0,137.0,100,7.95,2.051729991883912,0.3975,0.10258649959419563,0.6025,0.10258649959419558,0.0,0.0,0.002500000000000001,0.013055824196677345,6.85,1.3132964154171267,4.8,1.1009637651263606,5.18,1.0766577539738054,0.02,0.1407052941362897,8.67,1.8965945025415176,8.31,1.7620866876943078,11.33,1.8965945025415176,10.0,0.0,20.0,0.0,2.0,0.0,1.0,0.0,3.13,1.5219272736443836
quadcopter,138.0,138.0,100,7.9,2.0125866566448884,0.395,0.10062933283224443,0.605,0.1006293328322444,0.0,0.0,0.0025,0.010952145677879516,6.9,1.2831463854387957,4.8,1.1009637651263606,5.18,1.0766577539738054,0.02,0.1407052941362897,8.62,1.8574447529068019,8.26,1.7844445702353504,11.38,1.8574447529068019,10.0,0.0,20.0,0.0,2.0,0.0,1.0,0.0,3.13,1.5219272736443836
quadcopter,139.0,139.0,100,7.85,1.9917760208346011,0.3925,0.09958880104173005,0.6075,0.09958880104173007,0.0,0.0,0.0025,0.013055824196677342,6.95,1.2821619998812137,4.8,1.1009637651263606,5.18,1.0766577539738054,0.02,0.1407052941362897,8.58,1.8541790091519745,8.23,1.7857743135653785,11.42,1.8541790091519745,10.0,0.0,20.0,0.0,2.0,0.0,1.0,0.0,3.13,1.5219272736443836
quadcopter,140.0,140.0,100,7.82,1.9968662317428147,0.391,0.09984331158714073,0.609,0.09984331158714072,0.0,0.0,0.0015000000000000013,0.008572330399888271,6.96,1.2864484035317914,4.78,1.1062722919057426,5.19,1.0796089827134432,0.03,0.1714466079977653,8.54,1.8771351479412348,8.17,1.814949146406148,11.46,1.8771351479412348,10.0,0.0,20.0,0.0,2.0,0.0,1.0,0.0,3.13,1.5219272736443836
quadcopter,141.0,141.0,100,7.79,2.0014893444531743,0.3895,0.10007446722265871,0.6104999999999999,0.1000744672226587,0.0,0.0,0.0015000000000000002,0.008572330399888266,6.99,1.3065105039645477,4.78,1.1062722919057426,5.2,1.0824588545146516,0.02,0.1407052941362897,8.52,1.8612475451273063,8.15,1.8055749804704897,11.48,1.8612475451273063,10.0,0.0,20.0,0.0,2.0,0.0,1.0,0.0,3.13,1.5219272736443836
quadcopter,142.0,142.0,100,7.7,2.0325631924526064,0.385,0.10162815962263033,0.615,0.10162815962263032,0.0,0.0,0.0045000000000000005,0.014381174563233068,7.04,1.3174815276722387,4.74,1.142564897699271,5.24,1.1202452833864085,0.02,0.1407052941362897,8.43,1.8976593769987042,8.06,1.819201734139166,11.57,1.8976593769987042,10.0,0.0,20.0,0.0,2.0,0.0,1.0,0.0,3.13,1.5219272736443836
quadcopter,143.0,143.0,100,7.66,2.0212007632228235,0.38299999999999995,0.10106003816114119,0.617,0.10106003816114123,0.0,0.0,0.002,0.00984731927834662,7.05,1.305582419667734,4.71,1.1307903734498577,5.27,1.108780383752319,0.02,0.1407052941362897,8.39,1.88505552794456,8.06,1.8080627503189455,11.61,1.88505552794456,10.0,0.0,20.0,0.0,2.0,0.0,1.0,0.0,3.13,1.5219272736443836
quadcopter,144.0,144.0,100,7.6,2.0150945537631872,0.38,0.10075472768815939,0.62,0.10075472768815942,0.0,0.0,0.0029999999999999983,0.011934162828797092,7.06,1.2856629779725688,4.66,1.1301202224417177,5.29,1.0944764903271282,0.05,0.26111648393354675,8.32,1.8634170849069813,8.0,1.7638342073763933,11.68,1.8634170849069813,10.0,0.0,20.0,0.0,2.0,0.0,1.0,0.0,3.13,1.5219272736443836
quadcopter,145.0,145.0,100,7.57,2.021375669181658,0.3785,0.10106878345908292,0.6214999999999999,0.10106878345908292,0.0,0.0,0.0015000000000000007,0.011135075167680688,7.09,1.2956414892580694,4.66,1.1301202224417177,5.32,1.1090081108355294,0.02,0.1407052941362897,8.32,1.884975149207891,7.97,1.760710370873361,11.68,1.884975149207891,10.0,0.0,20.0,0.0,2.0,0.0,1.0,0.0,3.13,1.5219272736443836
quadcopter,146.0,146.0,100,7.49,2.0275626010089307,0.37450000000000006,0.10137813005044655,0.6255,0.10137813005044657,0.0,0.0,0.004,0.013632996217214536,7.11,1.3018634662853412,4.6,1.119162746219357,5.38,1.0989434779263072,0.02,0.1407052941362897,8.24,1.886260797975667,7.96,1.763376009107232,11.76,1.8862607979756667,10.0,0.0,20.0,0.0,2.0,0.0,1.0,0.0,3.13,1.5219272736443836
quadcopter,147.0,147.0,100,7.47,2.012360792600561,0.3735,0.10061803963002809,0.6265,0.10061803963002805,0.0,0.0,0.0009999999999999998,0.007035264706814481,7.13,1.2843659757234152,4.6,1.119162746219357,5.38,1.0989434779263072,0.02,0.1407052941362897,8.22,1.8672077137974359,7.96,1.7690949577953607,11.78,1.867207713797436,10.0,0.0,20.0,0.0,2.0,0.0,1.0,0.0,3.13,1.5219272736443836
quadcopter,148.0,148.0,100,7.39,1.9842562151276553,0.36950000000000005,0.09921281075638275,0.6305,0.09921281075638272,0.0,0.0,0.004000000000000002,0.015374122295716155,7.16,1.2927146286443543,4.55,1.0859525446781404,5.43,1.066050958662224,0.02,0.1407052941362897,8.14,1.803587894428573,7.9,1.7837651700316894,11.86,1.8035878944285735,10.0,0.0,20.0,0.0,2.0,0.0,1.0,0.0,3.13,1.5219272736443836
quadcopter,149.0,149.0,100,7.37,1.998256816085035,0.3685,0.09991284080425177,0.6315,0.09991284080425175,0.0,0.0,0.0010000000000000002,0.0070352647068144866,7.17,1.2875079680051567,4.54,1.0956295178590434,5.44,1.076094697496367,0.02,0.1407052941362897,8.12,1.8272903160116343,7.86,1.7524585904126557,11.88,1.8272903160116343,10.0,0.0,20.0,0.0,2.0,0.0,1.0,0.0,3.13,1.5219272736443836
quadcopter,150.0,150.0,100,7.33,1.9952215643654942,0.3665,0.09976107821827473,0.6335000000000001,0.0997610782182747,0.0,0.0,0.0020000000000000005,0.012143918126978112,7.19,1.2846805207537166,4.52,1.1053588475324119,5.46,1.0863710324755624,0.02,0.1407052941362897,8.09,1.8262673750720415,7.82,1.7371752294393845,11.91,1.8262673750720415,10.0,0.0,20.0,0.0,2.0,0.0,1.0,0.0,3.13,1.5219272736443836
quadcopter,151.0,151.0,100,7.29,1.981199514221502,0.36450000000000005,0.0990599757110751,0.6355,0.09905997571107507,0.0,0.0,0.002,0.00984731927834662,7.21,1.2893894882948498,4.5,1.0963668190985179,5.48,1.0775955276503895,0.02,0.1407052941362897,8.05,1.816729217716567,7.79,1.7482747628632769,11.95,1.816729217716567,10.0,0.0,20.0,0.0,2.0,0.0,1.0,0.0,3.13,1.5219272736443836
quadcopter,152.0,152.0,100,7.24,1.9803070877053799,0.36200000000000004,0.09901535438526897,0.638,0.09901535438526897,0.0,0.0,0.0025,0.013055824196677342,7.24,1.295836378248396,4.48,1.0961825402806602,5.49,1.0870681541270408,0.03,0.1714466079977653,7.99,1.8229457789883143,7.77,1.7457307231001458,12.01,1.822945778988314,10.0,0.0,20.0,0.0,2.0,0.0,1.0,0.0,3.13,1.5219272736443836
quadcopter,153.0,153.0,100,7.22,1.9621674266231748,0.361,0.09810837133115873,0.639,0.09810837133115873,0.0,0.0,0.0009999999999999998,0.007035264706814482,7.25,1.290016051892927,4.47,1.0866964115653879,5.51,1.0683225783035437,0.02,0.1407052941362897,7.98,1.8200899078691886,7.7,1.7609685122142593,12.02,1.8200899078691883,10.0,0.0,20.0,0.0,2.0,0.0,1.0,0.0,3.13,1.5219272736443836
quadcopter,154.0,154.0,100,7.18,1.9611375795850239,0.359,0.09805687897925122,0.6409999999999999,0.0980568789792512,0.0,0.0,0.002,0.009847319278346617,7.27,1.3015530738469345,4.45,1.0859525446781404,5.53,1.0679443105822746,0.02,0.1407052941362897,7.94,1.8136407938985406,7.66,1.7934786468106212,12.06,1.8136407938985406,10.0,0.0,20.0,0.0,2.0,0.0,1.0,0.0,3.13,1.5219272736443836
quadcopter,155.0,155.0,100,7.15,1.9559543899993106,0.3575,0.09779771949996555,0.6425,0.0977977194999655,0.0,0.0,0.0015000000000000002,0.008572330399888264,7.29,1.2971997813472191,4.44,1.085440840479949,5.54,1.0676132163840883,0.02,0.1407052941362897,7.91,1.8095984263494662,7.65,1.7999719414199185,12.09,1.8095984263494664,10.0,0.0,20.0,0.0,2.0,0.0,1.0,0.0,3.13,1.5219272736443836
quadcopter,156.0,156.0,100,7.13,1.9573998419878706,0.3565,0.09786999209939352,0.6435,0.09786999209939354,0.0,0.0,0.0009999999999999998,0.007035264706814482,7.3,1.2909944487358056,4.43,1.084835787973777,5.55,1.0671873729054744,0.02,0.1407052941362897,7.89,1.7972762782060023,7.61,1.819618119554238,12.11,1.7972762782060023,10.0,0.0,20.0,0.0,2.0,0.0,1.0,0.0,3.13,1.5219272736443836
quadcopter,157.0,157.0,100,7.08,1.9678219513775206,0.354,0.09839109756887603,0.6459999999999999,0.09839109756887601,0.0,0.0,0.0025,0.010952145677879515,7.3,1.2909944487358056,4.38,1.0897131491703436,5.6,1.0730867399773196,0.02,0.1407052941362897,7.84,1.8075039991852597,7.58,1.848723283181606,12.16,1.8075039991852597,10.0,0.0,20.0,0.0,2.0,0.0,1.0,0.0,3.13,1.5219272736443836
quadcopter,158.0,158.0,100,7.03,1.987104893704874,0.3515,0.09935524468524369,0.6485,0.0993552446852437,0.0,0.0,0.0025000000000000005,0.010952145677879518,7.32,1.301747077794091,4.35,1.0952145677879515,5.63,1.079234670842016,0.02,0.1407052941362897,7.79,1.8328925089854424,7.53,1.8447577925384437,12.21,1.8328925089854424,10.0,0.0,20.0,0.0,2.0,0.0,1.0,0.0,3.13,1.5219272736443836
quadcopter,159.0,159.0,100,6.99,1.9923844909042931,0.34950000000000003,0.09961922454521466,0.6505,0.09961922454521469,0.0,0.0,0.0020000000000000005,0.01214391812697811,7.35,1.2978225742925857,4.34,1.102980351849323,5.64,1.0873004286866725,0.02,0.1407052941362897,7.76,1.8319278359039128,7.53,1.8447577925384437,12.24,1.8319278359039128,10.0,0.0,20.0,0.0,2.0,0.0,1.0,0.0,3.13,1.5219272736443836
quadcopter,160.0,160.0,100,6.94,1.9838743850752187,0.34700000000000003,0.09919371925376094,0.653,0.09919371925376091,0.0,0.0,0.0025,0.010952145677879515,7.37,1.284365975723415,4.31,1.098161917004772,5.66,1.0845098506521813,0.03,0.1714466079977653,7.7,1.8285060413994658,7.52,1.8720701014242136,12.3,1.8285060413994658,10.0,0.0,20.0,0.0,2.0,0.0,1.0,0.0,3.13,1.5219272736443836
quadcopter,161.0,161.0,100,6.9,1.9822444171425802,0.345,0.09911222085712902,0.655,0.09911222085712902,0.0,0.0,0.0020000000000000005,0.012143918126978112,7.39,1.262473122026122,4.29,1.1127815725841383,5.69,1.098161917004772,0.02,0.1407052941362897,7.68,1.841606676659039,7.48,1.8828304504257691,12.32,1.8416066766590395,10.0,0.0,20.0,0.0,2.0,0.0,1.0,0.0,3.13,1.5219272736443836
quadcopter,162.0,162.0,100,6.87,1.972820367397955,0.3435,0.09864101836989775,0.6565000000000001,0.09864101836989776,0.0,0.0,0.0015000000000000002,0.008572330399888264,7.4,1.2552918289216957,4.27,1.1087803837523187,5.7,1.0963668190985176,0.03,0.1714466079977653,7.64,1.856030302782927,7.44,1.903319800408292,12.36,1.8560303027829272,10.0,0.0,20.0,0.0,2.0,0.0,1.0,0.0,3.13,1.5219272736443836
quadcopter,163.0,163.0,100,6.85,1.9662557351884866,0.3425,0.09831278675942433,0.6575,0.09831278675942431,0.0,0.0,0.0010000000000000009,0.007035264706814489,7.42,1.2486760665568628,4.27,1.1087803837523187,5.71,1.094476490327128,0.02,0.1407052941362897,7.63,1.8458525718950891,7.4,1.9279968146165902,12.37,1.8458525718950896,10.0,0.0,20.0,0.0,2.0,0.0,1.0,0.0,3.13,1.5219272736443836
quadcopter,164.0,164.0,100,6.84,1.962887998060331,0.342,0.09814439990301653,0.6579999999999999,0.09814439990301652,0.0,0.0,0.0005000000000000004,0.005000000000000003,7.43,1.2411708385653648,4.27,1.1087803837523187,5.71,1.094476490327128,0.02,0.1407052941362897,7.62,1.8465364793843013,7.36,1.8990694159152386,12.38,1.8465364793843013,10.0,0.0,20.0,0.0,2.0,0.0,1.0,0.0,3.13,1.5219272736443836
quadcopter,165.0,165.0,100,6.8,1.9488406291895184,0.34,0.09744203145947594,0.66,0.0974420314594759,0.0,0.0,0.0019999999999999996,0.009847319278346617,7.45,1.2421470496399747,4.25,1.104398917826783,5.73,1.0904081341359753,0.02,0.1407052941362897,7.58,1.8322586381763135,7.33,1.8912611366145837,12.42,1.832258638176313,10.0,0.0,20.0,0.0,2.0,0.0,1.0,0.0,3.13,1.5219272736443836
quadcopter,166.0,166.0,100,6.78,1.967308575262922,0.33899999999999997,0.09836542876314615,0.6609999999999999,0.09836542876314613,0.0,0.0,0.0010000000000000002,0.0070352647068144866,7.46,1.2425129310547975,4.24,1.120245283386408,5.74,1.1066374585411722,0.02,0.1407052941362897,7.56,1.8603790207939084,7.26,1.8728253382189026,12.44,1.8603790207939084,10.0,0.0,20.0,0.0,2.0,0.0,1.0,0.0,3.13,1.5219272736443836
quadcopter,167.0,167.0,100,6.74,1.9980798863717217,0.337,0.09990399431858608,0.6629999999999999,0.09990399431858607,0.0,0.0,0.0019999999999999996,0.012143918126978105,7.47,1.2427974310182064,4.21,1.1218221108914053,5.77,1.1087803837523187,0.02,0.1407052941362897,7.52,1.9094660526075362,7.21,1.89254251516767,12.48,1.9094660526075362,10.0,0.0,20.0,0.0,2.0,0.0,1.0,0.0,3.13,1.5219272736443836
quadcopter,168.0,168.0,100,6.67,2.0203760026092157,0.3335,0.10101880013046077,0.6665000000000001,0.10101880013046076,0.0,0.0,0.003500000000000001,0.012821619998812142,7.5,1.251261989215914,4.17,1.1106008929558553,5.81,1.0981619170047723,0.02,0.1407052941362897,7.45,1.8768929838238706,7.21,1.89254251516767,12.55,1.876892983823871,10.0,0.0,20.0,0.0,2.0,0.0,1.0,0.0,3.13,1.5219272736443836
quadcopter,169.0,169.0,100,6.65,2.0069324297987157,0.3325,0.10034662148993581,0.6675,0.1003466214899358,0.0,0.0,0.0010000000000000002,0.0070352647068144866,7.5,1.251261989215914,4.15,1.0952145677879515,5.83,1.082971967701973,0.02,0.1407052941362897,7.43,1.8600260669401842,7.18,1.8983246201944393,12.57,1.8600260669401838,10.0,0.0,20.0,0.0,2.0,0.0,1.0,0.0,3.13,1.5219272736443836
quadcopter,170.0,170.0,100,6.6,2.0300768756902086,0.33,0.10150384378451047,0.67,0.10150384378451045,0.0,0.0,0.0025,0.010952145677879518,7.51,1.2672646116575637,4.11,1.1091447246423796,5.86,1.0919355440332692,0.03,0.1714466079977653,7.38,1.8951293231637656,7.17,1.9019129126415668,12.62,1.8951293231637651,10.0,0.0,20.0,0.0,2.0,0.0,1.0,0.0,3.13,1.5219272736443836
quadcopter,171.0,171.0,100,6.54,2.0861254017721924,0.327,0.10430627008860963,0.6729999999999999,0.10430627008860963,0.0,0.0,0.002999999999999999,0.0119341628287971,7.53,1.290642311315407,4.07,1.148164983041561,5.9,1.1415035273840828,0.03,0.1714466079977653,7.32,1.9221200416585473,7.15,1.9089105253886036,12.68,1.922120041658547,10.0,0.0,20.0,0.0,2.0,0.0,1.0,0.0,3.13,1.5219272736443836
quadcopter,172.0,172.0,100,6.51,2.076783643769929,0.32549999999999996,0.10383918218849644,0.6745,0.10383918218849644,0.0,0.0,0.0015000000000000002,0.008572330399888263,7.55,1.282161999881214,4.06,1.1443316606189609,5.92,1.1342242487553535,0.02,0.1407052941362897,7.3,1.9253754717121303,7.12,1.8817571843917853,12.7,1.9253754717121296,10.0,0.0,20.0,0.0,2.0,0.0,1.0,0.0,3.13,1.5219272736443836
quadcopter,173.0,173.0,100,6.45,2.0713290516970115,0.3225,0.10356645258485055,0.6775,0.10356645258485059,0.0,0.0,0.003,0.01714466079977653,7.59,1.2720380529216915,4.04,1.1540005076763058,5.94,1.1443316606189615,0.02,0.1407052941362897,7.26,1.9207532192587702,7.1,1.8829377433825436,12.74,1.9207532192587702,10.0,0.0,20.0,0.0,2.0,0.0,1.0,0.0,3.13,1.5219272736443836
quadcopter,174.0,174.0,100,6.43,2.0707437789306034,0.3215,0.10353718894653019,0.6785,0.10353718894653023,0.0,0.0,0.0009999999999999998,0.007035264706814482,7.6,1.2792042981336629,4.03,1.1499231419200295,5.95,1.1403968828899218,0.02,0.1407052941362897,7.24,1.923380861762417,7.06,1.9006644239647497,12.76,1.923380861762417,10.0,0.0,20.0,0.0,2.0,0.0,1.0,0.0,3.13,1.5219272736443836
quadcopter,175.0,175.0,100,6.41,2.094220039957018,0.32049999999999995,0.10471100199785091,0.6795,0.10471100199785094,0.0,0.0,0.001,0.007035264706814486,7.61,1.294081320723881,4.02,1.145743109395502,5.96,1.1363595959524129,0.02,0.1407052941362897,7.22,1.9414666953859727,7.01,1.9200957467708935,12.78,1.9414666953859725,10.0,0.0,20.0,0.0,2.0,0.0,1.0,0.0,3.13,1.5219272736443836
quadcopter,176.0,176.0,100,6.37,2.0382949896044154,0.3185,0.10191474948022079,0.6815000000000001,0.10191474948022078,0.0,0.0,0.0019999999999999996,0.012143918126978107,7.64,1.2514234319608235,4.01,1.1502744512208005,5.97,1.1411052590016453,0.02,0.1407052941362897,7.19,1.915882580067489,6.99,1.9305884380601988,12.81,1.9158825800674897,10.0,0.0,20.0,0.0,2.0,0.0,1.0,0.0,3.13,1.5219272736443836
quadcopter,177.0,177.0,100,6.34,2.0261921294523244,0.317,0.10130960647261622,0.6829999999999999,0.10130960647261622,0.0,0.0,0.0014999999999999996,0.008572330399888263,7.64,1.2514234319608235,3.98,1.1368928060838681,6.0,1.1281521496355322,0.02,0.1407052941362897,7.16,1.9054414372284103,6.98,1.9173845822796316,12.84,1.9054414372284108,10.0,0.0,20.0,0.0,2.0,0.0,1.0,0.0,3.13,1.5219272736443836
quadcopter,178.0,178.0,100,6.32,2.029479706424255,0.316,0.10147398532121275,0.684,0.10147398532121273,0.0,0.0,0.0009999999999999998,0.007035264706814484,7.65,1.258305739211792,3.97,1.1411052590016453,6.01,1.1325755042059105,0.02,0.1407052941362897,7.14,1.901727019465637,6.95,1.9247195781581936,12.86,1.901727019465637,10.0,0.0,20.0,0.0,2.0,0.0,1.0,0.0,3.13,1.5219272736443836
quadcopter,179.0,179.0,100,6.29,2.031544170617936,0.3145,0.10157720853089679,0.6855,0.1015772085308968,0.0,0.0,0.0014999999999999996,0.008572330399888263,7.66,1.2570608657507483,3.95,1.140396882889922,6.03,1.1322187032191227,0.02,0.1407052941362897,7.11,1.9169367398655761,6.88,1.9189643671585574,12.89,1.9169367398655761,10.0,0.0,20.0,0.0,2.0,0.0,1.0,0.0,3.13,1.5219272736443836
quadcopter,180.0,180.0,100,6.28,2.0502771431287923,0.314,0.10251385715643963,0.6859999999999999,0.10251385715643963,0.0,0.0,0.0004999999999999999,0.0049999999999999975,7.66,1.2570608657507483,3.94,1.1531248716843157,6.04,1.1452140199609642,0.02,0.1407052941362897,7.1,1.9306145983268448,6.83,1.9177796505017954,12.9,1.9306145983268457,10.0,0.0,20.0,0.0,2.0,0.0,1.0,0.0,3.13,1.5219272736443836
quadcopter,181.0,181.0,100,6.27,2.054091752890539,0.3135,0.10270458764452699,0.6865000000000001,0.10270458764452699,0.0,0.0,0.0004999999999999999,0.004999999999999998,7.67,1.2637526289075356,3.94,1.1531248716843157,6.04,1.1452140199609642,0.02,0.1407052941362897,7.09,1.928494466958853,6.81,1.9,12.91,1.928494466958853,10.0,0.0,20.0,0.0,2.0,0.0,1.0,0.0,3.13,1.5219272736443836
quadcopter,182.0,182.0,100,6.22,2.0820541527418293,0.311,0.10410270763709145,0.6890000000000001,0.10410270763709142,0.0,0.0,0.0025,0.010952145677879515,7.69,1.252835168566065,3.91,1.189983447809509,6.07,1.1828317332109874,0.02,0.1407052941362897,7.04,1.9328107966786545,6.78,1.8509075033233253,12.96,1.932810796678655,10.0,0.0,20.0,0.0,2.0,0.0,1.0,0.0,3.13,1.5219272736443836
quadcopter,183.0,183.0,100,6.19,2.0826119963336254,0.3095,0.10413059981668125,0.6905,0.10413059981668128,0.0,0.0,0.0015000000000000011,0.008572330399888271,7.7,1.2431631210161223,3.89,1.1967548714010825,6.09,1.1899834478095088,0.02,0.1407052941362897,7.01,1.9410244093199231,6.69,1.779200819344336,12.99,1.9410244093199231,10.0,0.0,20.0,0.0,2.0,0.0,1.0,0.0,3.13,1.5219272736443836
quadcopter,184.0,184.0,100,6.12,2.1190811807255168,0.306,0.10595405903627586,0.6940000000000001,0.10595405903627582,0.0,0.0,0.0034999999999999996,0.017773831632742862,7.71,1.2496059985111914,3.83,1.1981045636565055,6.14,1.1893466502855485,0.03,0.1714466079977653,6.95,1.961111826479968,6.67,1.7869052305677275,13.05,1.961111826479968,10.0,0.0,20.0,0.0,2.0,0.0,1.0,0.0,3.13,1.5219272736443836
quadcopter,185.0,185.0,100,6.08,2.101851036057926,0.304,0.10509255180289628,0.696,0.10509255180289628,0.0,0.0,0.002,0.00984731927834662,7.73,1.2460442458541598,3.81,1.186583245280245,6.17,1.1811225614010195,0.02,0.1407052941362897,6.92,1.947181335036661,6.66,1.782178895667216,13.08,1.947181335036661,10.0,0.0,20.0,0.0,2.0,0.0,1.0,0.0,3.13,1.5219272736443836
quadcopter,186.0,186.0,100,6.07,2.0901645578250245,0.3035,0.10450822789125119,0.6965,0.10450822789125118,0.0,0.0,0.0004999999999999999,0.004999999999999998,7.73,1.2460442458541598,3.8,1.1806521053804944,6.18,1.1753357568857257,0.02,0.1407052941362897,6.91,1.9284944669588528,6.64,1.7895318500725943,13.09,1.928494466958853,10.0,0.0,20.0,0.0,2.0,0.0,1.0,0.0,3.13,1.5219272736443836
quadcopter,187.0,187.0,100,6.05,2.0713290516970115,0.3025,0.10356645258485055,0.6975,0.10356645258485053,0.0,0.0,0.0009999999999999998,0.007035264706814483,7.74,1.244137768849892,3.79,1.165973820244241,6.18,1.1667099559068317,0.03,0.1714466079977653,6.88,1.8871174105529633,6.63,1.801542548916221,13.12,1.8871174105529633,10.0,0.0,20.0,0.0,2.0,0.0,1.0,0.0,3.13,1.5219272736443836
quadcopter,188.0,188.0,100,6.03,2.0521238074765664,0.3015,0.10260619037382834,0.6984999999999999,0.10260619037382833,0.0,0.0,0.0009999999999999998,0.007035264706814484,7.75,1.2421470496399745,3.78,1.1684402103884155,6.2,1.1634153830577252,0.02,0.1407052941362897,6.87,1.883769056595277,6.61,1.7972762782060026,13.13,1.8837690565952767,10.0,0.0,20.0,0.0,2.0,0.0,1.0,0.0,3.13,1.5219272736443836
quadcopter,189.0,189.0,100,5.97,2.017374030713685,0.2985,0.10086870153568427,0.7015,0.10086870153568428,0.0,0.0,0.0030000000000000005,0.017144660799776532,7.81,1.2284094997149355,3.78,1.1684402103884155,6.2,1.1634153830577252,0.02,0.1407052941362897,6.83,1.8643654646711807,6.6,1.7922391615298474,13.17,1.8643654646711807,10.0,0.0,20.0,0.0,2.0,0.0,1.0,0.0,3.13,1.5219272736443836
quadcopter,190.0,190.0,100,5.95,2.016973430212163,0.2975,0.10084867151060817,0.7025,0.10084867151060817,0.0,0.0,0.0009999999999999998,0.007035264706814482,7.82,1.2258165697306682,3.77,1.1708151351977307,6.21,1.165973820244241,0.02,0.1407052941362897,6.81,1.873229804105705,6.59,1.7757911880157367,13.19,1.8732298041057052,10.0,0.0,20.0,0.0,2.0,0.0,1.0,0.0,3.13,1.5219272736443836
quadcopter,191.0,191.0,100,5.95,2.016973430212163,0.2975,0.10084867151060817,0.7025,0.10084867151060817,0.0,0.0,0.0,0.0,7.82,1.2258165697306682,3.77,1.1708151351977307,6.21,1.165973820244241,0.02,0.1407052941362897,6.81,1.873229804105705,6.53,1.7778377515136385,13.19,1.8732298041057052,10.0,0.0,20.0,0.0,2.0,0.0,1.0,0.0,3.13,1.5219272736443836
quadcopter,192.0,192.0,100,5.91,1.9801795653705525,0.2955,0.09900897826852764,0.7045,0.09900897826852764,0.0,0.0,0.0020000000000000005,0.009847319278346622,7.84,1.2036980056845192,3.75,1.1492202011394816,6.23,1.1446405637587809,0.02,0.1407052941362897,6.77,1.8359760567088235,6.46,1.800224452896938,13.23,1.8359760567088237,10.0,0.0,20.0,0.0,2.0,0.0,1.0,0.0,3.13,1.5219272736443836
quadcopter,193.0,193.0,100,5.84,1.9782657439119125,0.292,0.09891328719559565,0.708,0.09891328719559565,0.0,0.0,0.0035000000000000005,0.014659433478105144,7.9,1.2018504251546631,3.74,1.1425648976992708,6.24,1.1381359915904314,0.02,0.1407052941362897,6.71,1.8273732320719074,6.44,1.8052672652518515,13.29,1.8273732320719072,10.0,0.0,20.0,0.0,2.0,0.0,1.0,0.0,3.13,1.5219272736443836
quadcopter,194.0,194.0,100,5.81,1.9576062480034693,0.2905,0.09788031240017349,0.7095,0.09788031240017349,0.0,0.0,0.0014999999999999992,0.00857233039988826,7.93,1.182831733210988,3.74,1.1425648976992708,6.24,1.1381359915904314,0.02,0.1407052941362897,6.68,1.8083979181316898,6.43,1.7936757586790117,13.32,1.8083979181316898,10.0,0.0,20.0,0.0,2.0,0.0,1.0,0.0,3.13,1.5219272736443836
quadcopter,195.0,195.0,100,5.78,1.9257951263534938,0.289,0.09628975631767471,0.711,0.09628975631767471,0.0,0.0,0.0015000000000000007,0.008572330399888266,7.94,1.179111118725894,3.72,1.1198845539346518,6.25,1.122542208605543,0.03,0.1714466079977653,6.64,1.7782070188873402,6.43,1.7936757586790117,13.36,1.77820701888734,10.0,0.0,20.0,0.0,2.0,0.0,1.0,0.0,3.13,1.5219272736443836
quadcopter,196.0,196.0,100,5.75,1.9141947168826408,0.2875,0.09570973584413206,0.7125,0.09570973584413206,0.0,0.0,0.0015000000000000002,0.008572330399888264,7.95,1.1752927853573896,3.7,1.1146408580454257,6.28,1.1108282468227904,0.02,0.1407052941362897,6.62,1.7796833221876098,6.38,1.830052160210443,13.38,1.7796833221876098,10.0,0.0,20.0,0.0,2.0,0.0,1.0,0.0,3.13,1.5219272736443836
quadcopter,197.0,197.0,100,5.73,1.9167259542872537,0.2865,0.09583629771436271,0.7134999999999999,0.09583629771436268,0.0,0.0,0.0010000000000000007,0.007035264706814489,7.97,1.1845384388576474,3.7,1.1146408580454257,6.28,1.1108282468227904,0.02,0.1407052941362897,6.6,1.7922391615298479,6.35,1.8278153875348269,13.4,1.7922391615298474,10.0,0.0,20.0,0.0,2.0,0.0,1.0,0.0,3.13,1.5219272736443836
quadcopter,198.0,198.0,100,5.71,1.9084871580189455,0.28550000000000003,0.0954243579009473,0.7145,0.09542435790094729,0.0,0.0,0.0009999999999999998,0.007035264706814483,7.97,1.1845384388576474,3.68,1.1180791609277985,6.3,1.1146408580454257,0.02,0.1407052941362897,6.58,1.770578858720925,6.32,1.8306040290327974,13.42,1.7705788587209252,10.0,0.0,20.0,0.0,2.0,0.0,1.0,0.0,3.13,1.5219272736443836
quadcopter,199.0,199.0,100,5.71,1.9084871580189455,0.28550000000000003,0.0954243579009473,0.7145,0.09542435790094729,0.0,0.0,0.0,0.0,7.97,1.1845384388576474,3.68,1.1180791609277985,6.3,1.1146408580454257,0.02,0.1407052941362897,6.58,1.770578858720925,6.28,1.837213524703521,13.42,1.7705788587209252,10.0,0.0,20.0,0.0,2.0,0.0,1.0,0.0,3.13,1.5219272736443836
quadcopter,200.0,200.0,100,5.67,1.9594629237357237,0.28350000000000003,0.09797314618678617,0.7165,0.09797314618678615,0.0,0.0,0.002,0.00984731927834662,7.98,1.1890068854877895,3.65,1.157976291168818,6.33,1.155181563410897,0.02,0.1407052941362897,6.54,1.8058267084662636,6.25,1.8278153875348266,13.46,1.8058267084662636,10.0,0.0,20.0,0.0,2.0,0.0,1.0,0.0,3.13,1.5219272736443836
quadcopter,201.0,201.0,100,5.6,1.959179378817529,0.28,0.09795896894087643,0.72,0.09795896894087645,0.0,0.0,0.0035000000000000005,0.01282161999881214,8.01,1.1590225767142475,3.61,1.179753441113092,6.36,1.1592404340077103,0.03,0.1714466079977653,6.47,1.7948016969328762,6.22,1.8509075033233258,13.53,1.794801696932876,10.0,0.0,20.0,0.0,2.0,0.0,1.0,0.0,3.13,1.5219272736443836
quadcopter,202.0,202.0,100,5.54,1.9458321166695305,0.27699999999999997,0.09729160583347653,0.723,0.09729160583347653,0.0,0.0,0.002999999999999999,0.011934162828797099,8.06,1.1876468542900498,3.6,1.1720654306553768,6.38,1.1615037275406863,0.02,0.1407052941362897,6.42,1.7819521697715497,6.2,1.8367736315989982,13.58,1.7819521697715501,10.0,0.0,20.0,0.0,2.0,0.0,1.0,0.0,3.13,1.5219272736443836
quadcopter,203.0,203.0,100,5.5,1.9720265943665385,0.275,0.09860132971832693,0.725,0.09860132971832694,0.0,0.0,0.002,0.009847319278346622,8.08,1.1949388218142334,3.58,1.1736156685106658,6.4,1.1634153830577254,0.02,0.1407052941362897,6.38,1.80783927058874,6.18,1.7943795528811564,13.62,1.8078392705887407,10.0,0.0,20.0,0.0,2.0,0.0,1.0,0.0,3.13,1.5219272736443836
quadcopter,204.0,204.0,100,5.48,1.987231971635649,0.27399999999999997,0.09936159858178244,0.726,0.09936159858178249,0.0,0.0,0.0009999999999999998,0.007035264706814482,8.08,1.1949388218142334,3.56,1.1833866825362032,6.42,1.1736156685106662,0.02,0.1407052941362897,6.36,1.811969183852839,6.13,1.790293695221964,13.64,1.8119691838528382,10.0,0.0,20.0,0.0,2.0,0.0,1.0,0.0,3.13,1.5219272736443836
quadcopter,205.0,205.0,100,5.47,2.007335034166927,0.2735,0.10036675170834634,0.7265,0.10036675170834636,0.0,0.0,0.0005,0.005,8.08,1.1949388218142334,3.55,1.2007993970348216,6.43,1.1913408115618846,0.02,0.1407052941362897,6.35,1.8388347210429576,6.12,1.7938165396098278,13.65,1.8388347210429568,10.0,0.0,20.0,0.0,2.0,0.0,1.0,0.0,3.13,1.5219272736443836
quadcopter,206.0,206.0,100,5.44,1.991497076588516,0.272,0.09957485382942578,0.728,0.0995748538294258,0.0,0.0,0.0015000000000000002,0.008572330399888266,8.1,1.1934162828797101,3.54,1.1927389750596156,6.44,1.1833866825362032,0.02,0.1407052941362897,6.32,1.8361135943380873,6.08,1.7847841733538947,13.68,1.8361135943380877,10.0,0.0,20.0,0.0,2.0,0.0,1.0,0.0,3.13,1.5219272736443836
quadcopter,207.0,207.0,100,5.43,1.9911673648258388,0.27149999999999996,0.09955836824129193,0.7284999999999999,0.09955836824129193,0.0,0.0,0.0004999999999999999,0.004999999999999998,8.11,1.196754871401083,3.54,1.1927389750596156,6.42,1.173615668510666,0.04,0.24287836253956216,6.3,1.8504708655481237,6.05,1.7887132105217283,13.7,1.8504708655481243,10.0,0.0,20.0,0.0,2.0,0.0,1.0,0.0,3.13,1.5219272736443836
quadcopter,208.0,208.0,100,5.38,1.9887562734411461,0.26899999999999996,0.09943781367205731,0.731,0.09943781367205731,0.0,0.0,0.0024999999999999996,0.010952145677879513,8.12,1.1999999999999997,3.5,1.176366602653435,6.47,1.1673591018736578,0.03,0.1714466079977653,6.26,1.8346826990138116,6.02,1.763719668968703,13.74,1.8346826990138116,10.0,0.0,20.0,0.0,2.0,0.0,1.0,0.0,3.13,1.5219272736443836
quadcopter,209.0,209.0,100,5.35,1.9816073467686974,0.2675,0.09908036733843488,0.7325,0.09908036733843487,0.0,0.0,0.0014999999999999996,0.008572330399888263,8.14,1.1978094484297048,3.49,1.1763236687822678,6.49,1.1677051654999875,0.02,0.1407052941362897,6.24,1.8319278359039137,5.99,1.7551943113818114,13.76,1.8319278359039137,10.0,0.0,20.0,0.0,2.0,0.0,1.0,0.0,3.13,1.5219272736443836
quadcopter,210.0,210.0,100,5.32,1.979082534096968,0.266,0.0989541267048484,0.7340000000000001,0.0989541267048484,0.0,0.0,0.0014999999999999996,0.008572330399888263,8.15,1.1923578203363165,3.47,1.1759801413838982,6.51,1.1677051654999877,0.02,0.1407052941362897,6.21,1.8218372345220382,6.01,1.7494299215758973,13.79,1.8218372345220384,10.0,0.0,20.0,0.0,2.0,0.0,1.0,0.0,3.13,1.5219272736443836
quadcopter,211.0,211.0,100,5.28,1.980103048027572,0.264,0.0990051524013786,0.736,0.09900515240137857,0.0,0.0,0.0020000000000000005,0.009847319278346622,8.17,1.1811225614010195,3.45,1.1666666666666667,6.53,1.1586739198433926,0.02,0.1407052941362897,6.17,1.8260461233069782,6.0,1.7580981459830654,13.83,1.8260461233069782,10.0,0.0,20.0,0.0,2.0,0.0,1.0,0.0,3.13,1.5219272736443836
quadcopter,212.0,212.0,100,5.24,1.9233808617624175,0.262,0.09616904308812087,0.738,0.09616904308812092,0.0,0.0,0.0019999999999999996,0.012143918126978107,8.19,1.1432277537611206,3.43,1.1393334929162788,6.55,1.131504763712036,0.02,0.1407052941362897,6.14,1.7979786630344847,5.98,1.7348478232101423,13.86,1.7979786630344845,10.0,0.0,20.0,0.0,2.0,0.0,1.0,0.0,3.13,1.5219272736443836
quadcopter,213.0,213.0,100,5.18,1.866125462669711,0.259,0.09330627313348555,0.741,0.09330627313348554,0.0,0.0,0.0030000000000000005,0.013889898953170715,8.23,1.1087803837523187,3.41,1.1290024201242728,6.57,1.1214618886421277,0.02,0.1407052941362897,6.09,1.7528908302077066,5.97,1.720083390038654,13.91,1.752890830207707,10.0,0.0,20.0,0.0,2.0,0.0,1.0,0.0,3.13,1.5219272736443836
quadcopter,214.0,214.0,100,5.15,1.8715034738213157,0.2575,0.09357517369106579,0.7425,0.09357517369106577,0.0,0.0,0.0015,0.008572330399888263,8.26,1.106637458541172,3.41,1.1290024201242728,6.57,1.1214618886421277,0.02,0.1407052941362897,6.06,1.7685238951387587,5.96,1.7286650422458445,13.94,1.7685238951387587,10.0,0.0,20.0,0.0,2.0,0.0,1.0,0.0,3.13,1.5219272736443836
quadcopter,215.0,215.0,100,5.14,1.8749814813900316,0.257,0.09374907406950155,0.743,0.09374907406950155,0.0,0.0,0.0004999999999999999,0.0049999999999999975,8.26,1.106637458541172,3.4,1.1281521496355325,6.58,1.1207861598724422,0.02,0.1407052941362897,6.05,1.7773831632742871,5.93,1.7247749084586326,13.95,1.7773831632742867,10.0,0.0,20.0,0.0,2.0,0.0,1.0,0.0,3.13,1.5219272736443836
quadcopter,216.0,216.0,100,5.12,1.8763816458301015,0.256,0.09381908229150508,0.7440000000000001,0.09381908229150508,0.0,0.0,0.0009999999999999998,0.007035264706814481,8.27,1.1087803837523185,3.39,1.1182146665126693,6.59,1.110964636810022,0.02,0.1407052941362897,6.03,1.7664379497460507,5.89,1.7167916988888714,13.97,1.7664379497460505,10.0,0.0,20.0,0.0,2.0,0.0,1.0,0.0,3.13,1.5219272736443836
quadcopter,217.0,217.0,100,5.11,1.8689109884711692,0.2555,0.09344554942355848,0.7445,0.09344554942355847,0.0,0.0,0.0004999999999999999,0.0049999999999999975,8.28,1.1016974964741337,3.39,1.1182146665126693,6.59,1.110964636810022,0.02,0.1407052941362897,6.02,1.7637196689687027,5.85,1.6899883449481554,13.98,1.7637196689687031,10.0,0.0,20.0,0.0,2.0,0.0,1.0,0.0,3.13,1.5219272736443836
quadcopter,218.0,218.0,100,5.1,1.8775655848072323,0.255,0.09387827924036163,0.745,0.09387827924036166,0.0,0.0,0.0005000000000000001,0.005000000000000002,8.28,1.1016974964741337,3.38,1.1261806375012975,6.6,1.119162746219357,0.02,0.1407052941362897,6.01,1.7723749973730538,5.83,1.6760644137955794,13.99,1.772374997373053,10.0,0.0,20.0,0.0,2.0,0.0,1.0,0.0,3.13,1.5219272736443836
quadcopter,219.0,219.0,100,5.04,1.8744426781140449,0.252,0.09372213390570225,0.748,0.09372213390570226,0.0,0.0,0.002999999999999999,0.015602382620431513,8.32,1.0906396973771628,3.36,1.105724315833862,6.62,1.0989434779263072,0.02,0.1407052941362897,5.96,1.7633760091072321,5.8,1.669694219873444,14.04,1.7633760091072321,10.0,0.0,20.0,0.0,2.0,0.0,1.0,0.0,3.13,1.5219272736443836
quadcopter,220.0,220.0,100,5.03,1.8665313803789618,0.2515,0.09332656901894812,0.7484999999999999,0.09332656901894813,0.0,0.0,0.0004999999999999999,0.0049999999999999975,8.32,1.0906396973771628,3.35,1.0952145677879515,6.63,1.0885538548686942,0.02,0.1407052941362897,5.95,1.7487369179155583,5.74,1.6552335121661783,14.05,1.7487369179155583,10.0,0.0,20.0,0.0,2.0,0.0,1.0,0.0,3.13,1.5219272736443836
quadcopter,221.0,221.0,100,5.02,1.8476302048130122,0.251,0.09238151024065061,0.7490000000000001,0.09238151024065064,0.0,0.0,0.0004999999999999999,0.004999999999999998,8.32,1.0906396973771628,3.34,1.084509850652181,6.64,1.0779704086941355,0.02,0.1407052941362897,5.94,1.7339159859879727,5.72,1.6334879333141181,14.06,1.7339159859879731,10.0,0.0,20.0,0.0,2.0,0.0,1.0,0.0,3.13,1.5219272736443836
quadcopter,222.0,222.0,100,5.0,1.8146430207975597,0.25,0.09073215103987796,0.75,0.09073215103987799,0.0,0.0,0.0010000000000000002,0.01,8.32,1.0906396973771628,3.32,1.033577683719433,6.66,1.0271073434405456,0.02,0.1407052941362897,5.93,1.7130220210039462,5.7,1.6360830286900714,14.07,1.7130220210039468,10.0,0.0,20.0,0.0,2.0,0.0,1.0,0.0,3.13,1.5219272736443836
quadcopter,223.0,223.0,100,4.98,1.8089563931513752,0.249,0.09044781965756875,0.7509999999999999,0.09044781965756876,0.0,0.0,0.0009999999999999998,0.007035264706814484,8.33,1.0922592654815537,3.31,1.0317681205316698,6.67,1.0254833794928915,0.02,0.1407052941362897,5.91,1.7061682510848983,5.68,1.6507115086678485,14.09,1.706168251084899,10.0,0.0,20.0,0.0,2.0,0.0,1.0,0.0,3.13,1.5219272736443836
quadcopter,224.0,224.0,100,4.97,1.8060224726500975,0.24850000000000003,0.09030112363250485,0.7515000000000001,0.09030112363250486,0.0,0.0,0.0004999999999999999,0.004999999999999998,8.33,1.0922592654815537,3.3,1.0298573010888743,6.68,1.023758178517177,0.02,0.1407052941362897,5.9,1.702642034894563,5.66,1.671024605540933,14.1,1.7026420348945634,10.0,0.0,20.0,0.0,2.0,0.0,1.0,0.0,3.13,1.5219272736443836
quadcopter,225.0,225.0,100,4.95,1.7999719414199187,0.2475,0.08999859707099594,0.7525,0.08999859707099594,0.0,0.0,0.0009999999999999998,0.007035264706814482,8.34,1.1029803518493233,3.29,1.0278446606684524,6.69,1.0219312277954102,0.02,0.1407052941362897,5.88,1.689420437351642,5.6,1.6514456476895412,14.12,1.6894204373516426,10.0,0.0,20.0,0.0,2.0,0.0,1.0,0.0,3.13,1.5219272736443836
quadcopter,226.0,226.0,100,4.92,1.7847841733538947,0.24600000000000002,0.08923920866769473,0.754,0.08923920866769475,0.0,0.0,0.0015000000000000002,0.008572330399888266,8.36,1.0779704086941357,3.28,1.0257295999049711,6.7,1.0200019805882927,0.02,0.1407052941362897,5.85,1.6779918252651191,5.59,1.652026609710606,14.15,1.6779918252651196,10.0,0.0,20.0,0.0,2.0,0.0,1.0,0.0,3.13,1.5219272736443836
quadcopter,227.0,227.0,100,4.86,1.775364523673713,0.243,0.08876822618368567,0.757,0.08876822618368568,0.0,0.0,0.0030000000000000005,0.013889898953170717,8.41,1.073980606637915,3.27,1.0333333333333334,6.71,1.0278446606684524,0.02,0.1407052941362897,5.8,1.6877454928053726,5.59,1.652026609710606,14.2,1.6877454928053715,10.0,0.0,20.0,0.0,2.0,0.0,1.0,0.0,3.13,1.5219272736443836
quadcopter,228.0,228.0,100,4.82,1.760280051181021,0.24100000000000002,0.08801400255905106,0.759,0.08801400255905109,0.0,0.0,0.0020000000000000005,0.009847319278346619,8.43,1.0565333057990296,3.25,1.0384039812533599,6.73,1.0333333333333332,0.02,0.1407052941362897,5.76,1.6944353369518446,5.56,1.6349713493304134,14.24,1.6944353369518441,10.0,0.0,20.0,0.0,2.0,0.0,1.0,0.0,3.13,1.5219272736443836
quadcopter,229.0,229.0,100,4.76,1.723984110170744,0.23800000000000002,0.08619920550853721,0.762,0.08619920550853723,0.0,0.0,0.003,0.013889898953170717,8.46,1.0388416237290068,3.22,1.020793907711151,6.76,1.0162318990896089,0.02,0.1407052941362897,5.71,1.6895101196632252,5.53,1.6046334425184106,14.29,1.6895101196632252,10.0,0.0,20.0,0.0,2.0,0.0,1.0,0.0,3.13,1.5219272736443836
quadcopter,230.0,230.0,100,4.72,1.7060794444301444,0.23600000000000002,0.08530397222150723,0.764,0.08530397222150725,0.0,0.0,0.0019999999999999996,0.009847319278346617,8.5,1.039619199903542,3.22,1.020793907711151,6.76,1.0162318990896089,0.02,0.1407052941362897,5.67,1.6700269156483376,5.53,1.6046334425184106,14.33,1.6700269156483365,10.0,0.0,20.0,0.0,2.0,0.0,1.0,0.0,3.13,1.5219272736443836
quadcopter,231.0,231.0,100,4.71,1.6895101196632254,0.23550000000000001,0.08447550598316124,0.7645000000000001,0.08447550598316125,0.0,0.0,0.0005000000000000004,0.005000000000000004,8.51,1.0199524647271705,3.22,1.020793907711151,6.76,1.0162318990896089,0.02,0.1407052941362897,5.66,1.6588909523893338,5.5,1.6174552903130326,14.34,1.6588909523893336,10.0,0.0,20.0,0.0,2.0,0.0,1.0,0.0,3.13,1.5219272736443836
quadcopter,232.0,232.0,100,4.68,1.7167034417949734,0.23399999999999999,0.08583517208974867,0.7659999999999999,0.08583517208974868,0.0,0.0,0.0015000000000000002,0.011135075167680687,8.52,1.019803902718557,3.2,1.0249414863810764,6.78,1.0207939077111507,0.02,0.1407052941362897,5.64,1.6728370627122766,5.49,1.629866450499748,14.36,1.6728370627122768,10.0,0.0,20.0,0.0,2.0,0.0,1.0,0.0,3.13,1.5219272736443836
quadcopter,233.0,233.0,100,4.67,1.7118422942561156,0.2335,0.08559211471280577,0.7665000000000001,0.08559211471280578,0.0,0.0,0.0004999999999999999,0.004999999999999998,8.53,1.0096003809888987,3.2,1.0249414863810764,6.78,1.0207939077111507,0.02,0.1407052941362897,5.63,1.6736520280844251,5.48,1.6297734861512558,14.37,1.6736520280844256,10.0,0.0,20.0,0.0,2.0,0.0,1.0,0.0,3.13,1.5219272736443836
quadcopter,234.0,234.0,100,4.67,1.7118422942561156,0.2335,0.08559211471280577,0.7665000000000001,0.08559211471280578,0.0,0.0,0.0,0.0,8.53,1.0096003809888987,3.2,1.0249414863810764,6.78,1.0207939077111507,0.02,0.1407052941362897,5.63,1.6736520280844251,5.45,1.5914861868166754,14.37,1.6736520280844256,10.0,0.0,20.0,0.0,2.0,0.0,1.0,0.0,3.13,1.5219272736443836
quadcopter,235.0,235.0,100,4.63,1.7035613320691485,0.23149999999999998,0.08517806660345743,0.7685,0.08517806660345743,0.0,0.0,0.0019999999999999996,0.009847319278346615,8.56,0.9981801622771491,3.19,1.0219312277954098,6.79,1.0179698552818872,0.02,0.1407052941362897,5.59,1.6581296509603645,5.41,1.6086571349351537,14.41,1.6581296509603638,10.0,0.0,20.0,0.0,2.0,0.0,1.0,0.0,3.13,1.5219272736443836
quadcopter,236.0,236.0,100,4.61,1.7108979271633118,0.2305,0.08554489635816562,0.7695000000000001,0.0855448963581656,0.0,0.0,0.0009999999999999998,0.007035264706814482,8.57,0.9873441572463394,3.18,1.0286796479865914,6.8,1.0249414863810762,0.02,0.1407052941362897,5.57,1.6712361601611851,5.39,1.5947831618540917,14.43,1.6712361601611847,10.0,0.0,20.0,0.0,2.0,0.0,1.0,0.0,3.13,1.5219272736443836
quadcopter,237.0,237.0,100,4.61,1.7108979271633118,0.2305,0.08554489635816562,0.7695000000000001,0.0855448963581656,0.0,0.0,0.0,0.0,8.57,0.9873441572463394,3.18,1.0286796479865914,6.8,1.0249414863810762,0.02,0.1407052941362897,5.57,1.6712361601611851,5.35,1.578741347537412,14.43,1.6712361601611847,10.0,0.0,20.0,0.0,2.0,0.0,1.0,0.0,3.13,1.5219272736443836
quadcopter,238.0,238.0,100,4.56,1.677660709006876,0.228,0.08388303545034381,0.772,0.08388303545034383,0.0,0.0,0.0024999999999999996,0.013055824196677338,8.61,0.9628975631767468,3.17,1.0352865216055802,6.81,1.0219312277954098,0.02,0.1407052941362897,5.53,1.6296185337853046,5.31,1.5550179446169774,14.47,1.6296185337853042,10.0,0.0,20.0,0.0,2.0,0.0,1.0,0.0,3.13,1.5219272736443836
quadcopter,239.0,239.0,100,4.48,1.6421223025602132,0.22399999999999998,0.08210611512801065,0.7759999999999999,0.08210611512801068,0.0,0.0,0.004,0.018367736315989987,8.66,0.9235417115264978,3.14,1.0446593374460074,6.84,1.032012841514341,0.02,0.1407052941362897,5.47,1.617174240844976,5.26,1.57390333793779,14.53,1.6171742408449763,10.0,0.0,20.0,0.0,2.0,0.0,1.0,0.0,3.13,1.5219272736443836
quadcopter,240.0,240.0,100,4.47,1.641968515550955,0.2235,0.08209842577754774,0.7765000000000001,0.08209842577754772,0.0,0.0,0.0004999999999999999,0.0049999999999999975,8.66,0.9235417115264978,3.13,1.0507813350747213,6.85,1.03840398125336,0.02,0.1407052941362897,5.46,1.6106965680547765,5.23,1.5625348480962438,14.54,1.610696568054776,10.0,0.0,20.0,0.0,2.0,0.0,1.0,0.0,3.13,1.5219272736443836
quadcopter,241.0,241.0,100,4.42,1.6216963309753742,0.221,0.0810848165487687,0.779,0.08108481654876872,0.0,0.0,0.0024999999999999996,0.010952145677879515,8.67,0.9217352980091191,3.09,1.015983376941878,6.88,1.0078479923865387,0.03,0.1714466079977653,5.41,1.602365675361201,5.22,1.5672146043735096,14.59,1.6023656753612008,10.0,0.0,20.0,0.0,2.0,0.0,1.0,0.0,3.13,1.5219272736443836
quadcopter,242.0,242.0,100,4.4,1.632993161855452,0.22,0.0816496580927726,0.78,0.08164965809277262,0.0,0.0,0.0010000000000000002,0.0070352647068144866,8.67,0.9217352980091191,3.07,1.0274514906585932,6.91,1.015983376941878,0.02,0.1407052941362897,5.4,1.6017667013821228,5.22,1.5672146043735096,14.6,1.6017667013821222,10.0,0.0,20.0,0.0,2.0,0.0,1.0,0.0,3.13,1.5219272736443836
quadcopter,243.0,243.0,100,4.36,1.642368331822596,0.218,0.08211841659112978,0.782,0.08211841659112981,0.0,0.0,0.0019999999999999996,0.009847319278346615,8.68,0.919815528277603,3.04,1.033968524226395,6.94,1.0231660113924264,0.02,0.1407052941362897,5.36,1.6113235666257837,5.2,1.5891043154093205,14.64,1.611323566625783,10.0,0.0,20.0,0.0,2.0,0.0,1.0,0.0,3.13,1.5219272736443836
quadcopter,244.0,244.0,100,4.3,1.6483845780556543,0.215,0.0824192289027827,0.785,0.0824192289027827,0.0,0.0,0.002999999999999999,0.015602382620431513,8.7,0.9265990819042822,3.0,1.0347497623614468,6.98,1.0247443632931141,0.02,0.1407052941362897,5.32,1.6073065493036307,5.19,1.580787426850584,14.68,1.607306549303631,10.0,0.0,20.0,0.0,2.0,0.0,1.0,0.0,3.13,1.5219272736443836
quadcopter,245.0,245.0,100,4.29,1.6532490203330907,0.2145,0.08266245101665451,0.7855,0.08266245101665451,0.0,0.0,0.0005000000000000001,0.005,8.7,0.9265990819042822,2.99,1.0395706184319904,6.99,1.0298082590973185,0.02,0.1407052941362897,5.31,1.6124202274528159,5.18,1.5787733379194278,14.69,1.6124202274528159,10.0,0.0,20.0,0.0,2.0,0.0,1.0,0.0,3.13,1.5219272736443836
quadcopter,246.0,246.0,100,4.28,1.6519348924485162,0.214,0.08259674462242578,0.7859999999999999,0.08259674462242579,0.0,0.0,0.0004999999999999999,0.004999999999999998,8.71,0.9352253550061956,2.99,1.0395706184319904,6.99,1.0298082590973185,0.02,0.1407052941362897,5.3,1.6049166881048922,5.16,1.5873235207719818,14.7,1.6049166881048922,10.0,0.0,20.0,0.0,2.0,0.0,1.0,0.0,3.13,1.5219272736443836
quadcopter,247.0,247.0,100,4.27,1.6444273818388617,0.21350000000000002,0.08222136909194307,0.7865000000000001,0.08222136909194311,0.0,0.0,0.0004999999999999999,0.004999999999999998,8.71,0.9352253550061956,2.98,1.0345545081352796,7.0,1.0249414863810766,0.02,0.1407052941362897,5.29,1.6036259419254113,5.15,1.5914861868166759,14.71,1.6036259419254113,10.0,0.0,20.0,0.0,2.0,0.0,1.0,0.0,3.13,1.5219272736443836
quadcopter,248.0,248.0,100,4.24,1.6088141061921446,0.212,0.08044070530960719,0.7879999999999999,0.08044070530960723,0.0,0.0,0.0015000000000000002,0.011135075167680688,8.74,0.8946530279410227,2.98,1.0345545081352796,7.0,1.0249414863810766,0.02,0.1407052941362897,5.27,1.5945297904163638,5.15,1.5914861868166759,14.73,1.594529790416364,10.0,0.0,20.0,0.0,2.0,0.0,1.0,0.0,3.13,1.5219272736443836
quadcopter,249.0,249.0,100,4.19,1.6372864962208264,0.2095,0.08186432481104133,0.7905,0.08186432481104132,0.0,0.0,0.0025,0.01647618422040269,8.75,0.8918825850158449,2.94,1.042723706104703,7.04,1.0339685242263947,0.02,0.1407052941362897,5.24,1.5835007885930301,5.13,1.586909836217177,14.76,1.58350078859303,10.0,0.0,20.0,0.0,2.0,0.0,1.0,0.0,3.13,1.5219272736443836
quadcopter,250.0,250.0,100,4.16,1.618828607544993,0.20800000000000002,0.08094143037724966,0.792,0.08094143037724963,0.0,0.0,0.0014999999999999996,0.008572330399888263,8.76,0.8659670836117217,2.92,1.0510216290098242,7.05,1.03840398125336,0.03,0.1714466079977653,5.2,1.5699192541804385,5.12,1.5972198067614587,14.8,1.5699192541804383,10.0,0.0,20.0,0.0,2.0,0.0,1.0,0.0,3.13,1.5219272736443836
quadcopter,251.0,251.0,100,4.16,1.618828607544993,0.20800000000000002,0.08094143037724966,0.792,0.08094143037724963,0.0,0.0,0.0,0.0,8.76,0.8659670836117217,2.92,1.0510216290098242,7.06,1.042723706104703,0.02,0.1407052941362897,5.21,1.571816166288558,5.1,1.5986105077709065,14.79,1.571816166288558,10.0,0.0,20.0,0.0,2.0,0.0,1.0,0.0,3.13,1.5219272736443836
quadcopter,252.0,252.0,100,4.16,1.618828607544993,0.20800000000000002,0.08094143037724966,0.792,0.08094143037724963,0.0,0.0,0.0,0.0,8.76,0.8659670836117217,2.92,1.0510216290098242,7.06,1.042723706104703,0.02,0.1407052941362897,5.21,1.571816166288558,5.11,1.6011044168121433,14.79,1.571816166288558,10.0,0.0,20.0,0.0,2.0,0.0,1.0,0.0,3.13,1.5219272736443836
quadcopter,253.0,253.0,100,4.15,1.6229104669815841,0.2075,0.08114552334907923,0.7925,0.08114552334907921,0.0,0.0,0.0005000000000000001,0.005000000000000001,8.76,0.8659670836117217,2.91,1.05500251328151,7.07,1.0469291313458644,0.02,0.1407052941362897,5.2,1.5827351342061324,5.1,1.5922793521720786,14.8,1.5827351342061324,10.0,0.0,20.0,0.0,2.0,0.0,1.0,0.0,3.13,1.5219272736443836
quadcopter,254.0,254.0,100,4.12,1.616080806060505,0.20600000000000002,0.08080404030302524,0.794,0.08080404030302525,0.0,0.0,0.0015,0.008572330399888263,8.78,0.8596452169295767,2.9,1.0588730430094633,7.08,1.0510216290098242,0.02,0.1407052941362897,5.17,1.583086105100293,5.09,1.5769488503967646,14.83,1.5830861051002934,10.0,0.0,20.0,0.0,2.0,0.0,1.0,0.0,3.13,1.5219272736443836
quadcopter,255.0,255.0,100,4.1,1.6360830286900714,0.205,0.08180415143450355,0.795,0.08180415143450355,0.0,0.0,0.0009999999999999998,0.007035264706814483,8.79,0.8680059581790572,2.89,1.0720979150217294,7.09,1.0645338525534656,0.02,0.1407052941362897,5.15,1.6166744767071577,5.08,1.5806915760469717,14.85,1.616674476707158,10.0,0.0,20.0,0.0,2.0,0.0,1.0,0.0,3.13,1.5219272736443836
quadcopter,256.0,256.0,100,4.1,1.6360830286900714,0.205,0.08180415143450355,0.795,0.08180415143450355,0.0,0.0,0.0,0.0,8.79,0.8680059581790572,2.89,1.0720979150217294,7.09,1.0645338525534656,0.02,0.1407052941362897,5.15,1.6166744767071577,5.05,1.5851265762160016,14.85,1.616674476707158,10.0,0.0,20.0,0.0,2.0,0.0,1.0,0.0,3.13,1.5219272736443836
quadcopter,257.0,257.0,100,4.08,1.6310125751207496,0.204,0.0815506287560375,0.7959999999999999,0.0815506287560375,0.0,0.0,0.0009999999999999998,0.007035264706814482,8.8,0.8645662192537642,2.88,1.07571916277982,7.1,1.0683698523517693,0.02,0.1407052941362897,5.13,1.6121696278899773,5.03,1.5983261446420953,14.87,1.6121696278899773,10.0,0.0,20.0,0.0,2.0,0.0,1.0,0.0,3.13,1.5219272736443836
quadcopter,258.0,258.0,100,4.08,1.6310125751207496,0.204,0.0815506287560375,0.7959999999999999,0.0815506287560375,0.0,0.0,0.0,0.0,8.8,0.8645662192537642,2.88,1.07571916277982,7.1,1.0683698523517693,0.02,0.1407052941362897,5.13,1.6121696278899773,5.0,1.5954480704349314,14.87,1.6121696278899773,10.0,0.0,20.0,0.0,2.0,0.0,1.0,0.0,3.13,1.5219272736443836
quadcopter,259.0,259.0,100,4.07,1.6096614864654308,0.20350000000000001,0.08048307432327155,0.7965000000000001,0.08048307432327155,0.0,0.0,0.0005000000000000004,0.0050000000000000044,8.81,0.8491826135238001,2.88,1.07571916277982,7.1,1.0683698523517693,0.02,0.1407052941362897,5.12,1.5972198067614585,5.0,1.5954480704349314,14.88,1.5972198067614582,10.0,0.0,20.0,0.0,2.0,0.0,1.0,0.0,3.13,1.5219272736443836
quadcopter,260.0,260.0,100,4.06,1.6132031001781026,0.203,0.08066015500890512,0.797,0.08066015500890514,0.0,0.0,0.0005000000000000001,0.005,8.82,0.8454273917655347,2.88,1.07571916277982,7.1,1.0683698523517693,0.02,0.1407052941362897,5.11,1.6074008130324475,4.99,1.5858910760359632,14.89,1.607400813032448,10.0,0.0,20.0,0.0,2.0,0.0,1.0,0.0,3.13,1.5219272736443836
quadcopter,261.0,261.0,100,4.04,1.5885957206402022,0.20199999999999999,0.07942978603201012,0.7979999999999999,0.0794297860320101,0.0,0.0,0.0010000000000000002,0.0070352647068144866,8.83,0.8294454761946667,2.87,1.0603506185896407,7.11,1.0530858934530931,0.02,0.1407052941362897,5.09,1.5897080603594222,4.98,1.576212055671585,14.91,1.5897080603594227,10.0,0.0,20.0,0.0,2.0,0.0,1.0,0.0,3.13,1.5219272736443836
quadcopter,262.0,262.0,100,4.02,1.5889771819785472,0.201,0.07944885909892734,0.799,0.07944885909892735,0.0,0.0,0.001,0.007035264706814485,8.83,0.8294454761946667,2.85,1.0576799462440747,7.13,1.0507813350747213,0.02,0.1407052941362897,5.07,1.5907243760010847,4.98,1.576212055671585,14.93,1.5907243760010847,10.0,0.0,20.0,0.0,2.0,0.0,1.0,0.0,3.13,1.5219272736443836
quadcopter,263.0,263.0,100,4.02,1.5889771819785472,0.201,0.07944885909892734,0.799,0.07944885909892735,0.0,0.0,0.0,0.0,8.83,0.8294454761946667,2.85,1.0576799462440747,7.13,1.0507813350747213,0.02,0.1407052941362897,5.07,1.5907243760010847,4.98,1.576212055671585,14.93,1.5907243760010847,10.0,0.0,20.0,0.0,2.0,0.0,1.0,0.0,3.13,1.5219272736443836
quadcopter,264.0,264.0,100,4.01,1.585891076035963,0.2005,0.07929455380179816,0.7995,0.07929455380179815,0.0,0.0,0.0004999999999999999,0.0049999999999999975,8.84,0.8375047112787732,2.85,1.0576799462440747,7.13,1.0507813350747213,0.02,0.1407052941362897,5.06,1.5751863766590035,4.98,1.576212055671585,14.94,1.5751863766590042,10.0,0.0,20.0,0.0,2.0,0.0,1.0,0.0,3.13,1.5219272736443836
quadcopter,265.0,265.0,100,4.0,1.5891043154093205,0.2,0.07945521577046603,0.8,0.07945521577046602,0.0,0.0,0.0005000000000000001,0.005000000000000002,8.85,0.8453676505795952,2.85,1.0576799462440747,7.13,1.0507813350747213,0.02,0.1407052941362897,5.05,1.5787413475374112,4.98,1.576212055671585,14.95,1.5787413475374117,10.0,0.0,20.0,0.0,2.0,0.0,1.0,0.0,3.13,1.5219272736443836
quadcopter,266.0,266.0,100,3.97,1.5856362837178088,0.1985,0.07928181418589043,0.8015000000000001,0.07928181418589045,0.0,0.0,0.0015,0.011135075167680683,8.88,0.8442317648177382,2.85,1.0576799462440747,7.13,1.0507813350747213,0.02,0.1407052941362897,5.03,1.5728440430755943,4.96,1.575827504275872,14.97,1.572844043075595,10.0,0.0,20.0,0.0,2.0,0.0,1.0,0.0,3.13,1.5219272736443836
quadcopter,267.0,267.0,100,3.96,1.5949414985629986,0.198,0.07974707492814992,0.802,0.07974707492814995,0.0,0.0,0.0004999999999999999,0.0049999999999999975,8.89,0.851558286408814,2.85,1.0576799462440747,7.13,1.0507813350747213,0.02,0.1407052941362897,5.02,1.5889771819785472,4.94,1.568760689528553,14.98,1.5889771819785472,10.0,0.0,20.0,0.0,2.0,0.0,1.0,0.0,3.13,1.5219272736443836
quadcopter,268.0,268.0,100,3.96,1.5949414985629986,0.198,0.07974707492814992,0.802,0.07974707492814995,0.0,0.0,0.0,0.0,8.89,0.851558286408814,2.85,1.0576799462440747,7.13,1.0507813350747213,0.02,0.1407052941362897,5.02,1.5889771819785472,4.91,1.5833413077949106,14.98,1.5889771819785472,10.0,0.0,20.0,0.0,2.0,0.0,1.0,0.0,3.13,1.5219272736443836
quadcopter,269.0,269.0,100,3.96,1.5949414985629986,0.198,0.07974707492814992,0.802,0.07974707492814995,0.0,0.0,0.0,0.0,8.89,0.851558286408814,2.85,1.0576799462440747,7.13,1.0507813350747213,0.02,0.1407052941362897,5.02,1.5889771819785472,4.91,1.5833413077949106,14.98,1.5889771819785472,10.0,0.0,20.0,0.0,2.0,0.0,1.0,0.0,3.13,1.5219272736443836
quadcopter,270.0,270.0,100,3.95,1.597820485233026,0.1975,0.07989102426165129,0.8025,0.0798910242616513,0.0,0.0,0.0005000000000000001,0.005000000000000002,8.89,0.851558286408814,2.84,1.0609696346533986,7.13,1.0507813350747213,0.03,0.1714466079977653,5.01,1.579508937881798,4.9,1.5731330124142315,14.99,1.579508937881798,10.0,0.0,20.0,0.0,2.0,0.0,1.0,0.0,3.13,1.5219272736443836
quadcopter,271.0,271.0,100,3.91,1.5897080603594227,0.1955,0.07948540301797113,0.8045,0.07948540301797113,0.0,0.0,0.002,0.009847319278346617,8.9,0.8348471099367217,2.81,1.060731594302496,7.17,1.0546194679704248,0.02,0.1407052941362897,4.98,1.588977181978547,4.89,1.5692435287504782,15.02,1.5889771819785474,10.0,0.0,20.0,0.0,2.0,0.0,1.0,0.0,3.13,1.5219272736443836
quadcopter,272.0,272.0,100,3.9,1.5986105077709065,0.195,0.07993052538854532,0.805,0.07993052538854532,0.0,0.0,0.0004999999999999999,0.0049999999999999975,8.9,0.8348471099367217,2.8,1.0730867399773194,7.18,1.0672346972385687,0.02,0.1407052941362897,4.97,1.6046334425184103,4.86,1.570047930813103,15.03,1.6046334425184103,10.0,0.0,20.0,0.0,2.0,0.0,1.0,0.0,3.13,1.5219272736443836
quadcopter,273.0,273.0,100,3.9,1.5986105077709065,0.195,0.07993052538854532,0.805,0.07993052538854532,0.0,0.0,0.0,0.0,8.9,0.8348471099367217,2.8,1.0730867399773194,7.18,1.0672346972385687,0.02,0.1407052941362897,4.97,1.6046334425184103,4.85,1.5787413475374115,15.03,1.6046334425184103,10.0,0.0,20.0,0.0,2.0,0.0,1.0,0.0,3.13,1.5219272736443836
quadcopter,274.0,274.0,100,3.89,1.5884367513789504,0.1945,0.07942183756894751,0.8055,0.07942183756894752,0.0,0.0,0.0004999999999999999,0.004999999999999998,8.9,0.8348471099367217,2.79,1.0664298979645719,7.19,1.0607315943024962,0.02,0.1407052941362897,4.96,1.5949414985629988,4.83,1.5830861051002931,15.04,1.5949414985629988,10.0,0.0,20.0,0.0,2.0,0.0,1.0,0.0,3.13,1.5219272736443836
quadcopter,275.0,275.0,100,3.89,1.5884367513789504,0.1945,0.07942183756894751,0.8055,0.07942183756894752,0.0,0.0,0.0,0.0,8.9,0.8348471099367217,2.79,1.0664298979645719,7.19,1.0607315943024962,0.02,0.1407052941362897,4.96,1.5949414985629988,4.83,1.5830861051002931,15.04,1.5949414985629988,10.0,0.0,20.0,0.0,2.0,0.0,1.0,0.0,3.13,1.5219272736443836
quadcopter,276.0,276.0,100,3.86,1.5892314386698263,0.193,0.0794615719334913,0.807,0.0794615719334913,0.0,0.0,0.0015000000000000002,0.008572330399888264,8.92,0.8248660742229863,2.78,1.0691259528373178,7.2,1.063632046956621,0.02,0.1407052941362897,4.93,1.5907243760010847,4.79,1.5782294132375305,15.07,1.5907243760010847,10.0,0.0,20.0,0.0,2.0,0.0,1.0,0.0,3.13,1.5219272736443836
quadcopter,277.0,277.0,100,3.84,1.5681166726330982,0.192,0.0784058336316549,0.8079999999999999,0.0784058336316549,0.0,0.0,0.0009999999999999998,0.007035264706814482,8.93,0.8196451560389917,2.77,1.0527021507443681,7.21,1.0473149893268436,0.02,0.1407052941362897,4.91,1.5769488503967644,4.78,1.5927867707165628,15.09,1.5769488503967644,10.0,0.0,20.0,0.0,2.0,0.0,1.0,0.0,3.13,1.5219272736443836
quadcopter,278.0,278.0,100,3.82,1.5529704349140623,0.191,0.0776485217457031,0.809,0.07764852174570311,0.0,0.0,0.001,0.0070352647068144866,8.95,0.8087276451565166,2.77,1.0527021507443681,7.21,1.0473149893268436,0.02,0.1407052941362897,4.89,1.5756672468282356,4.78,1.5927867707165628,15.11,1.5756672468282362,10.0,0.0,20.0,0.0,2.0,0.0,1.0,0.0,3.13,1.5219272736443836
quadcopter,279.0,279.0,100,3.81,1.5419717142920513,0.1905,0.07709858571460257,0.8095,0.07709858571460255,0.0,0.0,0.0004999999999999999,0.0049999999999999975,8.95,0.8087276451565166,2.76,1.0456258094238748,7.22,1.0403961949297211,0.02,0.1407052941362897,4.88,1.5717197683757216,4.74,1.599368562270685,15.12,1.5717197683757214,10.0,0.0,20.0,0.0,2.0,0.0,1.0,0.0,3.13,1.5219272736443836
quadcopter,280.0,280.0,100,3.81,1.5419717142920513,0.1905,0.07709858571460257,0.8095,0.07709858571460255,0.0,0.0,0.0,0.0,8.95,0.8087276451565166,2.76,1.0456258094238748,7.22,1.0403961949297211,0.02,0.1407052941362897,4.88,1.5717197683757216,4.74,1.599368562270685,15.12,1.5717197683757214,10.0,0.0,20.0,0.0,2.0,0.0,1.0,0.0,3.13,1.5219272736443836
quadcopter,281.0,281.0,100,3.79,1.5524174696260022,0.1895,0.07762087348130012,0.8105,0.07762087348130012,0.0,0.0,0.001,0.007035264706814486,8.96,0.8030245854570613,2.75,1.0480862791225007,7.22,1.0500601233387843,0.03,0.1714466079977653,4.85,1.5851265762160016,4.74,1.599368562270685,15.15,1.5851265762160012,10.0,0.0,20.0,0.0,2.0,0.0,1.0,0.0,3.13,1.5219272736443836
quadcopter,282.0,282.0,100,3.78,1.554270753684047,0.18899999999999997,0.07771353768420236,0.8109999999999999,0.07771353768420237,0.0,0.0,0.0005000000000000001,0.005000000000000001,8.97,0.7971540286886505,2.75,1.0480862791225007,7.23,1.043062700886096,0.02,0.1407052941362897,4.85,1.5914861868166759,4.73,1.6071494308026535,15.15,1.5914861868166759,10.0,0.0,20.0,0.0,2.0,0.0,1.0,0.0,3.13,1.5219272736443836
quadcopter,283.0,283.0,100,3.75,1.5658927811380325,0.1875,0.07829463905690162,0.8125,0.07829463905690162,0.0,0.0,0.0015000000000000002,0.008572330399888264,8.98,0.8037789534819921,2.73,1.0622541307916098,7.25,1.0576799462440747,0.02,0.1407052941362897,4.82,1.6104457002753476,4.7,1.6049166881048922,15.18,1.6104457002753472,10.0,0.0,20.0,0.0,2.0,0.0,1.0,0.0,3.13,1.5219272736443836
quadcopter,284.0,284.0,100,3.75,1.5658927811380325,0.1875,0.07829463905690162,0.8125,0.07829463905690162,0.0,0.0,0.0,0.0,8.98,0.8037789534819921,2.73,1.0622541307916098,7.25,1.0576799462440747,0.02,0.1407052941362897,4.82,1.6104457002753476,4.7,1.6049166881048926,15.18,1.6104457002753472,10.0,0.0,20.0,0.0,2.0,0.0,1.0,0.0,3.13,1.5219272736443836
quadcopter,285.0,285.0,100,3.75,1.5658927811380325,0.1875,0.07829463905690162,0.8125,0.07829463905690162,0.0,0.0,0.0,0.0,8.98,0.8037789534819921,2.73,1.0622541307916098,7.25,1.0576799462440747,0.02,0.1407052941362897,4.82,1.6104457002753476,4.67,1.589453879910844,15.18,1.6104457002753472,10.0,0.0,20.0,0.0,2.0,0.0,1.0,0.0,3.13,1.5219272736443836
quadcopter,286.0,286.0,100,3.7,1.579540912717836,0.185,0.0789770456358918,0.815,0.07897704563589181,0.0,0.0,0.0025,0.01305582419667734,9.01,0.7976607212735414,2.71,1.0944764903271282,7.27,1.0904081341359753,0.02,0.1407052941362897,4.78,1.5991159173655036,4.67,1.589453879910844,15.22,1.599115917365504,10.0,0.0,20.0,0.0,2.0,0.0,1.0,0.0,3.13,1.5219272736443836
quadcopter,287.0,287.0,100,3.68,1.5626964522965434,0.184,0.07813482261482714,0.816,0.07813482261482714,0.0,0.0,0.0009999999999999998,0.007035264706814483,9.01,0.7976607212735414,2.69,1.079608982713443,7.29,1.0758600036597454,0.02,0.1407052941362897,4.76,1.5962076268076115,4.64,1.5924062219664852,15.24,1.5962076268076115,10.0,0.0,20.0,0.0,2.0,0.0,1.0,0.0,3.13,1.5219272736443836
quadcopter,288.0,288.0,100,3.68,1.5626964522965434,0.184,0.07813482261482714,0.816,0.07813482261482714,0.0,0.0,0.0,0.0,9.01,0.7976607212735414,2.69,1.079608982713443,7.29,1.0758600036597454,0.02,0.1407052941362897,4.76,1.5962076268076115,4.63,1.5869098362171774,15.24,1.5962076268076115,10.0,0.0,20.0,0.0,2.0,0.0,1.0,0.0,3.13,1.5219272736443836
quadcopter,289.0,289.0,100,3.65,1.565892781138032,0.1825,0.07829463905690162,0.8175,0.0782946390569016,0.0,0.0,0.0015,0.008572330399888263,9.03,0.7843803447642765,2.68,1.090639697377163,7.3,1.087114613009218,0.02,0.1407052941362897,4.73,1.5881823674638977,4.61,1.5884367513789504,15.27,1.5881823674638977,10.0,0.0,20.0,0.0,2.0,0.0,1.0,0.0,3.13,1.5219272736443836
quadcopter,290.0,290.0,100,3.65,1.565892781138032,0.1825,0.07829463905690162,0.8175,0.0782946390569016,0.0,0.0,0.0,0.0,9.03,0.7843803447642765,2.68,1.090639697377163,7.3,1.087114613009218,0.02,0.1407052941362897,4.73,1.5881823674638977,4.57,1.57797338380595,15.27,1.5881823674638977,10.0,0.0,20.0,0.0,2.0,0.0,1.0,0.0,3.13,1.5219272736443836
quadcopter,291.0,291.0,100,3.63,1.5612414122981582,0.1815,0.07806207061490791,0.8184999999999999,0.07806207061490791,0.0,0.0,0.001,0.007035264706814485,9.03,0.7843803447642765,2.66,1.0937840903778207,7.3,1.0588730430094633,0.04,0.24287836253956216,4.7,1.5922793521720793,4.54,1.5661830330230542,15.3,1.592279352172079,10.0,0.0,20.0,0.0,2.0,0.0,1.0,0.0,3.13,1.5219272736443836
quadcopter,292.0,292.0,100,3.61,1.5756672468282358,0.1805,0.0787833623414118,0.8195,0.07878336234141177,0.0,0.0,0.0010000000000000002,0.007035264706814485,9.04,0.7903457880234858,2.65,1.0859525446781406,7.33,1.0829719677019727,0.02,0.1407052941362897,4.69,1.5871644240880995,4.52,1.5405626677721793,15.31,1.5871644240880995,10.0,0.0,20.0,0.0,2.0,0.0,1.0,0.0,3.13,1.5219272736443836
quadcopter,293.0,293.0,100,3.58,1.583883476991559,0.179,0.07919417384957793,0.821,0.07919417384957791,0.0,0.0,0.0015000000000000002,0.008572330399888266,9.05,0.7961396760860394,2.63,1.069834311725631,7.35,1.0671873729054748,0.02,0.1407052941362897,4.66,1.59050211244656,4.52,1.5273929726593916,15.34,1.59050211244656,10.0,0.0,20.0,0.0,2.0,0.0,1.0,0.0,3.13,1.5219272736443836
quadcopter,294.0,294.0,100,3.55,1.5658927811380323,0.1775,0.07829463905690162,0.8225,0.07829463905690162,0.0,0.0,0.0014999999999999996,0.008572330399888261,9.06,0.80176572814525,2.61,1.043449988637634,7.37,1.0411241011231052,0.02,0.1407052941362897,4.63,1.5805318117901985,4.5,1.5142421513513924,15.37,1.5805318117901985,10.0,0.0,20.0,0.0,2.0,0.0,1.0,0.0,3.13,1.5219272736443836
quadcopter,295.0,295.0,100,3.51,1.5472034073897274,0.17550000000000002,0.07736017036948639,0.8245,0.07736017036948639,0.0,0.0,0.002,0.009847319278346617,9.08,0.8125281657899744,2.59,1.0453842751965818,7.38,1.0519822558706333,0.03,0.1714466079977653,4.58,1.5516690264604653,4.49,1.5008078632603985,15.42,1.5516690264604651,10.0,0.0,20.0,0.0,2.0,0.0,1.0,0.0,3.13,1.5219272736443836
quadcopter,296.0,296.0,100,3.5,1.5472360498448172,0.175,0.07736180249224087,0.825,0.07736180249224088,0.0,0.0,0.0005000000000000001,0.005,9.08,0.8125281657899744,2.58,1.036505395231223,7.4,1.0347497623614468,0.02,0.1407052941362897,4.58,1.5385943998574572,4.49,1.5008078632603985,15.42,1.538594399857457,10.0,0.0,20.0,0.0,2.0,0.0,1.0,0.0,3.13,1.5219272736443836
quadcopter,297.0,297.0,100,3.49,1.5472034073897276,0.1745,0.07736017036948639,0.8255,0.0773601703694864,0.0,0.0,0.0005000000000000001,0.005,9.08,0.8125281657899744,2.57,1.0372360318936986,7.41,1.035676717236736,0.02,0.1407052941362897,4.57,1.532509660193324,4.46,1.4867767318952265,15.43,1.5325096601933244,10.0,0.0,20.0,0.0,2.0,0.0,1.0,0.0,3.13,1.5219272736443836
quadcopter,298.0,298.0,100,3.46,1.553230585755139,0.17300000000000001,0.07766152928775696,0.8270000000000001,0.07766152928775696,0.0,0.0,0.0014999999999999996,0.008572330399888261,9.08,0.8125281657899744,2.54,1.058109616058733,7.43,1.0469291313458642,0.03,0.1714466079977653,4.54,1.5269961269489758,4.46,1.4731262709289419,15.46,1.5269961269489756,10.0,0.0,20.0,0.0,2.0,0.0,1.0,0.0,3.13,1.5219272736443836
quadcopter,299.0,299.0,100,3.46,1.553230585755139,0.17300000000000001,0.07766152928775696,0.8270000000000001,0.07766152928775696,0.0,0.0,0.0,0.0,9.08,0.8125281657899744,2.54,1.058109616058733,7.44,1.0571545570898124,0.02,0.1407052941362897,4.55,1.520067781582802,4.45,1.4728176802279094,15.45,1.5200677815828012,10.0,0.0,20.0,0.0,2.0,0.0,1.0,0.0,3.13,1.5219272736443836
quadcopter,300.0,300.0,100,3.45,1.5529379129946443,0.1725,0.07764689564973222,0.8275,0.0776468956497322,0.0,0.0,0.0005000000000000001,0.005000000000000001,9.09,0.8176709965419212,2.54,1.058109616058733,7.44,1.0571545570898124,0.02,0.1407052941362897,4.54,1.526996126948976,4.44,1.4655643240331653,15.46,1.5269961269489751,10.0,0.0,20.0,0.0,2.0,0.0,1.0,0.0,3.13,1.5219272736443836
quadcopter,301.0,301.0,100,3.43,1.5390867028169264,0.17149999999999999,0.07695433514084632,0.8284999999999999,0.07695433514084635,0.0,0.0,0.0010000000000000005,0.0070352647068144866,9.09,0.8176709965419212,2.52,1.0490977364412055,7.46,1.048519880304584,0.02,0.1407052941362897,4.52,1.5141087320682265,4.43,1.4651162604263377,15.48,1.5141087320682265,10.0,0.0,20.0,0.0,2.0,0.0,1.0,0.0,3.13,1.5219272736443836
quadcopter,302.0,302.0,100,3.4,1.5242153139344596,0.17,0.07621076569672298,0.83,0.07621076569672297,0.0,0.0,0.0015,0.011135075167680681,9.1,0.7977240352174655,2.5,1.0396191999035422,7.48,1.0394248603934968,0.02,0.1407052941362897,4.5,1.4940961255298244,4.4,1.4974726182552534,15.5,1.494096125529824,10.0,0.0,20.0,0.0,2.0,0.0,1.0,0.0,3.13,1.5219272736443836
quadcopter,303.0,303.0,100,3.4,1.5242153139344596,0.17,0.07621076569672298,0.83,0.07621076569672297,0.0,0.0,0.0,0.0,9.1,0.7977240352174655,2.5,1.0396191999035422,7.47,1.039181884897437,0.03,0.1714466079977653,4.49,1.4940623220676648,4.4,1.4974726182552534,15.51,1.4940623220676648,10.0,0.0,20.0,0.0,2.0,0.0,1.0,0.0,3.13,1.5219272736443836
quadcopter,304.0,304.0,100,3.39,1.5102010034121518,0.16949999999999998,0.07551005017060759,0.8305,0.07551005017060759,0.0,0.0,0.0004999999999999999,0.0049999999999999975,9.1,0.7977240352174655,2.49,1.0298082590973188,7.49,1.0298082590973188,0.02,0.1407052941362897,4.49,1.4872861869930087,4.4,1.4974726182552534,15.51,1.4872861869930092,10.0,0.0,20.0,0.0,2.0,0.0,1.0,0.0,3.13,1.5219272736443836
quadcopter,305.0,305.0,100,3.37,1.4815702835338271,0.1685,0.07407851417669134,0.8315,0.07407851417669137,0.0,0.0,0.0009999999999999998,0.007035264706814484,9.11,0.7900262110470857,2.48,1.0296611191076512,7.5,1.0298573010888745,0.02,0.1407052941362897,4.47,1.4733662412340256,4.37,1.4951436537853298,15.53,1.4733662412340256,10.0,0.0,20.0,0.0,2.0,0.0,1.0,0.0,3.13,1.5219272736443836
quadcopter,306.0,306.0,100,3.35,1.4932508094081116,0.1675,0.07466254047040558,0.8325,0.07466254047040558,0.0,0.0,0.0009999999999999998,0.007035264706814485,9.11,0.7900262110470857,2.46,1.048519880304584,7.52,1.0490977364412053,0.02,0.1407052941362897,4.45,1.486470975026408,4.35,1.5067189585991212,15.55,1.4864709750264078,10.0,0.0,20.0,0.0,2.0,0.0,1.0,0.0,3.13,1.5219272736443836
quadcopter,307.0,307.0,100,3.34,1.4854173307406395,0.16699999999999998,0.07427086653703198,0.833,0.07427086653703198,0.0,0.0,0.0004999999999999999,0.004999999999999998,9.12,0.7821235015757879,2.46,1.048519880304584,7.52,1.0490977364412053,0.02,0.1407052941362897,4.44,1.486097186756253,4.35,1.5067189585991212,15.56,1.486097186756253,10.0,0.0,20.0,0.0,2.0,0.0,1.0,0.0,3.13,1.5219272736443836
quadcopter,308.0,308.0,100,3.32,1.462528597665666,0.166,0.07312642988328327,0.8340000000000001,0.07312642988328329,0.0,0.0,0.0009999999999999998,0.009999999999999997,9.13,0.7740096311357557,2.45,1.03840398125336,7.53,1.0391818848974372,0.02,0.1407052941362897,4.43,1.471994455413361,4.34,1.5123732103130918,15.57,1.471994455413361,10.0,0.0,20.0,0.0,2.0,0.0,1.0,0.0,3.13,1.5219272736443836
quadcopter,309.0,309.0,100,3.29,1.4445648745444688,0.16449999999999998,0.07222824372722343,0.8355,0.07222824372722343,0.0,0.0,0.0015000000000000002,0.008572330399888263,9.13,0.7740096311357557,2.42,1.0168281044205036,7.56,1.0182178925788317,0.02,0.1407052941362897,4.4,1.4564381625088383,4.33,1.4978435677784756,15.6,1.4564381625088378,10.0,0.0,20.0,0.0,2.0,0.0,1.0,0.0,3.13,1.5219272736443836
quadcopter,310.0,310.0,100,3.26,1.4676305372740759,0.163,0.07338152686370383,0.8370000000000001,0.07338152686370383,0.0,0.0,0.0015000000000000002,0.008572330399888266,9.14,0.7787584005740458,2.4,1.0249414863810766,7.58,1.026713891082328,0.02,0.1407052941362897,4.37,1.4747367510333786,4.31,1.4954138645413937,15.63,1.4747367510333778,10.0,0.0,20.0,0.0,2.0,0.0,1.0,0.0,3.13,1.5219272736443836
quadcopter,311.0,311.0,100,3.26,1.4676305372740759,0.163,0.07338152686370383,0.8370000000000001,0.07338152686370383,0.0,0.0,0.0,0.0,9.14,0.7787584005740458,2.4,1.0249414863810766,7.58,1.026713891082328,0.02,0.1407052941362897,4.37,1.4747367510333786,4.3,1.487320144461579,15.63,1.4747367510333778,10.0,0.0,20.0,0.0,2.0,0.0,1.0,0.0,3.13,1.5219272736443836
quadcopter,312.0,312.0,100,3.24,1.4779182738711991,0.162,0.07389591369355994,0.838,0.07389591369355995,0.0,0.0,0.0010000000000000002,0.007035264706814485,9.15,0.7833494518006403,2.39,1.0139930069688934,7.59,1.0159833769418782,0.02,0.1407052941362897,4.35,1.5000000000000002,4.28,1.4776448637728699,15.65,1.5000000000000002,10.0,0.0,20.0,0.0,2.0,0.0,1.0,0.0,3.13,1.5219272736443836
quadcopter,313.0,313.0,100,3.23,1.4554321792109823,0.16149999999999998,0.0727716089605491,0.8384999999999999,0.07277160896054909,0.0,0.0,0.0004999999999999999,0.004999999999999998,9.15,0.7833494518006403,2.38,0.992700632343178,7.6,0.9949366763261822,0.02,0.1407052941362897,4.34,1.4854173307406395,4.27,1.4897291462856357,15.66,1.4854173307406398,10.0,0.0,20.0,0.0,2.0,0.0,1.0,0.0,3.13,1.5219272736443836
quadcopter,314.0,314.0,100,3.22,1.4604551663537273,0.161,0.07302275831768636,0.8390000000000001,0.07302275831768634,0.0,0.0,0.0004999999999999999,0.0049999999999999975,9.15,0.7833494518006403,2.37,1.0015644328406,7.61,1.0039819709436009,0.02,0.1407052941362897,4.33,1.4842948875244815,4.26,1.481331642254169,15.67,1.484294887524482,10.0,0.0,20.0,0.0,2.0,0.0,1.0,0.0,3.13,1.5219272736443836
quadcopter,315.0,315.0,100,3.19,1.4886438815447456,0.1595,0.0744321940772373,0.8405,0.07443219407723727,0.0,0.0,0.0015000000000000002,0.011135075167680683,9.15,0.7833494518006403,2.34,1.0271073434405453,7.64,1.030053445705659,0.02,0.1407052941362897,4.31,1.4886438815447456,4.25,1.4728176802279092,15.69,1.4886438815447458,10.0,0.0,20.0,0.0,2.0,0.0,1.0,0.0,3.13,1.5219272736443836
quadcopter,316.0,316.0,100,3.17,1.491084616423003,0.1585,0.07455423082115012,0.8415,0.07455423082115012,0.0,0.0,0.001,0.007035264706814486,9.15,0.7833494518006403,2.32,1.013843571700678,7.66,1.0172253805069331,0.02,0.1407052941362897,4.29,1.4791138488222528,4.23,1.4484753391345013,15.71,1.479113848822253,10.0,0.0,20.0,0.0,2.0,0.0,1.0,0.0,3.13,1.5219272736443836
quadcopter,317.0,317.0,100,3.16,1.495582721472696,0.158,0.0747791360736348,0.8420000000000001,0.07477913607363479,0.0,0.0,0.0004999999999999999,0.004999999999999998,9.15,0.7833494518006403,2.31,1.0219312277954102,7.67,1.0254833794928915,0.02,0.1407052941362897,4.28,1.4912539635616677,4.19,1.440363309948731,15.72,1.4912539635616675,10.0,0.0,20.0,0.0,2.0,0.0,1.0,0.0,3.13,1.5219272736443836
quadcopter,318.0,318.0,100,3.16,1.495582721472696,0.158,0.0747791360736348,0.8420000000000001,0.07477913607363479,0.0,0.0,0.0,0.0,9.15,0.7833494518006403,2.31,1.0219312277954102,7.67,1.0254833794928915,0.02,0.1407052941362897,4.28,1.4912539635616677,4.19,1.440363309948731,15.72,1.4912539635616675,10.0,0.0,20.0,0.0,2.0,0.0,1.0,0.0,3.13,1.5219272736443836
quadcopter,319.0,319.0,100,3.16,1.495582721472696,0.158,0.0747791360736348,0.8420000000000001,0.07477913607363479,0.0,0.0,0.0,0.0,9.15,0.7833494518006403,2.31,1.0219312277954102,7.67,1.0254833794928915,0.02,0.1407052941362897,4.28,1.4912539635616677,4.19,1.440363309948731,15.72,1.4912539635616675,10.0,0.0,20.0,0.0,2.0,0.0,1.0,0.0,3.13,1.5219272736443836
quadcopter,320.0,320.0,100,3.12,1.5326744302332795,0.156,0.07663372151166399,0.8440000000000001,0.07663372151166399,0.0,0.0,0.002,0.015763402186230246,9.15,0.7833494518006403,2.27,1.0430627008860962,7.71,1.0473149893268439,0.02,0.1407052941362897,4.26,1.4881348912465748,4.19,1.440363309948731,15.74,1.4881348912465748,10.0,0.0,20.0,0.0,2.0,0.0,1.0,0.0,3.13,1.5219272736443836
quadcopter,321.0,321.0,100,3.1,1.5275252316519468,0.155,0.07637626158259735,0.845,0.07637626158259732,0.0,0.0,0.0010000000000000002,0.0070352647068144866,9.15,0.7833494518006403,2.25,1.0286305498481019,7.73,1.0333333333333332,0.02,0.1407052941362897,4.24,1.4779182738711987,4.16,1.4264457489675082,15.76,1.4779182738711996,10.0,0.0,20.0,0.0,2.0,0.0,1.0,0.0,3.13,1.5219272736443836
quadcopter,322.0,322.0,100,3.1,1.5275252316519468,0.155,0.07637626158259735,0.845,0.07637626158259732,0.0,0.0,0.0,0.0,9.15,0.7833494518006403,2.25,1.0286305498481019,7.73,1.0333333333333332,0.02,0.1407052941362897,4.24,1.4779182738711987,4.13,1.4540434739863952,15.76,1.4779182738711996,10.0,0.0,20.0,0.0,2.0,0.0,1.0,0.0,3.13,1.5219272736443836
quadcopter,323.0,323.0,100,3.1,1.5275252316519468,0.155,0.07637626158259735,0.845,0.07637626158259732,0.0,0.0,0.0,0.0,9.15,0.7833494518006403,2.25,1.0286305498481019,7.73,1.0333333333333332,0.02,0.1407052941362897,4.24,1.4779182738711987,4.11,1.4417651919389887,15.76,1.4779182738711996,10.0,0.0,20.0,0.0,2.0,0.0,1.0,0.0,3.13,1.5219272736443836
quadcopter,324.0,324.0,100,3.09,1.531454712145787,0.1545,0.07657273560728935,0.8454999999999999,0.07657273560728935,0.0,0.0,0.0004999999999999999,0.0049999999999999975,9.16,0.7877855422677296,2.25,1.0286305498481019,7.73,1.0333333333333332,0.02,0.1407052941362897,4.23,1.4692470414082408,4.11,1.4417651919389887,15.77,1.4692470414082406,10.0,0.0,20.0,0.0,2.0,0.0,1.0,0.0,3.13,1.5219272736443836
quadcopter,325.0,325.0,100,3.05,1.5067189585991212,0.1525,0.07533594792995607,0.8475,0.07533594792995606,0.0,0.0,0.0019999999999999996,0.009847319278346617,9.17,0.7792122414154675,2.22,1.0108502271940099,7.76,1.0062431378773484,0.02,0.1407052941362897,4.19,1.4473591416260456,4.11,1.4417651919389887,15.81,1.4473591416260456,10.0,0.0,20.0,0.0,2.0,0.0,1.0,0.0,3.13,1.5219272736443836
quadcopter,326.0,326.0,100,3.03,1.5403987415043814,0.1515,0.07701993707521906,0.8484999999999999,0.07701993707521909,0.0,0.0,0.001,0.007035264706814485,9.17,0.7792122414154675,2.2,1.044465935734187,7.78,1.0403961949297211,0.02,0.1407052941362897,4.17,1.470621390000592,4.1,1.4319584667528071,15.83,1.470621390000592,10.0,0.0,20.0,0.0,2.0,0.0,1.0,0.0,3.13,1.5219272736443836
quadcopter,327.0,327.0,100,3.0,1.5569978883230458,0.15,0.07784989441615227,0.85,0.07784989441615228,0.0,0.0,0.0015000000000000002,0.008572330399888264,9.19,0.7874649262672023,2.19,1.041512109745957,7.79,1.0376254944182255,0.02,0.1407052941362897,4.14,1.456576864300735,4.08,1.4332276211898145,15.86,1.4565768643007353,10.0,0.0,20.0,0.0,2.0,0.0,1.0,0.0,3.13,1.5219272736443836
quadcopter,328.0,328.0,100,3.0,1.5569978883230458,0.15,0.07784989441615227,0.85,0.07784989441615228,0.0,0.0,0.0,0.0,9.19,0.7874649262672023,2.19,1.041512109745957,7.79,1.0376254944182255,0.02,0.1407052941362897,4.14,1.456576864300735,4.07,1.4302291968616623,15.86,1.4565768643007353,10.0,0.0,20.0,0.0,2.0,0.0,1.0,0.0,3.13,1.5219272736443836
quadcopter,329.0,329.0,100,3.0,1.5569978883230458,0.15,0.07784989441615227,0.85,0.07784989441615228,0.0,0.0,0.0,0.0,9.19,0.7874649262672023,2.19,1.041512109745957,7.79,1.0376254944182255,0.02,0.1407052941362897,4.14,1.456576864300735,4.05,1.4310764472870756,15.86,1.4565768643007353,10.0,0.0,20.0,0.0,2.0,0.0,1.0,0.0,3.13,1.5219272736443836
quadcopter,330.0,330.0,100,3.0,1.5569978883230458,0.15,0.07784989441615227,0.85,0.07784989441615228,0.0,0.0,0.0,0.0,9.19,0.7874649262672023,2.19,1.041512109745957,7.79,1.0376254944182255,0.02,0.1407052941362897,4.14,1.456576864300735,4.03,1.4456832294800956,15.86,1.4565768643007353,10.0,0.0,20.0,0.0,2.0,0.0,1.0,0.0,3.13,1.5219272736443836
quadcopter,331.0,331.0,100,3.0,1.5569978883230458,0.15,0.07784989441615227,0.85,0.07784989441615228,0.0,0.0,0.0,0.0,9.19,0.7874649262672023,2.19,1.041512109745957,7.79,1.0376254944182255,0.02,0.1407052941362897,4.14,1.456576864300735,4.03,1.4456832294800956,15.86,1.4565768643007353,10.0,0.0,20.0,0.0,2.0,0.0,1.0,0.0,3.13,1.5219272736443836
quadcopter,332.0,332.0,100,2.99,1.5537182511769643,0.1495,0.07768591255884821,0.8504999999999999,0.0776859125588482,0.0,0.0,0.0005000000000000001,0.005000000000000001,9.2,0.7913675671030665,2.19,1.041512109745957,7.79,1.0376254944182255,0.02,0.1407052941362897,4.13,1.4609738000540753,4.02,1.4423605791909453,15.87,1.4609738000540753,10.0,0.0,20.0,0.0,2.0,0.0,1.0,0.0,3.13,1.5219272736443836
quadcopter,333.0,333.0,100,2.96,1.5694044421468618,0.14800000000000002,0.07847022210734313,0.852,0.07847022210734311,0.0,0.0,0.0015,0.008572330399888264,9.21,0.7951240294584377,2.17,1.0641542380802902,7.81,1.0607315943024964,0.02,0.1407052941362897,4.1,1.459901753993443,4.01,1.4529315541380816,15.9,1.4599017539934434,10.0,0.0,20.0,0.0,2.0,0.0,1.0,0.0,3.13,1.5219272736443836
quadcopter,334.0,334.0,100,2.95,1.585126576216001,0.1475,0.07925632881080005,0.8525,0.07925632881080004,0.0,0.0,0.0005,0.004999999999999998,9.21,0.7951240294584377,2.16,1.0798428617445253,7.82,1.0766577539738054,0.02,0.1407052941362897,4.09,1.4708961056224716,4.01,1.4529315541380816,15.91,1.4708961056224716,10.0,0.0,20.0,0.0,2.0,0.0,1.0,0.0,3.13,1.5219272736443836
quadcopter,335.0,335.0,100,2.95,1.585126576216001,0.1475,0.07925632881080005,0.8525,0.07925632881080004,0.0,0.0,0.0,0.0,9.21,0.7951240294584377,2.16,1.0798428617445253,7.82,1.0766577539738054,0.02,0.1407052941362897,4.09,1.4708961056224716,4.01,1.4529315541380816,15.91,1.4708961056224716,10.0,0.0,20.0,0.0,2.0,0.0,1.0,0.0,3.13,1.5219272736443836
quadcopter,336.0,336.0,100,2.92,1.5806915760469715,0.146,0.07903457880234857,0.8540000000000001,0.07903457880234857,0.0,0.0,0.0015000000000000002,0.011135075167680681,9.22,0.798736375771004,2.14,1.0638219642953288,7.84,1.0609696346533983,0.02,0.1407052941362897,4.06,1.4621141466307537,4.01,1.4529315541380816,15.94,1.4621141466307546,10.0,0.0,20.0,0.0,2.0,0.0,1.0,0.0,3.13,1.5219272736443836
quadcopter,337.0,337.0,100,2.9,1.5731330124142315,0.145,0.07865665062071156,0.855,0.07865665062071156,0.0,0.0,0.0009999999999999998,0.007035264706814484,9.23,0.7895146188218006,2.13,1.069834311725631,7.85,1.067187372905475,0.02,0.1407052941362897,4.04,1.4696938456699065,4.0,1.4633571475938951,15.96,1.4696938456699065,10.0,0.0,20.0,0.0,2.0,0.0,1.0,0.0,3.13,1.5219272736443836
quadcopter,338.0,338.0,100,2.89,1.5756672468282358,0.1445,0.07878336234141178,0.8554999999999999,0.07878336234141178,0.0,0.0,0.0004999999999999999,0.004999999999999998,9.24,0.7928977668570323,2.13,1.069834311725631,7.85,1.067187372905475,0.02,0.1407052941362897,4.03,1.4664944802507984,3.98,1.4562994475066182,15.97,1.4664944802507984,10.0,0.0,20.0,0.0,2.0,0.0,1.0,0.0,3.13,1.5219272736443836
quadcopter,339.0,339.0,100,2.88,1.5523198670689522,0.14400000000000002,0.0776159933534476,0.856,0.07761599335344761,0.0,0.0,0.0004999999999999999,0.004999999999999998,9.25,0.7703468981143127,2.13,1.069834311725631,7.85,1.067187372905475,0.02,0.1407052941362897,4.02,1.449346770309321,3.96,1.4489285487538504,15.98,1.4493467703093208,10.0,0.0,20.0,0.0,2.0,0.0,1.0,0.0,3.13,1.5219272736443836
quadcopter,340.0,340.0,100,2.88,1.5523198670689522,0.14400000000000002,0.0776159933534476,0.856,0.07761599335344761,0.0,0.0,0.0,0.0,9.25,0.7703468981143127,2.13,1.069834311725631,7.85,1.067187372905475,0.02,0.1407052941362897,4.02,1.449346770309321,3.96,1.4489285487538504,15.98,1.4493467703093208,10.0,0.0,20.0,0.0,2.0,0.0,1.0,0.0,3.13,1.5219272736443836
quadcopter,341.0,341.0,100,2.86,1.5506271132817344,0.14300000000000002,0.07753135566408673,0.857,0.07753135566408671,0.0,0.0,0.001,0.007035264706814485,9.25,0.7703468981143127,2.11,1.0626344240574548,7.87,1.060350618589641,0.02,0.1407052941362897,4.0,1.4633571475938951,3.95,1.4451241601965688,16.0,1.4633571475938953,10.0,0.0,20.0,0.0,2.0,0.0,1.0,0.0,3.13,1.5219272736443836
quadcopter,342.0,342.0,100,2.86,1.5506271132817344,0.14300000000000002,0.07753135566408673,0.857,0.07753135566408671,0.0,0.0,0.0,0.0,9.25,0.7703468981143127,2.11,1.0626344240574548,7.87,1.060350618589641,0.02,0.1407052941362897,4.0,1.4633571475938951,3.93,1.458205622113574,16.0,1.4633571475938953,10.0,0.0,20.0,0.0,2.0,0.0,1.0,0.0,3.13,1.5219272736443836
quadcopter,343.0,343.0,100,2.85,1.5398740601789878,0.1425,0.07699370300894941,0.8575,0.07699370300894941,0.0,0.0,0.0004999999999999999,0.0049999999999999975,9.25,0.7703468981143127,2.1,1.0588730430094635,7.88,1.056772291824344,0.02,0.1407052941362897,3.99,1.4598671587552485,3.92,1.447254453973265,16.01,1.4598671587552485,10.0,0.0,20.0,0.0,2.0,0.0,1.0,0.0,3.13,1.5219272736443836
quadcopter,344.0,344.0,100,2.85,1.5398740601789878,0.1425,0.07699370300894941,0.8575,0.07699370300894941,0.0,0.0,0.0,0.0,9.25,0.7703468981143127,2.1,1.0588730430094635,7.88,1.056772291824344,0.02,0.1407052941362897,3.99,1.4598671587552485,3.92,1.447254453973265,16.01,1.4598671587552485,10.0,0.0,20.0,0.0,2.0,0.0,1.0,0.0,3.13,1.5219272736443836
quadcopter,345.0,345.0,100,2.85,1.5398740601789878,0.1425,0.07699370300894941,0.8575,0.07699370300894941,0.0,0.0,0.0,0.0,9.25,0.7703468981143127,2.1,1.0588730430094635,7.88,1.056772291824344,0.02,0.1407052941362897,3.99,1.4598671587552485,3.92,1.447254453973265,16.01,1.4598671587552485,10.0,0.0,20.0,0.0,2.0,0.0,1.0,0.0,3.13,1.5219272736443836
quadcopter,346.0,346.0,100,2.83,1.5508550916031822,0.14150000000000001,0.07754275458015912,0.8584999999999999,0.0775427545801591,0.0,0.0,0.001,0.007035264706814482,9.25,0.7703468981143127,2.08,1.060588744447387,7.9,1.0588730430094633,0.02,0.1407052941362897,3.97,1.4733662412340256,3.91,1.436149453408402,16.03,1.4733662412340256,10.0,0.0,20.0,0.0,2.0,0.0,1.0,0.0,3.13,1.5219272736443836
quadcopter,347.0,347.0,100,2.83,1.5508550916031822,0.14150000000000001,0.07754275458015912,0.8584999999999999,0.0775427545801591,0.0,0.0,0.0,0.0,9.25,0.7703468981143127,2.08,1.060588744447387,7.9,1.0588730430094633,0.02,0.1407052941362897,3.97,1.4733662412340256,3.89,1.4487542541400489,16.03,1.4733662412340256,10.0,0.0,20.0,0.0,2.0,0.0,1.0,0.0,3.13,1.5219272736443836
quadcopter,348.0,348.0,100,2.81,1.5354070299027378,0.1405,0.07677035149513689,0.8595,0.0767703514951369,0.0,0.0,0.001,0.007035264706814485,9.27,0.7501514998500455,2.08,1.060588744447387,7.9,1.0588730430094633,0.02,0.1407052941362897,3.95,1.4659433478105142,3.87,1.4470799577218965,16.05,1.4659433478105146,10.0,0.0,20.0,0.0,2.0,0.0,1.0,0.0,3.13,1.5219272736443836
quadcopter,349.0,349.0,100,2.8,1.5308279927654649,0.14,0.07654139963827326,0.86,0.07654139963827326,0.0,0.0,0.0005000000000000001,0.005000000000000001,9.28,0.7531750973530174,2.08,1.060588744447387,7.9,1.0588730430094633,0.02,0.1407052941362897,3.94,1.462114146630754,3.85,1.4168894655461863,16.06,1.4621141466307543,10.0,0.0,20.0,0.0,2.0,0.0,1.0,0.0,3.13,1.5219272736443836
quadcopter,350.0,350.0,100,2.79,1.5327732837552783,0.13949999999999999,0.07663866418776394,0.8604999999999999,0.07663866418776391,0.0,0.0,0.0004999999999999999,0.004999999999999998,9.28,0.7531750973530174,2.07,1.05653330579903,7.91,1.0550025132815102,0.02,0.1407052941362897,3.93,1.4512620770080142,3.83,1.3930201184853903,16.07,1.4512620770080142,10.0,0.0,20.0,0.0,2.0,0.0,1.0,0.0,3.13,1.5219272736443836
quadcopter,351.0,351.0,100,2.76,1.5316195956759582,0.138,0.07658097978379791,0.862,0.07658097978379791,0.0,0.0,0.0014999999999999996,0.008572330399888264,9.29,0.7560530150830439,2.05,1.0480862791225007,7.93,1.0469291313458644,0.02,0.1407052941362897,3.9,1.4599017539934431,3.82,1.388116957200901,16.1,1.4599017539934427,10.0,0.0,20.0,0.0,2.0,0.0,1.0,0.0,3.13,1.5219272736443836
quadcopter,352.0,352.0,100,2.75,1.5134080878613145,0.1375,0.07567040439306572,0.8625,0.0756704043930657,0.0,0.0,0.0004999999999999999,0.004999999999999998,9.29,0.7560530150830439,2.04,1.033968524226395,7.94,1.0329911456884358,0.02,0.1407052941362897,3.89,1.4487542541400489,3.82,1.388116957200901,16.11,1.4487542541400482,10.0,0.0,20.0,0.0,2.0,0.0,1.0,0.0,3.13,1.5219272736443836
quadcopter,353.0,353.0,100,2.73,1.5099334388968906,0.1365,0.07549667194484452,0.8634999999999999,0.07549667194484451,0.0,0.0,0.001,0.007035264706814485,9.3,0.7453559924999296,2.03,1.0391818848974372,7.95,1.0384039812533599,0.02,0.1407052941362897,3.87,1.4470799577218962,3.82,1.388116957200901,16.13,1.4470799577218958,10.0,0.0,20.0,0.0,2.0,0.0,1.0,0.0,3.13,1.5219272736443836
quadcopter,354.0,354.0,100,2.73,1.5099334388968906,0.1365,0.07549667194484452,0.8634999999999999,0.07549667194484451,0.0,0.0,0.0,0.0,9.3,0.7453559924999296,2.03,1.0391818848974372,7.95,1.0384039812533599,0.02,0.1407052941362897,3.87,1.4470799577218962,3.82,1.388116957200901,16.13,1.4470799577218958,10.0,0.0,20.0,0.0,2.0,0.0,1.0,0.0,3.13,1.5219272736443836
quadcopter,355.0,355.0,100,2.72,1.4980121508320297,0.136,0.07490060754160151,0.8640000000000001,0.0749006075416015,0.0,0.0,0.0004999999999999999,0.0049999999999999975,9.3,0.7453559924999296,2.02,1.0345545081352796,7.96,1.0339685242263952,0.02,0.1407052941362897,3.86,1.442640676402867,3.8,1.407052941362897,16.14,1.4426406764028668,10.0,0.0,20.0,0.0,2.0,0.0,1.0,0.0,3.13,1.5219272736443836
quadcopter,356.0,356.0,100,2.72,1.4980121508320297,0.136,0.07490060754160151,0.8640000000000001,0.0749006075416015,0.0,0.0,0.0,0.0,9.3,0.7453559924999296,2.02,1.0345545081352796,7.96,1.0339685242263952,0.02,0.1407052941362897,3.86,1.442640676402867,3.8,1.407052941362897,16.14,1.4426406764028668,10.0,0.0,20.0,0.0,2.0,0.0,1.0,0.0,3.13,1.5219272736443836
quadcopter,357.0,357.0,100,2.72,1.4980121508320297,0.136,0.07490060754160151,0.8640000000000001,0.0749006075416015,0.0,0.0,0.0,0.0,9.3,0.7453559924999296,2.02,1.0345545081352796,7.96,1.0339685242263952,0.02,0.1407052941362897,3.86,1.442640676402867,3.8,1.407052941362897,16.14,1.4426406764028668,10.0,0.0,20.0,0.0,2.0,0.0,1.0,0.0,3.13,1.5219272736443836
quadcopter,358.0,358.0,100,2.71,1.4927095558687289,0.1355,0.07463547779343646,0.8645,0.07463547779343645,0.0,0.0,0.0005000000000000001,0.005000000000000002,9.31,0.7479939501726928,2.02,1.0345545081352796,7.96,1.0339685242263952,0.02,0.1407052941362897,3.85,1.4451241601965688,3.8,1.407052941362897,16.15,1.4451241601965688,10.0,0.0,20.0,0.0,2.0,0.0,1.0,0.0,3.13,1.5219272736443836
quadcopter,359.0,359.0,100,2.68,1.4966629547095764,0.134,0.07483314773547883,0.866,0.0748331477354788,0.0,0.0,0.0015000000000000002,0.008572330399888266,9.32,0.7369058983549408,2.0,1.034749762361447,7.98,1.0345545081352796,0.02,0.1407052941362897,3.82,1.4311117385029053,3.8,1.407052941362897,16.18,1.4311117385029055,10.0,0.0,20.0,0.0,2.0,0.0,1.0,0.0,3.13,1.5219272736443836
quadcopter,360.0,360.0,100,2.67,1.4910846164230025,0.1335,0.07455423082115013,0.8665,0.07455423082115012,0.0,0.0,0.0005000000000000001,0.005,9.33,0.7255092255537735,2.0,1.034749762361447,7.98,1.0345545081352796,0.02,0.1407052941362897,3.81,1.4333333333333336,3.8,1.407052941362897,16.19,1.4333333333333342,10.0,0.0,20.0,0.0,2.0,0.0,1.0,0.0,3.13,1.5219272736443836
quadcopter,361.0,361.0,100,2.67,1.4910846164230025,0.1335,0.07455423082115013,0.8665,0.07455423082115012,0.0,0.0,0.0,0.0,9.33,0.7255092255537735,2.0,1.034749762361447,7.98,1.0345545081352796,0.02,0.1407052941362897,3.81,1.4333333333333336,3.78,1.396821789317131,16.19,1.4333333333333342,10.0,0.0,20.0,0.0,2.0,0.0,1.0,0.0,3.13,1.5219272736443836
quadcopter,362.0,362.0,100,2.67,1.4910846164230025,0.1335,0.07455423082115013,0.8665,0.07455423082115012,0.0,0.0,0.0,0.0,9.33,0.7255092255537735,2.0,1.034749762361447,7.98,1.0345545081352796,0.02,0.1407052941362897,3.81,1.4333333333333336,3.78,1.396821789317131,16.19,1.4333333333333342,10.0,0.0,20.0,0.0,2.0,0.0,1.0,0.0,3.13,1.5219272736443836
quadcopter,363.0,363.0,100,2.67,1.4910846164230025,0.1335,0.07455423082115013,0.8665,0.07455423082115012,0.0,0.0,0.0,0.0,9.33,0.7255092255537735,2.0,1.034749762361447,7.98,1.0345545081352796,0.02,0.1407052941362897,3.81,1.4333333333333336,3.78,1.396821789317131,16.19,1.4333333333333342,10.0,0.0,20.0,0.0,2.0,0.0,1.0,0.0,3.13,1.5219272736443836
quadcopter,364.0,364.0,100,2.67,1.4910846164230025,0.1335,0.07455423082115013,0.8665,0.07455423082115012,0.0,0.0,0.0,0.0,9.33,0.7255092255537735,2.0,1.034749762361447,7.98,1.0345545081352796,0.02,0.1407052941362897,3.81,1.4333333333333336,3.78,1.396821789317131,16.19,1.4333333333333342,10.0,0.0,20.0,0.0,2.0,0.0,1.0,0.0,3.13,1.5219272736443836
quadcopter,365.0,365.0,100,2.65,1.472817680227909,0.1325,0.07364088401139546,0.8675,0.07364088401139544,0.0,0.0,0.0009999999999999998,0.007035264706814483,9.33,0.7255092255537735,1.98,1.0247443632931141,8.0,1.0150384378451047,0.02,0.1407052941362897,3.79,1.3947593109040484,3.78,1.396821789317131,16.21,1.3947593109040486,10.0,0.0,20.0,0.0,2.0,0.0,1.0,0.0,3.13,1.5219272736443836
quadcopter,366.0,366.0,100,2.65,1.472817680227909,0.1325,0.07364088401139546,0.8675,0.07364088401139544,0.0,0.0,0.0,0.0,9.33,0.7255092255537735,1.98,1.0247443632931141,8.0,1.0150384378451047,0.02,0.1407052941362897,3.79,1.3947593109040484,3.78,1.396821789317131,16.21,1.3947593109040486,10.0,0.0,20.0,0.0,2.0,0.0,1.0,0.0,3.13,1.5219272736443836
quadcopter,367.0,367.0,100,2.65,1.472817680227909,0.1325,0.07364088401139546,0.8675,0.07364088401139544,0.0,0.0,0.0,0.0,9.33,0.7255092255537735,1.98,1.0247443632931141,8.0,1.0150384378451047,0.02,0.1407052941362897,3.79,1.3947593109040484,3.78,1.396821789317131,16.21,1.3947593109040486,10.0,0.0,20.0,0.0,2.0,0.0,1.0,0.0,3.13,1.5219272736443836
quadcopter,368.0,368.0,100,2.65,1.472817680227909,0.1325,0.07364088401139546,0.8675,0.07364088401139544,0.0,0.0,0.0,0.0,9.33,0.7255092255537735,1.98,1.0247443632931141,8.0,1.0150384378451047,0.02,0.1407052941362897,3.79,1.3947593109040484,3.78,1.396821789317131,16.21,1.3947593109040486,10.0,0.0,20.0,0.0,2.0,0.0,1.0,0.0,3.13,1.5219272736443836
quadcopter,369.0,369.0,100,2.65,1.472817680227909,0.1325,0.07364088401139546,0.8675,0.07364088401139544,0.0,0.0,0.0,0.0,9.33,0.7255092255537735,1.98,1.0247443632931141,8.0,1.0150384378451047,0.02,0.1407052941362897,3.79,1.3947593109040484,3.78,1.396821789317131,16.21,1.3947593109040486,10.0,0.0,20.0,0.0,2.0,0.0,1.0,0.0,3.13,1.5219272736443836
quadcopter,370.0,370.0,100,2.65,1.472817680227909,0.1325,0.07364088401139546,0.8675,0.07364088401139544,0.0,0.0,0.0,0.0,9.33,0.7255092255537735,1.98,1.0247443632931141,8.0,1.0150384378451047,0.02,0.1407052941362897,3.79,1.3947593109040484,3.77,1.3988090172238192,16.21,1.3947593109040486,10.0,0.0,20.0,0.0,2.0,0.0,1.0,0.0,3.13,1.5219272736443836
quadcopter,371.0,371.0,100,2.64,1.4669421228934674,0.132,0.07334710614467335,0.868,0.07334710614467335,0.0,0.0,0.0005000000000000001,0.005000000000000002,9.34,0.7278028371042323,1.98,1.0247443632931141,8.0,1.0150384378451047,0.02,0.1407052941362897,3.78,1.396821789317131,3.77,1.3988090172238192,16.22,1.3968217893171313,10.0,0.0,20.0,0.0,2.0,0.0,1.0,0.0,3.13,1.5219272736443836
quadcopter,372.0,372.0,100,2.64,1.4669421228934674,0.132,0.07334710614467335,0.868,0.07334710614467335,0.0,0.0,0.0,0.0,9.34,0.7278028371042323,1.98,1.0247443632931141,8.0,1.0150384378451047,0.02,0.1407052941362897,3.78,1.396821789317131,3.76,1.400721314901791,16.22,1.3968217893171313,10.0,0.0,20.0,0.0,2.0,0.0,1.0,0.0,3.13,1.5219272736443836
quadcopter,373.0,373.0,100,2.64,1.4669421228934674,0.132,0.07334710614467335,0.868,0.07334710614467335,0.0,0.0,0.0,0.0,9.34,0.7278028371042323,1.98,1.0247443632931141,8.0,1.0150384378451047,0.02,0.1407052941362897,3.78,1.396821789317131,3.76,1.400721314901791,16.22,1.3968217893171313,10.0,0.0,20.0,0.0,2.0,0.0,1.0,0.0,3.13,1.5219272736443836
quadcopter,374.0,374.0,100,2.64,1.4669421228934674,0.132,0.07334710614467335,0.868,0.07334710614467335,0.0,0.0,0.0,0.0,9.34,0.7278028371042323,1.98,1.0247443632931141,8.0,1.0150384378451047,0.02,0.1407052941362897,3.78,1.396821789317131,3.74,1.4043223319883553,16.22,1.3968217893171313,10.0,0.0,20.0,0.0,2.0,0.0,1.0,0.0,3.13,1.5219272736443836
quadcopter,375.0,375.0,100,2.64,1.4669421228934674,0.132,0.07334710614467335,0.868,0.07334710614467335,0.0,0.0,0.0,0.0,9.34,0.7278028371042323,1.98,1.0247443632931141,8.0,1.0150384378451047,0.02,0.1407052941362897,3.78,1.396821789317131,3.74,1.4043223319883553,16.22,1.3968217893171313,10.0,0.0,20.0,0.0,2.0,0.0,1.0,0.0,3.13,1.5219272736443836
quadcopter,376.0,376.0,100,2.63,1.4747367510333786,0.1315,0.07373683755166893,0.8684999999999999,0.0737368375516689,0.0,0.0,0.0005,0.004999999999999998,9.34,0.7278028371042323,1.97,1.029415839054835,8.01,1.0199524647271703,0.02,0.1407052941362897,3.77,1.3988090172238195,3.72,1.400432833524022,16.23,1.3988090172238192,10.0,0.0,20.0,0.0,2.0,0.0,1.0,0.0,3.13,1.5219272736443836
quadcopter,377.0,377.0,100,2.63,1.4747367510333786,0.1315,0.07373683755166893,0.8684999999999999,0.0737368375516689,0.0,0.0,0.0,0.0,9.34,0.7278028371042323,1.97,1.029415839054835,8.01,1.0199524647271703,0.02,0.1407052941362897,3.77,1.3988090172238195,3.71,1.4019827229875395,16.23,1.3988090172238192,10.0,0.0,20.0,0.0,2.0,0.0,1.0,0.0,3.13,1.5219272736443836
quadcopter,378.0,378.0,100,2.61,1.4832056465301735,0.1305,0.07416028232650868,0.8695,0.07416028232650866,0.0,0.0,0.001,0.007035264706814483,9.34,0.7278028371042323,1.95,1.0286305498481016,8.03,1.0195562512656913,0.02,0.1407052941362897,3.75,1.4025589888385148,3.71,1.4019827229875395,16.25,1.4025589888385148,10.0,0.0,20.0,0.0,2.0,0.0,1.0,0.0,3.13,1.5219272736443836
quadcopter,379.0,379.0,100,2.61,1.4832056465301735,0.1305,0.07416028232650868,0.8695,0.07416028232650866,0.0,0.0,0.0,0.0,9.34,0.7278028371042323,1.95,1.0286305498481016,8.03,1.0195562512656913,0.02,0.1407052941362897,3.75,1.4025589888385148,3.71,1.4019827229875395,16.25,1.4025589888385148,10.0,0.0,20.0,0.0,2.0,0.0,1.0,0.0,3.13,1.5219272736443836
quadcopter,380.0,380.0,100,2.59,1.4845670729001752,0.1295,0.07422835364500875,0.8704999999999999,0.07422835364500874,0.0,0.0,0.0010000000000000002,0.0070352647068144866,9.34,0.7278028371042323,1.93,1.0274514906585936,8.03,1.0195562512656913,0.04,0.24287836253956216,3.73,1.4060116240162055,3.7,1.3962431555767605,16.27,1.4060116240162055,10.0,0.0,20.0,0.0,2.0,0.0,1.0,0.0,3.13,1.5219272736443836
quadcopter,381.0,381.0,100,2.58,1.47832829420753,0.129,0.0739164147103765,0.871,0.07391641471037651,0.0,0.0,0.0005000000000000001,0.005,9.34,0.7278028371042323,1.92,1.0217829534888532,8.05,1.0087996667707457,0.03,0.1714466079977653,3.73,1.406011624016205,3.69,1.3831233867700679,16.27,1.4060116240162048,10.0,0.0,20.0,0.0,2.0,0.0,1.0,0.0,3.13,1.5219272736443836
quadcopter,382.0,382.0,100,2.58,1.47832829420753,0.129,0.0739164147103765,0.871,0.07391641471037651,0.0,0.0,0.0,0.0,9.34,0.7278028371042323,1.92,1.0217829534888532,8.05,1.0087996667707457,0.03,0.1714466079977653,3.73,1.406011624016205,3.7,1.381698559415515,16.27,1.4060116240162048,10.0,0.0,20.0,0.0,2.0,0.0,1.0,0.0,3.13,1.5219272736443836
quadcopter,383.0,383.0,100,2.58,1.47832829420753,0.129,0.0739164147103765,0.871,0.07391641471037651,0.0,0.0,0.0,0.0,9.34,0.7278028371042323,1.92,1.0217829534888532,8.05,1.0087996667707457,0.03,0.1714466079977653,3.73,1.406011624016205,3.7,1.381698559415515,16.27,1.4060116240162048,10.0,0.0,20.0,0.0,2.0,0.0,1.0,0.0,3.13,1.5219272736443836
quadcopter,384.0,384.0,100,2.57,1.4788406597634838,0.1285,0.07394203298817421,0.8715,0.0739420329881742,0.0,0.0,0.0004999999999999999,0.004999999999999998,9.34,0.7278028371042323,1.91,1.025877303786492,8.06,1.0132456102380443,0.03,0.1714466079977653,3.72,1.400432833524022,3.7,1.381698559415515,16.28,1.4004328335240217,10.0,0.0,20.0,0.0,2.0,0.0,1.0,0.0,3.13,1.5219272736443836
quadcopter,385.0,385.0,100,2.57,1.4788406597634838,0.1285,0.07394203298817421,0.8715,0.0739420329881742,0.0,0.0,0.0,0.0,9.34,0.7278028371042323,1.91,1.025877303786492,8.06,1.0132456102380443,0.03,0.1714466079977653,3.72,1.400432833524022,3.69,1.3758009604693124,16.28,1.4004328335240217,10.0,0.0,20.0,0.0,2.0,0.0,1.0,0.0,3.13,1.5219272736443836
quadcopter,386.0,386.0,100,2.56,1.479284566364034,0.128,0.07396422831820171,0.872,0.07396422831820171,0.0,0.0,0.0004999999999999999,0.004999999999999999,9.35,0.7299508769967213,1.91,1.025877303786492,8.06,1.0132456102380443,0.03,0.1714466079977653,3.71,1.394759310904048,3.69,1.3758009604693124,16.29,1.3947593109040477,10.0,0.0,20.0,0.0,2.0,0.0,1.0,0.0,3.13,1.5219272736443836
quadcopter,387.0,387.0,100,2.56,1.479284566364034,0.128,0.07396422831820171,0.872,0.07396422831820171,0.0,0.0,0.0,0.0,9.35,0.7299508769967213,1.91,1.025877303786492,8.06,1.0132456102380443,0.03,0.1714466079977653,3.71,1.394759310904048,3.68,1.3771585444550885,16.29,1.3947593109040477,10.0,0.0,20.0,0.0,2.0,0.0,1.0,0.0,3.13,1.5219272736443836
quadcopter,388.0,388.0,100,2.56,1.479284566364034,0.128,0.07396422831820171,0.872,0.07396422831820171,0.0,0.0,0.0,0.0,9.35,0.7299508769967213,1.91,1.025877303786492,8.06,1.0132456102380443,0.03,0.1714466079977653,3.71,1.394759310904048,3.68,1.3771585444550885,16.29,1.3947593109040477,10.0,0.0,20.0,0.0,2.0,0.0,1.0,0.0,3.13,1.5219272736443836
quadcopter,389.0,389.0,100,2.56,1.479284566364034,0.128,0.07396422831820171,0.872,0.07396422831820171,0.0,0.0,0.0,0.0,9.35,0.7299508769967213,1.91,1.025877303786492,8.06,1.0132456102380443,0.03,0.1714466079977653,3.71,1.394759310904048,3.68,1.3771585444550885,16.29,1.3947593109040477,10.0,0.0,20.0,0.0,2.0,0.0,1.0,0.0,3.13,1.5219272736443836
quadcopter,390.0,390.0,100,2.56,1.479284566364034,0.128,0.07396422831820171,0.872,0.07396422831820171,0.0,0.0,0.0,0.0,9.35,0.7299508769967213,1.91,1.025877303786492,8.06,1.0132456102380443,0.03,0.1714466079977653,3.71,1.394759310904048,3.67,1.3710940849916138,16.29,1.3947593109040477,10.0,0.0,20.0,0.0,2.0,0.0,1.0,0.0,3.13,1.5219272736443836
quadcopter,391.0,391.0,100,2.54,1.4593481317687602,0.127,0.07296740658843799,0.873,0.072967406588438,0.0,0.0,0.0009999999999999998,0.007035264706814483,9.36,0.7180219742846004,1.9,1.0298573010888745,8.07,1.0175728698498923,0.03,0.1714466079977653,3.69,1.3831233867700679,3.66,1.3575081151979473,16.31,1.3831233867700674,10.0,0.0,20.0,0.0,2.0,0.0,1.0,0.0,3.13,1.5219272736443836
quadcopter,392.0,392.0,100,2.54,1.4593481317687602,0.127,0.07296740658843799,0.873,0.072967406588438,0.0,0.0,0.0,0.0,9.36,0.7180219742846004,1.9,1.0298573010888745,8.07,1.0175728698498923,0.03,0.1714466079977653,3.69,1.3831233867700679,3.64,1.3522894914502845,16.31,1.3831233867700674,10.0,0.0,20.0,0.0,2.0,0.0,1.0,0.0,3.13,1.5219272736443836
quadcopter,393.0,393.0,100,2.54,1.4593481317687602,0.127,0.07296740658843799,0.873,0.072967406588438,0.0,0.0,0.0,0.0,9.36,0.7180219742846004,1.9,1.0298573010888745,8.07,1.0175728698498923,0.03,0.1714466079977653,3.69,1.3831233867700679,3.64,1.3522894914502845,16.31,1.3831233867700674,10.0,0.0,20.0,0.0,2.0,0.0,1.0,0.0,3.13,1.5219272736443836
quadcopter,394.0,394.0,100,2.54,1.4593481317687602,0.127,0.07296740658843799,0.873,0.072967406588438,0.0,0.0,0.0,0.0,9.36,0.7180219742846004,1.9,1.0298573010888745,8.07,1.0175728698498923,0.03,0.1714466079977653,3.69,1.3831233867700679,3.64,1.3522894914502845,16.31,1.3831233867700674,10.0,0.0,20.0,0.0,2.0,0.0,1.0,0.0,3.13,1.5219272736443836
quadcopter,395.0,395.0,100,2.53,1.4664944802507989,0.1265,0.07332472401253995,0.8734999999999999,0.07332472401253994,0.0,0.0,0.0005,0.004999999999999998,9.36,0.7180219742846004,1.89,1.033724266226666,8.07,1.0175728698498923,0.04,0.1969463855669324,3.68,1.3771585444550885,3.64,1.3522894914502845,16.32,1.3771585444550878,10.0,0.0,20.0,0.0,2.0,0.0,1.0,0.0,3.13,1.5219272736443836
quadcopter,396.0,396.0,100,2.52,1.4803766924384998,0.126,0.07401883462192498,0.8740000000000001,0.07401883462192499,0.0,0.0,0.0005,0.005,9.36,0.7180219742846004,1.88,1.0471703092456626,8.09,1.025877303786492,0.03,0.1714466079977653,3.68,1.38447379056726,3.64,1.3522894914502845,16.32,1.3844737905672593,10.0,0.0,20.0,0.0,2.0,0.0,1.0,0.0,3.13,1.5219272736443836
quadcopter,397.0,397.0,100,2.52,1.4803766924384998,0.126,0.07401883462192498,0.8740000000000001,0.07401883462192499,0.0,0.0,0.0,0.0,9.36,0.7180219742846004,1.88,1.0471703092456626,8.09,1.025877303786492,0.03,0.1714466079977653,3.68,1.38447379056726,3.64,1.3522894914502845,16.32,1.3844737905672593,10.0,0.0,20.0,0.0,2.0,0.0,1.0,0.0,3.13,1.5219272736443836
quadcopter,398.0,398.0,100,2.52,1.4803766924384998,0.126,0.07401883462192498,0.8740000000000001,0.07401883462192499,0.0,0.0,0.0,0.0,9.36,0.7180219742846004,1.88,1.0471703092456626,8.09,1.025877303786492,0.03,0.1714466079977653,3.68,1.38447379056726,3.63,1.345812810613765,16.32,1.3844737905672593,10.0,0.0,20.0,0.0,2.0,0.0,1.0,0.0,3.13,1.5219272736443836
quadcopter,399.0,399.0,100,2.52,1.4803766924384998,0.126,0.07401883462192498,0.8740000000000001,0.07401883462192499,0.0,0.0,0.0,0.0,9.36,0.7180219742846004,1.88,1.0471703092456626,8.09,1.025877303786492,0.03,0.1714466079977653,3.68,1.38447379056726,3.62,1.3467506724473441,16.32,1.3844737905672593,10.0,0.0,20.0,0.0,2.0,0.0,1.0,0.0,3.13,1.5219272736443836
quadcopter,400.0,400.0,100,2.51,1.4667699688138365,0.1255,0.07333849844069179,0.8745,0.07333849844069179,0.0,0.0,0.0004999999999999999,0.004999999999999998,9.37,0.7057484028184604,1.88,1.0471703092456626,8.09,1.025877303786492,0.03,0.1714466079977653,3.67,1.3784415149367093,3.59,1.3416031417296959,16.33,1.3784415149367089,10.0,0.0,20.0,0.0,2.0,0.0,1.0,0.0,3.13,1.5219272736443836
quadcopter,401.0,401.0,100,2.48,1.431817380150489,0.124,0.07159086900752444,0.8759999999999999,0.07159086900752445,0.0,0.0,0.0015,0.011135075167680687,9.37,0.7057484028184604,1.85,1.0087996667707457,8.12,0.9875998862664653,0.03,0.1714466079977653,3.65,1.358660956957105,3.56,1.3357553758987548,16.35,1.3586609569571053,10.0,0.0,20.0,0.0,2.0,0.0,1.0,0.0,3.13,1.5219272736443836
quadcopter,402.0,402.0,100,2.47,1.4174596710989416,0.1235,0.07087298355494707,0.8765000000000001,0.07087298355494707,0.0,0.0,0.0004999999999999999,0.004999999999999998,9.38,0.693111852736656,1.85,1.0087996667707457,8.12,0.9875998862664653,0.03,0.1714466079977653,3.64,1.3522894914502845,3.55,1.328590047814417,16.36,1.3522894914502848,10.0,0.0,20.0,0.0,2.0,0.0,1.0,0.0,3.13,1.5219272736443836
quadcopter,403.0,403.0,100,2.47,1.4174596710989416,0.1235,0.07087298355494707,0.8765000000000001,0.07087298355494707,0.0,0.0,0.0,0.0,9.38,0.693111852736656,1.85,1.0087996667707457,8.12,0.9875998862664653,0.03,0.1714466079977653,3.64,1.3522894914502845,3.55,1.328590047814417,16.36,1.3522894914502848,10.0,0.0,20.0,0.0,2.0,0.0,1.0,0.0,3.13,1.5219272736443836
quadcopter,404.0,404.0,100,2.44,1.3876802822179775,0.12200000000000001,0.06938401411089887,0.878,0.06938401411089885,0.0,0.0,0.0014999999999999996,0.008572330399888261,9.38,0.693111852736656,1.82,0.9783515304693489,8.15,0.9574271077563384,0.03,0.1714466079977653,3.61,1.3476129288711227,3.54,1.3365113640604132,16.39,1.3476129288711232,10.0,0.0,20.0,0.0,2.0,0.0,1.0,0.0,3.13,1.5219272736443836
quadcopter,405.0,405.0,100,2.42,1.3720146655281213,0.121,0.06860073327640606,0.879,0.06860073327640606,0.0,0.0,0.0010000000000000002,0.0070352647068144866,9.38,0.693111852736656,1.8,0.9639984073082949,8.17,0.9433981132056606,0.03,0.1714466079977653,3.59,1.3491111926379566,3.54,1.3365113640604132,16.41,1.3491111926379566,10.0,0.0,20.0,0.0,2.0,0.0,1.0,0.0,3.13,1.5219272736443836
quadcopter,406.0,406.0,100,2.42,1.3720146655281213,0.121,0.06860073327640606,0.879,0.06860073327640606,0.0,0.0,0.0,0.0,9.38,0.693111852736656,1.8,0.9639984073082949,8.17,0.9433981132056606,0.03,0.1714466079977653,3.59,1.3491111926379566,3.52,1.3063945294843615,16.41,1.3491111926379566,10.0,0.0,20.0,0.0,2.0,0.0,1.0,0.0,3.13,1.5219272736443836
quadcopter,407.0,407.0,100,2.42,1.3720146655281213,0.121,0.06860073327640606,0.879,0.06860073327640606,0.0,0.0,0.0,0.0,9.38,0.693111852736656,1.8,0.9639984073082949,8.17,0.9433981132056606,0.03,0.1714466079977653,3.59,1.3491111926379566,3.52,1.3063945294843615,16.41,1.3491111926379566,10.0,0.0,20.0,0.0,2.0,0.0,1.0,0.0,3.13,1.5219272736443836
quadcopter,408.0,408.0,100,2.4,1.3780384243517665,0.12,0.06890192121758831,0.88,0.06890192121758831,0.0,0.0,0.001,0.007035264706814485,9.39,0.6947857747012907,1.79,0.9670845491747477,8.18,0.9468715100612424,0.03,0.1714466079977653,3.57,1.3503086067019394,3.52,1.3063945294843615,16.43,1.3503086067019396,10.0,0.0,20.0,0.0,2.0,0.0,1.0,0.0,3.13,1.5219272736443836
quadcopter,409.0,409.0,100,2.39,1.3699148392023013,0.11950000000000001,0.06849574196011506,0.8805,0.06849574196011504,0.0,0.0,0.0005000000000000001,0.005000000000000001,9.4,0.6963106238227914,1.79,0.9670845491747477,8.18,0.9468715100612424,0.03,0.1714466079977653,3.56,1.3507947529682163,3.52,1.3063945294843615,16.44,1.3507947529682172,10.0,0.0,20.0,0.0,2.0,0.0,1.0,0.0,3.13,1.5219272736443836
quadcopter,410.0,410.0,100,2.37,1.3307171302752816,0.1185,0.06653585651376409,0.8815000000000001,0.06653585651376406,0.0,0.0,0.001,0.007035264706814485,9.4,0.6963106238227914,1.77,0.9412542674323426,8.2,0.9211323729436769,0.03,0.1714466079977653,3.54,1.3213094209376492,3.5,1.3142574813455419,16.46,1.32130942093765,10.0,0.0,20.0,0.0,2.0,0.0,1.0,0.0,3.13,1.5219272736443836
quadcopter,411.0,411.0,100,2.36,1.3296919974493375,0.11800000000000001,0.06648459987246685,0.882,0.06648459987246687,0.0,0.0,0.0004999999999999999,0.004999999999999998,9.41,0.6976873775321409,1.77,0.9412542674323426,8.2,0.9211323729436769,0.03,0.1714466079977653,3.53,1.3139115785940987,3.5,1.3142574813455419,16.47,1.3139115785940991,10.0,0.0,20.0,0.0,2.0,0.0,1.0,0.0,3.13,1.5219272736443836
quadcopter,412.0,412.0,100,2.35,1.3361712223190316,0.1175,0.06680856111595158,0.8825,0.06680856111595157,0.0,0.0,0.0005,0.004999999999999998,9.41,0.6976873775321409,1.76,0.9440938148897765,8.2,0.9211323729436769,0.04,0.1969463855669324,3.52,1.3063945294843615,3.5,1.3142574813455419,16.48,1.306394529484361,10.0,0.0,20.0,0.0,2.0,0.0,1.0,0.0,3.13,1.5219272736443836
quadcopter,413.0,413.0,100,2.35,1.3361712223190316,0.1175,0.06680856111595158,0.8825,0.06680856111595157,0.0,0.0,0.0,0.0,9.41,0.6976873775321409,1.76,0.9440938148897765,8.21,0.9243616415908037,0.03,0.1714466079977653,3.53,1.3139115785940987,3.5,1.3142574813455419,16.47,1.3139115785940991,10.0,0.0,20.0,0.0,2.0,0.0,1.0,0.0,3.13,1.5219272736443836
quadcopter,414.0,414.0,100,2.33,1.3413019455331112,0.1165,0.06706509727665554,0.8835,0.06706509727665554,0.0,0.0,0.001,0.007035264706814483,9.41,0.6976873775321409,1.74,0.9494283234737318,8.23,0.9304609480024276,0.03,0.1714466079977653,3.51,1.3218826488662816,3.51,1.3218826488662816,16.49,1.3218826488662814,10.0,0.0,20.0,0.0,2.0,0.0,1.0,0.0,3.13,1.5219272736443836
quadcopter,415.0,415.0,100,2.33,1.3413019455331112,0.1165,0.06706509727665554,0.8835,0.06706509727665554,0.0,0.0,0.0,0.0,9.41,0.6976873775321409,1.74,0.9494283234737318,8.23,0.9304609480024276,0.03,0.1714466079977653,3.51,1.3218826488662816,3.49,1.3295020712942713,16.49,1.3218826488662814,10.0,0.0,20.0,0.0,2.0,0.0,1.0,0.0,3.13,1.5219272736443836
quadcopter,416.0,416.0,100,2.33,1.3413019455331112,0.1165,0.06706509727665554,0.8835,0.06706509727665554,0.0,0.0,0.0,0.0,9.41,0.6976873775321409,1.74,0.9494283234737318,8.23,0.9304609480024276,0.03,0.1714466079977653,3.51,1.3218826488662816,3.49,1.3295020712942713,16.49,1.3218826488662814,10.0,0.0,20.0,0.0,2.0,0.0,1.0,0.0,3.13,1.5219272736443836
quadcopter,417.0,417.0,100,2.33,1.3413019455331112,0.1165,0.06706509727665554,0.8835,0.06706509727665554,0.0,0.0,0.0,0.0,9.41,0.6976873775321409,1.74,0.9494283234737318,8.23,0.9304609480024276,0.03,0.1714466079977653,3.51,1.3218826488662816,3.48,1.3369647517697496,16.49,1.3218826488662814,10.0,0.0,20.0,0.0,2.0,0.0,1.0,0.0,3.13,1.5219272736443836
quadcopter,418.0,418.0,100,2.33,1.3413019455331112,0.1165,0.06706509727665554,0.8835,0.06706509727665554,0.0,0.0,0.0,0.0,9.41,0.6976873775321409,1.74,0.9494283234737318,8.23,0.9304609480024276,0.03,0.1714466079977653,3.51,1.3218826488662816,3.48,1.3369647517697496,16.49,1.3218826488662814,10.0,0.0,20.0,0.0,2.0,0.0,1.0,0.0,3.13,1.5219272736443836
quadcopter,419.0,419.0,100,2.31,1.3310207217080285,0.1155,0.06655103608540143,0.8845000000000001,0.06655103608540143,0.0,0.0,0.001,0.007035264706814484,9.41,0.6976873775321409,1.72,0.932900332459492,8.25,0.9142530206997334,0.03,0.1714466079977653,3.49,1.3295020712942713,3.48,1.3369647517697496,16.51,1.3295020712942711,10.0,0.0,20.0,0.0,2.0,0.0,1.0,0.0,3.13,1.5219272736443836
quadcopter,420.0,420.0,100,2.31,1.3310207217080285,0.1155,0.06655103608540143,0.8845000000000001,0.06655103608540143,0.0,0.0,0.0,0.0,9.41,0.6976873775321409,1.72,0.932900332459492,8.25,0.9142530206997334,0.03,0.1714466079977653,3.49,1.3295020712942713,3.48,1.3369647517697496,16.51,1.3295020712942711,10.0,0.0,20.0,0.0,2.0,0.0,1.0,0.0,3.13,1.5219272736443836
quadcopter,421.0,421.0,100,2.3,1.3446489534747759,0.115,0.06723244767373877,0.885,0.06723244767373877,0.0,0.0,0.0005,0.004999999999999998,9.41,0.6976873775321409,1.71,0.9459643147859674,8.26,0.9279062996930784,0.03,0.1714466079977653,3.48,1.3369647517697496,3.46,1.3440478586957556,16.52,1.3369647517697485,10.0,0.0,20.0,0.0,2.0,0.0,1.0,0.0,3.13,1.5219272736443836
quadcopter,422.0,422.0,100,2.3,1.3446489534747759,0.115,0.06723244767373877,0.885,0.06723244767373877,0.0,0.0,0.0,0.0,9.41,0.6976873775321409,1.71,0.9459643147859674,8.26,0.9279062996930784,0.03,0.1714466079977653,3.48,1.3369647517697496,3.46,1.3440478586957556,16.52,1.3369647517697485,10.0,0.0,20.0,0.0,2.0,0.0,1.0,0.0,3.13,1.5219272736443836
quadcopter,423.0,423.0,100,2.3,1.3446489534747759,0.115,0.06723244767373877,0.885,0.06723244767373877,0.0,0.0,0.0,0.0,9.41,0.6976873775321409,1.71,0.9459643147859674,8.26,0.9279062996930784,0.03,0.1714466079977653,3.48,1.3369647517697496,3.45,1.343709624716425,16.52,1.3369647517697485,10.0,0.0,20.0,0.0,2.0,0.0,1.0,0.0,3.13,1.5219272736443836
quadcopter,424.0,424.0,100,2.3,1.3446489534747759,0.115,0.06723244767373877,0.885,0.06723244767373877,0.0,0.0,0.0,0.0,9.41,0.6976873775321409,1.71,0.9459643147859674,8.26,0.9279062996930784,0.03,0.1714466079977653,3.48,1.3369647517697496,3.45,1.343709624716425,16.52,1.3369647517697485,10.0,0.0,20.0,0.0,2.0,0.0,1.0,0.0,3.13,1.5219272736443836
quadcopter,425.0,425.0,100,2.29,1.3431081095501558,0.1145,0.06715540547750781,0.8855,0.06715540547750778,0.0,0.0,0.0004999999999999999,0.004999999999999998,9.41,0.6976873775321409,1.7,0.937436866561092,8.27,0.9195409482755817,0.03,0.1714466079977653,3.47,1.3443108707332978,3.43,1.3200474432857527,16.53,1.3443108707332982,10.0,0.0,20.0,0.0,2.0,0.0,1.0,0.0,3.13,1.5219272736443836
quadcopter,426.0,426.0,100,2.29,1.3431081095501558,0.1145,0.06715540547750781,0.8855,0.06715540547750778,0.0,0.0,0.0,0.0,9.41,0.6976873775321409,1.7,0.937436866561092,8.27,0.9195409482755817,0.03,0.1714466079977653,3.47,1.3443108707332978,3.41,1.318822554134152,16.53,1.3443108707332982,10.0,0.0,20.0,0.0,2.0,0.0,1.0,0.0,3.13,1.5219272736443836
quadcopter,427.0,427.0,100,2.29,1.3431081095501558,0.1145,0.06715540547750781,0.8855,0.06715540547750778,0.0,0.0,0.0,0.0,9.41,0.6976873775321409,1.7,0.937436866561092,8.27,0.9195409482755817,0.03,0.1714466079977653,3.47,1.3443108707332978,3.41,1.318822554134152,16.53,1.3443108707332982,10.0,0.0,20.0,0.0,2.0,0.0,1.0,0.0,3.13,1.5219272736443836
quadcopter,428.0,428.0,100,2.29,1.3431081095501558,0.1145,0.06715540547750781,0.8855,0.06715540547750778,0.0,0.0,0.0,0.0,9.41,0.6976873775321409,1.7,0.937436866561092,8.27,0.9195409482755817,0.03,0.1714466079977653,3.47,1.3443108707332978,3.4,1.3180947376322145,16.53,1.3443108707332982,10.0,0.0,20.0,0.0,2.0,0.0,1.0,0.0,3.13,1.5219272736443836
quadcopter,429.0,429.0,100,2.28,1.3414902010808571,0.114,0.06707451005404286,0.8859999999999999,0.06707451005404287,0.0,0.0,0.0004999999999999999,0.004999999999999998,9.41,0.6976873775321409,1.69,0.9395356686828195,8.28,0.9220092245205634,0.03,0.1714466079977653,3.46,1.3365113640604132,3.39,1.3325376413657384,16.54,1.3365113640604127,10.0,0.0,20.0,0.0,2.0,0.0,1.0,0.0,3.13,1.5219272736443836
quadcopter,430.0,430.0,100,2.28,1.3414902010808571,0.114,0.06707451005404286,0.8859999999999999,0.06707451005404287,0.0,0.0,0.0,0.0,9.41,0.6976873775321409,1.69,0.9395356686828195,8.28,0.9220092245205634,0.03,0.1714466079977653,3.46,1.3365113640604132,3.38,1.3240586516961075,16.54,1.3365113640604127,10.0,0.0,20.0,0.0,2.0,0.0,1.0,0.0,3.13,1.5219272736443836
quadcopter,431.0,431.0,100,2.27,1.3473130761825645,0.11349999999999999,0.06736565380912823,0.8865000000000001,0.0673656538091282,0.0,0.0,0.0005,0.004999999999999999,9.42,0.6989169110021941,1.69,0.9395356686828195,8.28,0.9220092245205634,0.03,0.1714466079977653,3.45,1.336171222319032,3.38,1.3240586516961075,16.55,1.3361712223190327,10.0,0.0,20.0,0.0,2.0,0.0,1.0,0.0,3.13,1.5219272736443836
quadcopter,432.0,432.0,100,2.27,1.3473130761825645,0.11349999999999999,0.06736565380912823,0.8865000000000001,0.0673656538091282,0.0,0.0,0.0,0.0,9.42,0.6989169110021941,1.69,0.9395356686828195,8.28,0.9220092245205634,0.03,0.1714466079977653,3.45,1.336171222319032,3.37,1.3307171302752816,16.55,1.3361712223190327,10.0,0.0,20.0,0.0,2.0,0.0,1.0,0.0,3.13,1.5219272736443836
quadcopter,433.0,433.0,100,2.26,1.3380220589747502,0.113,0.06690110294873752,0.887,0.0669011029487375,0.0,0.0,0.0005000000000000001,0.005,9.43,0.6854181058288289,1.69,0.9395356686828195,8.28,0.9220092245205634,0.03,0.1714466079977653,3.44,1.3357553758987548,3.36,1.322073669611035,16.56,1.3357553758987544,10.0,0.0,20.0,0.0,2.0,0.0,1.0,0.0,3.13,1.5219272736443836
quadcopter,434.0,434.0,100,2.25,1.328590047814417,0.1125,0.06642950239072086,0.8875,0.06642950239072085,0.0,0.0,0.0005000000000000001,0.005000000000000001,9.43,0.6854181058288289,1.68,0.93073230644618,8.29,0.9133687230480492,0.03,0.1714466079977653,3.43,1.3276773978370167,3.34,1.3121037160286384,16.57,1.3276773978370164,10.0,0.0,20.0,0.0,2.0,0.0,1.0,0.0,3.13,1.5219272736443836
quadcopter,435.0,435.0,100,2.24,1.3190140180445316,0.11200000000000002,0.06595070090222659,0.888,0.06595070090222657,0.0,0.0,0.0005000000000000001,0.005000000000000001,9.44,0.6714976477316142,1.68,0.93073230644618,8.29,0.9133687230480492,0.03,0.1714466079977653,3.42,1.3117957466038985,3.35,1.313296415417127,16.58,1.311795746603898,10.0,0.0,20.0,0.0,2.0,0.0,1.0,0.0,3.13,1.5219272736443836
quadcopter,436.0,436.0,100,2.21,1.3126809639555659,0.1105,0.06563404819777827,0.8895000000000001,0.06563404819777827,0.0,0.0,0.0014999999999999996,0.008572330399888261,9.46,0.6730002176294546,1.67,0.9326296048260422,8.3,0.9156330260447354,0.03,0.1714466079977653,3.39,1.3172898410192517,3.35,1.313296415417127,16.61,1.3172898410192522,10.0,0.0,20.0,0.0,2.0,0.0,1.0,0.0,3.13,1.5219272736443836
quadcopter,437.0,437.0,100,2.2,1.2949006435891817,0.11,0.06474503217945907,0.89,0.06474503217945907,0.0,0.0,0.0004999999999999999,0.004999999999999998,9.46,0.6730002176294546,1.66,0.912538915733062,8.31,0.8954994092232514,0.03,0.1714466079977653,3.38,1.3087120663947716,3.34,1.2966156412800678,16.62,1.308712066394772,10.0,0.0,20.0,0.0,2.0,0.0,1.0,0.0,3.13,1.5219272736443836
quadcopter,438.0,438.0,100,2.18,1.2900552020136284,0.109,0.06450276010068144,0.8909999999999999,0.06450276010068143,0.0,0.0,0.0010000000000000002,0.0070352647068144866,9.47,0.6735253251633259,1.65,0.8918825850158447,8.32,0.8747871313939898,0.03,0.1714466079977653,3.36,1.298950625417582,3.33,1.2953296058836872,16.64,1.2989506254175809,10.0,0.0,20.0,0.0,2.0,0.0,1.0,0.0,3.13,1.5219272736443836
quadcopter,439.0,439.0,100,2.17,1.2953296058836865,0.1085,0.06476648029418436,0.8915000000000001,0.06476648029418433,0.0,0.0,0.0005,0.004999999999999999,9.48,0.6739001514626737,1.65,0.8918825850158447,8.32,0.8747871313939898,0.03,0.1714466079977653,3.35,1.313296415417127,3.33,1.2953296058836872,16.65,1.3132964154171263,10.0,0.0,20.0,0.0,2.0,0.0,1.0,0.0,3.13,1.5219272736443836
quadcopter,440.0,440.0,100,2.17,1.2953296058836865,0.1085,0.06476648029418436,0.8915000000000001,0.06476648029418433,0.0,0.0,0.0,0.0,9.48,0.6739001514626737,1.65,0.8918825850158447,8.32,0.8747871313939898,0.03,0.1714466079977653,3.35,1.313296415417127,3.32,1.270329631921327,16.65,1.3132964154171263,10.0,0.0,20.0,0.0,2.0,0.0,1.0,0.0,3.13,1.5219272736443836
quadcopter,441.0,441.0,100,2.17,1.2953296058836865,0.1085,0.06476648029418436,0.8915000000000001,0.06476648029418433,0.0,0.0,0.0,0.0,9.48,0.6739001514626737,1.65,0.8918825850158447,8.32,0.8747871313939898,0.03,0.1714466079977653,3.35,1.313296415417127,3.31,1.2767936482462698,16.65,1.3132964154171263,10.0,0.0,20.0,0.0,2.0,0.0,1.0,0.0,3.13,1.5219272736443836
quadcopter,442.0,442.0,100,2.17,1.2953296058836865,0.1085,0.06476648029418436,0.8915000000000001,0.06476648029418433,0.0,0.0,0.0,0.0,9.48,0.6739001514626737,1.65,0.8918825850158447,8.32,0.8747871313939898,0.03,0.1714466079977653,3.35,1.313296415417127,3.31,1.2767936482462698,16.65,1.3132964154171263,10.0,0.0,20.0,0.0,2.0,0.0,1.0,0.0,3.13,1.5219272736443836
quadcopter,443.0,443.0,100,2.17,1.2953296058836865,0.1085,0.06476648029418436,0.8915000000000001,0.06476648029418433,0.0,0.0,0.0,0.0,9.48,0.6739001514626737,1.65,0.8918825850158447,8.32,0.8747871313939898,0.03,0.1714466079977653,3.35,1.313296415417127,3.31,1.2767936482462698,16.65,1.3132964154171263,10.0,0.0,20.0,0.0,2.0,0.0,1.0,0.0,3.13,1.5219272736443836
quadcopter,444.0,444.0,100,2.17,1.2953296058836865,0.1085,0.06476648029418436,0.8915000000000001,0.06476648029418433,0.0,0.0,0.0,0.0,9.48,0.6739001514626737,1.65,0.8918825850158447,8.32,0.8747871313939898,0.03,0.1714466079977653,3.35,1.313296415417127,3.29,1.2656694639277635,16.65,1.3132964154171263,10.0,0.0,20.0,0.0,2.0,0.0,1.0,0.0,3.13,1.5219272736443836
quadcopter,445.0,445.0,100,2.17,1.2953296058836865,0.1085,0.06476648029418436,0.8915000000000001,0.06476648029418433,0.0,0.0,0.0,0.0,9.48,0.6739001514626737,1.65,0.8918825850158447,8.32,0.8747871313939898,0.03,0.1714466079977653,3.35,1.313296415417127,3.29,1.2656694639277635,16.65,1.3132964154171263,10.0,0.0,20.0,0.0,2.0,0.0,1.0,0.0,3.13,1.5219272736443836
quadcopter,446.0,446.0,100,2.17,1.2953296058836865,0.1085,0.06476648029418436,0.8915000000000001,0.06476648029418433,0.0,0.0,0.0,0.0,9.48,0.6739001514626737,1.65,0.8918825850158447,8.32,0.8747871313939898,0.03,0.1714466079977653,3.35,1.313296415417127,3.27,1.2541245085031558,16.65,1.3132964154171263,10.0,0.0,20.0,0.0,2.0,0.0,1.0,0.0,3.13,1.5219272736443836
quadcopter,447.0,447.0,100,2.16,1.292714628644354,0.10800000000000001,0.06463573143221772,0.892,0.06463573143221771,0.0,0.0,0.0004999999999999999,0.004999999999999998,9.48,0.6739001514626737,1.64,0.8935232724354966,8.32,0.8747871313939898,0.04,0.19694638556693236,3.34,1.2966156412800678,3.27,1.2541245085031558,16.66,1.2966156412800676,10.0,0.0,20.0,0.0,2.0,0.0,1.0,0.0,3.13,1.5219272736443836
quadcopter,448.0,448.0,100,2.13,1.2685392856320687,0.1065,0.06342696428160342,0.8935,0.06342696428160342,0.0,0.0,0.0014999999999999996,0.008572330399888261,9.48,0.6739001514626737,1.61,0.8864296789692769,8.34,0.8671327418101523,0.05,0.21904291355759034,3.31,1.2846805207537166,3.27,1.2541245085031558,16.69,1.284680520753717,10.0,0.0,20.0,0.0,2.0,0.0,1.0,0.0,3.13,1.5219272736443836
quadcopter,449.0,449.0,100,2.13,1.2685392856320687,0.1065,0.06342696428160342,0.8935,0.06342696428160342,0.0,0.0,0.0,0.0,9.48,0.6739001514626737,1.61,0.8864296789692769,8.35,0.8689364217539195,0.04,0.19694638556693236,3.32,1.28613429086601,3.27,1.2541245085031558,16.68,1.2861342908660103,10.0,0.0,20.0,0.0,2.0,0.0,1.0,0.0,3.13,1.5219272736443836
quadcopter,450.0,450.0,100,2.11,1.2783749153681108,0.10550000000000001,0.06391874576840555,0.8945000000000001,0.06391874576840555,0.0,0.0,0.001,0.007035264706814484,9.49,0.6741249472052229,1.6,0.8876253645985942,8.36,0.8706203523808743,0.04,0.19694638556693236,3.3,1.2593087730412216,3.26,1.252230333477355,16.7,1.2593087730412216,10.0,0.0,20.0,0.0,2.0,0.0,1.0,0.0,3.13,1.5219272736443836
quadcopter,451.0,451.0,100,2.1,1.2831463854387957,0.105,0.06415731927193978,0.895,0.0641573192719398,0.0,0.0,0.0005,0.004999999999999998,9.49,0.6741249472052229,1.59,0.8887057892227211,8.36,0.8706203523808743,0.05,0.21904291355759034,3.29,1.2656694639277632,3.26,1.252230333477355,16.71,1.2656694639277632,10.0,0.0,20.0,0.0,2.0,0.0,1.0,0.0,3.13,1.5219272736443836
quadcopter,452.0,452.0,100,2.1,1.2831463854387957,0.105,0.06415731927193978,0.895,0.0641573192719398,0.0,0.0,0.0,0.0,9.49,0.6741249472052229,1.59,0.8887057892227211,8.37,0.8721852272923857,0.04,0.19694638556693236,3.3,1.2593087730412216,3.25,1.2502524997500755,16.7,1.2593087730412216,10.0,0.0,20.0,0.0,2.0,0.0,1.0,0.0,3.13,1.5219272736443836
quadcopter,453.0,453.0,100,2.1,1.2831463854387957,0.105,0.06415731927193978,0.895,0.0641573192719398,0.0,0.0,0.0,0.0,9.49,0.6741249472052229,1.59,0.8887057892227211,8.37,0.8721852272923857,0.04,0.19694638556693236,3.3,1.2593087730412216,3.23,1.2214827882619557,16.7,1.2593087730412216,10.0,0.0,20.0,0.0,2.0,0.0,1.0,0.0,3.13,1.5219272736443836
quadcopter,454.0,454.0,100,2.08,1.2766749742589107,0.10400000000000001,0.06383374871294553,0.8959999999999999,0.06383374871294555,0.0,0.0,0.0009999999999999998,0.007035264706814482,9.49,0.6741249472052229,1.57,0.8791065253018446,8.39,0.8633385983225443,0.04,0.19694638556693236,3.28,1.2559354033443508,3.23,1.2048303455740814,16.72,1.2559354033443508,10.0,0.0,20.0,0.0,2.0,0.0,1.0,0.0,3.13,1.5219272736443836
quadcopter,455.0,455.0,100,2.08,1.2766749742589107,0.10400000000000001,0.06383374871294553,0.8959999999999999,0.06383374871294555,0.0,0.0,0.0,0.0,9.49,0.6741249472052229,1.57,0.8791065253018446,8.39,0.8633385983225443,0.04,0.19694638556693236,3.28,1.2559354033443508,3.22,1.219206564313302,16.72,1.2559354033443508,10.0,0.0,20.0,0.0,2.0,0.0,1.0,0.0,3.13,1.5219272736443836
quadcopter,456.0,456.0,100,2.06,1.261872906565171,0.10300000000000001,0.06309364532825855,0.897,0.06309364532825854,0.0,0.0,0.001,0.007035264706814486,9.5,0.6741998624632421,1.56,0.8682968351545423,8.4,0.852802865422441,0.04,0.19694638556693236,3.26,1.244137768849892,3.22,1.219206564313302,16.74,1.2441377688498925,10.0,0.0,20.0,0.0,2.0,0.0,1.0,0.0,3.13,1.5219272736443836
quadcopter,457.0,457.0,100,2.06,1.261872906565171,0.10300000000000001,0.06309364532825855,0.897,0.06309364532825854,0.0,0.0,0.0,0.0,9.5,0.6741998624632421,1.56,0.8682968351545423,8.4,0.852802865422441,0.04,0.19694638556693236,3.26,1.244137768849892,3.22,1.219206564313302,16.74,1.2441377688498925,10.0,0.0,20.0,0.0,2.0,0.0,1.0,0.0,3.13,1.5219272736443836
quadcopter,458.0,458.0,100,2.05,1.2583057392117913,0.1025,0.06291528696058958,0.8975,0.06291528696058958,0.0,0.0,0.0004999999999999999,0.004999999999999998,9.5,0.6741998624632421,1.55,0.8689364217539194,8.41,0.8539273500666896,0.04,0.19694638556693236,3.25,1.2339883600452932,3.21,1.2333333333333336,16.75,1.2339883600452934,10.0,0.0,20.0,0.0,2.0,0.0,1.0,0.0,3.13,1.5219272736443836
quadcopter,459.0,459.0,100,2.04,1.2626731304432808,0.102,0.06313365652216404,0.898,0.06313365652216403,0.0,0.0,0.0005,0.004999999999999999,9.5,0.6741998624632421,1.54,0.8694593699303009,8.42,0.8549322142188178,0.04,0.19694638556693236,3.24,1.248190609634521,3.21,1.2333333333333336,16.76,1.2481906096345217,10.0,0.0,20.0,0.0,2.0,0.0,1.0,0.0,3.13,1.5219272736443836
quadcopter,460.0,460.0,100,2.04,1.2626731304432808,0.102,0.06313365652216404,0.898,0.06313365652216403,0.0,0.0,0.0,0.0,9.5,0.6741998624632421,1.54,0.8694593699303009,8.42,0.8549322142188178,0.04,0.19694638556693236,3.24,1.248190609634521,3.21,1.2333333333333336,16.76,1.2481906096345217,10.0,0.0,20.0,0.0,2.0,0.0,1.0,0.0,3.13,1.5219272736443836
quadcopter,461.0,461.0,100,2.04,1.2626731304432808,0.102,0.06313365652216404,0.898,0.06313365652216403,0.0,0.0,0.0,0.0,9.5,0.6741998624632421,1.54,0.8694593699303009,8.42,0.8549322142188178,0.04,0.19694638556693236,3.24,1.248190609634521,3.21,1.2333333333333336,16.76,1.2481906096345217,10.0,0.0,20.0,0.0,2.0,0.0,1.0,0.0,3.13,1.5219272736443836
quadcopter,462.0,462.0,100,2.03,1.2669457427812427,0.1015,0.06334728713906214,0.8985,0.06334728713906214,0.0,0.0,0.0005,0.004999999999999998,9.5,0.6741998624632421,1.53,0.8698658900466595,8.43,0.8558178792384757,0.04,0.19694638556693236,3.23,1.2621530426340157,3.2,1.2390938363794473,16.77,1.2621530426340148,10.0,0.0,20.0,0.0,2.0,0.0,1.0,0.0,3.13,1.5219272736443836
quadcopter,463.0,463.0,100,2.01,1.243122494106488,0.1005,0.062156124705324396,0.8995000000000001,0.062156124705324375,0.0,0.0,0.001,0.007035264706814484,9.52,0.6432242017658957,1.53,0.8698658900466595,8.43,0.8558178792384757,0.04,0.19694638556693236,3.21,1.2333333333333336,3.19,1.228409499714936,16.79,1.2333333333333327,10.0,0.0,20.0,0.0,2.0,0.0,1.0,0.0,3.13,1.5219272736443836
quadcopter,464.0,464.0,100,2.01,1.243122494106488,0.1005,0.062156124705324396,0.8995000000000001,0.062156124705324375,0.0,0.0,0.0,0.0,9.52,0.6432242017658957,1.53,0.8698658900466595,8.43,0.8558178792384757,0.04,0.19694638556693236,3.21,1.2333333333333336,3.19,1.228409499714936,16.79,1.2333333333333327,10.0,0.0,20.0,0.0,2.0,0.0,1.0,0.0,3.13,1.5219272736443836
quadcopter,465.0,465.0,100,2.01,1.243122494106488,0.1005,0.062156124705324396,0.8995000000000001,0.062156124705324375,0.0,0.0,0.0,0.0,9.52,0.6432242017658957,1.53,0.8698658900466595,8.43,0.8558178792384757,0.04,0.19694638556693236,3.21,1.2333333333333336,3.17,1.2395421116140617,16.79,1.2333333333333327,10.0,0.0,20.0,0.0,2.0,0.0,1.0,0.0,3.13,1.5219272736443836
quadcopter,466.0,466.0,100,2.0,1.239093836379447,0.1,0.061954691818972354,0.9,0.06195469181897233,0.0,0.0,0.0004999999999999999,0.004999999999999998,9.52,0.6432242017658957,1.52,0.8701561452818208,8.44,0.856584714863261,0.04,0.19694638556693236,3.2,1.2390938363794473,3.17,1.2395421116140617,16.8,1.2390938363794473,10.0,0.0,20.0,0.0,2.0,0.0,1.0,0.0,3.13,1.5219272736443836
quadcopter,467.0,467.0,100,2.0,1.239093836379447,0.1,0.061954691818972354,0.9,0.06195469181897233,0.0,0.0,0.0,0.0,9.52,0.6432242017658957,1.52,0.8701561452818208,8.44,0.856584714863261,0.04,0.19694638556693236,3.2,1.2390938363794473,3.17,1.2395421116140617,16.8,1.2390938363794473,10.0,0.0,20.0,0.0,2.0,0.0,1.0,0.0,3.13,1.5219272736443836
quadcopter,468.0,468.0,100,2.0,1.239093836379447,0.1,0.061954691818972354,0.9,0.06195469181897233,0.0,0.0,0.0,0.0,9.52,0.6432242017658957,1.52,0.8701561452818208,8.44,0.856584714863261,0.04,0.19694638556693236,3.2,1.2390938363794473,3.17,1.2395421116140617,16.8,1.2390938363794473,10.0,0.0,20.0,0.0,2.0,0.0,1.0,0.0,3.13,1.5219272736443836
quadcopter,469.0,469.0,100,1.99,1.2512216252748969,0.0995,0.06256108126374488,0.9005,0.06256108126374485,0.0,0.0,0.0005,0.005,9.52,0.6432242017658957,1.51,0.8818598344843517,8.45,0.8689364217539194,0.04,0.19694638556693236,3.19,1.244746536204837,3.17,1.2395421116140617,16.81,1.2447465362048373,10.0,0.0,20.0,0.0,2.0,0.0,1.0,0.0,3.13,1.5219272736443836
quadcopter,470.0,470.0,100,1.99,1.2512216252748969,0.0995,0.06256108126374488,0.9005,0.06256108126374485,0.0,0.0,0.0,0.0,9.52,0.6432242017658957,1.51,0.8818598344843517,8.45,0.8689364217539194,0.04,0.19694638556693236,3.19,1.244746536204837,3.17,1.2395421116140617,16.81,1.2447465362048373,10.0,0.0,20.0,0.0,2.0,0.0,1.0,0.0,3.13,1.5219272736443836
quadcopter,471.0,471.0,100,1.99,1.2512216252748969,0.0995,0.06256108126374488,0.9005,0.06256108126374485,0.0,0.0,0.0,0.0,9.52,0.6432242017658957,1.51,0.8818598344843517,8.45,0.8689364217539194,0.04,0.19694638556693236,3.19,1.244746536204837,3.16,1.2368091888795822,16.81,1.2447465362048373,10.0,0.0,20.0,0.0,2.0,0.0,1.0,0.0,3.13,1.5219272736443836
quadcopter,472.0,472.0,100,1.99,1.2512216252748969,0.0995,0.06256108126374488,0.9005,0.06256108126374485,0.0,0.0,0.0,0.0,9.52,0.6432242017658957,1.51,0.8818598344843517,8.45,0.8689364217539194,0.04,0.19694638556693236,3.19,1.244746536204837,3.15,1.22577536788975,16.81,1.2447465362048373,10.0,0.0,20.0,0.0,2.0,0.0,1.0,0.0,3.13,1.5219272736443836
quadcopter,473.0,473.0,100,1.98,1.2389307869891262,0.099,0.0619465393494563,0.9009999999999999,0.06194653934945629,0.0,0.0,0.0005000000000000001,0.005000000000000001,9.52,0.6432242017658957,1.5,0.8703882797784892,8.45,0.8689364217539194,0.05,0.21904291355759034,3.18,1.2340292876703873,3.15,1.22577536788975,16.82,1.2340292876703867,10.0,0.0,20.0,0.0,2.0,0.0,1.0,0.0,3.13,1.5219272736443836
quadcopter,474.0,474.0,100,1.98,1.2389307869891262,0.099,0.0619465393494563,0.9009999999999999,0.06194653934945629,0.0,0.0,0.0,0.0,9.52,0.6432242017658957,1.5,0.8703882797784892,8.46,0.8577631233374258,0.04,0.19694638556693236,3.19,1.244746536204837,3.14,1.2228464888748445,16.81,1.2447465362048373,10.0,0.0,20.0,0.0,2.0,0.0,1.0,0.0,3.13,1.5219272736443836
quadcopter,475.0,475.0,100,1.97,1.2346430392398584,0.09849999999999999,0.06173215196199292,0.9015000000000001,0.061732151961992915,0.0,0.0,0.0004999999999999999,0.004999999999999998,9.53,0.6428314889862843,1.5,0.8703882797784892,8.46,0.8577631233374258,0.04,0.19694638556693236,3.18,1.2502928949779422,3.14,1.2228464888748445,16.82,1.2502928949779422,10.0,0.0,20.0,0.0,2.0,0.0,1.0,0.0,3.13,1.5219272736443836
quadcopter,476.0,476.0,100,1.97,1.2346430392398584,0.09849999999999999,0.06173215196199292,0.9015000000000001,0.061732151961992915,0.0,0.0,0.0,0.0,9.53,0.6428314889862843,1.5,0.8703882797784892,8.46,0.8577631233374258,0.04,0.19694638556693236,3.18,1.2502928949779422,3.13,1.2525126261989854,16.82,1.2502928949779422,10.0,0.0,20.0,0.0,2.0,0.0,1.0,0.0,3.13,1.5219272736443836
quadcopter,477.0,477.0,100,1.97,1.2346430392398584,0.09849999999999999,0.06173215196199292,0.9015000000000001,0.061732151961992915,0.0,0.0,0.0,0.0,9.53,0.6428314889862843,1.5,0.8703882797784892,8.46,0.8577631233374258,0.04,0.19694638556693236,3.18,1.2502928949779422,3.13,1.2525126261989854,16.82,1.2502928949779422,10.0,0.0,20.0,0.0,2.0,0.0,1.0,0.0,3.13,1.5219272736443836
quadcopter,478.0,478.0,100,1.96,1.2220201853215575,0.098,0.06110100926607786,0.902,0.06110100926607785,0.0,0.0,0.0005000000000000001,0.005,9.53,0.6428314889862843,1.49,0.8586458683722452,8.47,0.8463230035055327,0.04,0.19694638556693236,3.17,1.2476644848141936,3.11,1.2544466364243496,16.83,1.2476644848141938,10.0,0.0,20.0,0.0,2.0,0.0,1.0,0.0,3.13,1.5219272736443836
quadcopter,479.0,479.0,100,1.96,1.2220201853215575,0.098,0.06110100926607786,0.902,0.06110100926607785,0.0,0.0,0.0,0.0,9.53,0.6428314889862843,1.49,0.8586458683722452,8.47,0.8463230035055327,0.04,0.19694638556693236,3.17,1.2476644848141936,3.1,1.2512619892159136,16.83,1.2476644848141938,10.0,0.0,20.0,0.0,2.0,0.0,1.0,0.0,3.13,1.5219272736443836
quadcopter,480.0,480.0,100,1.96,1.2220201853215575,0.098,0.06110100926607786,0.902,0.06110100926607785,0.0,0.0,0.0,0.0,9.53,0.6428314889862843,1.49,0.8586458683722452,8.47,0.8463230035055327,0.04,0.19694638556693236,3.17,1.2476644848141936,3.08,1.2687383377580146,16.83,1.2476644848141938,10.0,0.0,20.0,0.0,2.0,0.0,1.0,0.0,3.13,1.5219272736443836
quadcopter,481.0,481.0,100,1.95,1.2091820425896227,0.0975,0.06045910212948115,0.9025,0.06045910212948113,0.0,0.0,0.0005000000000000001,0.005000000000000001,9.54,0.642281287696639,1.49,0.8586458683722452,8.47,0.8463230035055327,0.04,0.19694638556693236,3.16,1.2449493925051693,3.08,1.2687383377580146,16.84,1.2449493925051691,10.0,0.0,20.0,0.0,2.0,0.0,1.0,0.0,3.13,1.5219272736443836
quadcopter,482.0,482.0,100,1.92,1.1779111797902027,0.096,0.05889555898951016,0.904,0.05889555898951014,0.0,0.0,0.0014999999999999996,0.00857233039988826,9.55,0.6256309946079568,1.47,0.8581751840181856,8.49,0.8468002757856818,0.04,0.19694638556693236,3.13,1.236278220460038,3.08,1.2687383377580146,16.87,1.2362782204600367,10.0,0.0,20.0,0.0,2.0,0.0,1.0,0.0,3.13,1.5219272736443836
quadcopter,483.0,483.0,100,1.92,1.1779111797902027,0.096,0.05889555898951016,0.904,0.05889555898951014,0.0,0.0,0.0,0.0,9.55,0.6256309946079568,1.47,0.8581751840181856,8.49,0.8468002757856818,0.04,0.19694638556693236,3.13,1.236278220460038,3.08,1.2687383377580146,16.87,1.2362782204600367,10.0,0.0,20.0,0.0,2.0,0.0,1.0,0.0,3.13,1.5219272736443836
quadcopter,484.0,484.0,100,1.91,1.1728838670800128,0.0955,0.05864419335400065,0.9045000000000001,0.058644193354000645,0.0,0.0,0.0004999999999999999,0.004999999999999998,9.55,0.6256309946079568,1.46,0.8577631233374255,8.5,0.8468599159080069,0.04,0.19694638556693236,3.12,1.2413742791801758,3.08,1.2687383377580146,16.88,1.2413742791801745,10.0,0.0,20.0,0.0,2.0,0.0,1.0,0.0,3.13,1.5219272736443836
quadcopter,485.0,485.0,100,1.91,1.1728838670800128,0.0955,0.05864419335400065,0.9045000000000001,0.058644193354000645,0.0,0.0,0.0,0.0,9.55,0.6256309946079568,1.46,0.8577631233374255,8.5,0.8468599159080069,0.04,0.19694638556693236,3.12,1.2413742791801758,3.07,1.2573420739437182,16.88,1.2413742791801745,10.0,0.0,20.0,0.0,2.0,0.0,1.0,0.0,3.13,1.5219272736443836
quadcopter,486.0,486.0,100,1.89,1.1711601776085803,0.09450000000000001,0.05855800888042902,0.9055,0.058558008880428995,0.0,0.0,0.001,0.007035264706814485,9.57,0.6236905474591539,1.46,0.8577631233374255,8.5,0.8468599159080069,0.04,0.19694638556693236,3.1,1.2593087730412207,3.07,1.2573420739437182,16.9,1.2593087730412214,10.0,0.0,20.0,0.0,2.0,0.0,1.0,0.0,3.13,1.5219272736443836
quadcopter,487.0,487.0,100,1.89,1.1711601776085803,0.09450000000000001,0.05855800888042902,0.9055,0.058558008880428995,0.0,0.0,0.0,0.0,9.57,0.6236905474591539,1.46,0.8577631233374255,8.5,0.8468599159080069,0.04,0.19694638556693236,3.1,1.2593087730412207,3.06,1.2376256185604642,16.9,1.2593087730412214,10.0,0.0,20.0,0.0,2.0,0.0,1.0,0.0,3.13,1.5219272736443836
quadcopter,488.0,488.0,100,1.89,1.1711601776085803,0.09450000000000001,0.05855800888042902,0.9055,0.058558008880428995,0.0,0.0,0.0,0.0,9.57,0.6236905474591539,1.46,0.8577631233374255,8.5,0.8468599159080069,0.04,0.19694638556693236,3.1,1.2593087730412207,3.03,1.242797431018207,16.9,1.2593087730412214,10.0,0.0,20.0,0.0,2.0,0.0,1.0,0.0,3.13,1.5219272736443836
quadcopter,489.0,489.0,100,1.87,1.1690883956175755,0.0935,0.05845441978087878,0.9065000000000001,0.058454419780878765,0.0,0.0,0.0010000000000000002,0.007035264706814485,9.58,0.6224746962525846,1.45,0.8689364217539192,8.51,0.858645868372245,0.04,0.19694638556693236,3.08,1.2446248065545331,3.02,1.23075077686243,16.92,1.2446248065545333,10.0,0.0,20.0,0.0,2.0,0.0,1.0,0.0,3.13,1.5219272736443836
quadcopter,490.0,490.0,100,1.86,1.172237780546854,0.09300000000000001,0.05861188902734269,0.907,0.05861188902734269,0.0,0.0,0.0005,0.004999999999999998,9.59,0.621093854226216,1.45,0.8689364217539192,8.51,0.858645868372245,0.04,0.19694638556693236,3.07,1.2573420739437182,3.01,1.2101840581272976,16.93,1.257342073943718,10.0,0.0,20.0,0.0,2.0,0.0,1.0,0.0,3.13,1.5219272736443836
quadcopter,491.0,491.0,100,1.86,1.172237780546854,0.09300000000000001,0.05861188902734269,0.907,0.05861188902734269,0.0,0.0,0.0,0.0,9.59,0.621093854226216,1.45,0.8689364217539192,8.51,0.858645868372245,0.04,0.19694638556693236,3.07,1.2573420739437182,3.0,1.2060453783110545,16.93,1.257342073943718,10.0,0.0,20.0,0.0,2.0,0.0,1.0,0.0,3.13,1.5219272736443836
quadcopter,492.0,492.0,100,1.84,1.1696498655926086,0.09200000000000001,0.05848249327963045,0.9079999999999999,0.05848249327963044,0.0,0.0,0.001,0.007035264706814484,9.59,0.621093854226216,1.43,0.8558178792384756,8.53,0.8463230035055325,0.04,0.19694638556693236,3.05,1.2583057392117916,2.99,1.218502143924037,16.95,1.2583057392117916,10.0,0.0,20.0,0.0,2.0,0.0,1.0,0.0,3.13,1.5219272736443836
quadcopter,493.0,493.0,100,1.84,1.1696498655926086,0.09200000000000001,0.05848249327963045,0.9079999999999999,0.05848249327963044,0.0,0.0,0.0,0.0,9.59,0.621093854226216,1.43,0.8558178792384756,8.53,0.8463230035055325,0.04,0.19694638556693236,3.05,1.2583057392117916,2.99,1.218502143924037,16.95,1.2583057392117916,10.0,0.0,20.0,0.0,2.0,0.0,1.0,0.0,3.13,1.5219272736443836
quadcopter,494.0,494.0,100,1.84,1.1696498655926086,0.09200000000000001,0.05848249327963045,0.9079999999999999,0.05848249327963044,0.0,0.0,0.0,0.0,9.59,0.621093854226216,1.43,0.8558178792384756,8.53,0.8463230035055325,0.04,0.19694638556693236,3.05,1.2583057392117916,2.99,1.218502143924037,16.95,1.2583057392117916,10.0,0.0,20.0,0.0,2.0,0.0,1.0,0.0,3.13,1.5219272736443836
quadcopter,495.0,495.0,100,1.83,1.155181563410897,0.0915,0.057759078170544854,0.9085,0.057759078170544875,0.0,0.0,0.0005000000000000001,0.005000000000000001,9.59,0.621093854226216,1.42,0.8430344421831594,8.54,0.83387860948314,0.04,0.19694638556693236,3.04,1.254647924376163,2.99,1.218502143924037,16.96,1.254647924376163,10.0,0.0,20.0,0.0,2.0,0.0,1.0,0.0,3.13,1.5219272736443836
quadcopter,496.0,496.0,100,1.82,1.1580199052736964,0.091,0.05790099526368482,0.909,0.05790099526368485,0.0,0.0,0.0005,0.005,9.59,0.621093854226216,1.41,0.8420153793072304,8.55,0.833333333333333,0.04,0.19694638556693236,3.03,1.2669457427812427,2.99,1.218502143924037,16.97,1.266945742781243,10.0,0.0,20.0,0.0,2.0,0.0,1.0,0.0,3.13,1.5219272736443836
quadcopter,497.0,497.0,100,1.81,1.125417991932623,0.09050000000000001,0.056270899596631126,0.9095,0.05627089959663112,0.0,0.0,0.0004999999999999999,0.004999999999999997,9.6,0.5860327153276882,1.41,0.8420153793072304,8.55,0.833333333333333,0.04,0.19694638556693236,3.02,1.2470571418950758,2.98,1.2142254462592332,16.98,1.2470571418950758,10.0,0.0,20.0,0.0,2.0,0.0,1.0,0.0,3.13,1.5219272736443836
quadcopter,498.0,498.0,100,1.8,1.119162746219357,0.09,0.055958137310967826,0.91,0.05595813731096783,0.0,0.0,0.0004999999999999999,0.004999999999999998,9.61,0.5842201051942082,1.41,0.8420153793072304,8.55,0.833333333333333,0.04,0.19694638556693236,3.01,1.251221625274897,2.96,1.222020185321557,16.99,1.2512216252748976,10.0,0.0,20.0,0.0,2.0,0.0,1.0,0.0,3.13,1.5219272736443836
quadcopter,499.0,499.0,100,1.8,1.119162746219357,0.09,0.055958137310967826,0.91,0.05595813731096783,0.0,0.0,0.0,0.0,9.61,0.5842201051942082,1.41,0.8420153793072304,8.55,0.833333333333333,0.04,0.19694638556693236,3.01,1.251221625274897,2.95,1.217506974240079,16.99,1.2512216252748976,10.0,0.0,20.0,0.0,2.0,0.0,1.0,0.0,3.13,1.5219272736443836
quadcopter,500.0,500.0,100,1.79,1.1218221108914055,0.08950000000000001,0.05609110554457025,0.9105,0.05609110554457025,0.0,0.0,0.0005,0.005,9.62,0.5822283907453324,1.41,0.8420153793072304,8.55,0.833333333333333,0.04,0.19694638556693236,3.0,1.230914909793327,2.95,1.217506974240079,17.0,1.2309149097933276,10.0,0.0,20.0,0.0,2.0,0.0,1.0,0.0,3.13,1.5219272736443836
quadcopter,501.0,501.0,100,1.78,1.1243853539789748,0.08900000000000001,0.056219267698948736,0.9109999999999999,0.05621926769894872,0.0,0.0,0.0005,0.005,9.62,0.5822283907453324,1.4,0.8408749651825218,8.56,0.8326663997864528,0.04,0.19694638556693236,2.99,1.2267638301439663,2.92,1.2364824660660938,17.01,1.2267638301439667,10.0,0.0,20.0,0.0,2.0,0.0,1.0,0.0,3.13,1.5219272736443836
quadcopter,502.0,502.0,100,1.76,1.102064178959399,0.08800000000000001,0.05510320894796997,0.912,0.055103208947969946,0.0,0.0,0.001,0.007035264706814482,9.62,0.5822283907453324,1.38,0.8260897302498332,8.58,0.8187203614806652,0.04,0.19694638556693236,2.97,1.2264344312442528,2.92,1.2364824660660938,17.03,1.2264344312442537,10.0,0.0,20.0,0.0,2.0,0.0,1.0,0.0,3.13,1.5219272736443836
quadcopter,503.0,503.0,100,1.76,1.102064178959399,0.08800000000000001,0.05510320894796997,0.912,0.055103208947969946,0.0,0.0,0.0,0.0,9.62,0.5822283907453324,1.38,0.8260897302498332,8.58,0.8187203614806652,0.04,0.19694638556693236,2.97,1.2264344312442528,2.93,1.216510990455487,17.03,1.2264344312442537,10.0,0.0,20.0,0.0,2.0,0.0,1.0,0.0,3.13,1.5219272736443836
quadcopter,504.0,504.0,100,1.76,1.102064178959399,0.08800000000000001,0.05510320894796997,0.912,0.055103208947969946,0.0,0.0,0.0,0.0,9.62,0.5822283907453324,1.38,0.8260897302498332,8.58,0.8187203614806652,0.04,0.19694638556693236,2.97,1.2264344312442528,2.92,1.2033622929445678,17.03,1.2264344312442537,10.0,0.0,20.0,0.0,2.0,0.0,1.0,0.0,3.13,1.5219272736443836
quadcopter,505.0,505.0,100,1.74,1.1157277825923688,0.08700000000000001,0.05578638912961843,0.9129999999999999,0.055786389129618454,0.0,0.0,0.001,0.007035264706814485,9.62,0.5822283907453324,1.36,0.8350890595461884,8.6,0.8287754140107481,0.04,0.19694638556693236,2.95,1.22577536788975,2.92,1.2033622929445678,17.05,1.2257753678897498,10.0,0.0,20.0,0.0,2.0,0.0,1.0,0.0,3.13,1.5219272736443836
quadcopter,506.0,506.0,100,1.74,1.1157277825923688,0.08700000000000001,0.05578638912961843,0.9129999999999999,0.055786389129618454,0.0,0.0,0.0,0.0,9.62,0.5822283907453324,1.36,0.8350890595461884,8.6,0.8287754140107481,0.04,0.19694638556693236,2.95,1.22577536788975,2.92,1.2033622929445678,17.05,1.2257753678897498,10.0,0.0,20.0,0.0,2.0,0.0,1.0,0.0,3.13,1.5219272736443836
quadcopter,507.0,507.0,100,1.74,1.1157277825923688,0.08700000000000001,0.05578638912961843,0.9129999999999999,0.055786389129618454,0.0,0.0,0.0,0.0,9.62,0.5822283907453324,1.36,0.8350890595461884,8.6,0.8287754140107481,0.04,0.19694638556693236,2.95,1.22577536788975,2.92,1.2033622929445678,17.05,1.2257753678897498,10.0,0.0,20.0,0.0,2.0,0.0,1.0,0.0,3.13,1.5219272736443836
quadcopter,508.0,508.0,100,1.73,1.0996326291957326,0.08650000000000001,0.054981631459786635,0.9135,0.054981631459786615,0.0,0.0,0.0005000000000000001,0.005,9.63,0.5623723199648307,1.36,0.8350890595461884,8.6,0.8287754140107481,0.04,0.19694638556693236,2.94,1.2211933226615397,2.92,1.2033622929445678,17.06,1.2211933226615403,10.0,0.0,20.0,0.0,2.0,0.0,1.0,0.0,3.13,1.5219272736443836
quadcopter,509.0,509.0,100,1.71,1.0758600036597454,0.0855,0.05379300018298727,0.9145,0.05379300018298725,0.0,0.0,0.001,0.009999999999999997,9.65,0.5388914922357194,1.36,0.8350890595461884,8.6,0.8287754140107481,0.04,0.19694638556693236,2.93,1.216510990455487,2.92,1.2033622929445678,17.07,1.216510990455487,10.0,0.0,20.0,0.0,2.0,0.0,1.0,0.0,3.13,1.5219272736443836
quadcopter,510.0,510.0,100,1.71,1.0758600036597454,0.0855,0.05379300018298727,0.9145,0.05379300018298725,0.0,0.0,0.0,0.0,9.65,0.5388914922357194,1.36,0.8350890595461884,8.6,0.8287754140107481,0.04,0.19694638556693236,2.93,1.216510990455487,2.92,1.2033622929445678,17.07,1.216510990455487,10.0,0.0,20.0,0.0,2.0,0.0,1.0,0.0,3.13,1.5219272736443836
quadcopter,511.0,511.0,100,1.71,1.0758600036597454,0.0855,0.05379300018298727,0.9145,0.05379300018298725,0.0,0.0,0.0,0.0,9.65,0.5388914922357194,1.36,0.8350890595461884,8.6,0.8287754140107481,0.04,0.19694638556693236,2.93,1.216510990455487,2.92,1.2033622929445678,17.07,1.216510990455487,10.0,0.0,20.0,0.0,2.0,0.0,1.0,0.0,3.13,1.5219272736443836
quadcopter,512.0,512.0,100,1.71,1.0758600036597454,0.0855,0.05379300018298727,0.9145,0.05379300018298725,0.0,0.0,0.0,0.0,9.65,0.5388914922357194,1.36,0.8350890595461884,8.6,0.8287754140107481,0.04,0.19694638556693236,2.93,1.216510990455487,2.92,1.2033622929445678,17.07,1.216510990455487,10.0,0.0,20.0,0.0,2.0,0.0,1.0,0.0,3.13,1.5219272736443836
quadcopter,513.0,513.0,100,1.71,1.0758600036597454,0.0855,0.05379300018298727,0.9145,0.05379300018298725,0.0,0.0,0.0,0.0,9.65,0.5388914922357194,1.36,0.8350890595461884,8.6,0.8287754140107481,0.04,0.19694638556693236,2.93,1.216510990455487,2.92,1.2033622929445678,17.07,1.216510990455487,10.0,0.0,20.0,0.0,2.0,0.0,1.0,0.0,3.13,1.5219272736443836
quadcopter,514.0,514.0,100,1.71,1.0758600036597454,0.0855,0.05379300018298727,0.9145,0.05379300018298725,0.0,0.0,0.0,0.0,9.65,0.5388914922357194,1.36,0.8350890595461884,8.6,0.8287754140107481,0.04,0.19694638556693236,2.93,1.216510990455487,2.92,1.2033622929445678,17.07,1.216510990455487,10.0,0.0,20.0,0.0,2.0,0.0,1.0,0.0,3.13,1.5219272736443836
quadcopter,515.0,515.0,100,1.71,1.0758600036597454,0.0855,0.05379300018298727,0.9145,0.05379300018298725,0.0,0.0,0.0,0.0,9.65,0.5388914922357194,1.36,0.8350890595461884,8.6,0.8287754140107481,0.04,0.19694638556693236,2.93,1.216510990455487,2.91,1.215181742237212,17.07,1.216510990455487,10.0,0.0,20.0,0.0,2.0,0.0,1.0,0.0,3.13,1.5219272736443836
quadcopter,516.0,516.0,100,1.69,1.0889249633273983,0.0845,0.05444624816636993,0.9155,0.05444624816636991,0.0,0.0,0.001,0.010000000000000002,9.65,0.5388914922357194,1.34,0.8435135751813077,8.62,0.8382280492958124,0.04,0.19694638556693236,2.92,1.2033622929445678,2.91,1.215181742237212,17.08,1.2033622929445682,10.0,0.0,20.0,0.0,2.0,0.0,1.0,0.0,3.13,1.5219272736443836
quadcopter,517.0,517.0,100,1.69,1.0889249633273983,0.0845,0.05444624816636993,0.9155,0.05444624816636991,0.0,0.0,0.0,0.0,9.65,0.5388914922357194,1.34,0.8435135751813077,8.62,0.8382280492958124,0.04,0.19694638556693236,2.92,1.2033622929445678,2.91,1.215181742237212,17.08,1.2033622929445682,10.0,0.0,20.0,0.0,2.0,0.0,1.0,0.0,3.13,1.5219272736443836
quadcopter,518.0,518.0,100,1.69,1.0889249633273983,0.0845,0.05444624816636993,0.9155,0.05444624816636991,0.0,0.0,0.0,0.0,9.65,0.5388914922357194,1.34,0.8435135751813077,8.62,0.8382280492958124,0.04,0.19694638556693236,2.92,1.2033622929445678,2.9,1.2185435916898848,17.08,1.2033622929445682,10.0,0.0,20.0,0.0,2.0,0.0,1.0,0.0,3.13,1.5219272736443836
quadcopter,519.0,519.0,100,1.68,1.0906396973771626,0.084,0.05453198486885815,0.9159999999999999,0.054531984868858144,0.0,0.0,0.0005,0.005,9.65,0.5388914922357194,1.33,0.8415353933031089,8.63,0.8367203894378397,0.04,0.19694638556693236,2.91,1.215181742237212,2.9,1.2185435916898848,17.09,1.2151817422372122,10.0,0.0,20.0,0.0,2.0,0.0,1.0,0.0,3.13,1.5219272736443836
quadcopter,520.0,520.0,100,1.68,1.0906396973771626,0.084,0.05453198486885815,0.9159999999999999,0.054531984868858144,0.0,0.0,0.0,0.0,9.65,0.5388914922357194,1.33,0.8415353933031089,8.63,0.8367203894378397,0.04,0.19694638556693236,2.91,1.215181742237212,2.9,1.2185435916898848,17.09,1.2151817422372122,10.0,0.0,20.0,0.0,2.0,0.0,1.0,0.0,3.13,1.5219272736443836
quadcopter,521.0,521.0,100,1.68,1.0906396973771626,0.084,0.05453198486885815,0.9159999999999999,0.054531984868858144,0.0,0.0,0.0,0.0,9.65,0.5388914922357194,1.33,0.8415353933031089,8.63,0.8367203894378397,0.04,0.19694638556693236,2.91,1.215181742237212,2.88,1.1915527599724571,17.09,1.2151817422372122,10.0,0.0,20.0,0.0,2.0,0.0,1.0,0.0,3.13,1.5219272736443836
quadcopter,522.0,522.0,100,1.67,1.0829719677019725,0.08349999999999999,0.05414859838509865,0.9165000000000001,0.054148598385098626,0.0,0.0,0.0004999999999999999,0.004999999999999998,9.65,0.5388914922357194,1.32,0.8273115763993902,8.64,0.8229044398784813,0.04,0.19694638556693236,2.9,1.2185435916898848,2.88,1.1915527599724571,17.1,1.2185435916898852,10.0,0.0,20.0,0.0,2.0,0.0,1.0,0.0,3.13,1.5219272736443836
quadcopter,523.0,523.0,100,1.67,1.0829719677019725,0.08349999999999999,0.05414859838509865,0.9165000000000001,0.054148598385098626,0.0,0.0,0.0,0.0,9.65,0.5388914922357194,1.32,0.8273115763993902,8.64,0.8229044398784813,0.04,0.19694638556693236,2.9,1.2185435916898848,2.88,1.1915527599724571,17.1,1.2185435916898852,10.0,0.0,20.0,0.0,2.0,0.0,1.0,0.0,3.13,1.5219272736443836
quadcopter,524.0,524.0,100,1.67,1.0829719677019725,0.08349999999999999,0.05414859838509865,0.9165000000000001,0.054148598385098626,0.0,0.0,0.0,0.0,9.65,0.5388914922357194,1.32,0.8273115763993902,8.64,0.8229044398784813,0.04,0.19694638556693236,2.9,1.2185435916898848,2.88,1.1915527599724571,17.1,1.2185435916898852,10.0,0.0,20.0,0.0,2.0,0.0,1.0,0.0,3.13,1.5219272736443836
quadcopter,525.0,525.0,100,1.67,1.0829719677019725,0.08349999999999999,0.05414859838509865,0.9165000000000001,0.054148598385098626,0.0,0.0,0.0,0.0,9.65,0.5388914922357194,1.32,0.8273115763993902,8.64,0.8229044398784813,0.04,0.19694638556693236,2.9,1.2185435916898848,2.88,1.1915527599724571,17.1,1.2185435916898852,10.0,0.0,20.0,0.0,2.0,0.0,1.0,0.0,3.13,1.5219272736443836
quadcopter,526.0,526.0,100,1.67,1.0829719677019725,0.08349999999999999,0.05414859838509865,0.9165000000000001,0.054148598385098626,0.0,0.0,0.0,0.0,9.65,0.5388914922357194,1.32,0.8273115763993902,8.64,0.8229044398784813,0.04,0.19694638556693236,2.9,1.2185435916898848,2.88,1.1915527599724571,17.1,1.2185435916898852,10.0,0.0,20.0,0.0,2.0,0.0,1.0,0.0,3.13,1.5219272736443836
quadcopter,527.0,527.0,100,1.67,1.0829719677019725,0.08349999999999999,0.05414859838509865,0.9165000000000001,0.054148598385098626,0.0,0.0,0.0,0.0,9.65,0.5388914922357194,1.32,0.8273115763993902,8.64,0.8229044398784813,0.04,0.19694638556693236,2.9,1.2185435916898848,2.88,1.1915527599724571,17.1,1.2185435916898852,10.0,0.0,20.0,0.0,2.0,0.0,1.0,0.0,3.13,1.5219272736443836
quadcopter,528.0,528.0,100,1.67,1.0829719677019725,0.08349999999999999,0.05414859838509865,0.9165000000000001,0.054148598385098626,0.0,0.0,0.0,0.0,9.65,0.5388914922357194,1.32,0.8273115763993902,8.64,0.8229044398784813,0.04,0.19694638556693236,2.9,1.2185435916898848,2.87,1.1862426889855706,17.1,1.2185435916898852,10.0,0.0,20.0,0.0,2.0,0.0,1.0,0.0,3.13,1.5219272736443836
quadcopter,529.0,529.0,100,1.67,1.0829719677019725,0.08349999999999999,0.05414859838509865,0.9165000000000001,0.054148598385098626,0.0,0.0,0.0,0.0,9.65,0.5388914922357194,1.32,0.8273115763993902,8.64,0.8229044398784813,0.04,0.19694638556693236,2.9,1.2185435916898848,2.87,1.1862426889855706,17.1,1.2185435916898852,10.0,0.0,20.0,0.0,2.0,0.0,1.0,0.0,3.13,1.5219272736443836
quadcopter,530.0,530.0,100,1.67,1.0829719677019725,0.08349999999999999,0.05414859838509865,0.9165000000000001,0.054148598385098626,0.0,0.0,0.0,0.0,9.65,0.5388914922357194,1.32,0.8273115763993902,8.64,0.8229044398784813,0.04,0.19694638556693236,2.9,1.2185435916898848,2.87,1.1862426889855706,17.1,1.2185435916898852,10.0,0.0,20.0,0.0,2.0,0.0,1.0,0.0,3.13,1.5219272736443836
quadcopter,531.0,531.0,100,1.65,1.0576799462440745,0.0825,0.05288399731220373,0.9175,0.052883997312203716,0.0,0.0,0.001,0.007035264706814485,9.67,0.5135536717202731,1.32,0.8273115763993902,8.64,0.8229044398784813,0.04,0.19694638556693236,2.88,1.1915527599724571,2.86,1.2062128729828308,17.12,1.1915527599724567,10.0,0.0,20.0,0.0,2.0,0.0,1.0,0.0,3.13,1.5219272736443836
quadcopter,532.0,532.0,100,1.65,1.0576799462440745,0.0825,0.05288399731220373,0.9175,0.052883997312203716,0.0,0.0,0.0,0.0,9.67,0.5135536717202731,1.32,0.8273115763993902,8.64,0.8229044398784813,0.04,0.19694638556693236,2.88,1.1915527599724571,2.85,1.217506974240079,17.12,1.1915527599724567,10.0,0.0,20.0,0.0,2.0,0.0,1.0,0.0,3.13,1.5219272736443836
quadcopter,533.0,533.0,100,1.65,1.0576799462440745,0.0825,0.05288399731220373,0.9175,0.052883997312203716,0.0,0.0,0.0,0.0,9.67,0.5135536717202731,1.32,0.8273115763993902,8.64,0.8229044398784813,0.04,0.19694638556693236,2.88,1.1915527599724571,2.85,1.217506974240079,17.12,1.1915527599724567,10.0,0.0,20.0,0.0,2.0,0.0,1.0,0.0,3.13,1.5219272736443836
quadcopter,534.0,534.0,100,1.65,1.0576799462440745,0.0825,0.05288399731220373,0.9175,0.052883997312203716,0.0,0.0,0.0,0.0,9.67,0.5135536717202731,1.32,0.8273115763993902,8.64,0.8229044398784813,0.04,0.19694638556693236,2.88,1.1915527599724571,2.85,1.217506974240079,17.12,1.1915527599724567,10.0,0.0,20.0,0.0,2.0,0.0,1.0,0.0,3.13,1.5219272736443836
quadcopter,535.0,535.0,100,1.64,1.06855892763019,0.08200000000000002,0.0534279463815095,0.9179999999999999,0.05342794638150951,0.0,0.0,0.0005,0.004999999999999999,9.67,0.5135536717202731,1.31,0.837203135988567,8.65,0.8333333333333336,0.04,0.19694638556693236,2.87,1.2115187896924164,2.85,1.217506974240079,17.13,1.2115187896924156,10.0,0.0,20.0,0.0,2.0,0.0,1.0,0.0,3.13,1.5219272736443836
quadcopter,536.0,536.0,100,1.63,1.069834311725631,0.0815,0.053491715586281546,0.9185,0.053491715586281546,0.0,0.0,0.0005,0.005,9.67,0.5135536717202731,1.3,0.8348471099367217,8.66,0.8314524227597939,0.04,0.19694638556693236,2.86,1.2228464888748445,2.85,1.217506974240079,17.14,1.222846488874844,10.0,0.0,20.0,0.0,2.0,0.0,1.0,0.0,3.13,1.5219272736443836
quadcopter,537.0,537.0,100,1.63,1.069834311725631,0.0815,0.053491715586281546,0.9185,0.053491715586281546,0.0,0.0,0.0,0.0,9.67,0.5135536717202731,1.3,0.8348471099367217,8.66,0.8314524227597939,0.04,0.19694638556693236,2.86,1.2228464888748445,2.84,1.228615053421921,17.14,1.222846488874844,10.0,0.0,20.0,0.0,2.0,0.0,1.0,0.0,3.13,1.5219272736443836
quadcopter,538.0,538.0,100,1.61,1.0814785987692772,0.0805,0.05407392993846386,0.9195,0.05407392993846385,0.0,0.0,0.001,0.01,9.67,0.5135536717202731,1.28,0.8418354166265923,8.68,0.8394322275481594,0.04,0.19694638556693236,2.85,1.217506974240079,2.84,1.228615053421921,17.15,1.2175069742400788,10.0,0.0,20.0,0.0,2.0,0.0,1.0,0.0,3.13,1.5219272736443836
quadcopter,539.0,539.0,100,1.61,1.0814785987692772,0.0805,0.05407392993846386,0.9195,0.05407392993846385,0.0,0.0,0.0,0.0,9.67,0.5135536717202731,1.28,0.8418354166265923,8.68,0.8394322275481594,0.04,0.19694638556693236,2.85,1.217506974240079,2.83,1.231366162545742,17.15,1.2175069742400788,10.0,0.0,20.0,0.0,2.0,0.0,1.0,0.0,3.13,1.5219272736443836
quadcopter,540.0,540.0,100,1.61,1.0814785987692772,0.0805,0.05407392993846386,0.9195,0.05407392993846385,0.0,0.0,0.0,0.0,9.67,0.5135536717202731,1.28,0.8418354166265923,8.68,0.8394322275481594,0.04,0.19694638556693236,2.85,1.217506974240079,2.83,1.231366162545742,17.15,1.2175069742400788,10.0,0.0,20.0,0.0,2.0,0.0,1.0,0.0,3.13,1.5219272736443836
quadcopter,541.0,541.0,100,1.6,1.0824588545146514,0.08,0.05412294272573259,0.92,0.054122942725732565,0.0,0.0,0.0005,0.005,9.67,0.5135536717202731,1.27,0.8391313449880264,8.69,0.8372031359885669,0.04,0.19694638556693236,2.84,1.228615053421921,2.83,1.231366162545742,17.16,1.2286150534219205,10.0,0.0,20.0,0.0,2.0,0.0,1.0,0.0,3.13,1.5219272736443836
quadcopter,542.0,542.0,100,1.6,1.0824588545146514,0.08,0.05412294272573259,0.92,0.054122942725732565,0.0,0.0,0.0,0.0,9.67,0.5135536717202731,1.27,0.8391313449880264,8.69,0.8372031359885669,0.04,0.19694638556693236,2.84,1.228615053421921,2.83,1.231366162545742,17.16,1.2286150534219205,10.0,0.0,20.0,0.0,2.0,0.0,1.0,0.0,3.13,1.5219272736443836
quadcopter,543.0,543.0,100,1.59,1.0926291154085104,0.0795,0.054631455770425524,0.9205,0.054631455770425504,0.0,0.0,0.0005,0.005,9.67,0.5135536717202731,1.26,0.8482900209220663,8.7,0.8468599159080072,0.04,0.19694638556693236,2.83,1.231366162545742,2.83,1.231366162545742,17.17,1.231366162545742,10.0,0.0,20.0,0.0,2.0,0.0,1.0,0.0,3.13,1.5219272736443836
quadcopter,544.0,544.0,100,1.59,1.0926291154085104,0.0795,0.054631455770425524,0.9205,0.054631455770425504,0.0,0.0,0.0,0.0,9.67,0.5135536717202731,1.26,0.8482900209220663,8.7,0.8468599159080072,0.04,0.19694638556693236,2.83,1.231366162545742,2.82,1.2421877084524313,17.17,1.231366162545742,10.0,0.0,20.0,0.0,2.0,0.0,1.0,0.0,3.13,1.5219272736443836
quadcopter,545.0,545.0,100,1.59,1.0926291154085104,0.0795,0.054631455770425524,0.9205,0.054631455770425504,0.0,0.0,0.0,0.0,9.67,0.5135536717202731,1.26,0.8482900209220663,8.7,0.8468599159080072,0.04,0.19694638556693236,2.83,1.231366162545742,2.82,1.2421877084524313,17.17,1.231366162545742,10.0,0.0,20.0,0.0,2.0,0.0,1.0,0.0,3.13,1.5219272736443836
quadcopter,546.0,546.0,100,1.59,1.0926291154085104,0.0795,0.054631455770425524,0.9205,0.054631455770425504,0.0,0.0,0.0,0.0,9.67,0.5135536717202731,1.26,0.8482900209220663,8.7,0.8468599159080072,0.04,0.19694638556693236,2.83,1.231366162545742,2.82,1.2421877084524313,17.17,1.231366162545742,10.0,0.0,20.0,0.0,2.0,0.0,1.0,0.0,3.13,1.5219272736443836
quadcopter,547.0,547.0,100,1.59,1.0926291154085104,0.0795,0.054631455770425524,0.9205,0.054631455770425504,0.0,0.0,0.0,0.0,9.67,0.5135536717202731,1.26,0.8482900209220663,8.7,0.8468599159080072,0.04,0.19694638556693236,2.83,1.231366162545742,2.82,1.2421877084524313,17.17,1.231366162545742,10.0,0.0,20.0,0.0,2.0,0.0,1.0,0.0,3.13,1.5219272736443836
quadcopter,548.0,548.0,100,1.59,1.0926291154085104,0.0795,0.054631455770425524,0.9205,0.054631455770425504,0.0,0.0,0.0,0.0,9.67,0.5135536717202731,1.26,0.8482900209220663,8.7,0.8468599159080072,0.04,0.19694638556693236,2.83,1.231366162545742,2.8,1.2390938363794468,17.17,1.231366162545742,10.0,0.0,20.0,0.0,2.0,0.0,1.0,0.0,3.13,1.5219272736443836
quadcopter,549.0,549.0,100,1.59,1.0926291154085104,0.0795,0.054631455770425524,0.9205,0.054631455770425504,0.0,0.0,0.0,0.0,9.67,0.5135536717202731,1.26,0.8482900209220663,8.7,0.8468599159080072,0.04,0.19694638556693236,2.83,1.231366162545742,2.8,1.2390938363794468,17.17,1.231366162545742,10.0,0.0,20.0,0.0,2.0,0.0,1.0,0.0,3.13,1.5219272736443836
quadcopter,550.0,550.0,100,1.59,1.0926291154085104,0.0795,0.054631455770425524,0.9205,0.054631455770425504,0.0,0.0,0.0,0.0,9.67,0.5135536717202731,1.26,0.8482900209220663,8.7,0.8468599159080072,0.04,0.19694638556693236,2.83,1.231366162545742,2.79,1.2496059985111916,17.17,1.231366162545742,10.0,0.0,20.0,0.0,2.0,0.0,1.0,0.0,3.13,1.5219272736443836
quadcopter,551.0,551.0,100,1.59,1.0926291154085104,0.0795,0.054631455770425524,0.9205,0.054631455770425504,0.0,0.0,0.0,0.0,9.67,0.5135536717202731,1.26,0.8482900209220663,8.7,0.8468599159080072,0.04,0.19694638556693236,2.83,1.231366162545742,2.79,1.2496059985111916,17.17,1.231366162545742,10.0,0.0,20.0,0.0,2.0,0.0,1.0,0.0,3.13,1.5219272736443836
quadcopter,552.0,552.0,100,1.58,1.1026139740442145,0.079,0.055130698702210726,0.9209999999999999,0.05513069870221071,0.0,0.0,0.0005,0.005,9.67,0.5135536717202731,1.25,0.8572330399888262,8.71,0.8562898593539008,0.04,0.19694638556693236,2.82,1.2340292876703869,2.79,1.2496059985111916,17.18,1.2340292876703869,10.0,0.0,20.0,0.0,2.0,0.0,1.0,0.0,3.13,1.5219272736443836
quadcopter,553.0,553.0,100,1.58,1.1026139740442145,0.079,0.055130698702210726,0.9209999999999999,0.05513069870221071,0.0,0.0,0.0,0.0,9.67,0.5135536717202731,1.25,0.8572330399888262,8.71,0.8562898593539008,0.04,0.19694638556693236,2.82,1.2340292876703869,2.77,1.278058818456468,17.18,1.2340292876703869,10.0,0.0,20.0,0.0,2.0,0.0,1.0,0.0,3.13,1.5219272736443836
quadcopter,554.0,554.0,100,1.56,1.1038957643663003,0.078,0.055194788218315013,0.922,0.055194788218315,0.0,0.0,0.001,0.007035264706814485,9.68,0.5101000100000196,1.24,0.8542230210530325,8.72,0.8537498983243796,0.04,0.19694638556693236,2.8,1.2552918289216957,2.77,1.278058818456468,17.2,1.2552918289216948,10.0,0.0,20.0,0.0,2.0,0.0,1.0,0.0,3.13,1.5219272736443836
quadcopter,555.0,555.0,100,1.56,1.1038957643663003,0.078,0.055194788218315013,0.922,0.055194788218315,0.0,0.0,0.0,0.0,9.68,0.5101000100000196,1.24,0.8542230210530325,8.72,0.8537498983243796,0.04,0.19694638556693236,2.8,1.2552918289216957,2.77,1.278058818456468,17.2,1.2552918289216948,10.0,0.0,20.0,0.0,2.0,0.0,1.0,0.0,3.13,1.5219272736443836
quadcopter,556.0,556.0,100,1.56,1.1038957643663003,0.078,0.055194788218315013,0.922,0.055194788218315,0.0,0.0,0.0,0.0,9.68,0.5101000100000196,1.24,0.8542230210530325,8.72,0.8537498983243796,0.04,0.19694638556693236,2.8,1.2552918289216957,2.76,1.2801515061850601,17.2,1.2552918289216948,10.0,0.0,20.0,0.0,2.0,0.0,1.0,0.0,3.13,1.5219272736443836
quadcopter,557.0,557.0,100,1.54,1.113915652465698,0.077,0.05569578262328487,0.9229999999999999,0.05569578262328488,0.0,0.0,0.001,0.007035264706814485,9.68,0.5101000100000196,1.22,0.8596452169295767,8.74,0.860115096831802,0.04,0.19694638556693236,2.78,1.2837759960681647,2.76,1.2801515061850601,17.22,1.283775996068164,10.0,0.0,20.0,0.0,2.0,0.0,1.0,0.0,3.13,1.5219272736443836
quadcopter,558.0,558.0,100,1.53,1.0959521481849066,0.0765,0.05479760740924532,0.9235,0.054797607409245316,0.0,0.0,0.0005000000000000001,0.005,9.69,0.4860685407045248,1.22,0.8596452169295767,8.74,0.860115096831802,0.04,0.19694638556693236,2.77,1.278058818456468,2.74,1.2919330126174922,17.23,1.2780588184564685,10.0,0.0,20.0,0.0,2.0,0.0,1.0,0.0,3.13,1.5219272736443836
quadcopter,559.0,559.0,100,1.53,1.0959521481849066,0.0765,0.05479760740924532,0.9235,0.054797607409245316,0.0,0.0,0.0,0.0,9.69,0.4860685407045248,1.22,0.8596452169295767,8.74,0.860115096831802,0.04,0.19694638556693236,2.77,1.278058818456468,2.74,1.2919330126174922,17.23,1.2780588184564685,10.0,0.0,20.0,0.0,2.0,0.0,1.0,0.0,3.13,1.5219272736443836
quadcopter,560.0,560.0,100,1.52,1.0869287655656839,0.07600000000000001,0.05434643827828419,0.924,0.05434643827828419,0.0,0.0,0.0004999999999999999,0.004999999999999997,9.69,0.4860685407045248,1.21,0.8562898593539009,8.75,0.8572330399888265,0.04,0.19694638556693236,2.76,1.2801515061850601,2.74,1.2919330126174922,17.24,1.2801515061850606,10.0,0.0,20.0,0.0,2.0,0.0,1.0,0.0,3.13,1.5219272736443836
quadcopter,561.0,561.0,100,1.52,1.0869287655656839,0.07600000000000001,0.05434643827828419,0.924,0.05434643827828419,0.0,0.0,0.0,0.0,9.69,0.4860685407045248,1.21,0.8562898593539009,8.75,0.8572330399888265,0.04,0.19694638556693236,2.76,1.2801515061850601,2.74,1.2919330126174922,17.24,1.2801515061850606,10.0,0.0,20.0,0.0,2.0,0.0,1.0,0.0,3.13,1.5219272736443836
quadcopter,562.0,562.0,100,1.52,1.0869287655656839,0.07600000000000001,0.05434643827828419,0.924,0.05434643827828419,0.0,0.0,0.0,0.0,9.69,0.4860685407045248,1.21,0.8562898593539009,8.75,0.8572330399888265,0.04,0.19694638556693236,2.76,1.2801515061850601,2.73,1.2859379314867274,17.24,1.2801515061850606,10.0,0.0,20.0,0.0,2.0,0.0,1.0,0.0,3.13,1.5219272736443836
quadcopter,563.0,563.0,100,1.52,1.0869287655656839,0.07600000000000001,0.05434643827828419,0.924,0.05434643827828419,0.0,0.0,0.0,0.0,9.69,0.4860685407045248,1.21,0.8562898593539009,8.75,0.8572330399888265,0.04,0.19694638556693236,2.76,1.2801515061850601,2.73,1.2859379314867274,17.24,1.2801515061850606,10.0,0.0,20.0,0.0,2.0,0.0,1.0,0.0,3.13,1.5219272736443836
quadcopter,564.0,564.0,100,1.52,1.0869287655656839,0.07600000000000001,0.05434643827828419,0.924,0.05434643827828419,0.0,0.0,0.0,0.0,9.69,0.4860685407045248,1.21,0.8562898593539009,8.75,0.8572330399888265,0.04,0.19694638556693236,2.76,1.2801515061850601,2.73,1.2859379314867274,17.24,1.2801515061850606,10.0,0.0,20.0,0.0,2.0,0.0,1.0,0.0,3.13,1.5219272736443836
quadcopter,565.0,565.0,100,1.52,1.0869287655656839,0.07600000000000001,0.05434643827828419,0.924,0.05434643827828419,0.0,0.0,0.0,0.0,9.69,0.4860685407045248,1.21,0.8562898593539009,8.75,0.8572330399888265,0.04,0.19694638556693236,2.76,1.2801515061850601,2.72,1.295524541791408,17.24,1.2801515061850606,10.0,0.0,20.0,0.0,2.0,0.0,1.0,0.0,3.13,1.5219272736443836
quadcopter,566.0,566.0,100,1.51,1.087068154127041,0.0755,0.054353407706352046,0.9245,0.05435340770635203,0.0,0.0,0.0005,0.004999999999999998,9.69,0.4860685407045248,1.2,0.8528028654224418,8.76,0.8542230210530325,0.04,0.19694638556693236,2.75,1.2742595393943001,2.72,1.295524541791408,17.25,1.2742595393943008,10.0,0.0,20.0,0.0,2.0,0.0,1.0,0.0,3.13,1.5219272736443836
quadcopter,567.0,567.0,100,1.51,1.087068154127041,0.0755,0.054353407706352046,0.9245,0.05435340770635203,0.0,0.0,0.0,0.0,9.69,0.4860685407045248,1.2,0.8528028654224418,8.76,0.8542230210530325,0.04,0.19694638556693236,2.75,1.2742595393943001,2.72,1.295524541791408,17.25,1.2742595393943008,10.0,0.0,20.0,0.0,2.0,0.0,1.0,0.0,3.13,1.5219272736443836
quadcopter,568.0,568.0,100,1.5,1.0777829844714388,0.075,0.05388914922357195,0.925,0.05388914922357193,0.0,0.0,0.0004999999999999999,0.004999999999999998,9.7,0.48199920365414756,1.2,0.8528028654224418,8.76,0.8542230210530325,0.04,0.19694638556693236,2.74,1.276200167954412,2.7,1.2909944487358058,17.26,1.276200167954412,10.0,0.0,20.0,0.0,2.0,0.0,1.0,0.0,3.13,1.5219272736443836
quadcopter,569.0,569.0,100,1.5,1.0777829844714388,0.075,0.05388914922357195,0.925,0.05388914922357193,0.0,0.0,0.0,0.0,9.7,0.48199920365414756,1.2,0.8528028654224418,8.76,0.8542230210530325,0.04,0.19694638556693236,2.74,1.276200167954412,2.7,1.2909944487358058,17.26,1.276200167954412,10.0,0.0,20.0,0.0,2.0,0.0,1.0,0.0,3.13,1.5219272736443836
quadcopter,570.0,570.0,100,1.5,1.0777829844714388,0.075,0.05388914922357195,0.925,0.05388914922357193,0.0,0.0,0.0,0.0,9.7,0.48199920365414756,1.2,0.8528028654224418,8.76,0.8542230210530325,0.04,0.19694638556693236,2.74,1.276200167954412,2.7,1.2909944487358058,17.26,1.276200167954412,10.0,0.0,20.0,0.0,2.0,0.0,1.0,0.0,3.13,1.5219272736443836
quadcopter,571.0,571.0,100,1.5,1.0777829844714388,0.075,0.05388914922357195,0.925,0.05388914922357193,0.0,0.0,0.0,0.0,9.7,0.48199920365414756,1.2,0.8528028654224418,8.76,0.8542230210530325,0.04,0.19694638556693236,2.74,1.276200167954412,2.69,1.29251926894962,17.26,1.276200167954412,10.0,0.0,20.0,0.0,2.0,0.0,1.0,0.0,3.13,1.5219272736443836
quadcopter,572.0,572.0,100,1.49,1.0588253449512395,0.0745,0.05294126724756197,0.9255,0.05294126724756198,0.0,0.0,0.0005000000000000001,0.005,9.7,0.48199920365414756,1.19,0.8372031359885672,8.76,0.8542230210530325,0.05,0.21904291355759034,2.73,1.2701308291795466,2.68,1.3017470777940907,17.27,1.270130829179547,10.0,0.0,20.0,0.0,2.0,0.0,1.0,0.0,3.13,1.5219272736443836
quadcopter,573.0,573.0,100,1.49,1.0588253449512395,0.0745,0.05294126724756197,0.9255,0.05294126724756198,0.0,0.0,0.0,0.0,9.7,0.48199920365414756,1.19,0.8372031359885672,8.77,0.8391313449880262,0.04,0.19694638556693236,2.74,1.276200167954412,2.67,1.3031042967010769,17.26,1.276200167954412,10.0,0.0,20.0,0.0,2.0,0.0,1.0,0.0,3.13,1.5219272736443836
quadcopter,574.0,574.0,100,1.48,1.0586822378825864,0.07400000000000001,0.05293411189412932,0.9259999999999999,0.05293411189412931,0.0,0.0,0.0005,0.005,9.7,0.48199920365414756,1.18,0.833393937190243,8.78,0.8358144881406747,0.04,0.19694638556693236,2.73,1.2859379314867274,2.67,1.295329605883687,17.27,1.285937931486728,10.0,0.0,20.0,0.0,2.0,0.0,1.0,0.0,3.13,1.5219272736443836
quadcopter,575.0,575.0,100,1.46,1.067613216384089,0.073,0.05338066081920446,0.927,0.053380660819204444,0.0,0.0,0.001,0.007035264706814485,9.71,0.47768380565162377,1.17,0.8415353933031088,8.79,0.844411216783803,0.04,0.19694638556693236,2.71,1.297199781347219,2.66,1.296615641280068,17.29,1.2971997813472191,10.0,0.0,20.0,0.0,2.0,0.0,1.0,0.0,3.13,1.5219272736443836
quadcopter,576.0,576.0,100,1.45,1.0671873729054746,0.0725,0.05335936864527375,0.9275,0.05335936864527373,0.0,0.0,0.0005,0.005,9.71,0.47768380565162377,1.16,0.8375047112787732,8.8,0.8408749651825216,0.04,0.19694638556693236,2.7,1.3065491598369756,2.65,1.2978225742925857,17.3,1.306549159836976,10.0,0.0,20.0,0.0,2.0,0.0,1.0,0.0,3.13,1.5219272736443836
quadcopter,577.0,577.0,100,1.44,1.0760946974963674,0.07200000000000001,0.05380473487481836,0.9279999999999999,0.05380473487481835,0.0,0.0,0.0005,0.004999999999999998,9.71,0.47768380565162377,1.15,0.8453676505795953,8.81,0.8491826135237998,0.04,0.19694638556693236,2.69,1.3080558478177073,2.65,1.2978225742925857,17.31,1.3080558478177076,10.0,0.0,20.0,0.0,2.0,0.0,1.0,0.0,3.13,1.5219272736443836
quadcopter,578.0,578.0,100,1.42,1.074779751926652,0.07100000000000001,0.05373898759633259,0.929,0.053738987596332576,0.0,0.0,0.001,0.007035264706814484,9.72,0.47311561360663607,1.14,0.8530397222150723,8.82,0.8572919543244851,0.04,0.19694638556693236,2.67,1.295329605883687,2.64,1.2911509234286698,17.33,1.295329605883687,10.0,0.0,20.0,0.0,2.0,0.0,1.0,0.0,3.13,1.5219272736443836
quadcopter,579.0,579.0,100,1.41,1.0645338525534653,0.0705,0.053226692627673274,0.9295,0.05322669262767324,0.0,0.0,0.0004999999999999999,0.0049999999999999975,9.72,0.47311561360663607,1.13,0.8487066809581685,8.83,0.8534540634292146,0.04,0.19694638556693236,2.66,1.296615641280068,2.64,1.2911509234286698,17.34,1.296615641280068,10.0,0.0,20.0,0.0,2.0,0.0,1.0,0.0,3.13,1.5219272736443836
quadcopter,580.0,580.0,100,1.4,1.0730867399773196,0.07,0.05365433699886597,0.93,0.05365433699886597,0.0,0.0,0.0005,0.005,9.72,0.47311561360663607,1.12,0.8561128973034414,8.84,0.8612886750783278,0.04,0.19694638556693236,2.65,1.2978225742925857,2.63,1.2922066320051062,17.35,1.2978225742925857,10.0,0.0,20.0,0.0,2.0,0.0,1.0,0.0,3.13,1.5219272736443836
quadcopter,581.0,581.0,100,1.4,1.0730867399773196,0.07,0.05365433699886597,0.93,0.05365433699886597,0.0,0.0,0.0,0.0,9.72,0.47311561360663607,1.12,0.8561128973034414,8.84,0.8612886750783278,0.04,0.19694638556693236,2.65,1.2978225742925857,2.63,1.2922066320051062,17.35,1.2978225742925857,10.0,0.0,20.0,0.0,2.0,0.0,1.0,0.0,3.13,1.5219272736443836
quadcopter,582.0,582.0,100,1.39,1.0814785987692774,0.0695,0.054073929938463876,0.9305,0.054073929938463855,0.0,0.0,0.0005,0.004999999999999999,9.72,0.47311561360663607,1.11,0.8633385983225443,8.85,0.857233039988826,0.04,0.19694638556693236,2.64,1.2911509234286698,2.62,1.2931833714996617,17.36,1.2911509234286709,10.0,0.0,20.0,0.0,2.0,0.0,1.0,0.0,3.13,1.5219272736443836
quadcopter,583.0,583.0,100,1.39,1.0814785987692774,0.0695,0.054073929938463876,0.9305,0.054073929938463855,0.0,0.0,0.0,0.0,9.72,0.47311561360663607,1.11,0.8633385983225443,8.85,0.857233039988826,0.04,0.19694638556693236,2.64,1.2911509234286698,2.62,1.2931833714996617,17.36,1.2911509234286709,10.0,0.0,20.0,0.0,2.0,0.0,1.0,0.0,3.13,1.5219272736443836
quadcopter,584.0,584.0,100,1.38,1.0897131491703438,0.069,0.05448565745851717,0.9309999999999999,0.054485657458517175,0.0,0.0,0.0005,0.005,9.72,0.47311561360663607,1.1,0.8703882797784892,8.86,0.864799854231479,0.04,0.19694638556693236,2.63,1.2922066320051062,2.62,1.2931833714996617,17.37,1.2922066320051069,10.0,0.0,20.0,0.0,2.0,0.0,1.0,0.0,3.13,1.5219272736443836
quadcopter,585.0,585.0,100,1.38,1.0897131491703438,0.069,0.05448565745851717,0.9309999999999999,0.054485657458517175,0.0,0.0,0.0,0.0,9.72,0.47311561360663607,1.1,0.8703882797784892,8.86,0.864799854231479,0.04,0.19694638556693236,2.63,1.2922066320051062,2.61,1.294081320723881,17.37,1.2922066320051069,10.0,0.0,20.0,0.0,2.0,0.0,1.0,0.0,3.13,1.5219272736443836
quadcopter,586.0,586.0,100,1.37,1.0792346708420162,0.0685,0.053961733542100807,0.9315000000000001,0.053961733542100807,0.0,0.0,0.0004999999999999999,0.0049999999999999975,9.72,0.47311561360663607,1.09,0.85392735006669,8.87,0.8487066809581683,0.04,0.19694638556693236,2.62,1.2931833714996617,2.61,1.294081320723881,17.38,1.2931833714996614,10.0,0.0,20.0,0.0,2.0,0.0,1.0,0.0,3.13,1.5219272736443836
quadcopter,587.0,587.0,100,1.37,1.0792346708420162,0.0685,0.053961733542100807,0.9315000000000001,0.053961733542100807,0.0,0.0,0.0,0.0,9.72,0.47311561360663607,1.09,0.85392735006669,8.87,0.8487066809581683,0.04,0.19694638556693236,2.62,1.2931833714996617,2.61,1.294081320723881,17.38,1.2931833714996614,10.0,0.0,20.0,0.0,2.0,0.0,1.0,0.0,3.13,1.5219272736443836
quadcopter,588.0,588.0,100,1.37,1.0792346708420162,0.0685,0.053961733542100807,0.9315000000000001,0.053961733542100807,0.0,0.0,0.0,0.0,9.72,0.47311561360663607,1.09,0.85392735006669,8.87,0.8487066809581683,0.04,0.19694638556693236,2.62,1.2931833714996617,2.61,1.294081320723881,17.38,1.2931833714996614,10.0,0.0,20.0,0.0,2.0,0.0,1.0,0.0,3.13,1.5219272736443836
quadcopter,589.0,589.0,100,1.36,1.0685589276301901,0.068,0.0534279463815095,0.932,0.05342794638150951,0.0,0.0,0.0004999999999999999,0.004999999999999998,9.72,0.47311561360663607,1.08,0.8370221386594625,8.88,0.8321810214882652,0.04,0.19694638556693236,2.61,1.294081320723881,2.61,1.294081320723881,17.39,1.2940813207238808,10.0,0.0,20.0,0.0,2.0,0.0,1.0,0.0,3.13,1.5219272736443836
quadcopter,590.0,590.0,100,1.36,1.0685589276301901,0.068,0.0534279463815095,0.932,0.05342794638150951,0.0,0.0,0.0,0.0,9.72,0.47311561360663607,1.08,0.8370221386594625,8.88,0.8321810214882652,0.04,0.19694638556693236,2.61,1.294081320723881,2.61,1.294081320723881,17.39,1.2940813207238808,10.0,0.0,20.0,0.0,2.0,0.0,1.0,0.0,3.13,1.5219272736443836
quadcopter,591.0,591.0,100,1.36,1.0685589276301901,0.068,0.0534279463815095,0.932,0.05342794638150951,0.0,0.0,0.0,0.0,9.72,0.47311561360663607,1.08,0.8370221386594625,8.88,0.8321810214882652,0.04,0.19694638556693236,2.61,1.294081320723881,2.61,1.294081320723881,17.39,1.2940813207238808,10.0,0.0,20.0,0.0,2.0,0.0,1.0,0.0,3.13,1.5219272736443836
quadcopter,592.0,592.0,100,1.36,1.0685589276301901,0.068,0.0534279463815095,0.932,0.05342794638150951,0.0,0.0,0.0,0.0,9.72,0.47311561360663607,1.08,0.8370221386594625,8.88,0.8321810214882652,0.04,0.19694638556693236,2.61,1.294081320723881,2.6,1.310408988511494,17.39,1.2940813207238808,10.0,0.0,20.0,0.0,2.0,0.0,1.0,0.0,3.13,1.5219272736443836
quadcopter,593.0,593.0,100,1.36,1.0685589276301901,0.068,0.0534279463815095,0.932,0.05342794638150951,0.0,0.0,0.0,0.0,9.72,0.47311561360663607,1.08,0.8370221386594625,8.88,0.8321810214882652,0.04,0.19694638556693236,2.61,1.294081320723881,2.58,1.2963039922811472,17.39,1.2940813207238808,10.0,0.0,20.0,0.0,2.0,0.0,1.0,0.0,3.13,1.5219272736443836
quadcopter,594.0,594.0,100,1.36,1.0685589276301901,0.068,0.0534279463815095,0.932,0.05342794638150951,0.0,0.0,0.0,0.0,9.72,0.47311561360663607,1.08,0.8370221386594625,8.88,0.8321810214882652,0.04,0.19694638556693236,2.61,1.294081320723881,2.57,1.2890760922913633,17.39,1.2940813207238808,10.0,0.0,20.0,0.0,2.0,0.0,1.0,0.0,3.13,1.5219272736443836
quadcopter,595.0,595.0,100,1.36,1.0685589276301901,0.068,0.0534279463815095,0.932,0.05342794638150951,0.0,0.0,0.0,0.0,9.72,0.47311561360663607,1.08,0.8370221386594625,8.88,0.8321810214882652,0.04,0.19694638556693236,2.61,1.294081320723881,2.57,1.2890760922913633,17.39,1.2940813207238808,10.0,0.0,20.0,0.0,2.0,0.0,1.0,0.0,3.13,1.5219272736443836
quadcopter,596.0,596.0,100,1.35,1.07661084384791,0.0675,0.053830542192395504,0.9325,0.05383054219239548,0.0,0.0,0.0005,0.004999999999999999,9.72,0.47311561360663607,1.07,0.8439325934114774,8.89,0.8396127053287692,0.04,0.19694638556693236,2.6,1.310408988511494,2.57,1.2890760922913633,17.4,1.3104089885114945,10.0,0.0,20.0,0.0,2.0,0.0,1.0,0.0,3.13,1.5219272736443836
quadcopter,597.0,597.0,100,1.35,1.07661084384791,0.0675,0.053830542192395504,0.9325,0.05383054219239548,0.0,0.0,0.0,0.0,9.72,0.47311561360663607,1.07,0.8439325934114774,8.89,0.8396127053287692,0.04,0.19694638556693236,2.6,1.310408988511494,2.57,1.2890760922913633,17.4,1.3104089885114945,10.0,0.0,20.0,0.0,2.0,0.0,1.0,0.0,3.13,1.5219272736443836
quadcopter,598.0,598.0,100,1.34,1.075155614764484,0.067,0.05375778073822421,0.9329999999999999,0.053757780738224216,0.0,0.0,0.0005,0.005,9.72,0.47311561360663607,1.06,0.8387099280647292,8.9,0.8348471099367217,0.04,0.19694638556693236,2.59,1.3034143197344767,2.57,1.2890760922913633,17.41,1.3034143197344776,10.0,0.0,20.0,0.0,2.0,0.0,1.0,0.0,3.13,1.5219272736443836
quadcopter,599.0,599.0,100,1.34,1.075155614764484,0.067,0.05375778073822421,0.9329999999999999,0.053757780738224216,0.0,0.0,0.0,0.0,9.72,0.47311561360663607,1.06,0.8387099280647292,8.9,0.8348471099367217,0.04,0.19694638556693236,2.59,1.3034143197344767,2.57,1.2890760922913633,17.41,1.3034143197344776,10.0,0.0,20.0,0.0,2.0,0.0,1.0,0.0,3.13,1.5219272736443836
quadcopter,600.0,600.0,100,1.34,1.075155614764484,0.067,0.05375778073822421,0.9329999999999999,0.053757780738224216,0.0,0.0,0.0,0.0,9.72,0.47311561360663607,1.06,0.8387099280647292,8.9,0.8348471099367217,0.04,0.19694638556693236,2.59,1.3034143197344767,2.57,1.2890760922913633,17.41,1.3034143197344776,10.0,0.0,20.0,0.0,2.0,0.0,1.0,0.0,3.13,1.5219272736443836
