priority_range_width,Step,simulated_time_s,replications,residual_deficit_mean,residual_deficit_std,normalized_deficit_mean,normalized_deficit_std,capacity_adjusted_coverage_mean,capacity_adjusted_coverage_std,normalized_unavoidable_deficit_mean,normalized_unavoidable_deficit_std,r_delta_mean,r_delta_std,covered_points_mean,covered_points_std,underserved_points_mean,underserved_points_std,exactly_satisfied_points_mean,exactly_satisfied_points_std,overserved_points_mean,overserved_points_std,idle_drones_mean,idle_drones_std,exploring_drones_mean,exploring_drones_std,stationing_drones_mean,stationing_drones_std,active_points_mean,active_points_std,total_demand_mean,total_demand_std,mean_demand_per_point_mean,mean_demand_per_point_std,fleet_load_mean,fleet_load_std,overlapping_zones_mean,overlapping_zones_std
0,0.0,0.0,100,20.0,0.0,1.0,0.0,0.0,0.0,0.0,0.0,,,0.0,0.0,5.0,0.0,0.0,0.0,0.0,0.0,20.0,0.0,0.0,0.0,0.0,0.0,5.0,0.0,20.0,0.0,4.0,0.0,1.0,0.0,0.0,0.0
0,1.0,1.0,100,20.0,0.0,1.0,0.0,0.0,0.0,0.0,0.0,0.0,0.0,0.0,0.0,5.0,0.0,0.0,0.0,0.0,0.0,20.0,0.0,20.0,0.0,0.0,0.0,5.0,0.0,20.0,0.0,4.0,0.0,1.0,0.0,0.0,0.0
0,2.0,2.0,100,20.0,0.0,1.0,0.0,0.0,0.0,0.0,0.0,0.0,0.0,0.0,0.0,5.0,0.0,0.0,0.0,0.0,0.0,20.0,0.0,20.0,0.0,0.0,0.0,5.0,0.0,20.0,0.0,4.0,0.0,1.0,0.0,0.0,0.0
0,3.0,3.0,100,20.0,0.0,1.0,0.0,0.0,0.0,0.0,0.0,0.0,0.0,0.0,0.0,5.0,0.0,0.0,0.0,0.0,0.0,20.0,0.0,20.0,0.0,0.0,0.0,5.0,0.0,20.0,0.0,4.0,0.0,1.0,0.0,0.0,0.0
0,4.0,4.0,100,20.0,0.0,1.0,0.0,0.0,0.0,0.0,0.0,0.0,0.0,0.0,0.0,5.0,0.0,0.0,0.0,0.0,0.0,20.0,0.0,20.0,0.0,0.0,0.0,5.0,0.0,20.0,0.0,4.0,0.0,1.0,0.0,0.0,0.0
0,5.0,5.0,100,20.0,0.0,1.0,0.0,0.0,0.0,0.0,0.0,0.0,0.0,0.0,0.0,5.0,0.0,0.0,0.0,0.0,0.0,20.0,0.0,20.0,0.0,0.0,0.0,5.0,0.0,20.0,0.0,4.0,0.0,1.0,0.0,0.0,0.0
0,6.0,6.0,100,20.0,0.0,1.0,0.0,0.0,0.0,0.0,0.0,0.0,0.0,0.0,0.0,5.0,0.0,0.0,0.0,0.0,0.0,20.0,0.0,20.0,0.0,0.0,0.0,5.0,0.0,20.0,0.0,4.0,0.0,1.0,0.0,0.0,0.0
0,7.0,7.0,100,20.0,0.0,1.0,0.0,0.0,0.0,0.0,0.0,0.0,0.0,0.0,0.0,5.0,0.0,0.0,0.0,0.0,0.0,20.0,0.0,20.0,0.0,0.0,0.0,5.0,0.0,20.0,0.0,4.0,0.0,1.0,0.0,0.0,0.0
0,8.0,8.0,100,20.0,0.0,1.0,0.0,0.0,0.0,0.0,0.0,0.0,0.0,0.0,0.0,5.0,0.0,0.0,0.0,0.0,0.0,20.0,0.0,20.0,0.0,0.0,0.0,5.0,0.0,20.0,0.0,4.0,0.0,1.0,0.0,0.0,0.0
0,9.0,9.0,100,20.0,0.0,1.0,0.0,0.0,0.0,0.0,0.0,0.0,0.0,0.0,0.0,5.0,0.0,0.0,0.0,0.0,0.0,20.0,0.0,20.0,0.0,0.0,0.0,5.0,0.0,20.0,0.0,4.0,0.0,1.0,0.0,0.0,0.0
0,10.0,10.0,100,20.0,0.0,1.0,0.0,0.0,0.0,0.0,0.0,0.0,0.0,0.0,0.0,5.0,0.0,0.0,0.0,0.0,0.0,20.0,0.0,20.0,0.0,0.0,0.0,5.0,0.0,20.0,0.0,4.0,0.0,1.0,0.0,0.0,0.0
0,11.0,11.0,100,20.0,0.0,1.0,0.0,0.0,0.0,0.0,0.0,0.0,0.0,0.0,0.0,5.0,0.0,0.0,0.0,0.0,0.0,20.0,0.0,20.0,0.0,0.0,0.0,5.0,0.0,20.0,0.0,4.0,0.0,1.0,0.0,0.0,0.0
0,12.0,12.0,100,20.0,0.0,1.0,0.0,0.0,0.0,0.0,0.0,0.0,0.0,0.0,0.0,5.0,0.0,0.0,0.0,0.0,0.0,20.0,0.0,20.0,0.0,0.0,0.0,5.0,0.0,20.0,0.0,4.0,0.0,1.0,0.0,0.0,0.0
0,13.0,13.0,100,20.0,0.0,1.0,0.0,0.0,0.0,0.0,0.0,0.0,0.0,0.0,0.0,5.0,0.0,0.0,0.0,0.0,0.0,20.0,0.0,20.0,0.0,0.0,0.0,5.0,0.0,20.0,0.0,4.0,0.0,1.0,0.0,0.0,0.0
0,14.0,14.0,100,20.0,0.0,1.0,0.0,0.0,0.0,0.0,0.0,0.0,0.0,0.0,0.0,5.0,0.0,0.0,0.0,0.0,0.0,20.0,0.0,20.0,0.0,0.0,0.0,5.0,0.0,20.0,0.0,4.0,0.0,1.0,0.0,0.0,0.0
0,15.0,15.0,100,20.0,0.0,1.0,0.0,0.0,0.0,0.0,0.0,0.0,0.0,0.0,0.0,5.0,0.0,0.0,0.0,0.0,0.0,20.0,0.0,19.86,0.40251733132897716,0.0,0.0,5.0,0.0,20.0,0.0,4.0,0.0,1.0,0.0,0.0,0.0
0,16.0,16.0,100,20.0,0.0,1.0,0.0,0.0,0.0,0.0,0.0,0.0,0.0,0.0,0.0,5.0,0.0,0.0,0.0,0.0,0.0,20.0,0.0,19.67,0.6521913333934571,0.0,0.0,5.0,0.0,20.0,0.0,4.0,0.0,1.0,0.0,0.0,0.0
0,17.0,17.0,100,20.0,0.0,1.0,0.0,0.0,0.0,0.0,0.0,0.0,0.0,0.0,0.0,5.0,0.0,0.0,0.0,0.0,0.0,20.0,0.0,19.35,0.9574271077563378,0.0,0.0,5.0,0.0,20.0,0.0,4.0,0.0,1.0,0.0,0.0,0.0
0,18.0,18.0,100,20.0,0.0,1.0,0.0,0.0,0.0,0.0,0.0,0.0,0.0,0.0,0.0,5.0,0.0,0.0,0.0,0.0,0.0,20.0,0.0,19.12,1.1571473108424433,0.0,0.0,5.0,0.0,20.0,0.0,4.0,0.0,1.0,0.0,0.0,0.0
0,19.0,19.0,100,20.0,0.0,1.0,0.0,0.0,0.0,0.0,0.0,0.0,0.0,0.0,0.0,5.0,0.0,0.0,0.0,0.0,0.0,20.0,0.0,18.74,1.3380220589747502,0.0,0.0,5.0,0.0,20.0,0.0,4.0,0.0,1.0,0.0,0.0,0.0
0,20.0,20.0,100,20.0,0.0,1.0,0.0,0.0,0.0,0.0,0.0,0.0,0.0,0.0,0.0,5.0,0.0,0.0,0.0,0.0,0.0,20.0,0.0,18.53,1.4174596710989413,0.0,0.0,5.0,0.0,20.0,0.0,4.0,0.0,1.0,0.0,0.0,0.0
0,21.0,21.0,100,20.0,0.0,1.0,0.0,0.0,0.0,0.0,0.0,0.0,0.0,0.0,0.0,5.0,0.0,0.0,0.0,0.0,0.0,20.0,0.0,18.17,1.4146063449281965,0.0,0.0,5.0,0.0,20.0,0.0,4.0,0.0,1.0,0.0,0.0,0.0
0,22.0,22.0,100,20.0,0.0,1.0,0.0,0.0,0.0,0.0,0.0,0.0,0.0,0.0,0.0,5.0,0.0,0.0,0.0,0.0,0.0,20.0,0.0,17.89,1.4417651919389884,0.0,0.0,5.0,0.0,20.0,0.0,4.0,0.0,1.0,0.0,0.0,0.0
0,23.0,23.0,100,20.0,0.0,1.0,0.0,0.0,0.0,0.0,0.0,0.0,0.0,0.0,0.0,5.0,0.0,0.0,0.0,0.0,0.0,20.0,0.0,17.66,1.4922019523732937,0.0,0.0,5.0,0.0,20.0,0.0,4.0,0.0,1.0,0.0,0.0,0.0
0,24.0,24.0,100,20.0,0.0,1.0,0.0,0.0,0.0,0.0,0.0,0.0,0.0,0.0,0.0,5.0,0.0,0.0,0.0,0.0,0.0,20.0,0.0,17.3,1.6049166881048922,0.0,0.0,5.0,0.0,20.0,0.0,4.0,0.0,1.0,0.0,0.0,0.0
0,25.0,25.0,100,19.88,0.3265986323710906,0.9940000000000001,0.016329931618554533,0.006000000000000001,0.016329931618554522,0.0,0.0,0.006000000000000005,0.016329931618554536,0.12,0.32659863237109044,5.0,0.0,0.0,0.0,0.0,0.0,19.88,0.3265986323710906,17.03,1.6904664349453278,0.12,0.32659863237109044,5.0,0.0,20.0,0.0,4.0,0.0,1.0,0.0,0.0,0.0
0,26.0,26.0,100,19.69,0.6771150924952481,0.9845,0.03385575462476238,0.0155,0.03385575462476241,0.0,0.0,0.009500000000000001,0.024303427035226238,0.23,0.42295258468165076,4.99,0.09999999999999994,0.01,0.1,0.0,0.0,19.69,0.6771150924952481,16.72,1.7412407047617493,0.31,0.677115092495248,5.0,0.0,20.0,0.0,4.0,0.0,1.0,0.0,0.0,0.0
0,27.0,27.0,100,19.51,0.7587203474644442,0.9754999999999999,0.03793601737322217,0.0245,0.037936017373222164,0.0,0.0,0.009000000000000003,0.019306145983268467,0.37,0.4852365870939096,4.99,0.09999999999999994,0.01,0.1,0.0,0.0,19.51,0.7587203474644442,16.5,1.7837651700316888,0.49,0.7587203474644433,5.0,0.0,20.0,0.0,4.0,0.0,1.0,0.0,0.0,0.0
0,28.0,28.0,100,19.21,1.0664298979645714,0.9605,0.05332149489822859,0.0395,0.0533214948982286,0.0,0.0,0.014999999999999996,0.02611164839335467,0.45,0.5,4.97,0.17144660799776537,0.03,0.17144660799776532,0.0,0.0,19.21,1.0664298979645714,16.21,1.9451831208750947,0.79,1.0664298979645719,5.0,0.0,20.0,0.0,4.0,0.0,1.0,0.0,0.0,0.0
0,29.0,29.0,100,18.93,1.182831733210988,0.9465,0.059141586660549375,0.053500000000000006,0.059141586660549375,0.0,0.0,0.014000000000000004,0.02365578068033181,0.59,0.49431107042371025,4.94,0.23868325657594205,0.05,0.21904291355759029,0.01,0.1,18.92,1.2117272086913073,15.85,1.9816073467686977,1.08,1.2117272086913076,5.0,0.0,20.0,0.0,4.0,0.0,1.0,0.0,0.0,0.0
0,30.0,30.0,100,18.66,1.3349989596333856,0.9329999999999999,0.06674994798166926,0.067,0.06674994798166929,0.0,0.0,0.013499999999999991,0.022309802166923673,0.65,0.4793724854411022,4.87,0.33799766898963113,0.07,0.2564323999762428,0.06,0.23868325657594203,18.59,1.4981132915582298,15.65,2.0169734302121634,1.41,1.49811329155823,5.0,0.0,20.0,0.0,4.0,0.0,1.0,0.0,0.0,0.0
0,31.0,31.0,100,18.3,1.3743685418725526,0.915,0.06871842709362766,0.085,0.06871842709362767,0.0,0.0,0.018000000000000002,0.02888500362373933,0.76,0.42923469599092784,4.84,0.3684529491774706,0.08,0.27265992434429076,0.08,0.2726599243442907,18.22,1.5280541531469019,15.5,1.956599813013082,1.78,1.5280541531469019,5.0,0.0,20.0,0.0,4.0,0.0,1.0,0.0,0.0,0.0
0,32.0,32.0,100,17.95,1.3586609569571029,0.8975,0.06793304784785524,0.1025,0.06793304784785525,0.0,0.0,0.0175,0.025990479997588547,0.87,0.3666666666666667,4.79,0.40936018074033237,0.15,0.35887028128263665,0.06,0.23868325657594208,17.89,1.4626321920745922,15.28,1.9749952052109045,2.11,1.462632192074593,5.0,0.0,20.0,0.0,4.0,0.0,1.0,0.0,0.0,0.0
0,33.0,33.0,100,17.67,1.3185161540477415,0.8835,0.0659258077023871,0.1165,0.0659258077023871,0.0,0.0,0.013999999999999997,0.0275973941091575,0.93,0.3554766326548573,4.75,0.4351941398892446,0.23,0.42295258468165065,0.02,0.1407052941362897,17.63,1.4045740574381547,15.17,2.015370231921959,2.37,1.4045740574381556,5.0,0.0,20.0,0.0,4.0,0.0,1.0,0.0,0.0,0.0
0,34.0,34.0,100,17.37,1.3532975066163921,0.8684999999999999,0.06766487533081957,0.1315,0.06766487533081957,0.0,0.0,0.014999999999999993,0.02797906865548391,0.97,0.38807996676723805,4.66,0.47609522856952335,0.3,0.46056618647183833,0.04,0.1969463855669324,17.32,1.4275782983709855,15.03,2.153010577181298,2.68,1.4275782983709855,5.0,0.0,20.0,0.0,4.0,0.0,1.0,0.0,0.0,0.0
0,35.0,35.0,100,17.07,1.3503086067019396,0.8534999999999999,0.06751543033509695,0.1465,0.06751543033509698,0.0,0.0,0.014999999999999993,0.027061471362866286,1.05,0.4578165130223674,4.57,0.4975698519562429,0.34,0.4760952285695233,0.09,0.2876234912646613,16.96,1.4901698093190792,14.87,2.2003443256715873,3.04,1.4901698093190794,5.0,0.0,20.0,0.0,4.0,0.0,1.0,0.0,0.0,0.0
0,36.0,36.0,100,16.78,1.3675902274815472,0.8390000000000001,0.06837951137407734,0.161,0.06837951137407737,0.0,0.0,0.014499999999999999,0.029554777083998597,1.11,0.4691492407550183,4.5,0.5025189076296062,0.43,0.497569851956243,0.07,0.25643239997624273,16.71,1.4445648745444688,14.78,2.115741864302835,3.29,1.4445648745444686,5.0,0.0,20.0,0.0,4.0,0.0,1.0,0.0,0.0,0.0
0,37.0,37.0,100,16.6,1.4425006345953821,0.83,0.0721250317297691,0.17,0.07212503172976911,0.0,0.0,0.009000000000000001,0.021765508809521866,1.16,0.506921785850339,4.44,0.5187397315522585,0.54,0.5206833117271104,0.02,0.14070529413628968,16.56,1.4996295838935991,14.64,1.9670004852797849,3.44,1.4996295838935991,5.0,0.0,20.0,0.0,4.0,0.0,1.0,0.0,0.0,0.0
0,38.0,38.0,100,16.48,1.445857894298416,0.8240000000000001,0.07229289471492083,0.17600000000000002,0.07229289471492083,0.0,0.0,0.0059999999999999975,0.016329931618554512,1.2,0.5124707431905383,4.44,0.5187397315522585,0.52,0.5021167315686782,0.04,0.19694638556693236,16.44,1.5130409542682346,14.56,1.9504985117770393,3.56,1.5130409542682342,5.0,0.0,20.0,0.0,4.0,0.0,1.0,0.0,0.0,0.0
0,39.0,39.0,100,16.26,1.5016489253315812,0.813,0.07508244626657912,0.187,0.0750824462665791,0.0,0.0,0.011000000000000003,0.023115869750961887,1.31,0.5448565745851716,4.39,0.5298179599702816,0.58,0.5160064207571705,0.03,0.1714466079977653,16.22,1.5542707536840465,14.41,1.9179903202797632,3.78,1.554270753684047,5.0,0.0,20.0,0.0,4.0,0.0,1.0,0.0,0.0,0.0
0,40.0,40.0,100,16.04,1.5103682071641085,0.802,0.0755184103582054,0.198,0.07551841035820536,0.0,0.0,0.011000000000000001,0.02081665999466133,1.35,0.519809599951771,4.38,0.5464301040259941,0.61,0.5485518124198396,0.01,0.1,16.03,1.513941941429791,14.23,1.9376910137187675,3.97,1.5139419414297897,5.0,0.0,20.0,0.0,4.0,0.0,1.0,0.0,0.0,0.0
0,41.0,41.0,100,15.8,1.6329931618554518,0.79,0.08164965809277261,0.21,0.08164965809277261,0.0,0.0,0.012000000000000002,0.025741527977691282,1.39,0.5298179599702812,4.33,0.5695115752497347,0.66,0.5545040554177647,0.01,0.1,15.79,1.659347565591471,14.01,1.8882678717691392,4.21,1.6593475655914718,5.0,0.0,20.0,0.0,4.0,0.0,1.0,0.0,0.0,0.0
0,42.0,42.0,100,15.58,1.6586473739499643,0.779,0.08293236869749816,0.221,0.08293236869749819,0.0,0.0,0.011000000000000001,0.023115869750961884,1.46,0.5397343154859909,4.25,0.5751591786697667,0.73,0.5835281060112275,0.02,0.1407052941362897,15.56,1.6716289762813497,13.82,1.9247458181917076,4.44,1.6716289762813494,5.0,0.0,20.0,0.0,4.0,0.0,1.0,0.0,0.0,0.0
0,43.0,43.0,100,15.39,1.7108979271633118,0.7695000000000001,0.0855448963581656,0.2305,0.08554489635816562,0.0,0.0,0.009500000000000001,0.023241159935586585,1.5,0.5412294272573258,4.19,0.5807518637703433,0.76,0.570663268185859,0.05,0.21904291355759034,15.31,1.8350955717825042,13.62,1.8300521602104431,4.69,1.8350955717825046,5.0,0.0,20.0,0.0,4.0,0.0,1.0,0.0,0.0,0.0
0,44.0,44.0,100,15.27,1.710661753931395,0.7635,0.08553308769656975,0.23650000000000002,0.08553308769656975,0.0,0.0,0.006000000000000002,0.017809315460503173,1.51,0.5411361037930134,4.13,0.5623723199648312,0.81,0.5978919195596706,0.06,0.23868325657594203,15.2,1.7695516752310831,13.62,1.668362773330292,4.8,1.769551675231083,5.0,0.0,20.0,0.0,4.0,0.0,1.0,0.0,0.0,0.0
0,45.0,45.0,100,15.16,1.7039466961834062,0.758,0.0851973348091703,0.242,0.0851973348091703,0.0,0.0,0.005500000000000001,0.017254775360093014,1.56,0.53785958138991,4.09,0.5702205846437983,0.86,0.5863773391242058,0.05,0.21904291355759034,15.11,1.7517379537436133,13.49,1.7203182698253687,4.89,1.7517379537436126,5.0,0.0,20.0,0.0,4.0,0.0,1.0,0.0,0.0,0.0
0,46.0,46.0,100,15.0,1.7056057308448833,0.75,0.08528028654224418,0.25,0.08528028654224416,0.0,0.0,0.008000000000000004,0.01974586006987263,1.62,0.5276209229966515,4.06,0.5471690226922019,0.91,0.5522223238420328,0.03,0.1714466079977653,14.96,1.7286650422458447,13.4,1.6514456476895405,5.04,1.7286650422458447,5.0,0.0,20.0,0.0,4.0,0.0,1.0,0.0,0.0,0.0
0,47.0,47.0,100,14.82,1.7371752294393847,0.741,0.08685876147196923,0.259,0.08685876147196922,0.0,0.0,0.009000000000000003,0.020572610996962042,1.67,0.5135536717202727,4.01,0.5411361037930132,0.96,0.567112124377677,0.03,0.1714466079977653,14.79,1.7308548714027374,13.35,1.6041297713191172,5.21,1.7308548714027372,5.0,0.0,20.0,0.0,4.0,0.0,1.0,0.0,0.0,0.0
0,48.0,48.0,100,14.64,1.7321674400600078,0.732,0.08660837200300038,0.268,0.08660837200300038,0.0,0.0,0.009000000000000001,0.020572610996962035,1.69,0.5064233865696236,4.0,0.5504818825631803,0.98,0.5681797979762065,0.02,0.14070529413628968,14.6,1.7580981459830647,13.15,1.742951171972063,5.4,1.758098145983065,5.0,0.0,20.0,0.0,4.0,0.0,1.0,0.0,0.0,0.0
0,49.0,49.0,100,14.47,1.7082982258033368,0.7234999999999999,0.08541491129016685,0.27649999999999997,0.08541491129016685,0.0,0.0,0.008500000000000002,0.01887625840343185,1.74,0.4631905164675271,3.98,0.5501147722305434,0.99,0.5772627852480388,0.03,0.1714466079977653,14.44,1.731000761514459,12.96,1.7917882270249044,5.56,1.7310007615144587,5.0,0.0,20.0,0.0,4.0,0.0,1.0,0.0,0.0,0.0
0,50.0,50.0,100,14.29,1.6775101800109606,0.7145,0.08387550900054802,0.28550000000000003,0.08387550900054801,0.0,0.0,0.009,0.02176550880952186,1.79,0.4333333333333333,3.93,0.5551412596644371,1.05,0.5573204290227127,0.02,0.14070529413628968,14.27,1.7047467894563157,12.9,1.839521237669841,5.73,1.7047467894563157,5.0,0.0,20.0,0.0,4.0,0.0,1.0,0.0,0.0,0.0
0,51.0,51.0,100,14.15,1.6659089186544758,0.7075,0.08329544593272381,0.2925,0.0832954459327238,0.0,0.0,0.007000000000000004,0.017436754400988862,1.85,0.38599209705627263,3.89,0.584220105194208,1.09,0.5702205846437984,0.02,0.1407052941362897,14.13,1.6976216280193863,12.81,1.894676220307306,5.87,1.697621628019386,5.0,0.0,20.0,0.0,4.0,0.0,1.0,0.0,0.0,0.0
0,52.0,52.0,100,14.04,1.6570632413576087,0.7020000000000001,0.08285316206788047,0.298,0.08285316206788047,0.0,0.0,0.005499999999999998,0.019968409394275084,1.86,0.4025173313289777,3.89,0.584220105194208,1.1,0.5773502691896258,0.01,0.09999999999999998,14.02,1.6936005515713637,12.77,1.9008504210569337,5.98,1.693600551571364,5.0,0.0,20.0,0.0,4.0,0.0,1.0,0.0,0.0,0.0
0,53.0,53.0,100,13.87,1.5869098362171772,0.6934999999999999,0.07934549181085883,0.3065,0.07934549181085888,0.0,0.0,0.008500000000000004,0.018876258403431854,1.91,0.32082595426382343,3.85,0.5924610544247623,1.13,0.5972157622389639,0.02,0.1407052941362897,13.85,1.604129771319117,12.59,1.9127166147876815,6.15,1.604129771319117,5.0,0.0,20.0,0.0,4.0,0.0,1.0,0.0,0.0,0.0
0,54.0,54.0,100,13.72,1.5832456116050557,0.6859999999999999,0.07916228058025278,0.314,0.07916228058025276,0.0,0.0,0.007499999999999998,0.019299604852813627,1.95,0.35887028128263676,3.83,0.5869799439039246,1.16,0.5811865258054232,0.01,0.09999999999999999,13.71,1.5973146657481556,12.46,1.9818367156950054,6.29,1.597314665748155,5.0,0.0,20.0,0.0,4.0,0.0,1.0,0.0,0.0,0.0
0,55.0,55.0,100,13.59,1.6149240842775858,0.6795,0.08074620421387925,0.32049999999999995,0.08074620421387928,0.0,0.0,0.0065000000000000014,0.018333333333333337,1.98,0.3755131169614464,3.79,0.5910955416799717,1.19,0.5978919195596704,0.02,0.14070529413628968,13.57,1.6283783840422847,12.4,1.9332288373014033,6.43,1.6283783840422845,5.0,0.0,20.0,0.0,4.0,0.0,1.0,0.0,0.0,0.0
0,56.0,56.0,100,13.45,1.5658927811380328,0.6725,0.07829463905690161,0.3275,0.07829463905690165,0.0,0.0,0.007000000000000001,0.0213437474581095,2.01,0.4142658103394022,3.78,0.5959458995173262,1.2,0.6030226891555273,0.02,0.1407052941362897,13.43,1.5843617075030625,12.31,1.962759343991067,6.57,1.5843617075030625,5.0,0.0,20.0,0.0,4.0,0.0,1.0,0.0,0.0,0.0
0,57.0,57.0,100,13.31,1.5088627063675033,0.6655,0.07544313531837521,0.3345,0.07544313531837517,0.0,0.0,0.0069999999999999975,0.024638804903458825,2.02,0.40151229272853056,3.73,0.5659532050470518,1.26,0.5617433182117573,0.01,0.09999999999999999,13.3,1.5208981928884364,12.15,1.9713862220183134,6.7,1.5208981928884366,5.0,0.0,20.0,0.0,4.0,0.0,1.0,0.0,0.0,0.0
0,58.0,58.0,100,13.17,1.570273089547667,0.6585,0.07851365447738337,0.34149999999999997,0.07851365447738337,0.0,0.0,0.006999999999999999,0.017436754400988852,2.09,0.4734357550306209,3.72,0.5699548094792118,1.23,0.5835281060112277,0.05,0.2190429135575903,13.12,1.6470359051117474,12.01,1.977116561811645,6.88,1.6470359051117476,5.0,0.0,20.0,0.0,4.0,0.0,1.0,0.0,0.0,0.0
0,59.0,59.0,100,13.07,1.5970616959297663,0.6535,0.07985308479648834,0.3465,0.07985308479648832,0.0,0.0,0.004999999999999999,0.015075567228888176,2.11,0.4691492407550183,3.69,0.5630903187506485,1.29,0.5737524894864677,0.02,0.14070529413628968,13.05,1.6291225871739687,11.94,2.009170892872898,6.95,1.629122587173968,5.0,0.0,20.0,0.0,4.0,0.0,1.0,0.0,0.0,0.0
0,60.0,60.0,100,13.0,1.5954480704349314,0.65,0.07977240352174654,0.35,0.07977240352174657,0.0,0.0,0.003500000000000001,0.012821619998812143,2.16,0.46536615322308994,3.69,0.5630903187506485,1.29,0.5737524894864676,0.02,0.1407052941362897,12.98,1.6266716343689671,11.89,1.9944113837613258,7.02,1.6266716343689667,5.0,0.0,20.0,0.0,4.0,0.0,1.0,0.0,0.0,0.0
0,61.0,61.0,100,12.89,1.6074008130324473,0.6445000000000001,0.08037004065162241,0.3555,0.08037004065162241,0.0,0.0,0.0055000000000000005,0.015723301886761007,2.19,0.4648231987117318,3.66,0.5545040554177647,1.33,0.5514901759246617,0.01,0.1,12.88,1.616080806060505,11.81,2.0285587260541673,7.12,1.616080806060505,5.0,0.0,20.0,0.0,4.0,0.0,1.0,0.0,0.0,0.0
0,62.0,62.0,100,12.71,1.7366809165936625,0.6355,0.08683404582968314,0.36450000000000005,0.08683404582968317,0.0,0.0,0.009000000000000001,0.025005049995001517,2.21,0.4560480215720688,3.63,0.5800557270337449,1.37,0.580055727033745,0.0,0.0,12.71,1.7366809165936625,11.71,2.0265659863349366,7.29,1.7366809165936627,5.0,0.0,20.0,0.0,4.0,0.0,1.0,0.0,0.0,0.0
0,63.0,63.0,100,12.59,1.7355172721757055,0.6295,0.08677586360878525,0.3705,0.08677586360878528,0.0,0.0,0.005999999999999998,0.01632993161855452,2.29,0.4776838056516235,3.62,0.5822283907453322,1.38,0.5822283907453318,0.0,0.0,12.59,1.7355172721757055,11.62,2.0733031275203975,7.41,1.7355172721757057,5.0,0.0,20.0,0.0,4.0,0.0,1.0,0.0,0.0,0.0
0,64.0,64.0,100,12.49,1.7780650020500235,0.6245,0.08890325010250118,0.37549999999999994,0.0889032501025012,0.0,0.0,0.004999999999999997,0.015075567228888172,2.34,0.4968588198559897,3.59,0.6046119049072352,1.41,0.604611904907235,0.0,0.0,12.49,1.7780650020500235,11.56,2.0514591998099427,7.51,1.7780650020500237,5.0,0.0,20.0,0.0,4.0,0.0,1.0,0.0,0.0,0.0
0,65.0,65.0,100,12.37,1.8348753845336954,0.6185,0.09174376922668477,0.3815,0.09174376922668477,0.0,0.0,0.005999999999999998,0.01780931546050317,2.36,0.5029207620781756,3.55,0.625630994607957,1.43,0.6072790781740125,0.02,0.14070529413628968,12.35,1.8715034738213159,11.45,2.0566472667421563,7.65,1.8715034738213163,5.0,0.0,20.0,0.0,4.0,0.0,1.0,0.0,0.0,0.0
0,66.0,66.0,100,12.29,1.821837234522039,0.6145,0.09109186172610192,0.38549999999999995,0.09109186172610192,0.0,0.0,0.004000000000000001,0.013632996217214541,2.38,0.5081159495448045,3.53,0.6269212893420536,1.47,0.6269212893420535,0.0,0.0,12.29,1.821837234522039,11.37,2.033333333333334,7.71,1.8218372345220386,5.0,0.0,20.0,0.0,4.0,0.0,1.0,0.0,0.0,0.0
0,67.0,67.0,100,12.14,1.7810449775682848,0.607,0.08905224887841422,0.39299999999999996,0.08905224887841424,0.0,0.0,0.007499999999999998,0.02056647266742155,2.42,0.5160064207571705,3.52,0.6273239621880815,1.48,0.6273239621880814,0.0,0.0,12.14,1.7810449775682848,11.27,2.059003387441349,7.86,1.7810449775682848,5.0,0.0,20.0,0.0,4.0,0.0,1.0,0.0,0.0,0.0
0,68.0,68.0,100,12.0,1.8367736315989986,0.6,0.09183868157994991,0.4,0.09183868157994993,0.0,0.0,0.006999999999999999,0.017436754400988845,2.46,0.5206833117271101,3.51,0.6275654418770872,1.47,0.6269212893420535,0.02,0.1407052941362897,11.98,1.8476302048130122,11.2,2.0250950844368023,8.02,1.8476302048130122,5.0,0.0,20.0,0.0,4.0,0.0,1.0,0.0,0.0,0.0
0,69.0,69.0,100,11.91,1.8914747599893493,0.5954999999999999,0.09457373799946747,0.4045,0.09457373799946749,0.0,0.0,0.004499999999999999,0.014381174563233064,2.49,0.5221362491019585,3.51,0.6275654418770872,1.49,0.6275654418770872,0.0,0.0,11.91,1.8914747599893493,11.1,2.002523660309912,8.09,1.8914747599893496,5.0,0.0,20.0,0.0,4.0,0.0,1.0,0.0,0.0,0.0
0,70.0,70.0,100,11.81,1.9158825800674897,0.5905,0.09579412900337446,0.40950000000000003,0.0957941290033745,0.0,0.0,0.005,0.016666666666666673,2.5,0.5222329678670935,3.48,0.5942485280851044,1.52,0.5942485280851043,0.0,0.0,11.81,1.9158825800674897,10.98,2.0299773596786945,8.19,1.9158825800674897,5.0,0.0,20.0,0.0,4.0,0.0,1.0,0.0,0.0,0.0
0,71.0,71.0,100,11.74,1.9364655922321452,0.5870000000000001,0.09682327961160722,0.41300000000000003,0.09682327961160722,0.0,0.0,0.0034999999999999975,0.01282161999881213,2.53,0.5213618530523515,3.47,0.6105966613307698,1.53,0.6105966613307697,0.0,0.0,11.74,1.9364655922321452,10.92,1.9983831848610398,8.26,1.9364655922321452,5.0,0.0,20.0,0.0,4.0,0.0,1.0,0.0,0.0,0.0
0,72.0,72.0,100,11.6,1.9745860069872632,0.58,0.0987293003493631,0.42,0.09872930034936311,0.0,0.0,0.007000000000000002,0.018829377433825446,2.56,0.5187397315522584,3.44,0.6247423711443224,1.54,0.6263571124552131,0.02,0.1407052941362897,11.58,2.0059507431236656,10.85,1.981607346768697,8.42,2.0059507431236656,5.0,0.0,20.0,0.0,4.0,0.0,1.0,0.0,0.0,0.0
0,73.0,73.0,100,11.5,1.982244417142581,0.575,0.09911222085712902,0.425,0.09911222085712906,0.0,0.0,0.0049999999999999975,0.015075567228888177,2.59,0.5143398239932959,3.42,0.6224746962525846,1.57,0.6072790781740128,0.01,0.09999999999999999,11.49,2.002498439450079,10.79,1.8978722801914754,8.51,2.002498439450079,5.0,0.0,20.0,0.0,4.0,0.0,1.0,0.0,0.0,0.0
0,74.0,74.0,100,11.42,1.9601071914617836,0.5710000000000001,0.09800535957308919,0.429,0.09800535957308919,0.0,0.0,0.004,0.013632996217214536,2.61,0.5103969538555756,3.4,0.6195469181897235,1.6,0.6195469181897234,0.0,0.0,11.42,1.9601071914617836,10.7,1.88829461834126,8.58,1.9601071914617836,5.0,0.0,20.0,0.0,4.0,0.0,1.0,0.0,0.0,0.0
0,75.0,75.0,100,11.34,1.9603133124141885,0.5670000000000001,0.09801566562070932,0.433,0.09801566562070935,0.0,0.0,0.0039999999999999975,0.013632996217214527,2.63,0.5056249258655724,3.39,0.6178326405404394,1.61,0.6178326405404393,0.0,0.0,11.34,1.9603133124141885,10.65,1.8278153875348278,8.66,1.9603133124141885,5.0,0.0,20.0,0.0,4.0,0.0,1.0,0.0,0.0,0.0
0,76.0,76.0,100,11.28,1.9647396825539054,0.564,0.09823698412769526,0.436,0.09823698412769527,0.0,0.0,0.0029999999999999988,0.011934162828797097,2.65,0.49999999999999983,3.38,0.615949624071595,1.62,0.615949624071595,0.0,0.0,11.28,1.9647396825539054,10.58,1.7932533495737784,8.72,1.9647396825539054,5.0,0.0,20.0,0.0,4.0,0.0,1.0,0.0,0.0,0.0
0,77.0,77.0,100,11.17,1.9748673398740006,0.5585,0.09874336699370001,0.4415,0.09874336699370001,0.0,0.0,0.0055000000000000005,0.015723301886761003,2.68,0.4898979485566357,3.36,0.6438520439863916,1.64,0.6438520439863917,0.0,0.0,11.17,1.9748673398740006,10.5,1.8118576883486965,8.83,1.9748673398740006,5.0,0.0,20.0,0.0,4.0,0.0,1.0,0.0,0.0,0.0
0,78.0,78.0,100,11.06,1.9479074501483473,0.5529999999999999,0.09739537250741735,0.447,0.09739537250741734,0.0,0.0,0.0055000000000000005,0.01572330188676101,2.71,0.47768380565162366,3.36,0.6438520439863916,1.64,0.6438520439863917,0.0,0.0,11.06,1.9479074501483473,10.45,1.8443196988361732,8.94,1.9479074501483473,5.0,0.0,20.0,0.0,4.0,0.0,1.0,0.0,0.0,0.0
0,79.0,79.0,100,10.98,1.8908605277369182,0.5489999999999999,0.09454302638684586,0.451,0.09454302638684589,0.0,0.0,0.003999999999999998,0.01363299621721453,2.75,0.4578165130223675,3.34,0.6391281940932104,1.66,0.6391281940932104,0.0,0.0,10.98,1.8908605277369182,10.33,1.8697755496477666,9.02,1.8908605277369182,5.0,0.0,20.0,0.0,4.0,0.0,1.0,0.0,0.0,0.0
0,80.0,80.0,100,10.94,1.8953425105566624,0.547,0.09476712552783313,0.45299999999999996,0.09476712552783312,0.0,0.0,0.002,0.009847319278346619,2.77,0.46828722947879875,3.33,0.652191333393457,1.67,0.6521913333934569,0.0,0.0,10.94,1.8953425105566624,10.21,1.8818377005770532,9.06,1.8953425105566624,5.0,0.0,20.0,0.0,4.0,0.0,1.0,0.0,0.0,0.0
0,81.0,81.0,100,10.85,1.8982980149426893,0.5425,0.09491490074713442,0.4575,0.09491490074713442,0.0,0.0,0.0045000000000000005,0.014381174563233066,2.81,0.46482319871173167,3.33,0.652191333393457,1.67,0.6521913333934569,0.0,0.0,10.85,1.8982980149426893,10.19,1.8839835294911522,9.15,1.8982980149426893,5.0,0.0,20.0,0.0,4.0,0.0,1.0,0.0,0.0,0.0
0,82.0,82.0,100,10.8,1.896301557231759,0.54,0.09481507786158797,0.46,0.09481507786158798,0.0,0.0,0.0025000000000000005,0.010952145677879518,2.83,0.49349301265099343,3.33,0.652191333393457,1.67,0.6521913333934569,0.0,0.0,10.8,1.896301557231759,10.06,1.942714959571119,9.2,1.896301557231759,5.0,0.0,20.0,0.0,4.0,0.0,1.0,0.0,0.0,0.0
0,83.0,83.0,100,10.67,1.8751700259610131,0.5335,0.09375850129805065,0.46649999999999997,0.09375850129805065,0.0,0.0,0.006499999999999999,0.019662557351884866,2.86,0.5128647999524856,3.32,0.6648459987246687,1.68,0.6648459987246685,0.0,0.0,10.67,1.8751700259610131,9.94,1.942714959571119,9.33,1.8751700259610131,5.0,0.0,20.0,0.0,4.0,0.0,1.0,0.0,0.0,0.0
0,84.0,84.0,100,10.53,1.88805388555186,0.5265,0.09440269427759296,0.47350000000000003,0.09440269427759299,0.0,0.0,0.007000000000000002,0.020125866566448887,2.89,0.5298179599702815,3.24,0.6531972647421808,1.76,0.6531972647421805,0.0,0.0,10.53,1.88805388555186,9.86,1.9175952954603632,9.47,1.88805388555186,5.0,0.0,20.0,0.0,4.0,0.0,1.0,0.0,0.0,0.0
0,85.0,85.0,100,10.44,1.8658006649189838,0.522,0.09329003324594917,0.47800000000000004,0.09329003324594916,0.0,0.0,0.004499999999999999,0.01604129771319117,2.92,0.5257029925382167,3.24,0.6531972647421808,1.76,0.6531972647421805,0.0,0.0,10.44,1.8658006649189838,9.82,1.8822938939045366,9.56,1.8658006649189838,5.0,0.0,20.0,0.0,4.0,0.0,1.0,0.0,0.0,0.0
0,86.0,86.0,100,10.38,1.8628749368390332,0.519,0.09314374684195162,0.48100000000000004,0.09314374684195162,0.0,0.0,0.0030000000000000005,0.0119341628287971,2.96,0.5490119683705825,3.23,0.6644660649838723,1.77,0.664466064983872,0.0,0.0,10.38,1.8628749368390332,9.71,1.9451831208750943,9.62,1.8628749368390332,5.0,0.0,20.0,0.0,4.0,0.0,1.0,0.0,0.0,0.0
0,87.0,87.0,100,10.33,1.8037839015903108,0.5165,0.09018919507951553,0.48350000000000004,0.09018919507951555,0.0,0.0,0.0024999999999999988,0.010952145677879511,2.97,0.5403889358787817,3.22,0.6602723649825094,1.78,0.6602723649825092,0.0,0.0,10.33,1.8037839015903108,9.6,1.938446738390239,9.67,1.8037839015903108,5.0,0.0,20.0,0.0,4.0,0.0,1.0,0.0,0.0,0.0
0,88.0,88.0,100,10.26,1.812526558495772,0.513,0.09062632792478856,0.48700000000000004,0.09062632792478859,0.0,0.0,0.003500000000000002,0.012821619998812145,2.99,0.5594911107696913,3.21,0.6711214796175433,1.79,0.6711214796175432,0.0,0.0,10.26,1.812526558495772,9.47,1.9408162398248001,9.74,1.812526558495772,5.0,0.0,20.0,0.0,4.0,0.0,1.0,0.0,0.0,0.0
0,89.0,89.0,100,10.19,1.824053649751486,0.5095000000000001,0.09120268248757431,0.4905,0.0912026824875743,0.0,0.0,0.0035000000000000014,0.01465943347810515,3.02,0.5681797979762065,3.19,0.6771150924952483,1.81,0.6771150924952483,0.0,0.0,10.19,1.824053649751486,9.39,1.9010629668794257,9.81,1.824053649751486,5.0,0.0,20.0,0.0,4.0,0.0,1.0,0.0,0.0,0.0
0,90.0,90.0,100,10.11,1.852625764212034,0.5055,0.0926312882106017,0.49450000000000005,0.09263128821060165,0.0,0.0,0.004000000000000002,0.013632996217214543,3.08,0.5804909103247844,3.19,0.6771150924952483,1.81,0.6771150924952483,0.0,0.0,10.11,1.852625764212034,9.34,1.913376622886906,9.89,1.852625764212034,5.0,0.0,20.0,0.0,4.0,0.0,1.0,0.0,0.0,0.0
0,91.0,91.0,100,10.01,1.8829109207165209,0.5005,0.09414554603582602,0.49950000000000006,0.09414554603582605,0.0,0.0,0.005,0.015075567228888184,3.09,0.5702205846437983,3.16,0.6624106572118829,1.83,0.6674994798166929,0.01,0.09999999999999998,10.0,1.885618083164127,9.3,1.9410504289370658,10.0,1.885618083164127,5.0,0.0,20.0,0.0,4.0,0.0,1.0,0.0,0.0,0.0
0,92.0,92.0,100,9.92,1.8839031050165262,0.496,0.0941951552508263,0.504,0.09419515525082633,0.0,0.0,0.0045000000000000005,0.014381174563233068,3.15,0.5751591786697668,3.16,0.6624106572118829,1.84,0.662410657211883,0.0,0.0,9.92,1.8839031050165262,9.2,2.010075630518424,10.08,1.8839031050165262,5.0,0.0,20.0,0.0,4.0,0.0,1.0,0.0,0.0,0.0
0,93.0,93.0,100,9.8,1.9069251784911843,0.49,0.09534625892455924,0.51,0.09534625892455922,0.0,0.0,0.005999999999999998,0.016329931618554516,3.18,0.5925462944877057,3.15,0.6723244767373876,1.85,0.6723244767373875,0.0,0.0,9.8,1.9069251784911843,9.14,1.969566429240689,10.2,1.9069251784911843,5.0,0.0,20.0,0.0,4.0,0.0,1.0,0.0,0.0,0.0
0,94.0,94.0,100,9.71,1.9399833384684915,0.4855,0.09699916692342458,0.5145000000000001,0.09699916692342458,0.0,0.0,0.0045000000000000005,0.016041297713191172,3.22,0.5959458995173263,3.13,0.6614187383758849,1.87,0.661418738375885,0.0,0.0,9.71,1.9399833384684915,9.04,1.989467214602894,10.29,1.9399833384684915,5.0,0.0,20.0,0.0,4.0,0.0,1.0,0.0,0.0,0.0
0,95.0,95.0,100,9.59,1.9545078690302093,0.47950000000000004,0.09772539345151048,0.5205,0.09772539345151046,0.0,0.0,0.005999999999999997,0.017809315460503163,3.27,0.5835281060112276,3.11,0.6650738547884981,1.89,0.6650738547884981,0.0,0.0,9.59,1.9545078690302093,9.0,1.9796949055831605,10.41,1.9545078690302093,5.0,0.0,20.0,0.0,4.0,0.0,1.0,0.0,0.0,0.0
0,96.0,96.0,100,9.54,1.9561867668161612,0.47700000000000004,0.09780933834080806,0.523,0.09780933834080809,0.0,0.0,0.0025000000000000005,0.01095214567787952,3.3,0.5945883900105632,3.1,0.674199862463242,1.9,0.674199862463242,0.0,0.0,9.54,1.9561867668161612,8.9,2.007561463642653,10.46,1.9561867668161612,5.0,0.0,20.0,0.0,4.0,0.0,1.0,0.0,0.0,0.0
0,97.0,97.0,100,9.43,1.9553345834749951,0.4715,0.09776672917374979,0.5285,0.09776672917374976,0.0,0.0,0.0055,0.015723301886761003,3.33,0.5869799439039245,3.08,0.6768912897813195,1.91,0.6830561152391922,0.01,0.1,9.42,1.9497733616028712,8.81,1.9984590022911115,10.58,1.9497733616028712,5.0,0.0,20.0,0.0,4.0,0.0,1.0,0.0,0.0,0.0
0,98.0,98.0,100,9.32,1.9993938475387378,0.466,0.09996969237693688,0.534,0.09996969237693688,0.0,0.0,0.005500000000000002,0.01725477536009301,3.37,0.6138963160572694,3.08,0.6768912897813195,1.92,0.6768912897813195,0.0,0.0,9.32,1.9993938475387378,8.74,2.0081651507600844,10.68,1.9993938475387378,5.0,0.0,20.0,0.0,4.0,0.0,1.0,0.0,0.0,0.0
0,99.0,99.0,100,9.24,2.0306738693439583,0.462,0.10153369346719791,0.5379999999999999,0.10153369346719791,0.0,0.0,0.003999999999999998,0.01363299621721453,3.4,0.6356417261637282,3.07,0.6854181058288291,1.93,0.6854181058288291,0.0,0.0,9.24,2.0306738693439583,8.63,2.0133644388526295,10.76,2.0306738693439583,5.0,0.0,20.0,0.0,4.0,0.0,1.0,0.0,0.0,0.0
0,100.0,100.0,100,9.2,2.0449494325821806,0.46,0.10224747162910901,0.54,0.102247471629109,0.0,0.0,0.002,0.009847319278346619,3.43,0.6552815726036703,3.07,0.6854181058288291,1.93,0.6854181058288291,0.0,0.0,9.2,2.0449494325821806,8.57,2.0609647637880077,10.8,2.0449494325821806,5.0,0.0,20.0,0.0,4.0,0.0,1.0,0.0,0.0,0.0
0,101.0,101.0,100,9.11,2.0689869672637067,0.4555,0.10344934836318535,0.5445,0.10344934836318533,0.0,0.0,0.004499999999999999,0.014381174563233063,3.45,0.6723244767373876,3.07,0.6854181058288291,1.93,0.6854181058288291,0.0,0.0,9.11,2.0689869672637067,8.5,2.0865127254669096,10.89,2.0689869672637067,5.0,0.0,20.0,0.0,4.0,0.0,1.0,0.0,0.0,0.0
0,102.0,102.0,100,9.06,2.04899581219285,0.45300000000000007,0.1024497906096425,0.547,0.1024497906096425,0.0,0.0,0.0025000000000000005,0.010952145677879518,3.47,0.6883591968139771,3.06,0.678977246312497,1.94,0.6789772463124969,0.0,0.0,9.06,2.04899581219285,8.42,2.0359397105637744,10.94,2.04899581219285,5.0,0.0,20.0,0.0,4.0,0.0,1.0,0.0,0.0,0.0
0,103.0,103.0,100,8.99,2.032538344339934,0.4495,0.10162691721699672,0.5505,0.10162691721699672,0.0,0.0,0.0034999999999999996,0.012821619998812137,3.5,0.674199862463242,3.05,0.6871842709362768,1.95,0.6871842709362767,0.0,0.0,8.99,2.032538344339934,8.35,2.0517299918839123,11.01,2.032538344339934,5.0,0.0,20.0,0.0,4.0,0.0,1.0,0.0,0.0,0.0
0,104.0,104.0,100,8.91,2.0650775904419314,0.44549999999999995,0.10325387952209658,0.5545,0.10325387952209658,0.0,0.0,0.004,0.013632996217214538,3.54,0.6730002176294542,3.03,0.7028800779936818,1.97,0.7028800779936818,0.0,0.0,8.91,2.0650775904419314,8.26,2.0967507330065818,11.09,2.0650775904419314,5.0,0.0,20.0,0.0,4.0,0.0,1.0,0.0,0.0,0.0
0,105.0,105.0,100,8.85,2.076199908632611,0.4425,0.10380999543163053,0.5575,0.10380999543163054,0.0,0.0,0.0030000000000000005,0.011934162828797104,3.58,0.6693883835866948,3.03,0.7028800779936818,1.97,0.7028800779936818,0.0,0.0,8.85,2.076199908632611,8.18,2.0615773112112508,11.15,2.076199908632611,5.0,0.0,20.0,0.0,4.0,0.0,1.0,0.0,0.0,0.0
0,106.0,106.0,100,8.79,2.0855200644908547,0.4395,0.10427600322454275,0.5605,0.10427600322454271,0.0,0.0,0.002999999999999999,0.011934162828797099,3.63,0.7057484028184606,3.02,0.7103847300206169,1.98,0.7103847300206169,0.0,0.0,8.79,2.0855200644908547,8.05,2.051729991883912,11.21,2.0855200644908547,5.0,0.0,20.0,0.0,4.0,0.0,1.0,0.0,0.0,0.0
0,107.0,107.0,100,8.67,2.103652427411319,0.4335,0.10518262137056597,0.5665,0.10518262137056596,0.0,0.0,0.006,0.017809315460503166,3.68,0.7089613971340488,3.02,0.7103847300206169,1.98,0.7103847300206169,0.0,0.0,8.67,2.103652427411319,7.99,2.0670332030778464,11.33,2.103652427411319,5.0,0.0,20.0,0.0,4.0,0.0,1.0,0.0,0.0,0.0
0,108.0,108.0,100,8.57,2.1846803617070125,0.4285,0.10923401808535062,0.5715,0.10923401808535062,0.0,0.0,0.005000000000000001,0.015075567228888182,3.71,0.7148497051899099,3.02,0.7103847300206169,1.98,0.7103847300206169,0.0,0.0,8.57,2.1846803617070125,7.93,2.094991622653871,11.43,2.1846803617070125,5.0,0.0,20.0,0.0,4.0,0.0,1.0,0.0,0.0,0.0
0,109.0,109.0,100,8.49,2.1485019446257447,0.42450000000000004,0.10742509723128722,0.5755,0.10742509723128721,0.0,0.0,0.003999999999999999,0.013632996217214532,3.75,0.7159792333764036,3.01,0.7034546786030247,1.99,0.7034546786030247,0.0,0.0,8.49,2.1485019446257447,7.84,2.1636108987551625,11.51,2.1485019446257447,5.0,0.0,20.0,0.0,4.0,0.0,1.0,0.0,0.0,0.0
0,110.0,110.0,100,8.4,2.1602468994692865,0.42,0.10801234497346435,0.58,0.1080123449734643,0.0,0.0,0.004500000000000001,0.017545035845739472,3.78,0.7327821620165824,2.99,0.717670192393766,2.01,0.717670192393766,0.0,0.0,8.4,2.1602468994692865,7.79,2.104804508785084,11.6,2.1602468994692865,5.0,0.0,20.0,0.0,4.0,0.0,1.0,0.0,0.0,0.0
0,111.0,111.0,100,8.29,2.180237221825722,0.41450000000000004,0.1090118610912861,0.5855,0.10901186109128609,0.0,0.0,0.0055,0.018660983983496776,3.82,0.7300200633744891,2.97,0.731057073315377,2.03,0.731057073315377,0.0,0.0,8.29,2.180237221825722,7.72,2.060106891411318,11.71,2.180237221825722,5.0,0.0,20.0,0.0,4.0,0.0,1.0,0.0,0.0,0.0
0,112.0,112.0,100,8.23,2.1595687934718297,0.4115,0.1079784396735915,0.5885,0.10797843967359148,0.0,0.0,0.0030000000000000014,0.011934162828797107,3.86,0.6966006928309253,2.96,0.7374539876076227,2.04,0.7374539876076229,0.0,0.0,8.23,2.1595687934718297,7.69,2.018575355206355,11.77,2.1595687934718297,5.0,0.0,20.0,0.0,4.0,0.0,1.0,0.0,0.0,0.0
0,113.0,113.0,100,8.15,2.1573225081198233,0.4075,0.10786612540599116,0.5925,0.10786612540599114,0.0,0.0,0.004000000000000001,0.01363299621721454,3.87,0.6912877750103699,2.95,0.7299508769967213,2.05,0.7299508769967213,0.0,0.0,8.15,2.1573225081198233,7.68,1.9943354124554216,11.85,2.157322508119823,5.0,0.0,20.0,0.0,4.0,0.0,1.0,0.0,0.0,0.0
0,114.0,114.0,100,8.09,2.165360911900803,0.4045,0.10826804559504019,0.5954999999999999,0.10826804559504018,0.0,0.0,0.003000000000000001,0.011934162828797107,3.89,0.6947857747012905,2.94,0.7360829992726242,2.06,0.7360829992726242,0.0,0.0,8.09,2.165360911900803,7.62,1.9785720797452573,11.91,2.1653609119008035,5.0,0.0,20.0,0.0,4.0,0.0,1.0,0.0,0.0,0.0
0,115.0,115.0,100,7.98,2.1032922725666023,0.39899999999999997,0.10516461362833016,0.601,0.10516461362833014,0.0,0.0,0.0055000000000000005,0.017254775360093004,3.93,0.7000000000000001,2.92,0.7341593144474154,2.08,0.7341593144474154,0.0,0.0,7.98,2.1032922725666023,7.6,1.989873352652364,12.02,2.1032922725666023,5.0,0.0,20.0,0.0,4.0,0.0,1.0,0.0,0.0,0.0
0,116.0,116.0,100,7.86,2.0841877036002265,0.39299999999999996,0.10420938518001133,0.607,0.10420938518001127,0.0,0.0,0.006000000000000001,0.01780931546050317,3.99,0.6889459083603476,2.92,0.7341593144474154,2.08,0.7341593144474154,0.0,0.0,7.86,2.0841877036002265,7.54,1.9354220691773112,12.14,2.084187703600226,5.0,0.0,20.0,0.0,4.0,0.0,1.0,0.0,0.0,0.0
0,117.0,117.0,100,7.84,2.077877705153929,0.392,0.10389388525769644,0.608,0.10389388525769641,0.0,0.0,0.0010000000000000002,0.0070352647068144866,4.0,0.6963106238227914,2.92,0.7341593144474154,2.08,0.7341593144474154,0.0,0.0,7.84,2.077877705153929,7.48,1.951326924858253,12.16,2.0778777051539286,5.0,0.0,20.0,0.0,4.0,0.0,1.0,0.0,0.0,0.0
0,118.0,118.0,100,7.77,2.059003387441349,0.3885,0.10295016937206745,0.6114999999999999,0.10295016937206743,0.0,0.0,0.0035000000000000005,0.014659433478105145,4.02,0.69602043392737,2.91,0.7260659179246174,2.09,0.7260659179246174,0.0,0.0,7.77,2.059003387441349,7.46,1.9510163111733962,12.23,2.059003387441349,5.0,0.0,20.0,0.0,4.0,0.0,1.0,0.0,0.0,0.0
0,119.0,119.0,100,7.73,2.05409175289054,0.3865,0.10270458764452697,0.6135,0.10270458764452697,0.0,0.0,0.002,0.00984731927834662,4.04,0.7095310729167139,2.91,0.7260659179246174,2.09,0.7260659179246174,0.0,0.0,7.73,2.05409175289054,7.43,1.9656391768931991,12.27,2.0540917528905394,5.0,0.0,20.0,0.0,4.0,0.0,1.0,0.0,0.0,0.0
0,120.0,120.0,100,7.69,1.983237838291797,0.3845,0.09916189191458989,0.6154999999999999,0.09916189191458988,0.0,0.0,0.0019999999999999996,0.012143918126978103,4.06,0.6936945446031134,2.9,0.7316785737969476,2.1,0.7316785737969476,0.0,0.0,7.69,1.983237838291797,7.37,1.988121289717069,12.31,1.9832378382917972,5.0,0.0,20.0,0.0,4.0,0.0,1.0,0.0,0.0,0.0
0,121.0,121.0,100,7.6,1.9745860069872616,0.38,0.09872930034936313,0.62,0.0987293003493631,0.0,0.0,0.004499999999999998,0.014381174563233061,4.1,0.674199862463242,2.89,0.7371114795831993,2.11,0.7371114795831993,0.0,0.0,7.6,1.9745860069872616,7.33,1.9543011357753775,12.4,1.9745860069872614,5.0,0.0,20.0,0.0,4.0,0.0,1.0,0.0,0.0,0.0
0,122.0,122.0,100,7.58,1.9601071914617838,0.379,0.09800535957308919,0.621,0.09800535957308919,0.0,0.0,0.0010000000000000009,0.007035264706814489,4.1,0.674199862463242,2.87,0.7199186261535593,2.13,0.7199186261535593,0.0,0.0,7.58,1.9601071914617838,7.25,1.9247195781581936,12.42,1.9601071914617836,5.0,0.0,20.0,0.0,4.0,0.0,1.0,0.0,0.0,0.0
0,123.0,123.0,100,7.57,1.950161868443569,0.3785,0.09750809342217845,0.6214999999999999,0.09750809342217844,0.0,0.0,0.0004999999999999999,0.004999999999999998,4.1,0.674199862463242,2.87,0.7199186261535593,2.13,0.7199186261535593,0.0,0.0,7.57,1.950161868443569,7.21,1.950369040448344,12.43,1.9501618684435698,5.0,0.0,20.0,0.0,4.0,0.0,1.0,0.0,0.0,0.0
0,124.0,124.0,100,7.5,1.9514304517662957,0.375,0.09757152258831481,0.625,0.09757152258831477,0.0,0.0,0.0034999999999999996,0.01629122587173968,4.12,0.6708956775095589,2.85,0.7571210756756963,2.15,0.7571210756756963,0.0,0.0,7.5,1.9514304517662957,7.18,1.9352132970426037,12.5,1.951430451766296,5.0,0.0,20.0,0.0,4.0,0.0,1.0,0.0,0.0,0.0
0,125.0,125.0,100,7.47,1.9717960842794562,0.3735,0.09858980421397284,0.6265,0.09858980421397284,0.0,0.0,0.0014999999999999996,0.008572330399888261,4.13,0.6765181207305297,2.84,0.761709931799514,2.16,0.761709931799514,0.0,0.0,7.47,1.9717960842794562,7.12,1.908407766181065,12.53,1.9717960842794562,5.0,0.0,20.0,0.0,4.0,0.0,1.0,0.0,0.0,0.0
0,126.0,126.0,100,7.41,1.9750719204396305,0.3705,0.09875359602198154,0.6295000000000001,0.09875359602198154,0.0,0.0,0.0030000000000000005,0.013889898953170714,4.14,0.6819461159435584,2.84,0.761709931799514,2.16,0.761709931799514,0.0,0.0,7.41,1.9750719204396305,7.11,1.9169367398655766,12.59,1.9750719204396308,5.0,0.0,20.0,0.0,4.0,0.0,1.0,0.0,0.0,0.0
0,127.0,127.0,100,7.36,2.0126870325286768,0.368,0.10063435162643385,0.632,0.10063435162643386,0.0,0.0,0.0024999999999999996,0.010952145677879513,4.15,0.6871842709362764,2.83,0.7528397417562896,2.17,0.7528397417562896,0.0,0.0,7.36,2.0126870325286768,7.11,1.9169367398655766,12.64,2.0126870325286768,5.0,0.0,20.0,0.0,4.0,0.0,1.0,0.0,0.0,0.0
0,128.0,128.0,100,7.31,1.9984590022911115,0.3655,0.09992295011455556,0.6345000000000001,0.09992295011455553,0.0,0.0,0.0025000000000000005,0.010952145677879515,4.16,0.6774879327264058,2.82,0.7437279832918171,2.18,0.7437279832918171,0.0,0.0,7.31,1.9984590022911115,7.08,1.9158034946995557,12.69,1.9984590022911113,5.0,0.0,20.0,0.0,4.0,0.0,1.0,0.0,0.0,0.0
0,129.0,129.0,100,7.26,1.9980798863717213,0.363,0.09990399431858607,0.637,0.0999039943185861,0.0,0.0,0.0025000000000000005,0.010952145677879518,4.16,0.6774879327264058,2.81,0.7479939501726934,2.19,0.7479939501726934,0.0,0.0,7.26,1.9980798863717213,7.05,1.8929694486000919,12.74,1.9980798863717215,5.0,0.0,20.0,0.0,4.0,0.0,1.0,0.0,0.0,0.0
0,130.0,130.0,100,7.25,1.9917760208346011,0.3625,0.09958880104173007,0.6375,0.09958880104173005,0.0,0.0,0.0004999999999999999,0.0049999999999999975,4.16,0.6774879327264058,2.8,0.7521014330903548,2.2,0.7521014330903548,0.0,0.0,7.25,1.9917760208346011,7.03,1.8773234762137911,12.75,1.9917760208346011,5.0,0.0,20.0,0.0,4.0,0.0,1.0,0.0,0.0,0.0
0,131.0,131.0,100,7.22,1.9621674266231746,0.361,0.09810837133115871,0.639,0.0981083713311587,0.0,0.0,0.0014999999999999996,0.008572330399888261,4.18,0.6723995925944722,2.79,0.7288430017583495,2.21,0.7288430017583495,0.0,0.0,7.22,1.9621674266231746,7.01,1.8613289485057323,12.78,1.9621674266231741,5.0,0.0,20.0,0.0,4.0,0.0,1.0,0.0,0.0,0.0
0,132.0,132.0,100,7.16,1.9628879980603302,0.358,0.09814439990301653,0.642,0.09814439990301653,0.0,0.0,0.003000000000000001,0.01388989895317072,4.2,0.6666666666666667,2.78,0.718865548463464,2.22,0.718865548463464,0.0,0.0,7.16,1.9628879980603302,6.98,1.8366636418607876,12.84,1.9628879980603309,5.0,0.0,20.0,0.0,4.0,0.0,1.0,0.0,0.0,0.0
0,133.0,133.0,100,7.12,1.9242209495341909,0.35600000000000004,0.09621104747670953,0.644,0.09621104747670954,0.0,0.0,0.002,0.009847319278346619,4.22,0.6602723649825092,2.77,0.7086051171994259,2.23,0.7086051171994259,0.0,0.0,7.12,1.9242209495341909,6.97,1.8282574360645307,12.88,1.9242209495341909,5.0,0.0,20.0,0.0,4.0,0.0,1.0,0.0,0.0,0.0
0,134.0,134.0,100,7.11,1.9221988671436898,0.3555,0.09610994335718451,0.6445000000000001,0.09610994335718451,0.0,0.0,0.0005000000000000004,0.005000000000000003,4.23,0.6490863820117715,2.77,0.7086051171994259,2.23,0.7086051171994259,0.0,0.0,7.11,1.9221988671436898,6.96,1.8252992006016908,12.89,1.9221988671436907,5.0,0.0,20.0,0.0,4.0,0.0,1.0,0.0,0.0,0.0
0,135.0,135.0,100,7.09,1.8968075252588983,0.35450000000000004,0.09484037626294498,0.6455,0.09484037626294496,0.0,0.0,0.0010000000000000002,0.0070352647068144866,4.24,0.63754579950357,2.77,0.7086051171994259,2.23,0.7086051171994259,0.0,0.0,7.09,1.8968075252588983,6.95,1.80557498047049,12.91,1.8968075252588985,5.0,0.0,20.0,0.0,4.0,0.0,1.0,0.0,0.0,0.0
0,136.0,136.0,100,7.06,1.8953425105566624,0.353,0.09476712552783313,0.647,0.09476712552783312,0.0,0.0,0.0015000000000000002,0.008572330399888264,4.25,0.641573192719398,2.77,0.7086051171994259,2.23,0.7086051171994259,0.0,0.0,7.06,1.8953425105566624,6.92,1.7960675337688683,12.94,1.895342510556663,5.0,0.0,20.0,0.0,4.0,0.0,1.0,0.0,0.0,0.0
0,137.0,137.0,100,7.05,1.8876258403431847,0.3525,0.09438129201715922,0.6475,0.09438129201715922,0.0,0.0,0.0004999999999999999,0.004999999999999998,4.25,0.641573192719398,2.77,0.7086051171994259,2.23,0.7086051171994259,0.0,0.0,7.05,1.8876258403431847,6.87,1.778973713900089,12.95,1.887625840343185,5.0,0.0,20.0,0.0,4.0,0.0,1.0,0.0,0.0,0.0
0,138.0,138.0,100,7.04,1.885189484889886,0.35200000000000004,0.09425947424449431,0.648,0.09425947424449431,0.0,0.0,0.0005000000000000004,0.005000000000000004,4.25,0.641573192719398,2.77,0.7086051171994259,2.23,0.7086051171994259,0.0,0.0,7.04,1.885189484889886,6.86,1.7696658361727988,12.96,1.8851894848898867,5.0,0.0,20.0,0.0,4.0,0.0,1.0,0.0,0.0,0.0
0,139.0,139.0,100,7.02,1.8855109427291887,0.35100000000000003,0.09427554713645946,0.649,0.09427554713645944,0.0,0.0,0.0010000000000000002,0.0070352647068144866,4.27,0.6333333333333332,2.77,0.7086051171994259,2.23,0.7086051171994259,0.0,0.0,7.02,1.8855109427291887,6.77,1.7224307465810276,12.98,1.8855109427291892,5.0,0.0,20.0,0.0,4.0,0.0,1.0,0.0,0.0,0.0
0,140.0,140.0,100,6.97,1.8611118649176825,0.34850000000000003,0.09305559324588412,0.6515000000000001,0.09305559324588412,0.0,0.0,0.0025000000000000005,0.01305582419667734,4.29,0.6403124237432849,2.77,0.7086051171994259,2.23,0.7086051171994259,0.0,0.0,6.97,1.8611118649176825,6.74,1.7269111795984824,13.03,1.8611118649176825,5.0,0.0,20.0,0.0,4.0,0.0,1.0,0.0,0.0,0.0
0,141.0,141.0,100,6.93,1.8271521142162328,0.3465,0.09135760571081163,0.6535,0.0913576057108116,0.0,0.0,0.0020000000000000005,0.00984731927834662,4.29,0.6403124237432849,2.76,0.6980492298346351,2.24,0.6980492298346351,0.0,0.0,6.93,1.8271521142162328,6.71,1.7132578688722035,13.07,1.8271521142162324,5.0,0.0,20.0,0.0,4.0,0.0,1.0,0.0,0.0,0.0
0,142.0,142.0,100,6.91,1.8040078836979743,0.3455,0.09020039418489871,0.6545000000000001,0.0902003941848987,0.0,0.0,0.0009999999999999998,0.007035264706814485,4.3,0.6276459144608478,2.76,0.6980492298346351,2.24,0.6980492298346351,0.0,0.0,6.91,1.8040078836979743,6.68,1.7225773501566564,13.09,1.8040078836979747,5.0,0.0,20.0,0.0,4.0,0.0,1.0,0.0,0.0,0.0
0,143.0,143.0,100,6.88,1.7994387452702576,0.344,0.08997193726351288,0.6559999999999999,0.08997193726351285,0.0,0.0,0.0014999999999999996,0.008572330399888263,4.3,0.6276459144608478,2.76,0.6980492298346351,2.24,0.6980492298346351,0.0,0.0,6.88,1.7994387452702576,6.64,1.71458390864897,13.12,1.7994387452702574,5.0,0.0,20.0,0.0,4.0,0.0,1.0,0.0,0.0,0.0
0,144.0,144.0,100,6.86,1.8147543451754937,0.34299999999999997,0.09073771725877469,0.657,0.09073771725877462,0.0,0.0,0.0009999999999999998,0.007035264706814482,4.3,0.6276459144608478,2.76,0.6980492298346351,2.24,0.6980492298346351,0.0,0.0,6.86,1.8147543451754937,6.61,1.6990490507244569,13.14,1.8147543451754933,5.0,0.0,20.0,0.0,4.0,0.0,1.0,0.0,0.0,0.0
0,145.0,145.0,100,6.84,1.7962924780409977,0.342,0.08981462390204989,0.6579999999999999,0.08981462390204988,0.0,0.0,0.0010000000000000002,0.007035264706814487,4.31,0.6307763374436202,2.75,0.701729465267237,2.25,0.701729465267237,0.0,0.0,6.84,1.7962924780409977,6.6,1.6877454928053721,13.16,1.7962924780409977,5.0,0.0,20.0,0.0,4.0,0.0,1.0,0.0,0.0,0.0
0,146.0,146.0,100,6.83,1.7981752816214394,0.34149999999999997,0.08990876408107197,0.6585,0.08990876408107197,0.0,0.0,0.0004999999999999999,0.004999999999999998,4.31,0.6307763374436202,2.75,0.701729465267237,2.25,0.701729465267237,0.0,0.0,6.83,1.7981752816214394,6.58,1.6947929762431846,13.17,1.7981752816214394,5.0,0.0,20.0,0.0,4.0,0.0,1.0,0.0,0.0,0.0
0,147.0,147.0,100,6.79,1.7655227857693325,0.3395,0.08827613928846667,0.6605,0.08827613928846666,0.0,0.0,0.002,0.009847319278346619,4.32,0.6337319319839909,2.74,0.6907761700954349,2.26,0.6907761700954349,0.0,0.0,6.79,1.7655227857693325,6.51,1.7026123718829511,13.21,1.7655227857693327,5.0,0.0,20.0,0.0,4.0,0.0,1.0,0.0,0.0,0.0
0,148.0,148.0,100,6.76,1.735662770392121,0.33799999999999997,0.08678313851960605,0.662,0.08678313851960605,0.0,0.0,0.0014999999999999996,0.008572330399888263,4.32,0.6337319319839909,2.73,0.6794977348874474,2.27,0.6794977348874474,0.0,0.0,6.76,1.735662770392121,6.44,1.7251555339045856,13.24,1.7356627703921206,5.0,0.0,20.0,0.0,4.0,0.0,1.0,0.0,0.0,0.0
0,149.0,149.0,100,6.71,1.7132578688722038,0.33549999999999996,0.0856628934436102,0.6645,0.0856628934436102,0.0,0.0,0.002500000000000001,0.010952145677879518,4.35,0.6256309946079568,2.71,0.6558978733019496,2.29,0.6558978733019496,0.0,0.0,6.71,1.7132578688722038,6.42,1.7184677224583862,13.29,1.7132578688722042,5.0,0.0,20.0,0.0,4.0,0.0,1.0,0.0,0.0,0.0
0,150.0,150.0,100,6.7,1.7026420348945632,0.335,0.08513210174472817,0.665,0.08513210174472817,0.0,0.0,0.0004999999999999999,0.004999999999999998,4.35,0.6256309946079568,2.71,0.6558978733019496,2.29,0.6558978733019496,0.0,0.0,6.7,1.7026420348945632,6.4,1.6996731711975954,13.3,1.7026420348945634,5.0,0.0,20.0,0.0,4.0,0.0,1.0,0.0,0.0,0.0
0,151.0,151.0,100,6.69,1.7097167347637776,0.3345,0.08548583673818888,0.6655,0.08548583673818891,0.0,0.0,0.0004999999999999999,0.0049999999999999975,4.35,0.6256309946079568,2.7,0.6590473688161074,2.3,0.6590473688161074,0.0,0.0,6.69,1.7097167347637776,6.38,1.6924072867493876,13.31,1.7097167347637776,5.0,0.0,20.0,0.0,4.0,0.0,1.0,0.0,0.0,0.0
0,152.0,152.0,100,6.6,1.7174093715520917,0.33,0.08587046857760462,0.67,0.08587046857760461,0.0,0.0,0.0045000000000000005,0.014381174563233071,4.36,0.6279677016721753,2.67,0.667499479816693,2.33,0.667499479816693,0.0,0.0,6.6,1.7174093715520917,6.38,1.6924072867493876,13.4,1.717409371552092,5.0,0.0,20.0,0.0,4.0,0.0,1.0,0.0,0.0,0.0
0,153.0,153.0,100,6.57,1.7247749084586332,0.3285,0.08623874542293164,0.6715000000000001,0.08623874542293163,0.0,0.0,0.0015000000000000002,0.008572330399888266,4.38,0.6321360293449184,2.66,0.6547418336160207,2.34,0.6547418336160207,0.0,0.0,6.57,1.7247749084586332,6.36,1.6908547835310692,13.43,1.7247749084586326,5.0,0.0,20.0,0.0,4.0,0.0,1.0,0.0,0.0,0.0
0,154.0,154.0,100,6.54,1.7198778439121187,0.327,0.0859938921956059,0.6729999999999999,0.08599389219560592,0.0,0.0,0.0015000000000000002,0.008572330399888266,4.4,0.6195469181897234,2.65,0.6723244767373876,2.35,0.6723244767373876,0.0,0.0,6.54,1.7198778439121187,6.35,1.6899883449481559,13.46,1.719877843912118,5.0,0.0,20.0,0.0,4.0,0.0,1.0,0.0,0.0,0.0
0,155.0,155.0,100,6.51,1.7261798775611332,0.32549999999999996,0.08630899387805666,0.6745,0.08630899387805666,0.0,0.0,0.0015,0.008572330399888263,4.41,0.6210938542262158,2.64,0.6893123494842633,2.36,0.6893123494842633,0.0,0.0,6.51,1.7261798775611332,6.31,1.6617807170367427,13.49,1.7261798775611334,5.0,0.0,20.0,0.0,4.0,0.0,1.0,0.0,0.0,0.0
0,156.0,156.0,100,6.5,1.7144660799776528,0.325,0.08572330399888266,0.675,0.08572330399888263,0.0,0.0,0.0004999999999999999,0.0049999999999999975,4.42,0.6060303022726895,2.64,0.6893123494842633,2.36,0.6893123494842633,0.0,0.0,6.5,1.7144660799776528,6.3,1.6483845780556543,13.5,1.7144660799776528,5.0,0.0,20.0,0.0,4.0,0.0,1.0,0.0,0.0,0.0
0,157.0,157.0,100,6.44,1.7251555339045859,0.322,0.08625777669522931,0.6779999999999999,0.08625777669522929,0.0,0.0,0.0030000000000000005,0.013889898953170717,4.44,0.5915226030330455,2.62,0.7075352009660443,2.38,0.7075352009660443,0.0,0.0,6.44,1.7251555339045859,6.29,1.6471278951648847,13.56,1.7251555339045859,5.0,0.0,20.0,0.0,4.0,0.0,1.0,0.0,0.0,0.0
0,158.0,158.0,100,6.43,1.7306214216432505,0.3215,0.08653107108216253,0.6785,0.08653107108216254,0.0,0.0,0.0004999999999999999,0.0049999999999999975,4.44,0.5915226030330455,2.61,0.70917507917953,2.39,0.70917507917953,0.0,0.0,6.43,1.7306214216432505,6.23,1.632096006286816,13.57,1.7306214216432503,5.0,0.0,20.0,0.0,4.0,0.0,1.0,0.0,0.0,0.0
0,159.0,159.0,100,6.38,1.6864282979244638,0.319,0.08432141489622318,0.6809999999999999,0.0843214148962232,0.0,0.0,0.0025000000000000005,0.010952145677879516,4.46,0.5932277740625366,2.6,0.7106690545187012,2.4,0.7106690545187012,0.0,0.0,6.38,1.6864282979244638,6.2,1.6391670710664878,13.62,1.6864282979244636,5.0,0.0,20.0,0.0,4.0,0.0,1.0,0.0,0.0,0.0
0,160.0,160.0,100,6.37,1.6796764960292598,0.3185,0.08398382480146299,0.6815000000000001,0.08398382480146299,0.0,0.0,0.0005000000000000004,0.005000000000000004,4.47,0.5938234271450248,2.6,0.7106690545187012,2.4,0.7106690545187012,0.0,0.0,6.37,1.6796764960292598,6.19,1.6372864962208267,13.63,1.6796764960292596,5.0,0.0,20.0,0.0,4.0,0.0,1.0,0.0,0.0,0.0
0,161.0,161.0,100,6.34,1.671024605540934,0.317,0.08355123027704671,0.6829999999999999,0.08355123027704667,0.0,0.0,0.0015000000000000002,0.008572330399888266,4.48,0.5942485280851044,2.59,0.6976873775321412,2.41,0.6976873775321412,0.0,0.0,6.34,1.671024605540934,6.15,1.6476184220402685,13.66,1.6710246055409335,5.0,0.0,20.0,0.0,4.0,0.0,1.0,0.0,0.0,0.0
0,162.0,162.0,100,6.28,1.6580382712986177,0.314,0.0829019135649309,0.6859999999999999,0.08290191356493087,0.0,0.0,0.003,0.0119341628287971,4.48,0.5942485280851044,2.57,0.7,2.43,0.7,0.0,0.0,6.28,1.6580382712986177,6.11,1.6323435467282783,13.72,1.658038271298618,5.0,0.0,20.0,0.0,4.0,0.0,1.0,0.0,0.0,0.0
0,163.0,163.0,100,6.26,1.6552335121661779,0.313,0.0827616756083089,0.687,0.08276167560830887,0.0,0.0,0.0010000000000000002,0.0070352647068144866,4.48,0.5942485280851044,2.57,0.7,2.43,0.7,0.0,0.0,6.26,1.6552335121661779,6.11,1.6323435467282783,13.74,1.6552335121661776,5.0,0.0,20.0,0.0,4.0,0.0,1.0,0.0,0.0,0.0
0,164.0,164.0,100,6.24,1.658281939206657,0.312,0.08291409696033286,0.688,0.0829140969603328,0.0,0.0,0.0009999999999999998,0.007035264706814484,4.48,0.5942485280851044,2.56,0.6863753427324668,2.44,0.6863753427324668,0.0,0.0,6.24,1.658281939206657,6.06,1.6256777918235468,13.76,1.658281939206657,5.0,0.0,20.0,0.0,4.0,0.0,1.0,0.0,0.0,0.0
0,165.0,165.0,100,6.22,1.6610815510359267,0.311,0.08305407755179635,0.6890000000000001,0.08305407755179631,0.0,0.0,0.0009999999999999998,0.007035264706814483,4.48,0.5942485280851044,2.55,0.6871842709362769,2.45,0.6871842709362769,0.0,0.0,6.22,1.6610815510359267,6.05,1.6291225871739685,13.78,1.6610815510359267,5.0,0.0,20.0,0.0,4.0,0.0,1.0,0.0,0.0,0.0
0,166.0,166.0,100,6.17,1.6146738733167503,0.3085,0.08073369366583749,0.6915,0.08073369366583752,0.0,0.0,0.0025000000000000005,0.01095214567787952,4.49,0.5772627852480385,2.54,0.6878454136877801,2.46,0.6878454136877801,0.0,0.0,6.17,1.6146738733167503,6.03,1.6296185337853044,13.83,1.6146738733167505,5.0,0.0,20.0,0.0,4.0,0.0,1.0,0.0,0.0,0.0
0,167.0,167.0,100,6.16,1.6250563315799487,0.308,0.08125281657899744,0.6920000000000001,0.08125281657899744,0.0,0.0,0.0004999999999999999,0.004999999999999998,4.49,0.5772627852480385,2.53,0.6883591968139773,2.47,0.6883591968139773,0.0,0.0,6.16,1.6250563315799487,6.0,1.6080605044147394,13.84,1.6250563315799489,5.0,0.0,20.0,0.0,4.0,0.0,1.0,0.0,0.0,0.0
0,168.0,168.0,100,6.11,1.6261437311453852,0.3055,0.08130718655726926,0.6945,0.08130718655726928,0.0,0.0,0.0025,0.010952145677879515,4.51,0.5772627852480389,2.53,0.6883591968139773,2.47,0.6883591968139773,0.0,0.0,6.11,1.6261437311453852,5.93,1.5390867028169264,13.89,1.6261437311453852,5.0,0.0,20.0,0.0,4.0,0.0,1.0,0.0,0.0,0.0
0,169.0,169.0,100,6.1,1.6236882817719778,0.305,0.08118441408859889,0.695,0.08118441408859889,0.0,0.0,0.0004999999999999999,0.0049999999999999975,4.51,0.5772627852480389,2.53,0.6883591968139773,2.47,0.6883591968139773,0.0,0.0,6.1,1.6236882817719778,5.89,1.5498126312297213,13.9,1.6236882817719773,5.0,0.0,20.0,0.0,4.0,0.0,1.0,0.0,0.0,0.0
0,170.0,170.0,100,6.08,1.624807680927192,0.304,0.08124038404635958,0.696,0.08124038404635958,0.0,0.0,0.0010000000000000002,0.0070352647068144866,4.51,0.5772627852480389,2.52,0.6887259501016602,2.48,0.6887259501016602,0.0,0.0,6.08,1.624807680927192,5.82,1.526731505834962,13.92,1.6248076809271925,5.0,0.0,20.0,0.0,4.0,0.0,1.0,0.0,0.0,0.0
0,171.0,171.0,100,6.05,1.6291225871739683,0.3025,0.0814561293586984,0.6975,0.08145612935869839,0.0,0.0,0.0015000000000000002,0.008572330399888266,4.51,0.5772627852480389,2.51,0.6889459083603479,2.49,0.6889459083603479,0.0,0.0,6.05,1.6291225871739683,5.83,1.491084616423003,13.95,1.6291225871739683,5.0,0.0,20.0,0.0,4.0,0.0,1.0,0.0,0.0,0.0
0,172.0,172.0,100,6.0,1.5891043154093207,0.3,0.07945521577046605,0.7,0.07945521577046602,0.0,0.0,0.0025000000000000005,0.010952145677879516,4.51,0.5772627852480389,2.5,0.6890192121758834,2.5,0.6890192121758834,0.0,0.0,6.0,1.5891043154093207,5.8,1.5109031348264133,14.0,1.589104315409321,5.0,0.0,20.0,0.0,4.0,0.0,1.0,0.0,0.0,0.0
0,173.0,173.0,100,5.97,1.5599469040433216,0.2985,0.07799734520216607,0.7015,0.07799734520216604,0.0,0.0,0.0015000000000000002,0.008572330399888266,4.51,0.5772627852480389,2.5,0.6890192121758834,2.5,0.6890192121758834,0.0,0.0,5.97,1.5599469040433216,5.77,1.489729146285636,14.03,1.5599469040433211,5.0,0.0,20.0,0.0,4.0,0.0,1.0,0.0,0.0,0.0
0,174.0,174.0,100,5.91,1.5314547121457869,0.2955,0.07657273560728935,0.7045,0.07657273560728935,0.0,0.0,0.003,0.011934162828797099,4.52,0.5770002538381532,2.49,0.6889459083603479,2.51,0.6889459083603479,0.0,0.0,5.91,1.5314547121457869,5.75,1.493250809408111,14.09,1.531454712145787,5.0,0.0,20.0,0.0,4.0,0.0,1.0,0.0,0.0,0.0
0,175.0,175.0,100,5.88,1.5260697523012792,0.294,0.07630348761506399,0.706,0.076303487615064,0.0,0.0,0.0014999999999999996,0.008572330399888263,4.52,0.5770002538381532,2.49,0.6889459083603479,2.51,0.6889459083603479,0.0,0.0,5.88,1.5260697523012792,5.69,1.5021533365354705,14.12,1.5260697523012794,5.0,0.0,20.0,0.0,4.0,0.0,1.0,0.0,0.0,0.0
0,176.0,176.0,100,5.83,1.5377735446896836,0.2915,0.07688867723448421,0.7084999999999999,0.07688867723448421,0.0,0.0,0.0024999999999999996,0.010952145677879511,4.52,0.5770002538381532,2.45,0.701729465267237,2.55,0.701729465267237,0.0,0.0,5.83,1.5377735446896836,5.66,1.5123732103130916,14.17,1.5377735446896839,5.0,0.0,20.0,0.0,4.0,0.0,1.0,0.0,0.0,0.0
0,177.0,177.0,100,5.8,1.517573821278656,0.29,0.07587869106393283,0.71,0.07587869106393284,0.0,0.0,0.0015000000000000002,0.008572330399888264,4.52,0.5770002538381532,2.44,0.7009373233842889,2.56,0.7009373233842889,0.0,0.0,5.8,1.517573821278656,5.62,1.51610878850624,14.2,1.5175738212786567,5.0,0.0,20.0,0.0,4.0,0.0,1.0,0.0,0.0,0.0
0,178.0,178.0,100,5.79,1.5061825449081063,0.2895,0.07530912724540531,0.7105,0.07530912724540532,0.0,0.0,0.0005000000000000004,0.005000000000000003,4.53,0.5587684871413404,2.44,0.7009373233842889,2.56,0.7009373233842889,0.0,0.0,5.79,1.5061825449081063,5.58,1.525407711685203,14.21,1.5061825449081054,5.0,0.0,20.0,0.0,4.0,0.0,1.0,0.0,0.0,0.0
0,179.0,179.0,100,5.78,1.5147757109702595,0.289,0.07573878554851296,0.711,0.075738785548513,0.0,0.0,0.0004999999999999999,0.004999999999999998,4.53,0.5587684871413404,2.44,0.7009373233842889,2.56,0.7009373233842889,0.0,0.0,5.78,1.5147757109702595,5.55,1.552937912994644,14.22,1.5147757109702593,5.0,0.0,20.0,0.0,4.0,0.0,1.0,0.0,0.0,0.0
0,180.0,180.0,100,5.75,1.520067781582802,0.2875,0.07600338907914012,0.7125,0.07600338907914012,0.0,0.0,0.0014999999999999996,0.008572330399888261,4.53,0.5587684871413404,2.42,0.6989169110021937,2.58,0.6989169110021937,0.0,0.0,5.75,1.520067781582802,5.52,1.5665699518825882,14.25,1.520067781582802,5.0,0.0,20.0,0.0,4.0,0.0,1.0,0.0,0.0,0.0
0,181.0,181.0,100,5.69,1.5088627063675033,0.2845,0.07544313531837518,0.7155,0.07544313531837521,0.0,0.0,0.002999999999999999,0.011934162828797099,4.53,0.5587684871413404,2.37,0.6614187383758852,2.63,0.6614187383758852,0.0,0.0,5.69,1.5088627063675033,5.51,1.5666666666666667,14.31,1.5088627063675033,5.0,0.0,20.0,0.0,4.0,0.0,1.0,0.0,0.0,0.0
0,182.0,182.0,100,5.67,1.5045721563744865,0.2835,0.07522860781872433,0.7165,0.07522860781872441,0.0,0.0,0.0009999999999999998,0.007035264706814483,4.53,0.5587684871413404,2.37,0.6614187383758852,2.63,0.6614187383758852,0.0,0.0,5.67,1.5045721563744865,5.48,1.5794130094897456,14.33,1.5045721563744867,5.0,0.0,20.0,0.0,4.0,0.0,1.0,0.0,0.0,0.0
0,183.0,183.0,100,5.65,1.5134080878613148,0.2825,0.07567040439306574,0.7175,0.07567040439306577,0.0,0.0,0.0009999999999999998,0.007035264706814482,4.54,0.558135423992378,2.37,0.6614187383758852,2.63,0.6614187383758852,0.0,0.0,5.65,1.5134080878613148,5.42,1.538594399857457,14.35,1.5134080878613143,5.0,0.0,20.0,0.0,4.0,0.0,1.0,0.0,0.0,0.0
0,184.0,184.0,100,5.6,1.537412229571615,0.28,0.07687061147858072,0.72,0.07687061147858076,0.0,0.0,0.0025000000000000005,0.01095214567787952,4.54,0.558135423992378,2.36,0.6744994402884964,2.64,0.6744994402884964,0.0,0.0,5.6,1.537412229571615,5.39,1.5498126312297213,14.4,1.537412229571615,5.0,0.0,20.0,0.0,4.0,0.0,1.0,0.0,0.0,0.0
0,185.0,185.0,100,5.57,1.5325096601933241,0.2785,0.07662548300966622,0.7215,0.07662548300966622,0.0,0.0,0.0014999999999999996,0.008572330399888263,4.55,0.5573204290227127,2.35,0.6723244767373877,2.65,0.6723244767373877,0.0,0.0,5.57,1.5325096601933241,5.38,1.5359661191549498,14.43,1.5325096601933244,5.0,0.0,20.0,0.0,4.0,0.0,1.0,0.0,0.0,0.0
0,186.0,186.0,100,5.54,1.5467136878954786,0.27699999999999997,0.07733568439477391,0.723,0.07733568439477395,0.0,0.0,0.0015,0.008572330399888263,4.55,0.5573204290227127,2.34,0.6699917080747263,2.66,0.6699917080747263,0.0,0.0,5.54,1.5467136878954786,5.37,1.5285498508274584,14.46,1.5467136878954788,5.0,0.0,20.0,0.0,4.0,0.0,1.0,0.0,0.0,0.0
0,187.0,187.0,100,5.49,1.5666666666666664,0.27449999999999997,0.07833333333333334,0.7254999999999999,0.07833333333333334,0.0,0.0,0.0025,0.010952145677879515,4.56,0.5378595813899101,2.33,0.6824643402827548,2.67,0.6824643402827548,0.0,0.0,5.49,1.5666666666666664,5.35,1.5134080878613148,14.51,1.5666666666666673,5.0,0.0,20.0,0.0,4.0,0.0,1.0,0.0,0.0,0.0
0,188.0,188.0,100,5.45,1.5594287998553127,0.2725,0.07797143999276564,0.7275,0.07797143999276568,0.0,0.0,0.0019999999999999996,0.009847319278346617,4.58,0.5352239217978271,2.33,0.6824643402827548,2.67,0.6824643402827548,0.0,0.0,5.45,1.5594287998553127,5.3,1.5008415147927023,14.55,1.5594287998553131,5.0,0.0,20.0,0.0,4.0,0.0,1.0,0.0,0.0,0.0
0,189.0,189.0,100,5.43,1.5390867028169264,0.27149999999999996,0.07695433514084632,0.7284999999999999,0.07695433514084636,0.0,0.0,0.0010000000000000002,0.007035264706814487,4.58,0.5352239217978271,2.32,0.679869268479038,2.68,0.679869268479038,0.0,0.0,5.43,1.5390867028169264,5.28,1.4912539635616682,14.57,1.5390867028169268,5.0,0.0,20.0,0.0,4.0,0.0,1.0,0.0,0.0,0.0
0,190.0,190.0,100,5.42,1.5320152437461931,0.27099999999999996,0.07660076218730963,0.7290000000000001,0.07660076218730967,0.0,0.0,0.0004999999999999999,0.004999999999999998,4.58,0.5352239217978271,2.32,0.679869268479038,2.68,0.679869268479038,0.0,0.0,5.42,1.5320152437461931,5.23,1.4897291462856361,14.58,1.5320152437461934,5.0,0.0,20.0,0.0,4.0,0.0,1.0,0.0,0.0,0.0
0,191.0,191.0,100,5.39,1.5367222102628542,0.2695,0.0768361105131427,0.7304999999999999,0.07683611051314272,0.0,0.0,0.0015000000000000002,0.008572330399888264,4.58,0.5352239217978271,2.31,0.6771150924952483,2.69,0.6771150924952483,0.0,0.0,5.39,1.5367222102628542,5.17,1.4842948875244817,14.61,1.5367222102628537,5.0,0.0,20.0,0.0,4.0,0.0,1.0,0.0,0.0,0.0
0,192.0,192.0,100,5.39,1.5367222102628542,0.2695,0.0768361105131427,0.7304999999999999,0.07683611051314272,0.0,0.0,0.0,0.0,4.58,0.5352239217978271,2.31,0.6771150924952483,2.69,0.6771150924952483,0.0,0.0,5.39,1.5367222102628542,5.13,1.4815702835338271,14.61,1.5367222102628537,5.0,0.0,20.0,0.0,4.0,0.0,1.0,0.0,0.0,0.0
0,193.0,193.0,100,5.35,1.5333003949031323,0.2675,0.0766650197451566,0.7325,0.0766650197451566,0.0,0.0,0.002,0.009847319278346617,4.59,0.5143398239932959,2.31,0.6771150924952483,2.69,0.6771150924952483,0.0,0.0,5.35,1.5333003949031323,5.08,1.4817407180595248,14.65,1.5333003949031323,5.0,0.0,20.0,0.0,4.0,0.0,1.0,0.0,0.0,0.0
0,194.0,194.0,100,5.31,1.5354070299027378,0.2655,0.07677035149513688,0.7345,0.0767703514951369,0.0,0.0,0.0020000000000000005,0.012143918126978109,4.59,0.5143398239932959,2.31,0.6771150924952483,2.69,0.6771150924952483,0.0,0.0,5.31,1.5354070299027378,5.05,1.5067189585991219,14.69,1.5354070299027383,5.0,0.0,20.0,0.0,4.0,0.0,1.0,0.0,0.0,0.0
0,195.0,195.0,100,5.27,1.5430194719798878,0.2635,0.07715097359899437,0.7365,0.07715097359899442,0.0,0.0,0.002,0.009847319278346617,4.59,0.5143398239932959,2.3,0.6890192121758832,2.7,0.6890192121758832,0.0,0.0,5.27,1.5430194719798878,5.01,1.5075232212560652,14.73,1.5430194719798875,5.0,0.0,20.0,0.0,4.0,0.0,1.0,0.0,0.0,0.0
0,196.0,196.0,100,5.22,1.534650290832252,0.261,0.0767325145416126,0.7390000000000001,0.07673251454161262,0.0,0.0,0.0024999999999999996,0.013055824196677338,4.59,0.5143398239932959,2.28,0.6828342597311782,2.72,0.6828342597311782,0.0,0.0,5.22,1.534650290832252,5.0,1.5242153139344596,14.78,1.5346502908322515,5.0,0.0,20.0,0.0,4.0,0.0,1.0,0.0,0.0,0.0
0,197.0,197.0,100,5.18,1.526731505834962,0.259,0.07633657529174813,0.741,0.07633657529174814,0.0,0.0,0.002,0.009847319278346622,4.59,0.5143398239932959,2.28,0.6828342597311782,2.72,0.6828342597311782,0.0,0.0,5.18,1.526731505834962,4.97,1.5338273249053367,14.82,1.526731505834962,5.0,0.0,20.0,0.0,4.0,0.0,1.0,0.0,0.0,0.0
0,198.0,198.0,100,5.15,1.520067781582802,0.2575,0.07600338907914009,0.7425,0.07600338907914013,0.0,0.0,0.0015000000000000005,0.008572330399888266,4.61,0.5103969538555754,2.28,0.6828342597311782,2.72,0.6828342597311782,0.0,0.0,5.15,1.520067781582802,4.94,1.523021982637138,14.85,1.520067781582802,5.0,0.0,20.0,0.0,4.0,0.0,1.0,0.0,0.0,0.0
0,199.0,199.0,100,5.08,1.5087622862345271,0.254,0.07543811431172633,0.746,0.0754381143117264,0.0,0.0,0.0035000000000000005,0.012821619998812138,4.62,0.5081159495448043,2.25,0.6723244767373876,2.75,0.6723244767373876,0.0,0.0,5.08,1.5087622862345271,4.94,1.523021982637138,14.92,1.5087622862345274,5.0,0.0,20.0,0.0,4.0,0.0,1.0,0.0,0.0,0.0
0,200.0,200.0,100,5.05,1.5266984249707212,0.2525,0.07633492124853608,0.7475,0.0763349212485361,0.0,0.0,0.0015,0.008572330399888263,4.63,0.5056249258655725,2.24,0.6684823758848747,2.76,0.6684823758848747,0.0,0.0,5.05,1.5266984249707212,4.91,1.5445897758814717,14.95,1.5266984249707212,5.0,0.0,20.0,0.0,4.0,0.0,1.0,0.0,0.0,0.0
0,201.0,201.0,100,5.04,1.54344492037203,0.252,0.07717224601860151,0.748,0.07717224601860151,0.0,0.0,0.0004999999999999999,0.0049999999999999975,4.63,0.5056249258655725,2.23,0.6794977348874472,2.76,0.6834257143762642,0.01,0.09999999999999999,5.03,1.5599469040433214,4.89,1.5563165526721139,14.97,1.5599469040433216,5.0,0.0,20.0,0.0,4.0,0.0,1.0,0.0,0.0,0.0
0,202.0,202.0,100,5.01,1.5208649851417788,0.2505,0.07604324925708894,0.7495,0.07604324925708898,0.0,0.0,0.0015000000000000002,0.008572330399888264,4.64,0.5029207620781756,2.23,0.6794977348874472,2.77,0.6794977348874472,0.0,0.0,5.01,1.5208649851417788,4.86,1.5571276327412809,14.99,1.520864985141779,5.0,0.0,20.0,0.0,4.0,0.0,1.0,0.0,0.0,0.0
0,203.0,203.0,100,4.99,1.5208649851417788,0.2495,0.07604324925708893,0.7505,0.07604324925708894,0.0,0.0,0.0009999999999999998,0.007035264706814482,4.65,0.5000000000000001,2.22,0.6753973764841082,2.78,0.6753973764841082,0.0,0.0,4.99,1.5208649851417788,4.82,1.5067524781141162,15.01,1.5208649851417788,5.0,0.0,20.0,0.0,4.0,0.0,1.0,0.0,0.0,0.0
0,204.0,204.0,100,4.96,1.54344492037203,0.248,0.0771722460186015,0.752,0.07717224601860151,0.0,0.0,0.0015000000000000002,0.008572330399888264,4.65,0.5000000000000001,2.19,0.6771150924952483,2.81,0.6771150924952483,0.0,0.0,4.96,1.54344492037203,4.8,1.4839205511145814,15.04,1.5434449203720302,5.0,0.0,20.0,0.0,4.0,0.0,1.0,0.0,0.0,0.0
0,205.0,205.0,100,4.94,1.5493237364747368,0.247,0.07746618682373685,0.753,0.07746618682373685,0.0,0.0,0.0009999999999999998,0.007035264706814482,4.65,0.5000000000000001,2.19,0.6771150924952483,2.81,0.6771150924952483,0.0,0.0,4.94,1.5493237364747368,4.79,1.479113848822253,15.06,1.549323736474737,5.0,0.0,20.0,0.0,4.0,0.0,1.0,0.0,0.0,0.0
0,206.0,206.0,100,4.92,1.548410719924064,0.24599999999999997,0.07742053599620319,0.754,0.0774205359962032,0.0,0.0,0.001,0.007035264706814485,4.65,0.5000000000000001,2.19,0.6771150924952483,2.81,0.6771150924952483,0.0,0.0,4.92,1.548410719924064,4.78,1.4673552102784497,15.08,1.5484107199240635,5.0,0.0,20.0,0.0,4.0,0.0,1.0,0.0,0.0,0.0
0,207.0,207.0,100,4.87,1.5219272736443832,0.24350000000000002,0.07609636368221918,0.7565000000000001,0.07609636368221917,0.0,0.0,0.0024999999999999996,0.010952145677879515,4.66,0.4968588198559896,2.18,0.672399592594472,2.82,0.672399592594472,0.0,0.0,4.87,1.5219272736443832,4.76,1.4710677768343663,15.13,1.5219272736443836,5.0,0.0,20.0,0.0,4.0,0.0,1.0,0.0,0.0,0.0
0,208.0,208.0,100,4.85,1.5000000000000002,0.2425,0.075,0.7575,0.07500000000000001,0.0,0.0,0.0009999999999999998,0.007035264706814483,4.66,0.4968588198559896,2.18,0.672399592594472,2.82,0.672399592594472,0.0,0.0,4.85,1.5000000000000002,4.74,1.474497003774987,15.15,1.5000000000000002,5.0,0.0,20.0,0.0,4.0,0.0,1.0,0.0,0.0,0.0
0,209.0,209.0,100,4.85,1.5000000000000002,0.2425,0.075,0.7575,0.07500000000000001,0.0,0.0,0.0,0.0,4.66,0.4968588198559896,2.18,0.672399592594472,2.82,0.672399592594472,0.0,0.0,4.85,1.5000000000000002,4.68,1.489898647491828,15.15,1.5000000000000002,5.0,0.0,20.0,0.0,4.0,0.0,1.0,0.0,0.0,0.0
0,210.0,210.0,100,4.84,1.4888135063081798,0.242,0.07444067531540897,0.758,0.07444067531540896,0.0,0.0,0.0004999999999999999,0.004999999999999998,4.66,0.4968588198559896,2.18,0.672399592594472,2.82,0.672399592594472,0.0,0.0,4.84,1.4888135063081798,4.66,1.5056794835125793,15.16,1.4888135063081798,5.0,0.0,20.0,0.0,4.0,0.0,1.0,0.0,0.0,0.0
0,211.0,211.0,100,4.81,1.4886438815447458,0.24050000000000002,0.07443219407723728,0.7595000000000001,0.07443219407723731,0.0,0.0,0.0015,0.008572330399888263,4.67,0.4934930126509935,2.18,0.672399592594472,2.82,0.672399592594472,0.0,0.0,4.81,1.4886438815447458,4.65,1.5134080878613148,15.19,1.4886438815447451,5.0,0.0,20.0,0.0,4.0,0.0,1.0,0.0,0.0,0.0
0,212.0,212.0,100,4.79,1.5061825449081054,0.2395,0.07530912724540528,0.7605,0.07530912724540532,0.0,0.0,0.0010000000000000002,0.007035264706814486,4.68,0.48989794855663565,2.18,0.672399592594472,2.82,0.672399592594472,0.0,0.0,4.79,1.5061825449081054,4.62,1.5027247978860994,15.21,1.5061825449081059,5.0,0.0,20.0,0.0,4.0,0.0,1.0,0.0,0.0,0.0
0,213.0,213.0,100,4.74,1.501648925331582,0.237,0.07508244626657909,0.763,0.07508244626657909,0.0,0.0,0.0024999999999999996,0.010952145677879513,4.68,0.48989794855663565,2.15,0.6723244767373877,2.85,0.6723244767373877,0.0,0.0,4.74,1.501648925331582,4.62,1.5027247978860994,15.26,1.5016489253315815,5.0,0.0,20.0,0.0,4.0,0.0,1.0,0.0,0.0,0.0
0,214.0,214.0,100,4.72,1.5181062099360718,0.23600000000000002,0.0759053104968036,0.764,0.07590531049680363,0.0,0.0,0.0009999999999999998,0.0070352647068144805,4.68,0.48989794855663565,2.14,0.6669696281304607,2.86,0.6669696281304607,0.0,0.0,4.72,1.5181062099360718,4.61,1.5034976057530156,15.28,1.5181062099360716,5.0,0.0,20.0,0.0,4.0,0.0,1.0,0.0,0.0,0.0
0,215.0,215.0,100,4.7,1.5208981928884369,0.235,0.07604490964442184,0.765,0.07604490964442187,0.0,0.0,0.001,0.007035264706814485,4.68,0.48989794855663565,2.12,0.6708956775095589,2.88,0.6708956775095589,0.0,0.0,4.7,1.5208981928884369,4.57,1.5126069542282943,15.3,1.5208981928884366,5.0,0.0,20.0,0.0,4.0,0.0,1.0,0.0,0.0,0.0
0,216.0,216.0,100,4.67,1.5112707877608809,0.2335,0.07556353938804405,0.7665000000000001,0.07556353938804405,0.0,0.0,0.0014999999999999996,0.008572330399888261,4.68,0.48989794855663565,2.12,0.6708956775095589,2.88,0.6708956775095589,0.0,0.0,4.67,1.5112707877608809,4.55,1.5200677815828016,15.33,1.5112707877608809,5.0,0.0,20.0,0.0,4.0,0.0,1.0,0.0,0.0,0.0
0,217.0,217.0,100,4.65,1.5134080878613148,0.2325,0.07567040439306572,0.7675,0.07567040439306574,0.0,0.0,0.001,0.007035264706814485,4.68,0.48989794855663565,2.1,0.6435381994422819,2.9,0.6435381994422819,0.0,0.0,4.65,1.5134080878613148,4.53,1.51394194142979,15.35,1.513408087861315,5.0,0.0,20.0,0.0,4.0,0.0,1.0,0.0,0.0,0.0
0,218.0,218.0,100,4.64,1.5076907219756022,0.23199999999999998,0.07538453609878014,0.768,0.07538453609878012,0.0,0.0,0.0004999999999999999,0.004999999999999998,4.68,0.48989794855663565,2.09,0.6371495868001452,2.91,0.6371495868001452,0.0,0.0,4.64,1.5076907219756022,4.51,1.4872861869930087,15.36,1.5076907219756026,5.0,0.0,20.0,0.0,4.0,0.0,1.0,0.0,0.0,0.0
0,219.0,219.0,100,4.61,1.5168747775967173,0.2305,0.07584373887983588,0.7695000000000001,0.07584373887983588,0.0,0.0,0.0014999999999999996,0.008572330399888263,4.69,0.4860685407045249,2.09,0.6371495868001452,2.91,0.6371495868001452,0.0,0.0,4.61,1.5168747775967173,4.49,1.4736404451616285,15.39,1.5168747775967177,5.0,0.0,20.0,0.0,4.0,0.0,1.0,0.0,0.0,0.0
0,220.0,220.0,100,4.59,1.5182060120252108,0.22949999999999998,0.07591030060126056,0.7705,0.07591030060126057,0.0,0.0,0.001,0.007035264706814483,4.69,0.4860685407045249,2.09,0.6371495868001452,2.91,0.6371495868001452,0.0,0.0,4.59,1.5182060120252108,4.49,1.4736404451616285,15.41,1.5182060120252105,5.0,0.0,20.0,0.0,4.0,0.0,1.0,0.0,0.0,0.0
0,221.0,221.0,100,4.58,1.5121060301660878,0.22899999999999998,0.07560530150830438,0.7709999999999999,0.07560530150830443,0.0,0.0,0.0004999999999999999,0.0049999999999999975,4.69,0.4860685407045249,2.09,0.6371495868001452,2.91,0.6371495868001452,0.0,0.0,4.58,1.5121060301660878,4.47,1.4937918668322376,15.42,1.5121060301660878,5.0,0.0,20.0,0.0,4.0,0.0,1.0,0.0,0.0,0.0
0,222.0,222.0,100,4.55,1.4932508094081116,0.2275,0.07466254047040555,0.7725,0.07466254047040559,0.0,0.0,0.0014999999999999996,0.008572330399888261,4.69,0.4860685407045249,2.08,0.6305360874492099,2.92,0.6305360874492099,0.0,0.0,4.55,1.4932508094081116,4.47,1.4937918668322376,15.45,1.4932508094081118,5.0,0.0,20.0,0.0,4.0,0.0,1.0,0.0,0.0,0.0
0,223.0,223.0,100,4.55,1.4932508094081116,0.2275,0.07466254047040555,0.7725,0.07466254047040559,0.0,0.0,0.0,0.0,4.69,0.4860685407045249,2.08,0.6305360874492099,2.92,0.6305360874492099,0.0,0.0,4.55,1.4932508094081116,4.44,1.499629583893599,15.45,1.4932508094081118,5.0,0.0,20.0,0.0,4.0,0.0,1.0,0.0,0.0,0.0
0,224.0,224.0,100,4.55,1.4932508094081116,0.2275,0.07466254047040555,0.7725,0.07466254047040559,0.0,0.0,0.0,0.0,4.69,0.4860685407045249,2.08,0.6305360874492099,2.92,0.6305360874492099,0.0,0.0,4.55,1.4932508094081116,4.4,1.5242153139344596,15.45,1.4932508094081118,5.0,0.0,20.0,0.0,4.0,0.0,1.0,0.0,0.0,0.0
0,225.0,225.0,100,4.55,1.4932508094081116,0.2275,0.07466254047040555,0.7725,0.07466254047040559,0.0,0.0,0.0,0.0,4.69,0.4860685407045249,2.08,0.6305360874492099,2.92,0.6305360874492099,0.0,0.0,4.55,1.4932508094081116,4.36,1.487455966583634,15.45,1.4932508094081118,5.0,0.0,20.0,0.0,4.0,0.0,1.0,0.0,0.0,0.0
0,226.0,226.0,100,4.52,1.5007069041359185,0.226,0.07503534520679592,0.774,0.0750353452067959,0.0,0.0,0.0015,0.011135075167680685,4.7,0.4819992036541475,2.06,0.648541487189571,2.94,0.648541487189571,0.0,0.0,4.52,1.5007069041359185,4.35,1.479660075623432,15.48,1.5007069041359191,5.0,0.0,20.0,0.0,4.0,0.0,1.0,0.0,0.0,0.0
0,227.0,227.0,100,4.51,1.5075232212560652,0.2255,0.07537616106280325,0.7745000000000001,0.07537616106280326,0.0,0.0,0.0005000000000000001,0.005000000000000001,4.7,0.4819992036541475,2.06,0.648541487189571,2.94,0.648541487189571,0.0,0.0,4.51,1.5075232212560652,4.35,1.479660075623432,15.49,1.5075232212560656,5.0,0.0,20.0,0.0,4.0,0.0,1.0,0.0,0.0,0.0
0,228.0,228.0,100,4.49,1.5075232212560652,0.2245,0.07537616106280323,0.7755,0.07537616106280326,0.0,0.0,0.0009999999999999998,0.007035264706814481,4.71,0.47768380565162366,2.06,0.648541487189571,2.94,0.648541487189571,0.0,0.0,4.49,1.5075232212560652,4.34,1.4579631564811801,15.51,1.507523221256065,5.0,0.0,20.0,0.0,4.0,0.0,1.0,0.0,0.0,0.0
0,229.0,229.0,100,4.46,1.4867767318952267,0.223,0.07433883659476133,0.777,0.07433883659476133,0.0,0.0,0.0014999999999999996,0.008572330399888263,4.72,0.47311561360663595,2.06,0.648541487189571,2.94,0.648541487189571,0.0,0.0,4.46,1.4867767318952267,4.31,1.4818429693657102,15.54,1.4867767318952267,5.0,0.0,20.0,0.0,4.0,0.0,1.0,0.0,0.0,0.0
0,230.0,230.0,100,4.42,1.4919311598926357,0.221,0.07459655799463179,0.779,0.0745965579946318,0.0,0.0,0.0019999999999999996,0.009847319278346617,4.72,0.47311561360663595,2.03,0.6735253251633256,2.97,0.6735253251633256,0.0,0.0,4.42,1.4919311598926357,4.3,1.4873201444615791,15.58,1.4919311598926361,5.0,0.0,20.0,0.0,4.0,0.0,1.0,0.0,0.0,0.0
0,231.0,231.0,100,4.4,1.50420286618071,0.22,0.07521014330903551,0.78,0.07521014330903551,0.0,0.0,0.0010000000000000002,0.007035264706814487,4.72,0.47311561360663595,2.01,0.6589707309451794,2.99,0.6589707309451794,0.0,0.0,4.4,1.50420286618071,4.29,1.4859272519136992,15.6,1.5042028661807103,5.0,0.0,20.0,0.0,4.0,0.0,1.0,0.0,0.0,0.0
0,232.0,232.0,100,4.39,1.4967641866049008,0.2195,0.07483820933024506,0.7805,0.07483820933024506,0.0,0.0,0.0004999999999999999,0.004999999999999998,4.72,0.47311561360663595,2.0,0.6513389472789295,3.0,0.6513389472789295,0.0,0.0,4.39,1.4967641866049008,4.27,1.496494219666401,15.61,1.4967641866049013,5.0,0.0,20.0,0.0,4.0,0.0,1.0,0.0,0.0,0.0
0,233.0,233.0,100,4.36,1.5210310166250238,0.218,0.07605155083125119,0.782,0.07605155083125119,0.0,0.0,0.0015000000000000002,0.008572330399888266,4.73,0.4682872294787988,1.99,0.6589707309451797,3.01,0.6589707309451797,0.0,0.0,4.36,1.5210310166250238,4.25,1.4864709750264078,15.64,1.5210310166250238,5.0,0.0,20.0,0.0,4.0,0.0,1.0,0.0,0.0,0.0
0,234.0,234.0,100,4.33,1.5245797566357215,0.2165,0.07622898783178607,0.7835,0.07622898783178605,0.0,0.0,0.0015000000000000002,0.008572330399888264,4.74,0.46319051646752707,1.98,0.6510287119923236,3.02,0.6510287119923236,0.0,0.0,4.33,1.5245797566357215,4.24,1.484737163421339,15.67,1.5245797566357207,5.0,0.0,20.0,0.0,4.0,0.0,1.0,0.0,0.0,0.0
0,235.0,235.0,100,4.31,1.502153336535471,0.2155,0.07510766682677354,0.7845,0.07510766682677351,0.0,0.0,0.0010000000000000002,0.007035264706814487,4.75,0.4351941398892445,1.98,0.6510287119923236,3.02,0.6510287119923236,0.0,0.0,4.31,1.502153336535471,4.24,1.484737163421339,15.69,1.50215333653547,5.0,0.0,20.0,0.0,4.0,0.0,1.0,0.0,0.0,0.0
0,236.0,236.0,100,4.3,1.5142421513513926,0.215,0.07571210756756963,0.785,0.07571210756756962,0.0,0.0,0.0004999999999999999,0.004999999999999998,4.75,0.4351941398892445,1.97,0.6428314889862843,3.03,0.6428314889862843,0.0,0.0,4.3,1.5142421513513926,4.23,1.4964942196664008,15.7,1.5142421513513922,5.0,0.0,20.0,0.0,4.0,0.0,1.0,0.0,0.0,0.0
0,237.0,237.0,100,4.29,1.5128740459099297,0.2145,0.07564370229549644,0.7855,0.07564370229549647,0.0,0.0,0.0004999999999999999,0.0049999999999999975,4.75,0.4351941398892445,1.97,0.6428314889862843,3.03,0.6428314889862843,0.0,0.0,4.29,1.5128740459099297,4.21,1.4994611826865805,15.71,1.5128740459099295,5.0,0.0,20.0,0.0,4.0,0.0,1.0,0.0,0.0,0.0
0,238.0,238.0,100,4.26,1.4949071793082926,0.213,0.07474535896541465,0.787,0.07474535896541461,0.0,0.0,0.0015000000000000005,0.008572330399888266,4.76,0.42923469599092784,1.95,0.6415731927193978,3.05,0.6415731927193978,0.0,0.0,4.26,1.4949071793082926,4.17,1.4842948875244815,15.74,1.4949071793082926,5.0,0.0,20.0,0.0,4.0,0.0,1.0,0.0,0.0,0.0
0,239.0,239.0,100,4.26,1.4949071793082926,0.213,0.07474535896541465,0.787,0.07474535896541461,0.0,0.0,0.0,0.0,4.76,0.42923469599092784,1.95,0.6415731927193978,3.05,0.6415731927193978,0.0,0.0,4.26,1.4949071793082926,4.16,1.4888135063081798,15.74,1.4949071793082926,5.0,0.0,20.0,0.0,4.0,0.0,1.0,0.0,0.0,0.0
0,240.0,240.0,100,4.26,1.4949071793082926,0.213,0.07474535896541465,0.787,0.07474535896541461,0.0,0.0,0.0,0.0,4.76,0.42923469599092784,1.95,0.6415731927193978,3.05,0.6415731927193978,0.0,0.0,4.26,1.4949071793082926,4.16,1.4888135063081798,15.74,1.4949071793082926,5.0,0.0,20.0,0.0,4.0,0.0,1.0,0.0,0.0,0.0
0,241.0,241.0,100,4.25,1.4999999999999998,0.2125,0.075,0.7875,0.07500000000000002,0.0,0.0,0.0005000000000000001,0.005000000000000001,4.76,0.42923469599092784,1.95,0.6415731927193978,3.05,0.6415731927193978,0.0,0.0,4.25,1.4999999999999998,4.15,1.4864709750264082,15.75,1.5,5.0,0.0,20.0,0.0,4.0,0.0,1.0,0.0,0.0,0.0
0,242.0,242.0,100,4.22,1.4673552102784493,0.21100000000000002,0.07336776051392248,0.789,0.07336776051392249,0.0,0.0,0.0014999999999999996,0.008572330399888263,4.76,0.42923469599092784,1.94,0.6327748733981465,3.06,0.6327748733981465,0.0,0.0,4.22,1.4673552102784493,4.14,1.4908474981118165,15.78,1.4673552102784495,5.0,0.0,20.0,0.0,4.0,0.0,1.0,0.0,0.0,0.0
0,243.0,243.0,100,4.2,1.4702435722070553,0.21,0.07351217861035274,0.79,0.07351217861035275,0.0,0.0,0.001,0.007035264706814483,4.77,0.42295258468165076,1.94,0.6327748733981465,3.06,0.6327748733981465,0.0,0.0,4.2,1.4702435722070553,4.12,1.4790114088386026,15.8,1.470243572207055,5.0,0.0,20.0,0.0,4.0,0.0,1.0,0.0,0.0,0.0
0,244.0,244.0,100,4.2,1.4702435722070553,0.21,0.07351217861035274,0.79,0.07351217861035275,0.0,0.0,0.0,0.0,4.77,0.42295258468165076,1.94,0.6327748733981465,3.06,0.6327748733981465,0.0,0.0,4.2,1.4702435722070553,4.09,1.4777473984877705,15.8,1.470243572207055,5.0,0.0,20.0,0.0,4.0,0.0,1.0,0.0,0.0,0.0
0,245.0,245.0,100,4.18,1.479694208103468,0.209,0.07398471040517339,0.7909999999999999,0.07398471040517339,0.0,0.0,0.001,0.007035264706814484,4.77,0.42295258468165076,1.93,0.6396811074214395,3.07,0.6396811074214395,0.0,0.0,4.18,1.479694208103468,4.06,1.4894918121916139,15.82,1.4796942081034685,5.0,0.0,20.0,0.0,4.0,0.0,1.0,0.0,0.0,0.0
0,246.0,246.0,100,4.17,1.491084616423003,0.20850000000000002,0.07455423082115016,0.7915000000000001,0.07455423082115015,0.0,0.0,0.0004999999999999999,0.0049999999999999975,4.77,0.42295258468165076,1.93,0.6396811074214395,3.07,0.6396811074214395,0.0,0.0,4.17,1.491084616423003,4.05,1.472817680227909,15.83,1.491084616423003,5.0,0.0,20.0,0.0,4.0,0.0,1.0,0.0,0.0,0.0
0,247.0,247.0,100,4.16,1.4888135063081798,0.20800000000000002,0.07444067531540897,0.792,0.07444067531540902,0.0,0.0,0.0004999999999999999,0.0049999999999999975,4.77,0.42295258468165076,1.92,0.63053608744921,3.08,0.63053608744921,0.0,0.0,4.16,1.4888135063081798,4.02,1.435340384787532,15.84,1.4888135063081798,5.0,0.0,20.0,0.0,4.0,0.0,1.0,0.0,0.0,0.0
0,248.0,248.0,100,4.15,1.4864709750264078,0.2075,0.07432354875132037,0.7925,0.07432354875132041,0.0,0.0,0.0004999999999999999,0.004999999999999998,4.77,0.42295258468165076,1.92,0.63053608744921,3.08,0.63053608744921,0.0,0.0,4.15,1.4864709750264078,4.01,1.4319231964054637,15.85,1.4864709750264078,5.0,0.0,20.0,0.0,4.0,0.0,1.0,0.0,0.0,0.0
0,249.0,249.0,100,4.13,1.4883724417136075,0.2065,0.07441862208568036,0.7935,0.07441862208568036,0.0,0.0,0.001,0.0070352647068144866,4.77,0.42295258468165076,1.92,0.63053608744921,3.08,0.63053608744921,0.0,0.0,4.13,1.4883724417136075,4.01,1.4319231964054637,15.87,1.4883724417136073,5.0,0.0,20.0,0.0,4.0,0.0,1.0,0.0,0.0,0.0
0,250.0,250.0,100,4.11,1.46952201395384,0.20550000000000002,0.07347610069769199,0.7945,0.073476100697692,0.0,0.0,0.0009999999999999998,0.007035264706814484,4.77,0.42295258468165076,1.92,0.63053608744921,3.08,0.63053608744921,0.0,0.0,4.11,1.46952201395384,4.0,1.4425006345953821,15.89,1.4695220139538396,5.0,0.0,20.0,0.0,4.0,0.0,1.0,0.0,0.0,0.0
0,251.0,251.0,100,4.09,1.4361494534084023,0.2045,0.0718074726704201,0.7955,0.07180747267042013,0.0,0.0,0.0009999999999999998,0.007035264706814482,4.77,0.42295258468165076,1.92,0.63053608744921,3.08,0.63053608744921,0.0,0.0,4.09,1.4361494534084023,3.98,1.4353403847875317,15.91,1.436149453408402,5.0,0.0,20.0,0.0,4.0,0.0,1.0,0.0,0.0,0.0
0,252.0,252.0,100,4.07,1.4372743564669817,0.20350000000000001,0.07186371782334906,0.7965000000000001,0.07186371782334909,0.0,0.0,0.001,0.007035264706814485,4.77,0.42295258468165076,1.9,0.6276459144608478,3.1,0.6276459144608479,0.0,0.0,4.07,1.4372743564669817,3.97,1.4245679834230232,15.93,1.4372743564669817,5.0,0.0,20.0,0.0,4.0,0.0,1.0,0.0,0.0,0.0
0,253.0,253.0,100,4.04,1.4207694600412333,0.20199999999999999,0.07103847300206168,0.7979999999999999,0.07103847300206169,0.0,0.0,0.0015,0.008572330399888263,4.78,0.41633319989322654,1.9,0.6276459144608478,3.1,0.6276459144608479,0.0,0.0,4.04,1.4207694600412333,3.96,1.4136420474730644,15.96,1.4207694600412333,5.0,0.0,20.0,0.0,4.0,0.0,1.0,0.0,0.0,0.0
0,254.0,254.0,100,4.0,1.4425006345953821,0.2,0.07212503172976911,0.8,0.07212503172976913,0.0,0.0,0.002,0.009847319278346615,4.78,0.41633319989322654,1.88,0.6240953048172606,3.12,0.6240953048172606,0.0,0.0,4.0,1.4425006345953821,3.94,1.4129273287623947,16.0,1.4425006345953824,5.0,0.0,20.0,0.0,4.0,0.0,1.0,0.0,0.0,0.0
0,255.0,255.0,100,3.99,1.4389600621998029,0.19949999999999998,0.07194800310999014,0.8005,0.07194800310999014,0.0,0.0,0.0004999999999999999,0.0049999999999999975,4.78,0.41633319989322654,1.88,0.6240953048172606,3.12,0.6240953048172606,0.0,0.0,3.99,1.4389600621998029,3.94,1.4129273287623947,16.01,1.4389600621998029,5.0,0.0,20.0,0.0,4.0,0.0,1.0,0.0,0.0,0.0
0,256.0,256.0,100,3.99,1.4389600621998029,0.19949999999999998,0.07194800310999014,0.8005,0.07194800310999014,0.0,0.0,0.0,0.0,4.78,0.41633319989322654,1.88,0.6240953048172606,3.12,0.6240953048172606,0.0,0.0,3.99,1.4389600621998029,3.93,1.4160337266998677,16.01,1.4389600621998029,5.0,0.0,20.0,0.0,4.0,0.0,1.0,0.0,0.0,0.0
0,257.0,257.0,100,3.99,1.4389600621998029,0.19949999999999998,0.07194800310999014,0.8005,0.07194800310999014,0.0,0.0,0.0,0.0,4.78,0.41633319989322654,1.88,0.6240953048172606,3.12,0.6240953048172606,0.0,0.0,3.99,1.4389600621998029,3.91,1.393310134648109,16.01,1.4389600621998029,5.0,0.0,20.0,0.0,4.0,0.0,1.0,0.0,0.0,0.0
0,258.0,258.0,100,3.99,1.4389600621998029,0.19949999999999998,0.07194800310999014,0.8005,0.07194800310999014,0.0,0.0,0.0,0.0,4.78,0.41633319989322654,1.88,0.6240953048172606,3.12,0.6240953048172606,0.0,0.0,3.99,1.4389600621998029,3.91,1.393310134648109,16.01,1.4389600621998029,5.0,0.0,20.0,0.0,4.0,0.0,1.0,0.0,0.0,0.0
0,259.0,259.0,100,3.97,1.4245679834230232,0.1985,0.07122839917115117,0.8015000000000001,0.07122839917115115,0.0,0.0,0.0009999999999999998,0.007035264706814482,4.78,0.41633319989322654,1.87,0.6138963160572695,3.13,0.6138963160572695,0.0,0.0,3.97,1.4245679834230232,3.9,1.403458930534474,16.03,1.4245679834230234,5.0,0.0,20.0,0.0,4.0,0.0,1.0,0.0,0.0,0.0
0,260.0,260.0,100,3.95,1.4310764472870758,0.1975,0.07155382236435379,0.8025,0.07155382236435376,0.0,0.0,0.0010000000000000002,0.0070352647068144866,4.78,0.41633319989322654,1.85,0.6092717958449425,3.15,0.6092717958449424,0.0,0.0,3.95,1.4310764472870758,3.9,1.403458930534474,16.05,1.4310764472870752,5.0,0.0,20.0,0.0,4.0,0.0,1.0,0.0,0.0,0.0
0,261.0,261.0,100,3.93,1.4088823566747848,0.19649999999999998,0.07044411783373923,0.8035,0.07044411783373922,0.0,0.0,0.0009999999999999998,0.007035264706814482,4.78,0.41633319989322654,1.85,0.6092717958449425,3.15,0.6092717958449424,0.0,0.0,3.93,1.4088823566747848,3.89,1.3845832250430838,16.07,1.408882356674785,5.0,0.0,20.0,0.0,4.0,0.0,1.0,0.0,0.0,0.0
0,262.0,262.0,100,3.93,1.4088823566747848,0.19649999999999998,0.07044411783373923,0.8035,0.07044411783373922,0.0,0.0,0.0,0.0,4.78,0.41633319989322654,1.85,0.6092717958449425,3.15,0.6092717958449424,0.0,0.0,3.93,1.4088823566747848,3.88,1.3873890892062275,16.07,1.408882356674785,5.0,0.0,20.0,0.0,4.0,0.0,1.0,0.0,0.0,0.0
0,263.0,263.0,100,3.92,1.397544744590066,0.196,0.06987723722950331,0.804,0.0698772372295033,0.0,0.0,0.0004999999999999999,0.004999999999999998,4.79,0.4093601807403323,1.85,0.6092717958449425,3.15,0.6092717958449424,0.0,0.0,3.92,1.397544744590066,3.88,1.3873890892062275,16.08,1.3975447445900664,5.0,0.0,20.0,0.0,4.0,0.0,1.0,0.0,0.0,0.0
0,264.0,264.0,100,3.91,1.393310134648109,0.1955,0.06966550673240546,0.8045,0.06966550673240543,0.0,0.0,0.0004999999999999999,0.004999999999999998,4.8,0.40201512610368473,1.85,0.6092717958449425,3.15,0.6092717958449424,0.0,0.0,3.91,1.393310134648109,3.85,1.4025589888385148,16.09,1.3933101346481092,5.0,0.0,20.0,0.0,4.0,0.0,1.0,0.0,0.0,0.0
0,265.0,265.0,100,3.91,1.393310134648109,0.1955,0.06966550673240546,0.8045,0.06966550673240543,0.0,0.0,0.0,0.0,4.8,0.40201512610368473,1.85,0.6092717958449425,3.15,0.6092717958449424,0.0,0.0,3.91,1.393310134648109,3.84,1.3833059508060221,16.09,1.3933101346481092,5.0,0.0,20.0,0.0,4.0,0.0,1.0,0.0,0.0,0.0
0,266.0,266.0,100,3.9,1.403458930534474,0.195,0.0701729465267237,0.805,0.07017294652672366,0.0,0.0,0.0004999999999999999,0.004999999999999998,4.8,0.40201512610368473,1.84,0.6149648918286459,3.16,0.6149648918286458,0.0,0.0,3.9,1.403458930534474,3.84,1.3833059508060221,16.1,1.4034589305344745,5.0,0.0,20.0,0.0,4.0,0.0,1.0,0.0,0.0,0.0
0,267.0,267.0,100,3.89,1.4062989609882983,0.1945,0.07031494804941495,0.8055,0.0703149480494149,0.0,0.0,0.0005000000000000001,0.005000000000000001,4.8,0.40201512610368473,1.84,0.6149648918286459,3.16,0.6149648918286458,0.0,0.0,3.89,1.4062989609882983,3.83,1.3784415149367095,16.11,1.4062989609882985,5.0,0.0,20.0,0.0,4.0,0.0,1.0,0.0,0.0,0.0
0,268.0,268.0,100,3.87,1.4259853938362568,0.1935,0.07129926969181283,0.8065000000000001,0.07129926969181281,0.0,0.0,0.0009999999999999998,0.007035264706814482,4.8,0.40201512610368473,1.84,0.6149648918286459,3.16,0.6149648918286458,0.0,0.0,3.87,1.4259853938362568,3.82,1.3734863109855324,16.13,1.4259853938362566,5.0,0.0,20.0,0.0,4.0,0.0,1.0,0.0,0.0,0.0
0,269.0,269.0,100,3.86,1.407196510869047,0.193,0.07035982554345234,0.807,0.07035982554345237,0.0,0.0,0.0004999999999999999,0.0049999999999999975,4.8,0.40201512610368473,1.84,0.6149648918286459,3.16,0.6149648918286458,0.0,0.0,3.86,1.407196510869047,3.81,1.3758009604693127,16.14,1.4071965108690472,5.0,0.0,20.0,0.0,4.0,0.0,1.0,0.0,0.0,0.0
0,270.0,270.0,100,3.86,1.407196510869047,0.193,0.07035982554345234,0.807,0.07035982554345237,0.0,0.0,0.0,0.0,4.8,0.40201512610368473,1.84,0.6149648918286459,3.16,0.6149648918286458,0.0,0.0,3.86,1.407196510869047,3.78,1.3749563813099854,16.14,1.4071965108690472,5.0,0.0,20.0,0.0,4.0,0.0,1.0,0.0,0.0,0.0
0,271.0,271.0,100,3.84,1.3833059508060224,0.192,0.06916529754030111,0.8079999999999999,0.06916529754030112,0.0,0.0,0.0009999999999999998,0.007035264706814483,4.81,0.3942772444036625,1.84,0.6149648918286459,3.16,0.6149648918286458,0.0,0.0,3.84,1.3833059508060224,3.78,1.3749563813099854,16.16,1.3833059508060224,5.0,0.0,20.0,0.0,4.0,0.0,1.0,0.0,0.0,0.0
0,272.0,272.0,100,3.84,1.3833059508060224,0.192,0.06916529754030111,0.8079999999999999,0.06916529754030112,0.0,0.0,0.0,0.0,4.81,0.3942772444036625,1.84,0.6149648918286459,3.16,0.6149648918286458,0.0,0.0,3.84,1.3833059508060224,3.74,1.3825755500207393,16.16,1.3833059508060224,5.0,0.0,20.0,0.0,4.0,0.0,1.0,0.0,0.0,0.0
0,273.0,273.0,100,3.83,1.3857499883828364,0.19149999999999998,0.06928749941914181,0.8085,0.06928749941914182,0.0,0.0,0.0005000000000000001,0.005,4.81,0.3942772444036625,1.84,0.6149648918286459,3.16,0.6149648918286458,0.0,0.0,3.83,1.3857499883828364,3.74,1.3825755500207393,16.17,1.3857499883828357,5.0,0.0,20.0,0.0,4.0,0.0,1.0,0.0,0.0,0.0
0,274.0,274.0,100,3.8,1.3780384243517665,0.19,0.06890192121758833,0.81,0.06890192121758835,0.0,0.0,0.0015,0.008572330399888264,4.82,0.3861229196653691,1.83,0.6204429828352441,3.17,0.620442982835244,0.0,0.0,3.8,1.3780384243517665,3.74,1.3825755500207393,16.2,1.3780384243517658,5.0,0.0,20.0,0.0,4.0,0.0,1.0,0.0,0.0,0.0
0,275.0,275.0,100,3.8,1.3780384243517665,0.19,0.06890192121758833,0.81,0.06890192121758835,0.0,0.0,0.0,0.0,4.82,0.3861229196653691,1.83,0.6204429828352441,3.17,0.620442982835244,0.0,0.0,3.8,1.3780384243517665,3.71,1.4019827229875395,16.2,1.3780384243517658,5.0,0.0,20.0,0.0,4.0,0.0,1.0,0.0,0.0,0.0
0,276.0,276.0,100,3.78,1.3822832816420338,0.18899999999999997,0.06911416408210169,0.8109999999999999,0.06911416408210172,0.0,0.0,0.0010000000000000002,0.007035264706814487,4.82,0.3861229196653691,1.82,0.6257117159804118,3.18,0.6257117159804116,0.0,0.0,3.78,1.3822832816420338,3.69,1.397653155627083,16.22,1.3822832816420336,5.0,0.0,20.0,0.0,4.0,0.0,1.0,0.0,0.0,0.0
0,277.0,277.0,100,3.78,1.3822832816420338,0.18899999999999997,0.06911416408210169,0.8109999999999999,0.06911416408210172,0.0,0.0,0.0,0.0,4.82,0.3861229196653691,1.82,0.6257117159804118,3.18,0.6257117159804116,0.0,0.0,3.78,1.3822832816420338,3.67,1.3930201184853903,16.22,1.3822832816420336,5.0,0.0,20.0,0.0,4.0,0.0,1.0,0.0,0.0,0.0
0,278.0,278.0,100,3.76,1.3789177428019925,0.188,0.06894588714009961,0.812,0.06894588714009961,0.0,0.0,0.001,0.007035264706814486,4.83,0.377525168068637,1.82,0.6257117159804118,3.18,0.6257117159804116,0.0,0.0,3.76,1.3789177428019925,3.65,1.3734495390671027,16.24,1.3789177428019932,5.0,0.0,20.0,0.0,4.0,0.0,1.0,0.0,0.0,0.0
0,279.0,279.0,100,3.75,1.3807844352271845,0.1875,0.06903922176135928,0.8125,0.06903922176135928,0.0,0.0,0.0005000000000000001,0.005,4.83,0.377525168068637,1.82,0.6257117159804118,3.18,0.6257117159804116,0.0,0.0,3.75,1.3807844352271845,3.65,1.3734495390671027,16.25,1.3807844352271852,5.0,0.0,20.0,0.0,4.0,0.0,1.0,0.0,0.0,0.0
0,280.0,280.0,100,3.74,1.3898622851625164,0.187,0.06949311425812582,0.813,0.06949311425812583,0.0,0.0,0.0004999999999999999,0.004999999999999998,4.83,0.377525168068637,1.82,0.6257117159804118,3.18,0.6257117159804116,0.0,0.0,3.74,1.3898622851625164,3.61,1.3699148392023013,16.26,1.3898622851625166,5.0,0.0,20.0,0.0,4.0,0.0,1.0,0.0,0.0,0.0
0,281.0,281.0,100,3.73,1.3696198691091577,0.1865,0.06848099345545787,0.8134999999999999,0.06848099345545788,0.0,0.0,0.0004999999999999999,0.0049999999999999975,4.83,0.377525168068637,1.82,0.6257117159804118,3.18,0.6257117159804116,0.0,0.0,3.73,1.3696198691091577,3.61,1.3699148392023013,16.27,1.3696198691091568,5.0,0.0,20.0,0.0,4.0,0.0,1.0,0.0,0.0,0.0
0,282.0,282.0,100,3.72,1.3712782505399992,0.18600000000000003,0.06856391252699995,0.8140000000000001,0.06856391252699996,0.0,0.0,0.0005000000000000001,0.005000000000000002,4.83,0.377525168068637,1.81,0.6145541210314741,3.19,0.6145541210314739,0.0,0.0,3.72,1.3712782505399992,3.59,1.3860415257527858,16.28,1.3712782505399985,5.0,0.0,20.0,0.0,4.0,0.0,1.0,0.0,0.0,0.0
0,283.0,283.0,100,3.7,1.3669992204412076,0.185,0.06834996102206037,0.815,0.06834996102206038,0.0,0.0,0.001,0.007035264706814484,4.83,0.377525168068637,1.81,0.6145541210314741,3.19,0.6145541210314739,0.0,0.0,3.7,1.3669992204412076,3.58,1.3793571918202563,16.3,1.366999220441207,5.0,0.0,20.0,0.0,4.0,0.0,1.0,0.0,0.0,0.0
0,284.0,284.0,100,3.64,1.3818447631680444,0.182,0.06909223815840222,0.818,0.06909223815840225,0.0,0.0,0.003,0.013889898953170715,4.83,0.377525168068637,1.79,0.6243380332784313,3.21,0.6243380332784313,0.0,0.0,3.64,1.3818447631680444,3.55,1.409742436537163,16.36,1.3818447631680442,5.0,0.0,20.0,0.0,4.0,0.0,1.0,0.0,0.0,0.0
0,285.0,285.0,100,3.64,1.3818447631680444,0.182,0.06909223815840222,0.818,0.06909223815840225,0.0,0.0,0.0,0.0,4.83,0.377525168068637,1.79,0.6243380332784313,3.21,0.6243380332784313,0.0,0.0,3.64,1.3818447631680444,3.51,1.4177446878757822,16.36,1.3818447631680442,5.0,0.0,20.0,0.0,4.0,0.0,1.0,0.0,0.0,0.0
0,286.0,286.0,100,3.61,1.3918594495396173,0.1805,0.06959297247698087,0.8195,0.06959297247698087,0.0,0.0,0.0014999999999999996,0.008572330399888263,4.84,0.3684529491774706,1.78,0.6289320754704402,3.22,0.6289320754704403,0.0,0.0,3.61,1.3918594495396173,3.49,1.4248515783063231,16.39,1.3918594495396177,5.0,0.0,20.0,0.0,4.0,0.0,1.0,0.0,0.0,0.0
0,287.0,287.0,100,3.61,1.3918594495396173,0.1805,0.06959297247698087,0.8195,0.06959297247698087,0.0,0.0,0.0,0.0,4.84,0.3684529491774706,1.78,0.6289320754704402,3.22,0.6289320754704403,0.0,0.0,3.61,1.3918594495396173,3.49,1.4248515783063231,16.39,1.3918594495396177,5.0,0.0,20.0,0.0,4.0,0.0,1.0,0.0,0.0,0.0
0,288.0,288.0,100,3.58,1.4011539256028664,0.179,0.07005769628014333,0.821,0.07005769628014333,0.0,0.0,0.0014999999999999996,0.008572330399888263,4.85,0.35887028128263676,1.76,0.63754579950357,3.24,0.6375457995035702,0.0,0.0,3.58,1.4011539256028664,3.49,1.4248515783063231,16.42,1.401153925602866,5.0,0.0,20.0,0.0,4.0,0.0,1.0,0.0,0.0,0.0
0,289.0,289.0,100,3.56,1.4164973160809893,0.17800000000000002,0.07082486580404948,0.8220000000000001,0.07082486580404947,0.0,0.0,0.0009999999999999998,0.007035264706814482,4.85,0.35887028128263676,1.76,0.63754579950357,3.24,0.6375457995035702,0.0,0.0,3.56,1.4164973160809893,3.49,1.4248515783063231,16.44,1.4164973160809895,5.0,0.0,20.0,0.0,4.0,0.0,1.0,0.0,0.0,0.0
0,290.0,290.0,100,3.53,1.4174596710989416,0.1765,0.07087298355494706,0.8234999999999999,0.07087298355494707,0.0,0.0,0.0015,0.011135075167680685,4.85,0.35887028128263676,1.76,0.63754579950357,3.24,0.6375457995035702,0.0,0.0,3.53,1.4174596710989416,3.48,1.4033149786462515,16.47,1.4174596710989418,5.0,0.0,20.0,0.0,4.0,0.0,1.0,0.0,0.0,0.0
0,291.0,291.0,100,3.52,1.4247452368402531,0.17600000000000002,0.07123726184201266,0.8240000000000001,0.07123726184201269,0.0,0.0,0.0004999999999999999,0.004999999999999998,4.85,0.35887028128263676,1.76,0.63754579950357,3.24,0.6375457995035702,0.0,0.0,3.52,1.4247452368402531,3.47,1.388662607829504,16.48,1.4247452368402533,5.0,0.0,20.0,0.0,4.0,0.0,1.0,0.0,0.0,0.0
0,292.0,292.0,100,3.51,1.4319231964054633,0.17550000000000002,0.07159615982027318,0.8245,0.07159615982027322,0.0,0.0,0.0004999999999999999,0.004999999999999998,4.85,0.35887028128263676,1.75,0.625630994607957,3.25,0.625630994607957,0.0,0.0,3.51,1.4319231964054633,3.46,1.3956642819384568,16.49,1.4319231964054637,5.0,0.0,20.0,0.0,4.0,0.0,1.0,0.0,0.0,0.0
0,293.0,293.0,100,3.5,1.4389951600707593,0.175,0.07194975800353796,0.825,0.07194975800353796,0.0,0.0,0.0004999999999999999,0.0049999999999999975,4.85,0.35887028128263676,1.74,0.6133201579612527,3.26,0.6133201579612529,0.0,0.0,3.5,1.4389951600707593,3.46,1.3956642819384568,16.5,1.4389951600707598,5.0,0.0,20.0,0.0,4.0,0.0,1.0,0.0,0.0,0.0
0,294.0,294.0,100,3.49,1.4177446878757824,0.1745,0.07088723439378915,0.8255,0.07088723439378915,0.0,0.0,0.0004999999999999999,0.0049999999999999975,4.85,0.35887028128263676,1.74,0.6133201579612527,3.26,0.6133201579612529,0.0,0.0,3.49,1.4177446878757824,3.45,1.3953385599809451,16.51,1.4177446878757827,5.0,0.0,20.0,0.0,4.0,0.0,1.0,0.0,0.0,0.0
0,295.0,295.0,100,3.48,1.4033149786462515,0.17400000000000002,0.07016574893231259,0.826,0.07016574893231259,0.0,0.0,0.0004999999999999999,0.0049999999999999975,4.86,0.34873508801977704,1.74,0.6133201579612527,3.26,0.6133201579612529,0.0,0.0,3.48,1.4033149786462515,3.44,1.387680282217978,16.52,1.4033149786462518,5.0,0.0,20.0,0.0,4.0,0.0,1.0,0.0,0.0,0.0
0,296.0,296.0,100,3.47,1.4103155317126372,0.17350000000000002,0.07051577658563186,0.8265,0.07051577658563188,0.0,0.0,0.0004999999999999999,0.004999999999999998,4.86,0.34873508801977704,1.74,0.6133201579612527,3.26,0.6133201579612529,0.0,0.0,3.47,1.4103155317126372,3.43,1.3944695961351956,16.53,1.4103155317126372,5.0,0.0,20.0,0.0,4.0,0.0,1.0,0.0,0.0,0.0
0,297.0,297.0,100,3.47,1.4103155317126372,0.17350000000000002,0.07051577658563186,0.8265,0.07051577658563188,0.0,0.0,0.0,0.0,4.86,0.34873508801977704,1.74,0.6133201579612527,3.26,0.6133201579612529,0.0,0.0,3.47,1.4103155317126372,3.41,1.3640033176297814,16.53,1.4103155317126372,5.0,0.0,20.0,0.0,4.0,0.0,1.0,0.0,0.0,0.0
0,298.0,298.0,100,3.46,1.4100648312339503,0.17300000000000001,0.0705032415616975,0.8270000000000001,0.07050324156169753,0.0,0.0,0.0005000000000000001,0.005,4.86,0.34873508801977704,1.73,0.600588936550675,3.27,0.600588936550675,0.0,0.0,3.46,1.4100648312339503,3.39,1.3625214297267572,16.54,1.4100648312339503,5.0,0.0,20.0,0.0,4.0,0.0,1.0,0.0,0.0,0.0
0,299.0,299.0,100,3.45,1.3953385599809451,0.1725,0.06976692799904724,0.8275,0.06976692799904727,0.0,0.0,0.0004999999999999999,0.004999999999999998,4.86,0.34873508801977704,1.72,0.5874099974042876,3.28,0.5874099974042875,0.0,0.0,3.45,1.3953385599809451,3.39,1.3625214297267572,16.55,1.3953385599809451,5.0,0.0,20.0,0.0,4.0,0.0,1.0,0.0,0.0,0.0
0,300.0,300.0,100,3.43,1.3944695961351956,0.17149999999999999,0.06972347980675975,0.8284999999999999,0.06972347980675975,0.0,0.0,0.0009999999999999998,0.007035264706814483,4.86,0.34873508801977704,1.72,0.5874099974042876,3.28,0.5874099974042875,0.0,0.0,3.43,1.3944695961351956,3.38,1.3764248815483737,16.57,1.3944695961351958,5.0,0.0,20.0,0.0,4.0,0.0,1.0,0.0,0.0,0.0
0,301.0,301.0,100,3.42,1.379357191820256,0.171,0.06896785959101279,0.8290000000000001,0.0689678595910128,0.0,0.0,0.0004999999999999999,0.004999999999999998,4.86,0.34873508801977704,1.72,0.5874099974042876,3.28,0.5874099974042875,0.0,0.0,3.42,1.379357191820256,3.34,1.4086314011275005,16.58,1.3793571918202563,5.0,0.0,20.0,0.0,4.0,0.0,1.0,0.0,0.0,0.0
0,302.0,302.0,100,3.41,1.3860415257527858,0.1705,0.06930207628763929,0.8295,0.0693020762876393,0.0,0.0,0.0004999999999999999,0.004999999999999998,4.86,0.34873508801977704,1.72,0.5874099974042876,3.28,0.5874099974042875,0.0,0.0,3.41,1.3860415257527858,3.3,1.3962431555767603,16.59,1.3860415257527865,5.0,0.0,20.0,0.0,4.0,0.0,1.0,0.0,0.0,0.0
0,303.0,303.0,100,3.41,1.3860415257527858,0.1705,0.06930207628763929,0.8295,0.0693020762876393,0.0,0.0,0.0,0.0,4.86,0.34873508801977704,1.72,0.5874099974042876,3.28,0.5874099974042875,0.0,0.0,3.41,1.3860415257527858,3.29,1.3947593109040481,16.59,1.3860415257527865,5.0,0.0,20.0,0.0,4.0,0.0,1.0,0.0,0.0,0.0
0,304.0,304.0,100,3.41,1.3860415257527858,0.1705,0.06930207628763929,0.8295,0.0693020762876393,0.0,0.0,0.0,0.0,4.86,0.34873508801977704,1.72,0.5874099974042876,3.28,0.5874099974042875,0.0,0.0,3.41,1.3860415257527858,3.28,1.3859322064257258,16.59,1.3860415257527865,5.0,0.0,20.0,0.0,4.0,0.0,1.0,0.0,0.0,0.0
0,305.0,305.0,100,3.39,1.3990978334179307,0.16949999999999998,0.06995489167089652,0.8305,0.06995489167089655,0.0,0.0,0.0010000000000000002,0.007035264706814485,4.86,0.34873508801977704,1.72,0.5874099974042876,3.28,0.5874099974042875,0.0,0.0,3.39,1.3990978334179307,3.26,1.3971110163187435,16.61,1.3990978334179307,5.0,0.0,20.0,0.0,4.0,0.0,1.0,0.0,0.0,0.0
0,306.0,306.0,100,3.38,1.3837440062191688,0.16899999999999998,0.06918720031095844,0.831,0.06918720031095843,0.0,0.0,0.0004999999999999999,0.004999999999999998,4.86,0.34873508801977704,1.71,0.5737524894864677,3.29,0.5737524894864676,0.0,0.0,3.38,1.3837440062191688,3.26,1.3971110163187435,16.62,1.3837440062191682,5.0,0.0,20.0,0.0,4.0,0.0,1.0,0.0,0.0,0.0
0,307.0,307.0,100,3.35,1.358660956957105,0.1675,0.06793304784785524,0.8325,0.06793304784785524,0.0,0.0,0.0015,0.008572330399888263,4.87,0.33799766898963124,1.7,0.5773502691896258,3.3,0.5773502691896257,0.0,0.0,3.35,1.358660956957105,3.26,1.3971110163187435,16.65,1.3586609569571049,5.0,0.0,20.0,0.0,4.0,0.0,1.0,0.0,0.0,0.0
0,308.0,308.0,100,3.33,1.3562798197624821,0.16649999999999998,0.06781399098812407,0.8334999999999999,0.06781399098812407,0.0,0.0,0.0009999999999999998,0.007035264706814482,4.87,0.33799766898963124,1.68,0.5663992238766582,3.31,0.5807518637703432,0.01,0.1,3.32,1.3475004919322204,3.25,1.3807844352271852,16.68,1.34750049193222,5.0,0.0,20.0,0.0,4.0,0.0,1.0,0.0,0.0,0.0
0,309.0,309.0,100,3.31,1.383123386770068,0.1655,0.06915616933850341,0.8345,0.06915616933850342,0.0,0.0,0.001,0.007035264706814485,4.87,0.33799766898963124,1.66,0.5724305789148303,3.34,0.5724305789148302,0.0,0.0,3.31,1.383123386770068,3.25,1.3807844352271852,16.69,1.383123386770068,5.0,0.0,20.0,0.0,4.0,0.0,1.0,0.0,0.0,0.0
0,310.0,310.0,100,3.31,1.383123386770068,0.1655,0.06915616933850341,0.8345,0.06915616933850342,0.0,0.0,0.0,0.0,4.87,0.33799766898963124,1.66,0.5724305789148303,3.34,0.5724305789148302,0.0,0.0,3.31,1.383123386770068,3.25,1.3807844352271852,16.69,1.383123386770068,5.0,0.0,20.0,0.0,4.0,0.0,1.0,0.0,0.0,0.0
0,311.0,311.0,100,3.3,1.3962431555767605,0.165,0.06981215777883804,0.835,0.06981215777883804,0.0,0.0,0.0005,0.005,4.87,0.33799766898963124,1.65,0.575159178669767,3.35,0.575159178669767,0.0,0.0,3.3,1.3962431555767605,3.23,1.4060116240162055,16.7,1.3962431555767614,5.0,0.0,20.0,0.0,4.0,0.0,1.0,0.0,0.0,0.0
0,312.0,312.0,100,3.28,1.4076271315281406,0.16399999999999998,0.07038135657640705,0.836,0.07038135657640704,0.0,0.0,0.0010000000000000002,0.007035264706814485,4.88,0.32659863237109066,1.65,0.575159178669767,3.35,0.575159178669767,0.0,0.0,3.28,1.4076271315281406,3.23,1.4060116240162055,16.72,1.407627131528141,5.0,0.0,20.0,0.0,4.0,0.0,1.0,0.0,0.0,0.0
0,313.0,313.0,100,3.27,1.391569131040441,0.1635,0.06957845655202201,0.8365,0.06957845655202202,0.0,0.0,0.0004999999999999999,0.0049999999999999975,4.88,0.32659863237109066,1.64,0.559942276967326,3.36,0.5599422769673259,0.0,0.0,3.27,1.391569131040441,3.21,1.394759310904048,16.73,1.391569131040441,5.0,0.0,20.0,0.0,4.0,0.0,1.0,0.0,0.0,0.0
0,314.0,314.0,100,3.27,1.391569131040441,0.1635,0.06957845655202201,0.8365,0.06957845655202202,0.0,0.0,0.0,0.0,4.88,0.32659863237109066,1.64,0.559942276967326,3.36,0.5599422769673259,0.0,0.0,3.27,1.391569131040441,3.19,1.3904072508557783,16.73,1.391569131040441,5.0,0.0,20.0,0.0,4.0,0.0,1.0,0.0,0.0,0.0
0,315.0,315.0,100,3.25,1.395338559980945,0.1625,0.06976692799904723,0.8375,0.06976692799904728,0.0,0.0,0.001,0.007035264706814485,4.89,0.3144660377352201,1.64,0.559942276967326,3.36,0.5599422769673259,0.0,0.0,3.25,1.395338559980945,3.18,1.3953747550642828,16.75,1.3953385599809447,5.0,0.0,20.0,0.0,4.0,0.0,1.0,0.0,0.0,0.0
0,316.0,316.0,100,3.25,1.395338559980945,0.1625,0.06976692799904723,0.8375,0.06976692799904728,0.0,0.0,0.0,0.0,4.89,0.3144660377352201,1.64,0.559942276967326,3.36,0.5599422769673259,0.0,0.0,3.25,1.395338559980945,3.17,1.3930201184853903,16.75,1.3953385599809447,5.0,0.0,20.0,0.0,4.0,0.0,1.0,0.0,0.0,0.0
0,317.0,317.0,100,3.24,1.3934913640988886,0.162,0.06967456820494443,0.838,0.06967456820494447,0.0,0.0,0.0005000000000000001,0.005,4.89,0.3144660377352201,1.64,0.559942276967326,3.36,0.5599422769673259,0.0,0.0,3.24,1.3934913640988886,3.13,1.3532975066163915,16.76,1.3934913640988889,5.0,0.0,20.0,0.0,4.0,0.0,1.0,0.0,0.0,0.0
0,318.0,318.0,100,3.24,1.3934913640988886,0.162,0.06967456820494443,0.838,0.06967456820494447,0.0,0.0,0.0,0.0,4.89,0.3144660377352201,1.64,0.559942276967326,3.36,0.5599422769673259,0.0,0.0,3.24,1.3934913640988886,3.12,1.3354528608057805,16.76,1.3934913640988889,5.0,0.0,20.0,0.0,4.0,0.0,1.0,0.0,0.0,0.0
0,319.0,319.0,100,3.23,1.3988090172238192,0.16149999999999998,0.06994045086119095,0.8384999999999999,0.06994045086119097,0.0,0.0,0.0004999999999999999,0.0049999999999999975,4.89,0.3144660377352201,1.64,0.559942276967326,3.36,0.5599422769673259,0.0,0.0,3.23,1.3988090172238192,3.12,1.3354528608057805,16.77,1.3988090172238186,5.0,0.0,20.0,0.0,4.0,0.0,1.0,0.0,0.0,0.0
0,320.0,320.0,100,3.22,1.396821789317131,0.161,0.06984108946585656,0.8390000000000001,0.06984108946585657,0.0,0.0,0.0005000000000000001,0.005,4.89,0.3144660377352201,1.63,0.5623723199648312,3.37,0.5623723199648311,0.0,0.0,3.22,1.396821789317131,3.12,1.3354528608057805,16.78,1.3968217893171304,5.0,0.0,20.0,0.0,4.0,0.0,1.0,0.0,0.0,0.0
0,321.0,321.0,100,3.19,1.3904072508557783,0.1595,0.06952036254278893,0.8405,0.06952036254278893,0.0,0.0,0.0014999999999999996,0.008572330399888264,4.89,0.3144660377352201,1.62,0.564613034553648,3.38,0.5646130345536479,0.0,0.0,3.19,1.3904072508557783,3.07,1.335263754068571,16.81,1.3904072508557785,5.0,0.0,20.0,0.0,4.0,0.0,1.0,0.0,0.0,0.0
0,322.0,322.0,100,3.18,1.3881169572009007,0.159,0.06940584786004501,0.841,0.06940584786004503,0.0,0.0,0.0005000000000000001,0.005000000000000001,4.89,0.3144660377352201,1.62,0.564613034553648,3.38,0.5646130345536479,0.0,0.0,3.18,1.3881169572009007,3.06,1.3395310501602546,16.82,1.3881169572009002,5.0,0.0,20.0,0.0,4.0,0.0,1.0,0.0,0.0,0.0
0,323.0,323.0,100,3.16,1.3759844960366863,0.158,0.06879922480183431,0.8420000000000001,0.06879922480183429,0.0,0.0,0.001,0.007035264706814484,4.9,0.30151134457776385,1.62,0.564613034553648,3.38,0.5646130345536479,0.0,0.0,3.16,1.3759844960366863,3.05,1.3437096247164249,16.84,1.3759844960366858,5.0,0.0,20.0,0.0,4.0,0.0,1.0,0.0,0.0,0.0
0,324.0,324.0,100,3.14,1.3708362116576582,0.157,0.0685418105828829,0.843,0.06854181058288289,0.0,0.0,0.0010000000000000002,0.007035264706814487,4.9,0.30151134457776385,1.61,0.5666666666666665,3.39,0.5666666666666668,0.0,0.0,3.14,1.3708362116576582,3.04,1.3552740227598536,16.86,1.3708362116576578,5.0,0.0,20.0,0.0,4.0,0.0,1.0,0.0,0.0,0.0
0,325.0,325.0,100,3.11,1.3476129288711227,0.1555,0.06738064644355612,0.8445,0.06738064644355617,0.0,0.0,0.0015000000000000002,0.008572330399888266,4.9,0.30151134457776385,1.6,0.5685352436149611,3.4,0.5685352436149613,0.0,0.0,3.11,1.3476129288711227,3.02,1.3631514289255682,16.89,1.3476129288711234,5.0,0.0,20.0,0.0,4.0,0.0,1.0,0.0,0.0,0.0
0,326.0,326.0,100,3.11,1.3476129288711227,0.1555,0.06738064644355612,0.8445,0.06738064644355617,0.0,0.0,0.0,0.0,4.9,0.30151134457776385,1.6,0.5685352436149611,3.4,0.5685352436149613,0.0,0.0,3.11,1.3476129288711227,3.02,1.3631514289255682,16.89,1.3476129288711234,5.0,0.0,20.0,0.0,4.0,0.0,1.0,0.0,0.0,0.0
0,327.0,327.0,100,3.08,1.3460004352589086,0.154,0.06730002176294544,0.846,0.06730002176294542,0.0,0.0,0.0014999999999999996,0.008572330399888263,4.91,0.2876234912646615,1.59,0.5702205846437983,3.4,0.5685352436149613,0.01,0.09999999999999999,3.07,1.3503086067019392,3.02,1.3631514289255682,16.93,1.3503086067019392,5.0,0.0,20.0,0.0,4.0,0.0,1.0,0.0,0.0,0.0
0,328.0,328.0,100,3.06,1.3470506503266515,0.153,0.06735253251633257,0.847,0.06735253251633258,0.0,0.0,0.001,0.007035264706814483,4.92,0.2726599243442908,1.58,0.5717243101956456,3.42,0.5717243101956458,0.0,0.0,3.06,1.3470506503266515,3.02,1.3631514289255682,16.94,1.3470506503266515,5.0,0.0,20.0,0.0,4.0,0.0,1.0,0.0,0.0,0.0
0,329.0,329.0,100,3.04,1.3552740227598539,0.152,0.06776370113799267,0.848,0.0677637011379927,0.0,0.0,0.0009999999999999998,0.007035264706814483,4.92,0.2726599243442908,1.57,0.5730478499949533,3.43,0.5730478499949533,0.0,0.0,3.04,1.3552740227598539,3.02,1.3631514289255682,16.96,1.355274022759853,5.0,0.0,20.0,0.0,4.0,0.0,1.0,0.0,0.0,0.0
0,330.0,330.0,100,3.04,1.3552740227598539,0.152,0.06776370113799267,0.848,0.0677637011379927,0.0,0.0,0.0,0.0,4.92,0.2726599243442908,1.57,0.5730478499949533,3.43,0.5730478499949533,0.0,0.0,3.04,1.3552740227598539,3.01,1.3816620060600562,16.96,1.355274022759853,5.0,0.0,20.0,0.0,4.0,0.0,1.0,0.0,0.0,0.0
0,331.0,331.0,100,3.04,1.3552740227598539,0.152,0.06776370113799267,0.848,0.0677637011379927,0.0,0.0,0.0,0.0,4.92,0.2726599243442908,1.57,0.5730478499949533,3.43,0.5730478499949533,0.0,0.0,3.04,1.3552740227598539,3.01,1.3816620060600562,16.96,1.355274022759853,5.0,0.0,20.0,0.0,4.0,0.0,1.0,0.0,0.0,0.0
0,332.0,332.0,100,3.04,1.3552740227598539,0.152,0.06776370113799267,0.848,0.0677637011379927,0.0,0.0,0.0,0.0,4.92,0.2726599243442908,1.57,0.5730478499949533,3.43,0.5730478499949533,0.0,0.0,3.04,1.3552740227598539,3.01,1.3816620060600562,16.96,1.355274022759853,5.0,0.0,20.0,0.0,4.0,0.0,1.0,0.0,0.0,0.0
0,333.0,333.0,100,3.04,1.3552740227598539,0.152,0.06776370113799267,0.848,0.0677637011379927,0.0,0.0,0.0,0.0,4.92,0.2726599243442908,1.57,0.5730478499949533,3.43,0.5730478499949533,0.0,0.0,3.04,1.3552740227598539,3.01,1.3816620060600562,16.96,1.355274022759853,5.0,0.0,20.0,0.0,4.0,0.0,1.0,0.0,0.0,0.0
0,334.0,334.0,100,3.03,1.3740377716714332,0.1515,0.06870188858357164,0.8484999999999999,0.06870188858357167,0.0,0.0,0.0005,0.005,4.92,0.2726599243442908,1.56,0.5915226030330456,3.44,0.5915226030330456,0.0,0.0,3.03,1.3740377716714332,3.01,1.3816620060600562,16.97,1.3740377716714323,5.0,0.0,20.0,0.0,4.0,0.0,1.0,0.0,0.0,0.0
0,335.0,335.0,100,3.02,1.3778918167206957,0.151,0.06889459083603475,0.8490000000000001,0.06889459083603477,0.0,0.0,0.0004999999999999999,0.004999999999999998,4.92,0.2726599243442908,1.56,0.5915226030330456,3.44,0.5915226030330456,0.0,0.0,3.02,1.3778918167206957,3.01,1.3816620060600562,16.98,1.3778918167206946,5.0,0.0,20.0,0.0,4.0,0.0,1.0,0.0,0.0,0.0
0,336.0,336.0,100,3.02,1.3778918167206957,0.151,0.06889459083603475,0.8490000000000001,0.06889459083603477,0.0,0.0,0.0,0.0,4.92,0.2726599243442908,1.56,0.5915226030330456,3.44,0.5915226030330456,0.0,0.0,3.02,1.3778918167206957,3.01,1.3816620060600562,16.98,1.3778918167206946,5.0,0.0,20.0,0.0,4.0,0.0,1.0,0.0,0.0,0.0
0,337.0,337.0,100,3.02,1.3778918167206957,0.151,0.06889459083603475,0.8490000000000001,0.06889459083603477,0.0,0.0,0.0,0.0,4.92,0.2726599243442908,1.56,0.5915226030330456,3.44,0.5915226030330456,0.0,0.0,3.02,1.3778918167206957,3.01,1.3816620060600562,16.98,1.3778918167206946,5.0,0.0,20.0,0.0,4.0,0.0,1.0,0.0,0.0,0.0
0,338.0,338.0,100,3.02,1.3778918167206957,0.151,0.06889459083603475,0.8490000000000001,0.06889459083603477,0.0,0.0,0.0,0.0,4.92,0.2726599243442908,1.56,0.5915226030330456,3.44,0.5915226030330456,0.0,0.0,3.02,1.3778918167206957,2.99,1.388953533849106,16.98,1.3778918167206946,5.0,0.0,20.0,0.0,4.0,0.0,1.0,0.0,0.0,0.0
0,339.0,339.0,100,3.01,1.3816620060600562,0.1505,0.06908310030300283,0.8495,0.06908310030300284,0.0,0.0,0.0004999999999999999,0.004999999999999997,4.92,0.2726599243442908,1.55,0.592461054424762,3.45,0.5924610544247622,0.0,0.0,3.01,1.3816620060600562,2.98,1.3924761753760453,16.99,1.3816620060600557,5.0,0.0,20.0,0.0,4.0,0.0,1.0,0.0,0.0,0.0
0,340.0,340.0,100,3.01,1.3816620060600562,0.1505,0.06908310030300283,0.8495,0.06908310030300284,0.0,0.0,0.0,0.0,4.92,0.2726599243442908,1.55,0.592461054424762,3.45,0.5924610544247622,0.0,0.0,3.01,1.3816620060600562,2.97,1.3886626078295037,16.99,1.3816620060600557,5.0,0.0,20.0,0.0,4.0,0.0,1.0,0.0,0.0,0.0
0,341.0,341.0,100,3.01,1.3816620060600562,0.1505,0.06908310030300283,0.8495,0.06908310030300284,0.0,0.0,0.0,0.0,4.92,0.2726599243442908,1.55,0.592461054424762,3.45,0.5924610544247622,0.0,0.0,3.01,1.3816620060600562,2.97,1.3886626078295037,16.99,1.3816620060600557,5.0,0.0,20.0,0.0,4.0,0.0,1.0,0.0,0.0,0.0
0,342.0,342.0,100,3.0,1.3853490243227227,0.15,0.06926745121613612,0.85,0.06926745121613614,0.0,0.0,0.0004999999999999999,0.004999999999999998,4.92,0.2726599243442908,1.55,0.592461054424762,3.45,0.5924610544247622,0.0,0.0,3.0,1.3853490243227227,2.97,1.3886626078295037,17.0,1.3853490243227222,5.0,0.0,20.0,0.0,4.0,0.0,1.0,0.0,0.0,0.0
0,343.0,343.0,100,3.0,1.3853490243227227,0.15,0.06926745121613612,0.85,0.06926745121613614,0.0,0.0,0.0,0.0,4.92,0.2726599243442908,1.55,0.592461054424762,3.45,0.5924610544247622,0.0,0.0,3.0,1.3853490243227227,2.97,1.3886626078295037,17.0,1.3853490243227222,5.0,0.0,20.0,0.0,4.0,0.0,1.0,0.0,0.0,0.0
0,344.0,344.0,100,3.0,1.3853490243227227,0.15,0.06926745121613612,0.85,0.06926745121613614,0.0,0.0,0.0,0.0,4.92,0.2726599243442908,1.55,0.592461054424762,3.45,0.5924610544247622,0.0,0.0,3.0,1.3853490243227227,2.97,1.3886626078295037,17.0,1.3853490243227222,5.0,0.0,20.0,0.0,4.0,0.0,1.0,0.0,0.0,0.0
0,345.0,345.0,100,2.99,1.3889535338491057,0.1495,0.06944767669245529,0.8504999999999999,0.06944767669245529,0.0,0.0,0.0004999999999999999,0.0049999999999999975,4.92,0.2726599243442908,1.55,0.592461054424762,3.45,0.5924610544247622,0.0,0.0,2.99,1.3889535338491057,2.97,1.3886626078295037,17.01,1.3889535338491061,5.0,0.0,20.0,0.0,4.0,0.0,1.0,0.0,0.0,0.0
0,346.0,346.0,100,2.99,1.3889535338491057,0.1495,0.06944767669245529,0.8504999999999999,0.06944767669245529,0.0,0.0,0.0,0.0,4.92,0.2726599243442908,1.55,0.592461054424762,3.45,0.5924610544247622,0.0,0.0,2.99,1.3889535338491057,2.97,1.3886626078295037,17.01,1.3889535338491061,5.0,0.0,20.0,0.0,4.0,0.0,1.0,0.0,0.0,0.0
0,347.0,347.0,100,2.99,1.3889535338491057,0.1495,0.06944767669245529,0.8504999999999999,0.06944767669245529,0.0,0.0,0.0,0.0,4.92,0.2726599243442908,1.55,0.592461054424762,3.45,0.5924610544247622,0.0,0.0,2.99,1.3889535338491057,2.97,1.3886626078295037,17.01,1.3889535338491061,5.0,0.0,20.0,0.0,4.0,0.0,1.0,0.0,0.0,0.0
0,348.0,348.0,100,2.98,1.3924761753760453,0.149,0.06962380876880227,0.851,0.06962380876880228,0.0,0.0,0.0004999999999999999,0.004999999999999998,4.92,0.2726599243442908,1.55,0.592461054424762,3.45,0.5924610544247622,0.0,0.0,2.98,1.3924761753760453,2.97,1.3886626078295037,17.02,1.3924761753760457,5.0,0.0,20.0,0.0,4.0,0.0,1.0,0.0,0.0,0.0
0,349.0,349.0,100,2.98,1.3924761753760453,0.149,0.06962380876880227,0.851,0.06962380876880228,0.0,0.0,0.0,0.0,4.92,0.2726599243442908,1.55,0.592461054424762,3.45,0.5924610544247622,0.0,0.0,2.98,1.3924761753760453,2.97,1.3886626078295037,17.02,1.3924761753760457,5.0,0.0,20.0,0.0,4.0,0.0,1.0,0.0,0.0,0.0
0,350.0,350.0,100,2.97,1.3886626078295037,0.1485,0.06943313039147518,0.8515,0.0694331303914752,0.0,0.0,0.0005000000000000001,0.005000000000000001,4.93,0.2564323999762427,1.55,0.592461054424762,3.45,0.5924610544247622,0.0,0.0,2.97,1.3886626078295037,2.96,1.3920408678547398,17.03,1.3886626078295041,5.0,0.0,20.0,0.0,4.0,0.0,1.0,0.0,0.0,0.0
0,351.0,351.0,100,2.97,1.3886626078295037,0.1485,0.06943313039147518,0.8515,0.0694331303914752,0.0,0.0,0.0,0.0,4.93,0.2564323999762427,1.55,0.592461054424762,3.45,0.5924610544247622,0.0,0.0,2.97,1.3886626078295037,2.93,1.3944695961351952,17.03,1.3886626078295041,5.0,0.0,20.0,0.0,4.0,0.0,1.0,0.0,0.0,0.0
0,352.0,352.0,100,2.97,1.3886626078295037,0.1485,0.06943313039147518,0.8515,0.0694331303914752,0.0,0.0,0.0,0.0,4.93,0.2564323999762427,1.55,0.592461054424762,3.45,0.5924610544247622,0.0,0.0,2.97,1.3886626078295037,2.93,1.3944695961351952,17.03,1.3886626078295041,5.0,0.0,20.0,0.0,4.0,0.0,1.0,0.0,0.0,0.0
0,353.0,353.0,100,2.97,1.3886626078295037,0.1485,0.06943313039147518,0.8515,0.0694331303914752,0.0,0.0,0.0,0.0,4.93,0.2564323999762427,1.55,0.592461054424762,3.45,0.5924610544247622,0.0,0.0,2.97,1.3886626078295037,2.93,1.3944695961351952,17.03,1.3886626078295041,5.0,0.0,20.0,0.0,4.0,0.0,1.0,0.0,0.0,0.0
0,354.0,354.0,100,2.96,1.3920408678547398,0.14800000000000002,0.06960204339273698,0.852,0.069602043392737,0.0,0.0,0.0004999999999999999,0.0049999999999999975,4.93,0.2564323999762427,1.54,0.5932277740625365,3.46,0.5932277740625365,0.0,0.0,2.96,1.3920408678547398,2.93,1.3944695961351952,17.04,1.3920408678547405,5.0,0.0,20.0,0.0,4.0,0.0,1.0,0.0,0.0,0.0
0,355.0,355.0,100,2.94,1.3840359661351125,0.147,0.06920179830675563,0.853,0.06920179830675564,0.0,0.0,0.0009999999999999998,0.007035264706814483,4.93,0.2564323999762427,1.53,0.5938234271450248,3.47,0.5938234271450248,0.0,0.0,2.94,1.3840359661351125,2.92,1.3830138367808447,17.06,1.3840359661351131,5.0,0.0,20.0,0.0,4.0,0.0,1.0,0.0,0.0,0.0
0,356.0,356.0,100,2.94,1.3840359661351125,0.147,0.06920179830675563,0.853,0.06920179830675564,0.0,0.0,0.0,0.0,4.93,0.2564323999762427,1.53,0.5938234271450248,3.47,0.5938234271450248,0.0,0.0,2.94,1.3840359661351125,2.91,1.3860415257527863,17.06,1.3840359661351131,5.0,0.0,20.0,0.0,4.0,0.0,1.0,0.0,0.0,0.0
0,357.0,357.0,100,2.94,1.3840359661351125,0.147,0.06920179830675563,0.853,0.06920179830675564,0.0,0.0,0.0,0.0,4.93,0.2564323999762427,1.53,0.5938234271450248,3.47,0.5938234271450248,0.0,0.0,2.94,1.3840359661351125,2.9,1.3889898953170718,17.06,1.3840359661351131,5.0,0.0,20.0,0.0,4.0,0.0,1.0,0.0,0.0,0.0
0,358.0,358.0,100,2.93,1.3944695961351952,0.1465,0.06972347980675976,0.8534999999999999,0.06972347980675977,0.0,0.0,0.0005,0.004999999999999998,4.93,0.2564323999762427,1.53,0.5938234271450248,3.47,0.5938234271450248,0.0,0.0,2.93,1.3944695961351952,2.88,1.3727506854649336,17.07,1.3944695961351954,5.0,0.0,20.0,0.0,4.0,0.0,1.0,0.0,0.0,0.0
0,359.0,359.0,100,2.93,1.3944695961351952,0.1465,0.06972347980675976,0.8534999999999999,0.06972347980675977,0.0,0.0,0.0,0.0,4.93,0.2564323999762427,1.53,0.5938234271450248,3.47,0.5938234271450248,0.0,0.0,2.93,1.3944695961351952,2.87,1.360741034001754,17.07,1.3944695961351954,5.0,0.0,20.0,0.0,4.0,0.0,1.0,0.0,0.0,0.0
0,360.0,360.0,100,2.92,1.3975447445900662,0.146,0.06987723722950331,0.8540000000000001,0.06987723722950333,0.0,0.0,0.0004999999999999999,0.0049999999999999975,4.93,0.2564323999762427,1.53,0.5938234271450248,3.47,0.5938234271450248,0.0,0.0,2.92,1.3975447445900662,2.85,1.343709624716425,17.08,1.397544744590066,5.0,0.0,20.0,0.0,4.0,0.0,1.0,0.0,0.0,0.0
0,361.0,361.0,100,2.92,1.3975447445900662,0.146,0.06987723722950331,0.8540000000000001,0.06987723722950333,0.0,0.0,0.0,0.0,4.93,0.2564323999762427,1.53,0.5938234271450248,3.47,0.5938234271450248,0.0,0.0,2.92,1.3975447445900662,2.85,1.343709624716425,17.08,1.397544744590066,5.0,0.0,20.0,0.0,4.0,0.0,1.0,0.0,0.0,0.0
0,362.0,362.0,100,2.91,1.393310134648109,0.14550000000000002,0.06966550673240546,0.8545,0.06966550673240546,0.0,0.0,0.0005000000000000001,0.005000000000000002,4.93,0.2564323999762427,1.53,0.5938234271450248,3.47,0.5938234271450248,0.0,0.0,2.91,1.393310134648109,2.83,1.3413019455331112,17.09,1.3933101346481085,5.0,0.0,20.0,0.0,4.0,0.0,1.0,0.0,0.0,0.0
0,363.0,363.0,100,2.9,1.3816985594155147,0.145,0.06908492797077576,0.855,0.06908492797077576,0.0,0.0,0.0004999999999999999,0.0049999999999999975,4.93,0.2564323999762427,1.53,0.5938234271450248,3.47,0.5938234271450248,0.0,0.0,2.9,1.3816985594155147,2.82,1.3512433481274144,17.1,1.3816985594155144,5.0,0.0,20.0,0.0,4.0,0.0,1.0,0.0,0.0,0.0
0,364.0,364.0,100,2.86,1.341038343368242,0.14300000000000002,0.06705191716841206,0.857,0.06705191716841208,0.0,0.0,0.002,0.009847319278346619,4.93,0.2564323999762427,1.5,0.5773502691896257,3.5,0.5773502691896255,0.0,0.0,2.86,1.341038343368242,2.82,1.3512433481274144,17.14,1.3410383433682418,5.0,0.0,20.0,0.0,4.0,0.0,1.0,0.0,0.0,0.0
0,365.0,365.0,100,2.85,1.343709624716425,0.1425,0.06718548123582126,0.8575,0.06718548123582124,0.0,0.0,0.0004999999999999999,0.0049999999999999975,4.93,0.2564323999762427,1.49,0.5772627852480388,3.51,0.5772627852480389,0.0,0.0,2.85,1.343709624716425,2.81,1.3310207217080285,17.15,1.3437096247164249,5.0,0.0,20.0,0.0,4.0,0.0,1.0,0.0,0.0,0.0
0,366.0,366.0,100,2.84,1.346300580303393,0.142,0.06731502901516966,0.858,0.06731502901516964,0.0,0.0,0.0004999999999999999,0.004999999999999998,4.93,0.2564323999762427,1.49,0.5772627852480388,3.51,0.5772627852480389,0.0,0.0,2.84,1.346300580303393,2.8,1.3408876902931868,17.16,1.346300580303393,5.0,0.0,20.0,0.0,4.0,0.0,1.0,0.0,0.0,0.0
0,367.0,367.0,100,2.83,1.3562798197624817,0.14150000000000001,0.06781399098812409,0.8584999999999999,0.06781399098812407,0.0,0.0,0.0005,0.004999999999999998,4.93,0.2564323999762427,1.49,0.5772627852480388,3.51,0.5772627852480389,0.0,0.0,2.83,1.3562798197624817,2.79,1.3506077943435002,17.17,1.3562798197624821,5.0,0.0,20.0,0.0,4.0,0.0,1.0,0.0,0.0,0.0
0,368.0,368.0,100,2.83,1.3562798197624817,0.14150000000000001,0.06781399098812409,0.8584999999999999,0.06781399098812407,0.0,0.0,0.0,0.0,4.93,0.2564323999762427,1.49,0.5772627852480388,3.51,0.5772627852480389,0.0,0.0,2.83,1.3562798197624817,2.78,1.367590227481547,17.17,1.3562798197624821,5.0,0.0,20.0,0.0,4.0,0.0,1.0,0.0,0.0,0.0
0,369.0,369.0,100,2.82,1.336209020121682,0.141,0.0668104510060841,0.8590000000000001,0.0668104510060841,0.0,0.0,0.0004999999999999999,0.004999999999999998,4.93,0.2564323999762427,1.49,0.5772627852480388,3.51,0.5772627852480389,0.0,0.0,2.82,1.336209020121682,2.78,1.367590227481547,17.18,1.3362090201216825,5.0,0.0,20.0,0.0,4.0,0.0,1.0,0.0,0.0,0.0
0,370.0,370.0,100,2.82,1.336209020121682,0.141,0.0668104510060841,0.8590000000000001,0.0668104510060841,0.0,0.0,0.0,0.0,4.93,0.2564323999762427,1.49,0.5772627852480388,3.51,0.5772627852480389,0.0,0.0,2.82,1.336209020121682,2.77,1.3769751653753985,17.18,1.3362090201216825,5.0,0.0,20.0,0.0,4.0,0.0,1.0,0.0,0.0,0.0
0,371.0,371.0,100,2.82,1.336209020121682,0.141,0.0668104510060841,0.8590000000000001,0.0668104510060841,0.0,0.0,0.0,0.0,4.93,0.2564323999762427,1.49,0.5772627852480388,3.51,0.5772627852480389,0.0,0.0,2.82,1.336209020121682,2.77,1.3769751653753985,17.18,1.3362090201216825,5.0,0.0,20.0,0.0,4.0,0.0,1.0,0.0,0.0,0.0
0,372.0,372.0,100,2.81,1.3310207217080285,0.1405,0.06655103608540143,0.8595,0.06655103608540143,0.0,0.0,0.0005000000000000001,0.005000000000000001,4.93,0.2564323999762427,1.49,0.5772627852480388,3.51,0.5772627852480389,0.0,0.0,2.81,1.3310207217080285,2.77,1.3769751653753985,17.19,1.3310207217080288,5.0,0.0,20.0,0.0,4.0,0.0,1.0,0.0,0.0,0.0
0,373.0,373.0,100,2.81,1.3310207217080285,0.1405,0.06655103608540143,0.8595,0.06655103608540143,0.0,0.0,0.0,0.0,4.93,0.2564323999762427,1.49,0.5772627852480388,3.51,0.5772627852480389,0.0,0.0,2.81,1.3310207217080285,2.77,1.3769751653753985,17.19,1.3310207217080288,5.0,0.0,20.0,0.0,4.0,0.0,1.0,0.0,0.0,0.0
0,374.0,374.0,100,2.79,1.3506077943434998,0.1395,0.06753038971717501,0.8604999999999999,0.06753038971717502,0.0,0.0,0.001,0.007035264706814485,4.93,0.2564323999762427,1.48,0.577000253838153,3.52,0.5770002538381531,0.0,0.0,2.79,1.3506077943434998,2.77,1.3769751653753985,17.21,1.3506077943435,5.0,0.0,20.0,0.0,4.0,0.0,1.0,0.0,0.0,0.0
0,375.0,375.0,100,2.79,1.3506077943434998,0.1395,0.06753038971717501,0.8604999999999999,0.06753038971717502,0.0,0.0,0.0,0.0,4.93,0.2564323999762427,1.48,0.577000253838153,3.52,0.5770002538381531,0.0,0.0,2.79,1.3506077943434998,2.76,1.3715728639821223,17.21,1.3506077943435,5.0,0.0,20.0,0.0,4.0,0.0,1.0,0.0,0.0,0.0
0,376.0,376.0,100,2.79,1.3506077943434998,0.1395,0.06753038971717501,0.8604999999999999,0.06753038971717502,0.0,0.0,0.0,0.0,4.93,0.2564323999762427,1.48,0.577000253838153,3.52,0.5770002538381531,0.0,0.0,2.79,1.3506077943434998,2.74,1.3604811982931226,17.21,1.3506077943435,5.0,0.0,20.0,0.0,4.0,0.0,1.0,0.0,0.0,0.0
0,377.0,377.0,100,2.78,1.360184182418326,0.139,0.0680092091209163,0.861,0.06800920912091629,0.0,0.0,0.0005,0.004999999999999998,4.93,0.2564323999762427,1.47,0.5765624358421579,3.53,0.5765624358421578,0.0,0.0,2.78,1.360184182418326,2.73,1.369619869109158,17.22,1.360184182418326,5.0,0.0,20.0,0.0,4.0,0.0,1.0,0.0,0.0,0.0
0,378.0,378.0,100,2.78,1.360184182418326,0.139,0.0680092091209163,0.861,0.06800920912091629,0.0,0.0,0.0,0.0,4.93,0.2564323999762427,1.47,0.5765624358421579,3.52,0.5770002538381531,0.01,0.09999999999999998,2.77,1.3769751653753985,2.72,1.3859322064257258,17.23,1.376975165375398,5.0,0.0,20.0,0.0,4.0,0.0,1.0,0.0,0.0,0.0
0,379.0,379.0,100,2.78,1.360184182418326,0.139,0.0680092091209163,0.861,0.06800920912091629,0.0,0.0,0.0,0.0,4.93,0.2564323999762427,1.47,0.5765624358421579,3.53,0.5765624358421578,0.0,0.0,2.78,1.360184182418326,2.72,1.3859322064257258,17.22,1.360184182418326,5.0,0.0,20.0,0.0,4.0,0.0,1.0,0.0,0.0,0.0
0,380.0,380.0,100,2.77,1.3622248586986532,0.13849999999999998,0.06811124293493263,0.8615,0.06811124293493265,0.0,0.0,0.0004999999999999999,0.0049999999999999975,4.93,0.2564323999762427,1.46,0.5759489315183869,3.54,0.5759489315183871,0.0,0.0,2.77,1.3622248586986532,2.72,1.3859322064257258,17.23,1.3622248586986527,5.0,0.0,20.0,0.0,4.0,0.0,1.0,0.0,0.0,0.0
0,381.0,381.0,100,2.76,1.3715728639821225,0.138,0.06857864319910609,0.862,0.0685786431991061,0.0,0.0,0.0005,0.005,4.93,0.2564323999762427,1.46,0.5759489315183869,3.54,0.5759489315183871,0.0,0.0,2.76,1.3715728639821225,2.72,1.3786246989685267,17.24,1.371572863982122,5.0,0.0,20.0,0.0,4.0,0.0,1.0,0.0,0.0,0.0
0,382.0,382.0,100,2.76,1.3715728639821225,0.138,0.06857864319910609,0.862,0.0685786431991061,0.0,0.0,0.0,0.0,4.93,0.2564323999762427,1.46,0.5759489315183869,3.54,0.5759489315183871,0.0,0.0,2.76,1.3715728639821225,2.72,1.3786246989685267,17.24,1.371572863982122,5.0,0.0,20.0,0.0,4.0,0.0,1.0,0.0,0.0,0.0
0,383.0,383.0,100,2.76,1.3715728639821225,0.138,0.06857864319910609,0.862,0.0685786431991061,0.0,0.0,0.0,0.0,4.93,0.2564323999762427,1.46,0.5759489315183869,3.54,0.5759489315183871,0.0,0.0,2.76,1.3715728639821225,2.7,1.3743685418725535,17.24,1.371572863982122,5.0,0.0,20.0,0.0,4.0,0.0,1.0,0.0,0.0,0.0
0,384.0,384.0,100,2.75,1.3660752600649853,0.1375,0.06830376300324922,0.8625,0.06830376300324924,0.0,0.0,0.0005000000000000001,0.005000000000000002,4.93,0.2564323999762427,1.45,0.5751591786697667,3.55,0.5751591786697668,0.0,0.0,2.75,1.3660752600649853,2.7,1.3743685418725535,17.25,1.3660752600649846,5.0,0.0,20.0,0.0,4.0,0.0,1.0,0.0,0.0,0.0
0,385.0,385.0,100,2.73,1.3622248586986532,0.1365,0.06811124293493265,0.8634999999999999,0.06811124293493263,0.0,0.0,0.001,0.007035264706814483,4.93,0.2564323999762427,1.45,0.5751591786697667,3.55,0.5751591786697668,0.0,0.0,2.73,1.3622248586986532,2.69,1.3684393529222485,17.27,1.3622248586986534,5.0,0.0,20.0,0.0,4.0,0.0,1.0,0.0,0.0,0.0
0,386.0,386.0,100,2.73,1.3622248586986532,0.1365,0.06811124293493265,0.8634999999999999,0.06811124293493263,0.0,0.0,0.0,0.0,4.93,0.2564323999762427,1.45,0.5751591786697667,3.55,0.5751591786697668,0.0,0.0,2.73,1.3622248586986532,2.69,1.3684393529222485,17.27,1.3622248586986534,5.0,0.0,20.0,0.0,4.0,0.0,1.0,0.0,0.0,0.0
0,387.0,387.0,100,2.7,1.3743685418725535,0.135,0.06871842709362767,0.865,0.06871842709362769,0.0,0.0,0.0015000000000000002,0.008572330399888263,4.93,0.2564323999762427,1.43,0.5904116009919338,3.57,0.5904116009919339,0.0,0.0,2.7,1.3743685418725535,2.69,1.3684393529222485,17.3,1.3743685418725533,5.0,0.0,20.0,0.0,4.0,0.0,1.0,0.0,0.0,0.0
0,388.0,388.0,100,2.7,1.3743685418725535,0.135,0.06871842709362767,0.865,0.06871842709362769,0.0,0.0,0.0,0.0,4.93,0.2564323999762427,1.43,0.5904116009919338,3.57,0.5904116009919339,0.0,0.0,2.7,1.3743685418725535,2.69,1.3684393529222485,17.3,1.3743685418725533,5.0,0.0,20.0,0.0,4.0,0.0,1.0,0.0,0.0,0.0
0,389.0,389.0,100,2.69,1.3684393529222485,0.1345,0.06842196764611243,0.8654999999999999,0.06842196764611241,0.0,0.0,0.0005000000000000001,0.005,4.93,0.2564323999762427,1.43,0.5904116009919338,3.57,0.5904116009919339,0.0,0.0,2.69,1.3684393529222485,2.69,1.3684393529222485,17.31,1.368439352922249,5.0,0.0,20.0,0.0,4.0,0.0,1.0,0.0,0.0,0.0
0,390.0,390.0,100,2.69,1.3684393529222485,0.1345,0.06842196764611243,0.8654999999999999,0.06842196764611241,0.0,0.0,0.0,0.0,4.93,0.2564323999762427,1.43,0.5904116009919338,3.57,0.5904116009919339,0.0,0.0,2.69,1.3684393529222485,2.69,1.3684393529222485,17.31,1.368439352922249,5.0,0.0,20.0,0.0,4.0,0.0,1.0,0.0,0.0,0.0
0,391.0,391.0,100,2.69,1.3684393529222485,0.1345,0.06842196764611243,0.8654999999999999,0.06842196764611241,0.0,0.0,0.0,0.0,4.93,0.2564323999762427,1.43,0.5904116009919338,3.57,0.5904116009919339,0.0,0.0,2.69,1.3684393529222485,2.69,1.3684393529222485,17.31,1.368439352922249,5.0,0.0,20.0,0.0,4.0,0.0,1.0,0.0,0.0,0.0
0,392.0,392.0,100,2.69,1.3684393529222485,0.1345,0.06842196764611243,0.8654999999999999,0.06842196764611241,0.0,0.0,0.0,0.0,4.93,0.2564323999762427,1.43,0.5904116009919338,3.57,0.5904116009919339,0.0,0.0,2.69,1.3684393529222485,2.69,1.3684393529222485,17.31,1.368439352922249,5.0,0.0,20.0,0.0,4.0,0.0,1.0,0.0,0.0,0.0
0,393.0,393.0,100,2.69,1.3684393529222485,0.1345,0.06842196764611243,0.8654999999999999,0.06842196764611241,0.0,0.0,0.0,0.0,4.93,0.2564323999762427,1.43,0.5904116009919338,3.57,0.5904116009919339,0.0,0.0,2.69,1.3684393529222485,2.69,1.3684393529222485,17.31,1.368439352922249,5.0,0.0,20.0,0.0,4.0,0.0,1.0,0.0,0.0,0.0
0,394.0,394.0,100,2.69,1.3684393529222485,0.1345,0.06842196764611243,0.8654999999999999,0.06842196764611241,0.0,0.0,0.0,0.0,4.93,0.2564323999762427,1.43,0.5904116009919338,3.57,0.5904116009919339,0.0,0.0,2.69,1.3684393529222485,2.69,1.3684393529222485,17.31,1.368439352922249,5.0,0.0,20.0,0.0,4.0,0.0,1.0,0.0,0.0,0.0
0,395.0,395.0,100,2.69,1.3684393529222485,0.1345,0.06842196764611243,0.8654999999999999,0.06842196764611241,0.0,0.0,0.0,0.0,4.93,0.2564323999762427,1.43,0.5904116009919338,3.57,0.5904116009919339,0.0,0.0,2.69,1.3684393529222485,2.68,1.3624102231566002,17.31,1.368439352922249,5.0,0.0,20.0,0.0,4.0,0.0,1.0,0.0,0.0,0.0
0,396.0,396.0,100,2.69,1.3684393529222485,0.1345,0.06842196764611243,0.8654999999999999,0.06842196764611241,0.0,0.0,0.0,0.0,4.93,0.2564323999762427,1.43,0.5904116009919338,3.57,0.5904116009919339,0.0,0.0,2.69,1.3684393529222485,2.68,1.3624102231566002,17.31,1.368439352922249,5.0,0.0,20.0,0.0,4.0,0.0,1.0,0.0,0.0,0.0
0,397.0,397.0,100,2.69,1.3684393529222485,0.1345,0.06842196764611243,0.8654999999999999,0.06842196764611241,0.0,0.0,0.0,0.0,4.93,0.2564323999762427,1.43,0.5904116009919338,3.57,0.5904116009919339,0.0,0.0,2.69,1.3684393529222485,2.67,1.36370706887402,17.31,1.368439352922249,5.0,0.0,20.0,0.0,4.0,0.0,1.0,0.0,0.0,0.0
0,398.0,398.0,100,2.69,1.3684393529222485,0.1345,0.06842196764611243,0.8654999999999999,0.06842196764611241,0.0,0.0,0.0,0.0,4.93,0.2564323999762427,1.43,0.5904116009919338,3.57,0.5904116009919339,0.0,0.0,2.69,1.3684393529222485,2.67,1.36370706887402,17.31,1.368439352922249,5.0,0.0,20.0,0.0,4.0,0.0,1.0,0.0,0.0,0.0
0,399.0,399.0,100,2.69,1.3684393529222485,0.1345,0.06842196764611243,0.8654999999999999,0.06842196764611241,0.0,0.0,0.0,0.0,4.93,0.2564323999762427,1.43,0.5904116009919338,3.57,0.5904116009919339,0.0,0.0,2.69,1.3684393529222485,2.65,1.3586609569571046,17.31,1.368439352922249,5.0,0.0,20.0,0.0,4.0,0.0,1.0,0.0,0.0,0.0
0,400.0,400.0,100,2.68,1.3624102231566002,0.134,0.06812051115783,0.866,0.06812051115783,0.0,0.0,0.0005000000000000001,0.005000000000000001,4.93,0.2564323999762427,1.42,0.5891270720911634,3.58,0.5891270720911634,0.0,0.0,2.68,1.3624102231566002,2.63,1.3681440647162062,17.32,1.3624102231566,5.0,0.0,20.0,0.0,4.0,0.0,1.0,0.0,0.0,0.0
0,401.0,401.0,100,2.68,1.3624102231566002,0.134,0.06812051115783,0.866,0.06812051115783,0.0,0.0,0.0,0.0,4.93,0.2564323999762427,1.42,0.5891270720911634,3.58,0.5891270720911634,0.0,0.0,2.68,1.3624102231566002,2.61,1.3918594495396173,17.32,1.3624102231566,5.0,0.0,20.0,0.0,4.0,0.0,1.0,0.0,0.0,0.0
0,402.0,402.0,100,2.68,1.3624102231566002,0.134,0.06812051115783,0.866,0.06812051115783,0.0,0.0,0.0,0.0,4.93,0.2564323999762427,1.42,0.5891270720911634,3.58,0.5891270720911634,0.0,0.0,2.68,1.3624102231566002,2.59,1.3933101346481092,17.32,1.3624102231566,5.0,0.0,20.0,0.0,4.0,0.0,1.0,0.0,0.0,0.0
0,403.0,403.0,100,2.66,1.3575081151979476,0.133,0.06787540575989734,0.867,0.06787540575989735,0.0,0.0,0.001,0.007035264706814485,4.93,0.2564323999762427,1.42,0.5891270720911634,3.58,0.5891270720911634,0.0,0.0,2.66,1.3575081151979476,2.59,1.3933101346481092,17.34,1.3575081151979473,5.0,0.0,20.0,0.0,4.0,0.0,1.0,0.0,0.0,0.0
0,404.0,404.0,100,2.64,1.3597385369580761,0.132,0.0679869268479038,0.868,0.06798692684790378,0.0,0.0,0.0009999999999999998,0.007035264706814482,4.93,0.2564323999762427,1.42,0.5891270720911634,3.58,0.5891270720911634,0.0,0.0,2.64,1.3597385369580761,2.59,1.3933101346481092,17.36,1.3597385369580752,5.0,0.0,20.0,0.0,4.0,0.0,1.0,0.0,0.0,0.0
0,405.0,405.0,100,2.64,1.3597385369580761,0.132,0.0679869268479038,0.868,0.06798692684790378,0.0,0.0,0.0,0.0,4.93,0.2564323999762427,1.42,0.5891270720911634,3.58,0.5891270720911634,0.0,0.0,2.64,1.3597385369580761,2.59,1.3933101346481092,17.36,1.3597385369580752,5.0,0.0,20.0,0.0,4.0,0.0,1.0,0.0,0.0,0.0
0,406.0,406.0,100,2.63,1.3607410340017538,0.1315,0.0680370517000877,0.8684999999999999,0.06803705170008767,0.0,0.0,0.0004999999999999999,0.004999999999999998,4.93,0.2564323999762427,1.42,0.5891270720911634,3.58,0.5891270720911634,0.0,0.0,2.63,1.3607410340017538,2.59,1.3933101346481092,17.37,1.360741034001753,5.0,0.0,20.0,0.0,4.0,0.0,1.0,0.0,0.0,0.0
0,407.0,407.0,100,2.62,1.369066628891171,0.131,0.06845333144455854,0.8690000000000001,0.06845333144455852,0.0,0.0,0.0005,0.005,4.93,0.2564323999762427,1.42,0.5891270720911634,3.58,0.5891270720911634,0.0,0.0,2.62,1.369066628891171,2.59,1.3933101346481092,17.38,1.3690666288911704,5.0,0.0,20.0,0.0,4.0,0.0,1.0,0.0,0.0,0.0
0,408.0,408.0,100,2.61,1.384583225043084,0.1305,0.0692291612521542,0.8695,0.06922916125215423,0.0,0.0,0.0005,0.004999999999999998,4.93,0.2564323999762427,1.41,0.6046119049072352,3.59,0.6046119049072352,0.0,0.0,2.61,1.384583225043084,2.57,1.3872070625337205,17.39,1.384583225043084,5.0,0.0,20.0,0.0,4.0,0.0,1.0,0.0,0.0,0.0
0,409.0,409.0,100,2.61,1.384583225043084,0.1305,0.0692291612521542,0.8695,0.06922916125215423,0.0,0.0,0.0,0.0,4.93,0.2564323999762427,1.41,0.6046119049072352,3.59,0.6046119049072352,0.0,0.0,2.61,1.384583225043084,2.57,1.3872070625337205,17.39,1.384583225043084,5.0,0.0,20.0,0.0,4.0,0.0,1.0,0.0,0.0,0.0
0,410.0,410.0,100,2.61,1.384583225043084,0.1305,0.0692291612521542,0.8695,0.06922916125215423,0.0,0.0,0.0,0.0,4.93,0.2564323999762427,1.41,0.6046119049072352,3.59,0.6046119049072352,0.0,0.0,2.61,1.384583225043084,2.54,1.3811135896350986,17.39,1.384583225043084,5.0,0.0,20.0,0.0,4.0,0.0,1.0,0.0,0.0,0.0
0,411.0,411.0,100,2.59,1.3933101346481092,0.1295,0.06966550673240547,0.8704999999999999,0.06966550673240543,0.0,0.0,0.001,0.007035264706814485,4.93,0.2564323999762427,1.4,0.6030226891555273,3.6,0.6030226891555273,0.0,0.0,2.59,1.3933101346481092,2.53,1.3886626078295041,17.41,1.3933101346481094,5.0,0.0,20.0,0.0,4.0,0.0,1.0,0.0,0.0,0.0
0,412.0,412.0,100,2.58,1.3793571918202558,0.129,0.06896785959101281,0.871,0.06896785959101277,0.0,0.0,0.0004999999999999999,0.0049999999999999975,4.93,0.2564323999762427,1.4,0.6030226891555273,3.6,0.6030226891555273,0.0,0.0,2.58,1.3793571918202558,2.53,1.3886626078295041,17.42,1.379357191820256,5.0,0.0,20.0,0.0,4.0,0.0,1.0,0.0,0.0,0.0
0,413.0,413.0,100,2.58,1.3793571918202558,0.129,0.06896785959101281,0.871,0.06896785959101277,0.0,0.0,0.0,0.0,4.93,0.2564323999762427,1.4,0.6030226891555273,3.6,0.6030226891555273,0.0,0.0,2.58,1.3793571918202558,2.52,1.3668514287525284,17.42,1.379357191820256,5.0,0.0,20.0,0.0,4.0,0.0,1.0,0.0,0.0,0.0
0,414.0,414.0,100,2.56,1.3656685194623566,0.128,0.06828342597311783,0.872,0.06828342597311782,0.0,0.0,0.0009999999999999998,0.007035264706814484,4.93,0.2564323999762427,1.39,0.6012613005301035,3.61,0.6012613005301035,0.0,0.0,2.56,1.3656685194623566,2.51,1.3446113929235457,17.44,1.3656685194623568,5.0,0.0,20.0,0.0,4.0,0.0,1.0,0.0,0.0,0.0
0,415.0,415.0,100,2.55,1.3734495390671027,0.1275,0.06867247695335511,0.8725,0.06867247695335513,0.0,0.0,0.0005,0.005,4.93,0.2564323999762427,1.39,0.6012613005301035,3.61,0.6012613005301035,0.0,0.0,2.55,1.3734495390671027,2.51,1.3446113929235457,17.45,1.3734495390671022,5.0,0.0,20.0,0.0,4.0,0.0,1.0,0.0,0.0,0.0
0,416.0,416.0,100,2.55,1.3734495390671027,0.1275,0.06867247695335511,0.8725,0.06867247695335513,0.0,0.0,0.0,0.0,4.93,0.2564323999762427,1.39,0.6012613005301035,3.61,0.6012613005301035,0.0,0.0,2.55,1.3734495390671027,2.51,1.3446113929235457,17.45,1.3734495390671022,5.0,0.0,20.0,0.0,4.0,0.0,1.0,0.0,0.0,0.0
0,417.0,417.0,100,2.53,1.3592555894958678,0.1265,0.06796277947479334,0.8734999999999999,0.06796277947479334,0.0,0.0,0.001,0.007035264706814483,4.93,0.2564323999762427,1.38,0.5993262210114949,3.62,0.599326221011495,0.0,0.0,2.53,1.3592555894958678,2.51,1.3446113929235457,17.47,1.3592555894958673,5.0,0.0,20.0,0.0,4.0,0.0,1.0,0.0,0.0,0.0
0,418.0,418.0,100,2.51,1.3446113929235457,0.1255,0.06723056964617728,0.8745,0.06723056964617731,0.0,0.0,0.001,0.007035264706814486,4.93,0.2564323999762427,1.37,0.580055727033745,3.63,0.5800557270337451,0.0,0.0,2.51,1.3446113929235457,2.5,1.3371158468430429,17.49,1.3446113929235457,5.0,0.0,20.0,0.0,4.0,0.0,1.0,0.0,0.0,0.0
0,419.0,419.0,100,2.51,1.3446113929235457,0.1255,0.06723056964617728,0.8745,0.06723056964617731,0.0,0.0,0.0,0.0,4.93,0.2564323999762427,1.37,0.580055727033745,3.63,0.5800557270337451,0.0,0.0,2.51,1.3446113929235457,2.5,1.3371158468430429,17.49,1.3446113929235457,5.0,0.0,20.0,0.0,4.0,0.0,1.0,0.0,0.0,0.0
0,420.0,420.0,100,2.51,1.3446113929235457,0.1255,0.06723056964617728,0.8745,0.06723056964617731,0.0,0.0,0.0,0.0,4.93,0.2564323999762427,1.37,0.580055727033745,3.63,0.5800557270337451,0.0,0.0,2.51,1.3446113929235457,2.5,1.3371158468430429,17.49,1.3446113929235457,5.0,0.0,20.0,0.0,4.0,0.0,1.0,0.0,0.0,0.0
0,421.0,421.0,100,2.51,1.3446113929235457,0.1255,0.06723056964617728,0.8745,0.06723056964617731,0.0,0.0,0.0,0.0,4.93,0.2564323999762427,1.37,0.580055727033745,3.63,0.5800557270337451,0.0,0.0,2.51,1.3446113929235457,2.5,1.3371158468430429,17.49,1.3446113929235457,5.0,0.0,20.0,0.0,4.0,0.0,1.0,0.0,0.0,0.0
0,422.0,422.0,100,2.5,1.3371158468430429,0.125,0.06685579234215215,0.875,0.06685579234215216,0.0,0.0,0.0005000000000000001,0.005000000000000001,4.93,0.2564323999762427,1.37,0.580055727033745,3.63,0.5800557270337451,0.0,0.0,2.5,1.3371158468430429,2.5,1.3371158468430429,17.5,1.337115846843043,5.0,0.0,20.0,0.0,4.0,0.0,1.0,0.0,0.0,0.0
0,423.0,423.0,100,2.5,1.3371158468430429,0.125,0.06685579234215215,0.875,0.06685579234215216,0.0,0.0,0.0,0.0,4.93,0.2564323999762427,1.37,0.580055727033745,3.63,0.5800557270337451,0.0,0.0,2.5,1.3371158468430429,2.5,1.3371158468430429,17.5,1.337115846843043,5.0,0.0,20.0,0.0,4.0,0.0,1.0,0.0,0.0,0.0
0,424.0,424.0,100,2.5,1.3371158468430429,0.125,0.06685579234215215,0.875,0.06685579234215216,0.0,0.0,0.0,0.0,4.93,0.2564323999762427,1.37,0.580055727033745,3.63,0.5800557270337451,0.0,0.0,2.5,1.3371158468430429,2.5,1.3371158468430429,17.5,1.337115846843043,5.0,0.0,20.0,0.0,4.0,0.0,1.0,0.0,0.0,0.0
0,425.0,425.0,100,2.5,1.3371158468430429,0.125,0.06685579234215215,0.875,0.06685579234215216,0.0,0.0,0.0,0.0,4.93,0.2564323999762427,1.37,0.580055727033745,3.63,0.5800557270337451,0.0,0.0,2.5,1.3371158468430429,2.5,1.3371158468430429,17.5,1.337115846843043,5.0,0.0,20.0,0.0,4.0,0.0,1.0,0.0,0.0,0.0
0,426.0,426.0,100,2.5,1.3371158468430429,0.125,0.06685579234215215,0.875,0.06685579234215216,0.0,0.0,0.0,0.0,4.93,0.2564323999762427,1.37,0.580055727033745,3.63,0.5800557270337451,0.0,0.0,2.5,1.3371158468430429,2.5,1.3371158468430429,17.5,1.337115846843043,5.0,0.0,20.0,0.0,4.0,0.0,1.0,0.0,0.0,0.0
0,427.0,427.0,100,2.5,1.3371158468430429,0.125,0.06685579234215215,0.875,0.06685579234215216,0.0,0.0,0.0,0.0,4.93,0.2564323999762427,1.37,0.580055727033745,3.63,0.5800557270337451,0.0,0.0,2.5,1.3371158468430429,2.5,1.3371158468430429,17.5,1.337115846843043,5.0,0.0,20.0,0.0,4.0,0.0,1.0,0.0,0.0,0.0
0,428.0,428.0,100,2.5,1.3371158468430429,0.125,0.06685579234215215,0.875,0.06685579234215216,0.0,0.0,0.0,0.0,4.93,0.2564323999762427,1.37,0.580055727033745,3.63,0.5800557270337451,0.0,0.0,2.5,1.3371158468430429,2.5,1.3371158468430429,17.5,1.337115846843043,5.0,0.0,20.0,0.0,4.0,0.0,1.0,0.0,0.0,0.0
0,429.0,429.0,100,2.5,1.3371158468430429,0.125,0.06685579234215215,0.875,0.06685579234215216,0.0,0.0,0.0,0.0,4.93,0.2564323999762427,1.37,0.580055727033745,3.63,0.5800557270337451,0.0,0.0,2.5,1.3371158468430429,2.5,1.3371158468430429,17.5,1.337115846843043,5.0,0.0,20.0,0.0,4.0,0.0,1.0,0.0,0.0,0.0
0,430.0,430.0,100,2.5,1.3371158468430429,0.125,0.06685579234215215,0.875,0.06685579234215216,0.0,0.0,0.0,0.0,4.93,0.2564323999762427,1.37,0.580055727033745,3.63,0.5800557270337451,0.0,0.0,2.5,1.3371158468430429,2.49,1.3142190522023782,17.5,1.337115846843043,5.0,0.0,20.0,0.0,4.0,0.0,1.0,0.0,0.0,0.0
0,431.0,431.0,100,2.5,1.3371158468430429,0.125,0.06685579234215215,0.875,0.06685579234215216,0.0,0.0,0.0,0.0,4.93,0.2564323999762427,1.37,0.580055727033745,3.63,0.5800557270337451,0.0,0.0,2.5,1.3371158468430429,2.49,1.3142190522023782,17.5,1.337115846843043,5.0,0.0,20.0,0.0,4.0,0.0,1.0,0.0,0.0,0.0
0,432.0,432.0,100,2.5,1.3371158468430429,0.125,0.06685579234215215,0.875,0.06685579234215216,0.0,0.0,0.0,0.0,4.93,0.2564323999762427,1.37,0.580055727033745,3.63,0.5800557270337451,0.0,0.0,2.5,1.3371158468430429,2.49,1.3142190522023782,17.5,1.337115846843043,5.0,0.0,20.0,0.0,4.0,0.0,1.0,0.0,0.0,0.0
0,433.0,433.0,100,2.5,1.3371158468430429,0.125,0.06685579234215215,0.875,0.06685579234215216,0.0,0.0,0.0,0.0,4.93,0.2564323999762427,1.37,0.580055727033745,3.63,0.5800557270337451,0.0,0.0,2.5,1.3371158468430429,2.47,1.3291981329988685,17.5,1.337115846843043,5.0,0.0,20.0,0.0,4.0,0.0,1.0,0.0,0.0,0.0
0,434.0,434.0,100,2.5,1.3371158468430429,0.125,0.06685579234215215,0.875,0.06685579234215216,0.0,0.0,0.0,0.0,4.93,0.2564323999762427,1.37,0.580055727033745,3.63,0.5800557270337451,0.0,0.0,2.5,1.3371158468430429,2.46,1.3365113640604136,17.5,1.337115846843043,5.0,0.0,20.0,0.0,4.0,0.0,1.0,0.0,0.0,0.0
0,435.0,435.0,100,2.5,1.3371158468430429,0.125,0.06685579234215215,0.875,0.06685579234215216,0.0,0.0,0.0,0.0,4.93,0.2564323999762427,1.37,0.580055727033745,3.63,0.5800557270337451,0.0,0.0,2.5,1.3371158468430429,2.45,1.3285900478144175,17.5,1.337115846843043,5.0,0.0,20.0,0.0,4.0,0.0,1.0,0.0,0.0,0.0
0,436.0,436.0,100,2.5,1.3371158468430429,0.125,0.06685579234215215,0.875,0.06685579234215216,0.0,0.0,0.0,0.0,4.93,0.2564323999762427,1.37,0.580055727033745,3.63,0.5800557270337451,0.0,0.0,2.5,1.3371158468430429,2.45,1.3285900478144175,17.5,1.337115846843043,5.0,0.0,20.0,0.0,4.0,0.0,1.0,0.0,0.0,0.0
0,437.0,437.0,100,2.5,1.3371158468430429,0.125,0.06685579234215215,0.875,0.06685579234215216,0.0,0.0,0.0,0.0,4.93,0.2564323999762427,1.37,0.580055727033745,3.63,0.5800557270337451,0.0,0.0,2.5,1.3371158468430429,2.45,1.3285900478144175,17.5,1.337115846843043,5.0,0.0,20.0,0.0,4.0,0.0,1.0,0.0,0.0,0.0
0,438.0,438.0,100,2.5,1.3371158468430429,0.125,0.06685579234215215,0.875,0.06685579234215216,0.0,0.0,0.0,0.0,4.93,0.2564323999762427,1.37,0.580055727033745,3.63,0.5800557270337451,0.0,0.0,2.5,1.3371158468430429,2.45,1.3285900478144175,17.5,1.337115846843043,5.0,0.0,20.0,0.0,4.0,0.0,1.0,0.0,0.0,0.0
0,439.0,439.0,100,2.49,1.352102739506809,0.12450000000000001,0.06760513697534046,0.8755,0.06760513697534046,0.0,0.0,0.0005,0.005,4.93,0.2564323999762427,1.36,0.5949280577846316,3.64,0.5949280577846315,0.0,0.0,2.49,1.352102739506809,2.44,1.328171827754378,17.51,1.3521027395068088,5.0,0.0,20.0,0.0,4.0,0.0,1.0,0.0,0.0,0.0
0,440.0,440.0,100,2.48,1.3293881025767935,0.124,0.06646940512883968,0.8759999999999999,0.06646940512883966,0.0,0.0,0.0004999999999999999,0.0049999999999999975,4.94,0.23868325657594197,1.36,0.5949280577846316,3.64,0.5949280577846315,0.0,0.0,2.48,1.3293881025767935,2.44,1.328171827754378,17.52,1.3293881025767929,5.0,0.0,20.0,0.0,4.0,0.0,1.0,0.0,0.0,0.0
0,441.0,441.0,100,2.48,1.3293881025767935,0.124,0.06646940512883968,0.8759999999999999,0.06646940512883966,0.0,0.0,0.0,0.0,4.94,0.23868325657594197,1.36,0.5949280577846316,3.64,0.5949280577846315,0.0,0.0,2.48,1.3293881025767935,2.44,1.328171827754378,17.52,1.3293881025767929,5.0,0.0,20.0,0.0,4.0,0.0,1.0,0.0,0.0,0.0
0,442.0,442.0,100,2.48,1.3293881025767935,0.124,0.06646940512883968,0.8759999999999999,0.06646940512883966,0.0,0.0,0.0,0.0,4.94,0.23868325657594197,1.36,0.5949280577846316,3.64,0.5949280577846315,0.0,0.0,2.48,1.3293881025767935,2.43,1.3352637540685708,17.52,1.3293881025767929,5.0,0.0,20.0,0.0,4.0,0.0,1.0,0.0,0.0,0.0
0,443.0,443.0,100,2.47,1.3291981329988685,0.1235,0.0664599066499434,0.8765000000000001,0.06645990664994339,0.0,0.0,0.0004999999999999999,0.004999999999999998,4.94,0.23868325657594197,1.35,0.5751591786697667,3.65,0.5751591786697668,0.0,0.0,2.47,1.3291981329988685,2.43,1.3352637540685708,17.53,1.3291981329988682,5.0,0.0,20.0,0.0,4.0,0.0,1.0,0.0,0.0,0.0
0,444.0,444.0,100,2.45,1.3285900478144175,0.1225,0.06642950239072085,0.8775,0.06642950239072086,0.0,0.0,0.0010000000000000002,0.007035264706814485,4.94,0.23868325657594197,1.34,0.5724305789148302,3.66,0.5724305789148303,0.0,0.0,2.45,1.3285900478144175,2.43,1.3352637540685708,17.55,1.3285900478144168,5.0,0.0,20.0,0.0,4.0,0.0,1.0,0.0,0.0,0.0
0,445.0,445.0,100,2.45,1.3285900478144175,0.1225,0.06642950239072085,0.8775,0.06642950239072086,0.0,0.0,0.0,0.0,4.94,0.23868325657594197,1.34,0.5724305789148302,3.66,0.5724305789148303,0.0,0.0,2.45,1.3285900478144175,2.43,1.3352637540685708,17.55,1.3285900478144168,5.0,0.0,20.0,0.0,4.0,0.0,1.0,0.0,0.0,0.0
0,446.0,446.0,100,2.43,1.3352637540685708,0.1215,0.06676318770342855,0.8785,0.06676318770342851,0.0,0.0,0.001,0.007035264706814482,4.94,0.23868325657594197,1.32,0.5663992238766581,3.68,0.5663992238766581,0.0,0.0,2.43,1.3352637540685708,2.42,1.3422429592350866,17.57,1.3352637540685701,5.0,0.0,20.0,0.0,4.0,0.0,1.0,0.0,0.0,0.0
0,447.0,447.0,100,2.43,1.3352637540685708,0.1215,0.06676318770342855,0.8785,0.06676318770342851,0.0,0.0,0.0,0.0,4.94,0.23868325657594197,1.32,0.5663992238766581,3.68,0.5663992238766581,0.0,0.0,2.43,1.3352637540685708,2.4,1.348399724926484,17.57,1.3352637540685701,5.0,0.0,20.0,0.0,4.0,0.0,1.0,0.0,0.0,0.0
0,448.0,448.0,100,2.43,1.3352637540685708,0.1215,0.06676318770342855,0.8785,0.06676318770342851,0.0,0.0,0.0,0.0,4.94,0.23868325657594197,1.32,0.5663992238766581,3.68,0.5663992238766581,0.0,0.0,2.43,1.3352637540685708,2.39,1.3550876821308009,17.57,1.3352637540685701,5.0,0.0,20.0,0.0,4.0,0.0,1.0,0.0,0.0,0.0
0,449.0,449.0,100,2.43,1.3352637540685708,0.1215,0.06676318770342855,0.8785,0.06676318770342851,0.0,0.0,0.0,0.0,4.94,0.23868325657594197,1.32,0.5663992238766581,3.68,0.5663992238766581,0.0,0.0,2.43,1.3352637540685708,2.38,1.3542301849904963,17.57,1.3352637540685701,5.0,0.0,20.0,0.0,4.0,0.0,1.0,0.0,0.0,0.0
0,450.0,450.0,100,2.42,1.3422429592350866,0.121,0.06711214796175431,0.879,0.06711214796175431,0.0,0.0,0.0005,0.005,4.94,0.23868325657594197,1.32,0.5663992238766581,3.68,0.5663992238766581,0.0,0.0,2.42,1.3422429592350866,2.38,1.3542301849904963,17.58,1.3422429592350862,5.0,0.0,20.0,0.0,4.0,0.0,1.0,0.0,0.0,0.0
0,451.0,451.0,100,2.42,1.3422429592350866,0.121,0.06711214796175431,0.879,0.06711214796175431,0.0,0.0,0.0,0.0,4.94,0.23868325657594197,1.32,0.5663992238766581,3.68,0.5663992238766581,0.0,0.0,2.42,1.3422429592350866,2.37,1.3607410340017538,17.58,1.3422429592350862,5.0,0.0,20.0,0.0,4.0,0.0,1.0,0.0,0.0,0.0
0,452.0,452.0,100,2.42,1.3422429592350866,0.121,0.06711214796175431,0.879,0.06711214796175431,0.0,0.0,0.0,0.0,4.94,0.23868325657594197,1.32,0.5663992238766581,3.68,0.5663992238766581,0.0,0.0,2.42,1.3422429592350866,2.36,1.3671469961532698,17.58,1.3422429592350862,5.0,0.0,20.0,0.0,4.0,0.0,1.0,0.0,0.0,0.0
0,453.0,453.0,100,2.42,1.3422429592350866,0.121,0.06711214796175431,0.879,0.06711214796175431,0.0,0.0,0.0,0.0,4.94,0.23868325657594197,1.32,0.5663992238766581,3.68,0.5663992238766581,0.0,0.0,2.42,1.3422429592350866,2.36,1.3671469961532698,17.58,1.3422429592350862,5.0,0.0,20.0,0.0,4.0,0.0,1.0,0.0,0.0,0.0
0,454.0,454.0,100,2.42,1.3422429592350866,0.121,0.06711214796175431,0.879,0.06711214796175431,0.0,0.0,0.0,0.0,4.94,0.23868325657594197,1.32,0.5663992238766581,3.68,0.5663992238766581,0.0,0.0,2.42,1.3422429592350866,2.36,1.3671469961532698,17.58,1.3422429592350862,5.0,0.0,20.0,0.0,4.0,0.0,1.0,0.0,0.0,0.0
0,455.0,455.0,100,2.41,1.3491111926379566,0.12050000000000001,0.06745555963189784,0.8795000000000001,0.06745555963189781,0.0,0.0,0.0005,0.004999999999999998,4.94,0.23868325657594197,1.32,0.5663992238766581,3.68,0.5663992238766581,0.0,0.0,2.41,1.3491111926379566,2.34,1.3723091208733997,17.59,1.3491111926379564,5.0,0.0,20.0,0.0,4.0,0.0,1.0,0.0,0.0,0.0
0,456.0,456.0,100,2.41,1.3491111926379566,0.12050000000000001,0.06745555963189784,0.8795000000000001,0.06745555963189781,0.0,0.0,0.0,0.0,4.94,0.23868325657594197,1.32,0.5663992238766581,3.68,0.5663992238766581,0.0,0.0,2.41,1.3491111926379566,2.34,1.3723091208733997,17.59,1.3491111926379564,5.0,0.0,20.0,0.0,4.0,0.0,1.0,0.0,0.0,0.0
0,457.0,457.0,100,2.39,1.3550876821308009,0.11950000000000001,0.06775438410654006,0.8805,0.06775438410654004,0.0,0.0,0.0010000000000000002,0.007035264706814486,4.95,0.21904291355759034,1.31,0.5807518637703432,3.69,0.580751863770343,0.0,0.0,2.39,1.3550876821308009,2.33,1.3637070688740198,17.61,1.3550876821308007,5.0,0.0,20.0,0.0,4.0,0.0,1.0,0.0,0.0,0.0
0,458.0,458.0,100,2.37,1.3607410340017538,0.1185,0.06803705170008768,0.8815000000000001,0.06803705170008767,0.0,0.0,0.001,0.007035264706814485,4.95,0.21904291355759034,1.31,0.5807518637703432,3.69,0.580751863770343,0.0,0.0,2.37,1.3607410340017538,2.33,1.3637070688740198,17.63,1.3607410340017534,5.0,0.0,20.0,0.0,4.0,0.0,1.0,0.0,0.0,0.0
0,459.0,459.0,100,2.36,1.359738536958076,0.11800000000000001,0.06798692684790379,0.882,0.06798692684790378,0.0,0.0,0.0004999999999999999,0.0049999999999999975,4.95,0.21904291355759034,1.31,0.5807518637703432,3.69,0.580751863770343,0.0,0.0,2.36,1.359738536958076,2.32,1.354975865452812,17.64,1.3597385369580761,5.0,0.0,20.0,0.0,4.0,0.0,1.0,0.0,0.0,0.0
0,460.0,460.0,100,2.36,1.359738536958076,0.11800000000000001,0.06798692684790379,0.882,0.06798692684790378,0.0,0.0,0.0,0.0,4.95,0.21904291355759034,1.31,0.5807518637703432,3.69,0.580751863770343,0.0,0.0,2.36,1.359738536958076,2.32,1.354975865452812,17.64,1.3597385369580761,5.0,0.0,20.0,0.0,4.0,0.0,1.0,0.0,0.0,0.0
0,461.0,461.0,100,2.34,1.3575081151979471,0.117,0.06787540575989735,0.883,0.06787540575989734,0.0,0.0,0.0010000000000000002,0.007035264706814486,4.95,0.21904291355759034,1.3,0.5773502691896258,3.7,0.5773502691896257,0.0,0.0,2.34,1.3575081151979471,2.3,1.359589956010579,17.66,1.3575081151979467,5.0,0.0,20.0,0.0,4.0,0.0,1.0,0.0,0.0,0.0
0,462.0,462.0,100,2.34,1.3575081151979471,0.117,0.06787540575989735,0.883,0.06787540575989734,0.0,0.0,0.0,0.0,4.95,0.21904291355759034,1.3,0.5773502691896258,3.7,0.5773502691896257,0.0,0.0,2.34,1.3575081151979471,2.29,1.365483597318347,17.66,1.3575081151979467,5.0,0.0,20.0,0.0,4.0,0.0,1.0,0.0,0.0,0.0
0,463.0,463.0,100,2.34,1.3575081151979471,0.117,0.06787540575989735,0.883,0.06787540575989734,0.0,0.0,0.0,0.0,4.95,0.21904291355759034,1.3,0.5773502691896258,3.7,0.5773502691896257,0.0,0.0,2.34,1.3575081151979471,2.27,1.362224858698653,17.66,1.3575081151979467,5.0,0.0,20.0,0.0,4.0,0.0,1.0,0.0,0.0,0.0
0,464.0,464.0,100,2.34,1.3575081151979471,0.117,0.06787540575989735,0.883,0.06787540575989734,0.0,0.0,0.0,0.0,4.95,0.21904291355759034,1.3,0.5773502691896258,3.7,0.5773502691896257,0.0,0.0,2.34,1.3575081151979471,2.25,1.3361712223190316,17.66,1.3575081151979467,5.0,0.0,20.0,0.0,4.0,0.0,1.0,0.0,0.0,0.0
0,465.0,465.0,100,2.32,1.3624102231565998,0.11599999999999999,0.06812051115783,0.884,0.06812051115783001,0.0,0.0,0.001,0.007035264706814483,4.95,0.21904291355759034,1.29,0.5737524894864677,3.71,0.5737524894864677,0.0,0.0,2.32,1.3624102231565998,2.24,1.3417913550191174,17.68,1.3624102231565993,5.0,0.0,20.0,0.0,4.0,0.0,1.0,0.0,0.0,0.0
0,466.0,466.0,100,2.32,1.3624102231565998,0.11599999999999999,0.06812051115783,0.884,0.06812051115783001,0.0,0.0,0.0,0.0,4.95,0.21904291355759034,1.29,0.5737524894864677,3.71,0.5737524894864677,0.0,0.0,2.32,1.3624102231565998,2.23,1.3547894838145687,17.68,1.3624102231565993,5.0,0.0,20.0,0.0,4.0,0.0,1.0,0.0,0.0,0.0
0,467.0,467.0,100,2.31,1.3535960336164634,0.1155,0.06767980168082317,0.8845000000000001,0.06767980168082317,0.0,0.0,0.0005000000000000001,0.005,4.95,0.21904291355759034,1.29,0.5737524894864677,3.71,0.5737524894864677,0.0,0.0,2.31,1.3535960336164634,2.22,1.3452497796680623,17.69,1.3535960336164627,5.0,0.0,20.0,0.0,4.0,0.0,1.0,0.0,0.0,0.0
0,468.0,468.0,100,2.31,1.3535960336164634,0.1155,0.06767980168082317,0.8845000000000001,0.06767980168082317,0.0,0.0,0.0,0.0,4.95,0.21904291355759034,1.29,0.5737524894864677,3.71,0.5737524894864677,0.0,0.0,2.31,1.3535960336164634,2.21,1.3431081095501562,17.69,1.3535960336164627,5.0,0.0,20.0,0.0,4.0,0.0,1.0,0.0,0.0,0.0
0,469.0,469.0,100,2.3,1.344648953474775,0.115,0.06723244767373876,0.885,0.06723244767373875,0.0,0.0,0.0005000000000000001,0.005000000000000002,4.96,0.1969463855669324,1.29,0.5737524894864677,3.71,0.5737524894864677,0.0,0.0,2.3,1.344648953474775,2.2,1.3257359305592338,17.7,1.3446489534747743,5.0,0.0,20.0,0.0,4.0,0.0,1.0,0.0,0.0,0.0
0,470.0,470.0,100,2.29,1.3506077943434998,0.1145,0.06753038971717501,0.8855,0.06753038971717498,0.0,0.0,0.0005,0.004999999999999999,4.96,0.1969463855669324,1.29,0.5737524894864677,3.71,0.5737524894864677,0.0,0.0,2.29,1.3506077943434998,2.2,1.3257359305592338,17.71,1.3506077943434998,5.0,0.0,20.0,0.0,4.0,0.0,1.0,0.0,0.0,0.0
0,471.0,471.0,100,2.27,1.3246306899081213,0.11349999999999999,0.06623153449540604,0.8865000000000001,0.06623153449540604,0.0,0.0,0.001,0.007035264706814485,4.96,0.1969463855669324,1.28,0.5699548094792121,3.72,0.5699548094792121,0.0,0.0,2.27,1.3246306899081213,2.2,1.3257359305592338,17.73,1.3246306899081204,5.0,0.0,20.0,0.0,4.0,0.0,1.0,0.0,0.0,0.0
0,472.0,472.0,100,2.25,1.3361712223190318,0.1125,0.0668085611159516,0.8875,0.06680856111595158,0.0,0.0,0.001,0.007035264706814485,4.96,0.1969463855669324,1.26,0.5617433182117573,3.74,0.5617433182117573,0.0,0.0,2.25,1.3361712223190318,2.2,1.3257359305592338,17.75,1.3361712223190316,5.0,0.0,20.0,0.0,4.0,0.0,1.0,0.0,0.0,0.0
0,473.0,473.0,100,2.23,1.309290809653235,0.1115,0.06546454048266176,0.8885,0.06546454048266173,0.0,0.0,0.001,0.007035264706814485,4.96,0.1969463855669324,1.26,0.5617433182117573,3.74,0.5617433182117573,0.0,0.0,2.23,1.309290809653235,2.18,1.2822013898137863,17.77,1.3092908096532356,5.0,0.0,20.0,0.0,4.0,0.0,1.0,0.0,0.0,0.0
0,474.0,474.0,100,2.23,1.309290809653235,0.1115,0.06546454048266176,0.8885,0.06546454048266173,0.0,0.0,0.0,0.0,4.96,0.1969463855669324,1.26,0.5617433182117573,3.74,0.5617433182117573,0.0,0.0,2.23,1.309290809653235,2.17,1.2637526289075356,17.77,1.3092908096532356,5.0,0.0,20.0,0.0,4.0,0.0,1.0,0.0,0.0,0.0
0,475.0,475.0,100,2.21,1.3279816841867038,0.1105,0.06639908420933517,0.8895000000000001,0.06639908420933514,0.0,0.0,0.001,0.007035264706814485,4.96,0.1969463855669324,1.25,0.575159178669767,3.75,0.5751591786697668,0.0,0.0,2.21,1.3279816841867038,2.17,1.2637526289075356,17.79,1.3279816841867045,5.0,0.0,20.0,0.0,4.0,0.0,1.0,0.0,0.0,0.0
0,476.0,476.0,100,2.21,1.3279816841867038,0.1105,0.06639908420933517,0.8895000000000001,0.06639908420933514,0.0,0.0,0.0,0.0,4.96,0.1969463855669324,1.25,0.575159178669767,3.75,0.5751591786697668,0.0,0.0,2.21,1.3279816841867038,2.17,1.2637526289075356,17.79,1.3279816841867045,5.0,0.0,20.0,0.0,4.0,0.0,1.0,0.0,0.0,0.0
0,477.0,477.0,100,2.2,1.302677894557859,0.11,0.06513389472789297,0.89,0.06513389472789297,0.0,0.0,0.0004999999999999999,0.0049999999999999975,4.96,0.1969463855669324,1.25,0.575159178669767,3.75,0.5751591786697668,0.0,0.0,2.2,1.302677894557859,2.16,1.2449493925051693,17.8,1.3026778945578599,5.0,0.0,20.0,0.0,4.0,0.0,1.0,0.0,0.0,0.0
0,478.0,478.0,100,2.18,1.2822013898137858,0.109,0.06411006949068931,0.8909999999999999,0.06411006949068926,0.0,0.0,0.0009999999999999998,0.007035264706814482,4.96,0.1969463855669324,1.24,0.552679423766206,3.76,0.5526794237662059,0.0,0.0,2.18,1.2822013898137858,2.15,1.2339883600452932,17.82,1.2822013898137863,5.0,0.0,20.0,0.0,4.0,0.0,1.0,0.0,0.0,0.0
0,479.0,479.0,100,2.18,1.2822013898137858,0.109,0.06411006949068931,0.8909999999999999,0.06411006949068926,0.0,0.0,0.0,0.0,4.96,0.1969463855669324,1.24,0.552679423766206,3.76,0.5526794237662059,0.0,0.0,2.18,1.2822013898137858,2.15,1.2339883600452932,17.82,1.2822013898137863,5.0,0.0,20.0,0.0,4.0,0.0,1.0,0.0,0.0,0.0
0,480.0,480.0,100,2.18,1.2822013898137858,0.109,0.06411006949068931,0.8909999999999999,0.06411006949068926,0.0,0.0,0.0,0.0,4.96,0.1969463855669324,1.24,0.552679423766206,3.76,0.5526794237662059,0.0,0.0,2.18,1.2822013898137858,2.15,1.2339883600452932,17.82,1.2822013898137863,5.0,0.0,20.0,0.0,4.0,0.0,1.0,0.0,0.0,0.0
0,481.0,481.0,100,2.16,1.2449493925051693,0.10800000000000001,0.06224746962525844,0.892,0.06224746962525842,0.0,0.0,0.0009999999999999998,0.007035264706814484,4.96,0.1969463855669324,1.24,0.552679423766206,3.76,0.5526794237662059,0.0,0.0,2.16,1.2449493925051693,2.13,1.2198277739008068,17.84,1.244949392505169,5.0,0.0,20.0,0.0,4.0,0.0,1.0,0.0,0.0,0.0
0,482.0,482.0,100,2.15,1.2339883600452932,0.1075,0.061699418002264673,0.8925,0.061699418002264673,0.0,0.0,0.0005000000000000001,0.005,4.96,0.1969463855669324,1.24,0.552679423766206,3.76,0.5526794237662059,0.0,0.0,2.15,1.2339883600452932,2.11,1.2135181344447483,17.85,1.233988360045293,5.0,0.0,20.0,0.0,4.0,0.0,1.0,0.0,0.0,0.0
0,483.0,483.0,100,2.15,1.2339883600452932,0.1075,0.061699418002264673,0.8925,0.061699418002264673,0.0,0.0,0.0,0.0,4.96,0.1969463855669324,1.24,0.552679423766206,3.76,0.5526794237662059,0.0,0.0,2.15,1.2339883600452932,2.11,1.2135181344447483,17.85,1.233988360045293,5.0,0.0,20.0,0.0,4.0,0.0,1.0,0.0,0.0,0.0
0,484.0,484.0,100,2.15,1.2339883600452932,0.1075,0.061699418002264673,0.8925,0.061699418002264673,0.0,0.0,0.0,0.0,4.96,0.1969463855669324,1.24,0.552679423766206,3.76,0.5526794237662059,0.0,0.0,2.15,1.2339883600452932,2.1,1.210225790770658,17.85,1.233988360045293,5.0,0.0,20.0,0.0,4.0,0.0,1.0,0.0,0.0,0.0
0,485.0,485.0,100,2.14,1.2310790208412925,0.10700000000000001,0.06155395104206462,0.893,0.06155395104206463,0.0,0.0,0.0004999999999999999,0.004999999999999998,4.96,0.1969463855669324,1.24,0.552679423766206,3.76,0.5526794237662059,0.0,0.0,2.14,1.2310790208412925,2.1,1.210225790770658,17.86,1.2310790208412925,5.0,0.0,20.0,0.0,4.0,0.0,1.0,0.0,0.0,0.0
0,486.0,486.0,100,2.13,1.2198277739008068,0.1065,0.06099138869504036,0.8935,0.0609913886950403,0.0,0.0,0.0005000000000000001,0.005,4.96,0.1969463855669324,1.23,0.5478147589295218,3.77,0.5478147589295217,0.0,0.0,2.13,1.2198277739008068,2.08,1.2282861509790248,17.87,1.2198277739008072,5.0,0.0,20.0,0.0,4.0,0.0,1.0,0.0,0.0,0.0
0,487.0,487.0,100,2.12,1.2249922696107352,0.106,0.06124961348053677,0.894,0.061249613480536744,0.0,0.0,0.0005,0.004999999999999999,4.96,0.1969463855669324,1.22,0.5427204202399745,3.78,0.5427204202399745,0.0,0.0,2.12,1.2249922696107352,2.06,1.2211933226615392,17.88,1.224992269610735,5.0,0.0,20.0,0.0,4.0,0.0,1.0,0.0,0.0,0.0
0,488.0,488.0,100,2.12,1.2249922696107352,0.106,0.06124961348053677,0.894,0.061249613480536744,0.0,0.0,0.0,0.0,4.96,0.1969463855669324,1.22,0.5427204202399745,3.78,0.5427204202399745,0.0,0.0,2.12,1.2249922696107352,2.05,1.217506974240079,17.88,1.224992269610735,5.0,0.0,20.0,0.0,4.0,0.0,1.0,0.0,0.0,0.0
0,489.0,489.0,100,2.12,1.2249922696107352,0.106,0.06124961348053677,0.894,0.061249613480536744,0.0,0.0,0.0,0.0,4.96,0.1969463855669324,1.22,0.5427204202399745,3.78,0.5427204202399745,0.0,0.0,2.12,1.2249922696107352,2.05,1.217506974240079,17.88,1.224992269610735,5.0,0.0,20.0,0.0,4.0,0.0,1.0,0.0,0.0,0.0
0,490.0,490.0,100,2.11,1.2382375875543123,0.10550000000000001,0.06191187937771561,0.8945000000000001,0.061911879377715605,0.0,0.0,0.0005,0.005,4.96,0.1969463855669324,1.21,0.5558685986722931,3.79,0.5558685986722932,0.0,0.0,2.11,1.2382375875543123,2.05,1.217506974240079,17.89,1.238237587554312,5.0,0.0,20.0,0.0,4.0,0.0,1.0,0.0,0.0,0.0
0,491.0,491.0,100,2.11,1.2382375875543123,0.10550000000000001,0.06191187937771561,0.8945000000000001,0.061911879377715605,0.0,0.0,0.0,0.0,4.96,0.1969463855669324,1.21,0.5558685986722931,3.79,0.5558685986722932,0.0,0.0,2.11,1.2382375875543123,2.05,1.217506974240079,17.89,1.238237587554312,5.0,0.0,20.0,0.0,4.0,0.0,1.0,0.0,0.0,0.0
0,492.0,492.0,100,2.09,1.2316942425255981,0.10450000000000001,0.06158471212627991,0.8955,0.06158471212627989,0.0,0.0,0.0010000000000000002,0.007035264706814485,4.96,0.1969463855669324,1.21,0.5558685986722931,3.79,0.5558685986722932,0.0,0.0,2.09,1.2316942425255981,2.04,1.2137262101196105,17.91,1.2316942425255977,5.0,0.0,20.0,0.0,4.0,0.0,1.0,0.0,0.0,0.0
0,493.0,493.0,100,2.08,1.2282861509790248,0.10400000000000001,0.061414307548951254,0.8959999999999999,0.06141430754895126,0.0,0.0,0.0004999999999999999,0.0049999999999999975,4.96,0.1969463855669324,1.2,0.5504818825631803,3.8,0.5504818825631803,0.0,0.0,2.08,1.2282861509790248,2.04,1.2137262101196105,17.92,1.2282861509790246,5.0,0.0,20.0,0.0,4.0,0.0,1.0,0.0,0.0,0.0
0,494.0,494.0,100,2.08,1.2282861509790248,0.10400000000000001,0.061414307548951254,0.8959999999999999,0.06141430754895126,0.0,0.0,0.0,0.0,4.96,0.1969463855669324,1.2,0.5504818825631803,3.8,0.5504818825631803,0.0,0.0,2.08,1.2282861509790248,2.03,1.2181705110284826,17.92,1.2282861509790246,5.0,0.0,20.0,0.0,4.0,0.0,1.0,0.0,0.0,0.0
0,495.0,495.0,100,2.07,1.2247861078984403,0.1035,0.061239305394922026,0.8965000000000001,0.06123930539492197,0.0,0.0,0.0004999999999999999,0.0049999999999999975,4.96,0.1969463855669324,1.19,0.5448565745851719,3.81,0.5448565745851717,0.0,0.0,2.07,1.2247861078984403,2.02,1.2142254462592337,17.93,1.2247861078984392,5.0,0.0,20.0,0.0,4.0,0.0,1.0,0.0,0.0,0.0
0,496.0,496.0,100,2.05,1.22577536788975,0.1025,0.06128876839448751,0.8975,0.0612887683944875,0.0,0.0,0.001,0.007035264706814485,4.96,0.1969463855669324,1.18,0.538985204347068,3.82,0.5389852043470678,0.0,0.0,2.05,1.22577536788975,2.02,1.2142254462592337,17.95,1.225775367889749,5.0,0.0,20.0,0.0,4.0,0.0,1.0,0.0,0.0,0.0
0,497.0,497.0,100,2.04,1.2137262101196105,0.10200000000000001,0.06068631050598053,0.898,0.06068631050598052,0.0,0.0,0.0005000000000000001,0.005000000000000002,4.97,0.1714466079977653,1.18,0.538985204347068,3.82,0.5389852043470678,0.0,0.0,2.04,1.2137262101196105,2.02,1.2142254462592337,17.96,1.2137262101196096,5.0,0.0,20.0,0.0,4.0,0.0,1.0,0.0,0.0,0.0
0,498.0,498.0,100,2.04,1.2137262101196105,0.10200000000000001,0.06068631050598053,0.898,0.06068631050598052,0.0,0.0,0.0,0.0,4.97,0.1714466079977653,1.18,0.538985204347068,3.82,0.5389852043470678,0.0,0.0,2.04,1.2137262101196105,2.02,1.2142254462592337,17.96,1.2137262101196096,5.0,0.0,20.0,0.0,4.0,0.0,1.0,0.0,0.0,0.0
0,499.0,499.0,100,2.04,1.2137262101196105,0.10200000000000001,0.06068631050598053,0.898,0.06068631050598052,0.0,0.0,0.0,0.0,4.97,0.1714466079977653,1.18,0.538985204347068,3.82,0.5389852043470678,0.0,0.0,2.04,1.2137262101196105,2.02,1.2142254462592337,17.96,1.2137262101196096,5.0,0.0,20.0,0.0,4.0,0.0,1.0,0.0,0.0,0.0
0,500.0,500.0,100,2.04,1.2137262101196105,0.10200000000000001,0.06068631050598053,0.898,0.06068631050598052,0.0,0.0,0.0,0.0,4.97,0.1714466079977653,1.18,0.538985204347068,3.82,0.5389852043470678,0.0,0.0,2.04,1.2137262101196105,2.01,1.2101840581272978,17.96,1.2137262101196096,5.0,0.0,20.0,0.0,4.0,0.0,1.0,0.0,0.0,0.0
0,501.0,501.0,100,2.04,1.2137262101196105,0.10200000000000001,0.06068631050598053,0.898,0.06068631050598052,0.0,0.0,0.0,0.0,4.97,0.1714466079977653,1.18,0.538985204347068,3.82,0.5389852043470678,0.0,0.0,2.04,1.2137262101196105,2.01,1.2101840581272978,17.96,1.2137262101196096,5.0,0.0,20.0,0.0,4.0,0.0,1.0,0.0,0.0,0.0
0,502.0,502.0,100,2.03,1.2098501451573969,0.1015,0.06049250725786984,0.8985,0.060492507257869824,0.0,0.0,0.0004999999999999999,0.004999999999999998,4.97,0.1714466079977653,1.18,0.538985204347068,3.82,0.5389852043470678,0.0,0.0,2.03,1.2098501451573969,2.01,1.2101840581272978,17.97,1.2098501451573958,5.0,0.0,20.0,0.0,4.0,0.0,1.0,0.0,0.0,0.0
0,503.0,503.0,100,2.03,1.2098501451573969,0.1015,0.06049250725786984,0.8985,0.060492507257869824,0.0,0.0,0.0,0.0,4.97,0.1714466079977653,1.18,0.538985204347068,3.82,0.5389852043470678,0.0,0.0,2.03,1.2098501451573969,2.01,1.2101840581272978,17.97,1.2098501451573958,5.0,0.0,20.0,0.0,4.0,0.0,1.0,0.0,0.0,0.0
0,504.0,504.0,100,2.01,1.2101840581272978,0.1005,0.06050920290636488,0.8995000000000001,0.06050920290636484,0.0,0.0,0.001,0.007035264706814483,4.97,0.1714466079977653,1.17,0.5328596381218922,3.83,0.5328596381218923,0.0,0.0,2.01,1.2101840581272978,2.0,1.1976407785072425,17.99,1.2101840581272978,5.0,0.0,20.0,0.0,4.0,0.0,1.0,0.0,0.0,0.0
0,505.0,505.0,100,2.01,1.2101840581272978,0.1005,0.06050920290636488,0.8995000000000001,0.06050920290636484,0.0,0.0,0.0,0.0,4.97,0.1714466079977653,1.17,0.5328596381218922,3.83,0.5328596381218923,0.0,0.0,2.01,1.2101840581272978,1.99,1.1933739624029902,17.99,1.2101840581272978,5.0,0.0,20.0,0.0,4.0,0.0,1.0,0.0,0.0,0.0
0,506.0,506.0,100,2.01,1.2101840581272978,0.1005,0.06050920290636488,0.8995000000000001,0.06050920290636484,0.0,0.0,0.0,0.0,4.97,0.1714466079977653,1.17,0.5328596381218922,3.83,0.5328596381218923,0.0,0.0,2.01,1.2101840581272978,1.98,1.1804809839787143,17.99,1.2101840581272978,5.0,0.0,20.0,0.0,4.0,0.0,1.0,0.0,0.0,0.0
0,507.0,507.0,100,2.01,1.2101840581272978,0.1005,0.06050920290636488,0.8995000000000001,0.06050920290636484,0.0,0.0,0.0,0.0,4.97,0.1714466079977653,1.17,0.5328596381218922,3.83,0.5328596381218923,0.0,0.0,2.01,1.2101840581272978,1.97,1.1673591018736575,17.99,1.2101840581272978,5.0,0.0,20.0,0.0,4.0,0.0,1.0,0.0,0.0,0.0
0,508.0,508.0,100,2.0,1.1976407785072425,0.1,0.05988203892536214,0.9,0.059882038925362105,0.0,0.0,0.0005000000000000001,0.005000000000000001,4.97,0.1714466079977653,1.16,0.5264710031632485,3.84,0.5264710031632485,0.0,0.0,2.0,1.1976407785072425,1.97,1.1673591018736575,18.0,1.1976407785072432,5.0,0.0,20.0,0.0,4.0,0.0,1.0,0.0,0.0,0.0
0,509.0,509.0,100,1.99,1.1933739624029902,0.0995,0.05966869812014953,0.9005,0.059668698120149494,0.0,0.0,0.0004999999999999999,0.004999999999999998,4.97,0.1714466079977653,1.16,0.5264710031632485,3.84,0.5264710031632485,0.0,0.0,1.99,1.1933739624029902,1.97,1.1673591018736575,18.01,1.193373962402991,5.0,0.0,20.0,0.0,4.0,0.0,1.0,0.0,0.0,0.0
0,510.0,510.0,100,1.98,1.1804809839787143,0.099,0.05902404919893571,0.9009999999999999,0.05902404919893569,0.0,0.0,0.0005000000000000001,0.005000000000000002,4.97,0.1714466079977653,1.16,0.5264710031632485,3.84,0.5264710031632485,0.0,0.0,1.98,1.1804809839787143,1.97,1.1673591018736575,18.02,1.1804809839787147,5.0,0.0,20.0,0.0,4.0,0.0,1.0,0.0,0.0,0.0
0,511.0,511.0,100,1.97,1.1673591018736575,0.09849999999999999,0.05836795509368287,0.9015000000000001,0.05836795509368288,0.0,0.0,0.0005000000000000001,0.005000000000000001,4.97,0.1714466079977653,1.15,0.519809599951771,3.85,0.5198095999517709,0.0,0.0,1.97,1.1673591018736575,1.96,1.1799674708750376,18.03,1.1673591018736573,5.0,0.0,20.0,0.0,4.0,0.0,1.0,0.0,0.0,0.0
0,512.0,512.0,100,1.97,1.1673591018736575,0.09849999999999999,0.05836795509368287,0.9015000000000001,0.05836795509368288,0.0,0.0,0.0,0.0,4.97,0.1714466079977653,1.15,0.519809599951771,3.85,0.5198095999517709,0.0,0.0,1.97,1.1673591018736575,1.95,1.1923578203363165,18.03,1.1673591018736573,5.0,0.0,20.0,0.0,4.0,0.0,1.0,0.0,0.0,0.0
0,513.0,513.0,100,1.97,1.1673591018736575,0.09849999999999999,0.05836795509368287,0.9015000000000001,0.05836795509368288,0.0,0.0,0.0,0.0,4.97,0.1714466079977653,1.15,0.519809599951771,3.85,0.5198095999517709,0.0,0.0,1.97,1.1673591018736575,1.95,1.1923578203363165,18.03,1.1673591018736573,5.0,0.0,20.0,0.0,4.0,0.0,1.0,0.0,0.0,0.0
0,514.0,514.0,100,1.97,1.1673591018736575,0.09849999999999999,0.05836795509368287,0.9015000000000001,0.05836795509368288,0.0,0.0,0.0,0.0,4.97,0.1714466079977653,1.15,0.519809599951771,3.85,0.5198095999517709,0.0,0.0,1.97,1.1673591018736575,1.95,1.1923578203363165,18.03,1.1673591018736573,5.0,0.0,20.0,0.0,4.0,0.0,1.0,0.0,0.0,0.0
0,515.0,515.0,100,1.97,1.1673591018736575,0.09849999999999999,0.05836795509368287,0.9015000000000001,0.05836795509368288,0.0,0.0,0.0,0.0,4.97,0.1714466079977653,1.15,0.519809599951771,3.85,0.5198095999517709,0.0,0.0,1.97,1.1673591018736575,1.95,1.1923578203363165,18.03,1.1673591018736573,5.0,0.0,20.0,0.0,4.0,0.0,1.0,0.0,0.0,0.0
0,516.0,516.0,100,1.96,1.1799674708750374,0.098,0.05899837354375187,0.902,0.05899837354375186,0.0,0.0,0.0005,0.004999999999999998,4.97,0.1714466079977653,1.14,0.5321957564959753,3.86,0.5321957564959753,0.0,0.0,1.96,1.1799674708750374,1.95,1.1923578203363165,18.04,1.1799674708750372,5.0,0.0,20.0,0.0,4.0,0.0,1.0,0.0,0.0,0.0
0,517.0,517.0,100,1.95,1.1923578203363165,0.0975,0.05961789101681583,0.9025,0.05961789101681582,0.0,0.0,0.0005,0.004999999999999999,4.97,0.1714466079977653,1.13,0.5441145155760927,3.87,0.5441145155760928,0.0,0.0,1.95,1.1923578203363165,1.93,1.1742609969205693,18.05,1.1923578203363163,5.0,0.0,20.0,0.0,4.0,0.0,1.0,0.0,0.0,0.0
0,518.0,518.0,100,1.95,1.1923578203363165,0.0975,0.05961789101681583,0.9025,0.05961789101681582,0.0,0.0,0.0,0.0,4.97,0.1714466079977653,1.13,0.5441145155760927,3.87,0.5441145155760928,0.0,0.0,1.95,1.1923578203363165,1.93,1.1742609969205693,18.05,1.1923578203363163,5.0,0.0,20.0,0.0,4.0,0.0,1.0,0.0,0.0,0.0
0,519.0,519.0,100,1.95,1.1923578203363165,0.0975,0.05961789101681583,0.9025,0.05961789101681582,0.0,0.0,0.0,0.0,4.97,0.1714466079977653,1.13,0.5441145155760927,3.87,0.5441145155760928,0.0,0.0,1.95,1.1923578203363165,1.93,1.1742609969205693,18.05,1.1923578203363163,5.0,0.0,20.0,0.0,4.0,0.0,1.0,0.0,0.0,0.0
0,520.0,520.0,100,1.95,1.1923578203363165,0.0975,0.05961789101681583,0.9025,0.05961789101681582,0.0,0.0,0.0,0.0,4.97,0.1714466079977653,1.13,0.5441145155760927,3.87,0.5441145155760928,0.0,0.0,1.95,1.1923578203363165,1.92,1.169304377513711,18.05,1.1923578203363163,5.0,0.0,20.0,0.0,4.0,0.0,1.0,0.0,0.0,0.0
0,521.0,521.0,100,1.94,1.170513139653293,0.09700000000000002,0.05852565698266466,0.903,0.05852565698266467,0.0,0.0,0.0004999999999999999,0.004999999999999998,4.97,0.1714466079977653,1.13,0.5441145155760927,3.87,0.5441145155760928,0.0,0.0,1.94,1.170513139653293,1.92,1.169304377513711,18.06,1.1705131396532933,5.0,0.0,20.0,0.0,4.0,0.0,1.0,0.0,0.0,0.0
0,522.0,522.0,100,1.94,1.170513139653293,0.09700000000000002,0.05852565698266466,0.903,0.05852565698266467,0.0,0.0,0.0,0.0,4.97,0.1714466079977653,1.13,0.5441145155760927,3.87,0.5441145155760928,0.0,0.0,1.94,1.170513139653293,1.92,1.169304377513711,18.06,1.1705131396532933,5.0,0.0,20.0,0.0,4.0,0.0,1.0,0.0,0.0,0.0
0,523.0,523.0,100,1.94,1.170513139653293,0.09700000000000002,0.05852565698266466,0.903,0.05852565698266467,0.0,0.0,0.0,0.0,4.97,0.1714466079977653,1.13,0.5441145155760927,3.87,0.5441145155760928,0.0,0.0,1.94,1.170513139653293,1.92,1.169304377513711,18.06,1.1705131396532933,5.0,0.0,20.0,0.0,4.0,0.0,1.0,0.0,0.0,0.0
0,524.0,524.0,100,1.93,1.1656272425981078,0.0965,0.0582813621299054,0.9035,0.05828136212990541,0.0,0.0,0.0004999999999999999,0.004999999999999998,4.97,0.1714466079977653,1.13,0.5441145155760927,3.87,0.5441145155760928,0.0,0.0,1.93,1.1656272425981078,1.92,1.169304377513711,18.07,1.165627242598108,5.0,0.0,20.0,0.0,4.0,0.0,1.0,0.0,0.0,0.0
0,525.0,525.0,100,1.93,1.1656272425981078,0.0965,0.0582813621299054,0.9035,0.05828136212990541,0.0,0.0,0.0,0.0,4.97,0.1714466079977653,1.13,0.5441145155760927,3.87,0.5441145155760928,0.0,0.0,1.93,1.1656272425981078,1.92,1.169304377513711,18.07,1.165627242598108,5.0,0.0,20.0,0.0,4.0,0.0,1.0,0.0,0.0,0.0
0,526.0,526.0,100,1.93,1.1656272425981078,0.0965,0.0582813621299054,0.9035,0.05828136212990541,0.0,0.0,0.0,0.0,4.97,0.1714466079977653,1.13,0.5441145155760927,3.87,0.5441145155760928,0.0,0.0,1.93,1.1656272425981078,1.91,1.1728838670800128,18.07,1.165627242598108,5.0,0.0,20.0,0.0,4.0,0.0,1.0,0.0,0.0,0.0
0,527.0,527.0,100,1.92,1.169304377513711,0.096,0.05846521887568554,0.904,0.05846521887568553,0.0,0.0,0.0005,0.004999999999999998,4.97,0.1714466079977653,1.13,0.5441145155760927,3.87,0.5441145155760928,0.0,0.0,1.92,1.169304377513711,1.91,1.1728838670800128,18.08,1.169304377513711,5.0,0.0,20.0,0.0,4.0,0.0,1.0,0.0,0.0,0.0
0,528.0,528.0,100,1.92,1.169304377513711,0.096,0.05846521887568554,0.904,0.05846521887568553,0.0,0.0,0.0,0.0,4.97,0.1714466079977653,1.13,0.5441145155760927,3.87,0.5441145155760928,0.0,0.0,1.92,1.169304377513711,1.9,1.1677484162422844,18.08,1.169304377513711,5.0,0.0,20.0,0.0,4.0,0.0,1.0,0.0,0.0,0.0
0,529.0,529.0,100,1.92,1.169304377513711,0.096,0.05846521887568554,0.904,0.05846521887568553,0.0,0.0,0.0,0.0,4.97,0.1714466079977653,1.13,0.5441145155760927,3.87,0.5441145155760928,0.0,0.0,1.92,1.169304377513711,1.9,1.1677484162422844,18.08,1.169304377513711,5.0,0.0,20.0,0.0,4.0,0.0,1.0,0.0,0.0,0.0
0,530.0,530.0,100,1.91,1.1728838670800128,0.0955,0.05864419335400065,0.9045000000000001,0.058644193354000625,0.0,0.0,0.0005,0.005,4.97,0.1714466079977653,1.12,0.537107855541928,3.88,0.5371078555419277,0.0,0.0,1.91,1.1728838670800128,1.9,1.1677484162422844,18.09,1.1728838670800132,5.0,0.0,20.0,0.0,4.0,0.0,1.0,0.0,0.0,0.0
0,531.0,531.0,100,1.91,1.1728838670800128,0.0955,0.05864419335400065,0.9045000000000001,0.058644193354000625,0.0,0.0,0.0,0.0,4.97,0.1714466079977653,1.12,0.537107855541928,3.88,0.5371078555419277,0.0,0.0,1.91,1.1728838670800128,1.9,1.1677484162422844,18.09,1.1728838670800132,5.0,0.0,20.0,0.0,4.0,0.0,1.0,0.0,0.0,0.0
0,532.0,532.0,100,1.91,1.1728838670800128,0.0955,0.05864419335400065,0.9045000000000001,0.058644193354000625,0.0,0.0,0.0,0.0,4.97,0.1714466079977653,1.12,0.537107855541928,3.88,0.5371078555419277,0.0,0.0,1.91,1.1728838670800128,1.9,1.1677484162422844,18.09,1.1728838670800132,5.0,0.0,20.0,0.0,4.0,0.0,1.0,0.0,0.0,0.0
0,533.0,533.0,100,1.91,1.1728838670800128,0.0955,0.05864419335400065,0.9045000000000001,0.058644193354000625,0.0,0.0,0.0,0.0,4.97,0.1714466079977653,1.12,0.537107855541928,3.88,0.5371078555419277,0.0,0.0,1.91,1.1728838670800128,1.9,1.1677484162422844,18.09,1.1728838670800132,5.0,0.0,20.0,0.0,4.0,0.0,1.0,0.0,0.0,0.0
0,534.0,534.0,100,1.91,1.1728838670800128,0.0955,0.05864419335400065,0.9045000000000001,0.058644193354000625,0.0,0.0,0.0,0.0,4.97,0.1714466079977653,1.12,0.537107855541928,3.88,0.5371078555419277,0.0,0.0,1.91,1.1728838670800128,1.89,1.1537816609792864,18.09,1.1728838670800132,5.0,0.0,20.0,0.0,4.0,0.0,1.0,0.0,0.0,0.0
0,535.0,535.0,100,1.91,1.1728838670800128,0.0955,0.05864419335400065,0.9045000000000001,0.058644193354000625,0.0,0.0,0.0,0.0,4.97,0.1714466079977653,1.12,0.537107855541928,3.88,0.5371078555419277,0.0,0.0,1.91,1.1728838670800128,1.88,1.1483849001044373,18.09,1.1728838670800132,5.0,0.0,20.0,0.0,4.0,0.0,1.0,0.0,0.0,0.0
0,536.0,536.0,100,1.91,1.1728838670800128,0.0955,0.05864419335400065,0.9045000000000001,0.058644193354000625,0.0,0.0,0.0,0.0,4.97,0.1714466079977653,1.12,0.537107855541928,3.88,0.5371078555419277,0.0,0.0,1.91,1.1728838670800128,1.87,1.1604161566290154,18.09,1.1728838670800132,5.0,0.0,20.0,0.0,4.0,0.0,1.0,0.0,0.0,0.0
0,537.0,537.0,100,1.9,1.1677484162422844,0.095,0.058387420812114225,0.905,0.05838742081211421,0.0,0.0,0.0004999999999999999,0.004999999999999998,4.97,0.1714466079977653,1.12,0.537107855541928,3.88,0.5371078555419277,0.0,0.0,1.9,1.1677484162422844,1.86,1.1548754797541476,18.1,1.1677484162422853,5.0,0.0,20.0,0.0,4.0,0.0,1.0,0.0,0.0,0.0
0,538.0,538.0,100,1.89,1.1537816609792864,0.09450000000000001,0.05768908304896434,0.9055,0.05768908304896433,0.0,0.0,0.0005000000000000001,0.005,4.97,0.1714466079977653,1.12,0.537107855541928,3.88,0.5371078555419277,0.0,0.0,1.89,1.1537816609792864,1.86,1.1548754797541476,18.11,1.1537816609792864,5.0,0.0,20.0,0.0,4.0,0.0,1.0,0.0,0.0,0.0
0,539.0,539.0,100,1.88,1.1483849001044373,0.094,0.05741924500522187,0.9059999999999999,0.057419245005221844,0.0,0.0,0.0004999999999999999,0.0049999999999999975,4.97,0.1714466079977653,1.12,0.537107855541928,3.88,0.5371078555419277,0.0,0.0,1.88,1.1483849001044373,1.85,1.1579762911688178,18.12,1.1483849001044373,5.0,0.0,20.0,0.0,4.0,0.0,1.0,0.0,0.0,0.0
0,540.0,540.0,100,1.88,1.1483849001044373,0.094,0.05741924500522187,0.9059999999999999,0.057419245005221844,0.0,0.0,0.0,0.0,4.97,0.1714466079977653,1.12,0.537107855541928,3.88,0.5371078555419277,0.0,0.0,1.88,1.1483849001044373,1.85,1.1579762911688178,18.12,1.1483849001044373,5.0,0.0,20.0,0.0,4.0,0.0,1.0,0.0,0.0,0.0
0,541.0,541.0,100,1.87,1.142874278370817,0.0935,0.05714371391854086,0.9065000000000001,0.05714371391854083,0.0,0.0,0.0004999999999999999,0.004999999999999998,4.97,0.1714466079977653,1.12,0.537107855541928,3.88,0.5371078555419277,0.0,0.0,1.87,1.142874278370817,1.84,1.1522485702645795,18.13,1.142874278370817,5.0,0.0,20.0,0.0,4.0,0.0,1.0,0.0,0.0,0.0
0,542.0,542.0,100,1.87,1.142874278370817,0.0935,0.05714371391854086,0.9065000000000001,0.05714371391854083,0.0,0.0,0.0,0.0,4.97,0.1714466079977653,1.12,0.537107855541928,3.88,0.5371078555419277,0.0,0.0,1.87,1.142874278370817,1.84,1.1522485702645795,18.13,1.142874278370817,5.0,0.0,20.0,0.0,4.0,0.0,1.0,0.0,0.0,0.0
0,543.0,543.0,100,1.87,1.142874278370817,0.0935,0.05714371391854086,0.9065000000000001,0.05714371391854083,0.0,0.0,0.0,0.0,4.97,0.1714466079977653,1.12,0.537107855541928,3.88,0.5371078555419277,0.0,0.0,1.87,1.142874278370817,1.83,1.1638928063384808,18.13,1.142874278370817,5.0,0.0,20.0,0.0,4.0,0.0,1.0,0.0,0.0,0.0
0,544.0,544.0,100,1.87,1.142874278370817,0.0935,0.05714371391854086,0.9065000000000001,0.05714371391854083,0.0,0.0,0.0,0.0,4.97,0.1714466079977653,1.12,0.537107855541928,3.88,0.5371078555419277,0.0,0.0,1.87,1.142874278370817,1.83,1.1638928063384808,18.13,1.142874278370817,5.0,0.0,20.0,0.0,4.0,0.0,1.0,0.0,0.0,0.0
0,545.0,545.0,100,1.85,1.1579762911688178,0.0925,0.05789881455844089,0.9075,0.05789881455844087,0.0,0.0,0.001,0.007035264706814485,4.97,0.1714466079977653,1.1,0.5412294272573257,3.9,0.5412294272573257,0.0,0.0,1.85,1.1579762911688178,1.82,1.1667099559068315,18.15,1.157976291168819,5.0,0.0,20.0,0.0,4.0,0.0,1.0,0.0,0.0,0.0
0,546.0,546.0,100,1.85,1.1579762911688178,0.0925,0.05789881455844089,0.9075,0.05789881455844087,0.0,0.0,0.0,0.0,4.97,0.1714466079977653,1.1,0.5412294272573257,3.9,0.5412294272573257,0.0,0.0,1.85,1.1579762911688178,1.79,1.1307903734498579,18.15,1.157976291168819,5.0,0.0,20.0,0.0,4.0,0.0,1.0,0.0,0.0,0.0
0,547.0,547.0,100,1.84,1.1696498655926089,0.09200000000000001,0.05848249327963043,0.9079999999999999,0.058482493279630426,0.0,0.0,0.0005,0.004999999999999998,4.97,0.1714466079977653,1.09,0.5522223238420328,3.91,0.5522223238420327,0.0,0.0,1.84,1.1696498655926089,1.79,1.1307903734498579,18.16,1.169649865592609,5.0,0.0,20.0,0.0,4.0,0.0,1.0,0.0,0.0,0.0
0,548.0,548.0,100,1.84,1.1696498655926089,0.09200000000000001,0.05848249327963043,0.9079999999999999,0.058482493279630426,0.0,0.0,0.0,0.0,4.97,0.1714466079977653,1.09,0.5522223238420328,3.91,0.5522223238420327,0.0,0.0,1.84,1.1696498655926089,1.79,1.1307903734498579,18.16,1.169649865592609,5.0,0.0,20.0,0.0,4.0,0.0,1.0,0.0,0.0,0.0
0,549.0,549.0,100,1.84,1.1696498655926089,0.09200000000000001,0.05848249327963043,0.9079999999999999,0.058482493279630426,0.0,0.0,0.0,0.0,4.97,0.1714466079977653,1.09,0.5522223238420328,3.91,0.5522223238420327,0.0,0.0,1.84,1.1696498655926089,1.79,1.1307903734498579,18.16,1.169649865592609,5.0,0.0,20.0,0.0,4.0,0.0,1.0,0.0,0.0,0.0
0,550.0,550.0,100,1.81,1.1343578257180034,0.09050000000000001,0.056717891285900164,0.9095,0.05671789128590018,0.0,0.0,0.0014999999999999996,0.008572330399888261,4.97,0.1714466079977653,1.09,0.5522223238420328,3.91,0.5522223238420327,0.0,0.0,1.81,1.1343578257180034,1.78,1.1153655920999195,18.19,1.1343578257180034,5.0,0.0,20.0,0.0,4.0,0.0,1.0,0.0,0.0,0.0
0,551.0,551.0,100,1.8,1.1281521496355322,0.09,0.056407607481776624,0.91,0.05640760748177664,0.0,0.0,0.0004999999999999999,0.0049999999999999975,4.97,0.1714466079977653,1.08,0.5445784209511579,3.92,0.544578420951158,0.0,0.0,1.8,1.1281521496355322,1.78,1.1153655920999195,18.2,1.128152149635532,5.0,0.0,20.0,0.0,4.0,0.0,1.0,0.0,0.0,0.0
0,552.0,552.0,100,1.8,1.1281521496355322,0.09,0.056407607481776624,0.91,0.05640760748177664,0.0,0.0,0.0,0.0,4.97,0.1714466079977653,1.08,0.5445784209511579,3.92,0.544578420951158,0.0,0.0,1.8,1.1281521496355322,1.78,1.1153655920999195,18.2,1.128152149635532,5.0,0.0,20.0,0.0,4.0,0.0,1.0,0.0,0.0,0.0
0,553.0,553.0,100,1.8,1.1281521496355322,0.09,0.056407607481776624,0.91,0.05640760748177664,0.0,0.0,0.0,0.0,4.97,0.1714466079977653,1.08,0.5445784209511579,3.92,0.544578420951158,0.0,0.0,1.8,1.1281521496355322,1.78,1.1153655920999195,18.2,1.128152149635532,5.0,0.0,20.0,0.0,4.0,0.0,1.0,0.0,0.0,0.0
0,554.0,554.0,100,1.79,1.1127815725841386,0.08950000000000001,0.05563907862920691,0.9105,0.05563907862920689,0.0,0.0,0.0005000000000000001,0.005,4.97,0.1714466079977653,1.08,0.5445784209511579,3.92,0.544578420951158,0.0,0.0,1.79,1.1127815725841386,1.78,1.1153655920999195,18.21,1.1127815725841383,5.0,0.0,20.0,0.0,4.0,0.0,1.0,0.0,0.0,0.0
0,555.0,555.0,100,1.78,1.1153655920999195,0.08900000000000001,0.055768279604995974,0.9109999999999999,0.05576827960499593,0.0,0.0,0.0005,0.004999999999999998,4.97,0.1714466079977653,1.08,0.5445784209511579,3.92,0.544578420951158,0.0,0.0,1.78,1.1153655920999195,1.77,1.1178532817843132,18.22,1.1153655920999197,5.0,0.0,20.0,0.0,4.0,0.0,1.0,0.0,0.0,0.0
0,556.0,556.0,100,1.78,1.1153655920999195,0.08900000000000001,0.055768279604995974,0.9109999999999999,0.05576827960499593,0.0,0.0,0.0,0.0,4.97,0.1714466079977653,1.08,0.5445784209511579,3.92,0.544578420951158,0.0,0.0,1.78,1.1153655920999195,1.77,1.1178532817843132,18.22,1.1153655920999197,5.0,0.0,20.0,0.0,4.0,0.0,1.0,0.0,0.0,0.0
0,557.0,557.0,100,1.78,1.1153655920999195,0.08900000000000001,0.055768279604995974,0.9109999999999999,0.05576827960499593,0.0,0.0,0.0,0.0,4.97,0.1714466079977653,1.08,0.5445784209511579,3.92,0.544578420951158,0.0,0.0,1.78,1.1153655920999195,1.76,1.1202452833864085,18.22,1.1153655920999197,5.0,0.0,20.0,0.0,4.0,0.0,1.0,0.0,0.0,0.0
0,558.0,558.0,100,1.78,1.1153655920999195,0.08900000000000001,0.055768279604995974,0.9109999999999999,0.05576827960499593,0.0,0.0,0.0,0.0,4.97,0.1714466079977653,1.08,0.5445784209511579,3.92,0.544578420951158,0.0,0.0,1.78,1.1153655920999195,1.75,1.1225422086055428,18.22,1.1153655920999197,5.0,0.0,20.0,0.0,4.0,0.0,1.0,0.0,0.0,0.0
0,559.0,559.0,100,1.78,1.1153655920999195,0.08900000000000001,0.055768279604995974,0.9109999999999999,0.05576827960499593,0.0,0.0,0.0,0.0,4.97,0.1714466079977653,1.08,0.5445784209511579,3.92,0.544578420951158,0.0,0.0,1.78,1.1153655920999195,1.74,1.1066374585411722,18.22,1.1153655920999197,5.0,0.0,20.0,0.0,4.0,0.0,1.0,0.0,0.0,0.0
0,560.0,560.0,100,1.78,1.1153655920999195,0.08900000000000001,0.055768279604995974,0.9109999999999999,0.05576827960499593,0.0,0.0,0.0,0.0,4.97,0.1714466079977653,1.08,0.5445784209511579,3.92,0.544578420951158,0.0,0.0,1.78,1.1153655920999195,1.74,1.1066374585411722,18.22,1.1153655920999197,5.0,0.0,20.0,0.0,4.0,0.0,1.0,0.0,0.0,0.0
0,561.0,561.0,100,1.78,1.1153655920999195,0.08900000000000001,0.055768279604995974,0.9109999999999999,0.05576827960499593,0.0,0.0,0.0,0.0,4.97,0.1714466079977653,1.08,0.5445784209511579,3.92,0.544578420951158,0.0,0.0,1.78,1.1153655920999195,1.74,1.1066374585411722,18.22,1.1153655920999197,5.0,0.0,20.0,0.0,4.0,0.0,1.0,0.0,0.0,0.0
0,562.0,562.0,100,1.78,1.1153655920999195,0.08900000000000001,0.055768279604995974,0.9109999999999999,0.05576827960499593,0.0,0.0,0.0,0.0,4.97,0.1714466079977653,1.08,0.5445784209511579,3.92,0.544578420951158,0.0,0.0,1.78,1.1153655920999195,1.74,1.1066374585411722,18.22,1.1153655920999197,5.0,0.0,20.0,0.0,4.0,0.0,1.0,0.0,0.0,0.0
0,563.0,563.0,100,1.77,1.0996326291957323,0.0885,0.05498163145978662,0.9115000000000001,0.05498163145978658,0.0,0.0,0.0005000000000000001,0.005000000000000002,4.97,0.1714466079977653,1.07,0.5366374921488416,3.93,0.5366374921488416,0.0,0.0,1.77,1.0996326291957323,1.73,1.0996326291957326,18.23,1.0996326291957326,5.0,0.0,20.0,0.0,4.0,0.0,1.0,0.0,0.0,0.0
0,564.0,564.0,100,1.77,1.0996326291957323,0.0885,0.05498163145978662,0.9115000000000001,0.05498163145978658,0.0,0.0,0.0,0.0,4.97,0.1714466079977653,1.07,0.5366374921488416,3.93,0.5366374921488416,0.0,0.0,1.77,1.0996326291957323,1.73,1.0996326291957323,18.23,1.0996326291957326,5.0,0.0,20.0,0.0,4.0,0.0,1.0,0.0,0.0,0.0
0,565.0,565.0,100,1.76,1.1020641789593992,0.08800000000000001,0.055103208947969974,0.912,0.05510320894796996,0.0,0.0,0.0005,0.005,4.97,0.1714466079977653,1.06,0.528386145912172,3.94,0.5283861459121721,0.0,0.0,1.76,1.1020641789593992,1.73,1.0996326291957323,18.24,1.1020641789593992,5.0,0.0,20.0,0.0,4.0,0.0,1.0,0.0,0.0,0.0
0,566.0,566.0,100,1.76,1.1020641789593992,0.08800000000000001,0.055103208947969974,0.912,0.05510320894796996,0.0,0.0,0.0,0.0,4.97,0.1714466079977653,1.06,0.528386145912172,3.94,0.5283861459121721,0.0,0.0,1.76,1.1020641789593992,1.73,1.0996326291957323,18.24,1.1020641789593992,5.0,0.0,20.0,0.0,4.0,0.0,1.0,0.0,0.0,0.0
0,567.0,567.0,100,1.75,1.104398917826783,0.0875,0.05521994589133917,0.9125,0.05521994589133911,0.0,0.0,0.0005,0.004999999999999999,4.97,0.1714466079977653,1.06,0.528386145912172,3.94,0.5283861459121721,0.0,0.0,1.75,1.104398917826783,1.73,1.0996326291957323,18.25,1.104398917826783,5.0,0.0,20.0,0.0,4.0,0.0,1.0,0.0,0.0,0.0
0,568.0,568.0,100,1.74,1.1066374585411722,0.08700000000000001,0.05533187292705863,0.9129999999999999,0.05533187292705858,0.0,0.0,0.0005,0.005,4.97,0.1714466079977653,1.05,0.519809599951771,3.95,0.5198095999517711,0.0,0.0,1.74,1.1066374585411722,1.71,1.1127815725841386,18.26,1.1066374585411725,5.0,0.0,20.0,0.0,4.0,0.0,1.0,0.0,0.0,0.0
0,569.0,569.0,100,1.74,1.1066374585411722,0.08700000000000001,0.05533187292705863,0.9129999999999999,0.05533187292705858,0.0,0.0,0.0,0.0,4.97,0.1714466079977653,1.05,0.519809599951771,3.95,0.5198095999517711,0.0,0.0,1.74,1.1066374585411722,1.71,1.1127815725841386,18.26,1.1066374585411725,5.0,0.0,20.0,0.0,4.0,0.0,1.0,0.0,0.0,0.0
0,570.0,570.0,100,1.74,1.1066374585411722,0.08700000000000001,0.05533187292705863,0.9129999999999999,0.05533187292705858,0.0,0.0,0.0,0.0,4.97,0.1714466079977653,1.05,0.519809599951771,3.95,0.5198095999517711,0.0,0.0,1.74,1.1066374585411722,1.71,1.1127815725841386,18.26,1.1066374585411725,5.0,0.0,20.0,0.0,4.0,0.0,1.0,0.0,0.0,0.0
0,571.0,571.0,100,1.73,1.0996326291957323,0.08650000000000001,0.05498163145978663,0.9135,0.054981631459786615,0.0,0.0,0.0004999999999999999,0.0049999999999999975,4.97,0.1714466079977653,1.04,0.5108914767444266,3.96,0.5108914767444265,0.0,0.0,1.73,1.0996326291957323,1.71,1.1127815725841386,18.27,1.0996326291957328,5.0,0.0,20.0,0.0,4.0,0.0,1.0,0.0,0.0,0.0
0,572.0,572.0,100,1.72,1.1016974964741337,0.086,0.05508487482370667,0.914,0.055084874823706664,0.0,0.0,0.0005,0.004999999999999998,4.97,0.1714466079977653,1.04,0.5108914767444266,3.96,0.5108914767444265,0.0,0.0,1.72,1.1016974964741337,1.71,1.1127815725841386,18.28,1.101697496474133,5.0,0.0,20.0,0.0,4.0,0.0,1.0,0.0,0.0,0.0
0,573.0,573.0,100,1.72,1.1016974964741337,0.086,0.05508487482370667,0.914,0.055084874823706664,0.0,0.0,0.0,0.0,4.97,0.1714466079977653,1.04,0.5108914767444266,3.96,0.5108914767444265,0.0,0.0,1.72,1.1016974964741337,1.71,1.1127815725841386,18.28,1.101697496474133,5.0,0.0,20.0,0.0,4.0,0.0,1.0,0.0,0.0,0.0
0,574.0,574.0,100,1.72,1.1016974964741337,0.086,0.05508487482370667,0.914,0.055084874823706664,0.0,0.0,0.0,0.0,4.97,0.1714466079977653,1.04,0.5108914767444266,3.96,0.5108914767444265,0.0,0.0,1.72,1.1016974964741337,1.69,1.107321821405871,18.28,1.101697496474133,5.0,0.0,20.0,0.0,4.0,0.0,1.0,0.0,0.0,0.0
0,575.0,575.0,100,1.72,1.1016974964741337,0.086,0.05508487482370667,0.914,0.055084874823706664,0.0,0.0,0.0,0.0,4.97,0.1714466079977653,1.04,0.5108914767444266,3.96,0.5108914767444265,0.0,0.0,1.72,1.1016974964741337,1.69,1.107321821405871,18.28,1.101697496474133,5.0,0.0,20.0,0.0,4.0,0.0,1.0,0.0,0.0,0.0
0,576.0,576.0,100,1.71,1.1127815725841386,0.0855,0.055639078629206924,0.9145,0.05563907862920688,0.0,0.0,0.0005,0.004999999999999998,4.97,0.1714466079977653,1.03,0.5213618530523515,3.97,0.5213618530523515,0.0,0.0,1.71,1.1127815725841386,1.69,1.107321821405871,18.29,1.1127815725841381,5.0,0.0,20.0,0.0,4.0,0.0,1.0,0.0,0.0,0.0
0,577.0,577.0,100,1.71,1.1127815725841386,0.0855,0.055639078629206924,0.9145,0.05563907862920688,0.0,0.0,0.0,0.0,4.97,0.1714466079977653,1.03,0.5213618530523515,3.97,0.5213618530523515,0.0,0.0,1.71,1.1127815725841386,1.69,1.107321821405871,18.29,1.1127815725841381,5.0,0.0,20.0,0.0,4.0,0.0,1.0,0.0,0.0,0.0
0,578.0,578.0,100,1.71,1.1127815725841386,0.0855,0.055639078629206924,0.9145,0.05563907862920688,0.0,0.0,0.0,0.0,4.97,0.1714466079977653,1.03,0.5213618530523515,3.97,0.5213618530523515,0.0,0.0,1.71,1.1127815725841386,1.66,1.0937840903778207,18.29,1.1127815725841381,5.0,0.0,20.0,0.0,4.0,0.0,1.0,0.0,0.0,0.0
0,579.0,579.0,100,1.71,1.1127815725841386,0.0855,0.055639078629206924,0.9145,0.05563907862920688,0.0,0.0,0.0,0.0,4.97,0.1714466079977653,1.03,0.5213618530523515,3.97,0.5213618530523515,0.0,0.0,1.71,1.1127815725841386,1.66,1.0937840903778207,18.29,1.1127815725841381,5.0,0.0,20.0,0.0,4.0,0.0,1.0,0.0,0.0,0.0
0,580.0,580.0,100,1.71,1.1127815725841386,0.0855,0.055639078629206924,0.9145,0.05563907862920688,0.0,0.0,0.0,0.0,4.97,0.1714466079977653,1.03,0.5213618530523515,3.97,0.5213618530523515,0.0,0.0,1.71,1.1127815725841386,1.66,1.0937840903778207,18.29,1.1127815725841381,5.0,0.0,20.0,0.0,4.0,0.0,1.0,0.0,0.0,0.0
0,581.0,581.0,100,1.7,1.0963668190985176,0.085,0.0548183409549259,0.915,0.054818340954925854,0.0,0.0,0.0005000000000000001,0.005000000000000002,4.97,0.1714466079977653,1.02,0.5120763831912406,3.98,0.5120763831912406,0.0,0.0,1.7,1.0963668190985176,1.66,1.0937840903778207,18.3,1.0963668190985176,5.0,0.0,20.0,0.0,4.0,0.0,1.0,0.0,0.0,0.0
0,582.0,582.0,100,1.67,1.0829719677019727,0.08349999999999999,0.05414859838509864,0.9165000000000001,0.054148598385098626,0.0,0.0,0.0014999999999999996,0.008572330399888263,4.97,0.1714466079977653,1.01,0.5024183937956913,3.99,0.5024183937956913,0.0,0.0,1.67,1.0829719677019727,1.66,1.0937840903778207,18.33,1.0829719677019718,5.0,0.0,20.0,0.0,4.0,0.0,1.0,0.0,0.0,0.0
0,583.0,583.0,100,1.67,1.0829719677019727,0.08349999999999999,0.05414859838509864,0.9165000000000001,0.054148598385098626,0.0,0.0,0.0,0.0,4.97,0.1714466079977653,1.01,0.5024183937956913,3.99,0.5024183937956913,0.0,0.0,1.67,1.0829719677019727,1.66,1.0937840903778207,18.33,1.0829719677019718,5.0,0.0,20.0,0.0,4.0,0.0,1.0,0.0,0.0,0.0
0,584.0,584.0,100,1.66,1.0937840903778207,0.083,0.05468920451889102,0.917,0.05468920451889101,0.0,0.0,0.0005,0.005,4.97,0.1714466079977653,1.0,0.5124707431905383,4.0,0.5124707431905386,0.0,0.0,1.66,1.0937840903778207,1.66,1.0937840903778207,18.34,1.09378409037782,5.0,0.0,20.0,0.0,4.0,0.0,1.0,0.0,0.0,0.0
0,585.0,585.0,100,1.66,1.0937840903778207,0.083,0.05468920451889102,0.917,0.05468920451889101,0.0,0.0,0.0,0.0,4.97,0.1714466079977653,1.0,0.5124707431905383,4.0,0.5124707431905386,0.0,0.0,1.66,1.0937840903778207,1.65,1.1043989178267832,18.34,1.09378409037782,5.0,0.0,20.0,0.0,4.0,0.0,1.0,0.0,0.0,0.0
0,586.0,586.0,100,1.66,1.0937840903778207,0.083,0.05468920451889102,0.917,0.05468920451889101,0.0,0.0,0.0,0.0,4.97,0.1714466079977653,1.0,0.5124707431905383,4.0,0.5124707431905386,0.0,0.0,1.66,1.0937840903778207,1.65,1.1043989178267832,18.34,1.09378409037782,5.0,0.0,20.0,0.0,4.0,0.0,1.0,0.0,0.0,0.0
0,587.0,587.0,100,1.66,1.0937840903778207,0.083,0.05468920451889102,0.917,0.05468920451889101,0.0,0.0,0.0,0.0,4.97,0.1714466079977653,1.0,0.5124707431905383,4.0,0.5124707431905386,0.0,0.0,1.66,1.0937840903778207,1.64,1.1057243158338623,18.34,1.09378409037782,5.0,0.0,20.0,0.0,4.0,0.0,1.0,0.0,0.0,0.0
0,588.0,588.0,100,1.66,1.0937840903778207,0.083,0.05468920451889102,0.917,0.05468920451889101,0.0,0.0,0.0,0.0,4.97,0.1714466079977653,1.0,0.5124707431905383,4.0,0.5124707431905386,0.0,0.0,1.66,1.0937840903778207,1.64,1.1057243158338623,18.34,1.09378409037782,5.0,0.0,20.0,0.0,4.0,0.0,1.0,0.0,0.0,0.0
0,589.0,589.0,100,1.66,1.0937840903778207,0.083,0.05468920451889102,0.917,0.05468920451889101,0.0,0.0,0.0,0.0,4.97,0.1714466079977653,1.0,0.5124707431905383,4.0,0.5124707431905386,0.0,0.0,1.66,1.0937840903778207,1.64,1.1057243158338623,18.34,1.09378409037782,5.0,0.0,20.0,0.0,4.0,0.0,1.0,0.0,0.0,0.0
0,590.0,590.0,100,1.66,1.0937840903778207,0.083,0.05468920451889102,0.917,0.05468920451889101,0.0,0.0,0.0,0.0,4.97,0.1714466079977653,1.0,0.5124707431905383,4.0,0.5124707431905386,0.0,0.0,1.66,1.0937840903778207,1.64,1.1057243158338623,18.34,1.09378409037782,5.0,0.0,20.0,0.0,4.0,0.0,1.0,0.0,0.0,0.0
0,591.0,591.0,100,1.66,1.0937840903778207,0.083,0.05468920451889102,0.917,0.05468920451889101,0.0,0.0,0.0,0.0,4.97,0.1714466079977653,1.0,0.5124707431905383,4.0,0.5124707431905386,0.0,0.0,1.66,1.0937840903778207,1.64,1.1057243158338623,18.34,1.09378409037782,5.0,0.0,20.0,0.0,4.0,0.0,1.0,0.0,0.0,0.0
0,592.0,592.0,100,1.66,1.0937840903778207,0.083,0.05468920451889102,0.917,0.05468920451889101,0.0,0.0,0.0,0.0,4.97,0.1714466079977653,1.0,0.5124707431905383,4.0,0.5124707431905386,0.0,0.0,1.66,1.0937840903778207,1.64,1.1057243158338623,18.34,1.09378409037782,5.0,0.0,20.0,0.0,4.0,0.0,1.0,0.0,0.0,0.0
0,593.0,593.0,100,1.66,1.0937840903778207,0.083,0.05468920451889102,0.917,0.05468920451889101,0.0,0.0,0.0,0.0,4.97,0.1714466079977653,1.0,0.5124707431905383,4.0,0.5124707431905386,0.0,0.0,1.66,1.0937840903778207,1.64,1.1057243158338623,18.34,1.09378409037782,5.0,0.0,20.0,0.0,4.0,0.0,1.0,0.0,0.0,0.0
0,594.0,594.0,100,1.65,1.1043989178267832,0.0825,0.055219945891339176,0.9175,0.05521994589133915,0.0,0.0,0.0005,0.004999999999999999,4.97,0.1714466079977653,0.99,0.5221362491019587,4.01,0.5221362491019588,0.0,0.0,1.65,1.1043989178267832,1.63,1.0885538548686946,18.35,1.1043989178267828,5.0,0.0,20.0,0.0,4.0,0.0,1.0,0.0,0.0,0.0
0,595.0,595.0,100,1.65,1.1043989178267832,0.0825,0.055219945891339176,0.9175,0.05521994589133915,0.0,0.0,0.0,0.0,4.97,0.1714466079977653,0.99,0.5221362491019587,4.01,0.5221362491019588,0.0,0.0,1.65,1.1043989178267832,1.63,1.0885538548686946,18.35,1.1043989178267828,5.0,0.0,20.0,0.0,4.0,0.0,1.0,0.0,0.0,0.0
0,596.0,596.0,100,1.65,1.1043989178267832,0.0825,0.055219945891339176,0.9175,0.05521994589133915,0.0,0.0,0.0,0.0,4.97,0.1714466079977653,0.99,0.5221362491019587,4.01,0.5221362491019588,0.0,0.0,1.65,1.1043989178267832,1.63,1.0885538548686946,18.35,1.1043989178267828,5.0,0.0,20.0,0.0,4.0,0.0,1.0,0.0,0.0,0.0
0,597.0,597.0,100,1.64,1.1057243158338623,0.08200000000000002,0.055286215791693114,0.9179999999999999,0.0552862157916931,0.0,0.0,0.0005,0.004999999999999998,4.97,0.1714466079977653,0.99,0.5221362491019587,4.01,0.5221362491019588,0.0,0.0,1.64,1.1057243158338623,1.63,1.0885538548686946,18.36,1.105724315833862,5.0,0.0,20.0,0.0,4.0,0.0,1.0,0.0,0.0,0.0
0,598.0,598.0,100,1.64,1.1057243158338623,0.08200000000000002,0.055286215791693114,0.9179999999999999,0.0552862157916931,0.0,0.0,0.0,0.0,4.97,0.1714466079977653,0.99,0.5221362491019587,4.01,0.5221362491019588,0.0,0.0,1.64,1.1057243158338623,1.62,1.0897131491703436,18.36,1.105724315833862,5.0,0.0,20.0,0.0,4.0,0.0,1.0,0.0,0.0,0.0
0,599.0,599.0,100,1.63,1.0885538548686946,0.0815,0.05442769274343473,0.9185,0.054427692743434716,0.0,0.0,0.0005000000000000001,0.005,4.97,0.1714466079977653,0.98,0.5120763831912405,4.02,0.5120763831912404,0.0,0.0,1.63,1.0885538548686946,1.62,1.0897131491703436,18.37,1.0885538548686942,5.0,0.0,20.0,0.0,4.0,0.0,1.0,0.0,0.0,0.0
0,600.0,600.0,100,1.63,1.0885538548686946,0.0815,0.05442769274343473,0.9185,0.054427692743434716,0.0,0.0,0.0,0.0,4.97,0.1714466079977653,0.98,0.5120763831912405,4.02,0.5120763831912404,0.0,0.0,1.63,1.0885538548686946,1.62,1.0897131491703436,18.37,1.0885538548686942,5.0,0.0,20.0,0.0,4.0,0.0,1.0,0.0,0.0,0.0
2,0.0,0.0,100,20.12,1.9242209495341906,1.0,0.0,0.0,0.0,0.03640617353660832,0.05189697723839886,,,0.0,0.0,5.0,0.0,0.0,0.0,0.0,0.0,20.0,0.0,0.0,0.0,0.0,0.0,5.0,0.0,20.12,1.9242209495341906,4.024,0.3848441899068381,1.006,0.09621104747670953,0.0,0.0
2,1.0,1.0,100,20.12,1.9242209495341906,1.0,0.0,0.0,0.0,0.03640617353660832,0.05189697723839886,0.0,0.0,0.0,0.0,5.0,0.0,0.0,0.0,0.0,0.0,20.0,0.0,20.0,0.0,0.0,0.0,5.0,0.0,20.12,1.9242209495341906,4.024,0.3848441899068381,1.006,0.09621104747670953,0.0,0.0
2,2.0,2.0,100,20.12,1.9242209495341906,1.0,0.0,0.0,0.0,0.03640617353660832,0.05189697723839886,0.0,0.0,0.0,0.0,5.0,0.0,0.0,0.0,0.0,0.0,20.0,0.0,20.0,0.0,0.0,0.0,5.0,0.0,20.12,1.9242209495341906,4.024,0.3848441899068381,1.006,0.09621104747670953,0.0,0.0
2,3.0,3.0,100,20.12,1.9242209495341906,1.0,0.0,0.0,0.0,0.03640617353660832,0.05189697723839886,0.0,0.0,0.0,0.0,5.0,0.0,0.0,0.0,0.0,0.0,20.0,0.0,20.0,0.0,0.0,0.0,5.0,0.0,20.12,1.9242209495341906,4.024,0.3848441899068381,1.006,0.09621104747670953,0.0,0.0
2,4.0,4.0,100,20.12,1.9242209495341906,1.0,0.0,0.0,0.0,0.03640617353660832,0.05189697723839886,0.0,0.0,0.0,0.0,5.0,0.0,0.0,0.0,0.0,0.0,20.0,0.0,20.0,0.0,0.0,0.0,5.0,0.0,20.12,1.9242209495341906,4.024,0.3848441899068381,1.006,0.09621104747670953,0.0,0.0
2,5.0,5.0,100,20.12,1.9242209495341906,1.0,0.0,0.0,0.0,0.03640617353660832,0.05189697723839886,0.0,0.0,0.0,0.0,5.0,0.0,0.0,0.0,0.0,0.0,20.0,0.0,20.0,0.0,0.0,0.0,5.0,0.0,20.12,1.9242209495341906,4.024,0.3848441899068381,1.006,0.09621104747670953,0.0,0.0
2,6.0,6.0,100,20.12,1.9242209495341906,1.0,0.0,0.0,0.0,0.03640617353660832,0.05189697723839886,0.0,0.0,0.0,0.0,5.0,0.0,0.0,0.0,0.0,0.0,20.0,0.0,20.0,0.0,0.0,0.0,5.0,0.0,20.12,1.9242209495341906,4.024,0.3848441899068381,1.006,0.09621104747670953,0.0,0.0
2,7.0,7.0,100,20.12,1.9242209495341906,1.0,0.0,0.0,0.0,0.03640617353660832,0.05189697723839886,0.0,0.0,0.0,0.0,5.0,0.0,0.0,0.0,0.0,0.0,20.0,0.0,20.0,0.0,0.0,0.0,5.0,0.0,20.12,1.9242209495341906,4.024,0.3848441899068381,1.006,0.09621104747670953,0.0,0.0
2,8.0,8.0,100,20.12,1.9242209495341906,1.0,0.0,0.0,0.0,0.03640617353660832,0.05189697723839886,0.0,0.0,0.0,0.0,5.0,0.0,0.0,0.0,0.0,0.0,20.0,0.0,20.0,0.0,0.0,0.0,5.0,0.0,20.12,1.9242209495341906,4.024,0.3848441899068381,1.006,0.09621104747670953,0.0,0.0
2,9.0,9.0,100,20.12,1.9242209495341906,1.0,0.0,0.0,0.0,0.03640617353660832,0.05189697723839886,0.0,0.0,0.0,0.0,5.0,0.0,0.0,0.0,0.0,0.0,20.0,0.0,20.0,0.0,0.0,0.0,5.0,0.0,20.12,1.9242209495341906,4.024,0.3848441899068381,1.006,0.09621104747670953,0.0,0.0
2,10.0,10.0,100,20.12,1.9242209495341906,1.0,0.0,0.0,0.0,0.03640617353660832,0.05189697723839886,0.0,0.0,0.0,0.0,5.0,0.0,0.0,0.0,0.0,0.0,20.0,0.0,20.0,0.0,0.0,0.0,5.0,0.0,20.12,1.9242209495341906,4.024,0.3848441899068381,1.006,0.09621104747670953,0.0,0.0
2,11.0,11.0,100,20.12,1.9242209495341906,1.0,0.0,0.0,0.0,0.03640617353660832,0.05189697723839886,0.0,0.0,0.0,0.0,5.0,0.0,0.0,0.0,0.0,0.0,20.0,0.0,20.0,0.0,0.0,0.0,5.0,0.0,20.12,1.9242209495341906,4.024,0.3848441899068381,1.006,0.09621104747670953,0.0,0.0
2,12.0,12.0,100,20.12,1.9242209495341906,1.0,0.0,0.0,0.0,0.03640617353660832,0.05189697723839886,0.0,0.0,0.0,0.0,5.0,0.0,0.0,0.0,0.0,0.0,20.0,0.0,20.0,0.0,0.0,0.0,5.0,0.0,20.12,1.9242209495341906,4.024,0.3848441899068381,1.006,0.09621104747670953,0.0,0.0
2,13.0,13.0,100,20.12,1.9242209495341906,1.0,0.0,0.0,0.0,0.03640617353660832,0.05189697723839886,0.0,0.0,0.0,0.0,5.0,0.0,0.0,0.0,0.0,0.0,20.0,0.0,20.0,0.0,0.0,0.0,5.0,0.0,20.12,1.9242209495341906,4.024,0.3848441899068381,1.006,0.09621104747670953,0.0,0.0
2,14.0,14.0,100,20.12,1.9242209495341906,1.0,0.0,0.0,0.0,0.03640617353660832,0.05189697723839886,0.0,0.0,0.0,0.0,5.0,0.0,0.0,0.0,0.0,0.0,20.0,0.0,19.99,0.1,0.0,0.0,5.0,0.0,20.12,1.9242209495341906,4.024,0.3848441899068381,1.006,0.09621104747670953,0.0,0.0
2,15.0,15.0,100,20.12,1.9242209495341906,1.0,0.0,0.0,0.0,0.03640617353660832,0.05189697723839886,0.0,0.0,0.0,0.0,5.0,0.0,0.0,0.0,0.0,0.0,20.0,0.0,19.88,0.40898988651643653,0.0,0.0,5.0,0.0,20.12,1.9242209495341906,4.024,0.3848441899068381,1.006,0.09621104747670953,0.0,0.0
2,16.0,16.0,100,20.12,1.9242209495341906,1.0,0.0,0.0,0.0,0.03640617353660832,0.05189697723839886,0.0,0.0,0.0,0.0,5.0,0.0,0.0,0.0,0.0,0.0,20.0,0.0,19.67,0.7255092255537731,0.0,0.0,5.0,0.0,20.12,1.9242209495341906,4.024,0.3848441899068381,1.006,0.09621104747670953,0.0,0.0
2,17.0,17.0,100,20.12,1.9242209495341906,1.0,0.0,0.0,0.0,0.03640617353660832,0.05189697723839886,0.0,0.0,0.0,0.0,5.0,0.0,0.0,0.0,0.0,0.0,20.0,0.0,19.39,0.9089343299499781,0.0,0.0,5.0,0.0,20.12,1.9242209495341906,4.024,0.3848441899068381,1.006,0.09621104747670953,0.0,0.0
2,18.0,18.0,100,20.12,1.9242209495341906,1.0,0.0,0.0,0.0,0.03640617353660832,0.05189697723839886,0.0,0.0,0.0,0.0,5.0,0.0,0.0,0.0,0.0,0.0,20.0,0.0,19.05,1.200799397034822,0.0,0.0,5.0,0.0,20.12,1.9242209495341906,4.024,0.3848441899068381,1.006,0.09621104747670953,0.0,0.0
2,19.0,19.0,100,20.12,1.9242209495341906,1.0,0.0,0.0,0.0,0.03640617353660832,0.05189697723839886,0.0,0.0,0.0,0.0,5.0,0.0,0.0,0.0,0.0,0.0,20.0,0.0,18.7,1.3595899560105797,0.0,0.0,5.0,0.0,20.12,1.9242209495341906,4.024,0.3848441899068381,1.006,0.09621104747670953,0.0,0.0
2,20.0,20.0,100,20.12,1.9242209495341906,1.0,0.0,0.0,0.0,0.03640617353660832,0.05189697723839886,0.0,0.0,0.0,0.0,5.0,0.0,0.0,0.0,0.0,0.0,20.0,0.0,18.34,1.4299819875958184,0.0,0.0,5.0,0.0,20.12,1.9242209495341906,4.024,0.3848441899068381,1.006,0.09621104747670953,0.0,0.0
2,21.0,21.0,100,20.12,1.9242209495341906,1.0,0.0,0.0,0.0,0.03640617353660832,0.05189697723839886,0.0,0.0,0.0,0.0,5.0,0.0,0.0,0.0,0.0,0.0,20.0,0.0,18.1,1.4389951600707593,0.0,0.0,5.0,0.0,20.12,1.9242209495341906,4.024,0.3848441899068381,1.006,0.09621104747670953,0.0,0.0
2,22.0,22.0,100,20.12,1.9242209495341906,1.0,0.0,0.0,0.0,0.03640617353660832,0.05189697723839886,0.0,0.0,0.0,0.0,5.0,0.0,0.0,0.0,0.0,0.0,20.0,0.0,17.81,1.502153336535471,0.0,0.0,5.0,0.0,20.12,1.9242209495341906,4.024,0.3848441899068381,1.006,0.09621104747670953,0.0,0.0
2,23.0,23.0,100,20.12,1.9242209495341906,1.0,0.0,0.0,0.0,0.03640617353660832,0.05189697723839886,0.0,0.0,0.0,0.0,5.0,0.0,0.0,0.0,0.0,0.0,20.0,0.0,17.48,1.579413009489746,0.0,0.0,5.0,0.0,20.12,1.9242209495341906,4.024,0.3848441899068381,1.006,0.09621104747670953,0.0,0.0
2,24.0,24.0,100,20.11,1.9378995189262382,0.9994444444444445,0.005555555555555558,0.0005555555555555556,0.005555555555555555,0.03640617353660832,0.05189697723839886,0.0005555555555555558,0.0055555555555555575,0.01,0.09999999999999999,5.0,0.0,0.0,0.0,0.0,0.0,19.99,0.1,17.13,1.6121696278899778,0.01,0.09999999999999999,5.0,0.0,20.12,1.9242209495341906,4.024,0.3848441899068381,1.006,0.09621104747670953,0.0,0.0
2,25.0,25.0,100,20.03,1.935604726323445,0.9955283614173774,0.014369839676968171,0.004692982456140351,0.015017475990832632,0.03640617353660832,0.05189697723839886,0.003916083027067007,0.013417274303055641,0.09,0.2876234912646613,5.0,0.0,0.0,0.0,0.0,0.0,19.91,0.28762349126466147,16.84,1.6374407229613295,0.09,0.2876234912646613,5.0,0.0,20.12,1.9242209495341906,4.024,0.3848441899068381,1.006,0.09621104747670953,0.0,0.0
2,26.0,26.0,100,19.87,2.0629242753083696,0.9870816480430326,0.026035282686396304,0.01325657894736842,0.02664893989663039,0.03640617353660832,0.05189697723839886,0.00844671337434495,0.0195244578648132,0.22,0.4163331998932265,5.0,0.0,0.0,0.0,0.0,0.0,19.75,0.5000000000000007,16.64,1.6423683318225961,0.25,0.5,5.0,0.0,20.12,1.9242209495341906,4.024,0.3848441899068381,1.006,0.09621104747670953,0.0,0.0
2,27.0,27.0,100,19.61,2.1409664578730263,0.9739868061953303,0.03784888970100722,0.026747807017543857,0.038371500151590986,0.03640617353660832,0.05189697723839886,0.013094841847702255,0.023662384143411215,0.4,0.49236596391733095,5.0,0.0,0.0,0.0,0.0,0.0,19.49,0.717670192393766,16.29,1.7712348029758025,0.51,0.717670192393766,5.0,0.0,20.12,1.9242209495341906,4.024,0.3848441899068381,1.006,0.09621104747670953,0.0,0.0
2,28.0,28.0,100,19.29,2.2620943187830846,0.9580536316426577,0.05373953382183204,0.043245399036807707,0.05512278770945322,0.03640617353660832,0.05189697723839886,0.015933174552672468,0.028685459151080697,0.5,0.502518907629606,4.94,0.23868325657594197,0.05,0.21904291355759034,0.01,0.09999999999999999,19.16,1.0891568419023148,15.98,1.9948418331772417,0.84,1.0891568419023157,5.0,0.0,20.12,1.9242209495341906,4.024,0.3848441899068381,1.006,0.09621104747670953,0.0,0.0
2,29.0,29.0,100,18.98,2.3483499472496594,0.9423420552223385,0.059945621138129235,0.05946375128998968,0.06157076138441201,0.03640617353660832,0.05189697723839886,0.01571157642031919,0.027760653251628912,0.61,0.49020713000019717,4.9,0.30151134457776363,0.08,0.2726599243442907,0.02,0.14070529413628968,18.84,1.2120606045453786,15.76,2.0056485890170945,1.16,1.212060604545379,5.0,0.0,20.12,1.9242209495341906,4.024,0.3848441899068381,1.006,0.09621104747670953,0.0,0.0
2,30.0,30.0,100,18.62,2.37316649056049,0.9245760776476182,0.06553428000542569,0.07787654798761609,0.06762855932951302,0.03640617353660832,0.05189697723839886,0.01776597757472034,0.026638344768660102,0.73,0.44619604333847374,4.86,0.3487350880197771,0.09,0.2876234912646613,0.05,0.21904291355759034,18.41,1.4570968784302958,15.49,1.9462214102659994,1.59,1.4570968784302962,5.0,0.0,20.12,1.9242209495341906,4.024,0.3848441899068381,1.006,0.09621104747670953,0.0,0.0
2,31.0,31.0,100,18.31,2.3982106123971145,0.9093522316360148,0.07110820543600108,0.09383853629170966,0.07391831769098631,0.03640617353660832,0.05189697723839886,0.015223846011603448,0.02853560010062935,0.79,0.40936018074033237,4.8,0.4020151261036848,0.1,0.30151134457776363,0.1,0.30151134457776363,18.05,1.6414763002993509,15.1,2.0225995873897262,1.95,1.6414763002993504,5.0,0.0,20.12,1.9242209495341906,4.024,0.3848441899068381,1.006,0.09621104747670953,0.0,0.0
2,32.0,32.0,100,18.0,2.4246211825330324,0.8935103611009622,0.070238184857208,0.11014460784313725,0.0725119545357797,0.03640617353660832,0.05189697723839886,0.015841870535052656,0.027046123679646795,0.85,0.35887028128263665,4.73,0.44619604333847357,0.18,0.38612291966536916,0.09,0.2876234912646614,17.75,1.5658927811380323,15.01,1.9720009834652412,2.25,1.5658927811380325,5.0,0.0,20.12,1.9242209495341906,4.024,0.3848441899068381,1.006,0.09621104747670953,0.0,0.0
2,33.0,33.0,100,17.69,2.277225850845185,0.8787937073123403,0.06839788797639394,0.1258639060887513,0.07178268730726863,0.03640617353660832,0.05189697723839886,0.014716653788621754,0.024799268747813963,0.91,0.37859388972001834,4.67,0.47258156262526096,0.22,0.4163331998932266,0.11,0.31446603773522014,17.46,1.5137084036607356,14.93,2.1094065420387698,2.54,1.5137084036607351,5.0,0.0,20.12,1.9242209495341906,4.024,0.3848441899068381,1.006,0.09621104747670953,0.0,0.0
2,34.0,34.0,100,17.35,2.109981090441382,0.8625439366406017,0.06511168796446408,0.14308320433436533,0.06947705593667244,0.03640617353660832,0.05189697723839886,0.016249770671738634,0.030012764244879954,0.97,0.361114996094098,4.6,0.49236596391733095,0.39,0.49020713000019733,0.01,0.1,17.21,1.40198272298754,14.87,2.191143790605973,2.79,1.4019827229875397,5.0,0.0,20.12,1.9242209495341906,4.024,0.3848441899068381,1.006,0.09621104747670953,0.0,0.0
2,35.0,35.0,100,17.16,2.1259341381133994,0.8530069870726185,0.06538465547210036,0.15303796869625041,0.07096837859130709,0.03640617353660832,0.05189697723839886,0.009536949567983356,0.02237173221951967,1.04,0.39999999999999997,4.52,0.5021167315686783,0.4,0.49236596391733095,0.08,0.27265992434429076,16.9,1.5795409127178364,14.79,2.1894835883921084,3.1,1.5795409127178364,5.0,0.0,20.12,1.9242209495341906,4.024,0.3848441899068381,1.006,0.09621104747670953,0.0,0.0
2,36.0,36.0,100,16.98,2.0839938346910487,0.84407132771769,0.06358858884538399,0.1622607069143447,0.06855211888270143,0.03640617353660832,0.05189697723839886,0.008935659354928436,0.020515115131963087,1.07,0.3828389433765282,4.47,0.5016135580465919,0.45,0.5,0.08,0.2726599243442907,16.76,1.464185228664182,14.77,2.107490249447231,3.24,1.4641852286641825,5.0,0.0,20.12,1.9242209495341906,4.024,0.3848441899068381,1.006,0.09621104747670953,0.0,0.0
2,37.0,37.0,100,16.74,2.1063636145660314,0.8317886013860506,0.06323884846382671,0.174969040247678,0.06781540614798295,0.03640617353660832,0.05189697723839886,0.012282726331639378,0.02721134756299378,1.15,0.4351941398892446,4.43,0.49756985195624304,0.53,0.5016135580465919,0.04,0.19694638556693236,16.57,1.3944695961351958,14.65,2.036906944116471,3.43,1.394469596135195,5.0,0.0,20.12,1.9242209495341906,4.024,0.3848441899068381,1.006,0.09621104747670953,0.0,0.0
2,38.0,38.0,100,16.55,2.056647266742156,0.8225025688640341,0.06308205159104568,0.1847870227038184,0.06781455779640409,0.03640617353660832,0.05189697723839886,0.009286032522016504,0.023316252914331613,1.21,0.47768380565162377,4.38,0.4878317312145632,0.57,0.4975698519562431,0.05,0.21904291355759034,16.37,1.3901166290726268,14.52,2.0571628987319386,3.63,1.3901166290726266,5.0,0.0,20.12,1.9242209495341906,4.024,0.3848441899068381,1.006,0.09621104747670953,0.0,0.0
2,39.0,39.0,100,16.38,2.063536241063339,0.8140063628856299,0.06361319123626841,0.19348344513243895,0.06783404752671693,0.03640617353660832,0.05189697723839886,0.00849620597840412,0.02257941984872802,1.26,0.5049252369900864,4.38,0.4878317312145632,0.6,0.49236596391733084,0.02,0.1407052941362897,16.23,1.3622248586986532,14.49,2.0024984394500778,3.77,1.362224858698653,5.0,0.0,20.12,1.9242209495341906,4.024,0.3848441899068381,1.006,0.09621104747670953,0.0,0.0
2,40.0,40.0,100,16.1,2.195035721390843,0.7996425559558822,0.07116893678144381,0.20821766425868593,0.07444901907922674,0.03640617353660832,0.05189697723839886,0.014363806929747838,0.029207801025154582,1.35,0.5388914922357193,4.32,0.48989794855663565,0.66,0.4968588198559897,0.02,0.14070529413628968,15.96,1.4696938456699071,14.34,1.9808170949475277,4.04,1.4696938456699067,5.0,0.0,20.12,1.9242209495341906,4.024,0.3848441899068381,1.006,0.09621104747670953,0.0,0.0
2,41.0,41.0,100,15.9,2.32900030576263,0.7894383690907887,0.07987803640563244,0.21873843309253527,0.08308923478069932,0.03640617353660832,0.05189697723839886,0.010204186865093447,0.021550389762790743,1.39,0.5485518124198394,4.25,0.5573204290227127,0.72,0.5333333333333334,0.03,0.1714466079977653,15.74,1.6794660045996952,14.15,1.9662557351884864,4.26,1.6794660045996945,5.0,0.0,20.12,1.9242209495341906,4.024,0.3848441899068381,1.006,0.09621104747670953,0.0,0.0
2,42.0,42.0,100,15.73,2.3649588374917445,0.7806131459393271,0.07952559438438216,0.22778551771585828,0.0824077116087509,0.03640617353660832,0.05189697723839886,0.008825223151461541,0.019723136015089602,1.46,0.5397343154859909,4.23,0.5478147589295217,0.72,0.5333333333333332,0.05,0.21904291355759034,15.55,1.695954783083153,14.07,1.9707712688030024,4.45,1.6959547830831536,5.0,0.0,20.12,1.9242209495341906,4.024,0.3848441899068381,1.006,0.09621104747670953,0.0,0.0
2,43.0,43.0,100,15.62,2.4153549209048744,0.774984336597131,0.08233220811836035,0.23358668730650156,0.08515649619892701,0.03640617353660832,0.05189697723839886,0.00562880934219607,0.021177494570664587,1.47,0.5403889358787816,4.2,0.5685352436149611,0.78,0.5610235955354058,0.02,0.1407052941362897,15.48,1.6786237749352229,13.87,1.8458525718950898,4.52,1.678623774935223,5.0,0.0,20.12,1.9242209495341906,4.024,0.3848441899068381,1.006,0.09621104747670953,0.0,0.0
2,44.0,44.0,100,15.46,2.479898987841842,0.7669022955600658,0.0871076305881003,0.24196366529067767,0.08975260349451913,0.03640617353660832,0.05189697723839886,0.008082041037065267,0.019915826533089275,1.48,0.5408560367835902,4.12,0.5908391567007969,0.88,0.5908391567007972,0.0,0.0,15.34,1.730417127268288,13.67,1.896594502541518,4.66,1.730417127268288,5.0,0.0,20.12,1.9242209495341906,4.024,0.3848441899068381,1.006,0.09621104747670953,0.0,0.0
2,45.0,45.0,100,15.29,2.48346044010686,0.7584436905835075,0.0888700378695134,0.2508143274853801,0.0915713537247852,0.03640617353660832,0.05189697723839886,0.008458604976558265,0.020221771096145175,1.54,0.5206833117271104,4.09,0.6046119049072353,0.9,0.5945883900105631,0.01,0.1,15.16,1.767952648024422,13.63,1.801542548916221,4.84,1.767952648024422,5.0,0.0,20.12,1.9242209495341906,4.024,0.3848441899068381,1.006,0.09621104747670953,0.0,0.0
2,46.0,46.0,100,15.12,2.462978405561573,0.7500983352164803,0.08892904121589433,0.2595341417268662,0.09185779566558193,0.03640617353660832,0.05189697723839886,0.008345355367027194,0.021414558989035465,1.6,0.5124707431905384,4.06,0.6166052385457168,0.92,0.5976384502119296,0.02,0.14070529413628968,14.97,1.8060224726500973,13.52,1.8339117544833838,5.03,1.8060224726500973,5.0,0.0,20.12,1.9242209495341906,4.024,0.3848441899068381,1.006,0.09621104747670953,0.0,0.0
2,47.0,47.0,100,14.99,2.43084139733342,0.7438647918719531,0.08870788864408578,0.26606045751633983,0.09193314195359849,0.03640617353660832,0.05189697723839886,0.006233543344527328,0.01772404851189849,1.64,0.5029207620781756,4.04,0.6182412330330471,0.93,0.6236905474591538,0.03,0.1714466079977653,14.83,1.8370760694234967,13.38,1.8355633819873738,5.17,1.8370760694234969,5.0,0.0,20.12,1.9242209495341906,4.024,0.3848441899068381,1.006,0.09621104747670953,0.0,0.0
2,48.0,48.0,100,14.82,2.4010940267412533,0.7355516770691356,0.087901178337874,0.27469203646370827,0.09123603230506279,0.03640617353660832,0.05189697723839886,0.008313114802817318,0.01982172331604797,1.67,0.4934930126509934,4.01,0.6275654418770874,0.96,0.6182412330330469,0.03,0.17144660799776532,14.67,1.814949146406147,13.26,1.8996012340712054,5.33,1.8149491464061474,5.0,0.0,20.12,1.9242209495341906,4.024,0.3848441899068381,1.006,0.09621104747670953,0.0,0.0
2,49.0,49.0,100,14.67,2.365812906184829,0.7283055264488432,0.08749540653152199,0.2823002235982112,0.09120332765791561,0.03640617353660832,0.05189697723839886,0.007246150620292496,0.0173860725362615,1.71,0.4776838056516236,3.98,0.635323825805678,1.01,0.6275654418770872,0.01,0.09999999999999999,14.54,1.8058267084662636,13.14,1.9175952954603628,5.46,1.8058267084662636,5.0,0.0,20.12,1.9242209495341906,4.024,0.3848441899068381,1.006,0.09621104747670953,0.0,0.0
2,50.0,50.0,100,14.61,2.356572583952029,0.7251988013026444,0.08674141613164842,0.2854902820777434,0.08988754569502533,0.03640617353660832,0.05189697723839886,0.00310672514619883,0.012412939571335381,1.73,0.4461960433384737,3.97,0.6428314889862843,1.03,0.6428314889862845,0.0,0.0,14.49,1.7609398317117746,13.02,1.9846888670494176,5.51,1.760939831711774,5.0,0.0,20.12,1.9242209495341906,4.024,0.3848441899068381,1.006,0.09621104747670953,0.0,0.0
2,51.0,51.0,100,14.39,2.2957800549281853,0.7140755835910398,0.08275215300560704,0.29705534055727556,0.08559535710341724,0.03640617353660832,0.05189697723839886,0.011123217711604438,0.023912013435789452,1.82,0.38612291966536916,3.93,0.6396811074214392,1.06,0.6327748733981464,0.01,0.1,14.26,1.6854696914534177,12.89,2.122010672199669,5.74,1.685469691453418,5.0,0.0,20.12,1.9242209495341906,4.024,0.3848441899068381,1.006,0.09621104747670953,0.0,0.0
2,52.0,52.0,100,14.26,2.290163418808467,0.7077812088201205,0.08367232854914002,0.3036606037151703,0.08720838376039385,0.03640617353660832,0.05189697723839886,0.006294374770919393,0.018040360478163677,1.86,0.37658754867650873,3.91,0.6528105515091004,1.07,0.6396811074214395,0.02,0.14070529413628968,14.12,1.7307673314329561,12.83,2.1084486134491294,5.88,1.7307673314329564,5.0,0.0,20.12,1.9242209495341906,4.024,0.3848441899068381,1.006,0.09621104747670953,0.0,0.0
2,53.0,53.0,100,14.06,2.2733413311865003,0.6975592094871372,0.08279155556122443,0.3144091417268662,0.08642972589282433,0.03640617353660832,0.05189697723839886,0.010221999332983315,0.030789545852146227,1.93,0.3554766326548573,3.88,0.6556668284265952,1.1,0.6590473688161076,0.02,0.1407052941362897,13.92,1.6918103387266028,12.74,2.1254589522208502,6.08,1.6918103387266028,5.0,0.0,20.12,1.9242209495341906,4.024,0.3848441899068381,1.006,0.09621104747670953,0.0,0.0
2,54.0,54.0,100,13.93,2.2841350063585835,0.6910988705634115,0.083329276661888,0.3210992002063983,0.08711171556842748,0.03640617353660832,0.05189697723839886,0.006460338923725651,0.020525735617430603,1.98,0.40151229272853056,3.85,0.6571287406727709,1.14,0.6516490348695874,0.01,0.09999999999999998,13.8,1.7056057308448838,12.62,2.2191999650433676,6.2,1.7056057308448835,5.0,0.0,20.12,1.9242209495341906,4.024,0.3848441899068381,1.006,0.09621104747670953,0.0,0.0
2,55.0,55.0,100,13.77,2.304387558593828,0.6829675359686902,0.08371912442339176,0.3294559253525972,0.08719753591486398,0.03640617353660832,0.05189697723839886,0.008131334594721323,0.022991532659214053,2.04,0.4476650984877428,3.83,0.667499479816693,1.15,0.6571287406727709,0.02,0.1407052941362897,13.61,1.7746531884832992,12.55,2.244521950856972,6.39,1.7746531884832988,5.0,0.0,20.12,1.9242209495341906,4.024,0.3848441899068381,1.006,0.09621104747670953,0.0,0.0
2,56.0,56.0,100,13.68,2.228737922518645,0.6786727434868268,0.08099007545598558,0.3340377966976264,0.0844319921135192,0.03640617353660832,0.05189697723839886,0.0042947924818634185,0.013782519922484464,2.07,0.45516119910611585,3.82,0.6572055933413774,1.15,0.6415731927193978,0.03,0.1714466079977653,13.53,1.6964311916133785,12.47,2.258340322028771,6.47,1.6964311916133785,5.0,0.0,20.12,1.9242209495341906,4.024,0.3848441899068381,1.006,0.09621104747670953,0.0,0.0
2,57.0,57.0,100,13.53,2.307016088440484,0.6710351147476534,0.0859346468840872,0.3418791709666323,0.08906921826820313,0.03640617353660832,0.05189697723839886,0.007637628739173362,0.018363287542061683,2.08,0.4644971213662964,3.8,0.6513389472789297,1.19,0.6465916857498311,0.01,0.1,13.4,1.740776559556978,12.34,2.3103631268217946,6.6,1.7407765595569784,5.0,0.0,20.12,1.9242209495341906,4.024,0.3848441899068381,1.006,0.09621104747670953,0.0,0.0
2,58.0,58.0,100,13.34,2.383529341378478,0.6613703063168268,0.08963377120809234,0.3517856037151703,0.09237063437076194,0.03640617353660832,0.05189697723839886,0.009664808430826738,0.023727966218492127,2.13,0.46395314984653924,3.8,0.6513389472789297,1.2,0.6513389472789298,0.0,0.0,13.22,1.784218132245703,12.27,2.2331524123914366,6.78,1.7842181322457027,5.0,0.0,20.12,1.9242209495341906,4.024,0.3848441899068381,1.006,0.09621104747670953,0.0,0.0
2,59.0,59.0,100,13.21,2.438309565119559,0.6547828028909366,0.09341585617819713,0.35860066219470244,0.09601810909721357,0.03640617353660832,0.05189697723839886,0.006587503425890155,0.017225518519024586,2.16,0.46536615322309016,3.74,0.6907761700954349,1.26,0.690776170095435,0.0,0.0,13.09,1.8427855506972555,12.11,2.313312374370167,6.91,1.8427855506972552,5.0,0.0,20.12,1.9242209495341906,4.024,0.3848441899068381,1.006,0.09621104747670953,0.0,0.0
2,60.0,60.0,100,13.06,2.4896553653836984,0.6471304473644391,0.09582395982924498,0.36643107155142757,0.09813461472170147,0.03640617353660832,0.05189697723839886,0.007652355526497405,0.02000129180044639,2.22,0.4623173950192376,3.71,0.7148497051899095,1.27,0.6942039987778752,0.02,0.14070529413628974,12.92,1.9158034946995557,12.02,2.2517333390752627,7.08,1.9158034946995557,5.0,0.0,20.12,1.9242209495341906,4.024,0.3848441899068381,1.006,0.09621104747670953,0.0,0.0
2,61.0,61.0,100,13.01,2.5085510325341764,0.6447122972460602,0.09735921346224251,0.368983703130375,0.1000650320550768,0.03640617353660832,0.05189697723839886,0.0024181501183789533,0.010626567512346325,2.23,0.46828722947879897,3.7,0.7177405625652733,1.25,0.6723244767373877,0.05,0.2611164839335468,12.84,2.008668084763502,11.94,2.295450045000089,7.16,2.0086680847635012,5.0,0.0,20.12,1.9242209495341906,4.024,0.3848441899068381,1.006,0.09621104747670953,0.0,0.0
2,62.0,62.0,100,12.91,2.5270056540810466,0.6396114546761774,0.09788788624146622,0.3743204764361885,0.10102334409065243,0.03640617353660832,0.05189697723839886,0.005100842569882818,0.015498459309504832,2.26,0.4845074558223793,3.66,0.6994947671662235,1.34,0.6994947671662235,0.0,0.0,12.79,1.9347695814575268,11.79,2.345401690736385,7.21,1.9347695814575268,5.0,0.0,20.12,1.9242209495341906,4.024,0.3848441899068381,1.006,0.09621104747670953,0.0,0.0
2,63.0,63.0,100,12.85,2.5716991199664796,0.6363950804071715,0.09943429850533508,0.3775368507051944,0.10208002561474842,0.03640617353660832,0.05189697723839886,0.003216374269005847,0.01279941032902831,2.26,0.4845074558223793,3.64,0.7180219742846006,1.36,0.7180219742846005,0.0,0.0,12.73,1.9480889366377772,11.78,2.281148036326526,7.27,1.9480889366377774,5.0,0.0,20.12,1.9242209495341906,4.024,0.3848441899068381,1.006,0.09621104747670953,0.0,0.0
2,64.0,64.0,100,12.74,2.634733038054933,0.630858521521777,0.10336448965179398,0.38335074819401443,0.10679495429377885,0.03640617353660832,0.05189697723839886,0.005536558885394529,0.01896816150697512,2.27,0.48938221207451904,3.59,0.71201804539611,1.4,0.7106690545187013,0.01,0.09999999999999999,12.61,2.0444307201998724,11.7,2.208797835653566,7.39,2.0444307201998724,5.0,0.0,20.12,1.9242209495341906,4.024,0.3848441899068381,1.006,0.09621104747670953,0.0,0.0
2,65.0,65.0,100,12.66,2.6561154897612216,0.6270258502520348,0.10549262643658741,0.3874326195390437,0.10959280732618525,0.03640617353660832,0.05189697723839886,0.003832671269742207,0.01310849043129927,2.29,0.4983812179284431,3.57,0.7142842712828136,1.43,0.7142842712828136,0.0,0.0,12.54,2.095787019790711,11.64,2.1859052628560596,7.46,2.0957870197907114,5.0,0.0,20.12,1.9242209495341906,4.024,0.3848441899068381,1.006,0.09621104747670953,0.0,0.0
2,66.0,66.0,100,12.54,2.7133042958761937,0.6210669947800214,0.10881697075320063,0.39357004643962845,0.1129463495098661,0.03640617353660832,0.05189697723839886,0.005958855472013367,0.021273584613292807,2.32,0.5101000100000197,3.55,0.7159792333764036,1.43,0.7142842712828134,0.02,0.1407052941362897,12.4,2.2065101107148517,11.54,2.133996109166883,7.6,2.206510110714852,5.0,0.0,20.12,1.9242209495341906,4.024,0.3848441899068381,1.006,0.09621104747670953,0.0,0.0
2,67.0,67.0,100,12.44,2.7166527235187834,0.6160634442369972,0.10910118027774197,0.3987045493636051,0.11291689695243672,0.03640617353660832,0.05189697723839886,0.005003550543024227,0.015130534970315872,2.37,0.525222415609412,3.52,0.7174590404667536,1.47,0.7171069824248152,0.01,0.09999999999999998,12.31,2.1913281798761206,11.45,2.1713236664869804,7.69,2.1913281798761206,5.0,0.0,20.12,1.9242209495341906,4.024,0.3848441899068381,1.006,0.09621104747670953,0.0,0.0
2,68.0,68.0,100,12.36,2.698746435520077,0.6120255654491185,0.10756709595750276,0.40287121603027176,0.11135684227043256,0.03640617353660832,0.05189697723839886,0.004037878787878789,0.013828326791094749,2.4,0.5124707431905383,3.5,0.7177405625652733,1.5,0.7177405625652734,0.0,0.0,12.24,2.15143832555964,11.38,2.0927001551569537,7.76,2.1514383255596403,5.0,0.0,20.12,1.9242209495341906,4.024,0.3848441899068381,1.006,0.09621104747670953,0.0,0.0
2,69.0,69.0,100,12.26,2.7362881294324115,0.6068993407965779,0.10903078059019339,0.4080905142758858,0.11251163265387214,0.03640617353660832,0.05189697723839886,0.005126224652540446,0.015496128757418796,2.44,0.5187397315522584,3.48,0.7314024165597861,1.5,0.7316785737969477,0.02,0.1407052941362897,12.12,2.1755296580210746,11.29,2.0611607987694307,7.88,2.1755296580210746,5.0,0.0,20.12,1.9242209495341906,4.024,0.3848441899068381,1.006,0.09621104747670953,0.0,0.0
2,70.0,70.0,100,12.16,2.718139589550696,0.6019235490444704,0.1084590889461184,0.41330981252149984,0.1118999646855622,0.03640617353660832,0.05189697723839886,0.004975791752107545,0.01508414346490224,2.5,0.5222329678670935,3.46,0.7305733185227707,1.54,0.7305733185227706,0.0,0.0,12.04,2.159872798349593,11.12,1.9912941835029112,7.96,2.1598727983495936,5.0,0.0,20.12,1.9242209495341906,4.024,0.3848441899068381,1.006,0.09621104747670953,0.0,0.0
2,71.0,71.0,100,12.06,2.725932330544372,0.5969885860605944,0.11013544565590082,0.4185459236326109,0.1137636466399749,0.03640617353660832,0.05189697723839886,0.004934962983876025,0.01614711299593976,2.53,0.5213618530523516,3.44,0.7291893935852137,1.56,0.7291893935852137,0.0,0.0,11.94,2.1919042963698128,11.05,1.9507833184532712,8.06,2.1919042963698128,5.0,0.0,20.12,1.9242209495341906,4.024,0.3848441899068381,1.006,0.09621104747670953,0.0,0.0
2,72.0,72.0,100,11.96,2.7114422715446462,0.591904626160845,0.1085327464438363,0.4236775025799793,0.11161155864843572,0.03640617353660832,0.05189697723839886,0.005083959899749373,0.018361194167884835,2.56,0.5187397315522583,3.43,0.7142842712828137,1.55,0.7159792333764037,0.02,0.14070529413628968,11.81,2.1867137836756716,11.0,1.9898733526523638,8.19,2.1867137836756716,5.0,0.0,20.12,1.9242209495341906,4.024,0.3848441899068381,1.006,0.09621104747670953,0.0,0.0
2,73.0,73.0,100,11.88,2.712783057893115,0.587871835851739,0.10879390932999959,0.4278412452700378,0.11164519480512862,0.03640617353660832,0.05189697723839886,0.004032790309106099,0.017281364794033457,2.58,0.5160064207571706,3.42,0.7272474743090475,1.56,0.7429126408395484,0.02,0.14070529413628968,11.74,2.163143989472711,10.87,1.9418568641401144,8.26,2.163143989472711,5.0,0.0,20.12,1.9242209495341906,4.024,0.3848441899068381,1.006,0.09621104747670953,0.0,0.0
2,74.0,74.0,100,11.74,2.6385640416749796,0.5810472112137276,0.10610464137916889,0.43503130374957005,0.1088226669295968,0.03640617353660832,0.05189697723839886,0.006824624638011365,0.017091803735675037,2.64,0.48241815132442184,3.39,0.7371114795831993,1.61,0.7371114795831993,0.0,0.0,11.62,2.0975213847767944,10.79,1.9503690404483438,8.38,2.0975213847767944,5.0,0.0,20.12,1.9242209495341906,4.024,0.3848441899068381,1.006,0.09621104747670953,0.0,0.0
2,75.0,75.0,100,11.68,2.597123505929301,0.5782509567435601,0.10479790955172713,0.43803130374957,0.10780060758995509,0.03640617353660832,0.05189697723839886,0.002796254470167512,0.011135453463208845,2.66,0.47609522856952324,3.39,0.7371114795831993,1.61,0.7371114795831993,0.0,0.0,11.56,2.085641146002588,10.76,1.886260797975666,8.44,2.085641146002588,5.0,0.0,20.12,1.9242209495341906,4.024,0.3848441899068381,1.006,0.09621104747670953,0.0,0.0
2,76.0,76.0,100,11.56,2.543837870445188,0.5724889331073946,0.10313653489314191,0.4440839353285174,0.10608394809590807,0.03640617353660832,0.05189697723839886,0.0057620236361655116,0.01572064000890864,2.71,0.4560480215720684,3.37,0.733815268637038,1.63,0.7338152686370383,0.0,0.0,11.44,2.06617785030498,10.73,1.863281562678647,8.56,2.06617785030498,5.0,0.0,20.12,1.9242209495341906,4.024,0.3848441899068381,1.006,0.09621104747670953,0.0,0.0
2,77.0,77.0,100,11.46,2.4961384317996202,0.5675196607344137,0.10129884653848983,0.449422170622635,0.10477596186312929,0.03640617353660832,0.05189697723839886,0.004969272372980814,0.016509461431622626,2.74,0.46319051646752707,3.37,0.733815268637038,1.63,0.7338152686370383,0.0,0.0,11.34,2.0311712300189186,10.61,1.863498393513196,8.66,2.0311712300189186,5.0,0.0,20.12,1.9242209495341906,4.024,0.3848441899068381,1.006,0.09621104747670953,0.0,0.0
2,78.0,78.0,100,11.35,2.446911060372596,0.5620310305135854,0.09839584247148353,0.4551185930512556,0.10164798183982028,0.03640617353660832,0.05189697723839886,0.005488630220828361,0.017028670713692746,2.79,0.4560480215720686,3.37,0.733815268637038,1.63,0.7338152686370383,0.0,0.0,11.23,1.973844118987264,10.46,1.9301959915139613,8.77,1.973844118987264,5.0,0.0,20.12,1.9242209495341906,4.024,0.3848441899068381,1.006,0.09621104747670953,0.0,0.0
2,79.0,79.0,100,11.25,2.3926444522217403,0.557249868121439,0.09616717575251543,0.4601449088407293,0.09989844079415558,0.03640617353660832,0.05189697723839886,0.0047811623921463755,0.01610089876344298,2.83,0.47258156262526063,3.36,0.7180219742846006,1.64,0.7180219742846006,0.0,0.0,11.13,1.9522325991572114,10.4,1.974586006987262,8.87,1.9522325991572114,5.0,0.0,20.12,1.9242209495341906,4.024,0.3848441899068381,1.006,0.09621104747670953,0.0,0.0
2,80.0,80.0,100,11.18,2.3284798006034277,0.5539544857260565,0.09378619791114218,0.4637004643962848,0.09800062307598346,0.03640617353660832,0.05189697723839886,0.0032953823953823956,0.01212993044334981,2.87,0.48523658709390965,3.35,0.7017294652672371,1.65,0.701729465267237,0.0,0.0,11.06,1.9218047073866105,10.3,1.9668977778946393,8.94,1.9218047073866105,5.0,0.0,20.12,1.9242209495341906,4.024,0.3848441899068381,1.006,0.09621104747670953,0.0,0.0
2,81.0,81.0,100,11.08,2.299231316432656,0.5488425130582015,0.09247334921063698,0.46909425524595805,0.0967685136334116,0.03640617353660832,0.05189697723839886,0.0051119726678550215,0.01908383818962456,2.91,0.4943110704237103,3.34,0.7137891491854925,1.65,0.701729465267237,0.01,0.09999999999999999,10.95,1.8822670620635358,10.19,1.9678989462434961,9.05,1.8822670620635358,5.0,0.0,20.12,1.9242209495341906,4.024,0.3848441899068381,1.006,0.09621104747670953,0.0,0.0
2,82.0,82.0,100,10.97,2.2628086596756325,0.5437743439529615,0.09305335748495872,0.4746761265909873,0.0991072752339714,0.03640617353660832,0.05189697723839886,0.005068169105240046,0.01456955218907578,2.93,0.517472489875334,3.32,0.708961397134049,1.68,0.7089613971340493,0.0,0.0,10.85,1.9403998338361907,10.04,1.9380298232895168,9.15,1.9403998338361907,5.0,0.0,20.12,1.9242209495341906,4.024,0.3848441899068381,1.006,0.09621104747670953,0.0,0.0
2,83.0,83.0,100,10.9,2.263009527424072,0.5403071912226509,0.0933503174929709,0.47825799793601653,0.09919957874759638,0.03640617353660832,0.05189697723839886,0.003467152730310626,0.012734345966062264,2.96,0.5108914767444266,3.32,0.708961397134049,1.68,0.7089613971340493,0.0,0.0,10.78,1.946662515562199,9.94,1.9530861359769713,9.22,1.946662515562199,5.0,0.0,20.12,1.9242209495341906,4.024,0.3848441899068381,1.006,0.09621104747670953,0.0,0.0
2,84.0,84.0,100,10.82,2.271385462485819,0.5362878782342977,0.09369195268441288,0.4823725490196078,0.09928807260092035,0.03640617353660832,0.05189697723839886,0.004019312988353237,0.015467495344080429,2.98,0.5120763831912406,3.3,0.7035264706814484,1.7,0.7035264706814484,0.0,0.0,10.7,1.9514304517662957,9.85,1.9036116656864062,9.3,1.9514304517662957,5.0,0.0,20.12,1.9242209495341906,4.024,0.3848441899068381,1.006,0.09621104747670953,0.0,0.0
2,85.0,85.0,100,10.75,2.280240107860343,0.5327273101474138,0.09375201440236547,0.48598073615411075,0.09895304615497018,0.03640617353660832,0.05189697723839886,0.0035605680868838773,0.013063160027394041,3.02,0.5120763831912405,3.3,0.7035264706814484,1.7,0.7035264706814484,0.0,0.0,10.63,1.9470516431286817,9.77,1.8848411770295828,9.37,1.9470516431286817,5.0,0.0,20.12,1.9242209495341906,4.024,0.3848441899068381,1.006,0.09621104747670953,0.0,0.0
2,86.0,86.0,100,10.66,2.2029365158645167,0.528358351635502,0.09006987565943177,0.49065084279325766,0.0959342211524263,0.03640617353660832,0.05189697723839886,0.004368958511911803,0.014072037395381399,3.04,0.5108914767444266,3.27,0.7086051171994259,1.72,0.7118052168020875,0.01,0.09999999999999998,10.53,1.8933962857652105,9.72,1.9126373985107106,9.47,1.8933962857652105,5.0,0.0,20.12,1.9242209495341906,4.024,0.3848441899068381,1.006,0.09621104747670953,0.0,0.0
2,87.0,87.0,100,10.58,2.1375904493828863,0.524718399482392,0.08856940563234209,0.4946771585827313,0.09579340045942875,0.03640617353660832,0.05189697723839886,0.003639952153110048,0.012452673387699566,3.08,0.544578420951158,3.27,0.7086051171994259,1.73,0.708605117199426,0.0,0.0,10.46,1.903850431269869,9.61,1.9326801404403486,9.54,1.903850431269869,5.0,0.0,20.12,1.9242209495341906,4.024,0.3848441899068381,1.006,0.09621104747670953,0.0,0.0
2,88.0,88.0,100,10.48,2.115264388756979,0.5199808135389237,0.08901820084436651,0.49976539387684904,0.0972193893494969,0.03640617353660832,0.05189697723839886,0.004737585943468297,0.01553545131205523,3.12,0.5555959581268286,3.24,0.7264136340107938,1.76,0.7264136340107937,0.0,0.0,10.36,1.9411545039179154,9.57,1.9240897099982657,9.64,1.9411545039179154,5.0,0.0,20.12,1.9242209495341906,4.024,0.3848441899068381,1.006,0.09621104747670953,0.0,0.0
2,89.0,89.0,100,10.37,2.181904459573579,0.5142143547225423,0.09212013968397419,0.5056487358101136,0.09954252073282446,0.03640617353660832,0.05189697723839886,0.005766458816381417,0.01804226243492655,3.15,0.5751591786697667,3.22,0.7327821620165826,1.78,0.7327821620165826,0.0,0.0,10.25,1.9662557351884862,9.47,1.9460137967058961,9.75,1.9662557351884862,5.0,0.0,20.12,1.9242209495341906,4.024,0.3848441899068381,1.006,0.09621104747670953,0.0,0.0
2,90.0,90.0,100,10.25,2.1666666666666665,0.5083566326350247,0.09240675596473304,0.5118480822153423,0.10045909252356745,0.03640617353660832,0.05189697723839886,0.0058577220875174855,0.01756071421412104,3.18,0.5752469825293227,3.19,0.7479939501726933,1.81,0.7479939501726932,0.0,0.0,10.13,1.9881212897170695,9.39,1.9791590908945917,9.87,1.9881212897170695,5.0,0.0,20.12,1.9242209495341906,4.024,0.3848441899068381,1.006,0.09621104747670953,0.0,0.0
2,91.0,91.0,100,10.08,2.1352264327681776,0.5002574964060931,0.09347957228208924,0.5204918730650155,0.10263841829290915,0.03640617353660832,0.05189697723839886,0.00809913622893163,0.020098189006065012,3.26,0.5794459213400125,3.19,0.7479939501726933,1.81,0.7479939501726932,0.0,0.0,9.96,2.044554235084514,9.28,2.0844784731559365,10.04,2.044554235084514,5.0,0.0,20.12,1.9242209495341906,4.024,0.3848441899068381,1.006,0.09621104747670953,0.0,0.0
2,92.0,92.0,100,9.99,2.100961780718632,0.4957369526223914,0.09168994791226749,0.5251292999656002,0.10039586760392201,0.03640617353660832,0.05189697723839886,0.004520543783701677,0.01448378675216757,3.3,0.5945883900105633,3.17,0.7528397417562895,1.83,0.7528397417562894,0.0,0.0,9.87,2.003305349474294,9.24,2.0991580803895276,10.13,2.003305349474294,5.0,0.0,20.12,1.9242209495341906,4.024,0.3848441899068381,1.006,0.09621104747670953,0.0,0.0
2,93.0,93.0,100,9.86,2.1273590589405837,0.4890653839949405,0.09331896432283081,0.531967535259718,0.10129568575251732,0.03640617353660832,0.05189697723839886,0.006671568627450981,0.022096055285670844,3.35,0.6092717958449423,3.15,0.7571210756756961,1.84,0.7483314773547883,0.01,0.1,9.73,2.0143675850441913,9.18,2.0664711539973233,10.27,2.0143675850441913,5.0,0.0,20.12,1.9242209495341906,4.024,0.3848441899068381,1.006,0.09621104747670953,0.0,0.0
2,94.0,94.0,100,9.78,2.0965580258021848,0.48519312759636823,0.0917109731778027,0.5360757223942209,0.10063847011317223,0.03640617353660832,0.05189697723839886,0.003872256398572191,0.013269948055165,3.4,0.6030226891555273,3.14,0.7523699927965004,1.86,0.7523699927965003,0.0,0.0,9.66,2.001110802640484,9.05,2.0018930434905253,10.34,2.001110802640484,5.0,0.0,20.12,1.9242209495341906,4.024,0.3848441899068381,1.006,0.09621104747670953,0.0,0.0
2,95.0,95.0,100,9.69,2.1352973913473856,0.48061272277997946,0.09506679593299962,0.5408937048503613,0.10387465999489798,0.03640617353660832,0.05189697723839886,0.004580404816388799,0.017859027799375975,3.41,0.5876678784428628,3.12,0.782123501575788,1.88,0.782123501575788,0.0,0.0,9.57,2.036311777838958,8.94,2.004137135169562,10.43,2.036311777838958,5.0,0.0,20.12,1.9242209495341906,4.024,0.3848441899068381,1.006,0.09621104747670953,0.0,0.0
2,96.0,96.0,100,9.67,2.151133128696068,0.47950161166886834,0.09548630509470364,0.5420048159614723,0.10402696261658405,0.03640617353660832,0.05189697723839886,0.0011111111111111111,0.01111111111111111,3.41,0.5876678784428628,3.12,0.782123501575788,1.88,0.782123501575788,0.0,0.0,9.55,2.0319418984773843,8.92,1.9933221850301412,10.45,2.0319418984773843,5.0,0.0,20.12,1.9242209495341906,4.024,0.3848441899068381,1.006,0.09621104747670953,0.0,0.0
2,97.0,97.0,100,9.64,2.120224878486604,0.47815585597528654,0.09482256335426185,0.5435048159614724,0.10376804170177664,0.03640617353660832,0.05189697723839886,0.0013457556935817811,0.0076983444330309524,3.42,0.5891270720911637,3.11,0.7900262110470855,1.89,0.7900262110470856,0.0,0.0,9.52,2.0324637981792173,8.82,2.046825578669309,10.48,2.0324637981792173,5.0,0.0,20.12,1.9242209495341906,4.024,0.3848441899068381,1.006,0.09621104747670953,0.0,0.0
2,98.0,98.0,100,9.53,2.086294864736589,0.4725973549797146,0.09257021455297698,0.5491977984176127,0.1011105415527338,0.03640617353660832,0.05189697723839886,0.005558500995571936,0.017791309052687054,3.45,0.6092717958449424,3.11,0.7900262110470855,1.89,0.7900262110470856,0.0,0.0,9.41,1.9852740695715365,8.61,2.014568154340987,10.59,1.9852740695715365,5.0,0.0,20.12,1.9242209495341906,4.024,0.3848441899068381,1.006,0.09621104747670953,0.0,0.0
2,99.0,99.0,100,9.44,2.124032756695421,0.4680820610631049,0.0950898926216154,0.55387542999656,0.10342875412856875,0.03640617353660832,0.05189697723839886,0.004515293916609706,0.014509690521187411,3.5,0.6435381994422817,3.09,0.8176709965419214,1.91,0.8176709965419213,0.0,0.0,9.32,2.0244964456836807,8.54,2.0371300866412505,10.68,2.0244964456836807,5.0,0.0,20.12,1.9242209495341906,4.024,0.3848441899068381,1.006,0.09621104747670953,0.0,0.0
2,100.0,100.0,100,9.36,2.091444814988292,0.4641944583276761,0.09366488528832878,0.5579865411076712,0.10241400204250076,0.03640617353660832,0.05189697723839886,0.0038876027354288224,0.01547768512327443,3.52,0.6432242017658957,3.07,0.807227453457922,1.93,0.807227453457922,0.0,0.0,9.24,2.015695984773077,8.46,2.007158904692618,10.76,2.015695984773077,5.0,0.0,20.12,1.9242209495341906,4.024,0.3848441899068381,1.006,0.09621104747670953,0.0,0.0
2,101.0,101.0,100,9.3,2.120129593904461,0.46112682377784336,0.09495164215760227,0.5611829635362917,0.10398113455090352,0.03640617353660832,0.05189697723839886,0.003067634549832691,0.012287787404691676,3.53,0.6428314889862841,3.06,0.8142667272032569,1.94,0.8142667272032569,0.0,0.0,9.18,2.0369317389374904,8.4,1.9898733526523644,10.82,2.0369317389374904,5.0,0.0,20.12,1.9242209495341906,4.024,0.3848441899068381,1.006,0.09621104747670953,0.0,0.0
2,102.0,102.0,100,9.2,2.1555659689428777,0.45620842347964774,0.09748351814582373,0.5663267543859649,0.10657204453800745,0.03640617353660832,0.05189697723839886,0.004918400298195697,0.01490164426831433,3.55,0.6415731927193979,3.06,0.8142667272032569,1.94,0.8142667272032569,0.0,0.0,9.08,2.092217421152433,8.34,1.9909898051070987,10.92,2.092217421152433,5.0,0.0,20.12,1.9242209495341906,4.024,0.3848441899068381,1.006,0.09621104747670953,0.0,0.0
2,103.0,103.0,100,9.1,2.1438189279786664,0.4513105348186011,0.0973852257707115,0.5714086257309942,0.10638121767146999,0.03640617353660832,0.05189697723839886,0.004897888661046556,0.016419705463009655,3.59,0.668104510060841,3.05,0.8087276451565161,1.95,0.8087276451565162,0.0,0.0,8.98,2.098484301498671,8.28,2.0601068914113183,11.02,2.098484301498671,5.0,0.0,20.12,1.9242209495341906,4.024,0.3848441899068381,1.006,0.09621104747670953,0.0,0.0
2,104.0,104.0,100,8.99,2.1718818354299825,0.4455276024236752,0.0980476051024377,0.5773043945648435,0.10637692125741982,0.03640617353660832,0.05189697723839886,0.005782932394925933,0.01838806047836244,3.67,0.6971080231639828,3.05,0.8087276451565161,1.95,0.8087276451565162,0.0,0.0,8.87,2.077561702155348,8.2,2.0300768756902094,11.13,2.077561702155348,5.0,0.0,20.12,1.9242209495341906,4.024,0.3848441899068381,1.006,0.09621104747670953,0.0,0.0
2,105.0,105.0,100,8.92,2.154065922853802,0.4420795884493455,0.09730310336883612,0.5809125816993465,0.10579631540543814,0.03640617353660832,0.05189697723839886,0.003448013974329766,0.014717471555574246,3.72,0.6678776879493775,3.05,0.8087276451565161,1.95,0.8087276451565162,0.0,0.0,8.8,2.069499524722894,8.14,2.049981522459225,11.2,2.069499524722894,5.0,0.0,20.12,1.9242209495341906,4.024,0.3848441899068381,1.006,0.09621104747670953,0.0,0.0
2,106.0,106.0,100,8.86,2.17432213981203,0.4390820732516014,0.09870580624979773,0.5840207688338493,0.10703415572417353,0.03640617353660832,0.05189697723839886,0.0029975151977440283,0.011969891138431084,3.74,0.6608840115842392,3.03,0.8221061889187953,1.97,0.8221061889187953,0.0,0.0,8.74,2.091927727279701,8.1,2.0768079625067197,11.26,2.091927727279701,5.0,0.0,20.12,1.9242209495341906,4.024,0.3848441899068381,1.006,0.09621104747670953,0.0,0.0
2,107.0,107.0,100,8.76,2.1747866492364185,0.4342920869221414,0.09915517198500831,0.5890997162022704,0.10839544090419613,0.03640617353660832,0.05189697723839886,0.004789986329460014,0.014489285494862426,3.78,0.6901910144037201,3.01,0.8102250591438447,1.99,0.8102250591438446,0.0,0.0,8.64,2.1344693944771365,8.08,2.0728158761852575,11.36,2.1344693944771365,5.0,0.0,20.12,1.9242209495341906,4.024,0.3848441899068381,1.006,0.09621104747670953,0.0,0.0
2,108.0,108.0,100,8.56,2.152377121400261,0.424103727766677,0.09697418656341862,0.5996311489508084,0.10634693468714569,0.03640617353660832,0.05189697723839886,0.010188359155464417,0.024048996464332822,3.9,0.6890192121758834,3.0,0.7913675671030664,2.0,0.7913675671030664,0.0,0.0,8.44,2.0856411460025885,8.02,2.079141236863981,11.56,2.0856411460025885,5.0,0.0,20.12,1.9242209495341906,4.024,0.3848441899068381,1.006,0.09621104747670953,0.0,0.0
2,109.0,109.0,100,8.5,2.15322168769582,0.42088735349767115,0.09581334201815934,0.6028475232198143,0.10455453814011464,0.03640617353660832,0.05189697723839886,0.003216374269005849,0.014825187336714386,3.92,0.6768912897813193,2.98,0.7911122460552522,2.02,0.7911122460552522,0.0,0.0,8.38,2.0438624555908205,7.95,2.0859075005881973,11.62,2.04386245559082,5.0,0.0,20.12,1.9242209495341906,4.024,0.3848441899068381,1.006,0.09621104747670953,0.0,0.0
2,110.0,110.0,100,8.44,2.1757153705706482,0.4177742644023839,0.09664404772132497,0.6060439456484348,0.10533216824118129,0.03640617353660832,0.05189697723839886,0.003113089095287237,0.012453457720373854,3.96,0.6804633002817295,2.98,0.7911122460552522,2.02,0.7911122460552522,0.0,0.0,8.32,2.049291575056112,7.9,2.0768079625067197,11.68,2.049291575056112,5.0,0.0,20.12,1.9242209495341906,4.024,0.3848441899068381,1.006,0.09621104747670953,0.0,0.0
2,111.0,111.0,100,8.39,2.192249893593245,0.4151488252280317,0.09737644617725087,0.6087800567595459,0.10609234094884662,0.03640617353660832,0.05189697723839886,0.0026254391743522182,0.014041464856833984,3.98,0.6813533769215678,2.97,0.7843803447642764,2.03,0.7843803447642763,0.0,0.0,8.27,2.0491683457175762,7.87,2.082417980729288,11.73,2.0491683457175767,5.0,0.0,20.12,1.9242209495341906,4.024,0.3848441899068381,1.006,0.09621104747670953,0.0,0.0
2,112.0,112.0,100,8.32,2.2013769795427143,0.41158066239671093,0.09760189687484395,0.6124174836601307,0.10589473352504568,0.03640617353660832,0.05189697723839886,0.0035681628313207264,0.01310541310330074,3.99,0.6889459083603475,2.96,0.7903457880234858,2.04,0.7903457880234858,0.0,0.0,8.2,2.0449494325821806,7.79,2.070938888231104,11.8,2.0449494325821815,5.0,0.0,20.12,1.9242209495341906,4.024,0.3848441899068381,1.006,0.09621104747670953,0.0,0.0
2,113.0,113.0,100,8.29,2.2169913182172145,0.41007348536321814,0.09853402890505947,0.6139701152390781,0.10666132913574213,0.03640617353660832,0.05189697723839886,0.001507177033492822,0.008633458315719093,3.99,0.6889459083603475,2.93,0.7687718133556284,2.07,0.7687718133556284,0.0,0.0,8.17,2.059984309050764,7.76,2.0943406184913256,11.83,2.0599843090507637,5.0,0.0,20.12,1.9242209495341906,4.024,0.3848441899068381,1.006,0.09621104747670953,0.0,0.0
2,114.0,114.0,100,8.22,2.190798018895389,0.4065018825594172,0.09732958398883931,0.6176109821121432,0.10498653121716717,0.03640617353660832,0.05189697723839886,0.0035716028038009474,0.01312658977664027,4.02,0.6663635674617903,2.92,0.7872724939930138,2.08,0.7872724939930138,0.0,0.0,8.1,2.0175993335414915,7.7,2.1153598924881494,11.9,2.017599333541491,5.0,0.0,20.12,1.9242209495341906,4.024,0.3848441899068381,1.006,0.09621104747670953,0.0,0.0
2,115.0,115.0,100,8.16,2.218926849546051,0.4035900541917065,0.09910193517326289,0.6206992174062608,0.10725877494671995,0.03640617353660832,0.05189697723839886,0.0029118283677107204,0.011655712335193308,4.03,0.6735253251633255,2.92,0.7872724939930138,2.08,0.7872724939930138,0.0,0.0,8.04,2.069109016270559,7.66,2.099639218648015,11.96,2.0691090162705597,5.0,0.0,20.12,1.9242209495341906,4.024,0.3848441899068381,1.006,0.09621104747670953,0.0,0.0
2,116.0,116.0,100,8.08,2.2096208368007937,0.3994923098308042,0.09864427950661732,0.6248921998624011,0.10620956153736691,0.03640617353660832,0.05189697723839886,0.004097744360902256,0.015555580912137783,4.05,0.6723244767373875,2.9,0.8102873913406626,2.1,0.8102873913406626,0.0,0.0,7.96,2.039607805437114,7.62,2.097521384776794,12.04,2.039607805437114,5.0,0.0,20.12,1.9242209495341906,4.024,0.3848441899068381,1.006,0.09621104747670953,0.0,0.0
2,117.0,117.0,100,8.06,2.2102607369386367,0.3985615739000683,0.09892767381951822,0.6258921998624011,0.10668031092950321,0.03640617353660832,0.05189697723839886,0.0009307359307359298,0.006549780211709295,4.05,0.6723244767373875,2.9,0.8102873913406626,2.09,0.7925792188682581,0.01,0.09999999999999999,7.93,2.065860057646156,7.56,2.109717775179677,12.07,2.0658600576461557,5.0,0.0,20.12,1.9242209495341906,4.024,0.3848441899068381,1.006,0.09621104747670953,0.0,0.0
2,118.0,118.0,100,7.98,2.1972434521187654,0.3946412914260774,0.09873936167001904,0.6300359907120743,0.10686805802455092,0.03640617353660832,0.05189697723839886,0.003920282473990912,0.013443389472043762,4.05,0.6723244767373875,2.9,0.8102873913406626,2.1,0.8102873913406626,0.0,0.0,7.86,2.0598126814903055,7.52,2.134280092947389,12.14,2.059812681490306,5.0,0.0,20.12,1.9242209495341906,4.024,0.3848441899068381,1.006,0.09621104747670953,0.0,0.0
2,119.0,119.0,100,7.92,2.2141874949123577,0.3915973818332547,0.1000774625608534,0.6332165462676298,0.1081299637796981,0.03640617353660832,0.05189697723839886,0.0030439095928226356,0.012209952658697586,4.07,0.6854181058288289,2.89,0.815196574174263,2.11,0.8151965741742628,0.0,0.0,7.8,2.074374677590889,7.47,2.1294235004912587,12.2,2.0743746775908876,5.0,0.0,20.12,1.9242209495341906,4.024,0.3848441899068381,1.006,0.09621104747670953,0.0,0.0
2,120.0,120.0,100,7.87,2.2186309364838563,0.3890847745574896,0.10012978097897335,0.6357984176126591,0.10802485373106908,0.03640617353660832,0.05189697723839886,0.002512607275765171,0.01103661158016929,4.1,0.689019212175883,2.88,0.8199531891048611,2.12,0.8199531891048611,0.0,0.0,7.75,2.076199908632611,7.46,2.12450826158322,12.25,2.0761999086326104,5.0,0.0,20.12,1.9242209495341906,4.024,0.3848441899068381,1.006,0.09621104747670953,0.0,0.0
2,121.0,121.0,100,7.83,2.206761876550793,0.3870746735473885,0.09934975238900383,0.6378539731682147,0.10710968716535958,0.03640617353660832,0.05189697723839886,0.0020101010101010097,0.00992318214707809,4.11,0.6947857747012908,2.88,0.8199531891048611,2.12,0.8199531891048611,0.0,0.0,7.71,2.0611607987694307,7.43,2.0998075909930223,12.29,2.0611607987694307,5.0,0.0,20.12,1.9242209495341906,4.024,0.3848441899068381,1.006,0.09621104747670953,0.0,0.0
2,122.0,122.0,100,7.78,2.218289449284759,0.3846915566642717,0.10034415539633715,0.6403539731682146,0.10818633555109093,0.03640617353660832,0.05189697723839886,0.0023831168831168824,0.0104451004332731,4.13,0.7057484028184606,2.88,0.8199531891048611,2.12,0.8199531891048611,0.0,0.0,7.66,2.0948228632232433,7.41,2.0845511592075487,12.34,2.0948228632232433,5.0,0.0,20.12,1.9242209495341906,4.024,0.3848441899068381,1.006,0.09621104747670953,0.0,0.0
2,123.0,123.0,100,7.73,2.219541312155202,0.3822622827218398,0.10087259389729145,0.6429358445132439,0.10897479154900205,0.03640617353660832,0.05189697723839886,0.002429273942431836,0.010700781703050279,4.15,0.7017294652672371,2.87,0.7996842811353425,2.13,0.7996842811353425,0.0,0.0,7.61,2.1124689944529953,7.36,2.115455391907737,12.39,2.112468994452996,5.0,0.0,20.12,1.9242209495341906,4.024,0.3848441899068381,1.006,0.09621104747670953,0.0,0.0
2,124.0,124.0,100,7.69,2.2369486793262365,0.38013728272183983,0.1018679774137273,0.6450608445132439,0.10940354673140067,0.03640617353660832,0.05189697723839886,0.002125,0.012694820187618243,4.16,0.7066781016799228,2.86,0.7916228058025278,2.14,0.7916228058025278,0.0,0.0,7.57,2.1094065420387698,7.33,2.155823684250583,12.43,2.1094065420387698,5.0,0.0,20.12,1.9242209495341906,4.024,0.3848441899068381,1.006,0.09621104747670953,0.0,0.0
2,125.0,125.0,100,7.65,2.2309802166923682,0.37815099123554835,0.10157813300743337,0.6471164000687994,0.10912835321861254,0.03640617353660832,0.05189697723839886,0.0019862914862914843,0.009809073188470064,4.17,0.7114503609961949,2.85,0.7961396760860394,2.15,0.7961396760860393,0.0,0.0,7.53,2.1055722128282235,7.3,2.1672493389016636,12.47,2.1055722128282235,5.0,0.0,20.12,1.9242209495341906,4.024,0.3848441899068381,1.006,0.09621104747670953,0.0,0.0
2,126.0,126.0,100,7.6,2.169578462990151,0.3757964457810029,0.09905235401470514,0.6496164000687995,0.10694601442368624,0.03640617353660832,0.05189697723839886,0.002354545454545455,0.012557635719992565,4.18,0.7018014338295787,2.85,0.7961396760860394,2.15,0.7961396760860393,0.0,0.0,7.48,2.07184102974269,7.28,2.169950890846811,12.52,2.071841029742691,5.0,0.0,20.12,1.9242209495341906,4.024,0.3848441899068381,1.006,0.09621104747670953,0.0,0.0
2,127.0,127.0,100,7.55,2.2127956630616947,0.37327159197983334,0.10140928489365518,0.6522245872033023,0.10920226680522757,0.03640617353660832,0.05189697723839886,0.0025248538011695913,0.011112468380591817,4.2,0.7106690545187014,2.83,0.7920692756152946,2.17,0.7920692756152946,0.0,0.0,7.43,2.1141896745084106,7.25,2.1479377001292113,12.57,2.1141896745084114,5.0,0.0,20.12,1.9242209495341906,4.024,0.3848441899068381,1.006,0.09621104747670953,0.0,0.0
2,128.0,128.0,100,7.54,2.217560767504637,0.3727954015036428,0.1017100754244266,0.6527245872033024,0.10953717664849703,0.03640617353660832,0.05189697723839886,0.0004761904761904762,0.004761904761904761,4.2,0.7106690545187014,2.83,0.7920692756152946,2.17,0.7920692756152946,0.0,0.0,7.42,2.1233668709591536,7.22,2.1347533152970435,12.58,2.1233668709591544,5.0,0.0,20.12,1.9242209495341906,4.024,0.3848441899068381,1.006,0.09621104747670953,0.0,0.0
2,129.0,129.0,100,7.51,2.208774970133189,0.371358112629283,0.10144756600956982,0.654250902992776,0.10950149172857258,0.03640617353660832,0.05189697723839886,0.0014372888743598127,0.008239738666570497,4.22,0.7046741492105811,2.83,0.7920692756152946,2.17,0.7920692756152946,0.0,0.0,7.39,2.12676545795048,7.22,2.1347533152970435,12.61,2.126765457950479,5.0,0.0,20.12,1.9242209495341906,4.024,0.3848441899068381,1.006,0.09621104747670953,0.0,0.0
2,130.0,130.0,100,7.48,2.2041283579187985,0.36994144596261636,0.10154864399541326,0.655750902992776,0.10977786669018015,0.03640617353660832,0.05189697723839886,0.0014166666666666666,0.008124919062015927,4.22,0.7046741492105811,2.82,0.7962031109832428,2.18,0.7962031109832428,0.0,0.0,7.36,2.139196488441774,7.21,2.15225979431439,12.64,2.1391964884417733,5.0,0.0,20.12,1.9242209495341906,4.024,0.3848441899068381,1.006,0.09621104747670953,0.0,0.0
2,131.0,131.0,100,7.46,2.194667550351455,0.36896922374039415,0.10104284995992113,0.6568064585483316,0.10966713066597457,0.03640617353660832,0.05189697723839886,0.0009722222222222226,0.006910692388281157,4.23,0.6942039987778749,2.82,0.7962031109832428,2.18,0.7962031109832428,0.0,0.0,7.34,2.1377794577787976,7.18,2.162022995794317,12.66,2.137779457778797,5.0,0.0,20.12,1.9242209495341906,4.024,0.3848441899068381,1.006,0.09621104747670953,0.0,0.0
2,132.0,132.0,100,7.44,2.18498087271752,0.36798836249637495,0.10040373848487905,0.6578327743378053,0.10919026984378995,0.03640617353660832,0.05189697723839886,0.0009808612440191395,0.006919442617076579,4.23,0.6942039987778749,2.81,0.8001893715259097,2.19,0.8001893715259097,0.0,0.0,7.32,2.1314385524875687,7.17,2.1417211996358674,12.68,2.1314385524875683,5.0,0.0,20.12,1.9242209495341906,4.024,0.3848441899068381,1.006,0.09621104747670953,0.0,0.0
2,133.0,133.0,100,7.41,2.202363285292424,0.36645661646462896,0.10133861365159738,0.6593883298933609,0.10980981081183455,0.03640617353660832,0.05189697723839886,0.0015317460317460319,0.008772874204306799,4.26,0.7052472881009451,2.81,0.8001893715259097,2.19,0.8001893715259097,0.0,0.0,7.29,2.142852813848441,7.13,2.1633074191845663,12.71,2.142852813848441,5.0,0.0,20.12,1.9242209495341906,4.024,0.3848441899068381,1.006,0.09621104747670953,0.0,0.0
2,134.0,134.0,100,7.39,2.2060293870584893,0.36550207101008353,0.10156967346162821,0.6603883298933608,0.11017816583840018,0.03640617353660832,0.05189697723839886,0.0009545454545454549,0.006723244767373879,4.27,0.7086051171994259,2.8,0.7913675671030662,2.2,0.7913675671030662,0.0,0.0,7.27,2.154886389936916,7.07,2.142664252982744,12.73,2.154886389936916,5.0,0.0,20.12,1.9242209495341906,4.024,0.3848441899068381,1.006,0.09621104747670953,0.0,0.0
2,135.0,135.0,100,7.39,2.2060293870584893,0.36550207101008353,0.10156967346162821,0.6603883298933608,0.11017816583840018,0.03640617353660832,0.05189697723839886,0.0,0.0,4.27,0.7086051171994259,2.8,0.7913675671030662,2.2,0.7913675671030662,0.0,0.0,7.27,2.154886389936916,7.06,2.1406125810669763,12.73,2.154886389936916,5.0,0.0,20.12,1.9242209495341906,4.024,0.3848441899068381,1.006,0.09621104747670953,0.0,0.0
2,136.0,136.0,100,7.37,2.2186309364838563,0.36455908855394314,0.10245445058840441,0.6614146456828345,0.11141682942602608,0.03640617353660832,0.05189697723839886,0.0009429824561403513,0.006679739169849799,4.28,0.7118052168020874,2.8,0.7913675671030662,2.2,0.7913675671030662,0.0,0.0,7.25,2.1806078292646998,7.04,2.1268841914021466,12.75,2.1806078292646998,5.0,0.0,20.12,1.9242209495341906,4.024,0.3848441899068381,1.006,0.09621104747670953,0.0,0.0
2,137.0,137.0,100,7.33,2.188376087191116,0.3626236818553786,0.10093936019185666,0.6634409614723082,0.11012533142144919,0.03640617353660832,0.05189697723839886,0.0019354066985645935,0.009549305648546521,4.3,0.7035264706814486,2.8,0.7913675671030662,2.2,0.7913675671030662,0.0,0.0,7.21,2.1616258377957696,7.01,2.1105554824368973,12.79,2.1616258377957696,5.0,0.0,20.12,1.9242209495341906,4.024,0.3848441899068381,1.006,0.09621104747670953,0.0,0.0
2,138.0,138.0,100,7.29,2.184865296451103,0.3606373903690871,0.10081958974179901,0.6654965170278637,0.10996424054123165,0.03640617353660832,0.05189697723839886,0.0019862914862914865,0.009809073188470076,4.31,0.7063206700139029,2.79,0.782317200386264,2.21,0.782317200386264,0.0,0.0,7.17,2.1605040564131737,6.99,2.1201057720897993,12.83,2.160504056413174,5.0,0.0,20.12,1.9242209495341906,4.024,0.3848441899068381,1.006,0.09621104747670953,0.0,0.0
2,139.0,139.0,100,7.28,2.1977031168697443,0.36016119989289663,0.10151429003366581,0.6659965170278638,0.11069325319016564,0.03640617353660832,0.05189697723839886,0.00047619047619047586,0.004761904761904758,4.31,0.7063206700139029,2.79,0.782317200386264,2.21,0.782317200386264,0.0,0.0,7.16,2.1775716249570714,6.93,2.1046125390185098,12.84,2.1775716249570714,5.0,0.0,20.12,1.9242209495341906,4.024,0.3848441899068381,1.006,0.09621104747670953,0.0,0.0
2,140.0,140.0,100,7.27,2.192065581854593,0.3596348841034229,0.10105516788655289,0.6665228328173375,0.11014617384572757,0.03640617353660832,0.05189697723839886,0.0005263157894736842,0.005263157894736842,4.31,0.7063206700139029,2.79,0.782317200386264,2.21,0.782317200386264,0.0,0.0,7.15,2.166666666666667,6.92,2.0776832474580127,12.85,2.166666666666667,5.0,0.0,20.12,1.9242209495341906,4.024,0.3848441899068381,1.006,0.09621104747670953,0.0,0.0
2,141.0,141.0,100,7.23,2.2104206830283677,0.35752669696892,0.10168881291878025,0.6686310199518404,0.11022360253966057,0.03640617353660832,0.05189697723839886,0.0021081871345029228,0.01038751224757775,4.32,0.708961397134049,2.78,0.7859884081701065,2.22,0.7859884081701065,0.0,0.0,7.11,2.1644277476385008,6.91,2.065077590441932,12.89,2.1644277476385003,5.0,0.0,20.12,1.9242209495341906,4.024,0.3848441899068381,1.006,0.09621104747670953,0.0,0.0
2,142.0,142.0,100,7.2,2.1973353927616124,0.3560505064927295,0.1009142762479893,0.6701310199518404,0.10938121213018268,0.03640617353660832,0.05189697723839886,0.0014761904761904753,0.008438523893098822,4.33,0.6971080231639828,2.78,0.7859884081701065,2.22,0.7859884081701065,0.0,0.0,7.08,2.154065922853802,6.86,2.064710706861933,12.92,2.154065922853801,5.0,0.0,20.12,1.9242209495341906,4.024,0.3848441899068381,1.006,0.09621104747670953,0.0,0.0
2,143.0,143.0,100,7.12,2.2395887068293536,0.35187246334564615,0.10281813343762836,0.6743566821465429,0.11044340004671636,0.03640617353660832,0.05189697723839886,0.004178043147083394,0.01428168041761004,4.34,0.6994947671662235,2.76,0.7669959767057636,2.24,0.7669959767057636,0.0,0.0,7.0,2.1649177090293037,6.83,2.0697679565447413,13.0,2.164917709029303,5.0,0.0,20.12,1.9242209495341906,4.024,0.3848441899068381,1.006,0.09621104747670953,0.0,0.0
2,144.0,144.0,100,7.1,2.231546096274504,0.35081690779009056,0.10227119211726844,0.6754122377020984,0.10967971930709866,0.03640617353660832,0.05189697723839886,0.0010555555555555552,0.007436600722307891,4.35,0.701729465267237,2.76,0.7669959767057636,2.24,0.7669959767057636,0.0,0.0,6.98,2.1460793474744975,6.79,2.0709388882311037,13.02,2.1460793474744975,5.0,0.0,20.12,1.9242209495341906,4.024,0.3848441899068381,1.006,0.09621104747670953,0.0,0.0
2,145.0,145.0,100,7.1,2.231546096274504,0.35081690779009056,0.10227119211726844,0.6754122377020984,0.10967971930709866,0.03640617353660832,0.05189697723839886,0.0,0.0,4.35,0.701729465267237,2.76,0.7669959767057636,2.24,0.7669959767057636,0.0,0.0,6.98,2.1460793474744975,6.76,2.065199870484817,13.02,2.1460793474744975,5.0,0.0,20.12,1.9242209495341906,4.024,0.3848441899068381,1.006,0.09621104747670953,0.0,0.0
2,146.0,146.0,100,7.06,2.232994094542712,0.3487880857349527,0.10239071484646498,0.6774648692810458,0.1093554779229006,0.03640617353660832,0.05189697723839886,0.002028822055137844,0.009998044257233258,4.36,0.6893123494842633,2.75,0.7703468981143128,2.25,0.7703468981143128,0.0,0.0,6.94,2.1406125810669763,6.74,2.072523470398715,13.06,2.1406125810669763,5.0,0.0,20.12,1.9242209495341906,4.024,0.3848441899068381,1.006,0.09621104747670953,0.0,0.0
2,147.0,147.0,100,7.02,2.2201101073795617,0.34680179424866125,0.10183424171019413,0.6795204248366014,0.10874866314948035,0.03640617353660832,0.05189697723839886,0.001986291486291487,0.009809073188470076,4.38,0.6931118527366564,2.73,0.7501514998500456,2.27,0.7501514998500456,0.0,0.0,6.9,2.129636949189588,6.73,2.0639033334187356,13.1,2.129636949189588,5.0,0.0,20.12,1.9242209495341906,4.024,0.3848441899068381,1.006,0.09621104747670953,0.0,0.0
2,148.0,148.0,100,7.01,2.226992355059835,0.34627547845918755,0.10213171841590869,0.680046740626075,0.10889884932780741,0.03640617353660832,0.05189697723839886,0.0005263157894736842,0.005263157894736841,4.38,0.6931118527366564,2.73,0.7501514998500456,2.27,0.7501514998500456,0.0,0.0,6.89,2.1315096371664226,6.71,2.0660556281440865,13.11,2.131509637166423,5.0,0.0,20.12,1.9242209495341906,4.024,0.3848441899068381,1.006,0.09621104747670953,0.0,0.0
2,149.0,149.0,100,6.99,2.199609699079095,0.3453209330046421,0.10093768768325094,0.681046740626075,0.10768114317640258,0.03640617353660832,0.05189697723839886,0.000954545454545454,0.006723244767373867,4.39,0.6947857747012907,2.73,0.7501514998500456,2.27,0.7501514998500456,0.0,0.0,6.87,2.1113210953516206,6.68,2.073790264372475,13.13,2.1113210953516206,5.0,0.0,20.12,1.9242209495341906,4.024,0.3848441899068381,1.006,0.09621104747670953,0.0,0.0
2,150.0,150.0,100,6.95,2.1619996355786983,0.34336388128443246,0.09895176069802511,0.6830730564155486,0.1056755626296112,0.03640617353660832,0.05189697723839886,0.0019570517202096155,0.009650858211463775,4.4,0.681649810860727,2.73,0.7501514998500456,2.27,0.7501514998500456,0.0,0.0,6.83,2.079505574492032,6.64,2.081763044570004,13.17,2.0795055744920323,5.0,0.0,20.12,1.9242209495341906,4.024,0.3848441899068381,1.006,0.09621104747670953,0.0,0.0
2,151.0,151.0,100,6.92,2.1680881118178896,0.34175277017332134,0.09883087456472023,0.6846841675266597,0.10515402612088766,0.03640617353660832,0.05189697723839886,0.0016111111111111105,0.009218597586619281,4.41,0.6681045100608412,2.72,0.7531750973530175,2.28,0.7531750973530175,0.0,0.0,6.8,2.064612860229797,6.61,2.0835818033648525,13.2,2.0646128602297975,5.0,0.0,20.12,1.9242209495341906,4.024,0.3848441899068381,1.006,0.09621104747670953,0.0,0.0
2,152.0,152.0,100,6.88,2.1568776534892313,0.339759925743406,0.09833817242807175,0.6867660388716891,0.10468971317080637,0.03640617353660832,0.05189697723839886,0.001992844429915366,0.009856184454331144,4.44,0.6407066805528491,2.72,0.7531750973530175,2.28,0.7531750973530175,0.0,0.0,6.76,2.0553944790833865,6.59,2.099037778592752,13.24,2.0553944790833865,5.0,0.0,20.12,1.9242209495341906,4.024,0.3848441899068381,1.006,0.09621104747670953,0.0,0.0
2,153.0,153.0,100,6.87,2.14454911556973,0.3393251431347104,0.09800937045870912,0.687266038871689,0.10463172860458729,0.03640617353660832,0.05189697723839886,0.0004347826086956513,0.004347826086956515,4.44,0.6407066805528491,2.72,0.7531750973530175,2.28,0.7531750973530175,0.0,0.0,6.75,2.056647266742156,6.55,2.100384765136179,13.25,2.056647266742156,5.0,0.0,20.12,1.9242209495341906,4.024,0.3848441899068381,1.006,0.09621104747670953,0.0,0.0
2,154.0,154.0,100,6.84,2.1401406543033614,0.3378489526585199,0.09775243506276073,0.688766038871689,0.10420101265459727,0.03640617353660832,0.05189697723839886,0.0014761904761904773,0.008438523893098833,4.44,0.6407066805528491,2.71,0.7560530150830439,2.29,0.7560530150830439,0.0,0.0,6.72,2.0551978940818283,6.53,2.115145003028961,13.28,2.0551978940818287,5.0,0.0,20.12,1.9242209495341906,4.024,0.3848441899068381,1.006,0.09621104747670953,0.0,0.0
2,155.0,155.0,100,6.81,2.1305616464427706,0.33641821672778394,0.09748186234404041,0.690266038871689,0.10398972565432925,0.03640617353660832,0.05189697723839886,0.001430735930735931,0.008182877459544723,4.44,0.6407066805528491,2.7,0.7587869106393281,2.3,0.7587869106393281,0.0,0.0,6.69,2.0582183135572927,6.52,2.1104836919866057,13.31,2.0582183135572927,5.0,0.0,20.12,1.9242209495341906,4.024,0.3848441899068381,1.006,0.09621104747670953,0.0,0.0
2,156.0,156.0,100,6.79,2.1475614547714814,0.33539190093831023,0.09833394043606286,0.6912923546611627,0.10452457696399146,0.03640617353660832,0.05189697723839886,0.0010263157894736849,0.0072228248569622235,4.44,0.6407066805528491,2.7,0.7587869106393281,2.3,0.7587869106393281,0.0,0.0,6.67,2.0697679565447413,6.47,2.1007694598009374,13.33,2.0697679565447418,5.0,0.0,20.12,1.9242209495341906,4.024,0.3848441899068381,1.006,0.09621104747670953,0.0,0.0
2,157.0,157.0,100,6.73,2.1501937897160186,0.3323768979674249,0.09850976578385512,0.6944361455108359,0.10494743916398455,0.03640617353660832,0.05189697723839886,0.0030150029708853232,0.012077121658425607,4.45,0.6415731927193978,2.69,0.7613783354528612,2.31,0.7613783354528612,0.0,0.0,6.61,2.07386332503111,6.44,2.1049244809985628,13.39,2.073863325031109,5.0,0.0,20.12,1.9242209495341906,4.024,0.3848441899068381,1.006,0.09621104747670953,0.0,0.0
2,158.0,158.0,100,6.7,2.1438189279786655,0.3309793700567391,0.09845855507788263,0.6959624613003096,0.10552494446641064,0.03640617353660832,0.05189697723839886,0.0013975279106858063,0.008025843037608749,4.45,0.6415731927193978,2.69,0.7613783354528612,2.31,0.7613783354528612,0.0,0.0,6.58,2.089802078492776,6.36,2.086609545156783,13.42,2.0898020784927764,5.0,0.0,20.12,1.9242209495341906,4.024,0.3848441899068381,1.006,0.09621104747670953,0.0,0.0
2,159.0,159.0,100,6.69,2.149442022968056,0.3305031795805487,0.09879427037874408,0.6964624613003096,0.10590135635138478,0.03640617353660832,0.05189697723839886,0.000476190476190477,0.004761904761904768,4.45,0.6415731927193978,2.68,0.7504880566886613,2.32,0.7504880566886613,0.0,0.0,6.57,2.0998075909930223,6.33,2.074642478631297,13.43,2.0998075909930223,5.0,0.0,20.12,1.9242209495341906,4.024,0.3848441899068381,1.006,0.09621104747670953,0.0,0.0
2,160.0,160.0,100,6.65,2.1619996355786983,0.3285122173264285,0.09963498834483957,0.6985443326453388,0.10676784532274095,0.03640617353660832,0.05189697723839886,0.001990962254120151,0.009843390435244214,4.46,0.6422812876966388,2.68,0.7504880566886613,2.32,0.7504880566886613,0.0,0.0,6.53,2.115145003028961,6.32,2.0737902643724753,13.47,2.1151450030289607,5.0,0.0,20.12,1.9242209495341906,4.024,0.3848441899068381,1.006,0.09621104747670953,0.0,0.0
2,161.0,161.0,100,6.62,2.1404238228477417,0.32705983637404756,0.09869513283376738,0.7000443326453388,0.10570827050666952,0.03640617353660832,0.05189697723839886,0.0014523809523809533,0.00830249223213793,4.47,0.6428314889862843,2.67,0.7528397417562896,2.33,0.7528397417562896,0.0,0.0,6.5,2.100985819595509,6.28,2.0893186748920147,13.5,2.100985819595509,5.0,0.0,20.12,1.9242209495341906,4.024,0.3848441899068381,1.006,0.09621104747670953,0.0,0.0
2,162.0,162.0,100,6.58,2.123366870959154,0.32512910044331167,0.09795094627238447,0.7020443326453389,0.10496906104255826,0.03640617353660832,0.05189697723839886,0.0019307359307359313,0.009513900131339457,4.47,0.6428314889862843,2.66,0.7550503361372738,2.34,0.7550503361372738,0.0,0.0,6.46,2.0957870197907114,6.25,2.0859075005881973,13.54,2.095787019790712,5.0,0.0,20.12,1.9242209495341906,4.024,0.3848441899068381,1.006,0.09621104747670953,0.0,0.0
2,163.0,163.0,100,6.58,2.123366870959154,0.32512910044331167,0.09795094627238447,0.7020443326453389,0.10496906104255826,0.03640617353660832,0.05189697723839886,0.0,0.0,4.47,0.6428314889862843,2.66,0.7550503361372738,2.34,0.7550503361372738,0.0,0.0,6.46,2.0957870197907114,6.23,2.097882530341275,13.54,2.095787019790712,5.0,0.0,20.12,1.9242209495341906,4.024,0.3848441899068381,1.006,0.09621104747670953,0.0,0.0
2,164.0,164.0,100,6.56,2.1240327566954216,0.3241027846538379,0.09785399414423337,0.7030706484348126,0.1046096535655312,0.03640617353660832,0.05189697723839886,0.001026315789473684,0.007222824856962217,4.47,0.6428314889862843,2.65,0.7571210756756961,2.35,0.7571210756756961,0.0,0.0,6.44,2.090478655739161,6.21,2.1095980755594272,13.56,2.0904786557391613,5.0,0.0,20.12,1.9242209495341906,4.024,0.3848441899068381,1.006,0.09621104747670953,0.0,0.0
2,165.0,165.0,100,6.52,2.105692141301618,0.32212408791198327,0.09695828427985591,0.7050969642242861,0.10346461031020483,0.03640617353660832,0.05189697723839886,0.0019786967418546366,0.009751304712061966,4.48,0.6273239621880817,2.64,0.7456269817808339,2.36,0.7456269817808339,0.0,0.0,6.4,2.074374677590889,6.2,2.1129710042133714,13.6,2.074374677590889,5.0,0.0,20.12,1.9242209495341906,4.024,0.3848441899068381,1.006,0.09621104747670953,0.0,0.0
2,166.0,166.0,100,6.49,2.091324069491948,0.32062408791198327,0.09611662773209573,0.7065969642242862,0.10227382258409476,0.03640617353660832,0.05189697723839886,0.0014999999999999996,0.008572330399888263,4.49,0.6112580172368812,2.64,0.7456269817808339,2.36,0.7456269817808339,0.0,0.0,6.37,2.058021998292182,6.2,2.1129710042133714,13.63,2.058021998292182,5.0,0.0,20.12,1.9242209495341906,4.024,0.3848441899068381,1.006,0.09621104747670953,0.0,0.0
2,167.0,167.0,100,6.44,2.1335227188664265,0.31809059508901677,0.09831616505358196,0.7091759115927073,0.10405663603044102,0.03640617353660832,0.05189697723839886,0.002533492822966507,0.013399333854444136,4.5,0.611340636419152,2.62,0.735533888417183,2.38,0.735533888417183,0.0,0.0,6.32,2.0931827778323946,6.18,2.1100050265630204,13.68,2.093182777832395,5.0,0.0,20.12,1.9242209495341906,4.024,0.3848441899068381,1.006,0.09621104747670953,0.0,0.0
2,168.0,168.0,100,6.38,2.1166964922737606,0.31528116241642623,0.09822225803212566,0.712202227382181,0.10464412515341653,0.03640617353660832,0.05189697723839886,0.0028094326725905667,0.013098221057219904,4.52,0.6110100926607788,2.61,0.7371114795831993,2.39,0.7371114795831993,0.0,0.0,6.26,2.1159328243523507,6.15,2.09557012323953,13.74,2.115932824352351,5.0,0.0,20.12,1.9242209495341906,4.024,0.3848441899068381,1.006,0.09621104747670953,0.0,0.0
2,169.0,169.0,100,6.36,2.101081972352686,0.314290824252175,0.09739174771201846,0.7132577829377366,0.1040075022297238,0.03640617353660832,0.05189697723839886,0.0009903381642512082,0.007019958526289143,4.54,0.5932277740625366,2.61,0.7371114795831993,2.39,0.7371114795831993,0.0,0.0,6.24,2.1039645117412666,6.12,2.1190811807255168,13.76,2.103964511741267,5.0,0.0,20.12,1.9242209495341906,4.024,0.3848441899068381,1.006,0.09621104747670953,0.0,0.0
2,170.0,170.0,100,6.35,2.0955701232395305,0.31381463377598456,0.09717870022638103,0.7137577829377365,0.10382034371751928,0.03640617353660832,0.05189697723839886,0.0004761904761904756,0.004761904761904755,4.54,0.5932277740625366,2.6,0.7247430753394788,2.4,0.7247430753394788,0.0,0.0,6.23,2.1026918774069427,6.11,2.1267654579504796,13.77,2.1026918774069423,5.0,0.0,20.12,1.9242209495341906,4.024,0.3848441899068381,1.006,0.09621104747670953,0.0,0.0
2,171.0,171.0,100,6.33,2.0891978065150925,0.31281463377598456,0.09679663179435131,0.7147577829377364,0.10319326560739962,0.03640617353660832,0.05189697723839886,0.0009999999999999998,0.007035264706814483,4.55,0.5924610544247622,2.6,0.7247430753394788,2.4,0.7247430753394788,0.0,0.0,6.21,2.095184473930155,6.11,2.1267654579504796,13.79,2.095184473930155,5.0,0.0,20.12,1.9242209495341906,4.024,0.3848441899068381,1.006,0.09621104747670953,0.0,0.0
2,172.0,172.0,100,6.3,2.0961725582450015,0.3112828877442385,0.09716182994490458,0.716313338493292,0.10328597478350988,0.03640617353660832,0.05189697723839886,0.0015317460317460327,0.008772874204306802,4.56,0.5915226030330455,2.58,0.7410066862659938,2.42,0.7410066862659938,0.0,0.0,6.18,2.0955942239649237,6.08,2.1257440765030675,13.82,2.095594223964924,5.0,0.0,20.12,1.9242209495341906,4.024,0.3848441899068381,1.006,0.09621104747670953,0.0,0.0
2,173.0,173.0,100,6.28,2.094147689503905,0.3104314384688762,0.09744643232601609,0.717313338493292,0.10458038319694406,0.03640617353660832,0.05189697723839886,0.000851449275362319,0.005991554403214795,4.56,0.5915226030330455,2.57,0.7282884321503674,2.43,0.7282884321503674,0.0,0.0,6.16,2.1259341381133985,6.05,2.1099810904413814,13.84,2.125934138113399,5.0,0.0,20.12,1.9242209495341906,4.024,0.3848441899068381,1.006,0.09621104747670953,0.0,0.0
2,174.0,174.0,100,6.28,2.094147689503905,0.3104314384688762,0.09744643232601609,0.717313338493292,0.10458038319694406,0.03640617353660832,0.05189697723839886,0.0,0.0,4.56,0.5915226030330455,2.57,0.7282884321503674,2.43,0.7282884321503674,0.0,0.0,6.16,2.1259341381133985,6.0,2.1129710042133714,13.84,2.125934138113399,5.0,0.0,20.12,1.9242209495341906,4.024,0.3848441899068381,1.006,0.09621104747670953,0.0,0.0
2,175.0,175.0,100,6.27,2.0882306076453987,0.30999665586018055,0.0973748695696138,0.717813338493292,0.1048573954445961,0.03640617353660832,0.05189697723839886,0.00043478260869565186,0.00434782608695652,4.56,0.5915226030330455,2.56,0.7291893935852135,2.44,0.7291893935852135,0.0,0.0,6.15,2.1337830965283944,5.98,2.0984843014986705,13.85,2.133783096528394,5.0,0.0,20.12,1.9242209495341906,4.024,0.3848441899068381,1.006,0.09621104747670953,0.0,0.0
2,176.0,176.0,100,6.25,2.090744394040582,0.30900631769592934,0.09776625597162765,0.7188688940488476,0.1053550345016595,0.03640617353660832,0.05189697723839886,0.000990338164251209,0.007019958526289149,4.56,0.5915226030330455,2.55,0.7299508769967213,2.45,0.7299508769967213,0.0,0.0,6.13,2.139833846093871,5.93,2.0756160093287535,13.87,2.139833846093871,5.0,0.0,20.12,1.9242209495341906,4.024,0.3848441899068381,1.006,0.09621104747670953,0.0,0.0
2,177.0,177.0,100,6.22,2.0820541527418293,0.30749838118799283,0.09721450373242532,0.7204244496044032,0.1047346924680505,0.03640617353660832,0.05189697723839886,0.0015079365079365076,0.010977169736270376,4.56,0.5915226030330455,2.55,0.7299508769967213,2.45,0.7299508769967213,0.0,0.0,6.1,2.1296369491895883,5.89,2.04936550910251,13.9,2.129636949189588,5.0,0.0,20.12,1.9242209495341906,4.024,0.3848441899068381,1.006,0.09621104747670953,0.0,0.0
2,178.0,178.0,100,6.18,2.081083633809341,0.3055629744894282,0.09727135471246504,0.7224507653938769,0.10497168379897093,0.03640617353660832,0.05189697723839886,0.0019354066985645944,0.011529481754639333,4.57,0.5904116009919337,2.54,0.7166138105949071,2.46,0.7166138105949071,0.0,0.0,6.06,2.1406125810669767,5.88,2.056180631140851,13.94,2.1406125810669767,5.0,0.0,20.12,1.9242209495341906,4.024,0.3848441899068381,1.006,0.09621104747670953,0.0,0.0
2,179.0,179.0,100,6.15,2.041859916642647,0.3041538835803373,0.09565005722173109,0.7239507653938769,0.1035445620138498,0.03640617353660832,0.05189697723839886,0.0014090909090909087,0.010330844808321688,4.57,0.5904116009919337,2.54,0.7166138105949071,2.46,0.7166138105949071,0.0,0.0,6.03,2.119915187935688,5.83,2.030350519571247,13.97,2.119915187935688,5.0,0.0,20.12,1.9242209495341906,4.024,0.3848441899068381,1.006,0.09621104747670953,0.0,0.0
2,180.0,180.0,100,6.12,2.0512622376665464,0.30259832802478176,0.09599822761350732,0.7255063209494323,0.10344023731851804,0.03640617353660832,0.05189697723839886,0.0015555555555555557,0.011390428572937733,4.57,0.5904116009919337,2.53,0.7171069824248151,2.47,0.7171069824248151,0.0,0.0,6.0,2.117746086018927,5.81,2.008542363068906,14.0,2.1177460860189274,5.0,0.0,20.12,1.9242209495341906,4.024,0.3848441899068381,1.006,0.09621104747670953,0.0,0.0
2,181.0,181.0,100,6.09,2.0255688813094688,0.30114378257023633,0.094771154964633,0.7270063209494324,0.10219369066046097,0.03640617353660832,0.05189697723839886,0.0014545454545454545,0.008320927404694532,4.57,0.5904116009919337,2.52,0.7174590404667536,2.48,0.7174590404667536,0.0,0.0,5.97,2.100769459800938,5.8,2.00504414420282,14.03,2.1007694598009374,5.0,0.0,20.12,1.9242209495341906,4.024,0.3848441899068381,1.006,0.09621104747670953,0.0,0.0
2,182.0,182.0,100,6.07,2.0163723802307887,0.30020899996154066,0.09452345303948327,0.7280063209494324,0.10216891472537362,0.03640617353660832,0.05189697723839886,0.0009347826086956518,0.006592754912038048,4.58,0.5891270720911633,2.51,0.7034546786030246,2.49,0.7034546786030246,0.0,0.0,5.95,2.105188395801711,5.77,1.9840525815775765,14.05,2.105188395801711,5.0,0.0,20.12,1.9242209495341906,4.024,0.3848441899068381,1.006,0.09621104747670953,0.0,0.0
2,183.0,183.0,100,6.01,1.9720009834652412,0.29726628084490847,0.09242933641024224,0.731061876504988,0.10011328566211891,0.03640617353660832,0.05189697723839886,0.0029427191166321604,0.011740444958132697,4.58,0.5891270720911633,2.51,0.7034546786030246,2.49,0.7034546786030246,0.0,0.0,5.89,2.07386332503111,5.75,2.006932429798716,14.11,2.07386332503111,5.0,0.0,20.12,1.9242209495341906,4.024,0.3848441899068381,1.006,0.09621104747670953,0.0,0.0
2,184.0,184.0,100,5.98,1.9693612767554454,0.29571072528935294,0.09199760929729178,0.7326174320605435,0.0992674447413562,0.03640617353660832,0.05189697723839886,0.0015555555555555561,0.00890150619671446,4.59,0.5702205846437981,2.5,0.7035264706814485,2.5,0.7035264706814485,0.0,0.0,5.86,2.0598126814903055,5.7,2.0075614636426526,14.14,2.059812681490305,5.0,0.0,20.12,1.9242209495341906,4.024,0.3848441899068381,1.006,0.09621104747670953,0.0,0.0
2,185.0,185.0,100,5.98,1.9693612767554454,0.29571072528935294,0.09199760929729178,0.7326174320605435,0.0992674447413562,0.03640617353660832,0.05189697723839886,0.0,0.0,4.59,0.5702205846437981,2.5,0.7035264706814485,2.5,0.7035264706814485,0.0,0.0,5.86,2.0598126814903055,5.68,2.019500888433536,14.14,2.059812681490305,5.0,0.0,20.12,1.9242209495341906,4.024,0.3848441899068381,1.006,0.09621104747670953,0.0,0.0
2,186.0,186.0,100,5.94,1.9375085532558023,0.2936981180135878,0.09016986030068135,0.7346993034055727,0.09743498942040019,0.03640617353660832,0.05189697723839886,0.00201260727576517,0.00994181732952853,4.61,0.5666666666666664,2.49,0.7034546786030247,2.51,0.7034546786030247,0.0,0.0,5.82,2.026989607444219,5.67,2.0002777584903337,14.18,2.026989607444219,5.0,0.0,20.12,1.9242209495341906,4.024,0.3848441899068381,1.006,0.09621104747670953,0.0,0.0
2,187.0,187.0,100,5.92,1.921068726127478,0.29270777984933655,0.08923649755980875,0.7357548589611284,0.09676402349020148,0.03640617353660832,0.05189697723839886,0.0009903381642512071,0.007019958526289136,4.62,0.5646130345536478,2.49,0.7034546786030247,2.51,0.7034546786030247,0.0,0.0,5.8,2.0150945537631877,5.67,2.0002777584903337,14.2,2.0150945537631877,5.0,0.0,20.12,1.9242209495341906,4.024,0.3848441899068381,1.006,0.09621104747670953,0.0,0.0
2,188.0,188.0,100,5.89,1.9221988671436907,0.29120527358367243,0.08919994122406692,0.7372811747506021,0.09650062940364883,0.03640617353660832,0.05189697723839886,0.0015025062656641606,0.008594045560678163,4.62,0.5646130345536478,2.49,0.7034546786030247,2.51,0.7034546786030247,0.0,0.0,5.77,2.0143675850441918,5.63,1.9573998419878709,14.23,2.014367585044191,5.0,0.0,20.12,1.9242209495341906,4.024,0.3848441899068381,1.006,0.09621104747670953,0.0,0.0
2,189.0,189.0,100,5.87,1.9366481509572306,0.2901951725735714,0.08989673203444967,0.7383367303061575,0.09728633369367125,0.03640617353660832,0.05189697723839886,0.0010101010101010099,0.007142492739258054,4.62,0.5646130345536478,2.48,0.7174590404667537,2.52,0.7174590404667537,0.0,0.0,5.75,2.0269646910062,5.6,1.9796949055831612,14.25,2.0269646910062,5.0,0.0,20.12,1.9242209495341906,4.024,0.3848441899068381,1.006,0.09621104747670953,0.0,0.0
2,190.0,190.0,100,5.86,1.9281015942049728,0.2896396170180158,0.08910200533894941,0.7388922858617132,0.09638647887964982,0.03640617353660832,0.05189697723839886,0.0005555555555555552,0.005555555555555552,4.62,0.5646130345536478,2.48,0.7174590404667537,2.52,0.7174590404667537,0.0,0.0,5.74,2.0081651507600844,5.58,1.9601071914617834,14.26,2.008165150760085,5.0,0.0,20.12,1.9242209495341906,4.024,0.3848441899068381,1.006,0.09621104747670953,0.0,0.0
2,191.0,191.0,100,5.85,1.9247195781581934,0.2891396170180158,0.08889992841168087,0.7393922858617131,0.09604979501840741,0.03640617353660832,0.05189697723839886,0.0004999999999999999,0.0049999999999999975,4.63,0.562372319964831,2.48,0.7174590404667537,2.52,0.7174590404667537,0.0,0.0,5.73,2.0043135301825226,5.52,1.9719241487655772,14.27,2.0043135301825226,5.0,0.0,20.12,1.9242209495341906,4.024,0.3848441899068381,1.006,0.09621104747670953,0.0,0.0
2,192.0,192.0,100,5.83,1.8965945025415178,0.2881133012285422,0.08712752347796021,0.7404186016511868,0.09409789659427086,0.03640617353660832,0.05189697723839886,0.001026315789473685,0.007222824856962222,4.64,0.5416025603090641,2.48,0.7174590404667537,2.52,0.7174590404667537,0.0,0.0,5.71,1.9709762745267827,5.48,2.0024227749646104,14.29,1.9709762745267823,5.0,0.0,20.12,1.9242209495341906,4.024,0.3848441899068381,1.006,0.09621104747670953,0.0,0.0
2,193.0,193.0,100,5.79,1.9137725184893977,0.28612588704089914,0.08818017641569062,0.7424712332301341,0.09502522271438713,0.03640617353660832,0.05189697723839886,0.00198741418764302,0.009814205257039887,4.64,0.5416025603090641,2.46,0.7305733185227706,2.54,0.7305733185227706,0.0,0.0,5.67,1.9901525244832543,5.45,1.9816073467686977,14.33,1.990152524483254,5.0,0.0,20.12,1.9242209495341906,4.024,0.3848441899068381,1.006,0.09621104747670953,0.0,0.0
2,194.0,194.0,100,5.74,1.8942763336648718,0.2835869639756603,0.08699626676217224,0.745079420364637,0.09363039576669828,0.03640617353660832,0.05189697723839886,0.002538923065238855,0.011153503016141576,4.67,0.5135536717202731,2.45,0.7299508769967216,2.55,0.7299508769967216,0.0,0.0,5.62,1.9631967334277567,5.4,1.954016841836789,14.38,1.9631967334277565,5.0,0.0,20.12,1.9242209495341906,4.024,0.3848441899068381,1.006,0.09621104747670953,0.0,0.0
2,195.0,195.0,100,5.72,1.9020456823582808,0.2826345830232793,0.08749263058842588,0.7460794203646371,0.09421566523858162,0.03640617353660832,0.05189697723839886,0.0009523809523809524,0.006700252101728082,4.67,0.5135536717202731,2.44,0.7291893935852135,2.56,0.7291893935852135,0.0,0.0,5.6,1.979694905583161,5.38,1.952879252216423,14.4,1.9796949055831605,5.0,0.0,20.12,1.9242209495341906,4.024,0.3848441899068381,1.006,0.09621104747670953,0.0,0.0
2,196.0,196.0,100,5.71,1.897872280191476,0.2821800375687339,0.0874241355409902,0.7465794203646371,0.09436923099081786,0.03640617353660832,0.05189697723839886,0.0004545454545454547,0.004545454545454548,4.67,0.5135536717202731,2.44,0.7291893935852135,2.56,0.7291893935852135,0.0,0.0,5.59,1.9852740695715372,5.37,1.9522325991572116,14.41,1.985274069571537,5.0,0.0,20.12,1.9242209495341906,4.024,0.3848441899068381,1.006,0.09621104747670953,0.0,0.0
2,197.0,197.0,100,5.69,1.8893374393146292,0.2811537217792602,0.08674119106369596,0.7476057361541107,0.09341829397772464,0.03640617353660832,0.05189697723839886,0.001026315789473684,0.007222824856962216,4.67,0.5135536717202731,2.44,0.7291893935852135,2.56,0.7291893935852135,0.0,0.0,5.57,1.970771268803002,5.36,1.9515339731823396,14.43,1.970771268803001,5.0,0.0,20.12,1.9242209495341906,4.024,0.3848441899068381,1.006,0.09621104747670953,0.0,0.0
2,198.0,198.0,100,5.62,1.8790713373656385,0.27765544710707246,0.08617026862814364,0.7512168472652219,0.09269931439410978,0.03640617353660832,0.05189697723839886,0.0034982746721877143,0.012860774871206595,4.67,0.5135536717202731,2.42,0.7545150292028178,2.58,0.7545150292028178,0.0,0.0,5.5,1.961755552683577,5.32,1.900983264980881,14.5,1.9617555526835773,5.0,0.0,20.12,1.9242209495341906,4.024,0.3848441899068381,1.006,0.09621104747670953,0.0,0.0
2,199.0,199.0,100,5.59,1.880763868026161,0.276179256630882,0.08627647859963505,0.7527168472652218,0.09253080687348152,0.03640617353660832,0.05189697723839886,0.0014761904761904775,0.008438523893098834,4.67,0.5135536717202731,2.41,0.7533762390570582,2.59,0.7533762390570582,0.0,0.0,5.47,1.9666666666666666,5.3,1.914854215512676,14.53,1.9666666666666668,5.0,0.0,20.12,1.9242209495341906,4.024,0.3848441899068381,1.006,0.09621104747670953,0.0,0.0
2,200.0,200.0,100,5.55,1.8822670620635353,0.2741457638079155,0.08631066144465696,0.7547957946336429,0.09223302677519639,0.03640617353660832,0.05189697723839886,0.0020334928229665083,0.010031695076083839,4.67,0.5135536717202731,2.4,0.752101433090355,2.6,0.752101433090355,0.0,0.0,5.43,1.9604936504705524,5.26,1.9416747951449056,14.57,1.9604936504705528,5.0,0.0,20.12,1.9242209495341906,4.024,0.3848441899068381,1.006,0.09621104747670953,0.0,0.0
2,201.0,201.0,100,5.53,1.882696325631262,0.2731194480184418,0.0862366630000288,0.7558221104231165,0.09183766424223361,0.03640617353660832,0.05189697723839886,0.0010263157894736849,0.007222824856962221,4.68,0.5101000100000198,2.39,0.764027076573451,2.61,0.764027076573451,0.0,0.0,5.41,1.9545078690302091,5.24,1.9181219771411617,14.59,1.9545078690302091,5.0,0.0,20.12,1.9242209495341906,4.024,0.3848441899068381,1.006,0.09621104747670953,0.0,0.0
2,202.0,202.0,100,5.5,1.86677488863775,0.2716529193780001,0.08539600482673029,0.7573776659786722,0.09131931562467374,0.03640617353660832,0.05189697723839886,0.0014665286404416838,0.008426318793254556,4.69,0.5064233865696238,2.38,0.7625051746802387,2.61,0.7640270765734509,0.01,0.09999999999999999,5.37,1.9522325991572123,5.23,1.937691013718767,14.63,1.9522325991572116,5.0,0.0,20.12,1.9242209495341906,4.024,0.3848441899068381,1.006,0.09621104747670953,0.0,0.0
2,203.0,203.0,100,5.48,1.855812599386157,0.2706529193780001,0.08475668504202129,0.7583776659786722,0.09039794122610889,0.03640617353660832,0.05189697723839886,0.0009999999999999998,0.007035264706814482,4.7,0.5025189076296062,2.38,0.7625051746802387,2.62,0.7625051746802387,0.0,0.0,5.36,1.9359439010154167,5.2,1.9332288373014042,14.64,1.9359439010154162,5.0,0.0,20.12,1.9242209495341906,4.024,0.3848441899068381,1.006,0.09621104747670953,0.0,0.0
2,204.0,204.0,100,5.44,1.8658006649189838,0.2686695518683168,0.08540037568302716,0.7604302975576195,0.0909243584687508,0.03640617353660832,0.05189697723839886,0.0019833675096833005,0.009785828206880847,4.7,0.5025189076296062,2.38,0.7625051746802387,2.62,0.7625051746802387,0.0,0.0,5.32,1.948218559493661,5.19,1.9053089041417979,14.68,1.9482185594936614,5.0,0.0,20.12,1.9242209495341906,4.024,0.3848441899068381,1.006,0.09621104747670953,0.0,0.0
2,205.0,205.0,100,5.41,1.8537158968576137,0.267032124967732,0.08410514973856462,0.7620677244582044,0.08917079484131243,0.03640617353660832,0.05189697723839886,0.0016374269005847953,0.009360785343893152,4.7,0.5025189076296062,2.37,0.7608474807008885,2.63,0.7608474807008885,0.0,0.0,5.29,1.908487158018946,5.15,1.8876258403431838,14.71,1.908487158018946,5.0,0.0,20.12,1.9242209495341906,4.024,0.3848441899068381,1.006,0.09621104747670953,0.0,0.0
2,206.0,206.0,100,5.4,1.8422647458873533,0.26653212496773204,0.08345277243845942,0.7625677244582043,0.08838962541187417,0.03640617353660832,0.05189697723839886,0.0005000000000000004,0.005000000000000003,4.7,0.5025189076296062,2.37,0.7608474807008885,2.63,0.7608474807008885,0.0,0.0,5.28,1.8967276445435595,5.14,1.8964080880347554,14.72,1.8967276445435586,5.0,0.0,20.12,1.9242209495341906,4.024,0.3848441899068381,1.006,0.09621104747670953,0.0,0.0
2,207.0,207.0,100,5.39,1.8526257642120334,0.26603212496773204,0.08400338918340952,0.7630677244582043,0.08874421817665967,0.03640617353660832,0.05189697723839886,0.0005000000000000001,0.005000000000000001,4.7,0.5025189076296062,2.37,0.7608474807008885,2.63,0.7608474807008885,0.0,0.0,5.27,1.9061569566628938,5.11,1.8850555279445596,14.73,1.9061569566628938,5.0,0.0,20.12,1.9242209495341906,4.024,0.3848441899068381,1.006,0.09621104747670953,0.0,0.0
2,208.0,208.0,100,5.37,1.8458525718950893,0.26507102656956266,0.08365631818610826,0.7640940402476779,0.08874518874774318,0.03640617353660832,0.05189697723839886,0.0009610983981693372,0.00679280015277516,4.7,0.5025189076296062,2.36,0.7590531049680359,2.64,0.7590531049680359,0.0,0.0,5.25,1.9089105253886045,5.08,1.9158034946995561,14.75,1.9089105253886038,5.0,0.0,20.12,1.9242209495341906,4.024,0.3848441899068381,1.006,0.09621104747670953,0.0,0.0
2,209.0,209.0,100,5.33,1.8589396347532554,0.2629599154584516,0.08387168783312643,0.7662051513587892,0.08824626750015764,0.03640617353660832,0.05189697723839886,0.0021111111111111105,0.0104093782957151,4.7,0.5025189076296062,2.34,0.7415517445863031,2.66,0.7415517445863031,0.0,0.0,5.21,1.8978722801914758,5.03,1.871935205647197,14.79,1.8978722801914756,5.0,0.0,20.12,1.9242209495341906,4.024,0.3848441899068381,1.006,0.09621104747670953,0.0,0.0
2,210.0,210.0,100,5.33,1.8589396347532554,0.2629599154584516,0.08387168783312643,0.7662051513587892,0.08824626750015764,0.03640617353660832,0.05189697723839886,0.0,0.0,4.7,0.5025189076296062,2.34,0.7415517445863031,2.66,0.7415517445863031,0.0,0.0,5.21,1.8978722801914758,5.01,1.8936096682678762,14.79,1.8978722801914756,5.0,0.0,20.12,1.9242209495341906,4.024,0.3848441899068381,1.006,0.09621104747670953,0.0,0.0
2,211.0,211.0,100,5.32,1.8525439784035336,0.26248372498226114,0.08360284960002214,0.7667051513587891,0.08800869182897773,0.03640617353660832,0.05189697723839886,0.0004761904761904762,0.004761904761904761,4.7,0.5025189076296062,2.34,0.7415517445863031,2.66,0.7415517445863031,0.0,0.0,5.2,1.8963015572317596,4.98,1.9015145478690334,14.8,1.8963015572317596,5.0,0.0,20.12,1.9242209495341906,4.024,0.3848441899068381,1.006,0.09621104747670953,0.0,0.0
2,212.0,212.0,100,5.28,1.880683305867763,0.260550482785861,0.08512585173615843,0.7687314671482628,0.08980967066203842,0.03640617353660832,0.05189697723839886,0.001933242196400093,0.009533356462288374,4.7,0.5025189076296062,2.32,0.7504880566886613,2.68,0.7504880566886613,0.0,0.0,5.16,1.936987142941117,4.94,1.911263794699542,14.84,1.936987142941117,5.0,0.0,20.12,1.9242209495341906,4.024,0.3848441899068381,1.006,0.09621104747670953,0.0,0.0
2,213.0,213.0,100,5.25,1.8606776217607424,0.2589686114408318,0.08362368847596216,0.770313338493292,0.087856196518544,0.03640617353660832,0.05189697723839886,0.0015818713450292407,0.009048841189472462,4.7,0.5025189076296062,2.32,0.7504880566886613,2.67,0.7393007889659368,0.01,0.09999999999999999,5.12,1.9031075066370216,4.92,1.9052293798645321,14.88,1.9031075066370213,5.0,0.0,20.12,1.9242209495341906,4.024,0.3848441899068381,1.006,0.09621104747670953,0.0,0.0
2,214.0,214.0,100,5.21,1.8218372345220384,0.2570854161337234,0.08216276919475797,0.7723688940488477,0.08713776424911349,0.03640617353660832,0.05189697723839886,0.001883195307108352,0.009334318818163578,4.72,0.4731156136066363,2.32,0.7504880566886613,2.68,0.7504880566886613,0.0,0.0,5.09,1.8914747599893502,4.86,1.8313763659989157,14.91,1.89147475998935,5.0,0.0,20.12,1.9242209495341906,4.024,0.3848441899068381,1.006,0.09621104747670953,0.0,0.0
2,215.0,215.0,100,5.18,1.8443470827412507,0.25548707982950475,0.08335556319485733,0.7740126848985208,0.08814117663258034,0.03640617353660832,0.05189697723839886,0.0015983363042186569,0.009187868139472014,4.72,0.4731156136066363,2.31,0.7613783354528612,2.69,0.7613783354528612,0.0,0.0,5.06,1.8953425105566626,4.82,1.7999999999999998,14.94,1.895342510556663,5.0,0.0,20.12,1.9242209495341906,4.024,0.3848441899068381,1.006,0.09621104747670953,0.0,0.0
2,216.0,216.0,100,5.13,1.867613396284091,0.2528303337977587,0.08456717954400282,0.7766932404540764,0.08862342758697109,0.03640617353660832,0.05189697723839886,0.0026567460317460313,0.011700994303564015,4.72,0.4731156136066363,2.29,0.7692971999287284,2.71,0.7692971999287284,0.0,0.0,5.01,1.8882678717691397,4.81,1.7848690640373528,14.99,1.8882678717691395,5.0,0.0,20.12,1.9242209495341906,4.024,0.3848441899068381,1.006,0.09621104747670953,0.0,0.0
2,217.0,217.0,100,5.1,1.8882946183412606,0.2512985877660127,0.08561812229808852,0.7782487960096318,0.08934008230441214,0.03640617353660832,0.05189697723839886,0.001531746031746032,0.0087728742043068,4.73,0.4682872294787989,2.28,0.7664690127296391,2.72,0.7664690127296391,0.0,0.0,4.98,1.9015145478690334,4.8,1.7809315460503172,15.02,1.9015145478690336,5.0,0.0,20.12,1.9242209495341906,4.024,0.3848441899068381,1.006,0.09621104747670953,0.0,0.0
2,218.0,218.0,100,5.06,1.8953425105566624,0.249262170966438,0.08591429311768782,0.7803306673546612,0.08940154288468362,0.03640617353660832,0.05189697723839886,0.002036416799574694,0.01005435692276245,4.73,0.4682872294787989,2.27,0.7634980634744878,2.73,0.7634980634744878,0.0,0.0,4.94,1.9006644239647499,4.79,1.7712348029758018,15.06,1.9006644239647494,5.0,0.0,20.12,1.9242209495341906,4.024,0.3848441899068381,1.006,0.09621104747670953,0.0,0.0
2,219.0,219.0,100,5.02,1.8476302048130124,0.24717779335574458,0.0827093558874598,0.7824388544891641,0.08577905306715274,0.03640617353660832,0.05189697723839886,0.002084377610693401,0.012712780039448198,4.73,0.4682872294787989,2.27,0.7634980634744878,2.73,0.7634980634744878,0.0,0.0,4.9,1.8340219092574557,4.77,1.7801089513813138,15.1,1.8340219092574561,5.0,0.0,20.12,1.9242209495341906,4.024,0.3848441899068381,1.006,0.09621104747670953,0.0,0.0
2,220.0,220.0,100,4.98,1.8256312039755709,0.24522290613769948,0.08147135100540627,0.7844651702786378,0.08451610469473068,0.03640617353660832,0.05189697723839886,0.0019548872180451126,0.011774734627686315,4.73,0.4682872294787989,2.25,0.7436600722307896,2.75,0.7436600722307896,0.0,0.0,4.86,1.8203118835890058,4.74,1.767381216273491,15.14,1.8203118835890058,5.0,0.0,20.12,1.9242209495341906,4.024,0.3848441899068381,1.006,0.09621104747670953,0.0,0.0
2,221.0,221.0,100,4.96,1.8252992006016904,0.2441702745587521,0.0812300593732482,0.7855178018575851,0.08390816959634471,0.03640617353660832,0.05189697723839886,0.0010526315789473693,0.007405541796646832,4.74,0.4631905164675271,2.25,0.7436600722307896,2.75,0.7436600722307896,0.0,0.0,4.84,1.8075039991852595,4.71,1.7597922283237544,15.16,1.8075039991852597,5.0,0.0,20.12,1.9242209495341906,4.024,0.3848441899068381,1.006,0.09621104747670953,0.0,0.0
2,222.0,222.0,100,4.94,1.8080627503189448,0.24317027455875212,0.0802123436270413,0.7865178018575851,0.08256090199009376,0.03640617353660832,0.05189697723839886,0.0009999999999999998,0.007035264706814482,4.74,0.4631905164675271,2.25,0.7436600722307896,2.75,0.7436600722307896,0.0,0.0,4.82,1.7887414457086752,4.69,1.744804698051743,15.18,1.7887414457086745,5.0,0.0,20.12,1.9242209495341906,4.024,0.3848441899068381,1.006,0.09621104747670953,0.0,0.0
2,223.0,223.0,100,4.92,1.8072804503625401,0.24208840321372288,0.07988948895989083,0.7875996732026144,0.0818518582135724,0.03640617353660832,0.05189697723839886,0.0010818713450292403,0.007614087352447873,4.75,0.4578165130223676,2.24,0.7401883462192496,2.76,0.7401883462192496,0.0,0.0,4.8,1.7695516752310831,4.66,1.7478413815187848,15.2,1.7695516752310831,5.0,0.0,20.12,1.9242209495341906,4.024,0.3848441899068381,1.006,0.09621104747670953,0.0,0.0
2,224.0,224.0,100,4.9,1.8174240845301632,0.2410065318686936,0.08029065621119245,0.7886815445476436,0.08184802686096386,0.03640617353660832,0.05189697723839886,0.0010818713450292392,0.007614087352447866,4.75,0.4578165130223676,2.24,0.7401883462192496,2.76,0.7401883462192496,0.0,0.0,4.78,1.7614273367432063,4.65,1.7602513594611564,15.22,1.761427336743206,5.0,0.0,20.12,1.9242209495341906,4.024,0.3848441899068381,1.006,0.09621104747670953,0.0,0.0
2,225.0,225.0,100,4.87,1.8071407183054604,0.2395541509163127,0.07981173902329838,0.7901815445476436,0.08127030513879795,0.03640617353660832,0.05189697723839886,0.001452380952380954,0.008302492232137935,4.75,0.4578165130223676,2.23,0.7365631354644708,2.77,0.7365631354644708,0.0,0.0,4.75,1.7602513594611562,4.62,1.7510747060769924,15.25,1.7602513594611569,5.0,0.0,20.12,1.9242209495341906,4.024,0.3848441899068381,1.006,0.09621104747670953,0.0,0.0
2,226.0,226.0,100,4.85,1.7773831632742862,0.23862341498557677,0.07852971734356906,0.7911815445476437,0.08013530718642778,0.03640617353660832,0.05189697723839886,0.0009307359307359314,0.006549780211709306,4.75,0.4578165130223676,2.23,0.7365631354644708,2.77,0.7365631354644708,0.0,0.0,4.73,1.7457307231001462,4.61,1.7517379537436126,15.27,1.7457307231001464,5.0,0.0,20.12,1.9242209495341906,4.024,0.3848441899068381,1.006,0.09621104747670953,0.0,0.0
2,227.0,227.0,100,4.83,1.7698656001019522,0.23764255374155763,0.07811165475851921,0.7922078603371173,0.07980605071766539,0.03640617353660832,0.05189697723839886,0.000980861244019139,0.006919442617076578,4.75,0.4578165130223676,2.22,0.7464393593398709,2.78,0.7464393593398709,0.0,0.0,4.71,1.7424874823833385,4.59,1.7643781632717812,15.29,1.7424874823833394,5.0,0.0,20.12,1.9242209495341906,4.024,0.3848441899068381,1.006,0.09621104747670953,0.0,0.0
2,228.0,228.0,100,4.82,1.7830855109595667,0.23705431844744,0.0787954734934662,0.792796095631235,0.0802547749498896,0.03640617353660832,0.05189697723839886,0.000588235294117647,0.005882352941176471,4.75,0.4578165130223676,2.22,0.7464393593398709,2.78,0.7464393593398709,0.0,0.0,4.7,1.7378728435078383,4.57,1.7595626178288188,15.3,1.7378728435078388,5.0,0.0,20.12,1.9242209495341906,4.024,0.3848441899068381,1.006,0.09621104747670953,0.0,0.0
2,229.0,229.0,100,4.79,1.7655227857693334,0.2355997729928945,0.07800685596347902,0.7942960956312349,0.07926927848451569,0.03640617353660832,0.05189697723839886,0.001454545454545454,0.008320927404694532,4.75,0.4578165130223676,2.2,0.7521014330903549,2.8,0.7521014330903549,0.0,0.0,4.67,1.7294537001637544,4.54,1.771947510452265,15.33,1.7294537001637542,5.0,0.0,20.12,1.9242209495341906,4.024,0.3848441899068381,1.006,0.09621104747670953,0.0,0.0
2,230.0,230.0,100,4.76,1.7298332961078164,0.23426903706215857,0.07704676971121865,0.795796095631235,0.07920465780257926,0.03640617353660832,0.05189697723839886,0.0013307359307359306,0.007625451526216648,4.75,0.4578165130223676,2.2,0.7521014330903549,2.8,0.7521014330903549,0.0,0.0,4.64,1.7379890852954343,4.52,1.7893060558820453,15.36,1.737989085295434,5.0,0.0,20.12,1.9242209495341906,4.024,0.3848441899068381,1.006,0.09621104747670953,0.0,0.0
2,231.0,231.0,100,4.76,1.7298332961078164,0.23426903706215857,0.07704676971121865,0.795796095631235,0.07920465780257926,0.03640617353660832,0.05189697723839886,0.0,0.0,4.75,0.4578165130223676,2.2,0.7521014330903549,2.8,0.7521014330903549,0.0,0.0,4.64,1.7379890852954343,4.5,1.7837651700316892,15.36,1.737989085295434,5.0,0.0,20.12,1.9242209495341906,4.024,0.3848441899068381,1.006,0.09621104747670953,0.0,0.0
2,232.0,232.0,100,4.75,1.7254775360093009,0.2337690370621586,0.07677766479175525,0.7962960956312349,0.07875032752098773,0.03640617353660832,0.05189697723839886,0.0004999999999999999,0.0049999999999999975,4.75,0.4578165130223676,2.2,0.7521014330903549,2.8,0.7521014330903549,0.0,0.0,4.63,1.732954504056962,4.48,1.7493433111319292,15.37,1.7329545040569618,5.0,0.0,20.12,1.9242209495341906,4.024,0.3848441899068381,1.006,0.09621104747670953,0.0,0.0
2,233.0,233.0,100,4.74,1.7443704545847718,0.23318080176804096,0.07789355505668516,0.7968843309253526,0.07961458514974162,0.03640617353660832,0.05189697723839886,0.000588235294117647,0.0058823529411764705,4.75,0.4578165130223676,2.19,0.7613783354528615,2.81,0.7613783354528615,0.0,0.0,4.62,1.7336829484241245,4.48,1.7493433111319292,15.38,1.733682948424124,5.0,0.0,20.12,1.9242209495341906,4.024,0.3848441899068381,1.006,0.09621104747670953,0.0,0.0
2,234.0,234.0,100,4.7,1.766695254199807,0.23127603986327902,0.07920781673545202,0.7988843309253526,0.08123764877794087,0.03640617353660832,0.05189697723839886,0.0019047619047619052,0.01156563631140772,4.75,0.4578165130223676,2.16,0.761709931799514,2.84,0.761709931799514,0.0,0.0,4.58,1.776274617043073,4.45,1.7602513594611564,15.42,1.776274617043073,5.0,0.0,20.12,1.9242209495341906,4.024,0.3848441899068381,1.006,0.09621104747670953,0.0,0.0
2,235.0,235.0,100,4.7,1.766695254199807,0.23127603986327902,0.07920781673545202,0.7988843309253526,0.08123764877794087,0.03640617353660832,0.05189697723839886,0.0,0.0,4.75,0.4578165130223676,2.16,0.761709931799514,2.84,0.761709931799514,0.0,0.0,4.58,1.776274617043073,4.44,1.7656658114081942,15.42,1.776274617043073,5.0,0.0,20.12,1.9242209495341906,4.024,0.3848441899068381,1.006,0.09621104747670953,0.0,0.0
2,236.0,236.0,100,4.68,1.7458753701455347,0.23038671180003792,0.07852074439026786,0.7998843309253526,0.08124530358658558,0.03640617353660832,0.05189697723839886,0.0008893280632411071,0.0062582345191040875,4.75,0.4578165130223676,2.14,0.7656778867530564,2.86,0.7656778867530564,0.0,0.0,4.56,1.7827455842553128,4.42,1.7762746170430719,15.44,1.7827455842553124,5.0,0.0,20.12,1.9242209495341906,4.024,0.3848441899068381,1.006,0.09621104747670953,0.0,0.0
2,237.0,237.0,100,4.67,1.7352844496543272,0.22993216634549246,0.07813800947188408,0.8003843309253525,0.08108890887057578,0.03640617353660832,0.05189697723839886,0.0004545454545454547,0.004545454545454548,4.75,0.4578165130223676,2.14,0.7656778867530564,2.86,0.7656778867530564,0.0,0.0,4.55,1.7830571862093845,4.42,1.7762746170430719,15.45,1.7830571862093842,5.0,0.0,20.12,1.9242209495341906,4.024,0.3848441899068381,1.006,0.09621104747670953,0.0,0.0
2,238.0,238.0,100,4.64,1.7610832295533738,0.22837410452427276,0.07956943794055173,0.8019662022703818,0.0821257284305075,0.03640617353660832,0.05189697723839886,0.0015580618212197158,0.008922404490801707,4.76,0.4521553322083513,2.13,0.7740096311357559,2.87,0.7740096311357559,0.0,0.0,4.52,1.7949423895540997,4.4,1.7695516752310825,15.48,1.7949423895540995,5.0,0.0,20.12,1.9242209495341906,4.024,0.3848441899068381,1.006,0.09621104747670953,0.0,0.0
2,239.0,239.0,100,4.6,1.7232808737106582,0.22658882313899137,0.07854915429551877,0.8039662022703818,0.08235991540251004,0.03640617353660832,0.05189697723839886,0.0017852813852813855,0.008808330617608355,4.77,0.4461960433384738,2.12,0.7558525857024841,2.88,0.7558525857024841,0.0,0.0,4.48,1.811746185983082,4.39,1.7746531884832988,15.52,1.8117461859830815,5.0,0.0,20.12,1.9242209495341906,4.024,0.3848441899068381,1.006,0.09621104747670953,0.0,0.0
2,240.0,240.0,100,4.58,1.7066714015085833,0.22571761101777923,0.0781267910730021,0.8049662022703817,0.0829164828925435,0.03640617353660832,0.05189697723839886,0.0008712121212121218,0.006135116471341591,4.77,0.4461960433384738,2.11,0.7506899183653353,2.89,0.7506899183653353,0.0,0.0,4.46,1.828064052985612,4.38,1.768295418437962,15.54,1.828064052985612,5.0,0.0,20.12,1.9242209495341906,4.024,0.3848441899068381,1.006,0.09621104747670953,0.0,0.0
2,241.0,241.0,100,4.57,1.6952399192557914,0.22519129522830558,0.07732893928333204,0.8054925180598554,0.08196638031383455,0.03640617353660832,0.05189697723839886,0.0005263157894736842,0.005263157894736842,4.77,0.4461960433384738,2.1,0.7453559924999299,2.9,0.74535599249993,0.0,0.0,4.45,1.8111606859423126,4.37,1.7618573762201677,15.55,1.8111606859423124,5.0,0.0,20.12,1.9242209495341906,4.024,0.3848441899068381,1.006,0.09621104747670953,0.0,0.0
2,242.0,242.0,100,4.55,1.6959547830831534,0.22401073967275,0.07657133913614597,0.8066730736154111,0.080800451352637,0.03640617353660832,0.05189697723839886,0.001180555555555556,0.00832017058094796,4.78,0.41633319989322654,2.1,0.7453559924999299,2.9,0.74535599249993,0.0,0.0,4.43,1.7767010628315238,4.36,1.7495742627879796,15.57,1.7767010628315232,5.0,0.0,20.12,1.9242209495341906,4.024,0.3848441899068381,1.006,0.09621104747670953,0.0,0.0
2,243.0,243.0,100,4.55,1.6959547830831534,0.22401073967275,0.07657133913614597,0.8066730736154111,0.080800451352637,0.03640617353660832,0.05189697723839886,0.0,0.0,4.78,0.41633319989322654,2.1,0.7453559924999299,2.9,0.74535599249993,0.0,0.0,4.43,1.7767010628315238,4.33,1.7352844496543272,15.57,1.7767010628315232,5.0,0.0,20.12,1.9242209495341906,4.024,0.3848441899068381,1.006,0.09621104747670953,0.0,0.0
2,244.0,244.0,100,4.54,1.6842706661245623,0.22355619421820458,0.07614037243512746,0.807173073615411,0.08060066631167141,0.03640617353660832,0.05189697723839886,0.0004545454545454547,0.004545454545454548,4.78,0.41633319989322654,2.1,0.7453559924999299,2.9,0.74535599249993,0.0,0.0,4.42,1.776274617043073,4.3,1.7378728435078388,15.58,1.7762746170430723,5.0,0.0,20.12,1.9242209495341906,4.024,0.3848441899068381,1.006,0.09621104747670953,0.0,0.0
2,245.0,245.0,100,4.53,1.6844805571673263,0.22302987842873087,0.0760457104268632,0.8076993894048847,0.0803080807803419,0.03640617353660832,0.05189697723839886,0.0005263157894736851,0.00526315789473685,4.78,0.41633319989322654,2.09,0.7398471040517339,2.91,0.739847104051734,0.0,0.0,4.41,1.7700938741299352,4.29,1.7540429489230496,15.59,1.7700938741299348,5.0,0.0,20.12,1.9242209495341906,4.024,0.3848441899068381,1.006,0.09621104747670953,0.0,0.0
2,246.0,246.0,100,4.52,1.684630463330103,0.22250356263925716,0.07594724630521349,0.8082257051943584,0.08001092834488586,0.03640617353660832,0.05189697723839886,0.0005263157894736851,0.005263157894736851,4.78,0.41633319989322654,2.08,0.7341593144474153,2.92,0.7341593144474153,0.0,0.0,4.4,1.7638342073763935,4.28,1.7412407047617493,15.6,1.7638342073763928,5.0,0.0,20.12,1.9242209495341906,4.024,0.3848441899068381,1.006,0.09621104747670953,0.0,0.0
2,247.0,247.0,100,4.49,1.6847204006252279,0.22104901718471173,0.07600851463961288,0.8097257051943585,0.07999876294801948,0.03640617353660832,0.05189697723839886,0.0014545454545454542,0.00832092740469453,4.78,0.41633319989322654,2.06,0.7222299921881958,2.94,0.722229992188196,0.0,0.0,4.37,1.7732866250399155,4.27,1.7341198681670533,15.63,1.7732866250399157,5.0,0.0,20.12,1.9242209495341906,4.024,0.3848441899068381,1.006,0.09621104747670953,0.0,0.0
2,248.0,248.0,100,4.46,1.7021673646776738,0.2194344661011204,0.07679691335724972,0.8113402562779498,0.08012424832026399,0.03640617353660832,0.05189697723839886,0.0016145510835913308,0.009249413410173385,4.78,0.41633319989322654,2.05,0.7299508769967216,2.95,0.7299508769967216,0.0,0.0,4.34,1.7650936393164967,4.25,1.7196135342194496,15.66,1.7650936393164964,5.0,0.0,20.12,1.9242209495341906,4.024,0.3848441899068381,1.006,0.09621104747670953,0.0,0.0
2,249.0,249.0,100,4.46,1.7021673646776738,0.2194344661011204,0.07679691335724972,0.8113402562779498,0.08012424832026399,0.03640617353660832,0.05189697723839886,0.0,0.0,4.78,0.41633319989322654,2.05,0.7299508769967216,2.95,0.7299508769967216,0.0,0.0,4.34,1.7650936393164967,4.24,1.723984110170744,15.66,1.7650936393164964,5.0,0.0,20.12,1.9242209495341906,4.024,0.3848441899068381,1.006,0.09621104747670953,0.0,0.0
2,250.0,250.0,100,4.45,1.7019003045021897,0.21887891054556483,0.07657120470372206,0.8118958118335052,0.0796915248076988,0.03640617353660832,0.05189697723839886,0.0005555555555555558,0.0055555555555555575,4.78,0.41633319989322654,2.04,0.7374539876076227,2.96,0.7374539876076227,0.0,0.0,4.33,1.752660315582624,4.21,1.7366809165936636,15.67,1.7526603155826233,5.0,0.0,20.12,1.9242209495341906,4.024,0.3848441899068381,1.006,0.09621104747670953,0.0,0.0
2,251.0,251.0,100,4.45,1.7019003045021897,0.21887891054556483,0.07657120470372206,0.8118958118335052,0.0796915248076988,0.03640617353660832,0.05189697723839886,0.0,0.0,4.78,0.41633319989322654,2.04,0.7374539876076227,2.96,0.7374539876076227,0.0,0.0,4.33,1.752660315582624,4.2,1.7349642676726833,15.67,1.7526603155826233,5.0,0.0,20.12,1.9242209495341906,4.024,0.3848441899068381,1.006,0.09621104747670953,0.0,0.0
2,252.0,252.0,100,4.42,1.6947929762431846,0.2173372438788982,0.07631495794706056,0.8135208118335053,0.07977631114342111,0.03640617353660832,0.05189697723839886,0.001541666666666667,0.008935621314873875,4.79,0.40936018074033237,2.03,0.731057073315377,2.97,0.731057073315377,0.0,0.0,4.3,1.743675440098885,4.2,1.7349642676726833,15.7,1.7436754400988848,5.0,0.0,20.12,1.9242209495341906,4.024,0.3848441899068381,1.006,0.09621104747670953,0.0,0.0
2,253.0,253.0,100,4.4,1.6877454928053721,0.2162816883233426,0.0756048725010274,0.8145763673890609,0.07868024495819216,0.03640617353660832,0.05189697723839886,0.0010555555555555552,0.007436600722307893,4.8,0.4020151261036849,2.03,0.731057073315377,2.97,0.731057073315377,0.0,0.0,4.28,1.7237497298950137,4.2,1.7349642676726833,15.72,1.7237497298950137,5.0,0.0,20.12,1.9242209495341906,4.024,0.3848441899068381,1.006,0.09621104747670953,0.0,0.0
2,254.0,254.0,100,4.39,1.6930935167809413,0.21580549784715214,0.07591836007588634,0.8150763673890609,0.07906555756941755,0.03640617353660832,0.05189697723839886,0.0004761904761904762,0.004761904761904761,4.8,0.4020151261036849,2.03,0.731057073315377,2.97,0.731057073315377,0.0,0.0,4.27,1.734119868167053,4.17,1.735284449654327,15.73,1.7341198681670527,5.0,0.0,20.12,1.9242209495341906,4.024,0.3848441899068381,1.006,0.09621104747670953,0.0,0.0
2,255.0,255.0,100,4.38,1.6983652270475993,0.21527918205767846,0.07613745066020912,0.8156026831785346,0.07906858293784205,0.03640617353660832,0.05189697723839886,0.0005263157894736839,0.0052631578947368385,4.8,0.4020151261036849,2.03,0.731057073315377,2.97,0.731057073315377,0.0,0.0,4.26,1.7327504847566029,4.13,1.7094803983442548,15.74,1.7327504847566029,5.0,0.0,20.12,1.9242209495341906,4.024,0.3848441899068381,1.006,0.09621104747670953,0.0,0.0
2,256.0,256.0,100,4.37,1.7153790404820888,0.21477918205767846,0.07706072288316443,0.8161026831785345,0.07976271448972627,0.03640617353660832,0.05189697723839886,0.0005,0.005,4.8,0.4020151261036849,2.02,0.7382753585556712,2.98,0.7382753585556713,0.0,0.0,4.25,1.7487369179155592,4.12,1.71905541363608,15.75,1.7487369179155592,5.0,0.0,20.12,1.9242209495341906,4.024,0.3848441899068381,1.006,0.09621104747670953,0.0,0.0
2,257.0,257.0,100,4.34,1.7187028230439936,0.21325286626820478,0.07708696424339138,0.8176289989680083,0.07918909318100256,0.03640617353660832,0.05189697723839886,0.001526315789473685,0.00872539490789508,4.81,0.3942772444036625,2.0,0.7247430753394786,3.0,0.7247430753394786,0.0,0.0,4.22,1.744138813862074,4.12,1.71905541363608,15.78,1.7441388138620733,5.0,0.0,20.12,1.9242209495341906,4.024,0.3848441899068381,1.006,0.09621104747670953,0.0,0.0
2,258.0,258.0,100,4.31,1.750584318033684,0.21157523468925737,0.07879191122145654,0.8193066305469556,0.08019983963596643,0.03640617353660832,0.05189697723839886,0.0016776315789473679,0.009621614678703068,4.81,0.3942772444036625,2.0,0.7247430753394786,3.0,0.7247430753394786,0.0,0.0,4.19,1.7390058694959638,4.11,1.7285189549952231,15.81,1.7390058694959638,5.0,0.0,20.12,1.9242209495341906,4.024,0.3848441899068381,1.006,0.09621104747670953,0.0,0.0
2,259.0,259.0,100,4.27,1.7399349807891495,0.2095200968446459,0.07787640324684851,0.8213855779153767,0.07872950766117824,0.03640617353660832,0.05189697723839886,0.0020551378446115273,0.010128200378395869,4.81,0.3942772444036625,2.0,0.7247430753394786,3.0,0.7247430753394786,0.0,0.0,4.15,1.713729467234746,4.09,1.7355172721757057,15.85,1.713729467234746,5.0,0.0,20.12,1.9242209495341906,4.024,0.3848441899068381,1.006,0.09621104747670953,0.0,0.0
2,260.0,260.0,100,4.25,1.7429511719720632,0.2085439063684554,0.07809450266247185,0.8223855779153767,0.0787694556180163,0.03640617353660832,0.05189697723839886,0.0009761904761904769,0.006869842536801759,4.81,0.3942772444036625,1.98,0.7244642743769252,3.02,0.7244642743769253,0.0,0.0,4.13,1.7212574684594026,4.08,1.7331002174243602,15.87,1.7212574684594029,5.0,0.0,20.12,1.9242209495341906,4.024,0.3848441899068381,1.006,0.09621104747670953,0.0,0.0
2,261.0,261.0,100,4.25,1.7429511719720632,0.2085439063684554,0.07809450266247185,0.8223855779153767,0.0787694556180163,0.03640617353660832,0.05189697723839886,0.0,0.0,4.81,0.3942772444036625,1.98,0.7244642743769252,3.02,0.7244642743769253,0.0,0.0,4.13,1.7212574684594026,4.06,1.728080619144438,15.87,1.7212574684594029,5.0,0.0,20.12,1.9242209495341906,4.024,0.3848441899068381,1.006,0.09621104747670953,0.0,0.0
2,262.0,262.0,100,4.25,1.7429511719720632,0.2085439063684554,0.07809450266247185,0.8223855779153767,0.0787694556180163,0.03640617353660832,0.05189697723839886,0.0,0.0,4.81,0.3942772444036625,1.98,0.7244642743769252,3.02,0.7244642743769253,0.0,0.0,4.13,1.7212574684594026,4.03,1.702375049182996,15.87,1.7212574684594029,5.0,0.0,20.12,1.9242209495341906,4.024,0.3848441899068381,1.006,0.09621104747670953,0.0,0.0
2,263.0,263.0,100,4.23,1.7399349807891495,0.20758280797028608,0.0779682838060109,0.8234118937048504,0.07902050005912567,0.03640617353660832,0.05189697723839886,0.0009610983981693369,0.0067928001527751605,4.81,0.3942772444036625,1.98,0.7244642743769252,3.02,0.7244642743769253,0.0,0.0,4.11,1.7285189549952227,4.03,1.702375049182996,15.89,1.7285189549952227,5.0,0.0,20.12,1.9242209495341906,4.024,0.3848441899068381,1.006,0.09621104747670953,0.0,0.0
2,264.0,264.0,100,4.22,1.7266771966450885,0.2071282625157406,0.07744775193883091,0.8239118937048504,0.07870886863377966,0.03640617353660832,0.05189697723839886,0.0004545454545454547,0.004545454545454549,4.82,0.38612291966536916,1.98,0.7244642743769252,3.02,0.7244642743769253,0.0,0.0,4.1,1.7262091355910438,4.0,1.7115177268415684,15.9,1.7262091355910436,5.0,0.0,20.12,1.9242209495341906,4.024,0.3848441899068381,1.006,0.09621104747670953,0.0,0.0
2,265.0,265.0,100,4.22,1.7266771966450885,0.2071282625157406,0.07744775193883091,0.8239118937048504,0.07870886863377966,0.03640617353660832,0.05189697723839886,0.0,0.0,4.82,0.38612291966536916,1.98,0.7244642743769252,3.02,0.7244642743769253,0.0,0.0,4.1,1.7262091355910438,3.98,1.711399687065791,15.9,1.7262091355910436,5.0,0.0,20.12,1.9242209495341906,4.024,0.3848441899068381,1.006,0.09621104747670953,0.0,0.0
2,266.0,266.0,100,4.19,1.739005869495964,0.20550075625007644,0.0781853895581551,0.825563209494324,0.07905878860389513,0.03640617353660832,0.05189697723839886,0.0016275062656641603,0.009363063651984702,4.82,0.38612291966536916,1.97,0.744745906095807,3.03,0.744745906095807,0.0,0.0,4.07,1.7130220210039462,3.96,1.7110455188792517,15.93,1.7130220210039464,5.0,0.0,20.12,1.9242209495341906,4.024,0.3848441899068381,1.006,0.09621104747670953,0.0,0.0
2,267.0,267.0,100,4.18,1.754532370286692,0.2049452006945209,0.07905539885984415,0.8261187650498796,0.07970087104266387,0.03640617353660832,0.05189697723839886,0.0005555555555555561,0.00555555555555556,4.82,0.38612291966536916,1.97,0.744745906095807,3.03,0.744745906095807,0.0,0.0,4.06,1.7163503680363708,3.96,1.7110455188792517,15.94,1.7163503680363705,5.0,0.0,20.12,1.9242209495341906,4.024,0.3848441899068381,1.006,0.09621104747670953,0.0,0.0
2,268.0,268.0,100,4.16,1.7449494218596955,0.20401446476378496,0.07870484732845112,0.8271187650498796,0.07968035273852227,0.03640617353660832,0.05189697723839886,0.0009307359307359312,0.0065497802117093044,4.82,0.38612291966536916,1.97,0.744745906095807,3.03,0.744745906095807,0.0,0.0,4.04,1.7228118899290215,3.96,1.7110455188792517,15.96,1.722811889929022,5.0,0.0,20.12,1.9242209495341906,4.024,0.3848441899068381,1.006,0.09621104747670953,0.0,0.0
2,269.0,269.0,100,4.14,1.7582130506036893,0.20290335365267384,0.07922776909648636,0.8282298761609908,0.07976002270858817,0.03640617353660832,0.05189697723839886,0.0011111111111111111,0.007816960785349426,4.82,0.38612291966536916,1.96,0.751026233922893,3.04,0.7510262339228929,0.0,0.0,4.02,1.7113996870657915,3.94,1.716350368036371,15.98,1.7113996870657915,5.0,0.0,20.12,1.9242209495341906,4.024,0.3848441899068381,1.006,0.09621104747670953,0.0,0.0
2,270.0,270.0,100,4.13,1.7561148578436983,0.20240335365267384,0.07908518841071539,0.8287298761609907,0.0794206594378579,0.03640617353660832,0.05189697723839886,0.0004999999999999999,0.004999999999999998,4.82,0.38612291966536916,1.96,0.751026233922893,3.04,0.7510262339228929,0.0,0.0,4.01,1.7085347257492052,3.91,1.7238376262328656,15.99,1.708534725749204,5.0,0.0,20.12,1.9242209495341906,4.024,0.3848441899068381,1.006,0.09621104747670953,0.0,0.0
2,271.0,271.0,100,4.12,1.748188095189307,0.20190335365267384,0.0786186018376087,0.8292298761609908,0.07875665665582694,0.03640617353660832,0.05189697723839886,0.0004999999999999999,0.004999999999999998,4.82,0.38612291966536916,1.95,0.7436600722307894,3.05,0.7436600722307894,0.0,0.0,4.0,1.6996731711975954,3.89,1.704983782025418,16.0,1.699673171197595,5.0,0.0,20.12,1.9242209495341906,4.024,0.3848441899068381,1.006,0.09621104747670953,0.0,0.0
2,272.0,272.0,100,4.1,1.7609685122142587,0.20087703786320016,0.07929202573545535,0.8302561919504644,0.07902152366098106,0.03640617353660832,0.05189697723839886,0.0010263157894736838,0.007222824856962216,4.82,0.38612291966536916,1.95,0.7436600722307894,3.05,0.7436600722307894,0.0,0.0,3.98,1.7054872818895097,3.89,1.704983782025418,16.02,1.7054872818895097,5.0,0.0,20.12,1.9242209495341906,4.024,0.3848441899068381,1.006,0.09621104747670953,0.0,0.0
2,273.0,273.0,100,4.1,1.7609685122142587,0.20087703786320016,0.07929202573545535,0.8302561919504644,0.07902152366098106,0.03640617353660832,0.05189697723839886,0.0,0.0,4.82,0.38612291966536916,1.95,0.7436600722307894,3.05,0.7436600722307894,0.0,0.0,3.98,1.7054872818895097,3.88,1.689420437351642,16.02,1.7054872818895097,5.0,0.0,20.12,1.9242209495341906,4.024,0.3848441899068381,1.006,0.09621104747670953,0.0,0.0
2,274.0,274.0,100,4.07,1.7652939206439893,0.19941239139855368,0.0796736637923963,0.8318117475060199,0.07979334606958306,0.03640617353660832,0.05189697723839886,0.001464646464646465,0.008411231207036927,4.82,0.38612291966536916,1.93,0.7420283421851623,3.07,0.7420283421851623,0.0,0.0,3.95,1.7196135342194505,3.87,1.691661068806979,16.05,1.7196135342194494,5.0,0.0,20.12,1.9242209495341906,4.024,0.3848441899068381,1.006,0.09621104747670953,0.0,0.0
2,275.0,275.0,100,4.06,1.7628030937897592,0.19895784594400825,0.07964276770014508,0.83231174750602,0.08006466167540076,0.03640617353660832,0.05189697723839886,0.00045454545454545417,0.004545454545454543,4.82,0.38612291966536916,1.93,0.7420283421851623,3.07,0.7420283421851623,0.0,0.0,3.94,1.728080619144439,3.87,1.691661068806979,16.06,1.7280806191444387,5.0,0.0,20.12,1.9242209495341906,4.024,0.3848441899068381,1.006,0.09621104747670953,0.0,0.0
2,276.0,276.0,100,4.05,1.760251359461156,0.19848165546781776,0.0795487019064487,0.8328117475060199,0.08001694770736026,0.03640617353660832,0.05189697723839886,0.00047619047619047586,0.004761904761904758,4.83,0.3775251680686369,1.93,0.7420283421851623,3.07,0.7420283421851623,0.0,0.0,3.93,1.7306214216432503,3.86,1.6878651868229555,16.07,1.7306214216432505,5.0,0.0,20.12,1.9242209495341906,4.024,0.3848441899068381,1.006,0.09621104747670953,0.0,0.0
2,277.0,277.0,100,4.05,1.760251359461156,0.19848165546781776,0.0795487019064487,0.8328117475060199,0.08001694770736026,0.03640617353660832,0.05189697723839886,0.0,0.0,4.83,0.3775251680686369,1.93,0.7420283421851623,3.07,0.7420283421851623,0.0,0.0,3.93,1.7306214216432503,3.85,1.6840007677725644,16.07,1.7306214216432505,5.0,0.0,20.12,1.9242209495341906,4.024,0.3848441899068381,1.006,0.09621104747670953,0.0,0.0
2,278.0,278.0,100,4.05,1.760251359461156,0.19848165546781776,0.0795487019064487,0.8328117475060199,0.08001694770736026,0.03640617353660832,0.05189697723839886,0.0,0.0,4.83,0.3775251680686369,1.93,0.7420283421851623,3.07,0.7420283421851623,0.0,0.0,3.93,1.7306214216432503,3.85,1.6840007677725644,16.07,1.7306214216432505,5.0,0.0,20.12,1.9242209495341906,4.024,0.3848441899068381,1.006,0.09621104747670953,0.0,0.0
2,279.0,279.0,100,4.03,1.7664379497460505,0.19747914920215362,0.07982957368882039,0.8338380632954936,0.08016335308859278,0.03640617353660832,0.05189697723839886,0.0010025062656641602,0.007061887261249076,4.83,0.3775251680686369,1.92,0.7477913607363482,3.08,0.7477913607363482,0.0,0.0,3.91,1.7355172721757055,3.84,1.6980083401539354,16.09,1.7355172721757057,5.0,0.0,20.12,1.9242209495341906,4.024,0.3848441899068381,1.006,0.09621104747670953,0.0,0.0
2,280.0,280.0,100,4.01,1.7494299215758973,0.19654436659345795,0.07917894874485398,0.8348380632954937,0.07972950114961849,0.03640617353660832,0.05189697723839886,0.0009347826086956518,0.006592754912038047,4.83,0.3775251680686369,1.91,0.739847104051734,3.09,0.7398471040517343,0.0,0.0,3.89,1.7343528470238685,3.83,1.6700269156483372,16.11,1.734352847023869,5.0,0.0,20.12,1.9242209495341906,4.024,0.3848441899068381,1.006,0.09621104747670953,0.0,0.0
2,281.0,281.0,100,4.0,1.746569509210856,0.19591936659345793,0.07849815154703743,0.8354630632954937,0.07880242981891888,0.03640617353660832,0.05189697723839886,0.000625,0.00625,4.84,0.3684529491774707,1.91,0.739847104051734,3.09,0.7398471040517343,0.0,0.0,3.88,1.7072631533385458,3.82,1.6598649087053785,16.12,1.7072631533385458,5.0,0.0,20.12,1.9242209495341906,4.024,0.3848441899068381,1.006,0.09621104747670953,0.0,0.0
2,282.0,282.0,100,4.0,1.746569509210856,0.19591936659345793,0.07849815154703743,0.8354630632954937,0.07880242981891888,0.03640617353660832,0.05189697723839886,0.0,0.0,4.84,0.3684529491774707,1.91,0.739847104051734,3.09,0.7398471040517343,0.0,0.0,3.88,1.7072631533385458,3.81,1.643444276788566,16.12,1.7072631533385458,5.0,0.0,20.12,1.9242209495341906,4.024,0.3848441899068381,1.006,0.09621104747670953,0.0,0.0
2,283.0,283.0,100,3.98,1.7406605039176912,0.19493850534943882,0.07807261768844885,0.8364893790849673,0.07852617116798698,0.03640617353660832,0.05189697723839886,0.000980861244019139,0.006919442617076577,4.85,0.35887028128263665,1.9,0.7453559924999298,3.1,0.74535599249993,0.0,0.0,3.86,1.7057241715749203,3.79,1.6409839374071524,16.14,1.70572417157492,5.0,0.0,20.12,1.9242209495341906,4.024,0.3848441899068381,1.006,0.09621104747670953,0.0,0.0
2,284.0,284.0,100,3.96,1.7228118899290217,0.19388294979388326,0.07666382323840376,0.8375449346405229,0.07668995881942108,0.03640617353660832,0.05189697723839886,0.0010555555555555557,0.007436600722307894,4.85,0.35887028128263665,1.89,0.7371114795831993,3.11,0.7371114795831993,0.0,0.0,3.84,1.674044277318925,3.79,1.6409839374071524,16.16,1.6740442773189255,5.0,0.0,20.12,1.9242209495341906,4.024,0.3848441899068381,1.006,0.09621104747670953,0.0,0.0
2,285.0,285.0,100,3.95,1.7313216764872863,0.1933273942383277,0.07706329712235886,0.8381004901960785,0.07686017926075096,0.03640617353660832,0.05189697723839886,0.000555555555555555,0.00555555555555555,4.85,0.35887028128263665,1.89,0.7371114795831993,3.11,0.7371114795831993,0.0,0.0,3.83,1.6700269156483372,3.79,1.6409839374071524,16.17,1.6700269156483372,5.0,0.0,20.12,1.9242209495341906,4.024,0.3848441899068381,1.006,0.09621104747670953,0.0,0.0
2,286.0,286.0,100,3.95,1.7313216764872863,0.1933273942383277,0.07706329712235886,0.8381004901960785,0.07686017926075096,0.03640617353660832,0.05189697723839886,0.0,0.0,4.85,0.35887028128263665,1.89,0.7371114795831993,3.11,0.7371114795831993,0.0,0.0,3.83,1.6700269156483372,3.78,1.617954813268213,16.17,1.6700269156483372,5.0,0.0,20.12,1.9242209495341906,4.024,0.3848441899068381,1.006,0.09621104747670953,0.0,0.0
2,287.0,287.0,100,3.94,1.7339159859879734,0.19280107844885402,0.07712435151407136,0.8386268059855522,0.07670387763357225,0.03640617353660832,0.05189697723839886,0.0005263157894736839,0.0052631578947368385,4.85,0.35887028128263665,1.88,0.7423685817106698,3.12,0.7423685817106698,0.0,0.0,3.82,1.665939235192429,3.77,1.6196707484341788,16.18,1.6659392351924285,5.0,0.0,20.12,1.9242209495341906,4.024,0.3848441899068381,1.006,0.09621104747670953,0.0,0.0
2,288.0,288.0,100,3.94,1.7339159859879734,0.19280107844885402,0.07712435151407136,0.8386268059855522,0.07670387763357225,0.03640617353660832,0.05189697723839886,0.0,0.0,4.85,0.35887028128263665,1.88,0.7423685817106698,3.12,0.7423685817106698,0.0,0.0,3.82,1.665939235192429,3.76,1.6088141061921446,16.18,1.6659392351924285,5.0,0.0,20.12,1.9242209495341906,4.024,0.3848441899068381,1.006,0.09621104747670953,0.0,0.0
2,289.0,289.0,100,3.94,1.7339159859879734,0.19280107844885402,0.07712435151407136,0.8386268059855522,0.07670387763357225,0.03640617353660832,0.05189697723839886,0.0,0.0,4.85,0.35887028128263665,1.88,0.7423685817106698,3.12,0.7423685817106698,0.0,0.0,3.82,1.665939235192429,3.75,1.6041297713191172,16.18,1.6659392351924285,5.0,0.0,20.12,1.9242209495341906,4.024,0.3848441899068381,1.006,0.09621104747670953,0.0,0.0
2,290.0,290.0,100,3.91,1.7296873075264736,0.19109420710382477,0.07616715433767962,0.8403336773305813,0.0750225581579229,0.03640617353660832,0.05189697723839886,0.0017068713450292409,0.009781146509366375,4.85,0.35887028128263665,1.86,0.7523699927965006,3.14,0.7523699927965006,0.0,0.0,3.79,1.6161745580289901,3.75,1.6041297713191172,16.21,1.6161745580289903,5.0,0.0,20.12,1.9242209495341906,4.024,0.3848441899068381,1.006,0.09621104747670953,0.0,0.0
2,291.0,291.0,100,3.9,1.7203476275439098,0.19063966164927934,0.07580986125932121,0.8408336773305813,0.0749175756705075,0.03640617353660832,0.05189697723839886,0.000454545454545455,0.0045454545454545504,4.85,0.35887028128263665,1.86,0.7523699927965006,3.14,0.7523699927965006,0.0,0.0,3.78,1.617954813268213,3.74,1.5866870383209657,16.22,1.6179548132682129,5.0,0.0,20.12,1.9242209495341906,4.024,0.3848441899068381,1.006,0.09621104747670953,0.0,0.0
2,292.0,292.0,100,3.89,1.710897927163312,0.1901396616492793,0.07524407003827269,0.8413336773305814,0.07413087686395164,0.03640617353660832,0.05189697723839886,0.0004999999999999999,0.0049999999999999975,4.85,0.35887028128263665,1.86,0.7523699927965006,3.14,0.7523699927965006,0.0,0.0,3.77,1.6071494308026533,3.74,1.5866870383209657,16.23,1.6071494308026535,5.0,0.0,20.12,1.9242209495341906,4.024,0.3848441899068381,1.006,0.09621104747670953,0.0,0.0
2,293.0,293.0,100,3.87,1.7153790404820892,0.18911334585980566,0.07541657086786173,0.842359993120055,0.07386555532457997,0.03640617353660832,0.05189697723839886,0.001026315789473684,0.007222824856962216,4.85,0.35887028128263665,1.85,0.7571210756756963,3.15,0.7571210756756963,0.0,0.0,3.75,1.6041297713191172,3.74,1.5866870383209657,16.25,1.6041297713191174,5.0,0.0,20.12,1.9242209495341906,4.024,0.3848441899068381,1.006,0.09621104747670953,0.0,0.0
2,294.0,294.0,100,3.87,1.7153790404820892,0.18911334585980566,0.07541657086786173,0.842359993120055,0.07386555532457997,0.03640617353660832,0.05189697723839886,0.0,0.0,4.85,0.35887028128263665,1.85,0.7571210756756963,3.15,0.7571210756756963,0.0,0.0,3.75,1.6041297713191172,3.74,1.5866870383209657,16.25,1.6041297713191174,5.0,0.0,20.12,1.9242209495341906,4.024,0.3848441899068381,1.006,0.09621104747670953,0.0,0.0
2,295.0,295.0,100,3.86,1.7057241715749205,0.18858703007033195,0.0747038807432485,0.8428863089095288,0.07290861694467378,0.03640617353660832,0.05189697723839886,0.0005263157894736842,0.005263157894736841,4.85,0.35887028128263665,1.85,0.7571210756756963,3.15,0.7571210756756963,0.0,0.0,3.74,1.5866870383209657,3.73,1.575410801003723,16.26,1.586687038320966,5.0,0.0,20.12,1.9242209495341906,4.024,0.3848441899068381,1.006,0.09621104747670953,0.0,0.0
2,296.0,296.0,100,3.86,1.7057241715749205,0.18858703007033195,0.0747038807432485,0.8428863089095288,0.07290861694467378,0.03640617353660832,0.05189697723839886,0.0,0.0,4.85,0.35887028128263665,1.85,0.7571210756756963,3.15,0.7571210756756963,0.0,0.0,3.74,1.5866870383209657,3.7,1.5602382620431514,16.26,1.586687038320966,5.0,0.0,20.12,1.9242209495341906,4.024,0.3848441899068381,1.006,0.09621104747670953,0.0,0.0
2,297.0,297.0,100,3.86,1.7057241715749205,0.18858703007033195,0.0747038807432485,0.8428863089095288,0.07290861694467378,0.03640617353660832,0.05189697723839886,0.0,0.0,4.85,0.35887028128263665,1.85,0.7571210756756963,3.15,0.7571210756756963,0.0,0.0,3.74,1.5866870383209657,3.7,1.5602382620431514,16.26,1.586687038320966,5.0,0.0,20.12,1.9242209495341906,4.024,0.3848441899068381,1.006,0.09621104747670953,0.0,0.0
2,298.0,298.0,100,3.86,1.7057241715749205,0.18858703007033195,0.0747038807432485,0.8428863089095288,0.07290861694467378,0.03640617353660832,0.05189697723839886,0.0,0.0,4.85,0.35887028128263665,1.85,0.7571210756756963,3.15,0.7571210756756963,0.0,0.0,3.74,1.5866870383209657,3.69,1.561500185169002,16.26,1.586687038320966,5.0,0.0,20.12,1.9242209495341906,4.024,0.3848441899068381,1.006,0.09621104747670953,0.0,0.0
2,299.0,299.0,100,3.86,1.7057241715749205,0.18858703007033195,0.0747038807432485,0.8428863089095288,0.07290861694467378,0.03640617353660832,0.05189697723839886,0.0,0.0,4.85,0.35887028128263665,1.85,0.7571210756756963,3.15,0.7571210756756963,0.0,0.0,3.74,1.5866870383209657,3.67,1.5638272140986533,16.26,1.586687038320966,5.0,0.0,20.12,1.9242209495341906,4.024,0.3848441899068381,1.006,0.09621104747670953,0.0,0.0
2,300.0,300.0,100,3.84,1.709864428437636,0.18747591895922086,0.07460747150166022,0.8439974200206399,0.07232305445022838,0.03640617353660832,0.05189697723839886,0.0011111111111111122,0.007816960785349434,4.85,0.35887028128263665,1.84,0.761709931799514,3.16,0.761709931799514,0.0,0.0,3.72,1.5639886847610522,3.67,1.5638272140986533,16.28,1.5639886847610525,5.0,0.0,20.12,1.9242209495341906,4.024,0.3848441899068381,1.006,0.09621104747670953,0.0,0.0
2,301.0,301.0,100,3.84,1.709864428437636,0.18747591895922086,0.07460747150166022,0.8439974200206399,0.07232305445022838,0.03640617353660832,0.05189697723839886,0.0,0.0,4.85,0.35887028128263665,1.84,0.761709931799514,3.16,0.761709931799514,0.0,0.0,3.72,1.5639886847610522,3.63,1.561241412298158,16.28,1.5639886847610525,5.0,0.0,20.12,1.9242209495341906,4.024,0.3848441899068381,1.006,0.09621104747670953,0.0,0.0
2,302.0,302.0,100,3.83,1.723603226037849,0.18692036340366527,0.07538465265855036,0.8445529755761955,0.07288258807711168,0.03640617353660832,0.05189697723839886,0.0005555555555555561,0.00555555555555556,4.85,0.35887028128263665,1.83,0.7661394761854378,3.17,0.7661394761854378,0.0,0.0,3.71,1.5653766449018078,3.61,1.58206488265472,16.29,1.5653766449018074,5.0,0.0,20.12,1.9242209495341906,4.024,0.3848441899068381,1.006,0.09621104747670953,0.0,0.0
2,303.0,303.0,100,3.81,1.7214921880552796,0.18593950215964614,0.0752899107830965,0.8455792913656691,0.07287646429931212,0.03640617353660832,0.05189697723839886,0.000980861244019138,0.00691944261707657,4.85,0.35887028128263665,1.83,0.7661394761854378,3.17,0.7661394761854378,0.0,0.0,3.69,1.5679556270777717,3.59,1.5897080603594222,16.31,1.5679556270777717,5.0,0.0,20.12,1.9242209495341906,4.024,0.3848441899068381,1.006,0.09621104747670953,0.0,0.0
2,304.0,304.0,100,3.81,1.7214921880552796,0.18593950215964614,0.0752899107830965,0.8455792913656691,0.07287646429931212,0.03640617353660832,0.05189697723839886,0.0,0.0,4.85,0.35887028128263665,1.83,0.7661394761854378,3.17,0.7661394761854378,0.0,0.0,3.69,1.5679556270777717,3.58,1.5774932166208668,16.31,1.5679556270777717,5.0,0.0,20.12,1.9242209495341906,4.024,0.3848441899068381,1.006,0.09621104747670953,0.0,0.0
2,305.0,305.0,100,3.8,1.7232808737106582,0.1854849567051007,0.07545207964400878,0.8460792913656691,0.07342308534467117,0.03640617353660832,0.05189697723839886,0.000454545454545455,0.0045454545454545504,4.85,0.35887028128263665,1.83,0.7661394761854378,3.17,0.7661394761854378,0.0,0.0,3.68,1.581969109251588,3.56,1.591137068802425,16.32,1.581969109251588,5.0,0.0,20.12,1.9242209495341906,4.024,0.3848441899068381,1.006,0.09621104747670953,0.0,0.0
2,306.0,306.0,100,3.78,1.697175312218523,0.18457398362021457,0.07454002359972038,0.8470792913656691,0.07277946058479934,0.03640617353660832,0.05189697723839886,0.0009109730848861272,0.00641568915675037,4.85,0.35887028128263665,1.81,0.7343656645656368,3.19,0.7343656645656368,0.0,0.0,3.66,1.577749323971628,3.56,1.591137068802425,16.34,1.5777493239716285,5.0,0.0,20.12,1.9242209495341906,4.024,0.3848441899068381,1.006,0.09621104747670953,0.0,0.0
2,307.0,307.0,100,3.77,1.6928548596254718,0.1840476678307409,0.07416441524223566,0.8476056071551428,0.07216189755137575,0.03640617353660832,0.05189697723839886,0.0005263157894736851,0.00526315789473685,4.85,0.35887028128263665,1.81,0.7343656645656368,3.19,0.7343656645656368,0.0,0.0,3.65,1.5658927811380325,3.56,1.591137068802425,16.35,1.5658927811380328,5.0,0.0,20.12,1.9242209495341906,4.024,0.3848441899068381,1.006,0.09621104747670953,0.0,0.0
2,308.0,308.0,100,3.76,1.6824705259549335,0.18359312237619543,0.0737535728027707,0.8481056071551427,0.0720017568281592,0.03640617353660832,0.05189697723839886,0.000454545454545455,0.0045454545454545504,4.85,0.35887028128263665,1.81,0.7343656645656368,3.19,0.7343656645656368,0.0,0.0,3.64,1.5668278447070996,3.56,1.591137068802425,16.36,1.5668278447071,5.0,0.0,20.12,1.9242209495341906,4.024,0.3848441899068381,1.006,0.09621104747670953,0.0,0.0
2,309.0,309.0,100,3.74,1.6914520687888563,0.18261693190000497,0.07425695365664405,0.8491056071551428,0.07237109224053864,0.03640617353660832,0.05189697723839886,0.0009761904761904761,0.006869842536801754,4.85,0.35887028128263665,1.8,0.7385489458759965,3.2,0.7385489458759965,0.0,0.0,3.62,1.5813304716617778,3.54,1.5854133068494645,16.38,1.581330471661777,5.0,0.0,20.12,1.9242209495341906,4.024,0.3848441899068381,1.006,0.09621104747670953,0.0,0.0
2,310.0,310.0,100,3.72,1.6519348924485155,0.18172760383676384,0.07271323396107139,0.8501056071551427,0.07132220267066446,0.03640617353660832,0.05189697723839886,0.000889328063241108,0.006258234519104094,4.85,0.35887028128263665,1.79,0.7288430017583495,3.21,0.7288430017583495,0.0,0.0,3.6,1.569919254180439,3.52,1.5984841304034,16.4,1.5699192541804383,5.0,0.0,20.12,1.9242209495341906,4.024,0.3848441899068381,1.006,0.09621104747670953,0.0,0.0
2,311.0,311.0,100,3.7,1.6605950010691222,0.18075141336057338,0.07313446590839617,0.8511056071551428,0.07166685562728507,0.03640617353660832,0.05189697723839886,0.0009761904761904759,0.006869842536801753,4.86,0.348735088019777,1.78,0.7327821620165825,3.22,0.7327821620165825,0.0,0.0,3.58,1.5838834769915588,3.52,1.5984841304034,16.42,1.5838834769915584,5.0,0.0,20.12,1.9242209495341906,4.024,0.3848441899068381,1.006,0.09621104747670953,0.0,0.0
2,312.0,312.0,100,3.69,1.661780717036743,0.18025141336057338,0.07317244759401494,0.8516056071551428,0.07148088115078663,0.03640617353660832,0.05189697723839886,0.0005000000000000001,0.005000000000000002,4.86,0.348735088019777,1.78,0.7327821620165825,3.22,0.7327821620165825,0.0,0.0,3.57,1.584361707503063,3.51,1.6111668398581769,16.43,1.5843617075030627,5.0,0.0,20.12,1.9242209495341906,4.024,0.3848441899068381,1.006,0.09621104747670953,0.0,0.0
2,313.0,313.0,100,3.66,1.671024605540933,0.17871966732882733,0.0734046559624942,0.8531611627106983,0.07134986441086251,0.03640617353660832,0.05189697723839886,0.0015317460317460316,0.008772874204306797,4.86,0.348735088019777,1.77,0.7365631354644709,3.23,0.7365631354644709,0.0,0.0,3.54,1.5854133068494645,3.51,1.6111668398581769,16.46,1.585413306849464,5.0,0.0,20.12,1.9242209495341906,4.024,0.3848441899068381,1.006,0.09621104747670953,0.0,0.0
2,314.0,314.0,100,3.64,1.6728370627122768,0.17776728637644637,0.07355621878565906,0.8541611627106982,0.07165132178577777,0.03640617353660832,0.05189697723839886,0.0009523809523809517,0.006700252101728078,4.86,0.348735088019777,1.77,0.7365631354644709,3.23,0.7365631354644709,0.0,0.0,3.52,1.5984841304034,3.51,1.6111668398581769,16.48,1.5984841304034003,5.0,0.0,20.12,1.9242209495341906,4.024,0.3848441899068381,1.006,0.09621104747670953,0.0,0.0
2,315.0,315.0,100,3.64,1.6728370627122768,0.17776728637644637,0.07355621878565906,0.8541611627106982,0.07165132178577777,0.03640617353660832,0.05189697723839886,0.0,0.0,4.86,0.348735088019777,1.77,0.7365631354644709,3.23,0.7365631354644709,0.0,0.0,3.52,1.5984841304034,3.5,1.598610507770906,16.48,1.5984841304034003,5.0,0.0,20.12,1.9242209495341906,4.024,0.3848441899068381,1.006,0.09621104747670953,0.0,0.0
2,316.0,316.0,100,3.64,1.6728370627122768,0.17776728637644637,0.07355621878565906,0.8541611627106982,0.07165132178577777,0.03640617353660832,0.05189697723839886,0.0,0.0,4.86,0.348735088019777,1.77,0.7365631354644709,3.23,0.7365631354644709,0.0,0.0,3.52,1.5984841304034,3.48,1.5921524722681226,16.48,1.5984841304034003,5.0,0.0,20.12,1.9242209495341906,4.024,0.3848441899068381,1.006,0.09621104747670953,0.0,0.0
2,317.0,317.0,100,3.64,1.6728370627122768,0.17776728637644637,0.07355621878565906,0.8541611627106982,0.07165132178577777,0.03640617353660832,0.05189697723839886,0.0,0.0,4.86,0.348735088019777,1.77,0.7365631354644709,3.23,0.7365631354644709,0.0,0.0,3.52,1.5984841304034,3.45,1.585126576216001,16.48,1.5984841304034003,5.0,0.0,20.12,1.9242209495341906,4.024,0.3848441899068381,1.006,0.09621104747670953,0.0,0.0
2,318.0,318.0,100,3.64,1.6728370627122768,0.17776728637644637,0.07355621878565906,0.8541611627106982,0.07165132178577777,0.03640617353660832,0.05189697723839886,0.0,0.0,4.86,0.348735088019777,1.77,0.7365631354644709,3.23,0.7365631354644709,0.0,0.0,3.52,1.5984841304034,3.44,1.571976816340213,16.48,1.5984841304034003,5.0,0.0,20.12,1.9242209495341906,4.024,0.3848441899068381,1.006,0.09621104747670953,0.0,0.0
2,319.0,319.0,100,3.63,1.6736520280844251,0.17721173082089084,0.07342675407064098,0.8547167182662538,0.07126744282229569,0.03640617353660832,0.05189697723839886,0.0005555555555555561,0.005555555555555561,4.86,0.348735088019777,1.77,0.7365631354644709,3.23,0.7365631354644709,0.0,0.0,3.51,1.5858910760359628,3.43,1.57155909204776,16.49,1.5858910760359632,5.0,0.0,20.12,1.9242209495341906,4.024,0.3848441899068381,1.006,0.09621104747670953,0.0,0.0
2,320.0,320.0,100,3.63,1.6736520280844251,0.17721173082089084,0.07342675407064098,0.8547167182662538,0.07126744282229569,0.03640617353660832,0.05189697723839886,0.0,0.0,4.86,0.348735088019777,1.77,0.7365631354644709,3.23,0.7365631354644709,0.0,0.0,3.51,1.5858910760359628,3.42,1.5646344007725281,16.49,1.5858910760359632,5.0,0.0,20.12,1.9242209495341906,4.024,0.3848441899068381,1.006,0.09621104747670953,0.0,0.0
2,321.0,321.0,100,3.62,1.6804280358998966,0.17668541503141713,0.07375451249200493,0.8552430340557275,0.07136763922437568,0.03640617353660832,0.05189697723839886,0.0005263157894736841,0.0052631578947368385,4.86,0.348735088019777,1.77,0.7365631354644709,3.23,0.7365631354644709,0.0,0.0,3.5,1.5859229221975177,3.42,1.5646344007725281,16.5,1.5859229221975186,5.0,0.0,20.12,1.9242209495341906,4.024,0.3848441899068381,1.006,0.09621104747670953,0.0,0.0
2,322.0,322.0,100,3.6,1.6877454928053721,0.17565366899967114,0.07398762670277968,0.856298589611283,0.07146264820894316,0.03640617353660832,0.05189697723839886,0.001031746031746032,0.007280486900848464,4.87,0.3379976689896312,1.77,0.7365631354644709,3.23,0.7365631354644709,0.0,0.0,3.48,1.5857955337140641,3.41,1.5769488503967644,16.52,1.5857955337140648,5.0,0.0,20.12,1.9242209495341906,4.024,0.3848441899068381,1.006,0.09621104747670953,0.0,0.0
2,323.0,323.0,100,3.59,1.682320427327095,0.17517747852348062,0.07373449526871764,0.8567985896112831,0.0712393348284608,0.03640617353660832,0.05189697723839886,0.00047619047619047586,0.004761904761904759,4.87,0.3379976689896312,1.77,0.7365631354644709,3.23,0.7365631354644709,0.0,0.0,3.47,1.5856362837178088,3.38,1.5685031145018555,16.53,1.5856362837178095,5.0,0.0,20.12,1.9242209495341906,4.024,0.3848441899068381,1.006,0.09621104747670953,0.0,0.0
2,324.0,324.0,100,3.58,1.6888224335676063,0.1746219229679251,0.07400805339593804,0.8573541451668386,0.0712711102670682,0.03640617353660832,0.05189697723839886,0.000555555555555555,0.00555555555555555,4.87,0.3379976689896312,1.77,0.7365631354644709,3.23,0.7365631354644709,0.0,0.0,3.46,1.5790292376436013,3.37,1.5741279452061032,16.54,1.579029237643602,5.0,0.0,20.12,1.9242209495341906,4.024,0.3848441899068381,1.006,0.09621104747670953,0.0,0.0
2,325.0,325.0,100,3.58,1.6888224335676063,0.1746219229679251,0.07400805339593804,0.8573541451668386,0.0712711102670682,0.03640617353660832,0.05189697723839886,0.0,0.0,4.87,0.3379976689896312,1.77,0.7365631354644709,3.23,0.7365631354644709,0.0,0.0,3.46,1.5790292376436013,3.35,1.5851265762160014,16.54,1.579029237643602,5.0,0.0,20.12,1.9242209495341906,4.024,0.3848441899068381,1.006,0.09621104747670953,0.0,0.0
2,326.0,326.0,100,3.55,1.6899883449481556,0.17314322622607045,0.07409619255964298,0.8588804609563124,0.07123291496856331,0.03640617353660832,0.05189697723839886,0.001478696741854637,0.00846058961657297,4.88,0.32659863237109077,1.76,0.7401883462192496,3.24,0.7401883462192496,0.0,0.0,3.43,1.5843617075030627,3.35,1.5851265762160014,16.57,1.584361707503063,5.0,0.0,20.12,1.9242209495341906,4.024,0.3848441899068381,1.006,0.09621104747670953,0.0,0.0
2,327.0,327.0,100,3.52,1.6786237749352226,0.1716623649820513,0.0735106258148316,0.860406776745786,0.07040960532926716,0.03640617353660832,0.05189697723839886,0.001480861244019139,0.008478674259438374,4.88,0.32659863237109077,1.75,0.7436600722307894,3.25,0.7436600722307894,0.0,0.0,3.4,1.5763402186230244,3.34,1.584138551230589,16.6,1.5763402186230253,5.0,0.0,20.12,1.9242209495341906,4.024,0.3848441899068381,1.006,0.09621104747670953,0.0,0.0
2,328.0,328.0,100,3.51,1.6544705277739844,0.1712623649820513,0.07280070955501798,0.860906776745786,0.07051241470067772,0.03640617353660832,0.05189697723839886,0.0003999999999999998,0.0039999999999999975,4.88,0.32659863237109077,1.75,0.7436600722307894,3.25,0.7436600722307894,0.0,0.0,3.39,1.5820648826547197,3.31,1.6186726074475375,16.61,1.582064882654721,5.0,0.0,20.12,1.9242209495341906,4.024,0.3848441899068381,1.006,0.09621104747670953,0.0,0.0
2,329.0,329.0,100,3.49,1.6605645869627432,0.17030781952750587,0.07313114248054609,0.8619067767457861,0.0710631179621653,0.03640617353660832,0.05189697723839886,0.0009545454545454541,0.006723244767373872,4.88,0.32659863237109077,1.75,0.7436600722307894,3.25,0.7436600722307894,0.0,0.0,3.37,1.5995895938292637,3.3,1.6236882817719778,16.63,1.5995895938292637,5.0,0.0,20.12,1.9242209495341906,4.024,0.3848441899068381,1.006,0.09621104747670953,0.0,0.0
2,330.0,330.0,100,3.49,1.6605645869627432,0.17030781952750587,0.07313114248054609,0.8619067767457861,0.0710631179621653,0.03640617353660832,0.05189697723839886,0.0,0.0,4.88,0.32659863237109077,1.75,0.7436600722307894,3.25,0.7436600722307894,0.0,0.0,3.37,1.5995895938292637,3.3,1.6236882817719778,16.63,1.5995895938292637,5.0,0.0,20.12,1.9242209495341906,4.024,0.3848441899068381,1.006,0.09621104747670953,0.0,0.0
2,331.0,331.0,100,3.48,1.6604733413011232,0.16980781952750587,0.073097003351865,0.862406776745786,0.07079854967993061,0.03640617353660832,0.05189697723839886,0.0005000000000000001,0.005000000000000001,4.88,0.32659863237109077,1.75,0.7436600722307894,3.25,0.7436600722307894,0.0,0.0,3.36,1.598736875148502,3.28,1.614830259710527,16.64,1.5987368751485016,5.0,0.0,20.12,1.9242209495341906,4.024,0.3848441899068381,1.006,0.09621104747670953,0.0,0.0
2,332.0,332.0,100,3.46,1.6722331285929115,0.16875226397195028,0.07363428720320761,0.8634623323013416,0.07087013081739668,0.03640617353660832,0.05189697723839886,0.0010555555555555548,0.0074366007223078895,4.88,0.32659863237109077,1.74,0.7469804535460066,3.25,0.7436600722307894,0.01,0.09999999999999998,3.33,1.608405949059409,3.28,1.614830259710527,16.67,1.6084059490594087,5.0,0.0,20.12,1.9242209495341906,4.024,0.3848441899068381,1.006,0.09621104747670953,0.0,0.0
2,333.0,333.0,100,3.45,1.677991825265119,0.1682522639719503,0.07393206295447337,0.8639623323013416,0.07095052590798052,0.03640617353660832,0.05189697723839886,0.0004999999999999999,0.004999999999999998,4.88,0.32659863237109077,1.73,0.7501514998500455,3.27,0.7501514998500455,0.0,0.0,3.33,1.602113503085121,3.29,1.5973146657481554,16.67,1.602113503085121,5.0,0.0,20.12,1.9242209495341906,4.024,0.3848441899068381,1.006,0.09621104747670953,0.0,0.0
2,334.0,334.0,100,3.45,1.677991825265119,0.1682522639719503,0.07393206295447337,0.8639623323013416,0.07095052590798052,0.03640617353660832,0.05189697723839886,0.0,0.0,4.88,0.32659863237109077,1.73,0.7501514998500455,3.27,0.7501514998500455,0.0,0.0,3.33,1.602113503085121,3.29,1.5909783534706314,16.67,1.602113503085121,5.0,0.0,20.12,1.9242209495341906,4.024,0.3848441899068381,1.006,0.09621104747670953,0.0,0.0
2,335.0,335.0,100,3.43,1.6712361601611854,0.16724216296184927,0.07363971794191541,0.8650178878568971,0.07064202544924399,0.03640617353660832,0.05189697723839886,0.0010101010101010099,0.0071424927392580535,4.88,0.32659863237109077,1.71,0.7288430017583493,3.29,0.7288430017583492,0.0,0.0,3.31,1.5935159018010863,3.29,1.5909783534706314,16.69,1.593515901801087,5.0,0.0,20.12,1.9242209495341906,4.024,0.3848441899068381,1.006,0.09621104747670953,0.0,0.0
2,336.0,336.0,100,3.43,1.6712361601611854,0.16724216296184927,0.07363971794191541,0.8650178878568971,0.07064202544924399,0.03640617353660832,0.05189697723839886,0.0,0.0,4.88,0.32659863237109077,1.71,0.7288430017583493,3.29,0.7288430017583492,0.0,0.0,3.31,1.5935159018010863,3.28,1.5896127474541362,16.69,1.593515901801087,5.0,0.0,20.12,1.9242209495341906,4.024,0.3848441899068381,1.006,0.09621104747670953,0.0,0.0
2,337.0,337.0,100,3.43,1.6712361601611854,0.16724216296184927,0.07363971794191541,0.8650178878568971,0.07064202544924399,0.03640617353660832,0.05189697723839886,0.0,0.0,4.88,0.32659863237109077,1.71,0.7288430017583493,3.29,0.7288430017583492,0.0,0.0,3.31,1.5935159018010863,3.28,1.5896127474541362,16.69,1.593515901801087,5.0,0.0,20.12,1.9242209495341906,4.024,0.3848441899068381,1.006,0.09621104747670953,0.0,0.0
2,338.0,338.0,100,3.43,1.6712361601611854,0.16724216296184927,0.07363971794191541,0.8650178878568971,0.07064202544924399,0.03640617353660832,0.05189697723839886,0.0,0.0,4.88,0.32659863237109077,1.71,0.7288430017583493,3.29,0.7288430017583492,0.0,0.0,3.31,1.5935159018010863,3.28,1.5896127474541362,16.69,1.593515901801087,5.0,0.0,20.12,1.9242209495341906,4.024,0.3848441899068381,1.006,0.09621104747670953,0.0,0.0
2,339.0,339.0,100,3.43,1.6712361601611854,0.16724216296184927,0.07363971794191541,0.8650178878568971,0.07064202544924399,0.03640617353660832,0.05189697723839886,0.0,0.0,4.88,0.32659863237109077,1.71,0.7288430017583493,3.29,0.7288430017583492,0.0,0.0,3.31,1.5935159018010863,3.25,1.5398740601789878,16.69,1.593515901801087,5.0,0.0,20.12,1.9242209495341906,4.024,0.3848441899068381,1.006,0.09621104747670953,0.0,0.0
2,340.0,340.0,100,3.43,1.6712361601611854,0.16724216296184927,0.07363971794191541,0.8650178878568971,0.07064202544924399,0.03640617353660832,0.05189697723839886,0.0,0.0,4.88,0.32659863237109077,1.71,0.7288430017583493,3.29,0.7288430017583492,0.0,0.0,3.31,1.5935159018010863,3.24,1.5382004440451207,16.69,1.593515901801087,5.0,0.0,20.12,1.9242209495341906,4.024,0.3848441899068381,1.006,0.09621104747670953,0.0,0.0
2,341.0,341.0,100,3.42,1.64642250674214,0.16680738035315365,0.0726849089877992,0.8655178878568971,0.06999368596429036,0.03640617353660832,0.05189697723839886,0.00043478260869565186,0.00434782608695652,4.89,0.3144660377352202,1.71,0.7288430017583493,3.29,0.7288430017583492,0.0,0.0,3.3,1.5859229221975186,3.24,1.5382004440451207,16.7,1.585922922197519,5.0,0.0,20.12,1.9242209495341906,4.024,0.3848441899068381,1.006,0.09621104747670953,0.0,0.0
2,342.0,342.0,100,3.42,1.64642250674214,0.16680738035315365,0.0726849089877992,0.8655178878568971,0.06999368596429036,0.03640617353660832,0.05189697723839886,0.0,0.0,4.89,0.3144660377352202,1.71,0.7288430017583493,3.29,0.7288430017583492,0.0,0.0,3.3,1.5859229221975186,3.24,1.5382004440451207,16.7,1.585922922197519,5.0,0.0,20.12,1.9242209495341906,4.024,0.3848441899068381,1.006,0.09621104747670953,0.0,0.0
2,343.0,343.0,100,3.38,1.6129526222478334,0.16473749673435698,0.07071073930596582,0.8676984434124527,0.06814306735499287,0.03640617353660832,0.05189697723839886,0.0020698836187966613,0.010308720837022948,4.89,0.3144660377352202,1.71,0.7288430017583493,3.29,0.7288430017583492,0.0,0.0,3.26,1.5414803327196935,3.23,1.5430194719798878,16.74,1.5414803327196938,5.0,0.0,20.12,1.9242209495341906,4.024,0.3848441899068381,1.006,0.09621104747670953,0.0,0.0
2,344.0,344.0,100,3.38,1.6129526222478334,0.16473749673435698,0.07071073930596582,0.8676984434124527,0.06814306735499287,0.03640617353660832,0.05189697723839886,0.0,0.0,4.89,0.3144660377352202,1.71,0.7288430017583493,3.29,0.7288430017583492,0.0,0.0,3.26,1.5414803327196935,3.22,1.5214294182601686,16.74,1.5414803327196938,5.0,0.0,20.12,1.9242209495341906,4.024,0.3848441899068381,1.006,0.09621104747670953,0.0,0.0
2,345.0,345.0,100,3.37,1.6246522549441,0.16418194117880142,0.07135166144558244,0.8682539989680081,0.06854286682921218,0.03640617353660832,0.05189697723839886,0.0005555555555555561,0.00555555555555556,4.89,0.3144660377352202,1.7,0.7316785737969476,3.3,0.7316785737969477,0.0,0.0,3.25,1.5398740601789878,3.22,1.5214294182601686,16.75,1.539874060178988,5.0,0.0,20.12,1.9242209495341906,4.024,0.3848441899068381,1.006,0.09621104747670953,0.0,0.0
2,346.0,346.0,100,3.37,1.6246522549441,0.16418194117880142,0.07135166144558244,0.8682539989680081,0.06854286682921218,0.03640617353660832,0.05189697723839886,0.0,0.0,4.89,0.3144660377352202,1.7,0.7316785737969476,3.3,0.7316785737969477,0.0,0.0,3.25,1.5398740601789878,3.2,1.5439683882250905,16.75,1.539874060178988,5.0,0.0,20.12,1.9242209495341906,4.024,0.3848441899068381,1.006,0.09621104747670953,0.0,0.0
2,347.0,347.0,100,3.37,1.6246522549441,0.16418194117880142,0.07135166144558244,0.8682539989680081,0.06854286682921218,0.03640617353660832,0.05189697723839886,0.0,0.0,4.89,0.3144660377352202,1.7,0.7316785737969476,3.3,0.7316785737969477,0.0,0.0,3.25,1.5398740601789878,3.19,1.5221927299362281,16.75,1.539874060178988,5.0,0.0,20.12,1.9242209495341906,4.024,0.3848441899068381,1.006,0.09621104747670953,0.0,0.0
2,348.0,348.0,100,3.37,1.6246522549441,0.16418194117880142,0.07135166144558244,0.8682539989680081,0.06854286682921218,0.03640617353660832,0.05189697723839886,0.0,0.0,4.89,0.3144660377352202,1.7,0.7316785737969476,3.3,0.7316785737969477,0.0,0.0,3.25,1.5398740601789878,3.18,1.5201010067449694,16.75,1.539874060178988,5.0,0.0,20.12,1.9242209495341906,4.024,0.3848441899068381,1.006,0.09621104747670953,0.0,0.0
2,349.0,349.0,100,3.36,1.6238126975632616,0.16368194117880142,0.07127327503103717,0.8687539989680083,0.0682215593479517,0.03640617353660832,0.05189697723839886,0.0005000000000000001,0.005000000000000001,4.89,0.3144660377352202,1.7,0.7316785737969476,3.3,0.7316785737969477,0.0,0.0,3.24,1.5382004440451207,3.16,1.5157089883528887,16.76,1.538200444045121,5.0,0.0,20.12,1.9242209495341906,4.024,0.3848441899068381,1.006,0.09621104747670953,0.0,0.0
2,350.0,350.0,100,3.34,1.6343534229508352,0.16272739572425596,0.0718608904468175,0.8697539989680082,0.06904201144063743,0.03640617353660832,0.05189697723839886,0.0009545454545454539,0.006723244767373871,4.89,0.3144660377352202,1.7,0.7316785737969476,3.3,0.7316785737969477,0.0,0.0,3.22,1.5607560975244006,3.15,1.5200677815828016,16.78,1.5607560975244004,5.0,0.0,20.12,1.9242209495341906,4.024,0.3848441899068381,1.006,0.09621104747670953,0.0,0.0
2,351.0,351.0,100,3.33,1.6271372890987896,0.16217184016870043,0.07117391913772883,0.8703095545235638,0.06805941187633266,0.03640617353660832,0.05189697723839886,0.0005555555555555558,0.0055555555555555575,4.89,0.3144660377352202,1.7,0.7316785737969476,3.3,0.7316785737969477,0.0,0.0,3.21,1.5393492000179685,3.14,1.5375436267112566,16.79,1.5393492000179687,5.0,0.0,20.12,1.9242209495341906,4.024,0.3848441899068381,1.006,0.09621104747670953,0.0,0.0
2,352.0,352.0,100,3.33,1.6271372890987896,0.16217184016870043,0.07117391913772883,0.8703095545235638,0.06805941187633266,0.03640617353660832,0.05189697723839886,0.0,0.0,4.89,0.3144660377352202,1.7,0.7316785737969476,3.3,0.7316785737969477,0.0,0.0,3.21,1.5393492000179685,3.13,1.5417096636100736,16.79,1.5393492000179687,5.0,0.0,20.12,1.9242209495341906,4.024,0.3848441899068381,1.006,0.09621104747670953,0.0,0.0
2,353.0,353.0,100,3.31,1.6186726074475375,0.16116173915859938,0.07049079885437352,0.8713651100791193,0.06746238513965912,0.03640617353660832,0.05189697723839886,0.0010101010101010108,0.00714249273925806,4.89,0.3144660377352202,1.7,0.7316785737969476,3.3,0.7316785737969477,0.0,0.0,3.19,1.5288141572057499,3.13,1.5417096636100736,16.81,1.5288141572057499,5.0,0.0,20.12,1.9242209495341906,4.024,0.3848441899068381,1.006,0.09621104747670953,0.0,0.0
2,354.0,354.0,100,3.29,1.6099124764465245,0.1601516381484984,0.06993375196262422,0.8724206656346749,0.06693175055313486,0.03640617353660832,0.05189697723839886,0.0010101010101010103,0.007142492739258057,4.89,0.3144660377352202,1.7,0.7316785737969476,3.3,0.7316785737969477,0.0,0.0,3.17,1.517939858539005,3.12,1.545799129736768,16.83,1.517939858539005,5.0,0.0,20.12,1.9242209495341906,4.024,0.3848441899068381,1.006,0.09621104747670953,0.0,0.0
2,355.0,355.0,100,3.28,1.608562944828317,0.1596516381484984,0.06982462884264241,0.8729206656346749,0.06657106762398578,0.03640617353660832,0.05189697723839886,0.0005000000000000001,0.005,4.89,0.3144660377352202,1.69,0.7204796382208933,3.31,0.7204796382208933,0.0,0.0,3.16,1.5157089883528885,3.12,1.545799129736768,16.84,1.5157089883528885,5.0,0.0,20.12,1.9242209495341906,4.024,0.3848441899068381,1.006,0.09621104747670953,0.0,0.0
2,356.0,356.0,100,3.27,1.6134222364685924,0.1591516381484984,0.07007301850538264,0.873420665634675,0.06658494467285765,0.03640617353660832,0.05189697723839886,0.0004999999999999999,0.0049999999999999975,4.89,0.3144660377352202,1.68,0.7089613971340489,3.32,0.7089613971340488,0.0,0.0,3.15,1.5200677815828016,3.12,1.545799129736768,16.85,1.520067781582802,5.0,0.0,20.12,1.9242209495341906,4.024,0.3848441899068381,1.006,0.09621104747670953,0.0,0.0
2,357.0,357.0,100,3.27,1.6134222364685924,0.1591516381484984,0.07007301850538264,0.873420665634675,0.06658494467285765,0.03640617353660832,0.05189697723839886,0.0,0.0,4.89,0.3144660377352202,1.68,0.7089613971340489,3.32,0.7089613971340488,0.0,0.0,3.15,1.5200677815828016,3.12,1.545799129736768,16.85,1.520067781582802,5.0,0.0,20.12,1.9242209495341906,4.024,0.3848441899068381,1.006,0.09621104747670953,0.0,0.0
2,358.0,358.0,100,3.27,1.6134222364685924,0.1591516381484984,0.07007301850538264,0.873420665634675,0.06658494467285765,0.03640617353660832,0.05189697723839886,0.0,0.0,4.89,0.3144660377352202,1.68,0.7089613971340489,3.32,0.7089613971340488,0.0,0.0,3.15,1.5200677815828016,3.11,1.5432813002551322,16.85,1.520067781582802,5.0,0.0,20.12,1.9242209495341906,4.024,0.3848441899068381,1.006,0.09621104747670953,0.0,0.0
2,359.0,359.0,100,3.27,1.6134222364685924,0.1591516381484984,0.07007301850538264,0.873420665634675,0.06658494467285765,0.03640617353660832,0.05189697723839886,0.0,0.0,4.89,0.3144660377352202,1.68,0.7089613971340489,3.32,0.7089613971340488,0.0,0.0,3.15,1.5200677815828016,3.11,1.5432813002551322,16.85,1.520067781582802,5.0,0.0,20.12,1.9242209495341906,4.024,0.3848441899068381,1.006,0.09621104747670953,0.0,0.0
2,360.0,360.0,100,3.27,1.6134222364685924,0.1591516381484984,0.07007301850538264,0.873420665634675,0.06658494467285765,0.03640617353660832,0.05189697723839886,0.0,0.0,4.89,0.3144660377352202,1.68,0.7089613971340489,3.32,0.7089613971340488,0.0,0.0,3.15,1.5200677815828016,3.11,1.5432813002551322,16.85,1.520067781582802,5.0,0.0,20.12,1.9242209495341906,4.024,0.3848441899068381,1.006,0.09621104747670953,0.0,0.0
2,361.0,361.0,100,3.26,1.6056717653934809,0.15873497148183172,0.06990128968943451,0.873920665634675,0.06734914787941118,0.03640617353660832,0.05189697723839886,0.00041666666666666686,0.00416666666666667,4.89,0.3144660377352202,1.67,0.6971080231639825,3.33,0.6971080231639827,0.0,0.0,3.14,1.5375436267112566,3.08,1.5353083459591161,16.86,1.5375436267112563,5.0,0.0,20.12,1.9242209495341906,4.024,0.3848441899068381,1.006,0.09621104747670953,0.0,0.0
2,362.0,362.0,100,3.25,1.5914861868166754,0.15830018887313607,0.06939296869166912,0.8744206656346749,0.06735536676140158,0.03640617353660832,0.05189697723839886,0.000434782608695653,0.0043478260869565305,4.89,0.3144660377352202,1.66,0.6849021164304494,3.34,0.6849021164304494,0.0,0.0,3.13,1.5417096636100736,3.06,1.5558297016724099,16.87,1.5417096636100736,5.0,0.0,20.12,1.9242209495341906,4.024,0.3848441899068381,1.006,0.09621104747670953,0.0,0.0
2,363.0,363.0,100,3.25,1.5914861868166754,0.15830018887313607,0.06939296869166912,0.8744206656346749,0.06735536676140158,0.03640617353660832,0.05189697723839886,0.0,0.0,4.89,0.3144660377352202,1.66,0.6849021164304494,3.34,0.6849021164304494,0.0,0.0,3.13,1.5417096636100736,3.05,1.5594287998553134,16.87,1.5417096636100736,5.0,0.0,20.12,1.9242209495341906,4.024,0.3848441899068381,1.006,0.09621104747670953,0.0,0.0
2,364.0,364.0,100,3.24,1.5898669025037184,0.15782399839694558,0.06933330005350198,0.8749206656346749,0.06735783616282517,0.03640617353660832,0.05189697723839886,0.0004761904761904762,0.004761904761904761,4.89,0.3144660377352202,1.66,0.6849021164304494,3.34,0.6849021164304494,0.0,0.0,3.12,1.545799129736768,3.04,1.575827504275872,16.88,1.5457991297367675,5.0,0.0,20.12,1.9242209495341906,4.024,0.3848441899068381,1.006,0.09621104747670953,0.0,0.0
2,365.0,365.0,100,3.23,1.6008520458578528,0.15726844284139005,0.0699313819165932,0.8754762211902305,0.06770243207087562,0.03640617353660832,0.05189697723839886,0.0005555555555555561,0.00555555555555556,4.89,0.3144660377352202,1.66,0.6849021164304494,3.34,0.6849021164304494,0.0,0.0,3.11,1.5432813002551322,3.03,1.5792531158875083,16.89,1.5432813002551318,5.0,0.0,20.12,1.9242209495341906,4.024,0.3848441899068381,1.006,0.09621104747670953,0.0,0.0
2,366.0,366.0,100,3.21,1.6099124764465245,0.1563138973868446,0.0705046362349315,0.8764762211902304,0.06842994406910591,0.03640617353660832,0.05189697723839886,0.000954545454545455,0.006723244767373877,4.89,0.3144660377352202,1.66,0.6849021164304494,3.34,0.6849021164304494,0.0,0.0,3.09,1.5640855591570546,3.01,1.6048852188416984,16.91,1.5640855591570542,5.0,0.0,20.12,1.9242209495341906,4.024,0.3848441899068381,1.006,0.09621104747670953,0.0,0.0
2,367.0,367.0,100,3.21,1.6099124764465245,0.1563138973868446,0.0705046362349315,0.8764762211902304,0.06842994406910591,0.03640617353660832,0.05189697723839886,0.0,0.0,4.89,0.3144660377352202,1.66,0.6849021164304494,3.34,0.6849021164304494,0.0,0.0,3.09,1.5640855591570546,3.01,1.6048852188416984,16.91,1.5640855591570542,5.0,0.0,20.12,1.9242209495341906,4.024,0.3848441899068381,1.006,0.09621104747670953,0.0,0.0
2,368.0,368.0,100,3.19,1.6372864962208264,0.15520278627573347,0.07208207689712025,0.8775873323013416,0.06952680321080737,0.03640617353660832,0.05189697723839886,0.0011111111111111111,0.007816960785349426,4.89,0.3144660377352202,1.65,0.7017294652672368,3.35,0.7017294652672372,0.0,0.0,3.07,1.5651185129554757,2.98,1.5889771819785468,16.93,1.565118512955475,5.0,0.0,20.12,1.9242209495341906,4.024,0.3848441899068381,1.006,0.09621104747670953,0.0,0.0
2,369.0,369.0,100,3.19,1.6372864962208264,0.15520278627573347,0.07208207689712025,0.8775873323013416,0.06952680321080737,0.03640617353660832,0.05189697723839886,0.0,0.0,4.89,0.3144660377352202,1.65,0.7017294652672368,3.35,0.7017294652672372,0.0,0.0,3.07,1.5651185129554757,2.97,1.5856362837178088,16.93,1.565118512955475,5.0,0.0,20.12,1.9242209495341906,4.024,0.3848441899068381,1.006,0.09621104747670953,0.0,0.0
2,370.0,370.0,100,3.18,1.6415070680766055,0.15470278627573347,0.07229163955447969,0.8780873323013415,0.06950618945454251,0.03640617353660832,0.05189697723839886,0.0004999999999999999,0.0049999999999999975,4.89,0.3144660377352202,1.64,0.7038135657640703,3.36,0.7038135657640701,0.0,0.0,3.06,1.5687606895285529,2.96,1.5822244921105042,16.94,1.5687606895285524,5.0,0.0,20.12,1.9242209495341906,4.024,0.3848441899068381,1.006,0.09621104747670953,0.0,0.0
2,371.0,371.0,100,3.17,1.6333333333333333,0.15420278627573347,0.07179708446470592,0.8785873323013417,0.0687512125620489,0.03640617353660832,0.05189697723839886,0.0004999999999999999,0.004999999999999997,4.9,0.3015113445777635,1.64,0.7038135657640703,3.36,0.7038135657640701,0.0,0.0,3.05,1.5594287998553136,2.95,1.5723301886761003,16.95,1.5594287998553136,5.0,0.0,20.12,1.9242209495341906,4.024,0.3848441899068381,1.006,0.09621104747670953,0.0,0.0
2,372.0,372.0,100,3.16,1.6250563315799487,0.15370278627573347,0.071295557191766,0.8790873323013416,0.06798413810962269,0.03640617353660832,0.05189697723839886,0.0004999999999999999,0.004999999999999998,4.9,0.3015113445777635,1.64,0.7038135657640703,3.36,0.7038135657640701,0.0,0.0,3.04,1.5499755618796844,2.95,1.5723301886761003,16.96,1.5499755618796844,5.0,0.0,20.12,1.9242209495341906,4.024,0.3848441899068381,1.006,0.09621104747670953,0.0,0.0
2,373.0,373.0,100,3.15,1.6414763002993509,0.1531472307201779,0.0722777606984394,0.8796428878568971,0.06874634369128486,0.03640617353660832,0.05189697723839886,0.000555555555555555,0.00555555555555555,4.9,0.3015113445777635,1.63,0.7199186261535594,3.37,0.7199186261535592,0.0,0.0,3.03,1.5534581820030828,2.93,1.5586513206596073,16.97,1.5534581820030835,5.0,0.0,20.12,1.9242209495341906,4.024,0.3848441899068381,1.006,0.09621104747670953,0.0,0.0
2,374.0,374.0,100,3.13,1.6554470847795317,0.15213712971007692,0.07305943068424642,0.8806984434124527,0.06973383466296812,0.03640617353660832,0.05189697723839886,0.00101010101010101,0.007142492739258056,4.9,0.3015113445777635,1.63,0.7199186261535594,3.37,0.7199186261535592,0.0,0.0,3.01,1.5666666666666669,2.92,1.548410719924064,16.99,1.5666666666666667,5.0,0.0,20.12,1.9242209495341906,4.024,0.3848441899068381,1.006,0.09621104747670953,0.0,0.0
2,375.0,375.0,100,3.12,1.6653327995729064,0.1516371297100769,0.07358902213842852,0.8811984434124527,0.07005215356152714,0.03640617353660832,0.05189697723839886,0.0005,0.005,4.9,0.3015113445777635,1.62,0.721670340812258,3.38,0.7216703408122581,0.0,0.0,3.0,1.5763402186230246,2.91,1.5445897758814722,17.0,1.5763402186230244,5.0,0.0,20.12,1.9242209495341906,4.024,0.3848441899068381,1.006,0.09621104747670953,0.0,0.0
2,376.0,376.0,100,3.1,1.6847503786566835,0.1505943489614138,0.07479564107003886,0.8822866787065703,0.07146386342585057,0.03640617353660832,0.05189697723839886,0.001042780748663101,0.007397504456327981,4.9,0.3015113445777635,1.61,0.7371114795831991,3.39,0.7371114795831996,0.0,0.0,2.98,1.588977181978547,2.91,1.5445897758814722,17.02,1.5889771819785465,5.0,0.0,20.12,1.9242209495341906,4.024,0.3848441899068381,1.006,0.09621104747670953,0.0,0.0
2,377.0,377.0,100,3.08,1.697770373879884,0.14948323785030268,0.07537750116125796,0.8833977898176815,0.07155876265983713,0.03640617353660832,0.05189697723839886,0.0011111111111111111,0.007816960785349427,4.9,0.3015113445777635,1.6,0.7385489458759962,3.4,0.7385489458759962,0.0,0.0,2.96,1.5758275042758716,2.88,1.5588133274702873,17.04,1.5758275042758714,5.0,0.0,20.12,1.9242209495341906,4.024,0.3848441899068381,1.006,0.09621104747670953,0.0,0.0
2,378.0,378.0,100,3.06,1.7045393939286195,0.14840136650527344,0.07557455132102828,0.8844796611627107,0.07126385415413862,0.03640617353660832,0.05189697723839886,0.001081871345029239,0.007614087352447866,4.9,0.3015113445777635,1.59,0.7398471040517338,3.41,0.7398471040517338,0.0,0.0,2.94,1.5623085741325495,2.87,1.5417096636100738,17.06,1.5623085741325498,5.0,0.0,20.12,1.9242209495341906,4.024,0.3848441899068381,1.006,0.09621104747670953,0.0,0.0
2,379.0,379.0,100,3.05,1.7019003045021899,0.14790136650527347,0.07539491345947603,0.8849796611627108,0.07083928230740974,0.03640617353660832,0.05189697723839886,0.0005000000000000001,0.005,4.9,0.3015113445777635,1.59,0.7398471040517338,3.41,0.7398471040517338,0.0,0.0,2.93,1.5586513206596078,2.87,1.5417096636100738,17.07,1.5586513206596082,5.0,0.0,20.12,1.9242209495341906,4.024,0.3848441899068381,1.006,0.09621104747670953,0.0,0.0
2,380.0,380.0,100,3.04,1.6991976716299746,0.1473750507157998,0.07513658854819684,0.8855059769521845,0.07031611949371024,0.03640617353660832,0.05189697723839886,0.0005263157894736839,0.0052631578947368385,4.9,0.3015113445777635,1.58,0.7272474743090475,3.42,0.7272474743090476,0.0,0.0,2.92,1.548410719924064,2.87,1.5417096636100738,17.08,1.548410719924064,5.0,0.0,20.12,1.9242209495341906,4.024,0.3848441899068381,1.006,0.09621104747670953,0.0,0.0
2,381.0,381.0,100,3.02,1.7113996870657915,0.14637254445013562,0.07572547646466843,0.8865322927416581,0.07082037073641974,0.03640617353660832,0.05189697723839886,0.0010025062656641602,0.007061887261249076,4.9,0.3015113445777635,1.57,0.7282884321503673,3.43,0.7282884321503673,0.0,0.0,2.9,1.5602382620431516,2.85,1.5200677815828016,17.1,1.560238262043151,5.0,0.0,20.12,1.9242209495341906,4.024,0.3848441899068381,1.006,0.09621104747670953,0.0,0.0
2,382.0,382.0,100,3.01,1.7085347257492043,0.14587254445013562,0.0755326329395513,0.8870322927416581,0.0703783955126801,0.03640617353660832,0.05189697723839886,0.0005000000000000001,0.005000000000000001,4.9,0.3015113445777635,1.56,0.7291893935852138,3.44,0.7291893935852136,0.0,0.0,2.89,1.5563165526721137,2.84,1.5157089883528883,17.11,1.556316552672113,5.0,0.0,20.12,1.9242209495341906,4.024,0.3848441899068381,1.006,0.09621104747670953,0.0,0.0
2,383.0,383.0,100,3.01,1.7085347257492043,0.14587254445013562,0.0755326329395513,0.8870322927416581,0.0703783955126801,0.03640617353660832,0.05189697723839886,0.0,0.0,4.9,0.3015113445777635,1.56,0.7291893935852138,3.44,0.7291893935852136,0.0,0.0,2.89,1.5563165526721137,2.83,1.524579756635721,17.11,1.556316552672113,5.0,0.0,20.12,1.9242209495341906,4.024,0.3848441899068381,1.006,0.09621104747670953,0.0,0.0
2,384.0,384.0,100,3.01,1.7085347257492043,0.14587254445013562,0.0755326329395513,0.8870322927416581,0.0703783955126801,0.03640617353660832,0.05189697723839886,0.0,0.0,4.9,0.3015113445777635,1.56,0.7291893935852138,3.44,0.7291893935852136,0.0,0.0,2.89,1.5563165526721137,2.82,1.539906857999253,17.11,1.556316552672113,5.0,0.0,20.12,1.9242209495341906,4.024,0.3848441899068381,1.006,0.09621104747670953,0.0,0.0
2,385.0,385.0,100,2.99,1.7144366215445033,0.1447475444501356,0.07576470055979322,0.888157292741658,0.07009597738945465,0.03640617353660832,0.05189697723839886,0.0011250000000000001,0.007964369835001817,4.9,0.3015113445777635,1.55,0.7299508769967216,3.45,0.7299508769967213,0.0,0.0,2.87,1.535143858622594,2.81,1.535407029902738,17.13,1.5351438586225932,5.0,0.0,20.12,1.9242209495341906,4.024,0.3848441899068381,1.006,0.09621104747670953,0.0,0.0
2,386.0,386.0,100,2.98,1.7172917367444909,0.14422122866066192,0.07585520247590792,0.8886836085311317,0.06994413057462148,0.03640617353660832,0.05189697723839886,0.0005263157894736841,0.005263157894736841,4.9,0.3015113445777635,1.55,0.7299508769967216,3.45,0.7299508769967213,0.0,0.0,2.86,1.5309599550080935,2.79,1.5327732837552783,17.14,1.5309599550080928,5.0,0.0,20.12,1.9242209495341906,4.024,0.3848441899068381,1.006,0.09621104747670953,0.0,0.0
2,387.0,387.0,100,2.97,1.7142009358546184,0.14374503818447146,0.07571122876996901,0.8891836085311318,0.06984344672041931,0.03640617353660832,0.05189697723839886,0.0004761904761904762,0.0047619047619047615,4.9,0.3015113445777635,1.55,0.7299508769967216,3.45,0.7299508769967213,0.0,0.0,2.85,1.5333003949031323,2.78,1.5214294182601684,17.15,1.5333003949031314,5.0,0.0,20.12,1.9242209495341906,4.024,0.3848441899068381,1.006,0.09621104747670953,0.0,0.0
2,388.0,388.0,100,2.96,1.699197671629975,0.14324503818447146,0.0748288504996263,0.8896836085311317,0.06864410022511913,0.03640617353660832,0.05189697723839886,0.0004999999999999999,0.004999999999999998,4.91,0.28762349126466125,1.55,0.7299508769967216,3.45,0.7299508769967213,0.0,0.0,2.84,1.5157089883528883,2.77,1.5166083904887941,17.16,1.5157089883528878,5.0,0.0,20.12,1.9242209495341906,4.024,0.3848441899068381,1.006,0.09621104747670953,0.0,0.0
2,389.0,389.0,100,2.96,1.699197671629975,0.14324503818447146,0.0748288504996263,0.8896836085311317,0.06864410022511913,0.03640617353660832,0.05189697723839886,0.0,0.0,4.91,0.28762349126466125,1.55,0.7299508769967216,3.45,0.7299508769967213,0.0,0.0,2.84,1.5157089883528883,2.77,1.5166083904887941,17.16,1.5157089883528878,5.0,0.0,20.12,1.9242209495341906,4.024,0.3848441899068381,1.006,0.09621104747670953,0.0,0.0
2,390.0,390.0,100,2.95,1.6899883449481559,0.142790492729926,0.07445037012489802,0.8901836085311318,0.06853413779026078,0.03640617353660832,0.05189697723839886,0.00045454545454545417,0.004545454545454542,4.91,0.28762349126466125,1.55,0.7299508769967216,3.45,0.7299508769967213,0.0,0.0,2.83,1.5179398585390047,2.76,1.5183723342627613,17.17,1.517939858539004,5.0,0.0,20.12,1.9242209495341906,4.024,0.3848441899068381,1.006,0.09621104747670953,0.0,0.0
2,391.0,391.0,100,2.95,1.6899883449481559,0.142790492729926,0.07445037012489802,0.8901836085311318,0.06853413779026078,0.03640617353660832,0.05189697723839886,0.0,0.0,4.91,0.28762349126466125,1.55,0.7299508769967216,3.45,0.7299508769967213,0.0,0.0,2.83,1.5179398585390047,2.75,1.5134080878613145,17.17,1.517939858539004,5.0,0.0,20.12,1.9242209495341906,4.024,0.3848441899068381,1.006,0.09621104747670953,0.0,0.0
2,392.0,392.0,100,2.93,1.6952399192557919,0.14178798646426183,0.0746766626436015,0.8912099243206054,0.06861408604695661,0.03640617353660832,0.05189697723839886,0.00100250626566416,0.0070618872612490755,4.91,0.28762349126466125,1.55,0.7299508769967216,3.45,0.7299508769967213,0.0,0.0,2.81,1.5221927299362286,2.73,1.4761059883656356,17.19,1.5221927299362275,5.0,0.0,20.12,1.9242209495341906,4.024,0.3848441899068381,1.006,0.09621104747670953,0.0,0.0
2,393.0,393.0,100,2.92,1.6858292327576365,0.14137131979759515,0.07441740692173932,0.8917099243206055,0.06922627188348969,0.03640617353660832,0.05189697723839886,0.00041666666666666686,0.00416666666666667,4.91,0.28762349126466125,1.55,0.7299508769967216,3.45,0.7299508769967213,0.0,0.0,2.8,1.5374122295716148,2.73,1.4761059883656356,17.2,1.537412229571615,5.0,0.0,20.12,1.9242209495341906,4.024,0.3848441899068381,1.006,0.09621104747670953,0.0,0.0
2,394.0,394.0,100,2.91,1.676305461424021,0.1408951293214047,0.07394307058451355,0.8922099243206054,0.06873601990000808,0.03640617353660832,0.05189697723839886,0.00047619047619047586,0.004761904761904759,4.91,0.28762349126466125,1.55,0.7299508769967216,3.45,0.7299508769967213,0.0,0.0,2.79,1.5327732837552785,2.72,1.47764486377287,17.21,1.5327732837552783,5.0,0.0,20.12,1.9242209495341906,4.024,0.3848441899068381,1.006,0.09621104747670953,0.0,0.0
2,395.0,395.0,100,2.89,1.6690588892419513,0.13989262305574054,0.07352459633727622,0.8932362401100791,0.06804699699019401,0.03640617353660832,0.05189697723839886,0.00100250626566416,0.0070618872612490755,4.91,0.28762349126466125,1.54,0.7166138105949073,3.46,0.7166138105949071,0.0,0.0,2.77,1.5232540924950868,2.72,1.47764486377287,17.23,1.5232540924950877,5.0,0.0,20.12,1.9242209495341906,4.024,0.3848441899068381,1.006,0.09621104747670953,0.0,0.0
2,396.0,396.0,100,2.88,1.6592562530035297,0.13939262305574054,0.07293590812410883,0.893736240110079,0.06716182493474407,0.03640617353660832,0.05189697723839886,0.0004999999999999999,0.004999999999999998,4.91,0.28762349126466125,1.53,0.717106982424815,3.47,0.717106982424815,0.0,0.0,2.76,1.5117051714049683,2.7,1.4805131515522556,17.24,1.5117051714049687,5.0,0.0,20.12,1.9242209495341906,4.024,0.3848441899068381,1.006,0.09621104747670953,0.0,0.0
2,397.0,397.0,100,2.88,1.6592562530035297,0.13939262305574054,0.07293590812410883,0.893736240110079,0.06716182493474407,0.03640617353660832,0.05189697723839886,0.0,0.0,4.91,0.28762349126466125,1.53,0.717106982424815,3.47,0.717106982424815,0.0,0.0,2.76,1.5117051714049683,2.7,1.4805131515522556,17.24,1.5117051714049687,5.0,0.0,20.12,1.9242209495341906,4.024,0.3848441899068381,1.006,0.09621104747670953,0.0,0.0
2,398.0,398.0,100,2.87,1.6554470847795317,0.13883706750018499,0.07250895378038229,0.8942917956656347,0.06641860242728898,0.03640617353660832,0.05189697723839886,0.0005555555555555561,0.00555555555555556,4.91,0.28762349126466125,1.53,0.717106982424815,3.47,0.717106982424815,0.0,0.0,2.75,1.4932508094081114,2.7,1.4805131515522556,17.25,1.4932508094081116,5.0,0.0,20.12,1.9242209495341906,4.024,0.3848441899068381,1.006,0.09621104747670953,0.0,0.0
2,399.0,399.0,100,2.87,1.6554470847795317,0.13883706750018499,0.07250895378038229,0.8942917956656347,0.06641860242728898,0.03640617353660832,0.05189697723839886,0.0,0.0,4.91,0.28762349126466125,1.53,0.717106982424815,3.47,0.717106982424815,0.0,0.0,2.75,1.4932508094081114,2.68,1.5101006722745478,17.25,1.4932508094081116,5.0,0.0,20.12,1.9242209495341906,4.024,0.3848441899068381,1.006,0.09621104747670953,0.0,0.0
2,400.0,400.0,100,2.84,1.6740442773189255,0.1372714109345284,0.07364382655207716,0.8959029067767458,0.06747150013267428,0.03640617353660832,0.05189697723839886,0.001565656565656566,0.008985862723961293,4.91,0.28762349126466125,1.51,0.717670192393766,3.49,0.7176701923937658,0.0,0.0,2.72,1.4980121508320294,2.68,1.5101006722745478,17.28,1.4980121508320299,5.0,0.0,20.12,1.9242209495341906,4.024,0.3848441899068381,1.006,0.09621104747670953,0.0,0.0
2,401.0,401.0,100,2.84,1.6740442773189255,0.1372714109345284,0.07364382655207716,0.8959029067767458,0.06747150013267428,0.03640617353660832,0.05189697723839886,0.0,0.0,4.91,0.28762349126466125,1.51,0.717670192393766,3.49,0.7176701923937658,0.0,0.0,2.72,1.4980121508320294,2.68,1.5101006722745478,17.28,1.4980121508320299,5.0,0.0,20.12,1.9242209495341906,4.024,0.3848441899068381,1.006,0.09621104747670953,0.0,0.0
2,402.0,402.0,100,2.83,1.6395059615566507,0.13683662832583277,0.07224394285967621,0.8964029067767457,0.0661779540794104,0.03640617353660832,0.05189697723839886,0.000434782608695653,0.004347826086956531,4.92,0.2726599243442907,1.51,0.717670192393766,3.49,0.7176701923937658,0.0,0.0,2.71,1.4791138488222526,2.68,1.5101006722745478,17.29,1.4791138488222528,5.0,0.0,20.12,1.9242209495341906,4.024,0.3848441899068381,1.006,0.09621104747670953,0.0,0.0
2,403.0,403.0,100,2.8,1.6453178133937243,0.13542565524094663,0.07271846125171014,0.8979029067767458,0.06718937257945755,0.03640617353660832,0.05189697723839886,0.0014109730848861286,0.008077183452344393,4.92,0.2726599243442907,1.48,0.7314024165597861,3.52,0.731402416559786,0.0,0.0,2.68,1.5101006722745478,2.68,1.5101006722745478,17.32,1.5101006722745483,5.0,0.0,20.12,1.9242209495341906,4.024,0.3848441899068381,1.006,0.09621104747670953,0.0,0.0
2,404.0,404.0,100,2.8,1.6453178133937243,0.13542565524094663,0.07271846125171014,0.8979029067767458,0.06718937257945755,0.03640617353660832,0.05189697723839886,0.0,0.0,4.92,0.2726599243442907,1.48,0.7314024165597861,3.52,0.731402416559786,0.0,0.0,2.68,1.5101006722745478,2.68,1.5101006722745478,17.32,1.5101006722745483,5.0,0.0,20.12,1.9242209495341906,4.024,0.3848441899068381,1.006,0.09621104747670953,0.0,0.0
2,405.0,405.0,100,2.8,1.6453178133937243,0.13542565524094663,0.07271846125171014,0.8979029067767458,0.06718937257945755,0.03640617353660832,0.05189697723839886,0.0,0.0,4.92,0.2726599243442907,1.48,0.7314024165597861,3.52,0.731402416559786,0.0,0.0,2.68,1.5101006722745478,2.66,1.5056794835125793,17.32,1.5101006722745483,5.0,0.0,20.12,1.9242209495341906,4.024,0.3848441899068381,1.006,0.09621104747670953,0.0,0.0
2,406.0,406.0,100,2.8,1.6453178133937243,0.13542565524094663,0.07271846125171014,0.8979029067767458,0.06718937257945755,0.03640617353660832,0.05189697723839886,0.0,0.0,4.92,0.2726599243442907,1.48,0.7314024165597861,3.52,0.731402416559786,0.0,0.0,2.68,1.5101006722745478,2.64,1.4942313317312257,17.32,1.5101006722745483,5.0,0.0,20.12,1.9242209495341906,4.024,0.3848441899068381,1.006,0.09621104747670953,0.0,0.0
2,407.0,407.0,100,2.8,1.6453178133937243,0.13542565524094663,0.07271846125171014,0.8979029067767458,0.06718937257945755,0.03640617353660832,0.05189697723839886,0.0,0.0,4.92,0.2726599243442907,1.48,0.7314024165597861,3.52,0.731402416559786,0.0,0.0,2.68,1.5101006722745478,2.64,1.4942313317312257,17.32,1.5101006722745483,5.0,0.0,20.12,1.9242209495341906,4.024,0.3848441899068381,1.006,0.09621104747670953,0.0,0.0
2,408.0,408.0,100,2.8,1.6453178133937243,0.13542565524094663,0.07271846125171014,0.8979029067767458,0.06718937257945755,0.03640617353660832,0.05189697723839886,0.0,0.0,4.92,0.2726599243442907,1.48,0.7314024165597861,3.52,0.731402416559786,0.0,0.0,2.68,1.5101006722745478,2.62,1.4824222602132489,17.32,1.5101006722745483,5.0,0.0,20.12,1.9242209495341906,4.024,0.3848441899068381,1.006,0.09621104747670953,0.0,0.0
2,409.0,409.0,100,2.79,1.6532490203330907,0.13492565524094663,0.07313520422449668,0.8984029067767457,0.06739087522509443,0.03640617353660832,0.05189697723839886,0.0005,0.004999999999999998,4.92,0.2726599243442907,1.47,0.731057073315377,3.53,0.731057073315377,0.0,0.0,2.67,1.5179398585390047,2.61,1.4900003389600318,17.33,1.517939858539005,5.0,0.0,20.12,1.9242209495341906,4.024,0.3848441899068381,1.006,0.09621104747670953,0.0,0.0
2,410.0,410.0,100,2.78,1.6488747310781005,0.13439933945147295,0.07277413998479498,0.8989292225662194,0.06673387707630854,0.03640617353660832,0.05189697723839886,0.0005263157894736839,0.0052631578947368385,4.92,0.2726599243442907,1.47,0.731057073315377,3.53,0.731057073315377,0.0,0.0,2.66,1.5056794835125795,2.61,1.4900003389600318,17.34,1.5056794835125793,5.0,0.0,20.12,1.9242209495341906,4.024,0.3848441899068381,1.006,0.09621104747670953,0.0,0.0
2,411.0,411.0,100,2.78,1.6488747310781005,0.13439933945147295,0.07277413998479498,0.8989292225662194,0.06673387707630854,0.03640617353660832,0.05189697723839886,0.0,0.0,4.92,0.2726599243442907,1.47,0.731057073315377,3.53,0.731057073315377,0.0,0.0,2.66,1.5056794835125795,2.6,1.4907119849998596,17.34,1.5056794835125793,5.0,0.0,20.12,1.9242209495341906,4.024,0.3848441899068381,1.006,0.09621104747670953,0.0,0.0
2,412.0,412.0,100,2.78,1.6488747310781005,0.13439933945147295,0.07277413998479498,0.8989292225662194,0.06673387707630854,0.03640617353660832,0.05189697723839886,0.0,0.0,4.92,0.2726599243442907,1.47,0.731057073315377,3.53,0.731057073315377,0.0,0.0,2.66,1.5056794835125795,2.6,1.4907119849998596,17.34,1.5056794835125793,5.0,0.0,20.12,1.9242209495341906,4.024,0.3848441899068381,1.006,0.09621104747670953,0.0,0.0
2,413.0,413.0,100,2.76,1.6582819392066566,0.13324802366199925,0.07329401848353616,0.9000805383556931,0.06672203128906573,0.03640617353660832,0.05189697723839886,0.0011513157894736839,0.008130116289863654,4.92,0.2726599243442907,1.46,0.7442710487042968,3.54,0.744271048704297,0.0,0.0,2.64,1.480649598089714,2.59,1.4777473984877705,17.36,1.4806495980897143,5.0,0.0,20.12,1.9242209495341906,4.024,0.3848441899068381,1.006,0.09621104747670953,0.0,0.0
2,414.0,414.0,100,2.76,1.6582819392066566,0.13324802366199925,0.07329401848353616,0.9000805383556931,0.06672203128906573,0.03640617353660832,0.05189697723839886,0.0,0.0,4.92,0.2726599243442907,1.46,0.7442710487042968,3.54,0.744271048704297,0.0,0.0,2.64,1.480649598089714,2.56,1.4586558085020496,17.36,1.4806495980897143,5.0,0.0,20.12,1.9242209495341906,4.024,0.3848441899068381,1.006,0.09621104747670953,0.0,0.0
2,415.0,415.0,100,2.75,1.6414763002993509,0.1328132410533036,0.07265549202547664,0.9005805383556931,0.06653001621042623,0.03640617353660832,0.05189697723839886,0.000434782608695653,0.004347826086956531,4.92,0.2726599243442907,1.46,0.7442710487042968,3.54,0.744271048704297,0.0,0.0,2.63,1.4815702835338271,2.54,1.4799672396046575,17.37,1.4815702835338274,5.0,0.0,20.12,1.9242209495341906,4.024,0.3848441899068381,1.006,0.09621104747670953,0.0,0.0
2,416.0,416.0,100,2.73,1.6505585219383876,0.1318132410533036,0.07310335010325628,0.9015805383556932,0.06651360876685686,0.03640617353660832,0.05189697723839886,0.001,0.007035264706814482,4.93,0.2564323999762428,1.46,0.7442710487042968,3.54,0.744271048704297,0.0,0.0,2.61,1.4900003389600318,2.54,1.4799672396046575,17.39,1.4900003389600316,5.0,0.0,20.12,1.9242209495341906,4.024,0.3848441899068381,1.006,0.09621104747670953,0.0,0.0
2,417.0,417.0,100,2.72,1.6396599795338203,0.1313132410533036,0.07245494621988645,0.9020805383556931,0.06554348553659439,0.03640617353660832,0.05189697723839886,0.0004999999999999999,0.0049999999999999975,4.93,0.2564323999762428,1.46,0.7442710487042968,3.54,0.744271048704297,0.0,0.0,2.6,1.4770978917519926,2.53,1.4733662412340252,17.4,1.4770978917519928,5.0,0.0,20.12,1.9242209495341906,4.024,0.3848441899068381,1.006,0.09621104747670953,0.0,0.0
2,418.0,418.0,100,2.69,1.6495790708878164,0.12968573478763945,0.07313853522972744,0.9037318541451669,0.06572431772207207,0.03640617353660832,0.05189697723839886,0.0016275062656641599,0.009363063651984697,4.93,0.2564323999762428,1.45,0.7571210756756961,3.55,0.7571210756756961,0.0,0.0,2.57,1.4582056221135742,2.52,1.4803766924384991,17.43,1.4582056221135744,5.0,0.0,20.12,1.9242209495341906,4.024,0.3848441899068381,1.006,0.09621104747670953,0.0,0.0
2,419.0,419.0,100,2.68,1.6507115086678488,0.129209544311449,0.07320689971087262,0.9042318541451668,0.0658856311375272,0.03640617353660832,0.05189697723839886,0.00047619047619047586,0.004761904761904759,4.93,0.2564323999762428,1.45,0.7571210756756961,3.55,0.7571210756756961,0.0,0.0,2.56,1.4655643240331653,2.5,1.4668044012461754,17.44,1.4655643240331653,5.0,0.0,20.12,1.9242209495341906,4.024,0.3848441899068381,1.006,0.09621104747670953,0.0,0.0
2,420.0,420.0,100,2.68,1.6507115086678488,0.129209544311449,0.07320689971087262,0.9042318541451668,0.0658856311375272,0.03640617353660832,0.05189697723839886,0.0,0.0,4.93,0.2564323999762428,1.45,0.7571210756756961,3.55,0.7571210756756961,0.0,0.0,2.56,1.4655643240331653,2.5,1.4668044012461754,17.44,1.4655643240331653,5.0,0.0,20.12,1.9242209495341906,4.024,0.3848441899068381,1.006,0.09621104747670953,0.0,0.0
2,421.0,421.0,100,2.67,1.651782019027886,0.1286832285219753,0.07318777942667606,0.9047581699346405,0.0655939039853238,0.03640617353660832,0.05189697723839886,0.0005263157894736841,0.00526315789473684,4.93,0.2564323999762428,1.45,0.7571210756756961,3.55,0.7571210756756961,0.0,0.0,2.55,1.45903662695214,2.48,1.4735376246683116,17.45,1.4590366269521402,5.0,0.0,20.12,1.9242209495341906,4.024,0.3848441899068381,1.006,0.09621104747670953,0.0,0.0
2,422.0,422.0,100,2.66,1.6466678935095422,0.12820703804578482,0.07293614951122931,0.9052581699346405,0.06536244301794124,0.03640617353660832,0.05189697723839886,0.0004761904761904762,0.0047619047619047615,4.93,0.2564323999762428,1.44,0.7563869460277669,3.56,0.7563869460277669,0.0,0.0,2.54,1.4593481317687595,2.47,1.4664944802507986,17.46,1.4593481317687595,5.0,0.0,20.12,1.9242209495341906,4.024,0.3848441899068381,1.006,0.09621104747670953,0.0,0.0
2,423.0,423.0,100,2.66,1.6466678935095422,0.12820703804578482,0.07293614951122931,0.9052581699346405,0.06536244301794124,0.03640617353660832,0.05189697723839886,0.0,0.0,4.93,0.2564323999762428,1.44,0.7563869460277669,3.56,0.7563869460277669,0.0,0.0,2.54,1.4593481317687595,2.44,1.4724404259870105,17.46,1.4593481317687595,5.0,0.0,20.12,1.9242209495341906,4.024,0.3848441899068381,1.006,0.09621104747670953,0.0,0.0
2,424.0,424.0,100,2.65,1.6537377315791295,0.12773084756959435,0.07330807457015225,0.9057581699346404,0.0658972133327078,0.03640617353660832,0.05189697723839886,0.00047619047619047603,0.004761904761904759,4.93,0.2564323999762428,1.43,0.7555184185763312,3.57,0.7555184185763312,0.0,0.0,2.53,1.4733662412340252,2.43,1.4651162604263381,17.47,1.4733662412340254,5.0,0.0,20.12,1.9242209495341906,4.024,0.3848441899068381,1.006,0.09621104747670953,0.0,0.0
2,425.0,425.0,100,2.64,1.648507129974195,0.12727630211504887,0.07310997182744267,0.9062581699346406,0.06604261042500584,0.03640617353660832,0.05189697723839886,0.000454545454545455,0.0045454545454545504,4.93,0.2564323999762428,1.42,0.7410066862659938,3.58,0.7410066862659938,0.0,0.0,2.52,1.4803766924384991,2.43,1.4651162604263381,17.48,1.4803766924384993,5.0,0.0,20.12,1.9242209495341906,4.024,0.3848441899068381,1.006,0.09621104747670953,0.0,0.0
2,426.0,426.0,100,2.63,1.643198408622955,0.1267763021150489,0.07277781049136879,0.9067581699346405,0.06541631988247752,0.03640617353660832,0.05189697723839886,0.0005000000000000001,0.005000000000000001,4.93,0.2564323999762428,1.42,0.7410066862659938,3.58,0.7410066862659938,0.0,0.0,2.51,1.4736404451616276,2.42,1.4645990936261377,17.49,1.473640445161628,5.0,0.0,20.12,1.9242209495341906,4.024,0.3848441899068381,1.006,0.09621104747670953,0.0,0.0
2,427.0,427.0,100,2.62,1.6316317667360558,0.12634151950635322,0.07235966916581649,0.9072581699346405,0.06555507968639204,0.03640617353660832,0.05189697723839886,0.00043478260869565186,0.004347826086956519,4.93,0.2564323999762428,1.42,0.7410066862659938,3.58,0.7410066862659938,0.0,0.0,2.5,1.4805131515522554,2.42,1.4645990936261377,17.5,1.4805131515522552,5.0,0.0,20.12,1.9242209495341906,4.024,0.3848441899068381,1.006,0.09621104747670953,0.0,0.0
2,428.0,428.0,100,2.59,1.6397523833761851,0.12478888792740586,0.07269884274734065,0.9088108015135878,0.06512510047756251,0.03640617353660832,0.05189697723839886,0.0015526315789473682,0.008875741382032497,4.93,0.2564323999762428,1.41,0.753376239057058,3.59,0.753376239057058,0.0,0.0,2.47,1.4733662412340256,2.42,1.4645990936261377,17.53,1.473366241234026,5.0,0.0,20.12,1.9242209495341906,4.024,0.3848441899068381,1.006,0.09621104747670953,0.0,0.0
2,429.0,429.0,100,2.57,1.6283783840422845,0.1238126974512154,0.07209611560722567,0.9098108015135878,0.06419858963540448,0.03640617353660832,0.05189697723839886,0.0009761904761904758,0.006869842536801751,4.94,0.23868325657594208,1.41,0.753376239057058,3.59,0.753376239057058,0.0,0.0,2.45,1.4659433478105146,2.42,1.4645990936261377,17.55,1.4659433478105146,5.0,0.0,20.12,1.9242209495341906,4.024,0.3848441899068381,1.006,0.09621104747670953,0.0,0.0
2,430.0,430.0,100,2.57,1.6283783840422845,0.1238126974512154,0.07209611560722567,0.9098108015135878,0.06419858963540448,0.03640617353660832,0.05189697723839886,0.0,0.0,4.94,0.23868325657594208,1.41,0.753376239057058,3.59,0.753376239057058,0.0,0.0,2.45,1.4659433478105146,2.4,1.4770978917519928,17.55,1.4659433478105146,5.0,0.0,20.12,1.9242209495341906,4.024,0.3848441899068381,1.006,0.09621104747670953,0.0,0.0
2,431.0,431.0,100,2.56,1.6163307992255955,0.12335815199666994,0.07157867296843874,0.9103108015135879,0.0639221711157501,0.03640617353660832,0.05189697723839886,0.00045454545454545417,0.004545454545454543,4.94,0.23868325657594208,1.41,0.753376239057058,3.59,0.753376239057058,0.0,0.0,2.44,1.4655643240331653,2.4,1.4770978917519928,17.56,1.4655643240331653,5.0,0.0,20.12,1.9242209495341906,4.024,0.3848441899068381,1.006,0.09621104747670953,0.0,0.0
2,432.0,432.0,100,2.55,1.6104143390551215,0.12288196152047945,0.07128544411939396,0.910810801513588,0.06364058421025344,0.03640617353660832,0.05189697723839886,0.0004761904761904762,0.0047619047619047615,4.94,0.23868325657594208,1.41,0.753376239057058,3.59,0.753376239057058,0.0,0.0,2.43,1.4651162604263381,2.4,1.4770978917519928,17.57,1.4651162604263381,5.0,0.0,20.12,1.9242209495341906,4.024,0.3848441899068381,1.006,0.09621104747670953,0.0,0.0
2,433.0,433.0,100,2.54,1.6044131058244988,0.12240577104428897,0.07098777758867776,0.9113108015135879,0.06335376000355805,0.03640617353660832,0.05189697723839886,0.0004761904761904762,0.004761904761904761,4.94,0.23868325657594208,1.4,0.7521014330903548,3.6,0.7521014330903548,0.0,0.0,2.42,1.4645990936261377,2.4,1.4770978917519928,17.58,1.4645990936261373,5.0,0.0,20.12,1.9242209495341906,4.024,0.3848441899068381,1.006,0.09621104747670953,0.0,0.0
2,434.0,434.0,100,2.54,1.6044131058244988,0.12240577104428897,0.07098777758867776,0.9113108015135879,0.06335376000355805,0.03640617353660832,0.05189697723839886,0.0,0.0,4.94,0.23868325657594208,1.4,0.7521014330903548,3.6,0.7521014330903548,0.0,0.0,2.42,1.4645990936261377,2.4,1.4770978917519928,17.58,1.4645990936261373,5.0,0.0,20.12,1.9242209495341906,4.024,0.3848441899068381,1.006,0.09621104747670953,0.0,0.0
2,435.0,435.0,100,2.54,1.6044131058244988,0.12240577104428897,0.07098777758867776,0.9113108015135879,0.06335376000355805,0.03640617353660832,0.05189697723839886,0.0,0.0,4.94,0.23868325657594208,1.4,0.7521014330903548,3.6,0.7521014330903548,0.0,0.0,2.42,1.4645990936261377,2.37,1.4815702835338271,17.58,1.4645990936261373,5.0,0.0,20.12,1.9242209495341906,4.024,0.3848441899068381,1.006,0.09621104747670953,0.0,0.0
2,436.0,436.0,100,2.54,1.6044131058244988,0.12240577104428897,0.07098777758867776,0.9113108015135879,0.06335376000355805,0.03640617353660832,0.05189697723839886,0.0,0.0,4.94,0.23868325657594208,1.4,0.7521014330903548,3.6,0.7521014330903548,0.0,0.0,2.42,1.4645990936261377,2.36,1.4942313317312255,17.58,1.4645990936261373,5.0,0.0,20.12,1.9242209495341906,4.024,0.3848441899068381,1.006,0.09621104747670953,0.0,0.0
2,437.0,437.0,100,2.54,1.6044131058244988,0.12240577104428897,0.07098777758867776,0.9113108015135879,0.06335376000355805,0.03640617353660832,0.05189697723839886,0.0,0.0,4.94,0.23868325657594208,1.4,0.7521014330903548,3.6,0.7521014330903548,0.0,0.0,2.42,1.4645990936261377,2.36,1.4942313317312255,17.58,1.4645990936261373,5.0,0.0,20.12,1.9242209495341906,4.024,0.3848441899068381,1.006,0.09621104747670953,0.0,0.0
2,438.0,438.0,100,2.54,1.6044131058244988,0.12240577104428897,0.07098777758867776,0.9113108015135879,0.06335376000355805,0.03640617353660832,0.05189697723839886,0.0,0.0,4.94,0.23868325657594208,1.4,0.7521014330903548,3.6,0.7521014330903548,0.0,0.0,2.42,1.4645990936261377,2.36,1.4942313317312255,17.58,1.4645990936261373,5.0,0.0,20.12,1.9242209495341906,4.024,0.3848441899068381,1.006,0.09621104747670953,0.0,0.0
2,439.0,439.0,100,2.53,1.6046334425184106,0.1219295805680985,0.0710089153880189,0.9118108015135878,0.06346080565636165,0.03640617353660832,0.05189697723839886,0.00047619047619047586,0.004761904761904759,4.94,0.23868325657594208,1.39,0.7371114795831993,3.61,0.7371114795831993,0.0,0.0,2.41,1.4708961056224714,2.34,1.4854173307406395,17.59,1.4708961056224712,5.0,0.0,20.12,1.9242209495341906,4.024,0.3848441899068381,1.006,0.09621104747670953,0.0,0.0
2,440.0,440.0,100,2.5,1.5795409127178364,0.12059624723476517,0.07030229784970102,0.9133108015135879,0.06415195590102822,0.03640617353660832,0.05189697723839886,0.0013333333333333342,0.007650473309742035,4.95,0.21904291355759026,1.39,0.7371114795831993,3.61,0.7371114795831993,0.0,0.0,2.38,1.4959879003453864,2.34,1.4854173307406395,17.62,1.4959879003453864,5.0,0.0,20.12,1.9242209495341906,4.024,0.3848441899068381,1.006,0.09621104747670953,0.0,0.0
2,441.0,441.0,100,2.5,1.5795409127178364,0.12059624723476517,0.07030229784970102,0.9133108015135879,0.06415195590102822,0.03640617353660832,0.05189697723839886,0.0,0.0,4.95,0.21904291355759026,1.39,0.7371114795831993,3.61,0.7371114795831993,0.0,0.0,2.38,1.4959879003453864,2.33,1.4978435677784758,17.62,1.4959879003453864,5.0,0.0,20.12,1.9242209495341906,4.024,0.3848441899068381,1.006,0.09621104747670953,0.0,0.0
2,442.0,442.0,100,2.5,1.5795409127178364,0.12059624723476517,0.07030229784970102,0.9133108015135879,0.06415195590102822,0.03640617353660832,0.05189697723839886,0.0,0.0,4.95,0.21904291355759026,1.39,0.7371114795831993,3.61,0.7371114795831993,0.0,0.0,2.38,1.4959879003453864,2.32,1.4831034891726065,17.62,1.4959879003453864,5.0,0.0,20.12,1.9242209495341906,4.024,0.3848441899068381,1.006,0.09621104747670953,0.0,0.0
2,443.0,443.0,100,2.49,1.5731009073312698,0.12012005675857469,0.06998474296078185,0.9138108015135878,0.06384765572335675,0.03640617353660832,0.05189697723839886,0.0004761904761904762,0.004761904761904761,4.95,0.21904291355759026,1.38,0.7355338884171831,3.62,0.735533888417183,0.0,0.0,2.37,1.4951436537853298,2.32,1.4831034891726065,17.63,1.4951436537853295,5.0,0.0,20.12,1.9242209495341906,4.024,0.3848441899068381,1.006,0.09621104747670953,0.0,0.0
2,444.0,444.0,100,2.49,1.5731009073312698,0.12012005675857469,0.06998474296078185,0.9138108015135878,0.06384765572335675,0.03640617353660832,0.05189697723839886,0.0,0.0,4.95,0.21904291355759026,1.38,0.7355338884171831,3.62,0.735533888417183,0.0,0.0,2.37,1.4951436537853298,2.31,1.4750107001837534,17.63,1.4951436537853295,5.0,0.0,20.12,1.9242209495341906,4.024,0.3848441899068381,1.006,0.09621104747670953,0.0,0.0
2,445.0,445.0,100,2.48,1.5857955337140643,0.11956450120301915,0.07071910215161616,0.9143663570691435,0.06435657333841727,0.03640617353660832,0.05189697723839886,0.000555555555555555,0.00555555555555555,4.95,0.21904291355759026,1.37,0.7474535896541461,3.63,0.7474535896541459,0.0,0.0,2.36,1.4942313317312255,2.3,1.4668044012461754,17.64,1.4942313317312261,5.0,0.0,20.12,1.9242209495341906,4.024,0.3848441899068381,1.006,0.09621104747670953,0.0,0.0
2,446.0,446.0,100,2.47,1.5664087473058759,0.11908831072682867,0.06974260457966909,0.9148663570691434,0.06325141823359308,0.03640617353660832,0.05189697723839886,0.000476190476190477,0.004761904761904768,4.95,0.21904291355759026,1.37,0.7474535896541461,3.63,0.7474535896541459,0.0,0.0,2.35,1.4796600756234315,2.29,1.4653920080898963,17.65,1.4796600756234315,5.0,0.0,20.12,1.9242209495341906,4.024,0.3848441899068381,1.006,0.09621104747670953,0.0,0.0
2,447.0,447.0,100,2.46,1.579029237643602,0.11858831072682867,0.07041886867883794,0.9153663570691434,0.06372778386837169,0.03640617353660832,0.05189697723839886,0.0005,0.004999999999999998,4.95,0.21904291355759026,1.36,0.7590531049680358,3.64,0.7590531049680358,0.0,0.0,2.34,1.4922019523732928,2.28,1.4500435381829964,17.66,1.4922019523732928,5.0,0.0,20.12,1.9242209495341906,4.024,0.3848441899068381,1.006,0.09621104747670953,0.0,0.0
2,448.0,448.0,100,2.46,1.579029237643602,0.11858831072682867,0.07041886867883794,0.9153663570691434,0.06372778386837169,0.03640617353660832,0.05189697723839886,0.0,0.0,4.95,0.21904291355759026,1.36,0.7590531049680358,3.64,0.7590531049680358,0.0,0.0,2.34,1.4922019523732928,2.27,1.4484753391345013,17.66,1.4922019523732928,5.0,0.0,20.12,1.9242209495341906,4.024,0.3848441899068381,1.006,0.09621104747670953,0.0,0.0
2,449.0,449.0,100,2.44,1.571976816340213,0.11757820971672767,0.0699843550292503,0.916421912624699,0.06331621755315535,0.03640617353660832,0.05189697723839886,0.0010101010101010099,0.007142492739258053,4.95,0.21904291355759026,1.36,0.7590531049680358,3.64,0.7590531049680358,0.0,0.0,2.32,1.4831034891726065,2.26,1.4468356276140473,17.68,1.483103489172606,5.0,0.0,20.12,1.9242209495341906,4.024,0.3848441899068381,1.006,0.09621104747670953,0.0,0.0
2,450.0,450.0,100,2.44,1.571976816340213,0.11757820971672767,0.0699843550292503,0.916421912624699,0.06331621755315535,0.03640617353660832,0.05189697723839886,0.0,0.0,4.95,0.21904291355759026,1.36,0.7590531049680358,3.64,0.7590531049680358,0.0,0.0,2.32,1.4831034891726065,2.26,1.4468356276140473,17.68,1.483103489172606,5.0,0.0,20.12,1.9242209495341906,4.024,0.3848441899068381,1.006,0.09621104747670953,0.0,0.0
2,451.0,451.0,100,2.43,1.57155909204776,0.11702265416117211,0.06981103408330616,0.9169774681802545,0.06282160796539818,0.03640617353660832,0.05189697723839886,0.000555555555555555,0.005555555555555549,4.95,0.21904291355759026,1.36,0.7590531049680358,3.64,0.7590531049680358,0.0,0.0,2.31,1.4681466362235573,2.26,1.4468356276140473,17.69,1.4681466362235573,5.0,0.0,20.12,1.9242209495341906,4.024,0.3848441899068381,1.006,0.09621104747670953,0.0,0.0
2,452.0,452.0,100,2.42,1.5646344007725281,0.11652265416117209,0.06938850754219486,0.9174774681802547,0.062075722859989683,0.03640617353660832,0.05189697723839886,0.0005000000000000001,0.005000000000000002,4.95,0.21904291355759026,1.36,0.7590531049680358,3.64,0.7590531049680358,0.0,0.0,2.3,1.4599017539934434,2.24,1.4363252775852353,17.7,1.4599017539934434,5.0,0.0,20.12,1.9242209495341906,4.024,0.3848441899068381,1.006,0.09621104747670953,0.0,0.0
2,453.0,453.0,100,2.42,1.5646344007725281,0.11652265416117209,0.06938850754219486,0.9174774681802547,0.062075722859989683,0.03640617353660832,0.05189697723839886,0.0,0.0,4.95,0.21904291355759026,1.36,0.7590531049680358,3.64,0.7590531049680358,0.0,0.0,2.3,1.4599017539934434,2.24,1.4363252775852353,17.7,1.4599017539934434,5.0,0.0,20.12,1.9242209495341906,4.024,0.3848441899068381,1.006,0.09621104747670953,0.0,0.0
2,454.0,454.0,100,2.4,1.5699192541804388,0.11546709860561653,0.06958682396554952,0.9185330237358101,0.06171266800704741,0.03640617353660832,0.05189697723839886,0.0010555555555555559,0.007436600722307899,4.95,0.21904291355759026,1.35,0.757121075675696,3.65,0.7571210756756961,0.0,0.0,2.28,1.4500435381829966,2.24,1.4363252775852353,17.72,1.4500435381829966,5.0,0.0,20.12,1.9242209495341906,4.024,0.3848441899068381,1.006,0.09621104747670953,0.0,0.0
2,455.0,455.0,100,2.39,1.5820648826547201,0.11491154305006099,0.07028819997837865,0.9190885792913656,0.06219645384051668,0.03640617353660832,0.05189697723839886,0.000555555555555555,0.00555555555555555,4.95,0.21904291355759026,1.34,0.768311805390904,3.66,0.768311805390904,0.0,0.0,2.27,1.4484753391345013,2.24,1.4363252775852353,17.73,1.4484753391345007,5.0,0.0,20.12,1.9242209495341906,4.024,0.3848441899068381,1.006,0.09621104747670953,0.0,0.0
2,456.0,456.0,100,2.39,1.5820648826547201,0.11491154305006099,0.07028819997837865,0.9190885792913656,0.06219645384051668,0.03640617353660832,0.05189697723839886,0.0,0.0,4.95,0.21904291355759026,1.34,0.768311805390904,3.66,0.768311805390904,0.0,0.0,2.27,1.4484753391345013,2.21,1.4375554446927101,17.73,1.4484753391345007,5.0,0.0,20.12,1.9242209495341906,4.024,0.3848441899068381,1.006,0.09621104747670953,0.0,0.0
2,457.0,457.0,100,2.39,1.5820648826547201,0.11491154305006099,0.07028819997837865,0.9190885792913656,0.06219645384051668,0.03640617353660832,0.05189697723839886,0.0,0.0,4.95,0.21904291355759026,1.34,0.768311805390904,3.66,0.768311805390904,0.0,0.0,2.27,1.4484753391345013,2.21,1.4375554446927101,17.73,1.4484753391345007,5.0,0.0,20.12,1.9242209495341906,4.024,0.3848441899068381,1.006,0.09621104747670953,0.0,0.0
2,458.0,458.0,100,2.38,1.5813304716617775,0.114411543050061,0.07021387448640423,0.9195885792913657,0.061835365500713835,0.03640617353660832,0.05189697723839886,0.0004999999999999999,0.0049999999999999975,4.95,0.21904291355759026,1.33,0.7661394761854378,3.67,0.7661394761854375,0.0,0.0,2.26,1.4468356276140473,2.21,1.4375554446927101,17.74,1.4468356276140468,5.0,0.0,20.12,1.9242209495341906,4.024,0.3848441899068381,1.006,0.09621104747670953,0.0,0.0
2,459.0,459.0,100,2.38,1.5813304716617775,0.114411543050061,0.07021387448640423,0.9195885792913657,0.061835365500713835,0.03640617353660832,0.05189697723839886,0.0,0.0,4.95,0.21904291355759026,1.33,0.7661394761854378,3.67,0.7661394761854375,0.0,0.0,2.26,1.4468356276140473,2.22,1.4325226742084092,17.74,1.4468356276140468,5.0,0.0,20.12,1.9242209495341906,4.024,0.3848441899068381,1.006,0.09621104747670953,0.0,0.0
2,460.0,460.0,100,2.37,1.586909836217177,0.11385598749450543,0.07045960939720759,0.9201441348469213,0.06180632090507167,0.03640617353660832,0.05189697723839886,0.0005555555555555561,0.00555555555555556,4.95,0.21904291355759026,1.33,0.7661394761854378,3.67,0.7661394761854375,0.0,0.0,2.25,1.4381174563233068,2.22,1.4325226742084092,17.75,1.4381174563233061,5.0,0.0,20.12,1.9242209495341906,4.024,0.3848441899068381,1.006,0.09621104747670953,0.0,0.0
2,461.0,461.0,100,2.37,1.586909836217177,0.11385598749450543,0.07045960939720759,0.9201441348469213,0.06180632090507167,0.03640617353660832,0.05189697723839886,0.0,0.0,4.95,0.21904291355759026,1.33,0.7661394761854378,3.67,0.7661394761854375,0.0,0.0,2.25,1.4381174563233068,2.22,1.4325226742084092,17.75,1.4381174563233061,5.0,0.0,20.12,1.9242209495341906,4.024,0.3848441899068381,1.006,0.09621104747670953,0.0,0.0
2,462.0,462.0,100,2.36,1.5732614261944882,0.11340144203995997,0.06986465565885032,0.9206441348469212,0.06143426277216292,0.03640617353660832,0.05189697723839886,0.00045454545454545417,0.004545454545454543,4.95,0.21904291355759026,1.33,0.7661394761854378,3.67,0.7661394761854375,0.0,0.0,2.24,1.4363252775852353,2.22,1.4325226742084092,17.76,1.4363252775852344,5.0,0.0,20.12,1.9242209495341906,4.024,0.3848441899068381,1.006,0.09621104747670953,0.0,0.0
2,463.0,463.0,100,2.36,1.5732614261944882,0.11340144203995997,0.06986465565885032,0.9206441348469212,0.06143426277216292,0.03640617353660832,0.05189697723839886,0.0,0.0,4.95,0.21904291355759026,1.33,0.7661394761854378,3.67,0.7661394761854375,0.0,0.0,2.24,1.4363252775852353,2.22,1.4325226742084092,17.76,1.4363252775852344,5.0,0.0,20.12,1.9242209495341906,4.024,0.3848441899068381,1.006,0.09621104747670953,0.0,0.0
2,464.0,464.0,100,2.36,1.5732614261944882,0.11340144203995997,0.06986465565885032,0.9206441348469212,0.06143426277216292,0.03640617353660832,0.05189697723839886,0.0,0.0,4.95,0.21904291355759026,1.33,0.7661394761854378,3.67,0.7661394761854375,0.0,0.0,2.24,1.4363252775852353,2.22,1.4325226742084092,17.76,1.4363252775852344,5.0,0.0,20.12,1.9242209495341906,4.024,0.3848441899068381,1.006,0.09621104747670953,0.0,0.0
2,465.0,465.0,100,2.35,1.5787413475374115,0.11287512625048629,0.0701243473246482,0.9211704506363949,0.061435520474272844,0.03640617353660832,0.05189697723839886,0.000526315789473684,0.0052631578947368385,4.95,0.21904291355759026,1.32,0.763828739597001,3.68,0.7638287395970013,0.0,0.0,2.23,1.434460444793361,2.21,1.4305116694258861,17.77,1.4344604447933613,5.0,0.0,20.12,1.9242209495341906,4.024,0.3848441899068381,1.006,0.09621104747670953,0.0,0.0
2,466.0,466.0,100,2.34,1.59050211244656,0.11231957069493075,0.07079985885871361,0.9217260061919506,0.061897565207748174,0.03640617353660832,0.05189697723839886,0.000555555555555555,0.005555555555555549,4.95,0.21904291355759026,1.31,0.7745314647572363,3.69,0.7745314647572362,0.0,0.0,2.22,1.4325226742084092,2.21,1.4305116694258861,17.78,1.4325226742084094,5.0,0.0,20.12,1.9242209495341906,4.024,0.3848441899068381,1.006,0.09621104747670953,0.0,0.0
2,467.0,467.0,100,2.34,1.59050211244656,0.11231957069493075,0.07079985885871361,0.9217260061919506,0.061897565207748174,0.03640617353660832,0.05189697723839886,0.0,0.0,4.95,0.21904291355759026,1.31,0.7745314647572363,3.69,0.7745314647572362,0.0,0.0,2.22,1.4325226742084092,2.21,1.4305116694258861,17.78,1.4325226742084094,5.0,0.0,20.12,1.9242209495341906,4.024,0.3848441899068381,1.006,0.09621104747670953,0.0,0.0
2,468.0,468.0,100,2.34,1.59050211244656,0.11231957069493075,0.07079985885871361,0.9217260061919506,0.061897565207748174,0.03640617353660832,0.05189697723839886,0.0,0.0,4.95,0.21904291355759026,1.31,0.7745314647572363,3.69,0.7745314647572362,0.0,0.0,2.22,1.4325226742084092,2.21,1.4305116694258861,17.78,1.4325226742084094,5.0,0.0,20.12,1.9242209495341906,4.024,0.3848441899068381,1.006,0.09621104747670953,0.0,0.0
2,469.0,469.0,100,2.34,1.59050211244656,0.11231957069493075,0.07079985885871361,0.9217260061919506,0.061897565207748174,0.03640617353660832,0.05189697723839886,0.0,0.0,4.95,0.21904291355759026,1.31,0.7745314647572363,3.69,0.7745314647572362,0.0,0.0,2.22,1.4325226742084092,2.21,1.4305116694258861,17.78,1.4325226742084094,5.0,0.0,20.12,1.9242209495341906,4.024,0.3848441899068381,1.006,0.09621104747670953,0.0,0.0
2,470.0,470.0,100,2.33,1.5894538799108442,0.11181957069493073,0.07070755953016393,0.9222260061919505,0.06151307232891588,0.03640617353660832,0.05189697723839886,0.0004999999999999999,0.004999999999999998,4.95,0.21904291355759026,1.31,0.7745314647572363,3.69,0.7745314647572362,0.0,0.0,2.21,1.4305116694258861,2.21,1.4305116694258861,17.79,1.4305116694258866,5.0,0.0,20.12,1.9242209495341906,4.024,0.3848441899068381,1.006,0.09621104747670953,0.0,0.0
2,471.0,471.0,100,2.33,1.5894538799108442,0.11181957069493073,0.07070755953016393,0.9222260061919505,0.06151307232891588,0.03640617353660832,0.05189697723839886,0.0,0.0,4.95,0.21904291355759026,1.31,0.7745314647572363,3.69,0.7745314647572362,0.0,0.0,2.21,1.4305116694258861,2.19,1.4403633099487312,17.79,1.4305116694258866,5.0,0.0,20.12,1.9242209495341906,4.024,0.3848441899068381,1.006,0.09621104747670953,0.0,0.0
2,472.0,472.0,100,2.33,1.5894538799108442,0.11181957069493073,0.07070755953016393,0.9222260061919505,0.06151307232891588,0.03640617353660832,0.05189697723839886,0.0,0.0,4.95,0.21904291355759026,1.31,0.7745314647572363,3.69,0.7745314647572362,0.0,0.0,2.21,1.4305116694258861,2.18,1.4311117385029049,17.79,1.4305116694258866,5.0,0.0,20.12,1.9242209495341906,4.024,0.3848441899068381,1.006,0.09621104747670953,0.0,0.0
2,473.0,473.0,100,2.33,1.5894538799108442,0.11181957069493073,0.07070755953016393,0.9222260061919505,0.06151307232891588,0.03640617353660832,0.05189697723839886,0.0,0.0,4.95,0.21904291355759026,1.31,0.7745314647572363,3.69,0.7745314647572362,0.0,0.0,2.21,1.4305116694258861,2.18,1.4311117385029049,17.79,1.4305116694258866,5.0,0.0,20.12,1.9242209495341906,4.024,0.3848441899068381,1.006,0.09621104747670953,0.0,0.0
2,474.0,474.0,100,2.33,1.5894538799108442,0.11181957069493073,0.07070755953016393,0.9222260061919505,0.06151307232891588,0.03640617353660832,0.05189697723839886,0.0,0.0,4.95,0.21904291355759026,1.31,0.7745314647572363,3.69,0.7745314647572362,0.0,0.0,2.21,1.4305116694258861,2.18,1.4311117385029049,17.79,1.4305116694258866,5.0,0.0,20.12,1.9242209495341906,4.024,0.3848441899068381,1.006,0.09621104747670953,0.0,0.0
2,475.0,475.0,100,2.31,1.5807874268505835,0.11088883476419481,0.07034431420829847,0.9232260061919504,0.06155040206389707,0.03640617353660832,0.05189697723839886,0.0009307359307359308,0.006549780211709303,4.95,0.21904291355759026,1.31,0.7745314647572363,3.69,0.7745314647572362,0.0,0.0,2.19,1.4403633099487312,2.18,1.4311117385029049,17.81,1.4403633099487314,5.0,0.0,20.12,1.9242209495341906,4.024,0.3848441899068381,1.006,0.09621104747670953,0.0,0.0
2,476.0,476.0,100,2.31,1.5807874268505835,0.11088883476419481,0.07034431420829847,0.9232260061919504,0.06155040206389707,0.03640617353660832,0.05189697723839886,0.0,0.0,4.95,0.21904291355759026,1.31,0.7745314647572363,3.69,0.7745314647572362,0.0,0.0,2.19,1.4403633099487312,2.16,1.447533604222553,17.81,1.4403633099487314,5.0,0.0,20.12,1.9242209495341906,4.024,0.3848441899068381,1.006,0.09621104747670953,0.0,0.0
2,477.0,477.0,100,2.31,1.5807874268505835,0.11088883476419481,0.07034431420829847,0.9232260061919504,0.06155040206389707,0.03640617353660832,0.05189697723839886,0.0,0.0,4.95,0.21904291355759026,1.31,0.7745314647572363,3.69,0.7745314647572362,0.0,0.0,2.19,1.4403633099487312,2.16,1.447533604222553,17.81,1.4403633099487314,5.0,0.0,20.12,1.9242209495341906,4.024,0.3848441899068381,1.006,0.09621104747670953,0.0,0.0
2,478.0,478.0,100,2.31,1.5807874268505835,0.11088883476419481,0.07034431420829847,0.9232260061919504,0.06155040206389707,0.03640617353660832,0.05189697723839886,0.0,0.0,4.95,0.21904291355759026,1.31,0.7745314647572363,3.69,0.7745314647572362,0.0,0.0,2.19,1.4403633099487312,2.15,1.4381174563233068,17.81,1.4403633099487314,5.0,0.0,20.12,1.9242209495341906,4.024,0.3848441899068381,1.006,0.09621104747670953,0.0,0.0
2,479.0,479.0,100,2.31,1.5807874268505835,0.11088883476419481,0.07034431420829847,0.9232260061919504,0.06155040206389707,0.03640617353660832,0.05189697723839886,0.0,0.0,4.95,0.21904291355759026,1.31,0.7745314647572363,3.69,0.7745314647572362,0.0,0.0,2.19,1.4403633099487312,2.15,1.4381174563233068,17.81,1.4403633099487314,5.0,0.0,20.12,1.9242209495341906,4.024,0.3848441899068381,1.006,0.09621104747670953,0.0,0.0
2,480.0,480.0,100,2.31,1.5807874268505835,0.11088883476419481,0.07034431420829847,0.9232260061919504,0.06155040206389707,0.03640617353660832,0.05189697723839886,0.0,0.0,4.95,0.21904291355759026,1.31,0.7745314647572363,3.69,0.7745314647572362,0.0,0.0,2.19,1.4403633099487312,2.14,1.4356218516761654,17.81,1.4403633099487314,5.0,0.0,20.12,1.9242209495341906,4.024,0.3848441899068381,1.006,0.09621104747670953,0.0,0.0
2,481.0,481.0,100,2.31,1.5807874268505835,0.11088883476419481,0.07034431420829847,0.9232260061919504,0.06155040206389707,0.03640617353660832,0.05189697723839886,0.0,0.0,4.95,0.21904291355759026,1.31,0.7745314647572363,3.69,0.7745314647572362,0.0,0.0,2.19,1.4403633099487312,2.13,1.4188841824589924,17.81,1.4403633099487314,5.0,0.0,20.12,1.9242209495341906,4.024,0.3848441899068381,1.006,0.09621104747670953,0.0,0.0
2,482.0,482.0,100,2.29,1.5718161662885581,0.10986251897472112,0.06971729174653492,0.9242523219814242,0.060248632317709876,0.03640617353660832,0.05189697723839886,0.0010263157894736842,0.007222824856962215,4.96,0.19694638556693236,1.31,0.7745314647572363,3.69,0.7745314647572362,0.0,0.0,2.17,1.4217289232878154,2.12,1.4162120482669835,17.83,1.4217289232878159,5.0,0.0,20.12,1.9242209495341906,4.024,0.3848441899068381,1.006,0.09621104747670953,0.0,0.0
2,483.0,483.0,100,2.28,1.5768527662608982,0.10936251897472113,0.06996758470070247,0.9247523219814241,0.06025280409428145,0.03640617353660832,0.05189697723839886,0.0005,0.004999999999999998,4.96,0.19694638556693236,1.31,0.7745314647572363,3.69,0.7745314647572362,0.0,0.0,2.16,1.4264457489675078,2.12,1.4162120482669835,17.84,1.426445748967507,5.0,0.0,20.12,1.9242209495341906,4.024,0.3848441899068381,1.006,0.09621104747670953,0.0,0.0
2,484.0,484.0,100,2.27,1.5818094740268853,0.10883620318524743,0.07019631360577891,0.9252786377708978,0.060217828310356325,0.03640617353660832,0.05189697723839886,0.000526315789473684,0.0052631578947368385,4.96,0.19694638556693236,1.3,0.7719841941125453,3.7,0.7719841941125453,0.0,0.0,2.15,1.4240006242195884,2.11,1.4205917105490966,17.85,1.4240006242195877,5.0,0.0,20.12,1.9242209495341906,4.024,0.3848441899068381,1.006,0.09621104747670953,0.0,0.0
2,485.0,485.0,100,2.26,1.586687038320966,0.10824796789112978,0.07036799061564127,0.9258668730650155,0.06008142802671349,0.03640617353660832,0.05189697723839886,0.000588235294117647,0.0058823529411764705,4.96,0.19694638556693236,1.3,0.7719841941125453,3.7,0.7719841941125453,0.0,0.0,2.14,1.4071965108690474,2.11,1.4205917105490966,17.86,1.4071965108690467,5.0,0.0,20.12,1.9242209495341906,4.024,0.3848441899068381,1.006,0.09621104747670953,0.0,0.0
2,486.0,486.0,100,2.25,1.5978204852330267,0.1077479678911298,0.07096118963550525,0.9263668730650154,0.06049094882396107,0.03640617353660832,0.05189697723839886,0.0005,0.004999999999999998,4.96,0.19694638556693236,1.29,0.7823172003862641,3.71,0.782317200386264,0.0,0.0,2.13,1.4188841824589924,2.11,1.4205917105490966,17.87,1.4188841824589926,5.0,0.0,20.12,1.9242209495341906,4.024,0.3848441899068381,1.006,0.09621104747670953,0.0,0.0
2,487.0,487.0,100,2.25,1.5978204852330267,0.1077479678911298,0.07096118963550525,0.9263668730650154,0.06049094882396107,0.03640617353660832,0.05189697723839886,0.0,0.0,4.96,0.19694638556693236,1.29,0.7823172003862641,3.71,0.782317200386264,0.0,0.0,2.13,1.4188841824589924,2.1,1.4248870236980298,17.87,1.4188841824589926,5.0,0.0,20.12,1.9242209495341906,4.024,0.3848441899068381,1.006,0.09621104747670953,0.0,0.0
2,488.0,488.0,100,2.24,1.5835007885930301,0.10731318528243414,0.0704136985510761,0.9268668730650154,0.060477447734729184,0.03640617353660832,0.05189697723839886,0.00043478260869565186,0.00434782608695652,4.96,0.19694638556693236,1.29,0.7823172003862641,3.71,0.782317200386264,0.0,0.0,2.12,1.423326591425378,2.09,1.429098748275721,17.88,1.4233265914253779,5.0,0.0,20.12,1.9242209495341906,4.024,0.3848441899068381,1.006,0.09621104747670953,0.0,0.0
2,489.0,489.0,100,2.24,1.5835007885930301,0.10731318528243414,0.0704136985510761,0.9268668730650154,0.060477447734729184,0.03640617353660832,0.05189697723839886,0.0,0.0,4.96,0.19694638556693236,1.29,0.7823172003862641,3.71,0.782317200386264,0.0,0.0,2.12,1.423326591425378,2.08,1.433227621189814,17.88,1.4233265914253779,5.0,0.0,20.12,1.9242209495341906,4.024,0.3848441899068381,1.006,0.09621104747670953,0.0,0.0
2,490.0,490.0,100,2.24,1.5835007885930301,0.10731318528243414,0.0704136985510761,0.9268668730650154,0.060477447734729184,0.03640617353660832,0.05189697723839886,0.0,0.0,4.96,0.19694638556693236,1.29,0.7823172003862641,3.71,0.782317200386264,0.0,0.0,2.12,1.423326591425378,2.08,1.433227621189814,17.88,1.4233265914253779,5.0,0.0,20.12,1.9242209495341906,4.024,0.3848441899068381,1.006,0.09621104747670953,0.0,0.0
2,491.0,491.0,100,2.23,1.5881823674638984,0.10678686949296046,0.07062555837259259,0.9273931888544891,0.0604240002249735,0.03640617353660832,0.05189697723839886,0.000526315789473684,0.005263157894736839,4.96,0.19694638556693236,1.28,0.7795362516758073,3.72,0.7795362516758072,0.0,0.0,2.11,1.4205917105490966,2.07,1.4372743564669814,17.89,1.4205917105490962,5.0,0.0,20.12,1.9242209495341906,4.024,0.3848441899068381,1.006,0.09621104747670953,0.0,0.0
2,492.0,492.0,100,2.23,1.5881823674638984,0.10678686949296046,0.07062555837259259,0.9273931888544891,0.0604240002249735,0.03640617353660832,0.05189697723839886,0.0,0.0,4.96,0.19694638556693236,1.28,0.7795362516758073,3.72,0.7795362516758072,0.0,0.0,2.11,1.4205917105490966,2.08,1.433227621189814,17.89,1.4205917105490962,5.0,0.0,20.12,1.9242209495341906,4.024,0.3848441899068381,1.006,0.09621104747670953,0.0,0.0
2,493.0,493.0,100,2.22,1.5864323738400186,0.10631067901676998,0.07054038272313211,0.9278931888544892,0.06040190324365445,0.03640617353660832,0.05189697723839886,0.00047619047619047586,0.004761904761904758,4.96,0.19694638556693236,1.27,0.7634980634744877,3.73,0.7634980634744878,0.0,0.0,2.1,1.4248870236980298,2.08,1.433227621189814,17.9,1.4248870236980302,5.0,0.0,20.12,1.9242209495341906,4.024,0.3848441899068381,1.006,0.09621104747670953,0.0,0.0
2,494.0,494.0,100,2.22,1.5864323738400186,0.10631067901676998,0.07054038272313211,0.9278931888544892,0.06040190324365445,0.03640617353660832,0.05189697723839886,0.0,0.0,4.96,0.19694638556693236,1.27,0.7634980634744877,3.73,0.7634980634744878,0.0,0.0,2.1,1.4248870236980298,2.08,1.433227621189814,17.9,1.4248870236980302,5.0,0.0,20.12,1.9242209495341906,4.024,0.3848441899068381,1.006,0.09621104747670953,0.0,0.0
2,495.0,495.0,100,2.22,1.5864323738400186,0.10631067901676998,0.07054038272313211,0.9278931888544892,0.06040190324365445,0.03640617353660832,0.05189697723839886,0.0,0.0,4.96,0.19694638556693236,1.27,0.7634980634744877,3.73,0.7634980634744878,0.0,0.0,2.1,1.4248870236980298,2.07,1.4442851505016574,17.9,1.4248870236980302,5.0,0.0,20.12,1.9242209495341906,4.024,0.3848441899068381,1.006,0.09621104747670953,0.0,0.0
2,496.0,496.0,100,2.22,1.5864323738400186,0.10631067901676998,0.07054038272313211,0.9278931888544892,0.06040190324365445,0.03640617353660832,0.05189697723839886,0.0,0.0,4.96,0.19694638556693236,1.27,0.7634980634744877,3.73,0.7634980634744878,0.0,0.0,2.1,1.4248870236980298,2.06,1.4482312444405196,17.9,1.4248870236980302,5.0,0.0,20.12,1.9242209495341906,4.024,0.3848441899068381,1.006,0.09621104747670953,0.0,0.0
2,497.0,497.0,100,2.21,1.597314665748155,0.1057843632272963,0.07113874817761898,0.9284195046439627,0.06080129985514926,0.03640617353660832,0.05189697723839886,0.000526315789473684,0.005263157894736839,4.96,0.19694638556693236,1.26,0.7735527379460552,3.74,0.7735527379460552,0.0,0.0,2.09,1.429098748275721,2.06,1.4482312444405196,17.91,1.429098748275721,5.0,0.0,20.12,1.9242209495341906,4.024,0.3848441899068381,1.006,0.09621104747670953,0.0,0.0
2,498.0,498.0,100,2.2,1.6017667013821226,0.10528436322729628,0.07135519801260014,0.9289195046439629,0.06077081119853786,0.03640617353660832,0.05189697723839886,0.0005,0.005,4.96,0.19694638556693236,1.25,0.7703468981143127,3.75,0.7703468981143127,0.0,0.0,2.08,1.433227621189814,2.05,1.4520970554979644,17.92,1.4332276211898136,5.0,0.0,20.12,1.9242209495341906,4.024,0.3848441899068381,1.006,0.09621104747670953,0.0,0.0
2,499.0,499.0,100,2.2,1.6017667013821226,0.10528436322729628,0.07135519801260014,0.9289195046439629,0.06077081119853786,0.03640617353660832,0.05189697723839886,0.0,0.0,4.96,0.19694638556693236,1.25,0.7703468981143127,3.75,0.7703468981143127,0.0,0.0,2.08,1.433227621189814,2.04,1.4489285487538506,17.92,1.4332276211898136,5.0,0.0,20.12,1.9242209495341906,4.024,0.3848441899068381,1.006,0.09621104747670953,0.0,0.0
2,500.0,500.0,100,2.19,1.5998421639321014,0.10480817275110582,0.0712607533655789,0.9294195046439628,0.06073614963821667,0.03640617353660832,0.05189697723839886,0.00047619047619047586,0.004761904761904759,4.96,0.19694638556693236,1.25,0.7703468981143127,3.75,0.7703468981143127,0.0,0.0,2.07,1.4372743564669814,2.04,1.4489285487538506,17.93,1.437274356466981,5.0,0.0,20.12,1.9242209495341906,4.024,0.3848441899068381,1.006,0.09621104747670953,0.0,0.0
2,501.0,501.0,100,2.19,1.5998421639321014,0.10480817275110582,0.0712607533655789,0.9294195046439628,0.06073614963821667,0.03640617353660832,0.05189697723839886,0.0,0.0,4.96,0.19694638556693236,1.25,0.7703468981143127,3.75,0.7703468981143127,0.0,0.0,2.07,1.4372743564669814,2.04,1.4489285487538506,17.93,1.437274356466981,5.0,0.0,20.12,1.9242209495341906,4.024,0.3848441899068381,1.006,0.09621104747670953,0.0,0.0
2,502.0,502.0,100,2.19,1.5998421639321014,0.10480817275110582,0.0712607533655789,0.9294195046439628,0.06073614963821667,0.03640617353660832,0.05189697723839886,0.0,0.0,4.96,0.19694638556693236,1.25,0.7703468981143127,3.75,0.7703468981143127,0.0,0.0,2.07,1.4372743564669814,2.04,1.4489285487538506,17.93,1.437274356466981,5.0,0.0,20.12,1.9242209495341906,4.024,0.3848441899068381,1.006,0.09621104747670953,0.0,0.0
2,503.0,503.0,100,2.19,1.5998421639321014,0.10480817275110582,0.0712607533655789,0.9294195046439628,0.06073614963821667,0.03640617353660832,0.05189697723839886,0.0,0.0,4.96,0.19694638556693236,1.25,0.7703468981143127,3.75,0.7703468981143127,0.0,0.0,2.07,1.4372743564669814,2.04,1.4489285487538506,17.93,1.437274356466981,5.0,0.0,20.12,1.9242209495341906,4.024,0.3848441899068381,1.006,0.09621104747670953,0.0,0.0
2,504.0,504.0,100,2.17,1.6021135030851203,0.10385362729656036,0.0714085231605873,0.9304195046439628,0.06106919460874502,0.03640617353660832,0.05189697723839886,0.000954545454545454,0.006723244767373873,4.96,0.19694638556693236,1.25,0.7703468981143127,3.75,0.7703468981143127,0.0,0.0,2.05,1.4520970554979644,2.04,1.4489285487538506,17.95,1.452097055497964,5.0,0.0,20.12,1.9242209495341906,4.024,0.3848441899068381,1.006,0.09621104747670953,0.0,0.0
2,505.0,505.0,100,2.17,1.6021135030851203,0.10385362729656036,0.0714085231605873,0.9304195046439628,0.06106919460874502,0.03640617353660832,0.05189697723839886,0.0,0.0,4.96,0.19694638556693236,1.25,0.7703468981143127,3.75,0.7703468981143127,0.0,0.0,2.05,1.4520970554979644,2.04,1.4489285487538506,17.95,1.452097055497964,5.0,0.0,20.12,1.9242209495341906,4.024,0.3848441899068381,1.006,0.09621104747670953,0.0,0.0
2,506.0,506.0,100,2.17,1.6021135030851203,0.10385362729656036,0.0714085231605873,0.9304195046439628,0.06106919460874502,0.03640617353660832,0.05189697723839886,0.0,0.0,4.96,0.19694638556693236,1.25,0.7703468981143127,3.75,0.7703468981143127,0.0,0.0,2.05,1.4520970554979644,2.03,1.431641002345197,17.95,1.452097055497964,5.0,0.0,20.12,1.9242209495341906,4.024,0.3848441899068381,1.006,0.09621104747670953,0.0,0.0
2,507.0,507.0,100,2.17,1.6021135030851203,0.10385362729656036,0.0714085231605873,0.9304195046439628,0.06106919460874502,0.03640617353660832,0.05189697723839886,0.0,0.0,4.96,0.19694638556693236,1.25,0.7703468981143127,3.75,0.7703468981143127,0.0,0.0,2.05,1.4520970554979644,2.01,1.4529315541380812,17.95,1.452097055497964,5.0,0.0,20.12,1.9242209495341906,4.024,0.3848441899068381,1.006,0.09621104747670953,0.0,0.0
2,508.0,508.0,100,2.17,1.6021135030851203,0.10385362729656036,0.0714085231605873,0.9304195046439628,0.06106919460874502,0.03640617353660832,0.05189697723839886,0.0,0.0,4.96,0.19694638556693236,1.25,0.7703468981143127,3.75,0.7703468981143127,0.0,0.0,2.05,1.4520970554979644,2.01,1.4529315541380812,17.95,1.452097055497964,5.0,0.0,20.12,1.9242209495341906,4.024,0.3848441899068381,1.006,0.09621104747670953,0.0,0.0
2,509.0,509.0,100,2.16,1.6,0.10335362729656036,0.07125703251115562,0.9309195046439628,0.060607051630054413,0.03640617353660832,0.05189697723839886,0.0004999999999999999,0.004999999999999998,4.96,0.19694638556693236,1.25,0.7703468981143127,3.75,0.7703468981143127,0.0,0.0,2.04,1.4489285487538506,2.01,1.4529315541380812,17.96,1.4489285487538506,5.0,0.0,20.12,1.9242209495341906,4.024,0.3848441899068381,1.006,0.09621104747670953,0.0,0.0
2,510.0,510.0,100,2.15,1.5658927811380325,0.10291884468786472,0.06986942253780105,0.9314195046439628,0.05929137992069537,0.03640617353660832,0.05189697723839886,0.00043478260869565186,0.00434782608695652,4.96,0.19694638556693236,1.25,0.7703468981143127,3.75,0.7703468981143127,0.0,0.0,2.03,1.431641002345197,2.01,1.4529315541380812,17.97,1.4316410023451966,5.0,0.0,20.12,1.9242209495341906,4.024,0.3848441899068381,1.006,0.09621104747670953,0.0,0.0
2,511.0,511.0,100,2.13,1.5805318117901987,0.10194265421167424,0.07063832677150832,0.9324195046439628,0.06002082169255774,0.03640617353660832,0.05189697723839886,0.0009761904761904761,0.006869842536801752,4.96,0.19694638556693236,1.23,0.7766152928775697,3.77,0.7766152928775695,0.0,0.0,2.01,1.4529315541380812,2.01,1.4529315541380812,17.99,1.4529315541380827,5.0,0.0,20.12,1.9242209495341906,4.024,0.3848441899068381,1.006,0.09621104747670953,0.0,0.0
2,512.0,512.0,100,2.13,1.5805318117901987,0.10194265421167424,0.07063832677150832,0.9324195046439628,0.06002082169255774,0.03640617353660832,0.05189697723839886,0.0,0.0,4.96,0.19694638556693236,1.23,0.7766152928775697,3.77,0.7766152928775695,0.0,0.0,2.01,1.4529315541380812,2.0,1.4425006345953821,17.99,1.4529315541380827,5.0,0.0,20.12,1.9242209495341906,4.024,0.3848441899068381,1.006,0.09621104747670953,0.0,0.0
2,513.0,513.0,100,2.13,1.5805318117901987,0.10194265421167424,0.07063832677150832,0.9324195046439628,0.06002082169255774,0.03640617353660832,0.05189697723839886,0.0,0.0,4.96,0.19694638556693236,1.23,0.7766152928775697,3.77,0.7766152928775695,0.0,0.0,2.01,1.4529315541380812,2.0,1.4425006345953821,17.99,1.4529315541380827,5.0,0.0,20.12,1.9242209495341906,4.024,0.3848441899068381,1.006,0.09621104747670953,0.0,0.0
2,514.0,514.0,100,2.13,1.5805318117901987,0.10194265421167424,0.07063832677150832,0.9324195046439628,0.06002082169255774,0.03640617353660832,0.05189697723839886,0.0,0.0,4.96,0.19694638556693236,1.23,0.7766152928775697,3.77,0.7766152928775695,0.0,0.0,2.01,1.4529315541380812,2.0,1.4425006345953821,17.99,1.4529315541380827,5.0,0.0,20.12,1.9242209495341906,4.024,0.3848441899068381,1.006,0.09621104747670953,0.0,0.0
2,515.0,515.0,100,2.13,1.5805318117901987,0.10194265421167424,0.07063832677150832,0.9324195046439628,0.06002082169255774,0.03640617353660832,0.05189697723839886,0.0,0.0,4.96,0.19694638556693236,1.23,0.7766152928775697,3.77,0.7766152928775695,0.0,0.0,2.01,1.4529315541380812,2.0,1.4425006345953821,17.99,1.4529315541380827,5.0,0.0,20.12,1.9242209495341906,4.024,0.3848441899068381,1.006,0.09621104747670953,0.0,0.0
2,516.0,516.0,100,2.12,1.5781334070683157,0.10141633842220056,0.07041294051907682,0.9329458204334365,0.05944890214328176,0.03640617353660832,0.05189697723839886,0.0005263157894736841,0.005263157894736841,4.96,0.19694638556693236,1.23,0.7766152928775697,3.77,0.7766152928775695,0.0,0.0,2.0,1.4425006345953821,2.0,1.4425006345953821,18.0,1.4425006345953832,5.0,0.0,20.12,1.9242209495341906,4.024,0.3848441899068381,1.006,0.09621104747670953,0.0,0.0
2,517.0,517.0,100,2.12,1.5781334070683157,0.10141633842220056,0.07041294051907682,0.9329458204334365,0.05944890214328176,0.03640617353660832,0.05189697723839886,0.0,0.0,4.96,0.19694638556693236,1.23,0.7766152928775697,3.77,0.7766152928775695,0.0,0.0,2.0,1.4425006345953821,1.99,1.4459626830620769,18.0,1.4425006345953832,5.0,0.0,20.12,1.9242209495341906,4.024,0.3848441899068381,1.006,0.09621104747670953,0.0,0.0
2,518.0,518.0,100,2.12,1.5781334070683157,0.10141633842220056,0.07041294051907682,0.9329458204334365,0.05944890214328176,0.03640617353660832,0.05189697723839886,0.0,0.0,4.96,0.19694638556693236,1.23,0.7766152928775697,3.77,0.7766152928775695,0.0,0.0,2.0,1.4425006345953821,1.96,1.4349180809335071,18.0,1.4425006345953832,5.0,0.0,20.12,1.9242209495341906,4.024,0.3848441899068381,1.006,0.09621104747670953,0.0,0.0
2,519.0,519.0,100,2.12,1.5781334070683157,0.10141633842220056,0.07041294051907682,0.9329458204334365,0.05944890214328176,0.03640617353660832,0.05189697723839886,0.0,0.0,4.96,0.19694638556693236,1.23,0.7766152928775697,3.77,0.7766152928775695,0.0,0.0,2.0,1.4425006345953821,1.95,1.4451241601965688,18.0,1.4425006345953832,5.0,0.0,20.12,1.9242209495341906,4.024,0.3848441899068381,1.006,0.09621104747670953,0.0,0.0
2,520.0,520.0,100,2.12,1.5781334070683157,0.10141633842220056,0.07041294051907682,0.9329458204334365,0.05944890214328176,0.03640617353660832,0.05189697723839886,0.0,0.0,4.96,0.19694638556693236,1.23,0.7766152928775697,3.77,0.7766152928775695,0.0,0.0,2.0,1.4425006345953821,1.95,1.4451241601965688,18.0,1.4425006345953832,5.0,0.0,20.12,1.9242209495341906,4.024,0.3848441899068381,1.006,0.09621104747670953,0.0,0.0
2,521.0,521.0,100,2.12,1.5781334070683157,0.10141633842220056,0.07041294051907682,0.9329458204334365,0.05944890214328176,0.03640617353660832,0.05189697723839886,0.0,0.0,4.96,0.19694638556693236,1.23,0.7766152928775697,3.77,0.7766152928775695,0.0,0.0,2.0,1.4425006345953821,1.95,1.4451241601965688,18.0,1.4425006345953832,5.0,0.0,20.12,1.9242209495341906,4.024,0.3848441899068381,1.006,0.09621104747670953,0.0,0.0
2,522.0,522.0,100,2.1,1.585922922197518,0.10039002263272687,0.07076363367449351,0.9339721362229102,0.05926581070797936,0.03640617353660832,0.05189697723839886,0.001026315789473684,0.007222824856962217,4.96,0.19694638556693236,1.22,0.7730302436358862,3.78,0.7730302436358861,0.0,0.0,1.98,1.4423605791909457,1.95,1.4451241601965688,18.02,1.4423605791909453,5.0,0.0,20.12,1.9242209495341906,4.024,0.3848441899068381,1.006,0.09621104747670953,0.0,0.0
2,523.0,523.0,100,2.1,1.585922922197518,0.10039002263272687,0.07076363367449351,0.9339721362229102,0.05926581070797936,0.03640617353660832,0.05189697723839886,0.0,0.0,4.96,0.19694638556693236,1.22,0.7730302436358862,3.78,0.7730302436358861,0.0,0.0,1.98,1.4423605791909457,1.94,1.44823124444052,18.02,1.4423605791909453,5.0,0.0,20.12,1.9242209495341906,4.024,0.3848441899068381,1.006,0.09621104747670953,0.0,0.0
2,524.0,524.0,100,2.1,1.585922922197518,0.10039002263272687,0.07076363367449351,0.9339721362229102,0.05926581070797936,0.03640617353660832,0.05189697723839886,0.0,0.0,4.96,0.19694638556693236,1.22,0.7730302436358862,3.78,0.7730302436358861,0.0,0.0,1.98,1.4423605791909457,1.92,1.4472544539732652,18.02,1.4423605791909453,5.0,0.0,20.12,1.9242209495341906,4.024,0.3848441899068381,1.006,0.09621104747670953,0.0,0.0
2,525.0,525.0,100,2.1,1.585922922197518,0.10039002263272687,0.07076363367449351,0.9339721362229102,0.05926581070797936,0.03640617353660832,0.05189697723839886,0.0,0.0,4.96,0.19694638556693236,1.22,0.7730302436358862,3.78,0.7730302436358861,0.0,0.0,1.98,1.4423605791909457,1.91,1.4431657121506427,18.02,1.4423605791909453,5.0,0.0,20.12,1.9242209495341906,4.024,0.3848441899068381,1.006,0.09621104747670953,0.0,0.0
2,526.0,526.0,100,2.1,1.585922922197518,0.10039002263272687,0.07076363367449351,0.9339721362229102,0.05926581070797936,0.03640617353660832,0.05189697723839886,0.0,0.0,4.96,0.19694638556693236,1.22,0.7730302436358862,3.78,0.7730302436358861,0.0,0.0,1.98,1.4423605791909457,1.91,1.4431657121506427,18.02,1.4423605791909453,5.0,0.0,20.12,1.9242209495341906,4.024,0.3848441899068381,1.006,0.09621104747670953,0.0,0.0
2,527.0,527.0,100,2.07,1.5651185129554759,0.09895928670199095,0.06976818339514272,0.9354721362229103,0.058154666184293664,0.03640617353660832,0.05189697723839886,0.0014307359307359309,0.008182877459544722,4.96,0.19694638556693236,1.2,0.7654139963827326,3.8,0.7654139963827328,0.0,0.0,1.95,1.4381174563233068,1.91,1.4431657121506427,18.05,1.4381174563233068,5.0,0.0,20.12,1.9242209495341906,4.024,0.3848441899068381,1.006,0.09621104747670953,0.0,0.0
2,528.0,528.0,100,2.05,1.539874060178988,0.09804262003532427,0.06866886213974446,0.9364721362229101,0.05752646535932939,0.03640617353660832,0.05189697723839886,0.000916666666666667,0.006476128140350199,4.96,0.19694638556693236,1.19,0.7479939501726932,3.81,0.7479939501726934,0.0,0.0,1.93,1.4372743564669814,1.91,1.4148919364810837,18.07,1.4372743564669817,5.0,0.0,20.12,1.9242209495341906,4.024,0.3848441899068381,1.006,0.09621104747670953,0.0,0.0
2,529.0,529.0,100,2.05,1.539874060178988,0.09804262003532427,0.06866886213974446,0.9364721362229101,0.05752646535932939,0.03640617353660832,0.05189697723839886,0.0,0.0,4.96,0.19694638556693236,1.19,0.7479939501726932,3.81,0.7479939501726934,0.0,0.0,1.93,1.4372743564669814,1.91,1.4148919364810837,18.07,1.4372743564669817,5.0,0.0,20.12,1.9242209495341906,4.024,0.3848441899068381,1.006,0.09621104747670953,0.0,0.0
2,530.0,530.0,100,2.05,1.539874060178988,0.09804262003532427,0.06866886213974446,0.9364721362229101,0.05752646535932939,0.03640617353660832,0.05189697723839886,0.0,0.0,4.96,0.19694638556693236,1.19,0.7479939501726932,3.81,0.7479939501726934,0.0,0.0,1.93,1.4372743564669814,1.9,1.417780310944192,18.07,1.4372743564669817,5.0,0.0,20.12,1.9242209495341906,4.024,0.3848441899068381,1.006,0.09621104747670953,0.0,0.0
2,531.0,531.0,100,2.05,1.539874060178988,0.09804262003532427,0.06866886213974446,0.9364721362229101,0.05752646535932939,0.03640617353660832,0.05189697723839886,0.0,0.0,4.96,0.19694638556693236,1.19,0.7479939501726932,3.81,0.7479939501726934,0.0,0.0,1.93,1.4372743564669814,1.9,1.417780310944192,18.07,1.4372743564669817,5.0,0.0,20.12,1.9242209495341906,4.024,0.3848441899068381,1.006,0.09621104747670953,0.0,0.0
2,532.0,532.0,100,2.05,1.539874060178988,0.09804262003532427,0.06866886213974446,0.9364721362229101,0.05752646535932939,0.03640617353660832,0.05189697723839886,0.0,0.0,4.96,0.19694638556693236,1.19,0.7479939501726932,3.81,0.7479939501726934,0.0,0.0,1.93,1.4372743564669814,1.9,1.417780310944192,18.07,1.4372743564669817,5.0,0.0,20.12,1.9242209495341906,4.024,0.3848441899068381,1.006,0.09621104747670953,0.0,0.0
2,533.0,533.0,100,2.04,1.5368865286741904,0.09748706447976872,0.06833196684624544,0.9370276917784658,0.05678381972067122,0.03640617353660832,0.05189697723839886,0.000555555555555555,0.00555555555555555,4.96,0.19694638556693236,1.19,0.7479939501726932,3.81,0.7479939501726934,0.0,0.0,1.92,1.4190621458334283,1.89,1.4276844288157058,18.08,1.419062145833428,5.0,0.0,20.12,1.9242209495341906,4.024,0.3848441899068381,1.006,0.09621104747670953,0.0,0.0
2,534.0,534.0,100,2.03,1.533827324905337,0.09698706447976871,0.06812645832467756,0.9375276917784657,0.05622717690492295,0.03640617353660832,0.05189697723839886,0.0004999999999999999,0.004999999999999998,4.96,0.19694638556693236,1.19,0.7479939501726932,3.81,0.7479939501726934,0.0,0.0,1.91,1.4148919364810837,1.87,1.4259853938362566,18.09,1.414891936481084,5.0,0.0,20.12,1.9242209495341906,4.024,0.3848441899068381,1.006,0.09621104747670953,0.0,0.0
2,535.0,535.0,100,2.03,1.533827324905337,0.09698706447976871,0.06812645832467756,0.9375276917784657,0.05622717690492295,0.03640617353660832,0.05189697723839886,0.0,0.0,4.96,0.19694638556693236,1.19,0.7479939501726932,3.81,0.7479939501726934,0.0,0.0,1.91,1.4148919364810837,1.87,1.4259853938362566,18.09,1.414891936481084,5.0,0.0,20.12,1.9242209495341906,4.024,0.3848441899068381,1.006,0.09621104747670953,0.0,0.0
2,536.0,536.0,100,2.03,1.533827324905337,0.09698706447976871,0.06812645832467756,0.9375276917784657,0.05622717690492295,0.03640617353660832,0.05189697723839886,0.0,0.0,4.96,0.19694638556693236,1.19,0.7479939501726932,3.81,0.7479939501726934,0.0,0.0,1.91,1.4148919364810837,1.87,1.4259853938362566,18.09,1.414891936481084,5.0,0.0,20.12,1.9242209495341906,4.024,0.3848441899068381,1.006,0.09621104747670953,0.0,0.0
2,537.0,537.0,100,2.03,1.533827324905337,0.09698706447976871,0.06812645832467756,0.9375276917784657,0.05622717690492295,0.03640617353660832,0.05189697723839886,0.0,0.0,4.96,0.19694638556693236,1.19,0.7479939501726932,3.81,0.7479939501726934,0.0,0.0,1.91,1.4148919364810837,1.87,1.4259853938362566,18.09,1.414891936481084,5.0,0.0,20.12,1.9242209495341906,4.024,0.3848441899068381,1.006,0.09621104747670953,0.0,0.0
2,538.0,538.0,100,2.01,1.520864985141779,0.09602596608159938,0.06775376060674228,0.9385540075679394,0.05599746518443442,0.03640617353660832,0.05189697723839886,0.0009610983981693369,0.006792800152775159,4.96,0.19694638556693236,1.18,0.7571877794400365,3.82,0.7571877794400365,0.0,0.0,1.89,1.4134634016764591,1.86,1.4285685425656274,18.11,1.4134634016764593,5.0,0.0,20.12,1.9242209495341906,4.024,0.3848441899068381,1.006,0.09621104747670953,0.0,0.0
2,539.0,539.0,100,2.01,1.520864985141779,0.09602596608159938,0.06775376060674228,0.9385540075679394,0.05599746518443442,0.03640617353660832,0.05189697723839886,0.0,0.0,4.96,0.19694638556693236,1.18,0.7571877794400365,3.82,0.7571877794400365,0.0,0.0,1.89,1.4134634016764591,1.86,1.4285685425656274,18.11,1.4134634016764593,5.0,0.0,20.12,1.9242209495341906,4.024,0.3848441899068381,1.006,0.09621104747670953,0.0,0.0
2,540.0,540.0,100,2.01,1.520864985141779,0.09602596608159938,0.06775376060674228,0.9385540075679394,0.05599746518443442,0.03640617353660832,0.05189697723839886,0.0,0.0,4.96,0.19694638556693236,1.18,0.7571877794400365,3.82,0.7571877794400365,0.0,0.0,1.89,1.4134634016764591,1.86,1.4285685425656274,18.11,1.4134634016764593,5.0,0.0,20.12,1.9242209495341906,4.024,0.3848441899068381,1.006,0.09621104747670953,0.0,0.0
2,541.0,541.0,100,2.01,1.520864985141779,0.09602596608159938,0.06775376060674228,0.9385540075679394,0.05599746518443442,0.03640617353660832,0.05189697723839886,0.0,0.0,4.96,0.19694638556693236,1.18,0.7571877794400365,3.82,0.7571877794400365,0.0,0.0,1.89,1.4134634016764591,1.86,1.4285685425656274,18.11,1.4134634016764593,5.0,0.0,20.12,1.9242209495341906,4.024,0.3848441899068381,1.006,0.09621104747670953,0.0,0.0
2,542.0,542.0,100,2.0,1.5242153139344596,0.09552596608159938,0.06790845235079791,0.9390540075679393,0.055872825819839544,0.03640617353660832,0.05189697723839886,0.0005,0.005,4.96,0.19694638556693236,1.18,0.7571877794400365,3.82,0.7571877794400365,0.0,0.0,1.88,1.4162120482669842,1.86,1.4285685425656274,18.12,1.4162120482669835,5.0,0.0,20.12,1.9242209495341906,4.024,0.3848441899068381,1.006,0.09621104747670953,0.0,0.0
2,543.0,543.0,100,1.99,1.5142087976327052,0.09509118347290374,0.06753969428778277,0.9395540075679395,0.056194565779141954,0.03640617353660832,0.05189697723839886,0.00043478260869565214,0.004347826086956523,4.96,0.19694638556693236,1.18,0.7571877794400365,3.82,0.7571877794400365,0.0,0.0,1.87,1.4259853938362566,1.85,1.4240006242195888,18.13,1.425985393836256,5.0,0.0,20.12,1.9242209495341906,4.024,0.3848441899068381,1.006,0.09621104747670953,0.0,0.0
2,544.0,544.0,100,1.98,1.5174406949288868,0.09459118347290373,0.0676879007205478,0.9400540075679394,0.056061356388410664,0.03640617353660832,0.05189697723839886,0.0005,0.005,4.96,0.19694638556693236,1.17,0.7528397417562896,3.83,0.7528397417562896,0.0,0.0,1.86,1.4285685425656274,1.85,1.4240006242195888,18.14,1.428568542565627,5.0,0.0,20.12,1.9242209495341906,4.024,0.3848441899068381,1.006,0.09621104747670953,0.0,0.0
2,545.0,545.0,100,1.98,1.5174406949288868,0.09459118347290373,0.0676879007205478,0.9400540075679394,0.056061356388410664,0.03640617353660832,0.05189697723839886,0.0,0.0,4.96,0.19694638556693236,1.17,0.7528397417562896,3.83,0.7528397417562896,0.0,0.0,1.86,1.4285685425656274,1.84,1.4193468408199088,18.14,1.428568542565627,5.0,0.0,20.12,1.9242209495341906,4.024,0.3848441899068381,1.006,0.09621104747670953,0.0,0.0
2,546.0,546.0,100,1.98,1.5174406949288868,0.09459118347290373,0.0676879007205478,0.9400540075679394,0.056061356388410664,0.03640617353660832,0.05189697723839886,0.0,0.0,4.96,0.19694638556693236,1.17,0.7528397417562896,3.83,0.7528397417562896,0.0,0.0,1.86,1.4285685425656274,1.84,1.4193468408199088,18.14,1.428568542565627,5.0,0.0,20.12,1.9242209495341906,4.024,0.3848441899068381,1.006,0.09621104747670953,0.0,0.0
2,547.0,547.0,100,1.97,1.527227632811901,0.09403562791734817,0.0682372854947782,0.9406095631234951,0.05637967201235912,0.03640617353660832,0.05189697723839886,0.000555555555555555,0.00555555555555555,4.96,0.19694638556693236,1.16,0.761709931799514,3.84,0.761709931799514,0.0,0.0,1.85,1.4240006242195888,1.84,1.4193468408199088,18.15,1.4240006242195888,5.0,0.0,20.12,1.9242209495341906,4.024,0.3848441899068381,1.006,0.09621104747670953,0.0,0.0
2,548.0,548.0,100,1.97,1.527227632811901,0.09403562791734817,0.0682372854947782,0.9406095631234951,0.05637967201235912,0.03640617353660832,0.05189697723839886,0.0,0.0,4.96,0.19694638556693236,1.16,0.761709931799514,3.84,0.761709931799514,0.0,0.0,1.85,1.4240006242195888,1.84,1.4193468408199088,18.15,1.4240006242195888,5.0,0.0,20.12,1.9242209495341906,4.024,0.3848441899068381,1.006,0.09621104747670953,0.0,0.0
2,549.0,549.0,100,1.97,1.527227632811901,0.09403562791734817,0.0682372854947782,0.9406095631234951,0.05637967201235912,0.03640617353660832,0.05189697723839886,0.0,0.0,4.96,0.19694638556693236,1.16,0.761709931799514,3.84,0.761709931799514,0.0,0.0,1.85,1.4240006242195888,1.84,1.4193468408199088,18.15,1.4240006242195888,5.0,0.0,20.12,1.9242209495341906,4.024,0.3848441899068381,1.006,0.09621104747670953,0.0,0.0
2,550.0,550.0,100,1.97,1.527227632811901,0.09403562791734817,0.0682372854947782,0.9406095631234951,0.05637967201235912,0.03640617353660832,0.05189697723839886,0.0,0.0,4.96,0.19694638556693236,1.16,0.761709931799514,3.84,0.761709931799514,0.0,0.0,1.85,1.4240006242195888,1.84,1.4193468408199088,18.15,1.4240006242195888,5.0,0.0,20.12,1.9242209495341906,4.024,0.3848441899068381,1.006,0.09621104747670953,0.0,0.0
2,551.0,551.0,100,1.97,1.527227632811901,0.09403562791734817,0.0682372854947782,0.9406095631234951,0.05637967201235912,0.03640617353660832,0.05189697723839886,0.0,0.0,4.96,0.19694638556693236,1.16,0.761709931799514,3.84,0.761709931799514,0.0,0.0,1.85,1.4240006242195888,1.84,1.4193468408199088,18.15,1.4240006242195888,5.0,0.0,20.12,1.9242209495341906,4.024,0.3848441899068381,1.006,0.09621104747670953,0.0,0.0
2,552.0,552.0,100,1.97,1.527227632811901,0.09403562791734817,0.0682372854947782,0.9406095631234951,0.05637967201235912,0.03640617353660832,0.05189697723839886,0.0,0.0,4.96,0.19694638556693236,1.16,0.761709931799514,3.84,0.761709931799514,0.0,0.0,1.85,1.4240006242195888,1.84,1.4193468408199088,18.15,1.4240006242195888,5.0,0.0,20.12,1.9242209495341906,4.024,0.3848441899068381,1.006,0.09621104747670953,0.0,0.0
2,553.0,553.0,100,1.97,1.527227632811901,0.09403562791734817,0.0682372854947782,0.9406095631234951,0.05637967201235912,0.03640617353660832,0.05189697723839886,0.0,0.0,4.96,0.19694638556693236,1.16,0.761709931799514,3.84,0.761709931799514,0.0,0.0,1.85,1.4240006242195888,1.84,1.4193468408199088,18.15,1.4240006242195888,5.0,0.0,20.12,1.9242209495341906,4.024,0.3848441899068381,1.006,0.09621104747670953,0.0,0.0
2,554.0,554.0,100,1.96,1.5236850598519898,0.09353562791734817,0.06800586344518765,0.941109563123495,0.05578658086838932,0.03640617353660832,0.05189697723839886,0.0004999999999999999,0.0049999999999999975,4.96,0.19694638556693236,1.15,0.7571210756756962,3.85,0.7571210756756963,0.0,0.0,1.84,1.4193468408199088,1.84,1.4193468408199088,18.16,1.4193468408199086,5.0,0.0,20.12,1.9242209495341906,4.024,0.3848441899068381,1.006,0.09621104747670953,0.0,0.0
2,555.0,555.0,100,1.96,1.5236850598519898,0.09353562791734817,0.06800586344518765,0.941109563123495,0.05578658086838932,0.03640617353660832,0.05189697723839886,0.0,0.0,4.96,0.19694638556693236,1.15,0.7571210756756962,3.85,0.7571210756756963,0.0,0.0,1.84,1.4193468408199088,1.84,1.4193468408199088,18.16,1.4193468408199086,5.0,0.0,20.12,1.9242209495341906,4.024,0.3848441899068381,1.006,0.09621104747670953,0.0,0.0
2,556.0,556.0,100,1.96,1.5236850598519898,0.09353562791734817,0.06800586344518765,0.941109563123495,0.05578658086838932,0.03640617353660832,0.05189697723839886,0.0,0.0,4.96,0.19694638556693236,1.15,0.7571210756756962,3.85,0.7571210756756963,0.0,0.0,1.84,1.4193468408199088,1.83,1.4288159963813225,18.16,1.4193468408199086,5.0,0.0,20.12,1.9242209495341906,4.024,0.3848441899068381,1.006,0.09621104747670953,0.0,0.0
2,557.0,557.0,100,1.96,1.5236850598519898,0.09353562791734817,0.06800586344518765,0.941109563123495,0.05578658086838932,0.03640617353660832,0.05189697723839886,0.0,0.0,4.96,0.19694638556693236,1.15,0.7571210756756962,3.85,0.7571210756756963,0.0,0.0,1.84,1.4193468408199088,1.83,1.4288159963813225,18.16,1.4193468408199086,5.0,0.0,20.12,1.9242209495341906,4.024,0.3848441899068381,1.006,0.09621104747670953,0.0,0.0
2,558.0,558.0,100,1.96,1.5236850598519898,0.09353562791734817,0.06800586344518765,0.941109563123495,0.05578658086838932,0.03640617353660832,0.05189697723839886,0.0,0.0,4.96,0.19694638556693236,1.15,0.7571210756756962,3.85,0.7571210756756963,0.0,0.0,1.84,1.4193468408199088,1.83,1.4288159963813225,18.16,1.4193468408199086,5.0,0.0,20.12,1.9242209495341906,4.024,0.3848441899068381,1.006,0.09621104747670953,0.0,0.0
2,559.0,559.0,100,1.96,1.5236850598519898,0.09353562791734817,0.06800586344518765,0.941109563123495,0.05578658086838932,0.03640617353660832,0.05189697723839886,0.0,0.0,4.96,0.19694638556693236,1.15,0.7571210756756962,3.85,0.7571210756756963,0.0,0.0,1.84,1.4193468408199088,1.82,1.4025949975929357,18.16,1.4193468408199086,5.0,0.0,20.12,1.9242209495341906,4.024,0.3848441899068381,1.006,0.09621104747670953,0.0,0.0
2,560.0,560.0,100,1.95,1.5266984249707207,0.09305943744115769,0.06816036549701467,0.941609563123495,0.05609030971794092,0.03640617353660832,0.05189697723839886,0.00047619047619047603,0.004761904761904759,4.96,0.19694638556693236,1.14,0.7523699927965003,3.86,0.7523699927965002,0.0,0.0,1.83,1.4288159963813225,1.82,1.4025949975929357,18.17,1.428815996381323,5.0,0.0,20.12,1.9242209495341906,4.024,0.3848441899068381,1.006,0.09621104747670953,0.0,0.0
2,561.0,561.0,100,1.95,1.5266984249707207,0.09305943744115769,0.06816036549701467,0.941609563123495,0.05609030971794092,0.03640617353660832,0.05189697723839886,0.0,0.0,4.96,0.19694638556693236,1.14,0.7523699927965003,3.86,0.7523699927965002,0.0,0.0,1.83,1.4288159963813225,1.82,1.4025949975929357,18.17,1.428815996381323,5.0,0.0,20.12,1.9242209495341906,4.024,0.3848441899068381,1.006,0.09621104747670953,0.0,0.0
2,562.0,562.0,100,1.95,1.5266984249707207,0.09305943744115769,0.06816036549701467,0.941609563123495,0.05609030971794092,0.03640617353660832,0.05189697723839886,0.0,0.0,4.96,0.19694638556693236,1.14,0.7523699927965003,3.86,0.7523699927965002,0.0,0.0,1.83,1.4288159963813225,1.82,1.4025949975929357,18.17,1.428815996381323,5.0,0.0,20.12,1.9242209495341906,4.024,0.3848441899068381,1.006,0.09621104747670953,0.0,0.0
2,563.0,563.0,100,1.95,1.5266984249707207,0.09305943744115769,0.06816036549701467,0.941609563123495,0.05609030971794092,0.03640617353660832,0.05189697723839886,0.0,0.0,4.96,0.19694638556693236,1.14,0.7523699927965003,3.86,0.7523699927965002,0.0,0.0,1.83,1.4288159963813225,1.82,1.4025949975929357,18.17,1.428815996381323,5.0,0.0,20.12,1.9242209495341906,4.024,0.3848441899068381,1.006,0.09621104747670953,0.0,0.0
2,564.0,564.0,100,1.95,1.5266984249707207,0.09305943744115769,0.06816036549701467,0.941609563123495,0.05609030971794092,0.03640617353660832,0.05189697723839886,0.0,0.0,4.96,0.19694638556693236,1.14,0.7523699927965003,3.86,0.7523699927965002,0.0,0.0,1.83,1.4288159963813225,1.82,1.4025949975929357,18.17,1.428815996381323,5.0,0.0,20.12,1.9242209495341906,4.024,0.3848441899068381,1.006,0.09621104747670953,0.0,0.0
2,565.0,565.0,100,1.95,1.5266984249707207,0.09305943744115769,0.06816036549701467,0.941609563123495,0.05609030971794092,0.03640617353660832,0.05189697723839886,0.0,0.0,4.96,0.19694638556693236,1.14,0.7523699927965003,3.86,0.7523699927965002,0.0,0.0,1.83,1.4288159963813225,1.8,1.4213381090374029,18.17,1.428815996381323,5.0,0.0,20.12,1.9242209495341906,4.024,0.3848441899068381,1.006,0.09621104747670953,0.0,0.0
2,566.0,566.0,100,1.95,1.5266984249707207,0.09305943744115769,0.06816036549701467,0.941609563123495,0.05609030971794092,0.03640617353660832,0.05189697723839886,0.0,0.0,4.96,0.19694638556693236,1.14,0.7523699927965003,3.86,0.7523699927965002,0.0,0.0,1.83,1.4288159963813225,1.8,1.4213381090374029,18.17,1.428815996381323,5.0,0.0,20.12,1.9242209495341906,4.024,0.3848441899068381,1.006,0.09621104747670953,0.0,0.0
2,567.0,567.0,100,1.95,1.5266984249707207,0.09305943744115769,0.06816036549701467,0.941609563123495,0.05609030971794092,0.03640617353660832,0.05189697723839886,0.0,0.0,4.96,0.19694638556693236,1.14,0.7523699927965003,3.86,0.7523699927965002,0.0,0.0,1.83,1.4288159963813225,1.8,1.4213381090374029,18.17,1.428815996381323,5.0,0.0,20.12,1.9242209495341906,4.024,0.3848441899068381,1.006,0.09621104747670953,0.0,0.0
2,568.0,568.0,100,1.95,1.5266984249707207,0.09305943744115769,0.06816036549701467,0.941609563123495,0.05609030971794092,0.03640617353660832,0.05189697723839886,0.0,0.0,4.96,0.19694638556693236,1.14,0.7523699927965003,3.86,0.7523699927965002,0.0,0.0,1.83,1.4288159963813225,1.8,1.4213381090374029,18.17,1.428815996381323,5.0,0.0,20.12,1.9242209495341906,4.024,0.3848441899068381,1.006,0.09621104747670953,0.0,0.0
2,569.0,569.0,100,1.92,1.5220931892521152,0.09154933643105669,0.06767271057123593,0.9431651186790505,0.05530312809169034,0.03640617353660832,0.05189697723839886,0.0015101010101010101,0.00865995949642647,4.97,0.1714466079977653,1.13,0.7608474807008886,3.87,0.7608474807008885,0.0,0.0,1.8,1.4213381090374029,1.8,1.4213381090374029,18.2,1.4213381090374033,5.0,0.0,20.12,1.9242209495341906,4.024,0.3848441899068381,1.006,0.09621104747670953,0.0,0.0
2,570.0,570.0,100,1.92,1.5220931892521152,0.09154933643105669,0.06767271057123593,0.9431651186790505,0.05530312809169034,0.03640617353660832,0.05189697723839886,0.0,0.0,4.97,0.1714466079977653,1.13,0.7608474807008886,3.87,0.7608474807008885,0.0,0.0,1.8,1.4213381090374029,1.8,1.4213381090374029,18.2,1.4213381090374033,5.0,0.0,20.12,1.9242209495341906,4.024,0.3848441899068381,1.006,0.09621104747670953,0.0,0.0
2,571.0,571.0,100,1.92,1.5220931892521152,0.09154933643105669,0.06767271057123593,0.9431651186790505,0.05530312809169034,0.03640617353660832,0.05189697723839886,0.0,0.0,4.97,0.1714466079977653,1.13,0.7608474807008886,3.87,0.7608474807008885,0.0,0.0,1.8,1.4213381090374029,1.8,1.4213381090374029,18.2,1.4213381090374033,5.0,0.0,20.12,1.9242209495341906,4.024,0.3848441899068381,1.006,0.09621104747670953,0.0,0.0
2,572.0,572.0,100,1.92,1.5220931892521152,0.09154933643105669,0.06767271057123593,0.9431651186790505,0.05530312809169034,0.03640617353660832,0.05189697723839886,0.0,0.0,4.97,0.1714466079977653,1.13,0.7608474807008886,3.87,0.7608474807008885,0.0,0.0,1.8,1.4213381090374029,1.79,1.4091691082895537,18.2,1.4213381090374033,5.0,0.0,20.12,1.9242209495341906,4.024,0.3848441899068381,1.006,0.09621104747670953,0.0,0.0
2,573.0,573.0,100,1.92,1.5220931892521152,0.09154933643105669,0.06767271057123593,0.9431651186790505,0.05530312809169034,0.03640617353660832,0.05189697723839886,0.0,0.0,4.97,0.1714466079977653,1.13,0.7608474807008886,3.87,0.7608474807008885,0.0,0.0,1.8,1.4213381090374029,1.79,1.4091691082895537,18.2,1.4213381090374033,5.0,0.0,20.12,1.9242209495341906,4.024,0.3848441899068381,1.006,0.09621104747670953,0.0,0.0
2,574.0,574.0,100,1.92,1.5220931892521152,0.09154933643105669,0.06767271057123593,0.9431651186790505,0.05530312809169034,0.03640617353660832,0.05189697723839886,0.0,0.0,4.97,0.1714466079977653,1.13,0.7608474807008886,3.87,0.7608474807008885,0.0,0.0,1.8,1.4213381090374029,1.78,1.4183501583590605,18.2,1.4213381090374033,5.0,0.0,20.12,1.9242209495341906,4.024,0.3848441899068381,1.006,0.09621104747670953,0.0,0.0
2,575.0,575.0,100,1.92,1.5220931892521152,0.09154933643105669,0.06767271057123593,0.9431651186790505,0.05530312809169034,0.03640617353660832,0.05189697723839886,0.0,0.0,4.97,0.1714466079977653,1.13,0.7608474807008886,3.87,0.7608474807008885,0.0,0.0,1.8,1.4213381090374029,1.78,1.4183501583590605,18.2,1.4213381090374033,5.0,0.0,20.12,1.9242209495341906,4.024,0.3848441899068381,1.006,0.09621104747670953,0.0,0.0
2,576.0,576.0,100,1.92,1.5220931892521152,0.09154933643105669,0.06767271057123593,0.9431651186790505,0.05530312809169034,0.03640617353660832,0.05189697723839886,0.0,0.0,4.97,0.1714466079977653,1.13,0.7608474807008886,3.87,0.7608474807008885,0.0,0.0,1.8,1.4213381090374029,1.76,1.4007213149017905,18.2,1.4213381090374033,5.0,0.0,20.12,1.9242209495341906,4.024,0.3848441899068381,1.006,0.09621104747670953,0.0,0.0
2,577.0,577.0,100,1.92,1.5220931892521152,0.09154933643105669,0.06767271057123593,0.9431651186790505,0.05530312809169034,0.03640617353660832,0.05189697723839886,0.0,0.0,4.97,0.1714466079977653,1.13,0.7608474807008886,3.87,0.7608474807008885,0.0,0.0,1.8,1.4213381090374029,1.76,1.4007213149017905,18.2,1.4213381090374033,5.0,0.0,20.12,1.9242209495341906,4.024,0.3848441899068381,1.006,0.09621104747670953,0.0,0.0
2,578.0,578.0,100,1.92,1.5220931892521152,0.09154933643105669,0.06767271057123593,0.9431651186790505,0.05530312809169034,0.03640617353660832,0.05189697723839886,0.0,0.0,4.97,0.1714466079977653,1.13,0.7608474807008886,3.87,0.7608474807008885,0.0,0.0,1.8,1.4213381090374029,1.76,1.4007213149017905,18.2,1.4213381090374033,5.0,0.0,20.12,1.9242209495341906,4.024,0.3848441899068381,1.006,0.09621104747670953,0.0,0.0
2,579.0,579.0,100,1.92,1.5220931892521152,0.09154933643105669,0.06767271057123593,0.9431651186790505,0.05530312809169034,0.03640617353660832,0.05189697723839886,0.0,0.0,4.97,0.1714466079977653,1.13,0.7608474807008886,3.87,0.7608474807008885,0.0,0.0,1.8,1.4213381090374029,1.75,1.4025589888385148,18.2,1.4213381090374033,5.0,0.0,20.12,1.9242209495341906,4.024,0.3848441899068381,1.006,0.09621104747670953,0.0,0.0
2,580.0,580.0,100,1.91,1.5248447511637098,0.091023020641583,0.06776957408295779,0.9436914344685242,0.055087609804542643,0.03640617353660832,0.05189697723839886,0.000526315789473684,0.0052631578947368385,4.97,0.1714466079977653,1.13,0.7608474807008886,3.87,0.7608474807008885,0.0,0.0,1.79,1.4163190304305016,1.74,1.3898622851625164,18.21,1.416319030430502,5.0,0.0,20.12,1.9242209495341906,4.024,0.3848441899068381,1.006,0.09621104747670953,0.0,0.0
2,581.0,581.0,100,1.91,1.5248447511637098,0.091023020641583,0.06776957408295779,0.9436914344685242,0.055087609804542643,0.03640617353660832,0.05189697723839886,0.0,0.0,4.97,0.1714466079977653,1.13,0.7608474807008886,3.87,0.7608474807008885,0.0,0.0,1.79,1.4163190304305016,1.74,1.3898622851625164,18.21,1.416319030430502,5.0,0.0,20.12,1.9242209495341906,4.024,0.3848441899068381,1.006,0.09621104747670953,0.0,0.0
2,582.0,582.0,100,1.9,1.5208981928884369,0.09049670485210931,0.06744860042407792,0.9442177502579979,0.054353773039995626,0.03640617353660832,0.05189697723839886,0.0005263157894736841,0.005263157894736839,4.97,0.1714466079977653,1.13,0.7608474807008886,3.87,0.7608474807008885,0.0,0.0,1.78,1.404034590497375,1.74,1.3898622851625164,18.22,1.4040345904973754,5.0,0.0,20.12,1.9242209495341906,4.024,0.3848441899068381,1.006,0.09621104747670953,0.0,0.0
2,583.0,583.0,100,1.88,1.5260697523012796,0.08952051437591883,0.06772771520133114,0.9452177502579979,0.05445184896110838,0.03640617353660832,0.05189697723839886,0.0009761904761904759,0.006869842536801753,4.97,0.1714466079977653,1.12,0.7691002220225603,3.88,0.7691002220225602,0.0,0.0,1.76,1.4150704019320883,1.73,1.3915691310404406,18.24,1.4150704019320897,5.0,0.0,20.12,1.9242209495341906,4.024,0.3848441899068381,1.006,0.09621104747670953,0.0,0.0
2,584.0,584.0,100,1.87,1.5285498508274586,0.08896495882036329,0.0677766606826358,0.9457733058135535,0.05415393089011304,0.03640617353660832,0.05189697723839886,0.0005555555555555561,0.00555555555555556,4.97,0.1714466079977653,1.11,0.764027076573451,3.89,0.7640270765734507,0.0,0.0,1.75,1.4025589888385148,1.73,1.3915691310404406,18.25,1.402558988838516,5.0,0.0,20.12,1.9242209495341906,4.024,0.3848441899068381,1.006,0.09621104747670953,0.0,0.0
2,585.0,585.0,100,1.87,1.5285498508274586,0.08896495882036329,0.0677766606826358,0.9457733058135535,0.05415393089011304,0.03640617353660832,0.05189697723839886,0.0,0.0,4.97,0.1714466079977653,1.11,0.764027076573451,3.89,0.7640270765734507,0.0,0.0,1.75,1.4025589888385148,1.72,1.400432833524022,18.25,1.402558988838516,5.0,0.0,20.12,1.9242209495341906,4.024,0.3848441899068381,1.006,0.09621104747670953,0.0,0.0
2,586.0,586.0,100,1.87,1.5285498508274586,0.08896495882036329,0.0677766606826358,0.9457733058135535,0.05415393089011304,0.03640617353660832,0.05189697723839886,0.0,0.0,4.97,0.1714466079977653,1.11,0.764027076573451,3.89,0.7640270765734507,0.0,0.0,1.75,1.4025589888385148,1.72,1.400432833524022,18.25,1.402558988838516,5.0,0.0,20.12,1.9242209495341906,4.024,0.3848441899068381,1.006,0.09621104747670953,0.0,0.0
2,587.0,587.0,100,1.86,1.5375436267112566,0.08843864303088961,0.06826425526706355,0.946299621603027,0.05442467354829433,0.03640617353660832,0.05189697723839886,0.000526315789473684,0.0052631578947368385,4.97,0.1714466079977653,1.1,0.7719841941125452,3.9,0.7719841941125453,0.0,0.0,1.74,1.4043223319883553,1.72,1.400432833524022,18.26,1.404322331988355,5.0,0.0,20.12,1.9242209495341906,4.024,0.3848441899068381,1.006,0.09621104747670953,0.0,0.0
2,588.0,588.0,100,1.86,1.5375436267112566,0.08843864303088961,0.06826425526706355,0.946299621603027,0.05442467354829433,0.03640617353660832,0.05189697723839886,0.0,0.0,4.97,0.1714466079977653,1.1,0.7719841941125452,3.9,0.7719841941125453,0.0,0.0,1.74,1.4043223319883553,1.71,1.3801990780135651,18.26,1.404322331988355,5.0,0.0,20.12,1.9242209495341906,4.024,0.3848441899068381,1.006,0.09621104747670953,0.0,0.0
2,589.0,589.0,100,1.86,1.5375436267112566,0.08843864303088961,0.06826425526706355,0.946299621603027,0.05442467354829433,0.03640617353660832,0.05189697723839886,0.0,0.0,4.97,0.1714466079977653,1.1,0.7719841941125452,3.9,0.7719841941125453,0.0,0.0,1.74,1.4043223319883553,1.71,1.3801990780135651,18.26,1.404322331988355,5.0,0.0,20.12,1.9242209495341906,4.024,0.3848441899068381,1.006,0.09621104747670953,0.0,0.0
2,590.0,590.0,100,1.85,1.5333003949031323,0.08791232724141591,0.06792539435808095,0.9468259373925008,0.05365593898611799,0.03640617353660832,0.05189697723839886,0.0005263157894736841,0.0052631578947368385,4.97,0.1714466079977653,1.1,0.7719841941125452,3.9,0.7719841941125453,0.0,0.0,1.73,1.3915691310404406,1.71,1.3801990780135651,18.27,1.3915691310404399,5.0,0.0,20.12,1.9242209495341906,4.024,0.3848441899068381,1.006,0.09621104747670953,0.0,0.0
2,591.0,591.0,100,1.85,1.5333003949031323,0.08791232724141591,0.06792539435808095,0.9468259373925008,0.05365593898611799,0.03640617353660832,0.05189697723839886,0.0,0.0,4.97,0.1714466079977653,1.1,0.7719841941125452,3.9,0.7719841941125453,0.0,0.0,1.73,1.3915691310404406,1.7,1.3743685418725535,18.27,1.3915691310404399,5.0,0.0,20.12,1.9242209495341906,4.024,0.3848441899068381,1.006,0.09621104747670953,0.0,0.0
2,592.0,592.0,100,1.84,1.5289793254906285,0.08735677168586037,0.0675006273123544,0.9473814929480564,0.052748908292151564,0.03640617353660832,0.05189697723839886,0.000555555555555555,0.00555555555555555,4.97,0.1714466079977653,1.1,0.7719841941125452,3.9,0.7719841941125453,0.0,0.0,1.72,1.3712782505399992,1.69,1.361037928356239,18.28,1.3712782505399983,5.0,0.0,20.12,1.9242209495341906,4.024,0.3848441899068381,1.006,0.09621104747670953,0.0,0.0
2,593.0,593.0,100,1.84,1.5289793254906285,0.08735677168586037,0.0675006273123544,0.9473814929480564,0.052748908292151564,0.03640617353660832,0.05189697723839886,0.0,0.0,4.97,0.1714466079977653,1.1,0.7719841941125452,3.9,0.7719841941125453,0.0,0.0,1.72,1.3712782505399992,1.69,1.361037928356239,18.28,1.3712782505399983,5.0,0.0,20.12,1.9242209495341906,4.024,0.3848441899068381,1.006,0.09621104747670953,0.0,0.0
2,594.0,594.0,100,1.84,1.5289793254906285,0.08735677168586037,0.0675006273123544,0.9473814929480564,0.052748908292151564,0.03640617353660832,0.05189697723839886,0.0,0.0,4.97,0.1714466079977653,1.1,0.7719841941125452,3.9,0.7719841941125453,0.0,0.0,1.72,1.3712782505399992,1.69,1.361037928356239,18.28,1.3712782505399983,5.0,0.0,20.12,1.9242209495341906,4.024,0.3848441899068381,1.006,0.09621104747670953,0.0,0.0
2,595.0,595.0,100,1.83,1.524579756635721,0.08690222623131491,0.06732008713825094,0.9478814929480563,0.05301030355159214,0.03640617353660832,0.05189697723839886,0.000454545454545454,0.00454545454545454,4.97,0.1714466079977653,1.09,0.753376239057058,3.91,0.7533762390570581,0.0,0.0,1.71,1.3801990780135651,1.69,1.361037928356239,18.29,1.3801990780135645,5.0,0.0,20.12,1.9242209495341906,4.024,0.3848441899068381,1.006,0.09621104747670953,0.0,0.0
2,596.0,596.0,100,1.83,1.524579756635721,0.08690222623131491,0.06732008713825094,0.9478814929480563,0.05301030355159214,0.03640617353660832,0.05189697723839886,0.0,0.0,4.97,0.1714466079977653,1.09,0.753376239057058,3.91,0.7533762390570581,0.0,0.0,1.71,1.3801990780135651,1.69,1.361037928356239,18.29,1.3801990780135645,5.0,0.0,20.12,1.9242209495341906,4.024,0.3848441899068381,1.006,0.09621104747670953,0.0,0.0
2,597.0,597.0,100,1.83,1.524579756635721,0.08690222623131491,0.06732008713825094,0.9478814929480563,0.05301030355159214,0.03640617353660832,0.05189697723839886,0.0,0.0,4.97,0.1714466079977653,1.09,0.753376239057058,3.91,0.7533762390570581,0.0,0.0,1.71,1.3801990780135651,1.69,1.361037928356239,18.29,1.3801990780135645,5.0,0.0,20.12,1.9242209495341906,4.024,0.3848441899068381,1.006,0.09621104747670953,0.0,0.0
2,598.0,598.0,100,1.83,1.524579756635721,0.08690222623131491,0.06732008713825094,0.9478814929480563,0.05301030355159214,0.03640617353660832,0.05189697723839886,0.0,0.0,4.97,0.1714466079977653,1.09,0.753376239057058,3.91,0.7533762390570581,0.0,0.0,1.71,1.3801990780135651,1.67,1.3637070688740196,18.29,1.3801990780135645,5.0,0.0,20.12,1.9242209495341906,4.024,0.3848441899068381,1.006,0.09621104747670953,0.0,0.0
2,599.0,599.0,100,1.83,1.524579756635721,0.08690222623131491,0.06732008713825094,0.9478814929480563,0.05301030355159214,0.03640617353660832,0.05189697723839886,0.0,0.0,4.97,0.1714466079977653,1.09,0.753376239057058,3.91,0.7533762390570581,0.0,0.0,1.71,1.3801990780135651,1.67,1.3637070688740196,18.29,1.3801990780135645,5.0,0.0,20.12,1.9242209495341906,4.024,0.3848441899068381,1.006,0.09621104747670953,0.0,0.0
2,600.0,600.0,100,1.83,1.524579756635721,0.08690222623131491,0.06732008713825094,0.9478814929480563,0.05301030355159214,0.03640617353660832,0.05189697723839886,0.0,0.0,4.97,0.1714466079977653,1.09,0.753376239057058,3.91,0.7533762390570581,0.0,0.0,1.71,1.3801990780135651,1.67,1.3637070688740196,18.29,1.3801990780135645,5.0,0.0,20.12,1.9242209495341906,4.024,0.3848441899068381,1.006,0.09621104747670953,0.0,0.0
4,0.0,0.0,100,20.29,3.1632198146761143,1.0,0.0,0.0,0.0,0.05735267309180353,0.08057138906357217,,,0.0,0.0,5.0,0.0,0.0,0.0,0.0,0.0,20.0,0.0,0.0,0.0,0.0,0.0,5.0,0.0,20.29,3.1632198146761143,4.058,0.632643962935223,1.0145,0.15816099073380574,0.0,0.0
4,1.0,1.0,100,20.29,3.1632198146761143,1.0,0.0,0.0,0.0,0.05735267309180353,0.08057138906357217,0.0,0.0,0.0,0.0,5.0,0.0,0.0,0.0,0.0,0.0,20.0,0.0,20.0,0.0,0.0,0.0,5.0,0.0,20.29,3.1632198146761143,4.058,0.632643962935223,1.0145,0.15816099073380574,0.0,0.0
4,2.0,2.0,100,20.29,3.1632198146761143,1.0,0.0,0.0,0.0,0.05735267309180353,0.08057138906357217,0.0,0.0,0.0,0.0,5.0,0.0,0.0,0.0,0.0,0.0,20.0,0.0,20.0,0.0,0.0,0.0,5.0,0.0,20.29,3.1632198146761143,4.058,0.632643962935223,1.0145,0.15816099073380574,0.0,0.0
4,3.0,3.0,100,20.29,3.1632198146761143,1.0,0.0,0.0,0.0,0.05735267309180353,0.08057138906357217,0.0,0.0,0.0,0.0,5.0,0.0,0.0,0.0,0.0,0.0,20.0,0.0,20.0,0.0,0.0,0.0,5.0,0.0,20.29,3.1632198146761143,4.058,0.632643962935223,1.0145,0.15816099073380574,0.0,0.0
4,4.0,4.0,100,20.29,3.1632198146761143,1.0,0.0,0.0,0.0,0.05735267309180353,0.08057138906357217,0.0,0.0,0.0,0.0,5.0,0.0,0.0,0.0,0.0,0.0,20.0,0.0,20.0,0.0,0.0,0.0,5.0,0.0,20.29,3.1632198146761143,4.058,0.632643962935223,1.0145,0.15816099073380574,0.0,0.0
4,5.0,5.0,100,20.29,3.1632198146761143,1.0,0.0,0.0,0.0,0.05735267309180353,0.08057138906357217,0.0,0.0,0.0,0.0,5.0,0.0,0.0,0.0,0.0,0.0,20.0,0.0,20.0,0.0,0.0,0.0,5.0,0.0,20.29,3.1632198146761143,4.058,0.632643962935223,1.0145,0.15816099073380574,0.0,0.0
4,6.0,6.0,100,20.29,3.1632198146761143,1.0,0.0,0.0,0.0,0.05735267309180353,0.08057138906357217,0.0,0.0,0.0,0.0,5.0,0.0,0.0,0.0,0.0,0.0,20.0,0.0,20.0,0.0,0.0,0.0,5.0,0.0,20.29,3.1632198146761143,4.058,0.632643962935223,1.0145,0.15816099073380574,0.0,0.0
4,7.0,7.0,100,20.29,3.1632198146761143,1.0,0.0,0.0,0.0,0.05735267309180353,0.08057138906357217,0.0,0.0,0.0,0.0,5.0,0.0,0.0,0.0,0.0,0.0,20.0,0.0,20.0,0.0,0.0,0.0,5.0,0.0,20.29,3.1632198146761143,4.058,0.632643962935223,1.0145,0.15816099073380574,0.0,0.0
4,8.0,8.0,100,20.29,3.1632198146761143,1.0,0.0,0.0,0.0,0.05735267309180353,0.08057138906357217,0.0,0.0,0.0,0.0,5.0,0.0,0.0,0.0,0.0,0.0,20.0,0.0,20.0,0.0,0.0,0.0,5.0,0.0,20.29,3.1632198146761143,4.058,0.632643962935223,1.0145,0.15816099073380574,0.0,0.0
4,9.0,9.0,100,20.29,3.1632198146761143,1.0,0.0,0.0,0.0,0.05735267309180353,0.08057138906357217,0.0,0.0,0.0,0.0,5.0,0.0,0.0,0.0,0.0,0.0,20.0,0.0,20.0,0.0,0.0,0.0,5.0,0.0,20.29,3.1632198146761143,4.058,0.632643962935223,1.0145,0.15816099073380574,0.0,0.0
4,10.0,10.0,100,20.29,3.1632198146761143,1.0,0.0,0.0,0.0,0.05735267309180353,0.08057138906357217,0.0,0.0,0.0,0.0,5.0,0.0,0.0,0.0,0.0,0.0,20.0,0.0,20.0,0.0,0.0,0.0,5.0,0.0,20.29,3.1632198146761143,4.058,0.632643962935223,1.0145,0.15816099073380574,0.0,0.0
4,11.0,11.0,100,20.29,3.1632198146761143,1.0,0.0,0.0,0.0,0.05735267309180353,0.08057138906357217,0.0,0.0,0.0,0.0,5.0,0.0,0.0,0.0,0.0,0.0,20.0,0.0,20.0,0.0,0.0,0.0,5.0,0.0,20.29,3.1632198146761143,4.058,0.632643962935223,1.0145,0.15816099073380574,0.0,0.0
4,12.0,12.0,100,20.29,3.1632198146761143,1.0,0.0,0.0,0.0,0.05735267309180353,0.08057138906357217,0.0,0.0,0.0,0.0,5.0,0.0,0.0,0.0,0.0,0.0,20.0,0.0,20.0,0.0,0.0,0.0,5.0,0.0,20.29,3.1632198146761143,4.058,0.632643962935223,1.0145,0.15816099073380574,0.0,0.0
4,13.0,13.0,100,20.29,3.1632198146761143,1.0,0.0,0.0,0.0,0.05735267309180353,0.08057138906357217,0.0,0.0,0.0,0.0,5.0,0.0,0.0,0.0,0.0,0.0,20.0,0.0,20.0,0.0,0.0,0.0,5.0,0.0,20.29,3.1632198146761143,4.058,0.632643962935223,1.0145,0.15816099073380574,0.0,0.0
4,14.0,14.0,100,20.29,3.1632198146761143,1.0,0.0,0.0,0.0,0.05735267309180353,0.08057138906357217,0.0,0.0,0.0,0.0,5.0,0.0,0.0,0.0,0.0,0.0,20.0,0.0,19.99,0.1,0.0,0.0,5.0,0.0,20.29,3.1632198146761143,4.058,0.632643962935223,1.0145,0.15816099073380574,0.0,0.0
4,15.0,15.0,100,20.29,3.1632198146761143,1.0,0.0,0.0,0.0,0.05735267309180353,0.08057138906357217,0.0,0.0,0.0,0.0,5.0,0.0,0.0,0.0,0.0,0.0,20.0,0.0,19.88,0.40898988651643653,0.0,0.0,5.0,0.0,20.29,3.1632198146761143,4.058,0.632643962935223,1.0145,0.15816099073380574,0.0,0.0
4,16.0,16.0,100,20.29,3.1632198146761143,1.0,0.0,0.0,0.0,0.05735267309180353,0.08057138906357217,0.0,0.0,0.0,0.0,5.0,0.0,0.0,0.0,0.0,0.0,20.0,0.0,19.67,0.7255092255537731,0.0,0.0,5.0,0.0,20.29,3.1632198146761143,4.058,0.632643962935223,1.0145,0.15816099073380574,0.0,0.0
4,17.0,17.0,100,20.29,3.1632198146761143,1.0,0.0,0.0,0.0,0.05735267309180353,0.08057138906357217,0.0,0.0,0.0,0.0,5.0,0.0,0.0,0.0,0.0,0.0,20.0,0.0,19.39,0.9089343299499781,0.0,0.0,5.0,0.0,20.29,3.1632198146761143,4.058,0.632643962935223,1.0145,0.15816099073380574,0.0,0.0
4,18.0,18.0,100,20.29,3.1632198146761143,1.0,0.0,0.0,0.0,0.05735267309180353,0.08057138906357217,0.0,0.0,0.0,0.0,5.0,0.0,0.0,0.0,0.0,0.0,20.0,0.0,19.05,1.200799397034822,0.0,0.0,5.0,0.0,20.29,3.1632198146761143,4.058,0.632643962935223,1.0145,0.15816099073380574,0.0,0.0
4,19.0,19.0,100,20.29,3.1632198146761143,1.0,0.0,0.0,0.0,0.05735267309180353,0.08057138906357217,0.0,0.0,0.0,0.0,5.0,0.0,0.0,0.0,0.0,0.0,20.0,0.0,18.7,1.3595899560105797,0.0,0.0,5.0,0.0,20.29,3.1632198146761143,4.058,0.632643962935223,1.0145,0.15816099073380574,0.0,0.0
4,20.0,20.0,100,20.29,3.1632198146761143,1.0,0.0,0.0,0.0,0.05735267309180353,0.08057138906357217,0.0,0.0,0.0,0.0,5.0,0.0,0.0,0.0,0.0,0.0,20.0,0.0,18.34,1.4299819875958184,0.0,0.0,5.0,0.0,20.29,3.1632198146761143,4.058,0.632643962935223,1.0145,0.15816099073380574,0.0,0.0
4,21.0,21.0,100,20.29,3.1632198146761143,1.0,0.0,0.0,0.0,0.05735267309180353,0.08057138906357217,0.0,0.0,0.0,0.0,5.0,0.0,0.0,0.0,0.0,0.0,20.0,0.0,18.1,1.4389951600707593,0.0,0.0,5.0,0.0,20.29,3.1632198146761143,4.058,0.632643962935223,1.0145,0.15816099073380574,0.0,0.0
4,22.0,22.0,100,20.29,3.1632198146761143,1.0,0.0,0.0,0.0,0.05735267309180353,0.08057138906357217,0.0,0.0,0.0,0.0,5.0,0.0,0.0,0.0,0.0,0.0,20.0,0.0,17.81,1.502153336535471,0.0,0.0,5.0,0.0,20.29,3.1632198146761143,4.058,0.632643962935223,1.0145,0.15816099073380574,0.0,0.0
4,23.0,23.0,100,20.29,3.1632198146761143,1.0,0.0,0.0,0.0,0.05735267309180353,0.08057138906357217,0.0,0.0,0.0,0.0,5.0,0.0,0.0,0.0,0.0,0.0,20.0,0.0,17.48,1.579413009489746,0.0,0.0,5.0,0.0,20.29,3.1632198146761143,4.058,0.632643962935223,1.0145,0.15816099073380574,0.0,0.0
4,24.0,24.0,100,20.28,3.181639244607767,0.9993333333333334,0.006666666666666658,0.0006666666666666666,0.006666666666666668,0.05735267309180353,0.08057138906357217,0.0006666666666666676,0.006666666666666677,0.01,0.09999999999999999,5.0,0.0,0.0,0.0,0.0,0.0,19.99,0.1,17.13,1.6121696278899778,0.01,0.09999999999999999,5.0,0.0,20.29,3.1632198146761143,4.058,0.632643962935223,1.0145,0.15816099073380574,0.0,0.0
4,25.0,25.0,100,20.2,3.171845844395035,0.9954631396594312,0.014741990044422344,0.004866013071895425,0.01563784687751253,0.05735267309180353,0.08057138906357217,0.0038701936739021147,0.013345194194083372,0.09,0.2876234912646613,5.0,0.0,0.0,0.0,0.0,0.0,19.91,0.28762349126466147,16.84,1.6374407229613295,0.09,0.2876234912646613,5.0,0.0,20.29,3.1632198146761143,4.058,0.632643962935223,1.0145,0.15816099073380574,0.0,0.0
4,26.0,26.0,100,20.04,3.244015469080929,0.9870943676655078,0.026238149615182928,0.013454764361885106,0.027155007002796626,0.05735267309180353,0.08057138906357217,0.008368771993923427,0.019426090218163144,0.22,0.4163331998932265,5.0,0.0,0.0,0.0,0.0,0.0,19.75,0.5000000000000007,16.64,1.6423683318225961,0.25,0.5,5.0,0.0,20.29,3.1632198146761143,4.058,0.632643962935223,1.0145,0.15816099073380574,0.0,0.0
4,27.0,27.0,100,19.78,3.2831987358967374,0.9740505676380424,0.03797153573098454,0.02712590299277606,0.03871848341654164,0.05735267309180353,0.08057138906357217,0.01304380002746539,0.02357488212183624,0.4,0.49236596391733095,4.97,0.1714466079977653,0.03,0.1714466079977653,0.0,0.0,19.49,0.717670192393766,16.29,1.7712348029758025,0.51,0.717670192393766,5.0,0.0,20.29,3.1632198146761143,4.058,0.632643962935223,1.0145,0.15816099073380574,0.0,0.0
4,28.0,28.0,100,19.46,3.3436809088491115,0.9582882424264239,0.054435719028092903,0.04382284141726866,0.05643197911269976,0.05735267309180353,0.08057138906357217,0.01576232521161853,0.029357178334817054,0.5,0.502518907629606,4.91,0.2876234912646614,0.08,0.2726599243442907,0.01,0.09999999999999999,19.16,1.0891568419023148,16.02,1.9435466902993965,0.84,1.0891568419023157,5.0,0.0,20.29,3.1632198146761143,4.058,0.632643962935223,1.0145,0.15816099073380574,0.0,0.0
4,29.0,29.0,100,19.16,3.3985142327050784,0.9429854563789212,0.05997325537916503,0.0599671482628139,0.062479622361022516,0.05735267309180353,0.08057138906357217,0.015302786047502695,0.027744520462839675,0.61,0.49020713000019717,4.88,0.3265986323710907,0.09,0.2876234912646614,0.03,0.1714466079977653,18.84,1.220365899758318,15.79,1.9760945055714052,1.16,1.2203658997583182,5.0,0.0,20.29,3.1632198146761143,4.058,0.632643962935223,1.0145,0.15816099073380574,0.0,0.0
4,30.0,30.0,100,18.81,3.3895114513433757,0.9258343898422712,0.06488620488437236,0.07820691434468524,0.06839014878982619,0.05735267309180353,0.08057138906357217,0.017151066536650057,0.026275961095056248,0.73,0.44619604333847374,4.86,0.3487350880197771,0.09,0.28762349126466136,0.05,0.21904291355759034,18.42,1.4645990936261377,15.5,1.9410504289370656,1.58,1.464599093626138,5.0,0.0,20.29,3.1632198146761143,4.058,0.632643962935223,1.0145,0.15816099073380574,0.0,0.0
4,31.0,31.0,100,18.5,3.365001088147272,0.9107714405811257,0.06993526227173219,0.09463682490540076,0.07486327276841521,0.05735267309180353,0.08057138906357217,0.015062949261145524,0.02842943125743363,0.79,0.40936018074033237,4.8,0.40201512610368484,0.1,0.30151134457776363,0.1,0.30151134457776363,18.07,1.6096614864654317,15.07,2.0412661944899972,1.93,1.609661486465431,5.0,0.0,20.29,3.1632198146761143,4.058,0.632643962935223,1.0145,0.15816099073380574,0.0,0.0
4,32.0,32.0,100,18.22,3.3980981014489138,0.8961669119799253,0.06937354852577915,0.10996515563040331,0.07358216850193004,0.05735267309180353,0.08057138906357217,0.01460452860120042,0.026110235566928108,0.85,0.35887028128263665,4.73,0.4461960433384737,0.16,0.36845294917747073,0.11,0.3144660377352201,17.76,1.5706911558516858,14.98,1.9795928568238166,2.24,1.5706911558516863,5.0,0.0,20.29,3.1632198146761143,4.058,0.632643962935223,1.0145,0.15816099073380574,0.0,0.0
4,33.0,33.0,100,17.93,3.223195603588138,0.8828748787885213,0.0672599566736113,0.12480652989940916,0.07310172719800581,0.05735267309180353,0.08057138906357217,0.013292033191403903,0.02352371463247433,0.91,0.37859388972001834,4.67,0.4725815626252608,0.2,0.40201512610368484,0.13,0.3379976689896311,17.49,1.5274921679774083,14.92,2.1114406972922106,2.51,1.527492167977408,5.0,0.0,20.29,3.1632198146761143,4.058,0.632643962935223,1.0145,0.15816099073380574,0.0,0.0
4,34.0,34.0,100,17.6,3.0846639225613415,0.8671982470617381,0.06491233369822252,0.14190917007828774,0.07162289681645016,0.05735267309180353,0.08057138906357217,0.01567663172678316,0.028773760842607455,0.97,0.361114996094098,4.59,0.49431107042371036,0.37,0.48523658709390977,0.04,0.1969463855669324,17.26,1.4398372523071177,14.85,2.217355782608345,2.74,1.4398372523071183,5.0,0.0,20.29,3.1632198146761143,4.058,0.632643962935223,1.0145,0.15816099073380574,0.0,0.0
4,35.0,35.0,100,17.4,3.110750339832446,0.8570400775722286,0.06673911259503494,0.15278322408585565,0.07518478141477479,0.05735267309180353,0.08057138906357217,0.01015816948950951,0.023530744848970022,1.04,0.39999999999999997,4.52,0.5021167315686781,0.4,0.492365963917331,0.08,0.27265992434429076,16.96,1.620076067549442,14.8,2.2110831935702664,3.04,1.6200760675494423,5.0,0.0,20.29,3.1632198146761143,4.058,0.632643962935223,1.0145,0.15816099073380574,0.0,0.0
4,36.0,36.0,100,17.24,3.085056848353975,0.8490618030816544,0.06529877098847905,0.1611538381209434,0.07281600160836744,0.05735267309180353,0.08057138906357217,0.007978274490574262,0.019878136995434156,1.07,0.3828389433765282,4.49,0.5024183937956915,0.41,0.49431107042371025,0.1,0.30151134457776363,16.82,1.5267315058349624,14.81,2.1728117983643016,3.18,1.5267315058349622,5.0,0.0,20.29,3.1632198146761143,4.058,0.632643962935223,1.0145,0.15816099073380574,0.0,0.0
4,37.0,37.0,100,17.01,3.1606641675125786,0.8366792194626291,0.06824167727744312,0.17413538654328128,0.07500780819979241,0.05735267309180353,0.08057138906357217,0.012382583619025276,0.028306924958493712,1.15,0.4351941398892446,4.43,0.497569851956243,0.51,0.5024183937956914,0.06,0.23868325657594205,16.65,1.4864709750264073,14.7,2.100985819595509,3.35,1.4864709750264076,5.0,0.0,20.29,3.1632198146761143,4.058,0.632643962935223,1.0145,0.15816099073380574,0.0,0.0
4,38.0,38.0,100,16.82,3.069498034177278,0.8279240455747321,0.06812498974931616,0.18382836899942162,0.07569628844156599,0.05735267309180353,0.08057138906357217,0.008755173887896997,0.021916908705134512,1.21,0.47768380565162377,4.39,0.49020713000019717,0.55,0.5,0.06,0.238683256575942,16.46,1.507020607394309,14.55,2.1573225081198233,3.54,1.5070206073943087,5.0,0.0,20.29,3.1632198146761143,4.058,0.632643962935223,1.0145,0.15816099073380574,0.0,0.0
4,39.0,39.0,100,16.65,3.0989571396738222,0.8192082565477975,0.06914814220858168,0.19284935283155097,0.07577726402203301,0.05735267309180353,0.08057138906357217,0.008715789026934536,0.023423060903789067,1.26,0.5049252369900864,4.37,0.4852365870939097,0.61,0.4902071300001973,0.02,0.1407052941362897,16.33,1.484294887524481,14.56,2.095304996964172,3.67,1.4842948875244812,5.0,0.0,20.29,3.1632198146761143,4.058,0.632643962935223,1.0145,0.15816099073380574,0.0,0.0
4,40.0,40.0,100,16.39,3.215791213887048,0.8055318189801902,0.07656939088604042,0.20697548925103104,0.08150982929518447,0.05735267309180353,0.08057138906357217,0.013676437567607306,0.02888327584237017,1.35,0.5388914922357193,4.33,0.4934930126509934,0.63,0.5056249258655725,0.04,0.1969463855669324,16.06,1.568760689528553,14.46,2.0764188285399334,3.94,1.568760689528553,5.0,0.0,20.29,3.1632198146761143,4.058,0.632643962935223,1.0145,0.15816099073380574,0.0,0.0
4,41.0,41.0,100,16.18,3.325384461709927,0.7945839899213771,0.08559470937029692,0.21846609075479045,0.09035248883300549,0.05735267309180353,0.08057138906357217,0.01094782905881304,0.02421619842344913,1.39,0.5485518124198394,4.24,0.5706632681858592,0.74,0.5617433182117573,0.02,0.1407052941362897,15.86,1.7292492678335962,14.27,2.083387878073848,4.14,1.7292492678335967,5.0,0.0,20.29,3.1632198146761143,4.058,0.632643962935223,1.0145,0.15816099073380574,0.0,0.0
4,42.0,42.0,100,16.02,3.3483902358771105,0.7861622615398293,0.08618529900569014,0.22729775702453722,0.09041123492925039,0.05735267309180353,0.08057138906357217,0.008421728381548007,0.019828402235505752,1.46,0.5397343154859909,4.21,0.591095541679972,0.74,0.5966234959835189,0.05,0.21904291355759034,15.67,1.7698656001019522,14.18,2.0615773112112503,4.33,1.7698656001019517,5.0,0.0,20.29,3.1632198146761143,4.058,0.632643962935223,1.0145,0.15816099073380574,0.0,0.0
4,43.0,43.0,100,15.93,3.3612617880910145,0.7815964710609582,0.08789307005381843,0.23215185919171988,0.09217622265093788,0.05735267309180353,0.08057138906357217,0.0045657904788709725,0.01700986887985592,1.47,0.5403889358787816,4.2,0.6030226891555271,0.78,0.5959458995173262,0.02,0.1407052941362897,15.62,1.7452967100354615,14.02,2.039904929454342,4.38,1.7452967100354615,5.0,0.0,20.29,3.1632198146761143,4.058,0.632643962935223,1.0145,0.15816099073380574,0.0,0.0
4,44.0,44.0,100,15.79,3.3912990270557217,0.7745050039214361,0.09160959427951501,0.2396965542627307,0.09580335445927173,0.05735267309180353,0.08057138906357217,0.007091467139522063,0.019124584782634124,1.48,0.5408560367835902,4.14,0.6198729097503971,0.83,0.6365151334819269,0.03,0.17144660799776532,15.47,1.8171739630869719,13.76,2.0846722969950426,4.53,1.8171739630869717,5.0,0.0,20.29,3.1632198146761143,4.058,0.632643962935223,1.0145,0.15816099073380574,0.0,0.0
4,45.0,45.0,100,15.6,3.3754909856107447,0.765075260872424,0.09338014029552079,0.24985580041733293,0.09772056352387312,0.05735267309180353,0.08057138906357217,0.009429743049012134,0.021101177418014896,1.54,0.5206833117271104,4.1,0.6113406364191518,0.9,0.6113406364191519,0.0,0.0,15.31,1.8129444770228562,13.7,1.9974731512335753,4.69,1.8129444770228562,5.0,0.0,20.29,3.1632198146761143,4.058,0.632643962935223,1.0145,0.15816099073380574,0.0,0.0
4,46.0,46.0,100,15.44,3.328238530690329,0.7576505705233629,0.09473775366975717,0.2580166191307832,0.09975921362298568,0.05735267309180353,0.08057138906357217,0.007424690349061062,0.019997573891947656,1.59,0.5143398239932959,4.07,0.6236905474591538,0.9,0.611340636419152,0.03,0.17144660799776532,15.11,1.895742172300438,13.6,2.049882972762153,4.89,1.8957421723004386,5.0,0.0,20.29,3.1632198146761143,4.058,0.632643962935223,1.0145,0.15816099073380574,0.0,0.0
4,47.0,47.0,100,15.33,3.287733553558122,0.7525269901627116,0.0941665245999903,0.26359849047581246,0.09965635497029007,0.05735267309180353,0.08057138906357217,0.005123580360651299,0.014744633520381656,1.64,0.5029207620781756,4.06,0.6327748733981462,0.9,0.6276459144608478,0.04,0.1969463855669324,14.99,1.96172980769112,13.47,2.0323395485016866,5.01,1.9617298076911203,5.0,0.0,20.29,3.1632198146761143,4.058,0.632643962935223,1.0145,0.15816099073380574,0.0,0.0
4,48.0,48.0,100,15.13,3.240074197928314,0.7429097860367648,0.09275939084603779,0.27390017606232775,0.09893485887482759,0.05735267309180353,0.08057138906357217,0.009617204125946889,0.02152059064768286,1.68,0.4898979485566355,4.02,0.6353238258056784,0.94,0.6166052385457166,0.04,0.19694638556693242,14.8,1.9436506316151005,13.34,2.099639218648015,5.2,1.9436506316151,5.0,0.0,20.29,3.1632198146761143,4.058,0.632643962935223,1.0145,0.15816099073380574,0.0,0.0
4,49.0,49.0,100,14.97,3.189170437717006,0.7353837248363329,0.09154899743361863,0.2820054392202225,0.09837925918626168,0.05735267309180353,0.08057138906357217,0.00752606120043191,0.017415976993324978,1.72,0.4731156136066363,4.0,0.6513389472789297,0.99,0.6434597143880912,0.01,0.1,14.67,1.9019129126415668,13.22,2.0965580258021848,5.33,1.9019129126415668,5.0,0.0,20.29,3.1632198146761143,4.058,0.632643962935223,1.0145,0.15816099073380574,0.0,0.0
4,50.0,50.0,100,14.92,3.183543543749558,0.7328214778727701,0.09188905527780852,0.2846830707991699,0.09795310803640378,0.05735267309180353,0.08057138906357217,0.0025622469635627533,0.011357014116940371,1.73,0.4461960433384737,3.98,0.6663635674617904,1.02,0.6663635674617904,0.0,0.0,14.63,1.8837690565952772,13.1,2.217925138320029,5.37,1.8837690565952772,5.0,0.0,20.29,3.1632198146761143,4.058,0.632643962935223,1.0145,0.15816099073380574,0.0,0.0
4,51.0,51.0,100,14.71,3.0856297754447324,0.7227272190699974,0.08846027155568391,0.29559879147340445,0.09445077058430208,0.05735267309180353,0.08057138906357217,0.01009425880277273,0.02206426557642288,1.81,0.3942772444036626,3.95,0.6723244767373875,1.04,0.6654534415180997,0.01,0.1,14.41,1.8482588038639522,12.98,2.3397314876590936,5.59,1.8482588038639518,5.0,0.0,20.29,3.1632198146761143,4.058,0.632643962935223,1.0145,0.15816099073380574,0.0,0.0
4,52.0,52.0,100,14.58,3.0754157146931886,0.7165186412529055,0.0897975546517127,0.30234784548097243,0.09687504114010274,0.05735267309180353,0.08057138906357217,0.006208577817091746,0.017959402326087785,1.85,0.38599209705627263,3.94,0.6789772463124969,1.06,0.6789772463124969,0.0,0.0,14.29,1.8925425151676705,12.91,2.3272431342815483,5.71,1.8925425151676705,5.0,0.0,20.29,3.1632198146761143,4.058,0.632643962935223,1.0145,0.15816099073380574,0.0,0.0
4,53.0,53.0,100,14.36,3.03687771611342,0.7053420149701681,0.09009043497560665,0.314544267909593,0.09775308123503337,0.05735267309180353,0.08057138906357217,0.011176626282737469,0.032755756567252034,1.92,0.3673547263197997,3.91,0.6830561152391923,1.07,0.6705191716841208,0.02,0.14070529413628968,14.05,1.8876258403431845,12.82,2.354364097379652,5.95,1.8876258403431845,5.0,0.0,20.29,3.1632198146761143,4.058,0.632643962935223,1.0145,0.15816099073380574,0.0,0.0
4,54.0,54.0,100,14.22,3.04703863520705,0.698441273913316,0.09132209658094179,0.3218518014493247,0.09899930929210606,0.05735267309180353,0.08057138906357217,0.006900741056852241,0.02096159068546629,1.97,0.4132893427226025,3.87,0.6912877750103704,1.13,0.6912877750103701,0.0,0.0,13.93,1.9188327680960613,12.66,2.4872198588509673,6.07,1.918832768096061,5.0,0.0,20.29,3.1632198146761143,4.058,0.632643962935223,1.0145,0.15816099073380574,0.0,0.0
4,55.0,55.0,100,14.06,3.0676546498106743,0.6903332080325013,0.09254685549954622,0.33038792116036697,0.10003686806320784,0.05735267309180353,0.08057138906357217,0.00810806588081457,0.023233027386260256,2.03,0.459578199235039,3.83,0.7114503609961951,1.14,0.6966006928309254,0.03,0.1714466079977653,13.72,2.035443515067491,12.6,2.502523978431828,6.28,2.0354435150674908,5.0,0.0,20.29,3.1632198146761143,4.058,0.632643962935223,1.0145,0.15816099073380574,0.0,0.0
4,56.0,56.0,100,13.93,3.029334693768367,0.6839035796562112,0.09085180360442043,0.3372573742047426,0.09802524515161425,0.05735267309180353,0.08057138906357217,0.006429628376290106,0.016953151408500962,2.08,0.48575672507912426,3.81,0.7063206700139034,1.17,0.6971080231639828,0.02,0.1407052941362897,13.62,1.937300005969987,12.51,2.5206019803678537,6.38,1.9373000059699872,5.0,0.0,20.29,3.1632198146761143,4.058,0.632643962935223,1.0145,0.15816099073380574,0.0,0.0
4,57.0,57.0,100,13.78,3.0800104945380697,0.6759832622714975,0.09360107196282302,0.3454835523953171,0.10008395454550309,0.05735267309180353,0.08057138906357217,0.007920317384713667,0.01920343486259829,2.1,0.4819992036541474,3.81,0.7063206700139034,1.17,0.7114503609961951,0.02,0.1407052941362897,13.47,1.9460137967058957,12.37,2.5491333445076596,6.53,1.9460137967058957,5.0,0.0,20.29,3.1632198146761143,4.058,0.632643962935223,1.0145,0.15816099073380574,0.0,0.0
4,58.0,58.0,100,13.59,3.146571005222843,0.6664857915059221,0.09843900233571155,0.35540907699112034,0.10450945180315943,0.05735267309180353,0.08057138906357217,0.009497470765575491,0.024564431962935594,2.15,0.4793724854411024,3.76,0.6980492298346354,1.24,0.6980492298346352,0.0,0.0,13.3,2.0225995873897262,12.24,2.5190987646097933,6.7,2.022599587389727,5.0,0.0,20.29,3.1632198146761143,4.058,0.632643962935223,1.0145,0.15816099073380574,0.0,0.0
4,59.0,59.0,100,13.48,3.160616229391817,0.6610196805764244,0.10046494723510847,0.36115469102620806,0.10626570608452579,0.05735267309180353,0.08057138906357217,0.005466110929497661,0.015784081504561294,2.19,0.48606854070452477,3.74,0.7194273817250476,1.24,0.7264136340107942,0.02,0.1407052941362897,13.17,2.0550750189064466,12.14,2.5545364678658564,6.83,2.055075018906447,5.0,0.0,20.29,3.1632198146761143,4.058,0.632643962935223,1.0145,0.15816099073380574,0.0,0.0
4,60.0,60.0,100,13.33,3.187903272172365,0.653486577744257,0.1022706615562456,0.36913233120508665,0.10844917613228075,0.05735267309180353,0.08057138906357217,0.007533102832167313,0.02059920770120458,2.23,0.48938221207451904,3.71,0.7288430017583493,1.29,0.7288430017583493,0.0,0.0,13.04,2.0981954728824106,12.03,2.4800415441290626,6.96,2.0981954728824106,5.0,0.0,20.29,3.1632198146761143,4.058,0.632643962935223,1.0145,0.15816099073380574,0.0,0.0
4,61.0,61.0,100,13.25,3.2360813064912666,0.6495828021402527,0.10619550256445022,0.37324051833958954,0.11254954577290893,0.05735267309180353,0.08057138906357217,0.0039037756040044345,0.013386206667910832,2.24,0.49482166974424713,3.67,0.7661394761854378,1.3,0.7453559924999298,0.03,0.17144660799776532,12.93,2.225903516472909,11.97,2.4841111248911716,7.07,2.2259035164729095,5.0,0.0,20.29,3.1632198146761143,4.058,0.632643962935223,1.0145,0.15816099073380574,0.0,0.0
4,62.0,62.0,100,13.13,3.2618238685580416,0.6434228856183427,0.10838864484354492,0.3798585093956611,0.11541620892306828,0.05735267309180353,0.08057138906357217,0.0061599165219100626,0.017140682688526476,2.28,0.5140451577852126,3.64,0.7852169487254184,1.36,0.7852169487254186,0.0,0.0,12.84,2.228012657962339,11.88,2.4670761330904742,7.16,2.2280126579623385,5.0,0.0,20.29,3.1632198146761143,4.058,0.632643962935223,1.0145,0.15816099073380574,0.0,0.0
4,63.0,63.0,100,13.08,3.3080251363963824,0.6406382278956043,0.11036988718283595,0.3826431671183993,0.11671908071784397,0.05735267309180353,0.08057138906357217,0.002784657722738218,0.012215063278842076,2.28,0.5140451577852126,3.62,0.7756391955130694,1.37,0.7608474807008885,0.01,0.09999999999999999,12.78,2.2633665816275284,11.84,2.45245702399562,7.22,2.263366581627529,5.0,0.0,20.29,3.1632198146761143,4.058,0.632643962935223,1.0145,0.15816099073380574,0.0,0.0
4,64.0,64.0,100,13.02,3.311992290041287,0.6378502706837341,0.11233189814934143,0.38586538934062153,0.12035484004326641,0.05735267309180353,0.08057138906357217,0.0027879572118702546,0.012505394695158658,2.28,0.5140451577852126,3.61,0.7771353768420234,1.36,0.7852169487254186,0.03,0.1714466079977653,12.7,2.3246592016982635,11.73,2.415668550413021,7.3,2.3246592016982626,5.0,0.0,20.29,3.1632198146761143,4.058,0.632643962935223,1.0145,0.15816099073380574,0.0,0.0
4,65.0,65.0,100,12.92,3.3262956008512568,0.633198277507828,0.1153046887768165,0.3910876115628437,0.12508503589634618,0.05735267309180353,0.08057138906357217,0.00465199317590622,0.016598300083109738,2.31,0.5259911279353167,3.57,0.794615719334913,1.42,0.7936617603859908,0.01,0.1,12.62,2.415354920904875,11.63,2.423183480840479,7.38,2.415354920904875,5.0,0.0,20.29,3.1632198146761143,4.058,0.632643962935223,1.0145,0.15816099073380574,0.0,0.0
4,66.0,66.0,100,12.79,3.367386661684834,0.6265755035109121,0.11780073249135879,0.3980767510782991,0.12782166623460928,0.05735267309180353,0.08057138906357217,0.006622773996915871,0.01990512031209028,2.35,0.5388914922357194,3.52,0.7847022210734311,1.48,0.7847022210734311,0.0,0.0,12.5,2.463880490345883,11.54,2.358821825412086,7.5,2.463880490345883,5.0,0.0,20.29,3.1632198146761143,4.058,0.632643962935223,1.0145,0.15816099073380574,0.0,0.0
4,67.0,67.0,100,12.69,3.3745781629379654,0.6213738820329747,0.11774801082111332,0.40340716043502417,0.12706511929883155,0.05735267309180353,0.08057138906357217,0.005201621477937266,0.01581266286113121,2.4,0.5504818825631802,3.49,0.7848952835000386,1.49,0.7976607212735413,0.02,0.14070529413628968,12.37,2.476781065101323,11.51,2.3419537729740685,7.63,2.476781065101323,5.0,0.0,20.29,3.1632198146761143,4.058,0.632643962935223,1.0145,0.15816099073380574,0.0,0.0
4,68.0,68.0,100,12.58,3.390956481375994,0.6154806194647896,0.11717551299392562,0.40949089919368553,0.1259447733857438,0.05735267309180353,0.08057138906357217,0.005893262568185171,0.01706154632931903,2.44,0.5378595813899102,3.47,0.7843803447642764,1.51,0.7976607212735412,0.02,0.14070529413628968,12.27,2.415668550413021,11.36,2.3160398105473927,7.73,2.4156685504130206,5.0,0.0,20.29,3.1632198146761143,4.058,0.632643962935223,1.0145,0.15816099073380574,0.0,0.0
4,69.0,69.0,100,12.48,3.4155911093488087,0.6105067039301963,0.11916891099583456,0.41479236978192086,0.12808406412675247,0.05735267309180353,0.08057138906357217,0.004973915534593287,0.015168412590824453,2.47,0.5403889358787818,3.45,0.78334945180064,1.53,0.79715402868865,0.02,0.1407052941362897,12.17,2.45383641087036,11.31,2.2459615834522713,7.83,2.45383641087036,5.0,0.0,20.29,3.1632198146761143,4.058,0.632643962935223,1.0145,0.15816099073380574,0.0,0.0
4,70.0,70.0,100,12.35,3.4004604560458143,0.6038644695735657,0.11823574989208285,0.42179632575027315,0.12655369065188726,0.05735267309180353,0.08057138906357217,0.006642234356630643,0.017508878697933036,2.54,0.539734315485991,3.42,0.8062884162016778,1.58,0.8062884162016777,0.0,0.0,12.06,2.4197002903147933,11.23,2.2331524123914375,7.94,2.419700290314793,5.0,0.0,20.29,3.1632198146761143,4.058,0.632643962935223,1.0145,0.15816099073380574,0.0,0.0
4,71.0,71.0,100,12.25,3.3465646489340295,0.5991640337670187,0.11694468028885789,0.42699274817889366,0.1255000132435731,0.05735267309180353,0.08057138906357217,0.004700435806546992,0.015369161969536206,2.55,0.5388914922357193,3.4,0.8040302522073696,1.6,0.8040302522073696,0.0,0.0,11.96,2.4075638384814715,11.15,2.1713236664869804,8.04,2.407563838481472,5.0,0.0,20.29,3.1632198146761143,4.058,0.632643962935223,1.0145,0.15816099073380574,0.0,0.0
4,72.0,72.0,100,12.12,3.352309621437106,0.5923391775087259,0.11527913789088459,0.4338890330086151,0.12269991830068305,0.05735267309180353,0.08057138906357217,0.006824856258292793,0.020800023251938964,2.58,0.5352239217978271,3.37,0.8122173167921067,1.6,0.8164965809277261,0.03,0.1714466079977653,11.8,2.374102701309199,11.09,2.156011094216317,8.2,2.374102701309199,5.0,0.0,20.29,3.1632198146761143,4.058,0.632643962935223,1.0145,0.15816099073380574,0.0,0.0
4,73.0,73.0,100,12.07,3.3371341966520682,0.5899188478383962,0.1152772185545699,0.43655569967528174,0.12288698086037049,0.05735267309180353,0.08057138906357217,0.002420329670329671,0.012770048887235723,2.59,0.5336173486192842,3.36,0.8229044398784813,1.63,0.8122173167921067,0.01,0.09999999999999999,11.77,2.356401125153836,11.0,2.1225104251924196,8.23,2.356401125153836,5.0,0.0,20.29,3.1632198146761143,4.058,0.632643962935223,1.0145,0.15816099073380574,0.0,0.0
4,74.0,74.0,100,11.95,3.2640527575455036,0.5841814711102401,0.11280837573137892,0.4427813618699842,0.12013155149333819,0.05735267309180353,0.08057138906357217,0.005737376728156103,0.01578537809524407,2.66,0.49685881985598973,3.35,0.821122660899347,1.65,0.821122660899347,0.0,0.0,11.66,2.3059869378588767,10.97,2.095955701590638,8.34,2.3059869378588767,5.0,0.0,20.29,3.1632198146761143,4.058,0.632643962935223,1.0145,0.15816099073380574,0.0,0.0
4,75.0,75.0,100,11.89,3.2283310257966447,0.5813069352723176,0.11112968046982713,0.4458603092384052,0.11832982028437984,0.05735267309180353,0.08057138906357217,0.002874535837922566,0.011512477413897547,2.68,0.4898979485566355,3.35,0.821122660899347,1.65,0.821122660899347,0.0,0.0,11.6,2.2785783269221165,10.88,2.0902853703006508,8.4,2.2785783269221165,5.0,0.0,20.29,3.1632198146761143,4.058,0.632643962935223,1.0145,0.15816099073380574,0.0,0.0
4,76.0,76.0,100,11.79,3.1759672033520236,0.5765456097833705,0.10913023016368212,0.4510041000880784,0.11614149398210816,0.05735267309180353,0.08057138906357217,0.004761325488946971,0.014471390744654672,2.72,0.4731156136066361,3.34,0.8192137151629671,1.66,0.8192137151629671,0.0,0.0,11.5,2.249579085208177,10.84,2.097232423548673,8.5,2.249579085208177,5.0,0.0,20.29,3.1632198146761143,4.058,0.632643962935223,1.0145,0.15816099073380574,0.0,0.0
4,77.0,77.0,100,11.72,3.09473322555818,0.573453293243228,0.10625224231660277,0.45450410008807846,0.11375003366648655,0.05735267309180353,0.08057138906357217,0.003092316540142628,0.012953718712313754,2.74,0.4631905164675272,3.34,0.8192137151629671,1.66,0.8192137151629671,0.0,0.0,11.43,2.216809063551126,10.74,2.1159328243523507,8.57,2.216809063551126,5.0,0.0,20.29,3.1632198146761143,4.058,0.632643962935223,1.0145,0.15816099073380574,0.0,0.0
4,78.0,78.0,100,11.62,3.054322983721415,0.568542067501978,0.10400167782786796,0.45970052251669896,0.11104782206562534,0.05735267309180353,0.08057138906357217,0.00491122574124997,0.016135489655199522,2.79,0.45604802157206864,3.34,0.8192137151629671,1.66,0.8192137151629671,0.0,0.0,11.33,2.174484729397711,10.62,2.187106385943387,8.67,2.174484729397711,5.0,0.0,20.29,3.1632198146761143,4.058,0.632643962935223,1.0145,0.15816099073380574,0.0,0.0
4,79.0,79.0,100,11.51,3.0434397073911703,0.5628628864618129,0.10208067884014109,0.4656627357420701,0.10904695413889463,0.05735267309180353,0.08057138906357217,0.005679181040165021,0.01805068521259451,2.82,0.4579268169663901,3.33,0.8047209190618557,1.67,0.8047209190618555,0.0,0.0,11.22,2.1441958300434583,10.58,2.1981626854987764,8.78,2.1441958300434583,5.0,0.0,20.29,3.1632198146761143,4.058,0.632643962935223,1.0145,0.15816099073380574,0.0,0.0
4,80.0,80.0,100,11.47,2.9897298955733196,0.5612062842073846,0.10082329458372584,0.4676627357420701,0.1085053407517284,0.05735267309180353,0.08057138906357217,0.0016566022544283398,0.00817370658667488,2.83,0.47258156262526085,3.33,0.8047209190618557,1.67,0.8047209190618555,0.0,0.0,11.18,2.143253450606193,10.53,2.16703959494528,8.82,2.143253450606193,5.0,0.0,20.29,3.1632198146761143,4.058,0.632643962935223,1.0145,0.15816099073380574,0.0,0.0
4,81.0,81.0,100,11.37,2.9186097423744113,0.5565818456956463,0.09897026272209335,0.47279723866604667,0.10695565709060688,0.05735267309180353,0.08057138906357217,0.004624438511738284,0.015272323257409792,2.87,0.4852365870939098,3.33,0.8047209190618557,1.67,0.8047209190618555,0.0,0.0,11.08,2.1257440765030675,10.47,2.1341617709645315,8.92,2.1257440765030675,5.0,0.0,20.29,3.1632198146761143,4.058,0.632643962935223,1.0145,0.15816099073380574,0.0,0.0
4,82.0,82.0,100,11.26,2.8377683649179852,0.5517480297129174,0.09832889457028726,0.4784222386660467,0.10832375434505445,0.05735267309180353,0.08057138906357217,0.004833815982729025,0.013995185089338434,2.9,0.4819992036541475,3.32,0.8025212794938238,1.68,0.8025212794938238,0.0,0.0,10.97,2.167039594945281,10.34,2.0509667589857825,9.03,2.167039594945281,5.0,0.0,20.29,3.1632198146761143,4.058,0.632643962935223,1.0145,0.15816099073380574,0.0,0.0
4,83.0,83.0,100,11.2,2.8533163409292954,0.5484269589857353,0.09807702946278309,0.48183233630834255,0.10748214391922745,0.05735267309180353,0.08057138906357217,0.0033210707271819147,0.013473698796885114,2.91,0.49431107042371036,3.31,0.8127146181194542,1.68,0.8025212794938238,0.01,0.09999999999999999,10.89,2.1220106721996697,10.25,2.1003847651361793,9.11,2.1220106721996697,5.0,0.0,20.29,3.1632198146761143,4.058,0.632643962935223,1.0145,0.15816099073380574,0.0,0.0
4,84.0,84.0,100,11.17,2.8535110394959493,0.5469896701113756,0.09839335386452072,0.48335865209781614,0.10773150638297926,0.05735267309180353,0.08057138906357217,0.001437288874359815,0.008239738666570509,2.93,0.517472489875334,3.31,0.8127146181194542,1.68,0.8025212794938238,0.01,0.09999999999999999,10.87,2.139833846093871,10.11,2.0932551616363377,9.13,2.139833846093871,5.0,0.0,20.29,3.1632198146761143,4.058,0.632643962935223,1.0145,0.15816099073380574,0.0,0.0
4,85.0,85.0,100,11.11,2.852944606769106,0.5440422802269148,0.09858353685968331,0.4864405234428454,0.10760926298746708,0.05735267309180353,0.08057138906357217,0.002947389884460823,0.011768748510717806,2.96,0.5108914767444265,3.3,0.7977240352174657,1.7,0.7977240352174657,0.0,0.0,10.82,2.1573459189804067,10.04,2.069109016270559,9.18,2.1573459189804067,5.0,0.0,20.29,3.1632198146761143,4.058,0.632643962935223,1.0145,0.15816099073380574,0.0,0.0
4,86.0,86.0,100,11.02,2.796028930068103,0.5397616823224038,0.09627493236714826,0.4911627456650677,0.10596807461123793,0.05735267309180353,0.08057138906357217,0.0042805979045109485,0.015459753262216722,2.97,0.5016135580465918,3.28,0.8050346626579552,1.72,0.8050346626579554,0.0,0.0,10.73,2.13605413618833,9.98,2.103292272566603,9.27,2.13605413618833,5.0,0.0,20.29,3.1632198146761143,4.058,0.632643962935223,1.0145,0.15816099073380574,0.0,0.0
4,87.0,87.0,100,10.95,2.7647675117339237,0.5364061646180505,0.09526253483735163,0.4948655320427766,0.1055283237620758,0.05735267309180353,0.08057138906357217,0.0033555177043533523,0.012474790641054646,3.01,0.5411361037930131,3.28,0.8050346626579552,1.72,0.8050346626579554,0.0,0.0,10.66,2.1330492235058687,9.88,2.119081180725517,9.34,2.1330492235058687,5.0,0.0,20.29,3.1632198146761143,4.058,0.632643962935223,1.0145,0.15816099073380574,0.0,0.0
4,88.0,88.0,100,10.88,2.764420409782167,0.5332213947222966,0.0970063825057368,0.4984474033878059,0.10834760420912751,0.05735267309180353,0.08057138906357217,0.0031847698957538765,0.014546375869972665,3.03,0.5587684871413403,3.25,0.7833494518006403,1.74,0.7865022940753945,0.01,0.09999999999999999,10.58,2.207333964837046,9.78,2.1676221669345095,9.42,2.207333964837046,5.0,0.0,20.29,3.1632198146761143,4.058,0.632643962935223,1.0145,0.15816099073380574,0.0,0.0
4,89.0,89.0,100,10.82,2.7611299107137977,0.5302890969158569,0.09710251290697101,0.5015555905223088,0.10829071920978854,0.05735267309180353,0.08057138906357217,0.0029322978064396836,0.011726505827997016,3.05,0.557320429022713,3.24,0.7800543881581903,1.75,0.7833494518006402,0.01,0.09999999999999999,10.52,2.208706372151771,9.67,2.1605040564131737,9.48,2.208706372151771,5.0,0.0,20.29,3.1632198146761143,4.058,0.632643962935223,1.0145,0.15816099073380574,0.0,0.0
4,90.0,90.0,100,10.74,2.7325941350794682,0.5263496338024808,0.09605913756976701,0.5058803768470951,0.10806564931192897,0.05735267309180353,0.08057138906357217,0.003939463113376158,0.013836542071567348,3.08,0.5445784209511579,3.24,0.7800543881581903,1.75,0.7833494518006403,0.01,0.09999999999999999,10.44,2.2125445838114843,9.61,2.196852661459484,9.56,2.2125445838114843,5.0,0.0,20.29,3.1632198146761143,4.058,0.632643962935223,1.0145,0.15816099073380574,0.0,0.0
4,91.0,91.0,100,10.58,2.663558795023202,0.5187229844538634,0.09470809082326179,0.5142107862038202,0.10747730497118346,0.05735267309180353,0.08057138906357217,0.007626649348617311,0.019627471168972,3.12,0.537107855541928,3.22,0.7464393593398712,1.78,0.746439359339871,0.0,0.0,10.29,2.2032803826214318,9.48,2.204128357918798,9.71,2.2032803826214318,5.0,0.0,20.29,3.1632198146761143,4.058,0.632643962935223,1.0145,0.15816099073380574,0.0,0.0
4,92.0,92.0,100,10.46,2.6416248443300603,0.5126738035305407,0.09423341463261575,0.5205332590526089,0.10631464777654795,0.05735267309180353,0.08057138906357217,0.0060491809233228,0.018153552767638307,3.18,0.5752469825293227,3.19,0.7479939501726932,1.81,0.7479939501726931,0.0,0.0,10.17,2.179125021329859,9.44,2.203394992948267,9.83,2.179125021329859,5.0,0.0,20.29,3.1632198146761143,4.058,0.632643962935223,1.0145,0.15816099073380574,0.0,0.0
4,93.0,93.0,100,10.4,2.655278714279361,0.5095406082234323,0.09495839293821141,0.5237554812748312,0.10639031483870638,0.05735267309180353,0.08057138906357217,0.003133195307108352,0.012595937207209855,3.2,0.5860327153276883,3.16,0.7617099317995139,1.83,0.7528397417562896,0.01,0.1,10.1,2.1811867773246187,9.37,2.1911437906059725,9.9,2.1811867773246187,5.0,0.0,20.29,3.1632198146761143,4.058,0.632643962935223,1.0145,0.15816099073380574,0.0,0.0
4,94.0,94.0,100,10.34,2.637032308095484,0.5066257087953749,0.09398953078918902,0.5268929081754159,0.10574167703109535,0.05735267309180353,0.08057138906357217,0.002914899428057324,0.011710408686629847,3.22,0.5787482137765049,3.16,0.7617099317995139,1.84,0.761709931799514,0.0,0.0,10.05,2.1713236664869804,9.3,2.1765508809521865,9.95,2.1713236664869804,5.0,0.0,20.29,3.1632198146761143,4.058,0.632643962935223,1.0145,0.15816099073380574,0.0,0.0
4,95.0,95.0,100,10.25,2.606809265261758,0.5020349672355932,0.09189533298319555,0.531674125925674,0.10288299190064519,0.05735267309180353,0.08057138906357217,0.004590741559781807,0.01592091480923466,3.26,0.5617433182117573,3.14,0.7916228058025278,1.85,0.7833494518006404,0.01,0.1,9.95,2.119533968216656,9.2,2.1695784629901516,10.05,2.119533968216656,5.0,0.0,20.29,3.1632198146761143,4.058,0.632643962935223,1.0145,0.15816099073380574,0.0,0.0
4,96.0,96.0,100,10.18,2.595178123934751,0.49854515735282995,0.09176290147578689,0.535455343675932,0.10332610107202908,0.05735267309180353,0.08057138906357217,0.0034898098827631733,0.013049570735246435,3.3,0.5773502691896258,3.14,0.7916228058025278,1.85,0.7833494518006404,0.01,0.1,9.88,2.1238425249314203,9.16,2.135415650406262,10.12,2.1238425249314203,5.0,0.0,20.29,3.1632198146761143,4.058,0.632643962935223,1.0145,0.15816099073380574,0.0,0.0
4,97.0,97.0,100,10.15,2.5834555200820515,0.497149276345965,0.09142427493053834,0.5369816594654057,0.10324804362581719,0.05735267309180353,0.08057138906357217,0.0013958810068649896,0.008012586727461657,3.31,0.5807518637703434,3.14,0.7916228058025278,1.86,0.791622805802528,0.0,0.0,9.86,2.1273590589405837,9.09,2.170020713954109,10.14,2.1273590589405837,5.0,0.0,20.29,3.1632198146761143,4.058,0.632643962935223,1.0145,0.15816099073380574,0.0,0.0
4,98.0,98.0,100,10.01,2.6533569360911535,0.4895363159209336,0.09643058036654636,0.5449418885637926,0.10743430772167335,0.05735267309180353,0.08057138906357217,0.007612960425031363,0.02197140290212735,3.36,0.5949280577846315,3.12,0.8199531891048613,1.88,0.8199531891048611,0.0,0.0,9.72,2.1465499685953664,8.94,2.1965077884329167,10.28,2.1465499685953664,5.0,0.0,20.29,3.1632198146761143,4.058,0.632643962935223,1.0145,0.15816099073380574,0.0,0.0
4,99.0,99.0,100,9.91,2.655640081491512,0.48464425039907266,0.09721627804629486,0.5501967905245769,0.10856900860037462,0.05735267309180353,0.08057138906357217,0.0048920655218609175,0.014917597884109913,3.4,0.603022689155527,3.11,0.8151965741742628,1.89,0.8151965741742631,0.0,0.0,9.62,2.1778499266547966,8.85,2.2400171355765934,10.38,2.1778499266547966,5.0,0.0,20.29,3.1632198146761143,4.058,0.632643962935223,1.0145,0.15816099073380574,0.0,0.0
4,100.0,100.0,100,9.83,2.6440518340248356,0.48057118560696765,0.0956320328963459,0.5544224527192794,0.10659828453511866,0.05735267309180353,0.08057138906357217,0.004073064792105041,0.016045007580308166,3.42,0.6060303022726893,3.1,0.8102873913406629,1.89,0.8027100562117273,0.01,0.09999999999999999,9.53,2.167039594945281,8.79,2.2032803826214327,10.47,2.167039594945281,5.0,0.0,20.29,3.1632198146761143,4.058,0.632643962935223,1.0145,0.15816099073380574,0.0,0.0
4,101.0,101.0,100,9.77,2.666117367668164,0.47715890490521323,0.09579517267009516,0.5578347334210337,0.10560868874367896,0.05735267309180353,0.08057138906357217,0.0034122807017543883,0.013682833098157572,3.45,0.6092717958449423,3.1,0.8102873913406629,1.9,0.8102873913406629,0.0,0.0,9.48,2.105692141301618,8.75,2.208226126614443,10.52,2.105692141301618,5.0,0.0,20.29,3.1632198146761143,4.058,0.632643962935223,1.0145,0.15816099073380574,0.0,0.0
4,102.0,102.0,100,9.67,2.6592890369078317,0.47251329087012556,0.09720538884425153,0.5629136807894548,0.10792064357446574,0.05735267309180353,0.08057138906357217,0.004645614035087718,0.014130482293065023,3.48,0.6110100926607787,3.09,0.8176709965419213,1.91,0.8176709965419212,0.0,0.0,9.38,2.1732069121066875,8.68,2.205960703698646,10.62,2.1732069121066875,5.0,0.0,20.29,3.1632198146761143,4.058,0.632643962935223,1.0145,0.15816099073380574,0.0,0.0
4,103.0,103.0,100,9.57,2.656248588829096,0.4677811652662608,0.09833214566893293,0.5680247919005659,0.1093892168664049,0.05735267309180353,0.08057138906357217,0.004732125603864735,0.016030503388169928,3.52,0.6432242017658958,3.08,0.8125281657899743,1.92,0.8125281657899743,0.0,0.0,9.28,2.2205650386577496,8.64,2.2225656300316485,10.72,2.2205650386577496,5.0,0.0,20.29,3.1632198146761143,4.058,0.632643962935223,1.0145,0.15816099073380574,0.0,0.0
4,104.0,104.0,100,9.51,2.6419116127715117,0.46487457814628697,0.09780530560955668,0.5711037392689869,0.10872899615191839,0.05735267309180353,0.08057138906357217,0.002906587119973848,0.011616545329733535,3.55,0.6571287406727709,3.07,0.8196451560389908,1.93,0.8196451560389908,0.0,0.0,9.22,2.2182894492847587,8.54,2.2492198422986354,10.78,2.2182894492847587,5.0,0.0,20.29,3.1632198146761143,4.058,0.632643962935223,1.0145,0.15816099073380574,0.0,0.0
4,105.0,105.0,100,9.42,2.6099266602180937,0.4604675733153691,0.09585052405047129,0.5756592948245425,0.1062018836998274,0.05735267309180353,0.08057138906357217,0.0044070048309178735,0.01581800561898636,3.61,0.6339709708805221,3.07,0.8196451560389908,1.93,0.8196451560389908,0.0,0.0,9.13,2.191143790605973,8.46,2.2804394401965693,10.87,2.191143790605973,5.0,0.0,20.29,3.1632198146761143,4.058,0.632643962935223,1.0145,0.15816099073380574,0.0,0.0
4,106.0,106.0,100,9.38,2.62382248722059,0.4583007645628826,0.09626540733807475,0.5778913209683334,0.10608292927003175,0.05735267309180353,0.08057138906357217,0.0021668087524865025,0.010743890972306772,3.63,0.6459665063087461,3.07,0.8196451560389908,1.93,0.8196451560389908,0.0,0.0,9.09,2.1793104274962625,8.41,2.3054393301604157,10.91,2.1793104274962625,5.0,0.0,20.29,3.1632198146761143,4.058,0.632643962935223,1.0145,0.15816099073380574,0.0,0.0
4,107.0,107.0,100,9.26,2.603882105664928,0.4524890085103472,0.09593624418549734,0.5841725387185914,0.10657702455596875,0.05735267309180353,0.08057138906357217,0.005811756052535433,0.01603155627151247,3.67,0.6674994798166929,3.07,0.8196451560389908,1.93,0.8196451560389908,0.0,0.0,8.97,2.1994260040916913,8.36,2.2720079669799143,11.03,2.1994260040916913,5.0,0.0,20.29,3.1632198146761143,4.058,0.632643962935223,1.0145,0.15816099073380574,0.0,0.0
4,108.0,108.0,100,9.11,2.628111431612003,0.44509528881190946,0.09846946616281146,0.5921302270570847,0.109887655555501,0.05735267309180353,0.08057138906357217,0.007393719698437695,0.021994746896810774,3.74,0.7194273817250476,3.06,0.8017657281452498,1.94,0.8017657281452499,0.0,0.0,8.82,2.2624738404648745,8.32,2.2736079101931645,11.18,2.2624738404648745,5.0,0.0,20.29,3.1632198146761143,4.058,0.632643962935223,1.0145,0.15816099073380574,0.0,0.0
4,109.0,109.0,100,8.99,2.6609598025349936,0.4390211013184529,0.09987466753666158,0.5983529652751789,0.11017514777758235,0.05735267309180353,0.08057138906357217,0.006074187493456573,0.01806099977707674,3.78,0.718865548463464,3.02,0.7911122460552522,1.98,0.7911122460552521,0.0,0.0,8.7,2.2807937657798445,8.25,2.266911751455907,11.3,2.2807937657798445,5.0,0.0,20.29,3.1632198146761143,4.058,0.632643962935223,1.0145,0.15816099073380574,0.0,0.0
4,110.0,110.0,100,8.92,2.6616619703569504,0.4354819194540422,0.099239431827158,0.6020861524096819,0.1097003610302826,0.05735267309180353,0.08057138906357217,0.0035391818644106964,0.013093618274752227,3.82,0.687257762650399,3.02,0.7911122460552522,1.98,0.7911122460552521,0.0,0.0,8.63,2.277048417348541,8.2,2.2962419891481978,11.37,2.277048417348541,5.0,0.0,20.29,3.1632198146761143,4.058,0.632643962935223,1.0145,0.15816099073380574,0.0,0.0
4,111.0,111.0,100,8.87,2.6615670936385194,0.4330485988336506,0.09935675121576032,0.6046680237547111,0.1098309341978805,0.05735267309180353,0.08057138906357217,0.00243332062039156,0.010726568643152657,3.82,0.687257762650399,3.01,0.7848952835000386,1.99,0.7848952835000386,0.0,0.0,8.58,2.288221928913276,8.17,2.3140109041762233,11.42,2.288221928913276,5.0,0.0,20.29,3.1632198146761143,4.058,0.632643962935223,1.0145,0.15816099073380574,0.0,0.0
4,112.0,112.0,100,8.82,2.66810567234281,0.4304938348990913,0.09952434739396253,0.6073118146043843,0.10958035797704362,0.05735267309180353,0.08057138906357217,0.002554763934559331,0.011259957816899722,3.84,0.6922368952836297,3.01,0.7848952835000386,1.99,0.7848952835000386,0.0,0.0,8.53,2.285019284669855,8.11,2.251352006814096,11.47,2.285019284669855,5.0,0.0,20.29,3.1632198146761143,4.058,0.632643962935223,1.0145,0.15816099073380574,0.0,0.0
4,113.0,113.0,100,8.77,2.669903338771619,0.42785626591268666,0.09897174050288335,0.6100146009820933,0.10849102846568821,0.05735267309180353,0.08057138906357217,0.0026375689864046314,0.011627718745770788,3.86,0.7109532653097145,3.0,0.7913675671030664,2.0,0.7913675671030662,0.0,0.0,8.48,2.2629202550704437,8.1,2.2540647907298674,11.52,2.2629202550704433,5.0,0.0,20.29,3.1632198146761143,4.058,0.632643962935223,1.0145,0.15816099073380574,0.0,0.0
4,114.0,114.0,100,8.7,2.6723424446380633,0.42415232279697884,0.09962774567056529,0.6138577382369952,0.10821473148927542,0.05735267309180353,0.08057138906357217,0.003703943115707823,0.01375830468983364,3.88,0.7003606574508954,2.99,0.7976607212735414,2.01,0.7976607212735414,0.0,0.0,8.41,2.238754162926382,8.04,2.2514641700659834,11.59,2.238754162926382,5.0,0.0,20.29,3.1632198146761143,4.058,0.632643962935223,1.0145,0.15816099073380574,0.0,0.0
4,115.0,115.0,100,8.64,2.668635636728282,0.4214949207025058,0.1008661084013688,0.6168840540264688,0.11092280337309289,0.05735267309180353,0.08057138906357217,0.0026574020944730324,0.01067195869148026,3.9,0.7177405625652733,2.97,0.7971540286886502,2.03,0.7971540286886503,0.0,0.0,8.35,2.3066657908563766,7.98,2.30931359778816,11.65,2.306665790856376,5.0,0.0,20.29,3.1632198146761143,4.058,0.632643962935223,1.0145,0.15816099073380574,0.0,0.0
4,116.0,116.0,100,8.55,2.652900071219945,0.4169264161076855,0.09949128172156098,0.6215477967165274,0.10836255325542607,0.05735267309180353,0.08057138906357217,0.004568504594820383,0.016121797924881373,3.93,0.7282884321503674,2.96,0.8030245854570611,2.04,0.8030245854570611,0.0,0.0,8.26,2.268003171037991,7.96,2.3264834520205064,11.74,2.268003171037991,5.0,0.0,20.29,3.1632198146761143,4.058,0.632643962935223,1.0145,0.15816099073380574,0.0,0.0
4,117.0,117.0,100,8.52,2.64567495350354,0.4153167669848784,0.09814073945576957,0.6232407791726677,0.10695048869832538,0.05735267309180353,0.08057138906357217,0.0016096491228070175,0.00936981055196583,3.94,0.708106024133492,2.96,0.8030245854570611,2.04,0.8030245854570611,0.0,0.0,8.23,2.246681053815997,7.89,2.322028893407268,11.77,2.246681053815997,5.0,0.0,20.29,3.1632198146761143,4.058,0.632643962935223,1.0145,0.15816099073380574,0.0,0.0
4,118.0,118.0,100,8.46,2.6185816193064704,0.41245341294761134,0.09673582994097384,0.6262407791726677,0.1052921778414353,0.05735267309180353,0.08057138906357217,0.0028633540372670803,0.011403171906063327,3.94,0.708106024133492,2.95,0.8087276451565161,2.05,0.8087276451565161,0.0,0.0,8.17,2.2340568705854604,7.86,2.3528190699154017,11.83,2.2340568705854604,5.0,0.0,20.29,3.1632198146761143,4.058,0.632643962935223,1.0145,0.15816099073380574,0.0,0.0
4,119.0,119.0,100,8.42,2.598290035987344,0.4107091065293919,0.09656068979121077,0.6282407791726677,0.10596652402001626,0.05735267309180353,0.08057138906357217,0.0017443064182194612,0.008602263384647082,3.95,0.7159792333764037,2.95,0.8087276451565161,2.05,0.8087276451565161,0.0,0.0,8.13,2.2592346965601897,7.81,2.355715165166184,11.87,2.2592346965601897,5.0,0.0,20.29,3.1632198146761143,4.058,0.632643962935223,1.0145,0.15816099073380574,0.0,0.0
4,120.0,120.0,100,8.36,2.603494155588182,0.4077939018510293,0.09699672277466216,0.631322650517697,0.10646285007784118,0.05735267309180353,0.08057138906357217,0.002915204678362574,0.01166834760450103,3.99,0.7316095442601369,2.93,0.8196451560389908,2.07,0.8196451560389909,0.0,0.0,8.07,2.2797084697545666,7.76,2.3660904121321815,11.93,2.279708469754566,5.0,0.0,20.29,3.1632198146761143,4.058,0.632643962935223,1.0145,0.15816099073380574,0.0,0.0
4,121.0,121.0,100,8.31,2.5729556953241555,0.4053080622520318,0.09501520534437678,0.6340156329738373,0.10467822988146556,0.05735267309180353,0.08057138906357217,0.0024858395989974936,0.011101129482528897,4.0,0.7385489458759964,2.92,0.8248660742229857,2.08,0.824866074222986,0.0,0.0,8.02,2.2562147616095967,7.74,2.333852756038539,11.98,2.256214761609596,5.0,0.0,20.29,3.1632198146761143,4.058,0.632643962935223,1.0145,0.15816099073380574,0.0,0.0
4,122.0,122.0,100,8.26,2.564796642656454,0.40291599673017087,0.09516887013361576,0.6366038682679549,0.10504614742339091,0.05735267309180353,0.08057138906357217,0.002392065521860918,0.010564676964955605,4.03,0.744745906095807,2.92,0.8248660742229857,2.08,0.824866074222986,0.0,0.0,7.97,2.26726819112893,7.7,2.3159525823376357,12.03,2.2672681911289296,5.0,0.0,20.29,3.1632198146761143,4.058,0.632643962935223,1.0145,0.15816099073380574,0.0,0.0
4,123.0,123.0,100,8.24,2.5588823317766662,0.40195489833200154,0.09496206016118808,0.6376301840574287,0.10482644985735037,0.05735267309180353,0.08057138906357217,0.0009610983981693367,0.006792800152775156,4.03,0.744745906095807,2.91,0.8052228501376735,2.09,0.8052228501376734,0.0,0.0,7.95,2.2669117514559076,7.66,2.3016024281734095,12.05,2.266911751455907,5.0,0.0,20.29,3.1632198146761143,4.058,0.632643962935223,1.0145,0.15816099073380574,0.0,0.0
4,124.0,124.0,100,8.22,2.5527960507583987,0.40102011572330587,0.09484834569560875,0.6386301840574287,0.10469985179233614,0.05735267309180353,0.08057138906357217,0.0009347826086956534,0.00659275491203806,4.03,0.744745906095807,2.9,0.7977240352174654,2.1,0.7977240352174656,0.0,0.0,7.93,2.2708295107001466,7.65,2.315407331574967,12.07,2.2708295107001466,5.0,0.0,20.29,3.1632198146761143,4.058,0.632643962935223,1.0145,0.15816099073380574,0.0,0.0
4,125.0,125.0,100,8.17,2.51482473233095,0.39895199978127693,0.09451222816449664,0.6411301840574286,0.10625886751063679,0.05735267309180353,0.08057138906357217,0.0020681159420289845,0.010700170410942029,4.06,0.7496800664418135,2.9,0.7977240352174654,2.1,0.7977240352174656,0.0,0.0,7.88,2.31499285510602,7.63,2.320984639537646,12.12,2.314992855106019,5.0,0.0,20.29,3.1632198146761143,4.058,0.632643962935223,1.0145,0.15816099073380574,0.0,0.0
4,126.0,126.0,100,8.14,2.4864074931962015,0.39764145847073556,0.094664695128378,0.6426857396129841,0.1069600708629419,0.05735267309180353,0.08057138906357217,0.0013105413105413113,0.007631473872854582,4.07,0.7555184185763314,2.9,0.7977240352174654,2.1,0.7977240352174656,0.0,0.0,7.85,2.3284581103634165,7.61,2.322028893407268,12.15,2.3284581103634165,5.0,0.0,20.29,3.1632198146761143,4.058,0.632643962935223,1.0145,0.15816099073380574,0.0,0.0
4,127.0,127.0,100,8.1,2.4474270142128836,0.39594591191203116,0.0939049987018914,0.6447120554024579,0.1076568396095333,0.05735267309180353,0.08057138906357217,0.0016955465587044532,0.008433444226649295,4.08,0.7611793083064852,2.88,0.7821235015757879,2.12,0.782123501575788,0.0,0.0,7.81,2.3514233815270096,7.58,2.3577938669849656,12.19,2.35142338152701,5.0,0.0,20.29,3.1632198146761143,4.058,0.632643962935223,1.0145,0.15816099073380574,0.0,0.0
4,128.0,128.0,100,8.09,2.4291786864924303,0.3955887690548883,0.09371017376210124,0.6452120554024579,0.10826516786992121,0.05735267309180353,0.08057138906357217,0.0003571428571428581,0.0035714285714285804,4.09,0.7666666666666666,2.88,0.7821235015757879,2.12,0.782123501575788,0.0,0.0,7.8,2.3655780680331806,7.53,2.341781243826885,12.2,2.3655780680331806,5.0,0.0,20.29,3.1632198146761143,4.058,0.632643962935223,1.0145,0.15816099073380574,0.0,0.0
4,129.0,129.0,100,8.03,2.475965274474592,0.39247567995960103,0.09630932064464479,0.6484084778310785,0.11008880516041414,0.05735267309180353,0.08057138906357217,0.003113089095287238,0.012453457720373862,4.12,0.7691002220225601,2.88,0.7821235015757879,2.12,0.782123501575788,0.0,0.0,7.74,2.39367854351769,7.53,2.341781243826885,12.26,2.39367854351769,5.0,0.0,20.29,3.1632198146761143,4.058,0.632643962935223,1.0145,0.15816099073380574,0.0,0.0
4,130.0,130.0,100,8.02,2.4699404973816805,0.3919493641701273,0.09571247919814643,0.6489347936205522,0.10936849542111836,0.05735267309180353,0.08057138906357217,0.0005263157894736847,0.005263157894736847,4.13,0.7608474807008884,2.88,0.7821235015757879,2.12,0.782123501575788,0.0,0.0,7.73,2.3819820284457194,7.49,2.354857434188647,12.27,2.3819820284457194,5.0,0.0,20.29,3.1632198146761143,4.058,0.632643962935223,1.0145,0.15816099073380574,0.0,0.0
4,131.0,131.0,100,7.99,2.4474063781476874,0.3905395897340372,0.09471811207453139,0.6504874251994995,0.10897762898242033,0.05735267309180353,0.08057138906357217,0.0014097744360902248,0.008175431297431006,4.14,0.7388224318864348,2.88,0.7821235015757879,2.12,0.782123501575788,0.0,0.0,7.7,2.3804761428476167,7.47,2.3589716985897633,12.3,2.380476142847616,5.0,0.0,20.29,3.1632198146761143,4.058,0.632643962935223,1.0145,0.15816099073380574,0.0,0.0
4,132.0,132.0,100,7.95,2.4469110603725954,0.3883694830948902,0.09413671430065783,0.6526575318386463,0.10764041620875021,0.05735267309180353,0.08057138906357217,0.002170106639146887,0.01070531548585137,4.17,0.7255092255537737,2.88,0.7821235015757879,2.12,0.782123501575788,0.0,0.0,7.66,2.3493820378124886,7.46,2.345939970125907,12.34,2.349382037812489,5.0,0.0,20.29,3.1632198146761143,4.058,0.632643962935223,1.0145,0.15816099073380574,0.0,0.0
4,133.0,133.0,100,7.93,2.4628758750204143,0.3873139275393347,0.0948983833726575,0.653713087394202,0.10790252048638296,0.05735267309180353,0.08057138906357217,0.0010555555555555557,0.007436600722307895,4.19,0.7343656645656369,2.88,0.7821235015757879,2.12,0.782123501575788,0.0,0.0,7.64,2.354964667645479,7.42,2.353505874007945,12.36,2.3549646676454787,5.0,0.0,20.29,3.1632198146761143,4.058,0.632643962935223,1.0145,0.15816099073380574,0.0,0.0
4,134.0,134.0,100,7.89,2.5141819964177436,0.38523827805757405,0.09835935452396904,0.6558539542672669,0.11065382632586007,0.05735267309180353,0.08057138906357217,0.002075649481760668,0.01027888927525955,4.19,0.7343656645656369,2.87,0.7996842811353425,2.13,0.7996842811353426,0.0,0.0,7.6,2.395281557014485,7.4,2.36557806803318,12.4,2.395281557014485,5.0,0.0,20.29,3.1632198146761143,4.058,0.632643962935223,1.0145,0.15816099073380574,0.0,0.0
4,135.0,135.0,100,7.85,2.532116932848118,0.38326897981195995,0.09923770819181384,0.6579065858462143,0.11148583324927755,0.05735267309180353,0.08057138906357217,0.001969298245614036,0.009738221975973202,4.19,0.7343656645656369,2.86,0.8042814724141586,2.14,0.8042814724141588,0.0,0.0,7.56,2.4176121452475545,7.4,2.36557806803318,12.44,2.4176121452475545,5.0,0.0,20.29,3.1632198146761143,4.058,0.632643962935223,1.0145,0.15816099073380574,0.0,0.0
4,136.0,136.0,100,7.84,2.5454256852620776,0.3827426640224863,0.10001766532724846,0.6584329016356879,0.11198536136426618,0.05735267309180353,0.08057138906357217,0.0005263157894736851,0.00526315789473685,4.2,0.7385489458759966,2.86,0.8042814724141586,2.14,0.8042814724141588,0.0,0.0,7.55,2.4261829354695483,7.34,2.31473104225519,12.45,2.4261829354695483,5.0,0.0,20.29,3.1632198146761143,4.058,0.632643962935223,1.0145,0.15816099073380574,0.0,0.0
4,137.0,137.0,100,7.81,2.5532510470165115,0.381219646119673,0.1005854474234968,0.6600211369298057,0.11239160778695828,0.05735267309180353,0.08057138906357217,0.0015230179028132992,0.008772436416498691,4.21,0.7425726505966549,2.85,0.8087276451565163,2.15,0.8087276451565164,0.0,0.0,7.52,2.4307790662022057,7.3,2.311586975096188,12.48,2.4307790662022057,5.0,0.0,20.29,3.1632198146761143,4.058,0.632643962935223,1.0145,0.15816099073380574,0.0,0.0
4,138.0,138.0,100,7.74,2.5330940875864956,0.3777045325782437,0.0987487267714281,0.6636293240643085,0.11000622539356199,0.05735267309180353,0.08057138906357217,0.0035151135414293305,0.012906910971551533,4.24,0.726413634010794,2.84,0.8130252769810424,2.16,0.8130252769810425,0.0,0.0,7.45,2.4010729924663927,7.27,2.3218548837104573,12.55,2.4010729924663923,5.0,0.0,20.29,3.1632198146761143,4.058,0.632643962935223,1.0145,0.15816099073380574,0.0,0.0
4,139.0,139.0,100,7.74,2.5330940875864956,0.3777045325782437,0.0987487267714281,0.6636293240643085,0.11000622539356199,0.05735267309180353,0.08057138906357217,0.0,0.0,4.24,0.726413634010794,2.84,0.8130252769810424,2.16,0.8130252769810425,0.0,0.0,7.45,2.4010729924663927,7.22,2.3075633219585736,12.55,2.4010729924663923,5.0,0.0,20.29,3.1632198146761143,4.058,0.632643962935223,1.0145,0.15816099073380574,0.0,0.0
4,140.0,140.0,100,7.71,2.5317977802344327,0.37601155012210336,0.0975033984249508,0.6653223065204489,0.10823863735166138,0.05735267309180353,0.08057138906357217,0.0016929824561403512,0.009758657687986044,4.25,0.7159792333764037,2.84,0.8130252769810424,2.16,0.8130252769810425,0.0,0.0,7.42,2.370611309303569,7.19,2.334177336532903,12.58,2.3706113093035683,5.0,0.0,20.29,3.1632198146761143,4.058,0.632643962935223,1.0145,0.15816099073380574,0.0,0.0
4,141.0,141.0,100,7.7,2.5366007636881753,0.37548523433262965,0.09768666357206648,0.6658486223099226,0.10820085646741122,0.05735267309180353,0.08057138906357217,0.0005263157894736842,0.005263157894736842,4.25,0.7159792333764037,2.84,0.8130252769810424,2.16,0.8130252769810425,0.0,0.0,7.41,2.3702491025377075,7.17,2.3443678478559216,12.59,2.370249102537707,5.0,0.0,20.29,3.1632198146761143,4.058,0.632643962935223,1.0145,0.15816099073380574,0.0,0.0
4,142.0,142.0,100,7.67,2.5268457600236496,0.3740742612477435,0.0971754190715408,0.6673486223099226,0.10785116577739985,0.05735267309180353,0.08057138906357217,0.0014109730848861286,0.008077183452344395,4.26,0.7052472881009452,2.82,0.808790092756714,2.18,0.8087900927567142,0.0,0.0,7.38,2.37316649056049,7.12,2.3667733650724063,12.62,2.37316649056049,5.0,0.0,20.29,3.1632198146761143,4.058,0.632643962935223,1.0145,0.15816099073380574,0.0,0.0
4,143.0,143.0,100,7.63,2.5292431095232235,0.3719728119723812,0.09727606855997342,0.6695986223099226,0.10800322161091988,0.05735267309180353,0.08057138906357217,0.002101449275362318,0.010539661205172014,4.27,0.6942039987778751,2.8,0.7913675671030663,2.2,0.7913675671030665,0.0,0.0,7.34,2.366517280816694,7.1,2.3548788812706585,12.66,2.3665172808166943,5.0,0.0,20.29,3.1632198146761143,4.058,0.632643962935223,1.0145,0.15816099073380574,0.0,0.0
4,144.0,144.0,100,7.63,2.5292431095232235,0.3719728119723812,0.09727606855997342,0.6695986223099226,0.10800322161091988,0.05735267309180353,0.08057138906357217,0.0,0.0,4.27,0.6942039987778751,2.8,0.7913675671030663,2.2,0.7913675671030665,0.0,0.0,7.34,2.366517280816694,7.08,2.364211274293173,12.66,2.3665172808166943,5.0,0.0,20.29,3.1632198146761143,4.058,0.632643962935223,1.0145,0.15816099073380574,0.0,0.0
4,145.0,145.0,100,7.63,2.5292431095232235,0.3719728119723812,0.09727606855997342,0.6695986223099226,0.10800322161091988,0.05735267309180353,0.08057138906357217,0.0,0.0,4.27,0.6942039987778751,2.8,0.7913675671030663,2.2,0.7913675671030665,0.0,0.0,7.34,2.366517280816694,7.04,2.382257650874799,12.66,2.3665172808166943,5.0,0.0,20.29,3.1632198146761143,4.058,0.632643962935223,1.0145,0.15816099073380574,0.0,0.0
4,146.0,146.0,100,7.57,2.5196400255960887,0.368875067611479,0.09645987458838294,0.6727916047660629,0.1064343620057888,0.05735267309180353,0.08057138906357217,0.003097744360902256,0.012441873060038003,4.31,0.677115092495248,2.8,0.7913675671030663,2.2,0.7913675671030665,0.0,0.0,7.28,2.3401631644745704,7.03,2.380285187904503,12.72,2.3401631644745704,5.0,0.0,20.29,3.1632198146761143,4.058,0.632643962935223,1.0145,0.15816099073380574,0.0,0.0
4,147.0,147.0,100,7.51,2.5125744373113217,0.36593060170362635,0.0961981938230292,0.6758705521344841,0.10572067833537692,0.05735267309180353,0.08057138906357217,0.002944465907852635,0.011749622786163018,4.33,0.6824643402827548,2.77,0.8022065529122494,2.23,0.8022065529122494,0.0,0.0,7.22,2.3380039833718476,6.99,2.359142970562733,12.78,2.3380039833718476,5.0,0.0,20.29,3.1632198146761143,4.058,0.632643962935223,1.0145,0.15816099073380574,0.0,0.0
4,148.0,148.0,100,7.5,2.516611478423583,0.3654306017036263,0.09641153464023608,0.676370552134484,0.1057153250803748,0.05735267309180353,0.08057138906357217,0.0004999999999999999,0.0049999999999999975,4.33,0.6824643402827548,2.77,0.8022065529122494,2.23,0.8022065529122494,0.0,0.0,7.21,2.3410910000909984,6.94,2.360534094674595,12.79,2.341091000090998,5.0,0.0,20.29,3.1632198146761143,4.058,0.632643962935223,1.0145,0.15816099073380574,0.0,0.0
4,149.0,149.0,100,7.46,2.5122729054613373,0.3633152635393751,0.09595487287617278,0.6785511076900396,0.10463828870180458,0.05735267309180353,0.08057138906357217,0.0021153381642512077,0.010510006471186882,4.35,0.6871842709362765,2.76,0.8055363982396382,2.24,0.8055363982396381,0.0,0.0,7.17,2.318371947045703,6.92,2.368479885854421,12.83,2.3183719470457036,5.0,0.0,20.29,3.1632198146761143,4.058,0.632643962935223,1.0145,0.15816099073380574,0.0,0.0
4,150.0,150.0,100,7.4,2.510583657843392,0.3604511285642562,0.09684405450384365,0.6816885345906243,0.10609047124544023,0.05735267309180353,0.08057138906357217,0.002864134975118957,0.011537739670474962,4.35,0.6871842709362765,2.74,0.8241310085125538,2.26,0.8241310085125538,0.0,0.0,7.11,2.347984306385011,6.91,2.361710559674231,12.89,2.3479843063850105,5.0,0.0,20.29,3.1632198146761143,4.058,0.632643962935223,1.0145,0.15816099073380574,0.0,0.0
4,151.0,151.0,100,7.38,2.509698360079525,0.35936289327013854,0.0963656924678365,0.682776769884742,0.10521464594863489,0.05735267309180353,0.08057138906357217,0.001088235294117647,0.0076816599156563905,4.36,0.6744994402884966,2.74,0.8241310085125538,2.26,0.8241310085125538,0.0,0.0,7.09,2.331579427397366,6.9,2.371974415178762,12.91,2.3315794273973656,5.0,0.0,20.29,3.1632198146761143,4.058,0.632643962935223,1.0145,0.15816099073380574,0.0,0.0
4,152.0,152.0,100,7.31,2.4646797894749866,0.35601800965134184,0.09448994019315622,0.6864989921069642,0.10451829055081044,0.05735267309180353,0.08057138906357217,0.0033448836187966622,0.012517300482741774,4.38,0.6633249580710799,2.72,0.8297498710363556,2.28,0.8297498710363556,0.0,0.0,7.02,2.326743942452064,6.89,2.382151646022239,12.98,2.326743942452064,5.0,0.0,20.29,3.1632198146761143,4.058,0.632643962935223,1.0145,0.15816099073380574,0.0,0.0
4,153.0,153.0,100,7.29,2.430010184124646,0.3552167276000598,0.09360652183311553,0.6874989921069643,0.10440226372818147,0.05735267309180353,0.08057138906357217,0.0008012820512820513,0.005641831280324217,4.38,0.6633249580710799,2.72,0.8297498710363556,2.28,0.8297498710363556,0.0,0.0,7.0,2.3311678262929583,6.86,2.403784894324327,13.0,2.331167826292958,5.0,0.0,20.29,3.1632198146761143,4.058,0.632643962935223,1.0145,0.15816099073380574,0.0,0.0
4,154.0,154.0,100,7.27,2.424017034976979,0.35430402918736137,0.09362808480827194,0.6885545476625198,0.10528081702644086,0.05735267309180353,0.08057138906357217,0.0009126984126984128,0.006574075283833727,4.38,0.6633249580710799,2.72,0.8297498710363556,2.28,0.8297498710363556,0.0,0.0,6.98,2.348349947249659,6.8,2.4453625456766077,13.02,2.348349947249659,5.0,0.0,20.29,3.1632198146761143,4.058,0.632643962935223,1.0145,0.15816099073380574,0.0,0.0
4,155.0,155.0,100,7.26,2.423037579384833,0.3538692465786657,0.09375932886232305,0.6890545476625198,0.10569350286194097,0.05735267309180353,0.08057138906357217,0.00043478260869565186,0.004347826086956519,4.38,0.6633249580710799,2.71,0.8323630715188433,2.29,0.8323630715188434,0.0,0.0,6.97,2.3589716985897637,6.79,2.4548241517798415,13.03,2.3589716985897637,5.0,0.0,20.29,3.1632198146761143,4.058,0.632643962935223,1.0145,0.15816099073380574,0.0,0.0
4,156.0,156.0,100,7.24,2.433437108621499,0.35289305610247523,0.09440431893654955,0.6900545476625197,0.10603170998171388,0.05735267309180353,0.08057138906357217,0.0009761904761904761,0.006869842536801754,4.38,0.6633249580710799,2.7,0.810287391340663,2.3,0.810287391340663,0.0,0.0,6.95,2.371442045198949,6.77,2.4447635237111767,13.05,2.3714420451989495,5.0,0.0,20.29,3.1632198146761143,4.058,0.632643962935223,1.0145,0.15816099073380574,0.0,0.0
4,157.0,157.0,100,7.18,2.4551738813938995,0.3498149003550504,0.09545108563876732,0.6932217303250584,0.10628445272965134,0.05735267309180353,0.08057138906357217,0.003078155747424829,0.012301303825033508,4.4,0.6666666666666666,2.69,0.8001893715259096,2.31,0.8001893715259096,0.0,0.0,6.89,2.3779075769349074,6.76,2.4417248415864146,13.11,2.377907576934908,5.0,0.0,20.29,3.1632198146761143,4.058,0.632643962935223,1.0145,0.15816099073380574,0.0,0.0
4,158.0,158.0,100,7.13,2.4889858386600974,0.34728117633912825,0.0973711679386839,0.6958625971981235,0.10786041395230211,0.05735267309180353,0.08057138906357217,0.00253372401592216,0.011174503304358633,4.4,0.6666666666666666,2.69,0.8001893715259096,2.31,0.8001893715259096,0.0,0.0,6.84,2.406724585889135,6.69,2.4275148367884967,13.16,2.4067245858891355,5.0,0.0,20.29,3.1632198146761143,4.058,0.632643962935223,1.0145,0.15816099073380574,0.0,0.0
4,159.0,159.0,100,7.11,2.4899596361987455,0.3463883191962711,0.09775824990731678,0.6968625971981236,0.1085943476335935,0.05735267309180353,0.08057138906357217,0.0008928571428571438,0.006295713965738545,4.4,0.6666666666666666,2.69,0.8001893715259096,2.31,0.8001893715259096,0.0,0.0,6.82,2.426203752050648,6.66,2.4171942997674565,13.18,2.426203752050649,5.0,0.0,20.29,3.1632198146761143,4.058,0.632643962935223,1.0145,0.15816099073380574,0.0,0.0
4,160.0,160.0,100,7.1,2.5005049995001514,0.3458327636407156,0.09830841061235943,0.6974181527536791,0.1088671599539732,0.05735267309180353,0.08057138906357217,0.0005555555555555558,0.0055555555555555575,4.4,0.6666666666666666,2.69,0.8001893715259096,2.31,0.8001893715259096,0.0,0.0,6.81,2.4275148367884976,6.65,2.4136606173523187,13.19,2.427514836788496,5.0,0.0,20.29,3.1632198146761143,4.058,0.632643962935223,1.0145,0.15816099073380574,0.0,0.0
4,161.0,161.0,100,7.09,2.486712161416631,0.34535657316452506,0.09755001547715668,0.6979181527536791,0.10806315857374899,0.05735267309180353,0.08057138906357217,0.0004761904761904773,0.004761904761904773,4.4,0.6666666666666666,2.69,0.8001893715259096,2.31,0.8001893715259096,0.0,0.0,6.8,2.416274785363585,6.63,2.4273483890904917,13.2,2.4162747853635844,5.0,0.0,20.29,3.1632198146761143,4.058,0.632643962935223,1.0145,0.15816099073380574,0.0,0.0
4,162.0,162.0,100,7.06,2.485594862036413,0.3437899064978584,0.0975534470578254,0.6995848194203457,0.10808260725706055,0.05735267309180353,0.08057138906357217,0.0015666666666666678,0.009155778657672047,4.4,0.6666666666666666,2.67,0.8047209190618557,2.33,0.8047209190618557,0.0,0.0,6.77,2.4114834698277585,6.6,2.428783625395622,13.23,2.411483469827758,5.0,0.0,20.29,3.1632198146761143,4.058,0.632643962935223,1.0145,0.15816099073380574,0.0,0.0
4,163.0,163.0,100,7.04,2.4981609397330833,0.3428288080996891,0.09849348405293698,0.7006111352098194,0.1089977946063051,0.05735267309180353,0.08057138906357217,0.0009610983981693358,0.006792800152775151,4.4,0.6666666666666666,2.67,0.8047209190618557,2.32,0.789834402794905,0.01,0.1,6.74,2.423037579384833,6.56,2.4713305621617576,13.26,2.4230375793848324,5.0,0.0,20.29,3.1632198146761143,4.058,0.632643962935223,1.0145,0.15816099073380574,0.0,0.0
4,164.0,164.0,100,7.03,2.5043598347318587,0.3422732525441335,0.09870404093511176,0.7011666907653749,0.1089646106767873,0.05735267309180353,0.08057138906357217,0.0005555555555555552,0.005555555555555552,4.4,0.6666666666666666,2.66,0.8067893720848651,2.34,0.8067893720848651,0.0,0.0,6.74,2.427202737991437,6.54,2.4920884917083206,13.26,2.427202737991437,5.0,0.0,20.29,3.1632198146761143,4.058,0.632643962935223,1.0145,0.15816099073380574,0.0,0.0
4,165.0,165.0,100,7.0,2.5025239784318276,0.3408248398457209,0.09908393376068535,0.7027222463209306,0.10930227018137184,0.05735267309180353,0.08057138906357217,0.001448412698412698,0.008336553696452855,4.4,0.6666666666666666,2.64,0.8105366721929964,2.36,0.8105366721929964,0.0,0.0,6.71,2.434163411760089,6.49,2.4883364285840015,13.29,2.4341634117600885,5.0,0.0,20.29,3.1632198146761143,4.058,0.632643962935223,1.0145,0.15816099073380574,0.0,0.0
4,166.0,166.0,100,6.98,2.514523470327586,0.3397366045516032,0.09941868239053026,0.7038104816150482,0.10916821162856795,0.05735267309180353,0.08057138906357217,0.001088235294117647,0.00768165991565639,4.4,0.6666666666666666,2.64,0.8105366721929964,2.36,0.8105366721929964,0.0,0.0,6.69,2.4316723264104274,6.48,2.500424206434022,13.31,2.4316723264104274,5.0,0.0,20.29,3.1632198146761143,4.058,0.632643962935223,1.0145,0.15816099073380574,0.0,0.0
4,167.0,167.0,100,6.93,2.5554655232274297,0.33725790780974857,0.10175069658847186,0.7063367974045218,0.1106845772519606,0.05735267309180353,0.08057138906357217,0.002478696741854637,0.01298438718287858,4.41,0.668104510060841,2.63,0.8122173167921066,2.37,0.8122173167921066,0.0,0.0,6.64,2.4721478822099523,6.46,2.5122729054613377,13.36,2.4721478822099523,5.0,0.0,20.29,3.1632198146761143,4.058,0.632643962935223,1.0145,0.15816099073380574,0.0,0.0
4,168.0,168.0,100,6.88,2.5157283018817607,0.3351003738783016,0.10091501684085231,0.7088367974045218,0.11108114650605277,0.05735267309180353,0.08057138906357217,0.002157533931446974,0.011663159991944073,4.42,0.6693883835866948,2.62,0.8137703743822466,2.38,0.8137703743822466,0.0,0.0,6.59,2.4948229224017915,6.42,2.535326169919521,13.41,2.4948229224017915,5.0,0.0,20.29,3.1632198146761143,4.058,0.632643962935223,1.0145,0.15816099073380574,0.0,0.0
4,169.0,169.0,100,6.87,2.5292431095232235,0.3344337072116349,0.10158962386717056,0.7095034640711886,0.11142915920496081,0.05735267309180353,0.08057138906357217,0.000666666666666666,0.00666666666666666,4.43,0.670519171684121,2.62,0.8137703743822466,2.38,0.8137703743822466,0.0,0.0,6.58,2.4870574069479265,6.41,2.530999722631276,13.42,2.487057406947926,5.0,0.0,20.29,3.1632198146761143,4.058,0.632643962935223,1.0145,0.15816099073380574,0.0,0.0
4,170.0,170.0,100,6.84,2.509456861030637,0.33307916175708946,0.10091431358635712,0.7110034640711885,0.11117613904352834,0.05735267309180353,0.08057138906357217,0.0013545454545454538,0.007773716636188973,4.43,0.670519171684121,2.61,0.8151965741742628,2.39,0.8151965741742628,0.0,0.0,6.55,2.4919060896422165,6.38,2.5496286122896525,13.45,2.491906089642215,5.0,0.0,20.29,3.1632198146761143,4.058,0.632643962935223,1.0145,0.15816099073380574,0.0,0.0
4,171.0,171.0,100,6.83,2.5148247323309496,0.3324909264629718,0.10096879545446011,0.7115916993653062,0.11098985129777111,0.05735267309180353,0.08057138906357217,0.0005882352941176472,0.005882352941176472,4.43,0.670519171684121,2.61,0.8151965741742628,2.39,0.8151965741742628,0.0,0.0,6.54,2.4839688021593616,6.34,2.5394662606321217,13.46,2.4839688021593607,5.0,0.0,20.29,3.1632198146761143,4.058,0.632643962935223,1.0145,0.15816099073380574,0.0,0.0
4,172.0,172.0,100,6.79,2.543738599110777,0.33046210440783397,0.10261611571614597,0.7136443309442535,0.11183558006332413,0.05735267309180353,0.08057138906357217,0.002028822055137845,0.009998044257233262,4.44,0.6714976477316142,2.59,0.8176709965419211,2.41,0.8176709965419211,0.0,0.0,6.5,2.5045413298101655,6.31,2.5294028520342087,13.5,2.504541329810166,5.0,0.0,20.29,3.1632198146761143,4.058,0.632643962935223,1.0145,0.15816099073380574,0.0,0.0
4,173.0,173.0,100,6.78,2.5488361376451127,0.32998591393164345,0.10293585568819813,0.7141443309442534,0.1121111942052902,0.05735267309180353,0.08057138906357217,0.000476190476190477,0.004761904761904768,4.44,0.6714976477316142,2.58,0.8062884162016778,2.42,0.8062884162016778,0.0,0.0,6.49,2.5125744373113217,6.29,2.5556236266735604,13.51,2.5125744373113217,5.0,0.0,20.29,3.1632198146761143,4.058,0.632643962935223,1.0145,0.15816099073380574,0.0,0.0
4,174.0,174.0,100,6.76,2.5509752541870627,0.3290303583760879,0.10318196621153025,0.7151998864998091,0.11273049732209608,0.05735267309180353,0.08057138906357217,0.0009555555555555551,0.006812874851969394,4.44,0.6714976477316142,2.58,0.8062884162016778,2.42,0.8062884162016778,0.0,0.0,6.47,2.5244461338733855,6.25,2.544056253745625,13.53,2.5244461338733855,5.0,0.0,20.29,3.1632198146761143,4.058,0.632643962935223,1.0145,0.15816099073380574,0.0,0.0
4,175.0,175.0,100,6.72,2.5269456949951548,0.32720672878930046,0.1027938629105335,0.7172817578448384,0.11334800856630418,0.05735267309180353,0.08057138906357217,0.0018236295867874808,0.00914459630331457,4.46,0.6730002176294543,2.58,0.8062884162016778,2.42,0.8062884162016778,0.0,0.0,6.43,2.5396054732174362,6.22,2.5488361376451127,13.57,2.5396054732174362,5.0,0.0,20.29,3.1632198146761143,4.058,0.632643962935223,1.0145,0.15816099073380574,0.0,0.0
4,176.0,176.0,100,6.69,2.51739403496408,0.32570819077760454,0.10233192187173078,0.7188636291898676,0.1127877850786135,0.05735267309180353,0.08057138906357217,0.0014985380116959077,0.008626979263129905,4.46,0.6730002176294543,2.58,0.8062884162016778,2.42,0.8062884162016778,0.0,0.0,6.4,2.530620557104602,6.21,2.551668101656268,13.6,2.530620557104602,5.0,0.0,20.29,3.1632198146761143,4.058,0.632643962935223,1.0145,0.15816099073380574,0.0,0.0
4,177.0,177.0,100,6.66,2.539466260632121,0.32418187498813084,0.1035751682600567,0.7203899449793413,0.11331214412802734,0.05735267309180353,0.08057138906357217,0.001526315789473684,0.011253335807829237,4.46,0.6730002176294543,2.57,0.807227453457922,2.43,0.807227453457922,0.0,0.0,6.37,2.5451677327592357,6.15,2.563831570761294,13.63,2.5451677327592357,5.0,0.0,20.29,3.1632198146761143,4.058,0.632643962935223,1.0145,0.15816099073380574,0.0,0.0
4,178.0,178.0,100,6.62,2.537715508089904,0.3222304384257103,0.10346350912264277,0.7224718163243705,0.11333385509224965,0.05735267309180353,0.08057138906357217,0.0019514365624205426,0.011475546712546643,4.46,0.6730002176294543,2.55,0.7961396760860395,2.45,0.7961396760860395,0.0,0.0,6.33,2.550717862908718,6.12,2.563457261456319,13.67,2.550717862908718,5.0,0.0,20.29,3.1632198146761143,4.058,0.632643962935223,1.0145,0.15816099073380574,0.0,0.0
4,179.0,179.0,100,6.59,2.5029074003137732,0.32083455741884537,0.10184279409472323,0.7239981321138441,0.11187142969053128,0.05735267309180353,0.08057138906357217,0.0013958810068649885,0.010118825039054329,4.46,0.6730002176294543,2.54,0.7839294959021853,2.46,0.7839294959021853,0.0,0.0,6.3,2.532615528291141,6.11,2.5579940057266226,13.7,2.5326155282911404,5.0,0.0,20.29,3.1632198146761143,4.058,0.632643962935223,1.0145,0.15816099073380574,0.0,0.0
4,180.0,180.0,100,6.59,2.5029074003137732,0.32083455741884537,0.10184279409472323,0.7239981321138441,0.11187142969053128,0.05735267309180353,0.08057138906357217,0.0,0.0,4.46,0.6730002176294543,2.54,0.7839294959021853,2.46,0.7839294959021853,0.0,0.0,6.3,2.532615528291141,6.09,2.5469133626347946,13.7,2.5326155282911404,5.0,0.0,20.29,3.1632198146761143,4.058,0.632643962935223,1.0145,0.15816099073380574,0.0,0.0
4,181.0,181.0,100,6.51,2.516591409671487,0.31653349839874606,0.1024691168420564,0.7283825244672768,0.11115205576592681,0.05735267309180353,0.08057138906357217,0.004301059020099267,0.014840890661160695,4.48,0.6739001514626735,2.52,0.7847022210734309,2.48,0.7847022210734309,0.0,0.0,6.22,2.5048639552565395,6.07,2.5633587499232484,13.78,2.5048639552565395,5.0,0.0,20.29,3.1632198146761143,4.058,0.632643962935223,1.0145,0.15816099073380574,0.0,0.0
4,182.0,182.0,100,6.46,2.483968802159361,0.3143668317320794,0.10177002413318521,0.7308825244672768,0.1119526824814543,0.05735267309180353,0.08057138906357217,0.002166666666666668,0.00955888802015507,4.48,0.6739001514626735,2.5,0.758786910639328,2.5,0.758786910639328,0.0,0.0,6.17,2.534828107654153,6.03,2.5443738687225954,13.83,2.534828107654153,5.0,0.0,20.29,3.1632198146761143,4.058,0.632643962935223,1.0145,0.15816099073380574,0.0,0.0
4,183.0,183.0,100,6.45,2.4756388829528184,0.3138906412558889,0.10134075496564139,0.7313825244672768,0.1114728601257919,0.05735267309180353,0.08057138906357217,0.0004761904761904762,0.004761904761904761,4.48,0.6739001514626735,2.5,0.758786910639328,2.5,0.758786910639328,0.0,0.0,6.16,2.529502685980752,6.01,2.5484992613003605,13.84,2.529502685980752,5.0,0.0,20.29,3.1632198146761143,4.058,0.632643962935223,1.0145,0.15816099073380574,0.0,0.0
4,184.0,184.0,100,6.44,2.471330562161757,0.3133906412558889,0.10103449641958727,0.7318825244672768,0.11098868827024831,0.05735267309180353,0.08057138906357217,0.0005000000000000004,0.005000000000000003,4.49,0.6589707309451797,2.5,0.758786910639328,2.5,0.758786910639328,0.0,0.0,6.15,2.5241260113576187,6.0,2.5584085962673253,13.85,2.5241260113576183,5.0,0.0,20.29,3.1632198146761143,4.058,0.632643962935223,1.0145,0.15816099073380574,0.0,0.0
4,185.0,185.0,100,6.42,2.4789212381700443,0.31249064125588893,0.1016837190187666,0.7328825244672769,0.11205400477284433,0.05735267309180353,0.08057138906357217,0.0009000000000000002,0.006371495868001452,4.49,0.6589707309451797,2.5,0.758786910639328,2.5,0.758786910639328,0.0,0.0,6.13,2.54913334450766,5.98,2.5662140490330394,13.87,2.5491333445076596,5.0,0.0,20.29,3.1632198146761143,4.058,0.632643962935223,1.0145,0.15816099073380574,0.0,0.0
4,186.0,186.0,100,6.39,2.4777596593077647,0.31094130756360194,0.10154959231555279,0.7344970755508682,0.11166305892527818,0.05735267309180353,0.08057138906357217,0.001549333692286984,0.00892200004425913,4.49,0.6589707309451797,2.48,0.7717224601860151,2.52,0.7717224601860151,0.0,0.0,6.1,2.540579747724022,5.96,2.5659778690086985,13.9,2.540579747724022,5.0,0.0,20.29,3.1632198146761143,4.058,0.632643962935223,1.0145,0.15816099073380574,0.0,0.0
4,187.0,187.0,100,6.37,2.484924241269437,0.30979751671392874,0.10138752342869432,0.7356408664005413,0.1110439326703928,0.05735267309180353,0.08057138906357217,0.0011437908496732027,0.008050222165679874,4.49,0.6589707309451797,2.47,0.7713951678941898,2.53,0.7713951678941898,0.0,0.0,6.08,2.5253462608865616,5.94,2.545822484230219,13.92,2.5253462608865616,5.0,0.0,20.29,3.1632198146761143,4.058,0.632643962935223,1.0145,0.15816099073380574,0.0,0.0
4,188.0,188.0,100,6.36,2.4803062697818574,0.30938085004726207,0.10137543945485254,0.7361408664005412,0.11144848230803668,0.05735267309180353,0.08057138906357217,0.0004166666666666663,0.004166666666666664,4.49,0.6589707309451797,2.47,0.7713951678941898,2.53,0.7713951678941898,0.0,0.0,6.07,2.5356249603192387,5.88,2.5357245492953275,13.93,2.5356249603192387,5.0,0.0,20.29,3.1632198146761143,4.058,0.632643962935223,1.0145,0.15816099073380574,0.0,0.0
4,189.0,189.0,100,6.36,2.4803062697818574,0.30938085004726207,0.10137543945485254,0.7361408664005412,0.11144848230803668,0.05735267309180353,0.08057138906357217,0.0,0.0,4.49,0.6589707309451797,2.47,0.7713951678941898,2.53,0.7713951678941898,0.0,0.0,6.07,2.5356249603192387,5.83,2.5665092434997576,13.93,2.5356249603192387,5.0,0.0,20.29,3.1632198146761143,4.058,0.632643962935223,1.0145,0.15816099073380574,0.0,0.0
4,190.0,190.0,100,6.33,2.52684576002365,0.3076488239034712,0.10420480738092466,0.7378728925443322,0.11332759564685581,0.05735267309180353,0.08057138906357217,0.00173202614379085,0.009901965686763546,4.49,0.6589707309451797,2.45,0.8087276451565162,2.55,0.8087276451565162,0.0,0.0,6.04,2.5462192213618056,5.79,2.5516681016562677,13.96,2.5462192213618065,5.0,0.0,20.29,3.1632198146761143,4.058,0.632643962935223,1.0145,0.15816099073380574,0.0,0.0
4,191.0,191.0,100,6.3,2.540579747724022,0.3060580823436894,0.10454005148192938,0.7394874436279235,0.11315496496074166,0.05735267309180353,0.08057138906357217,0.0015907415597818076,0.009125842172340982,4.5,0.6590473688161075,2.44,0.8080404030302525,2.56,0.8080404030302525,0.0,0.0,6.01,2.5445326613440167,5.71,2.5674536377154276,13.99,2.544532661344017,5.0,0.0,20.29,3.1632198146761143,4.058,0.632643962935223,1.0145,0.15816099073380574,0.0,0.0
4,192.0,192.0,100,6.27,2.53403100441039,0.3046207934693296,0.10431933014883915,0.7410137594173972,0.11285466674200455,0.05735267309180353,0.08057138906357217,0.0014372888743598114,0.008239738666570488,4.51,0.6434597143880915,2.43,0.794615719334913,2.57,0.794615719334913,0.0,0.0,5.98,2.5464572339712372,5.69,2.557204123509292,14.02,2.5464572339712372,5.0,0.0,20.29,3.1632198146761143,4.058,0.632643962935223,1.0145,0.15816099073380574,0.0,0.0
4,193.0,193.0,100,6.21,2.5635163665590595,0.3016098285570489,0.10587007999006563,0.7441913909963445,0.11440960277724582,0.05735267309180353,0.08057138906357217,0.0030109649122807016,0.012107284499365824,4.52,0.6432242017658959,2.41,0.792579218868258,2.59,0.792579218868258,0.0,0.0,5.92,2.576819745345025,5.67,2.5427853971103374,14.08,2.5768197453450252,5.0,0.0,20.29,3.1632198146761143,4.058,0.632643962935223,1.0145,0.15816099073380574,0.0,0.0
4,194.0,194.0,100,6.17,2.5704419303247676,0.2996462238932154,0.10650658175554595,0.746244022575292,0.11468974408758789,0.05735267309180353,0.08057138906357217,0.001963604663833497,0.009698757986604838,4.52,0.6432242017658959,2.4,0.8040302522073697,2.6,0.8040302522073697,0.0,0.0,5.88,2.586991544734009,5.67,2.5427853971103374,14.12,2.586991544734009,5.0,0.0,20.29,3.1632198146761143,4.058,0.632643962935223,1.0145,0.15816099073380574,0.0,0.0
4,195.0,195.0,100,6.12,2.579170644242295,0.2973442758412673,0.10736744421190908,0.7487440225752919,0.11594900442993948,0.05735267309180353,0.08057138906357217,0.0023019480519480516,0.010103514604428534,4.52,0.6432242017658959,2.39,0.8151965741742628,2.61,0.8151965741742628,0.0,0.0,5.83,2.6248809496813377,5.65,2.5440562537456253,14.17,2.6248809496813377,5.0,0.0,20.29,3.1632198146761143,4.058,0.632643962935223,1.0145,0.15816099073380574,0.0,0.0
4,196.0,196.0,100,6.11,2.5776623972784796,0.2967560405471497,0.10689433175889163,0.7493322578694095,0.1152737285513501,0.05735267309180353,0.08057138906357217,0.0005882352941176472,0.005882352941176472,4.52,0.6432242017658959,2.39,0.8151965741742628,2.61,0.8151965741742628,0.0,0.0,5.82,2.61070059098273,5.63,2.5292431095232244,14.18,2.61070059098273,5.0,0.0,20.29,3.1632198146761143,4.058,0.632643962935223,1.0145,0.15816099073380574,0.0,0.0
4,197.0,197.0,100,6.09,2.570599112654441,0.29570475849586764,0.10661889316495522,0.7504989245360763,0.11531109636908778,0.05735267309180353,0.08057138906357217,0.001051282051282052,0.0076628547770871925,4.53,0.6428314889862843,2.39,0.8151965741742628,2.61,0.8151965741742628,0.0,0.0,5.8,2.6053557891157184,5.62,2.505670337132129,14.2,2.6053557891157184,5.0,0.0,20.29,3.1632198146761143,4.058,0.632643962935223,1.0145,0.15816099073380574,0.0,0.0
4,198.0,198.0,100,6.04,2.562038329931932,0.2930452473992856,0.1056930899239177,0.7532474625477721,0.11387600839667537,0.05735267309180353,0.08057138906357217,0.0026595110965820347,0.011785790210251832,4.55,0.6092717958449425,2.38,0.8260897302498332,2.62,0.8260897302498332,0.0,0.0,5.75,2.5756238824483644,5.59,2.482646844304552,14.25,2.575623882448365,5.0,0.0,20.29,3.1632198146761143,4.058,0.632643962935223,1.0145,0.15816099073380574,0.0,0.0
4,199.0,199.0,100,6.01,2.5760944521237232,0.29136847972251795,0.10627656450984298,0.7549696847699944,0.11402258461377031,0.05735267309180353,0.08057138906357217,0.0016767676767676764,0.009700476358096495,4.56,0.608359277155375,2.38,0.8260897302498332,2.62,0.8260897302498332,0.0,0.0,5.72,2.5666076341105875,5.54,2.5122729054613377,14.28,2.5666076341105875,5.0,0.0,20.29,3.1632198146761143,4.058,0.632643962935223,1.0145,0.15816099073380574,0.0,0.0
4,200.0,200.0,100,5.98,2.593620767743173,0.28967549726637754,0.10661107440319534,0.7566626672261347,0.11363924754197934,0.05735267309180353,0.08057138906357217,0.0016929824561403523,0.00975865768798605,4.57,0.6072790781740127,2.38,0.8260897302498332,2.62,0.8260897302498332,0.0,0.0,5.69,2.5572041235092926,5.5,2.5005049995001514,14.31,2.5572041235092926,5.0,0.0,20.29,3.1632198146761143,4.058,0.632643962935223,1.0145,0.15816099073380574,0.0,0.0
4,201.0,201.0,100,5.95,2.602931525271559,0.2880936259213483,0.10699340740379826,0.7582445385711639,0.11334665308961364,0.05735267309180353,0.08057138906357217,0.0015818713450292397,0.009048841189472455,4.59,0.6046119049072354,2.37,0.8367203894378398,2.63,0.8367203894378398,0.0,0.0,5.66,2.551371190065246,5.49,2.5004848014783536,14.34,2.5513711900652463,5.0,0.0,20.29,3.1632198146761143,4.058,0.632643962935223,1.0145,0.15816099073380574,0.0,0.0
4,202.0,202.0,100,5.92,2.6157255593850444,0.2864561990207635,0.10731327928517867,0.7598819654717488,0.11297225721413674,0.05735267309180353,0.08057138906357217,0.0016374269005847955,0.009360785343893153,4.59,0.6046119049072354,2.35,0.8453676505795952,2.65,0.8453676505795952,0.0,0.0,5.63,2.5411959325633995,5.44,2.4876259421952547,14.37,2.5411959325634004,5.0,0.0,20.29,3.1632198146761143,4.058,0.632643962935223,1.0145,0.15816099073380574,0.0,0.0
4,203.0,203.0,100,5.89,2.624265168912562,0.28495369275509935,0.10764272252036665,0.7614082812612224,0.11286470270163323,0.05735267309180353,0.08057138906357217,0.0015025062656641602,0.008594045560678163,4.6,0.6030226891555274,2.34,0.8435135751813077,2.66,0.8435135751813077,0.0,0.0,5.6,2.54653656656418,5.4,2.465929455764719,14.4,2.5465365665641806,5.0,0.0,20.29,3.1632198146761143,4.058,0.632643962935223,1.0145,0.15816099073380574,0.0,0.0
4,204.0,204.0,100,5.87,2.6156290164155833,0.28401891014640374,0.10728230470251772,0.7624082812612224,0.11253390125451948,0.05735267309180353,0.08057138906357217,0.0009347826086956518,0.006592754912038047,4.6,0.6030226891555274,2.34,0.8435135751813077,2.66,0.8435135751813077,0.0,0.0,5.58,2.5472504487161935,5.38,2.460926983102427,14.42,2.547250448716193,5.0,0.0,20.29,3.1632198146761143,4.058,0.632643962935223,1.0145,0.15816099073380574,0.0,0.0
4,205.0,205.0,100,5.86,2.6208950587711275,0.28349259435693,0.1075145315974116,0.7629345970506961,0.1125361993421507,0.05735267309180353,0.08057138906357217,0.0005263157894736851,0.00526315789473685,4.6,0.6030226891555274,2.34,0.8435135751813077,2.66,0.8435135751813077,0.0,0.0,5.57,2.5475478405713994,5.37,2.464515851813168,14.43,2.5475478405713994,5.0,0.0,20.29,3.1632198146761143,4.058,0.632643962935223,1.0145,0.15816099073380574,0.0,0.0
4,206.0,206.0,100,5.82,2.6261313098483203,0.28109559852286325,0.10664154264707805,0.7653968102760672,0.11115302794715323,0.05735267309180353,0.08057138906357217,0.0023969958340667717,0.012080323585722157,4.61,0.6012613005301036,2.33,0.841535393303109,2.67,0.841535393303109,0.0,0.0,5.53,2.5083899621111945,5.34,2.4790842232281234,14.47,2.5083899621111945,5.0,0.0,20.29,3.1632198146761143,4.058,0.632643962935223,1.0145,0.15816099073380574,0.0,0.0
4,207.0,207.0,100,5.81,2.6080489243722385,0.2805692827333896,0.10527784343836019,0.7659231260655409,0.10962010585596306,0.05735267309180353,0.08057138906357217,0.0005263157894736847,0.005263157894736847,4.62,0.5822283907453321,2.33,0.841535393303109,2.67,0.841535393303109,0.0,0.0,5.52,2.4842127789932023,5.28,2.429116312696051,14.48,2.4842127789932023,5.0,0.0,20.29,3.1632198146761143,4.058,0.632643962935223,1.0145,0.15816099073380574,0.0,0.0
4,208.0,208.0,100,5.79,2.598737067006654,0.2795429669439159,0.1045062045339888,0.7669494418550146,0.1084356690901077,0.05735267309180353,0.08057138906357217,0.0010263157894736846,0.007222824856962218,4.63,0.580055727033745,2.33,0.841535393303109,2.67,0.841535393303109,0.0,0.0,5.5,2.4679767200905864,5.25,2.442779506458108,14.5,2.4679767200905864,5.0,0.0,20.29,3.1632198146761143,4.058,0.632643962935223,1.0145,0.15816099073380574,0.0,0.0
4,209.0,209.0,100,5.73,2.627957689187863,0.27641280821375713,0.1060516600422306,0.7702272196327924,0.1098186455676874,0.05735267309180353,0.08057138906357217,0.0031301587301587287,0.012622187445613713,4.65,0.5751591786697671,2.31,0.8127146181194543,2.69,0.8127146181194543,0.0,0.0,5.44,2.4835621208419183,5.24,2.441724841586415,14.56,2.4835621208419183,5.0,0.0,20.29,3.1632198146761143,4.058,0.632643962935223,1.0145,0.15816099073380574,0.0,0.0
4,210.0,210.0,100,5.7,2.6419307295608614,0.2747322526582016,0.10658248602020655,0.771907775188348,0.1096114084815213,0.05735267309180353,0.08057138906357217,0.001680555555555556,0.00964534904173638,4.66,0.5724305789148304,2.3,0.810287391340663,2.7,0.810287391340663,0.0,0.0,5.41,2.4704107538887725,5.21,2.454824151779841,14.59,2.470410753888772,5.0,0.0,20.29,3.1632198146761143,4.058,0.632643962935223,1.0145,0.15816099073380574,0.0,0.0
4,211.0,211.0,100,5.67,2.6592890369078317,0.27291427020206127,0.10724308886477267,0.7737257576444883,0.10947429014642009,0.05735267309180353,0.08057138906357217,0.0018179824561403513,0.010439954103122009,4.66,0.5724305789148304,2.3,0.810287391340663,2.69,0.8127146181194543,0.01,0.1,5.37,2.443937045594318,5.17,2.457949379363853,14.63,2.4439370455943177,5.0,0.0,20.29,3.1632198146761143,4.058,0.632643962935223,1.0145,0.15816099073380574,0.0,0.0
4,212.0,212.0,100,5.65,2.6718699236468995,0.2718309368687279,0.10807318650398495,0.774892424311155,0.11052749509319952,0.05735267309180353,0.08057138906357217,0.0010833333333333342,0.007825879396446238,4.66,0.5724305789148304,2.29,0.8201379534116578,2.71,0.8201379534116578,0.0,0.0,5.36,2.451633139461337,5.14,2.449572215796881,14.64,2.4516331394613364,5.0,0.0,20.29,3.1632198146761143,4.058,0.632643962935223,1.0145,0.15816099073380574,0.0,0.0
4,213.0,213.0,100,5.62,2.6658332030842944,0.27036983847055857,0.1079054493054259,0.7764187401006286,0.11002799890223448,0.05735267309180353,0.08057138906357217,0.001461098398169335,0.008376832781710804,4.67,0.569511575249735,2.29,0.8201379534116578,2.71,0.8201379534116578,0.0,0.0,5.33,2.44971653688975,5.11,2.4654993142742647,14.67,2.44971653688975,5.0,0.0,20.29,3.1632198146761143,4.058,0.632643962935223,1.0145,0.15816099073380574,0.0,0.0
4,214.0,214.0,100,5.6,2.6361894752644304,0.2695504404772475,0.10693670840170752,0.7774187401006286,0.1097805959598395,0.05735267309180353,0.08057138906357217,0.0008193979933110368,0.005775696033026733,4.68,0.5482755334738737,2.29,0.8201379534116578,2.71,0.8201379534116578,0.0,0.0,5.31,2.4523540535657578,5.1,2.4556675325261423,14.69,2.4523540535657578,5.0,0.0,20.29,3.1632198146761143,4.058,0.632643962935223,1.0145,0.15816099073380574,0.0,0.0
4,215.0,215.0,100,5.55,2.6452740401468327,0.2668963596229379,0.1071155505869704,0.7801380383462427,0.10926415402544899,0.05735267309180353,0.08057138906357217,0.002654080854309686,0.011751017707721488,4.68,0.5482755334738737,2.27,0.8391313449880262,2.73,0.8391313449880262,0.0,0.0,5.26,2.4396555478016135,5.04,2.4326067823583317,14.74,2.4396555478016135,5.0,0.0,20.29,3.1632198146761143,4.058,0.632643962935223,1.0145,0.15816099073380574,0.0,0.0
4,216.0,216.0,100,5.5,2.6723424446380637,0.2642688533572737,0.10843814680138326,0.7827893541357163,0.10965079863800523,0.05735267309180353,0.08057138906357217,0.0026275062656641603,0.011570394072817066,4.68,0.5482755334738737,2.26,0.8482900209220663,2.74,0.8482900209220663,0.0,0.0,5.21,2.4465807928122003,5.03,2.430675177431534,14.79,2.4465807928122003,5.0,0.0,20.29,3.1632198146761143,4.058,0.632643962935223,1.0145,0.15816099073380574,0.0,0.0
4,217.0,217.0,100,5.48,2.672266846894243,0.2632926628810833,0.10843751558430718,0.7837893541357164,0.10934370773609324,0.05735267309180353,0.08057138906357217,0.0009761904761904758,0.006869842536801753,4.69,0.5259911279353169,2.26,0.8482900209220663,2.74,0.8482900209220663,0.0,0.0,5.19,2.4482316850817827,5.02,2.4078155572169058,14.81,2.4482316850817822,5.0,0.0,20.29,3.1632198146761143,4.058,0.632643962935223,1.0145,0.15816099073380574,0.0,0.0
4,218.0,218.0,100,5.45,2.6529000712199444,0.26196502312953046,0.10775602057367226,0.7852893541357163,0.10921144302558954,0.05735267309180353,0.08057138906357217,0.0013276397515527955,0.00759969513244711,4.7,0.5222329678670936,2.24,0.8302366706505617,2.76,0.8302366706505617,0.0,0.0,5.16,2.456572301958051,4.99,2.405780076768818,14.84,2.4565723019580505,5.0,0.0,20.29,3.1632198146761143,4.058,0.632643962935223,1.0145,0.15816099073380574,0.0,0.0
4,219.0,219.0,100,5.4,2.651471861118467,0.2595357491870986,0.10774960540334588,0.7878712254807456,0.10921125439779851,0.05735267309180353,0.08057138906357217,0.0024292739424318375,0.010700781703050288,4.7,0.5222329678670936,2.23,0.8391313449880264,2.77,0.8391313449880264,0.0,0.0,5.11,2.4654993142742647,4.97,2.413995388846826,14.89,2.465499314274264,5.0,0.0,20.29,3.1632198146761143,4.058,0.632643962935223,1.0145,0.15816099073380574,0.0,0.0
4,220.0,220.0,100,5.37,2.6310308307435766,0.25824289204424145,0.10717121428553865,0.7893712254807456,0.10948439042758568,0.05735267309180353,0.08057138906357217,0.001292857142857143,0.007410432755034928,4.7,0.5222329678670936,2.22,0.8358144881406749,2.78,0.8358144881406749,0.0,0.0,5.08,2.480957781815626,4.94,2.377588966354213,14.92,2.4809577818156265,5.0,0.0,20.29,3.1632198146761143,4.058,0.632643962935223,1.0145,0.15816099073380574,0.0,0.0
4,221.0,221.0,100,5.37,2.6310308307435766,0.25824289204424145,0.10717121428553865,0.7893712254807456,0.10948439042758568,0.05735267309180353,0.08057138906357217,0.0,0.0,4.7,0.5222329678670936,2.22,0.8358144881406749,2.78,0.8358144881406749,0.0,0.0,5.08,2.480957781815626,4.92,2.3684798858544207,14.92,2.4809577818156265,5.0,0.0,20.29,3.1632198146761143,4.058,0.632643962935223,1.0145,0.15816099073380574,0.0,0.0
4,222.0,222.0,100,5.35,2.6029315252715595,0.2573582766596261,0.10588941208572922,0.7903712254807457,0.10865207644599242,0.05735267309180353,0.08057138906357217,0.0008846153846153836,0.0062772923318723615,4.7,0.5222329678670936,2.22,0.8358144881406749,2.78,0.8358144881406749,0.0,0.0,5.06,2.4733733558797297,4.9,2.3591643786850813,14.94,2.4733733558797297,5.0,0.0,20.29,3.1632198146761143,4.058,0.632643962935223,1.0145,0.15816099073380574,0.0,0.0
4,223.0,223.0,100,5.33,2.590015794967633,0.25639717826145675,0.10508751669500994,0.7913975412702193,0.10789981245163068,0.05735267309180353,0.08057138906357217,0.0009610983981693355,0.006792800152775148,4.7,0.5222329678670936,2.21,0.832363071518843,2.79,0.832363071518843,0.0,0.0,5.04,2.465601735721306,4.88,2.3496399896171503,14.96,2.465601735721306,5.0,0.0,20.29,3.1632198146761143,4.058,0.632643962935223,1.0145,0.15816099073380574,0.0,0.0
4,224.0,224.0,100,5.31,2.604173030295255,0.2551749560392345,0.10568777694817497,0.7926197634924415,0.10793923246464017,0.05735267309180353,0.08057138906357217,0.0012222222222222228,0.008634837520466933,4.7,0.5222329678670936,2.21,0.832363071518843,2.79,0.832363071518843,0.0,0.0,5.02,2.4494072669925604,4.87,2.3598279341485635,14.98,2.449407266992559,5.0,0.0,20.29,3.1632198146761143,4.058,0.632643962935223,1.0145,0.15816099073380574,0.0,0.0
4,225.0,225.0,100,5.28,2.594010194445829,0.2533827073671905,0.10482535069180417,0.7944772295557899,0.10645768701135042,0.05735267309180353,0.08057138906357217,0.0017922486720440688,0.01051526596529486,4.71,0.4983812179284432,2.21,0.832363071518843,2.79,0.832363071518843,0.0,0.0,4.99,2.405780076768818,4.85,2.3500483554019205,15.01,2.405780076768818,5.0,0.0,20.29,3.1632198146761143,4.058,0.632643962935223,1.0145,0.15816099073380574,0.0,0.0
4,226.0,226.0,100,5.26,2.5687319514468294,0.2524898502243333,0.10381984502483982,0.7954772295557899,0.10555266899886918,0.05735267309180353,0.08057138906357217,0.0008928571428571425,0.0062957139657385365,4.71,0.4983812179284432,2.2,0.8408749651825217,2.8,0.8408749651825217,0.0,0.0,4.97,2.397199544586486,4.82,2.3371397523944135,15.03,2.3971995445864858,5.0,0.0,20.29,3.1632198146761143,4.058,0.632643962935223,1.0145,0.15816099073380574,0.0,0.0
4,227.0,227.0,100,5.23,2.545961349258702,0.25108734395866916,0.10252689899193017,0.7970035453452635,0.1045704996919502,0.05735267309180353,0.08057138906357217,0.0014025062656641604,0.0080659869586634,4.72,0.4940044575106626,2.2,0.8408749651825217,2.8,0.8408749651825217,0.0,0.0,4.94,2.390300264304749,4.8,2.3441308613107537,15.06,2.390300264304749,5.0,0.0,20.29,3.1632198146761143,4.058,0.632643962935223,1.0145,0.15816099073380574,0.0,0.0
4,228.0,228.0,100,5.22,2.5567498307362215,0.25056102816919545,0.10314336727463354,0.7975298611347372,0.10493162192452789,0.05735267309180353,0.08057138906357217,0.0005263157894736841,0.005263157894736839,4.72,0.4940044575106626,2.19,0.8491826135237996,2.81,0.8491826135237996,0.0,0.0,4.93,2.39635666221146,4.79,2.3454016907363844,15.07,2.3963566622114603,5.0,0.0,20.29,3.1632198146761143,4.058,0.632643962935223,1.0145,0.15816099073380574,0.0,0.0
4,229.0,229.0,100,5.2,2.5505000500000983,0.2495585219035313,0.10266178624457918,0.7985561769242109,0.1041336212426164,0.05735267309180353,0.08057138906357217,0.0010025062656641604,0.007061887261249078,4.73,0.48938221207451904,2.18,0.8454273917655345,2.82,0.8454273917655345,0.0,0.0,4.91,2.3872345693058503,4.77,2.347812220392044,15.09,2.3872345693058508,5.0,0.0,20.29,3.1632198146761143,4.058,0.632643962935223,1.0145,0.15816099073380574,0.0,0.0
4,230.0,230.0,100,5.14,2.4904666716148287,0.24666659561865173,0.10009561517499851,0.801726283563358,0.10172298245167594,0.05735267309180353,0.08057138906357217,0.002891926284879577,0.011668224612927266,4.73,0.48938221207451904,2.18,0.8454273917655345,2.82,0.8454273917655345,0.0,0.0,4.85,2.3500483554019205,4.75,2.337118142525365,15.15,2.3500483554019205,5.0,0.0,20.29,3.1632198146761143,4.058,0.632643962935223,1.0145,0.15816099073380574,0.0,0.0
4,231.0,231.0,100,5.13,2.488985838660097,0.24614027982917805,0.09986659664360091,0.8022525993528314,0.10124384272529936,0.05735267309180353,0.08057138906357217,0.0005263157894736842,0.005263157894736841,4.74,0.4845074558223792,2.18,0.8454273917655345,2.82,0.8454273917655345,0.0,0.0,4.84,2.3429240127014213,4.72,2.3701851779508236,15.16,2.3429240127014213,5.0,0.0,20.29,3.1632198146761143,4.058,0.632643962935223,1.0145,0.15816099073380574,0.0,0.0
4,232.0,232.0,100,5.13,2.488985838660097,0.24614027982917805,0.09986659664360091,0.8022525993528314,0.10124384272529936,0.05735267309180353,0.08057138906357217,0.0,0.0,4.74,0.4845074558223792,2.18,0.8454273917655345,2.82,0.8454273917655345,0.0,0.0,4.84,2.3429240127014213,4.68,2.330647805207641,15.16,2.3429240127014213,5.0,0.0,20.29,3.1632198146761143,4.058,0.632643962935223,1.0145,0.15816099073380574,0.0,0.0
4,233.0,233.0,100,5.12,2.4752512371209283,0.24564027982917802,0.09895664816429581,0.8027525993528316,0.10010252286719978,0.05735267309180353,0.08057138906357217,0.0004999999999999999,0.004999999999999998,4.75,0.47937248544110217,2.18,0.8454273917655345,2.82,0.8454273917655345,0.0,0.0,4.83,2.327069514486519,4.67,2.3227248018330764,15.17,2.327069514486519,5.0,0.0,20.29,3.1632198146761143,4.058,0.632643962935223,1.0145,0.15816099073380574,0.0,0.0
4,234.0,234.0,100,5.1,2.467976720090587,0.2446791814310087,0.09846133923510544,0.8037789151423053,0.09969155486123595,0.05735267309180353,0.08057138906357217,0.0009610983981693372,0.006792800152775159,4.75,0.47937248544110217,2.18,0.8454273917655345,2.82,0.8454273917655345,0.0,0.0,4.81,2.325506353029335,4.62,2.308438625757438,15.19,2.3255063530293345,5.0,0.0,20.29,3.1632198146761143,4.058,0.632643962935223,1.0145,0.15816099073380574,0.0,0.0
4,235.0,235.0,100,5.08,2.497190340354454,0.2435541814310087,0.1002762044340912,0.8049039151423052,0.10094035825536456,0.05735267309180353,0.08057138906357217,0.0011250000000000001,0.007964369835001817,4.75,0.47937248544110217,2.16,0.861288675078328,2.84,0.861288675078328,0.0,0.0,4.79,2.336772357442002,4.6,2.283007054768165,15.21,2.336772357442002,5.0,0.0,20.29,3.1632198146761143,4.058,0.632643962935223,1.0145,0.15816099073380574,0.0,0.0
4,236.0,236.0,100,5.05,2.467465063254967,0.2422446576214849,0.0990833263800648,0.8064039151423052,0.10047917830463662,0.05735267309180353,0.08057138906357217,0.0013095238095238093,0.007499704140694028,4.75,0.47937248544110217,2.15,0.868936421753919,2.85,0.868936421753919,0.0,0.0,4.76,2.3403358129062846,4.58,2.297033660259169,15.24,2.3403358129062846,5.0,0.0,20.29,3.1632198146761143,4.058,0.632643962935223,1.0145,0.15816099073380574,0.0,0.0
4,237.0,237.0,100,5.02,2.457641145488901,0.24077817089184028,0.09859260461963576,0.8079857864873345,0.10024013381176951,0.05735267309180353,0.08057138906357217,0.0014664867296446248,0.008480955768266225,4.76,0.47396884353980995,2.15,0.868936421753919,2.85,0.868936421753919,0.0,0.0,4.73,2.339191779614955,4.57,2.2929624435818323,15.27,2.3391917796149557,5.0,0.0,20.29,3.1632198146761143,4.058,0.632643962935223,1.0145,0.15816099073380574,0.0,0.0
4,238.0,238.0,100,4.97,2.4759652744745924,0.2380991940379408,0.09949943105511298,0.8106885728650434,0.09994098637953269,0.05735267309180353,0.08057138906357217,0.0026789768538994533,0.011780989791029926,4.76,0.47396884353980995,2.14,0.8764021953879438,2.86,0.8764021953879438,0.0,0.0,4.68,2.326309775528008,4.56,2.2932487651778857,15.32,2.326309775528008,5.0,0.0,20.29,3.1632198146761143,4.058,0.632643962935223,1.0145,0.15816099073380574,0.0,0.0
4,239.0,239.0,100,4.95,2.467465063254967,0.23701453795328473,0.09987539380428306,0.8119028585793292,0.10059690217374823,0.05735267309180353,0.08057138906357217,0.001084656084656085,0.00801270143641983,4.76,0.47396884353980995,2.14,0.8764021953879438,2.86,0.8764021953879438,0.0,0.0,4.66,2.3190907309076585,4.56,2.2932487651778857,15.34,2.319090730907658,5.0,0.0,20.29,3.1632198146761143,4.058,0.632643962935223,1.0145,0.15816099073380574,0.0,0.0
4,240.0,240.0,100,4.91,2.4540010619641572,0.2352107496363385,0.09988665203261488,0.8139291743688029,0.10134758335890251,0.05735267309180353,0.08057138906357217,0.0018037883169462127,0.008948614599248558,4.76,0.47396884353980995,2.13,0.8836906081367452,2.87,0.8836906081367452,0.0,0.0,4.62,2.3431826754448846,4.53,2.29384331891199,15.38,2.343182675444885,5.0,0.0,20.29,3.1632198146761143,4.058,0.632643962935223,1.0145,0.15816099073380574,0.0,0.0
4,241.0,241.0,100,4.91,2.4540010619641572,0.2352107496363385,0.09988665203261488,0.8139291743688029,0.10134758335890251,0.05735267309180353,0.08057138906357217,0.0,0.0,4.76,0.47396884353980995,2.13,0.8836906081367452,2.87,0.8836906081367452,0.0,0.0,4.62,2.3431826754448846,4.52,2.285129795398542,15.38,2.343182675444885,5.0,0.0,20.29,3.1632198146761143,4.058,0.632643962935223,1.0145,0.15816099073380574,0.0,0.0
4,242.0,242.0,100,4.88,2.4382474249039006,0.23351233693792584,0.0982095335887087,0.8156513965910251,0.09894421306243527,0.05735267309180353,0.08057138906357217,0.0016984126984126984,0.009801039588368062,4.78,0.4163331998932267,2.13,0.8836906081367452,2.87,0.8836906081367452,0.0,0.0,4.59,2.2966598495742607,4.51,2.276338545058088,15.41,2.2966598495742607,5.0,0.0,20.29,3.1632198146761143,4.058,0.632643962935223,1.0145,0.15816099073380574,0.0,0.0
4,243.0,243.0,100,4.86,2.453692332099944,0.23240122582681472,0.09896419477438752,0.8167625077021361,0.09913828904090574,0.05735267309180353,0.08057138906357217,0.0011111111111111111,0.007816960785349427,4.78,0.4163331998932267,2.12,0.8908060134144546,2.88,0.8908060134144546,0.0,0.0,4.57,2.2929624435818323,4.47,2.2761610423933303,15.43,2.292962443581832,5.0,0.0,20.29,3.1632198146761143,4.058,0.632643962935223,1.0145,0.15816099073380574,0.0,0.0
4,244.0,244.0,100,4.85,2.451035650000986,0.23196644321811907,0.09893336297733027,0.8172625077021363,0.09943326193232056,0.05735267309180353,0.08057138906357217,0.000434782608695653,0.0043478260869565305,4.78,0.4163331998932267,2.12,0.8908060134144546,2.88,0.8908060134144546,0.0,0.0,4.56,2.3020412549287506,4.46,2.276005716205919,15.44,2.3020412549287506,5.0,0.0,20.29,3.1632198146761143,4.058,0.632643962935223,1.0145,0.15816099073380574,0.0,0.0
4,245.0,245.0,100,4.85,2.451035650000986,0.23196644321811907,0.09893336297733027,0.8172625077021363,0.09943326193232056,0.05735267309180353,0.08057138906357217,0.0,0.0,4.78,0.4163331998932267,2.12,0.8908060134144546,2.88,0.8908060134144546,0.0,0.0,4.56,2.3020412549287506,4.44,2.275561868678111,15.44,2.3020412549287506,5.0,0.0,20.29,3.1632198146761143,4.058,0.632643962935223,1.0145,0.15816099073380574,0.0,0.0
4,246.0,246.0,100,4.83,2.4702471965617554,0.23078997262988377,0.09994104705922269,0.8184389782903715,0.099851756627282,0.05735267309180353,0.08057138906357217,0.0011764705882352938,0.008276782008017038,4.78,0.4163331998932267,2.11,0.8977525248973661,2.89,0.8977525248973661,0.0,0.0,4.54,2.2936891901498124,4.42,2.2793761329705005,15.46,2.293689190149812,5.0,0.0,20.29,3.1632198146761143,4.058,0.632643962935223,1.0145,0.15816099073380574,0.0,0.0
4,247.0,247.0,100,4.81,2.4482316850817822,0.22998481965081774,0.0994467242033318,0.8194389782903714,0.10041726888770841,0.05735267309180353,0.08057138906357217,0.0008051529790660228,0.005682930447601136,4.78,0.4163331998932267,2.1,0.8819171036881968,2.89,0.8749603165604459,0.01,0.09999999999999999,4.51,2.3159307747718527,4.41,2.2612010753204372,15.49,2.3159307747718527,5.0,0.0,20.29,3.1632198146761143,4.058,0.632643962935223,1.0145,0.15816099073380574,0.0,0.0
4,248.0,248.0,100,4.8,2.4577233449686813,0.22942926409526218,0.09995788761807524,0.819994533845927,0.1006483293542481,0.05735267309180353,0.08057138906357217,0.000555555555555555,0.00555555555555555,4.78,0.4163331998932267,2.09,0.8887057892227214,2.91,0.8887057892227214,0.0,0.0,4.51,2.3115651263447745,4.4,2.2518230549283995,15.49,2.3115651263447745,5.0,0.0,20.29,3.1632198146761143,4.058,0.632643962935223,1.0145,0.15816099073380574,0.0,0.0
4,249.0,249.0,100,4.8,2.4577233449686813,0.22942926409526218,0.09995788761807524,0.819994533845927,0.1006483293542481,0.05735267309180353,0.08057138906357217,0.0,0.0,4.78,0.4163331998932267,2.09,0.8887057892227214,2.91,0.8887057892227214,0.0,0.0,4.51,2.3115651263447745,4.4,2.2518230549283995,15.49,2.3115651263447745,5.0,0.0,20.29,3.1632198146761143,4.058,0.632643962935223,1.0145,0.15816099073380574,0.0,0.0
4,250.0,250.0,100,4.76,2.4458581770458845,0.2274102928704086,0.09912199382307484,0.8220827691400447,0.09918757591193267,0.05735267309180353,0.08057138906357217,0.0020189712248535794,0.009993064529509196,4.78,0.4163331998932267,2.08,0.8953301969754854,2.92,0.8953301969754854,0.0,0.0,4.47,2.29384331891199,4.39,2.24686088540965,15.53,2.2938433189119896,5.0,0.0,20.29,3.1632198146761143,4.058,0.632643962935223,1.0145,0.15816099073380574,0.0,0.0
4,251.0,251.0,100,4.75,2.4427795064581073,0.22688397708093494,0.09878714526512021,0.8226090849295185,0.09858641601876175,0.05735267309180353,0.08057138906357217,0.0005263157894736842,0.005263157894736842,4.79,0.4093601807403325,2.08,0.8953301969754854,2.92,0.8953301969754854,0.0,0.0,4.46,2.284864560670077,4.39,2.24686088540965,15.54,2.284864560670076,5.0,0.0,20.29,3.1632198146761143,4.058,0.632643962935223,1.0145,0.15816099073380574,0.0,0.0
4,252.0,252.0,100,4.73,2.453012989625763,0.2258006437476016,0.09963272885554743,0.823775751596185,0.09962711437706677,0.05735267309180353,0.08057138906357217,0.0010833333333333342,0.007825879396446238,4.79,0.4093601807403325,2.07,0.8905224887841424,2.93,0.8905224887841424,0.0,0.0,4.44,2.288839854334041,4.39,2.24686088540965,15.56,2.288839854334041,5.0,0.0,20.29,3.1632198146761143,4.058,0.632643962935223,1.0145,0.15816099073380574,0.0,0.0
4,253.0,253.0,100,4.72,2.462158041682584,0.22503141297837082,0.0998905954776693,0.8245449823654158,0.09949859561509117,0.05735267309180353,0.08057138906357217,0.000769230769230769,0.007692307692307689,4.79,0.4093601807403325,2.07,0.8905224887841424,2.93,0.8905224887841424,0.0,0.0,4.43,2.266376986837063,4.38,2.2463438307749337,15.57,2.266376986837063,5.0,0.0,20.29,3.1632198146761143,4.058,0.632643962935223,1.0145,0.15816099073380574,0.0,0.0
4,254.0,254.0,100,4.71,2.450705938287903,0.22453141297837081,0.09912817519957118,0.8250449823654158,0.09847922327006352,0.05735267309180353,0.08057138906357217,0.0005000000000000004,0.0050000000000000044,4.79,0.4093601807403325,2.07,0.8905224887841424,2.93,0.8905224887841424,0.0,0.0,4.42,2.252630336815926,4.38,2.2463438307749337,15.58,2.2526303368159257,5.0,0.0,20.29,3.1632198146761143,4.058,0.632643962935223,1.0145,0.15816099073380574,0.0,0.0
4,255.0,255.0,100,4.7,2.4515507357794997,0.22409663036967514,0.09925507652127655,0.8255449823654157,0.0989892395914821,0.05735267309180353,0.08057138906357217,0.00043478260869565186,0.004347826086956519,4.79,0.4093601807403325,2.06,0.8969082698049142,2.94,0.8969082698049142,0.0,0.0,4.41,2.265663771002291,4.34,2.2438242967637807,15.59,2.265663771002291,5.0,0.0,20.29,3.1632198146761143,4.058,0.632643962935223,1.0145,0.15816099073380574,0.0,0.0
4,256.0,256.0,100,4.69,2.43996605374631,0.22366184776097953,0.09880180261024239,0.8260449823654157,0.09872973965277373,0.05735267309180353,0.08057138906357217,0.00043478260869565186,0.004347826086956519,4.79,0.4093601807403325,2.05,0.8918825850158447,2.95,0.8918825850158447,0.0,0.0,4.4,2.265240192852213,4.32,2.2602404448834355,15.6,2.2652401928522123,5.0,0.0,20.29,3.1632198146761143,4.058,0.632643962935223,1.0145,0.15816099073380574,0.0,0.0
4,257.0,257.0,100,4.68,2.4365897678866033,0.2230736124668619,0.0981976000267973,0.8266332176595335,0.0978236404303554,0.05735267309180353,0.08057138906357217,0.0005882352941176472,0.005882352941176472,4.79,0.4093601807403325,2.05,0.8918825850158447,2.95,0.8918825850158447,0.0,0.0,4.39,2.24686088540965,4.32,2.2602404448834355,15.61,2.24686088540965,5.0,0.0,20.29,3.1632198146761143,4.058,0.632643962935223,1.0145,0.15816099073380574,0.0,0.0
4,258.0,258.0,100,4.68,2.4365897678866033,0.2230736124668619,0.0981976000267973,0.8266332176595335,0.0978236404303554,0.05735267309180353,0.08057138906357217,0.0,0.0,4.79,0.4093601807403325,2.05,0.8918825850158447,2.95,0.8918825850158447,0.0,0.0,4.39,2.24686088540965,4.32,2.2602404448834355,15.61,2.24686088540965,5.0,0.0,20.29,3.1632198146761143,4.058,0.632643962935223,1.0145,0.15816099073380574,0.0,0.0
4,259.0,259.0,100,4.66,2.429698405859119,0.2220974219906714,0.09771030701488097,0.8276332176595335,0.09702391429388423,0.05735267309180353,0.08057138906357217,0.0009761904761904758,0.006869842536801751,4.79,0.4093601807403325,2.04,0.8867145122657157,2.96,0.8867145122657157,0.0,0.0,4.37,2.2412793965352313,4.28,2.261134067835712,15.63,2.2412793965352313,5.0,0.0,20.29,3.1632198146761143,4.058,0.632643962935223,1.0145,0.15816099073380574,0.0,0.0
4,260.0,260.0,100,4.65,2.4386409528607724,0.2215974219906714,0.09820962160461036,0.8281332176595335,0.09726886785781877,0.05735267309180353,0.08057138906357217,0.0004999999999999999,0.0049999999999999975,4.79,0.4093601807403325,2.03,0.8814015468948797,2.97,0.8814015468948796,0.0,0.0,4.36,2.2496688869720582,4.27,2.264593526084502,15.64,2.2496688869720582,5.0,0.0,20.29,3.1632198146761143,4.058,0.632643962935223,1.0145,0.15816099073380574,0.0,0.0
4,261.0,261.0,100,4.65,2.4386409528607724,0.2215974219906714,0.09820962160461036,0.8281332176595335,0.09726886785781877,0.05735267309180353,0.08057138906357217,0.0,0.0,4.79,0.4093601807403325,2.03,0.8814015468948797,2.97,0.8814015468948796,0.0,0.0,4.36,2.2496688869720582,4.24,2.2523612750025945,15.64,2.2496688869720582,5.0,0.0,20.29,3.1632198146761143,4.058,0.632643962935223,1.0145,0.15816099073380574,0.0,0.0
4,262.0,262.0,100,4.65,2.4386409528607724,0.2215974219906714,0.09820962160461036,0.8281332176595335,0.09726886785781877,0.05735267309180353,0.08057138906357217,0.0,0.0,4.79,0.4093601807403325,2.03,0.8814015468948797,2.97,0.8814015468948796,0.0,0.0,4.36,2.2496688869720582,4.24,2.2523612750025945,15.64,2.2496688869720582,5.0,0.0,20.29,3.1632198146761143,4.058,0.632643962935223,1.0145,0.15816099073380574,0.0,0.0
4,263.0,263.0,100,4.63,2.4439370455943177,0.22054186643511586,0.09834145666228107,0.829188773215089,0.09685606639418566,0.05735267309180353,0.08057138906357217,0.0010555555555555559,0.0074366007223078965,4.79,0.4093601807403325,2.02,0.8759410523960658,2.98,0.8759410523960657,0.0,0.0,4.34,2.243824296763781,4.24,2.2523612750025945,15.66,2.2438242967637807,5.0,0.0,20.29,3.1632198146761143,4.058,0.632643962935223,1.0145,0.15816099073380574,0.0,0.0
4,264.0,264.0,100,4.62,2.4403179127219294,0.2201070838264202,0.09825743691020769,0.8296887732150889,0.09709335218516135,0.05735267309180353,0.08057138906357217,0.000434782608695653,0.0043478260869565305,4.79,0.4093601807403325,2.01,0.8586458683722452,2.99,0.8586458683722452,0.0,0.0,4.33,2.2520697550960054,4.21,2.253145948816158,15.67,2.252069755096005,5.0,0.0,20.29,3.1632198146761143,4.058,0.632643962935223,1.0145,0.15816099073380574,0.0,0.0
4,265.0,265.0,100,4.59,2.437480898656055,0.21842692188310037,0.09882193444781684,0.8314843197737934,0.09744311154151122,0.05735267309180353,0.08057138906357217,0.0016801619433198377,0.00999203642051304,4.8,0.4020151261036849,2.0,0.8645662192537639,3.0,0.8645662192537638,0.0,0.0,4.3,2.23606797749979,4.19,2.2459615834522713,15.7,2.2360679774997902,5.0,0.0,20.29,3.1632198146761143,4.058,0.632643962935223,1.0145,0.15816099073380574,0.0,0.0
4,266.0,266.0,100,4.59,2.437480898656055,0.21842692188310037,0.09882193444781684,0.8314843197737934,0.09744311154151122,0.05735267309180353,0.08057138906357217,0.0,0.0,4.8,0.4020151261036849,2.0,0.8645662192537639,3.0,0.8645662192537638,0.0,0.0,4.3,2.23606797749979,4.19,2.2459615834522713,15.7,2.2360679774997902,5.0,0.0,20.29,3.1632198146761143,4.058,0.632643962935223,1.0145,0.15816099073380574,0.0,0.0
4,267.0,267.0,100,4.58,2.4502318999711776,0.21792692188310034,0.09955098131824658,0.8319843197737934,0.09792531717944876,0.05735267309180353,0.08057138906357217,0.0005,0.004999999999999998,4.8,0.4020151261036849,1.99,0.8703302519588453,3.01,0.8703302519588453,0.0,0.0,4.29,2.248658410355972,4.17,2.2475800678988413,15.71,2.248658410355972,5.0,0.0,20.29,3.1632198146761143,4.058,0.632643962935223,1.0145,0.15816099073380574,0.0,0.0
4,268.0,268.0,100,4.57,2.4422832503105516,0.21752692188310035,0.09937926251638773,0.8324843197737934,0.09840259372595239,0.05735267309180353,0.08057138906357217,0.00040000000000000034,0.004000000000000004,4.8,0.4020151261036849,1.98,0.8759410523960658,3.02,0.8759410523960658,0.0,0.0,4.28,2.2611340678357115,4.15,2.235503242555185,15.72,2.2611340678357124,5.0,0.0,20.29,3.1632198146761143,4.058,0.632643962935223,1.0145,0.15816099073380574,0.0,0.0
4,269.0,269.0,100,4.54,2.4635524977338945,0.21582005053807107,0.10056769973585034,0.8341911911188227,0.09873320035894496,0.05735267309180353,0.08057138906357217,0.001706871345029241,0.009781146509366376,4.8,0.4020151261036849,1.96,0.8867145122657158,3.04,0.886714512265716,0.0,0.0,4.25,2.2490177429448637,4.15,2.235503242555185,15.75,2.2490177429448637,5.0,0.0,20.29,3.1632198146761143,4.058,0.632643962935223,1.0145,0.15816099073380574,0.0,0.0
4,270.0,270.0,100,4.53,2.45136531736743,0.21540338387140445,0.10016140192989237,0.8346911911188226,0.09868489396272305,0.05735267309180353,0.08057138906357217,0.0004166666666666663,0.004166666666666664,4.8,0.4020151261036849,1.95,0.8804842561071294,3.05,0.8804842561071295,0.0,0.0,4.24,2.2523612750025945,4.13,2.236768050811553,15.76,2.2523612750025945,5.0,0.0,20.29,3.1632198146761143,4.058,0.632643962935223,1.0145,0.15816099073380574,0.0,0.0
4,271.0,271.0,100,4.5,2.447427014212884,0.21382443650298338,0.09952608616934538,0.8362701384872437,0.0972216662080865,0.05735267309180353,0.08057138906357217,0.0015789473684210541,0.009023505684092919,4.8,0.4020151261036849,1.93,0.8791065253018446,3.07,0.8791065253018446,0.0,0.0,4.21,2.230617978421353,4.1,2.2133661917969873,15.79,2.230617978421353,5.0,0.0,20.29,3.1632198146761143,4.058,0.632643962935223,1.0145,0.15816099073380574,0.0,0.0
4,272.0,272.0,100,4.48,2.4514683293277457,0.21274256515795414,0.0996027532114767,0.837352009832273,0.0967358897337494,0.05735267309180353,0.08057138906357217,0.0010818713450292386,0.007614087352447861,4.8,0.4020151261036849,1.92,0.8953301969754853,3.08,0.8953301969754853,0.0,0.0,4.19,2.2188130415001877,4.08,2.209620836800794,15.81,2.2188130415001877,5.0,0.0,20.29,3.1632198146761143,4.058,0.632643962935223,1.0145,0.15816099073380574,0.0,0.0
4,273.0,273.0,100,4.47,2.467792535850613,0.2121543298638365,0.10068873246383256,0.8379402451263906,0.09754903723456383,0.05735267309180353,0.08057138906357217,0.000588235294117647,0.0058823529411764705,4.8,0.4020151261036849,1.91,0.9111542241585779,3.09,0.9111542241585782,0.0,0.0,4.18,2.221929273620044,4.07,2.20309699369691,15.82,2.221929273620044,5.0,0.0,20.29,3.1632198146761143,4.058,0.632643962935223,1.0145,0.15816099073380574,0.0,0.0
4,274.0,274.0,100,4.44,2.475414463817477,0.21058859487418846,0.10176172827381241,0.8396545308406763,0.0990986182636343,0.05735267309180353,0.08057138906357217,0.0015657349896480326,0.009256915782103534,4.8,0.4020151261036849,1.89,0.9308950835436053,3.11,0.9308950835436053,0.0,0.0,4.15,2.2309802166923687,4.06,2.1872911155679358,15.85,2.230980216692368,5.0,0.0,20.29,3.1632198146761143,4.058,0.632643962935223,1.0145,0.15816099073380574,0.0,0.0
4,275.0,275.0,100,4.41,2.4867121614166314,0.2089608298093525,0.1025007800701973,0.8413475132968167,0.09943002041391584,0.05735267309180353,0.08057138906357217,0.0016277650648360029,0.009449453409744055,4.81,0.3942772444036627,1.87,0.9498006170356028,3.13,0.9498006170356028,0.0,0.0,4.12,2.2260169620089414,4.06,2.1872911155679358,15.88,2.2260169620089405,5.0,0.0,20.29,3.1632198146761143,4.058,0.632643962935223,1.0145,0.15816099073380574,0.0,0.0
4,276.0,276.0,100,4.39,2.4736796294368655,0.20804416314268578,0.10191552229728554,0.8423475132968167,0.09900398238762449,0.05735267309180353,0.08057138906357217,0.0009166666666666668,0.006476128140350198,4.81,0.3942772444036627,1.86,0.9430232920203663,3.14,0.9430232920203663,0.0,0.0,4.1,2.2270150335361367,4.06,2.1872911155679358,15.9,2.2270150335361363,5.0,0.0,20.29,3.1632198146761143,4.058,0.632643962935223,1.0145,0.15816099073380574,0.0,0.0
4,277.0,277.0,100,4.37,2.4480666459535576,0.2071595477580704,0.10097572690589443,0.8433475132968167,0.09830932226997165,0.05735267309180353,0.08057138906357217,0.0008846153846153848,0.006277292331872369,4.81,0.3942772444036627,1.86,0.9430232920203663,3.14,0.9430232920203663,0.0,0.0,4.08,2.2232926714740686,4.04,2.169205971191889,15.92,2.2232926714740686,5.0,0.0,20.29,3.1632198146761143,4.058,0.632643962935223,1.0145,0.15816099073380574,0.0,0.0
4,278.0,278.0,100,4.37,2.4480666459535576,0.2071595477580704,0.10097572690589443,0.8433475132968167,0.09830932226997165,0.05735267309180353,0.08057138906357217,0.0,0.0,4.81,0.3942772444036627,1.86,0.9430232920203663,3.14,0.9430232920203663,0.0,0.0,4.08,2.2232926714740686,4.04,2.169205971191889,15.92,2.2232926714740686,5.0,0.0,20.29,3.1632198146761143,4.058,0.632643962935223,1.0145,0.15816099073380574,0.0,0.0
4,279.0,279.0,100,4.37,2.4480666459535576,0.2071595477580704,0.10097572690589443,0.8433475132968167,0.09830932226997165,0.05735267309180353,0.08057138906357217,0.0,0.0,4.81,0.3942772444036627,1.86,0.9430232920203663,3.14,0.9430232920203663,0.0,0.0,4.08,2.2232926714740686,4.04,2.169205971191889,15.92,2.2232926714740686,5.0,0.0,20.29,3.1632198146761143,4.058,0.632643962935223,1.0145,0.15816099073380574,0.0,0.0
4,280.0,280.0,100,4.37,2.4480666459535576,0.2071595477580704,0.10097572690589443,0.8433475132968167,0.09830932226997165,0.05735267309180353,0.08057138906357217,0.0,0.0,4.81,0.3942772444036627,1.86,0.9430232920203663,3.14,0.9430232920203663,0.0,0.0,4.08,2.2232926714740686,4.04,2.169205971191889,15.92,2.2232926714740686,5.0,0.0,20.29,3.1632198146761143,4.058,0.632643962935223,1.0145,0.15816099073380574,0.0,0.0
4,281.0,281.0,100,4.35,2.4386409528607724,0.20603833563685828,0.10018362161133042,0.8445141799634834,0.09716239589076395,0.05735267309180353,0.08057138906357217,0.00112121212121212,0.008030779478909473,4.82,0.3861229196653694,1.86,0.9430232920203663,3.14,0.9430232920203663,0.0,0.0,4.06,2.1965077884329176,4.03,2.162373368745228,15.94,2.1965077884329176,5.0,0.0,20.29,3.1632198146761143,4.058,0.632643962935223,1.0145,0.15816099073380574,0.0,0.0
4,282.0,282.0,100,4.35,2.4386409528607724,0.20603833563685828,0.10018362161133042,0.8445141799634834,0.09716239589076395,0.05735267309180353,0.08057138906357217,0.0,0.0,4.82,0.3861229196653694,1.86,0.9430232920203663,3.14,0.9430232920203663,0.0,0.0,4.06,2.1965077884329176,4.03,2.162373368745228,15.94,2.1965077884329176,5.0,0.0,20.29,3.1632198146761143,4.058,0.632643962935223,1.0145,0.15816099073380574,0.0,0.0
4,283.0,283.0,100,4.34,2.4379988482028416,0.20545010034274064,0.09983331458903032,0.8451024152576011,0.09649035986683736,0.05735267309180353,0.08057138906357217,0.0005882352941176469,0.005882352941176469,4.82,0.3861229196653694,1.85,0.9360890055238476,3.15,0.9360890055238477,0.0,0.0,4.05,2.1806078292646998,4.02,2.178777342242825,15.95,2.1806078292646998,5.0,0.0,20.29,3.1632198146761143,4.058,0.632643962935223,1.0145,0.15816099073380574,0.0,0.0
4,284.0,284.0,100,4.34,2.4379988482028416,0.20545010034274064,0.09983331458903032,0.8451024152576011,0.09649035986683736,0.05735267309180353,0.08057138906357217,0.0,0.0,4.82,0.3861229196653694,1.85,0.9360890055238476,3.15,0.9360890055238477,0.0,0.0,4.05,2.1806078292646998,4.01,2.1765276766613204,15.95,2.1806078292646998,5.0,0.0,20.29,3.1632198146761143,4.058,0.632643962935223,1.0145,0.15816099073380574,0.0,0.0
4,285.0,285.0,100,4.34,2.4379988482028416,0.20545010034274064,0.09983331458903032,0.8451024152576011,0.09649035986683736,0.05735267309180353,0.08057138906357217,0.0,0.0,4.82,0.3861229196653694,1.85,0.9360890055238476,3.15,0.9360890055238477,0.0,0.0,4.05,2.1806078292646998,4.0,2.1649177090293032,15.95,2.1806078292646998,5.0,0.0,20.29,3.1632198146761143,4.058,0.632643962935223,1.0145,0.15816099073380574,0.0,0.0
4,286.0,286.0,100,4.34,2.4379988482028416,0.20545010034274064,0.09983331458903032,0.8451024152576011,0.09649035986683736,0.05735267309180353,0.08057138906357217,0.0,0.0,4.82,0.3861229196653694,1.85,0.9360890055238476,3.15,0.9360890055238477,0.0,0.0,4.05,2.1806078292646998,3.99,2.1485019446257443,15.95,2.1806078292646998,5.0,0.0,20.29,3.1632198146761143,4.058,0.632643962935223,1.0145,0.15816099073380574,0.0,0.0
4,287.0,287.0,100,4.32,2.4324406830933563,0.2044772496640076,0.09965242459466582,0.8461906505517186,0.09684944527832795,0.05735267309180353,0.08057138906357217,0.0009728506787330321,0.0069955640410379214,4.83,0.377525168068637,1.85,0.9360890055238476,3.15,0.9360890055238477,0.0,0.0,4.03,2.1856048789451137,3.97,2.143606891445002,15.97,2.1856048789451137,5.0,0.0,20.29,3.1632198146761143,4.058,0.632643962935223,1.0145,0.15816099073380574,0.0,0.0
4,288.0,288.0,100,4.32,2.4324406830933563,0.2044772496640076,0.09965242459466582,0.8461906505517186,0.09684944527832795,0.05735267309180353,0.08057138906357217,0.0,0.0,4.83,0.377525168068637,1.85,0.9360890055238476,3.15,0.9360890055238477,0.0,0.0,4.03,2.1856048789451137,3.95,2.1290439833005523,15.97,2.1856048789451137,5.0,0.0,20.29,3.1632198146761143,4.058,0.632643962935223,1.0145,0.15816099073380574,0.0,0.0
4,289.0,289.0,100,4.3,2.4350139484801576,0.20336269858041628,0.099464912418882,0.84730520163531,0.09606452702066207,0.05735267309180353,0.08057138906357217,0.0011145510835913319,0.007853499704440058,4.83,0.377525168068637,1.84,0.9398044069019483,3.16,0.9398044069019486,0.0,0.0,4.01,2.16722603502004,3.92,2.1304905301338235,15.99,2.1672260350200405,5.0,0.0,20.29,3.1632198146761143,4.058,0.632643962935223,1.0145,0.15816099073380574,0.0,0.0
4,290.0,290.0,100,4.29,2.4424486802296492,0.20269603191374963,0.09971079246459384,0.8479718683019766,0.09596419690110895,0.05735267309180353,0.08057138906357217,0.0006666666666666671,0.006666666666666672,4.83,0.377525168068637,1.84,0.9398044069019483,3.16,0.9398044069019486,0.0,0.0,4.0,2.1508748513715594,3.93,2.1332149588370277,16.0,2.1508748513715594,5.0,0.0,20.29,3.1632198146761143,4.058,0.632643962935223,1.0145,0.15816099073380574,0.0,0.0
4,291.0,291.0,100,4.29,2.4424486802296492,0.20269603191374963,0.09971079246459384,0.8479718683019766,0.09596419690110895,0.05735267309180353,0.08057138906357217,0.0,0.0,4.83,0.377525168068637,1.84,0.9398044069019483,3.16,0.9398044069019486,0.0,0.0,4.0,2.1508748513715594,3.93,2.1332149588370277,16.0,2.1508748513715594,5.0,0.0,20.29,3.1632198146761143,4.058,0.632643962935223,1.0145,0.15816099073380574,0.0,0.0
4,292.0,292.0,100,4.27,2.4447635237111767,0.20160779661963196,0.09967009737539347,0.8490601035960943,0.09533950995329436,0.05735267309180353,0.08057138906357217,0.001088235294117647,0.007681659915656388,4.83,0.377525168068637,1.84,0.9398044069019483,3.16,0.9398044069019486,0.0,0.0,3.98,2.1366451566070874,3.92,2.135226432768178,16.02,2.1366451566070888,5.0,0.0,20.29,3.1632198146761143,4.058,0.632643962935223,1.0145,0.15816099073380574,0.0,0.0
4,293.0,293.0,100,4.25,2.4386409528607724,0.20069112995296529,0.0994306459551859,0.8500601035960943,0.09534417044443867,0.05735267309180353,0.08057138906357217,0.000916666666666667,0.006476128140350198,4.83,0.377525168068637,1.82,0.9252900173251715,3.18,0.9252900173251716,0.0,0.0,3.96,2.1457969252574776,3.92,2.135226432768178,16.04,2.145796925257477,5.0,0.0,20.29,3.1632198146761143,4.058,0.632643962935223,1.0145,0.15816099073380574,0.0,0.0
4,294.0,294.0,100,4.25,2.4386409528607724,0.20069112995296529,0.0994306459551859,0.8500601035960943,0.09534417044443867,0.05735267309180353,0.08057138906357217,0.0,0.0,4.83,0.377525168068637,1.82,0.9252900173251715,3.18,0.9252900173251716,0.0,0.0,3.96,2.1457969252574776,3.91,2.1324572064577842,16.04,2.145796925257477,5.0,0.0,20.29,3.1632198146761143,4.058,0.632643962935223,1.0145,0.15816099073380574,0.0,0.0
4,295.0,295.0,100,4.24,2.429282639260846,0.20025634734426967,0.09906720053576046,0.8505601035960944,0.0952100051282952,0.05735267309180353,0.08057138906357217,0.00043478260869565186,0.00434782608695652,4.83,0.377525168068637,1.81,0.9177816909936874,3.19,0.9177816909936873,0.0,0.0,3.95,2.147937700129211,3.89,2.122010672199669,16.05,2.1479377001292113,5.0,0.0,20.29,3.1632198146761143,4.058,0.632643962935223,1.0145,0.15816099073380574,0.0,0.0
4,296.0,296.0,100,4.23,2.436486126877115,0.199668112050152,0.09938399369706531,0.851148338890212,0.09522302829879263,0.05735267309180353,0.08057138906357217,0.000588235294117647,0.0058823529411764705,4.83,0.377525168068637,1.81,0.9177816909936874,3.19,0.9177816909936873,0.0,0.0,3.94,2.1406125810669767,3.88,2.109526252527095,16.06,2.1406125810669767,5.0,0.0,20.29,3.1632198146761143,4.058,0.632643962935223,1.0145,0.15816099073380574,0.0,0.0
4,297.0,297.0,100,4.22,2.45188033389013,0.19900144538348535,0.1005024834190268,0.8518150055568786,0.09603414197065523,0.05735267309180353,0.08057138906357217,0.000666666666666666,0.00666666666666666,4.83,0.377525168068637,1.8,0.9320337272260422,3.2,0.932033727226042,0.0,0.0,3.93,2.1332149588370277,3.85,2.100384765136179,16.07,2.1332149588370277,5.0,0.0,20.29,3.1632198146761143,4.058,0.632643962935223,1.0145,0.15816099073380574,0.0,0.0
4,298.0,298.0,100,4.22,2.45188033389013,0.19900144538348535,0.1005024834190268,0.8518150055568786,0.09603414197065523,0.05735267309180353,0.08057138906357217,0.0,0.0,4.83,0.377525168068637,1.8,0.9320337272260422,3.2,0.932033727226042,0.0,0.0,3.93,2.1332149588370277,3.83,2.098845281375336,16.07,2.1332149588370277,5.0,0.0,20.29,3.1632198146761143,4.058,0.632643962935223,1.0145,0.15816099073380574,0.0,0.0
4,299.0,299.0,100,4.21,2.454824151779841,0.19850144538348535,0.10062176967418619,0.8523150055568786,0.095891699508292,0.05735267309180353,0.08057138906357217,0.0005000000000000001,0.005,4.83,0.377525168068637,1.8,0.9320337272260422,3.2,0.932033727226042,0.0,0.0,3.92,2.135226432768178,3.82,2.085931712954935,16.08,2.1352264327681776,5.0,0.0,20.29,3.1632198146761143,4.058,0.632643962935223,1.0145,0.15816099073380574,0.0,0.0
4,300.0,300.0,100,4.2,2.4577233449686804,0.19794588982792977,0.10064284418047074,0.8528705611124342,0.09561603700819746,0.05735267309180353,0.08057138906357217,0.0005555555555555561,0.00555555555555556,4.83,0.377525168068637,1.8,0.9320337272260422,3.2,0.932033727226042,0.0,0.0,3.91,2.1277151400438257,3.81,2.0826119963336254,16.09,2.1277151400438257,5.0,0.0,20.29,3.1632198146761143,4.058,0.632643962935223,1.0145,0.15816099073380574,0.0,0.0
4,301.0,301.0,100,4.18,2.4633884850511962,0.19680303268507263,0.10098538472965775,0.8540372277791008,0.09552941187286647,0.05735267309180353,0.08057138906357217,0.001142857142857144,0.008153456164794688,4.83,0.377525168068637,1.8,0.9320337272260422,3.2,0.932033727226042,0.0,0.0,3.89,2.1124689944529957,3.8,2.079238399807083,16.11,2.1124689944529957,5.0,0.0,20.29,3.1632198146761143,4.058,0.632643962935223,1.0145,0.15816099073380574,0.0,0.0
4,302.0,302.0,100,4.17,2.4661547380323054,0.19627671689559892,0.10105027107385799,0.8545635435685744,0.09531485329125249,0.05735267309180353,0.08057138906357217,0.0005263157894736839,0.0052631578947368385,4.83,0.377525168068637,1.8,0.9320337272260422,3.2,0.932033727226042,0.0,0.0,3.88,2.109526252527096,3.8,2.079238399807083,16.12,2.109526252527095,5.0,0.0,20.29,3.1632198146761143,4.058,0.632643962935223,1.0145,0.15816099073380574,0.0,0.0
4,303.0,303.0,100,4.16,2.4770461392064496,0.19575040110612527,0.10166429843387041,0.8550898593580482,0.09568352480933132,0.05735267309180353,0.08057138906357217,0.000526315789473684,0.0052631578947368385,4.83,0.377525168068637,1.79,0.9352253550061959,3.21,0.9352253550061959,0.0,0.0,3.87,2.1160999002596235,3.78,2.086899977275268,16.13,2.116099900259624,5.0,0.0,20.29,3.1632198146761143,4.058,0.632643962935223,1.0145,0.15816099073380574,0.0,0.0
4,304.0,304.0,100,4.15,2.471555352118551,0.1952742106299348,0.1013496915114897,0.8555898593580483,0.09525851954995408,0.05735267309180353,0.08057138906357217,0.000476190476190477,0.004761904761904768,4.83,0.377525168068637,1.79,0.9352253550061959,3.21,0.9352253550061959,0.0,0.0,3.86,2.113066611598059,3.76,2.0798212821433877,16.14,2.11306661159806,5.0,0.0,20.29,3.1632198146761143,4.058,0.632643962935223,1.0145,0.15816099073380574,0.0,0.0
4,305.0,305.0,100,4.13,2.488985838660096,0.19415965954634345,0.10230068538665296,0.8567044104416395,0.09567303347640917,0.05735267309180353,0.08057138906357217,0.001114551083591331,0.007853499704440053,4.83,0.377525168068637,1.78,0.9382984815100366,3.22,0.9382984815100365,0.0,0.0,3.84,2.1116320463068132,3.76,2.0798212821433877,16.16,2.111632046306813,5.0,0.0,20.29,3.1632198146761143,4.058,0.632643962935223,1.0145,0.15816099073380574,0.0,0.0
4,306.0,306.0,100,4.12,2.4670761330904747,0.1937248769376478,0.101355724883297,0.8572044104416395,0.09470763961158928,0.05735267309180353,0.08057138906357217,0.0004347826086956513,0.004347826086956515,4.83,0.377525168068637,1.77,0.9195409482755815,3.23,0.9195409482755815,0.0,0.0,3.83,2.098845281375336,3.74,2.087093576234567,16.17,2.098845281375336,5.0,0.0,20.29,3.1632198146761143,4.058,0.632643962935223,1.0145,0.15816099073380574,0.0,0.0
4,307.0,307.0,100,4.11,2.4654993142742647,0.1932248769376478,0.10119851485061303,0.8577044104416396,0.0942669067993869,0.05735267309180353,0.08057138906357217,0.0004999999999999999,0.0049999999999999975,4.84,0.3684529491774706,1.77,0.9195409482755815,3.23,0.9195409482755815,0.0,0.0,3.82,2.0955942239649237,3.73,2.0882306076453983,16.18,2.0955942239649237,5.0,0.0,20.29,3.1632198146761143,4.058,0.632643962935223,1.0145,0.15816099073380574,0.0,0.0
4,308.0,308.0,100,4.11,2.4654993142742647,0.1932248769376478,0.10119851485061303,0.8577044104416396,0.0942669067993869,0.05735267309180353,0.08057138906357217,0.0,0.0,4.84,0.3684529491774706,1.77,0.9195409482755815,3.23,0.9195409482755815,0.0,0.0,3.82,2.0955942239649237,3.7,2.0621651855574648,16.18,2.0955942239649237,5.0,0.0,20.29,3.1632198146761143,4.058,0.632643962935223,1.0145,0.15816099073380574,0.0,0.0
4,309.0,309.0,100,4.09,2.4663185667563856,0.19216932138209222,0.10096881818504365,0.8587599659971952,0.0934409392963546,0.05735267309180353,0.08057138906357217,0.0010555555555555559,0.007436600722307896,4.85,0.35887028128263676,1.77,0.9195409482755815,3.23,0.9195409482755815,0.0,0.0,3.8,2.084090771399927,3.7,2.0621651855574648,16.2,2.0840907713999264,5.0,0.0,20.29,3.1632198146761143,4.058,0.632643962935223,1.0145,0.15816099073380574,0.0,0.0
4,310.0,310.0,100,4.06,2.444618910211082,0.19084521071015548,0.10013112709103836,0.860259965997195,0.09315115958780712,0.05735267309180353,0.08057138906357217,0.0013241106719367609,0.0075688804209314625,4.85,0.35887028128263676,1.75,0.9142530206997326,3.25,0.9142530206997326,0.0,0.0,3.77,2.0930621325964247,3.68,2.0542146868810907,16.23,2.0930621325964243,5.0,0.0,20.29,3.1632198146761143,4.058,0.632643962935223,1.0145,0.15816099073380574,0.0,0.0
4,311.0,311.0,100,4.04,2.4532806318450118,0.18979257913120812,0.10047484016854162,0.8613125975761424,0.09293768242810636,0.05735267309180353,0.08057138906357217,0.001052631578947368,0.007405541796646823,4.86,0.348735088019777,1.75,0.9142530206997326,3.25,0.9142530206997326,0.0,0.0,3.75,2.090744394040582,3.68,2.0542146868810907,16.25,2.090744394040582,5.0,0.0,20.29,3.1632198146761143,4.058,0.632643962935223,1.0145,0.15816099073380574,0.0,0.0
4,312.0,312.0,100,4.02,2.428700446449882,0.18881171788718898,0.09889026847411247,0.8623389133656161,0.09097755877859835,0.05735267309180353,0.08057138906357217,0.0009808612440191384,0.006919442617076572,4.86,0.348735088019777,1.74,0.9058730929915406,3.26,0.9058730929915406,0.0,0.0,3.73,2.063903333418736,3.66,2.0361381549046675,16.27,2.063903333418736,5.0,0.0,20.29,3.1632198146761143,4.058,0.632643962935223,1.0145,0.15816099073380574,0.0,0.0
4,313.0,313.0,100,4.02,2.428700446449882,0.18881171788718898,0.09889026847411247,0.8623389133656161,0.09097755877859835,0.05735267309180353,0.08057138906357217,0.0,0.0,4.86,0.348735088019777,1.74,0.9058730929915406,3.26,0.9058730929915406,0.0,0.0,3.73,2.063903333418736,3.66,2.0161970402345366,16.27,2.063903333418736,5.0,0.0,20.29,3.1632198146761143,4.058,0.632643962935223,1.0145,0.15816099073380574,0.0,0.0
4,314.0,314.0,100,4.01,2.422516431024949,0.18835717243264352,0.09860471040191633,0.8628389133656161,0.0907686487833443,0.05735267309180353,0.08057138906357217,0.000454545454545455,0.0045454545454545504,4.86,0.348735088019777,1.74,0.9058730929915406,3.26,0.9058730929915406,0.0,0.0,3.72,2.065004218940587,3.66,2.0161970402345366,16.28,2.065004218940587,5.0,0.0,20.29,3.1632198146761143,4.058,0.632643962935223,1.0145,0.15816099073380574,0.0,0.0
4,315.0,315.0,100,4.01,2.422516431024949,0.18835717243264352,0.09860471040191633,0.8628389133656161,0.0907686487833443,0.05735267309180353,0.08057138906357217,0.0,0.0,4.86,0.348735088019777,1.74,0.9058730929915406,3.26,0.9058730929915406,0.0,0.0,3.72,2.065004218940587,3.64,2.0076620907680334,16.28,2.065004218940587,5.0,0.0,20.29,3.1632198146761143,4.058,0.632643962935223,1.0145,0.15816099073380574,0.0,0.0
4,316.0,316.0,100,3.98,2.441145616138439,0.1866086344209476,0.09966220259262816,0.864587451377312,0.09092726906401039,0.05735267309180353,0.08057138906357217,0.001748538011695906,0.010047970186589919,4.86,0.348735088019777,1.72,0.9220092245205631,3.28,0.9220092245205631,0.0,0.0,3.69,2.0434423323540516,3.63,2.0033053494742945,16.31,2.0434423323540507,5.0,0.0,20.29,3.1632198146761143,4.058,0.632643962935223,1.0145,0.15816099073380574,0.0,0.0
4,317.0,317.0,100,3.97,2.4306751774315334,0.18608231863147395,0.09882783422393328,0.8651137671667857,0.08970908251077726,0.05735267309180353,0.08057138906357217,0.0005263157894736842,0.005263157894736841,4.86,0.348735088019777,1.72,0.9220092245205631,3.27,0.9195409482755816,0.01,0.1,3.67,2.025369401398474,3.64,1.9975742865543271,16.33,2.0253694013984735,5.0,0.0,20.29,3.1632198146761143,4.058,0.632643962935223,1.0145,0.15816099073380574,0.0,0.0
4,318.0,318.0,100,3.97,2.4306751774315334,0.18608231863147395,0.09882783422393328,0.8651137671667857,0.08970908251077726,0.05735267309180353,0.08057138906357217,0.0,0.0,4.86,0.348735088019777,1.72,0.9220092245205631,3.28,0.9220092245205631,0.0,0.0,3.68,2.024496445683681,3.62,1.9988885800753264,16.32,2.0244964456836807,5.0,0.0,20.29,3.1632198146761143,4.058,0.632643962935223,1.0145,0.15816099073380574,0.0,0.0
4,319.0,319.0,100,3.96,2.420117703123073,0.18560612815528343,0.0982240344139655,0.8656137671667858,0.08891534120683953,0.05735267309180353,0.08057138906357217,0.0004761904761904762,0.004761904761904761,4.86,0.348735088019777,1.72,0.9220092245205631,3.28,0.9220092245205631,0.0,0.0,3.67,2.0153702319219593,3.61,2.0045151054758374,16.33,2.015370231921959,5.0,0.0,20.29,3.1632198146761143,4.058,0.632643962935223,1.0145,0.15816099073380574,0.0,0.0
4,320.0,320.0,100,3.96,2.420117703123073,0.18560612815528343,0.0982240344139655,0.8656137671667858,0.08891534120683953,0.05735267309180353,0.08057138906357217,0.0,0.0,4.86,0.348735088019777,1.72,0.9220092245205631,3.28,0.9220092245205631,0.0,0.0,3.67,2.0153702319219593,3.61,1.9944113837613264,16.33,2.015370231921959,5.0,0.0,20.29,3.1632198146761143,4.058,0.632643962935223,1.0145,0.15816099073380574,0.0,0.0
4,321.0,321.0,100,3.96,2.420117703123073,0.18560612815528343,0.0982240344139655,0.8656137671667858,0.08891534120683953,0.05735267309180353,0.08057138906357217,0.0,0.0,4.86,0.348735088019777,1.72,0.9220092245205631,3.28,0.9220092245205631,0.0,0.0,3.67,2.0153702319219593,3.61,1.9944113837613264,16.33,2.015370231921959,5.0,0.0,20.29,3.1632198146761143,4.058,0.632643962935223,1.0145,0.15816099073380574,0.0,0.0
4,322.0,322.0,100,3.96,2.420117703123073,0.18560612815528343,0.0982240344139655,0.8656137671667858,0.08891534120683953,0.05735267309180353,0.08057138906357217,0.0,0.0,4.86,0.348735088019777,1.72,0.9220092245205631,3.28,0.9220092245205631,0.0,0.0,3.67,2.0153702319219593,3.58,2.000908884391382,16.33,2.015370231921959,5.0,0.0,20.29,3.1632198146761143,4.058,0.632643962935223,1.0145,0.15816099073380574,0.0,0.0
4,323.0,323.0,100,3.96,2.420117703123073,0.18560612815528343,0.0982240344139655,0.8656137671667858,0.08891534120683953,0.05735267309180353,0.08057138906357217,0.0,0.0,4.86,0.348735088019777,1.72,0.9220092245205631,3.28,0.9220092245205631,0.0,0.0,3.67,2.0153702319219593,3.58,2.000908884391382,16.33,2.015370231921959,5.0,0.0,20.29,3.1632198146761143,4.058,0.632643962935223,1.0145,0.15816099073380574,0.0,0.0
4,324.0,324.0,100,3.95,2.43449536388297,0.1850178928611658,0.09916262217917561,0.8662020024609034,0.08961213773090472,0.05735267309180353,0.08057138906357217,0.000588235294117647,0.005882352941176471,4.86,0.348735088019777,1.71,0.9352253550061957,3.29,0.9352253550061956,0.0,0.0,3.66,2.016197040234537,3.58,2.000908884391382,16.34,2.0161970402345366,5.0,0.0,20.29,3.1632198146761143,4.058,0.632643962935223,1.0145,0.15816099073380574,0.0,0.0
4,325.0,325.0,100,3.93,2.4422832503105525,0.18385122619449917,0.09952872461527106,0.86736866912757,0.08934403350414784,0.05735267309180353,0.08057138906357217,0.001166666666666667,0.008292830865937387,4.86,0.348735088019777,1.71,0.9352253550061957,3.29,0.9352253550061956,0.0,0.0,3.64,1.9975742865543273,3.58,2.000908884391382,16.36,1.9975742865543276,5.0,0.0,20.29,3.1632198146761143,4.058,0.632643962935223,1.0145,0.15816099073380574,0.0,0.0
4,326.0,326.0,100,3.92,2.439903955718608,0.1834164435858035,0.09947567909309407,0.8678686691275701,0.08966781620551197,0.05735267309180353,0.08057138906357217,0.00043478260869565186,0.004347826086956519,4.86,0.348735088019777,1.71,0.9352253550061957,3.29,0.9352253550061956,0.0,0.0,3.63,2.0083411919876424,3.58,2.000908884391382,16.37,2.0083411919876424,5.0,0.0,20.29,3.1632198146761143,4.058,0.632643962935223,1.0145,0.15816099073380574,0.0,0.0
4,327.0,327.0,100,3.9,2.4308621740219887,0.18247627264563257,0.09947532276195667,0.8689242246831256,0.09000646004336259,0.05735267309180353,0.08057138906357217,0.0009401709401709398,0.006724985490007725,4.86,0.348735088019777,1.71,0.9352253550061957,3.29,0.9352253550061956,0.0,0.0,3.61,2.0145681543409864,3.57,2.0012874643967353,16.39,2.0145681543409864,5.0,0.0,20.29,3.1632198146761143,4.058,0.632643962935223,1.0145,0.15816099073380574,0.0,0.0
4,328.0,328.0,100,3.9,2.4308621740219887,0.18247627264563257,0.09947532276195667,0.8689242246831256,0.09000646004336259,0.05735267309180353,0.08057138906357217,0.0,0.0,4.86,0.348735088019777,1.71,0.9352253550061957,3.29,0.9352253550061956,0.0,0.0,3.61,2.0145681543409864,3.56,1.9813269709102947,16.39,2.0145681543409864,5.0,0.0,20.29,3.1632198146761143,4.058,0.632643962935223,1.0145,0.15816099073380574,0.0,0.0
4,329.0,329.0,100,3.89,2.436651950376321,0.18194995685615886,0.0997455629947589,0.8694505404725993,0.09000193352547452,0.05735267309180353,0.08057138906357217,0.0005263157894736841,0.00526315789473684,4.86,0.348735088019777,1.7,0.9374368665610919,3.3,0.9374368665610923,0.0,0.0,3.6,2.0150945537631872,3.51,1.9974478666032762,16.4,2.0150945537631872,5.0,0.0,20.29,3.1632198146761143,4.058,0.632643962935223,1.0145,0.15816099073380574,0.0,0.0
4,330.0,330.0,100,3.88,2.4506441124032197,0.18128329018949219,0.10074167693698947,0.8701172071392659,0.09072392140020544,0.05735267309180353,0.08057138906357217,0.000666666666666666,0.00666666666666666,4.86,0.348735088019777,1.69,0.9502259167846838,3.31,0.9502259167846839,0.0,0.0,3.59,2.005522678037128,3.5,1.9873336281296474,16.41,2.0055226780371274,5.0,0.0,20.29,3.1632198146761143,4.058,0.632643962935223,1.0145,0.15816099073380574,0.0,0.0
4,331.0,331.0,100,3.87,2.456305018403525,0.18075697440001853,0.1010022500494946,0.8706435229287396,0.090712439320388,0.05735267309180353,0.08057138906357217,0.0005263157894736841,0.005263157894736839,4.86,0.348735088019777,1.68,0.9521904571390466,3.32,0.9521904571390466,0.0,0.0,3.58,2.005950743123665,3.48,1.9821424996424677,16.42,2.005950743123665,5.0,0.0,20.29,3.1632198146761143,4.058,0.632643962935223,1.0145,0.15816099073380574,0.0,0.0
4,332.0,332.0,100,3.86,2.4495722157968816,0.18028078392382807,0.10061392158925485,0.8711435229287396,0.0901769621526619,0.05735267309180353,0.08057138906357217,0.000476190476190477,0.004761904761904768,4.86,0.348735088019777,1.68,0.9521904571390466,3.32,0.9521904571390466,0.0,0.0,3.57,2.0012874643967353,3.48,1.9821424996424677,16.43,2.0012874643967353,5.0,0.0,20.29,3.1632198146761143,4.058,0.632643962935223,1.0145,0.15816099073380574,0.0,0.0
4,333.0,333.0,100,3.83,2.4331672836660925,0.17891997806302218,0.10004926556014591,0.8726435229287397,0.08994883556478188,0.05735267309180353,0.08057138906357217,0.001360805860805861,0.007824904800074825,4.86,0.348735088019777,1.68,0.9521904571390466,3.31,0.9502259167846839,0.01,0.1,3.53,2.017374030713685,3.46,1.9920042188913178,16.47,2.0173740307136843,5.0,0.0,20.29,3.1632198146761143,4.058,0.632643962935223,1.0145,0.15816099073380574,0.0,0.0
4,334.0,334.0,100,3.83,2.4331672836660925,0.17891997806302218,0.10004926556014591,0.8726435229287397,0.08994883556478188,0.05735267309180353,0.08057138906357217,0.0,0.0,4.86,0.348735088019777,1.68,0.9521904571390466,3.32,0.9521904571390466,0.0,0.0,3.54,2.012185103038209,3.46,1.9920042188913178,16.46,2.012185103038209,5.0,0.0,20.29,3.1632198146761143,4.058,0.632643962935223,1.0145,0.15816099073380574,0.0,0.0
4,335.0,335.0,100,3.82,2.4220368754960417,0.1784851954543265,0.09959211687174364,0.8731435229287396,0.08967951674475369,0.05735267309180353,0.08057138906357217,0.00043478260869565186,0.004347826086956519,4.86,0.348735088019777,1.67,0.9433981132056605,3.33,0.9433981132056606,0.0,0.0,3.53,2.012360792600561,3.47,1.9871048937048739,16.47,2.012360792600561,5.0,0.0,20.29,3.1632198146761143,4.058,0.632643962935223,1.0145,0.15816099073380574,0.0,0.0
4,336.0,336.0,100,3.82,2.4220368754960417,0.1784851954543265,0.09959211687174364,0.8731435229287396,0.08967951674475369,0.05735267309180353,0.08057138906357217,0.0,0.0,4.86,0.348735088019777,1.67,0.9433981132056605,3.33,0.9433981132056606,0.0,0.0,3.53,2.012360792600561,3.47,1.9871048937048739,16.47,2.012360792600561,5.0,0.0,20.29,3.1632198146761143,4.058,0.632643962935223,1.0145,0.15816099073380574,0.0,0.0
4,337.0,337.0,100,3.8,2.4037008503093262,0.17760173680771,0.09910329970834258,0.8741698387182133,0.08990692176751561,0.05735267309180353,0.08057138906357217,0.0008834586466165409,0.006330576264756986,4.86,0.348735088019777,1.66,0.9344149576774299,3.34,0.9344149576774299,0.0,0.0,3.51,2.02257461687031,3.46,1.9920042188913178,16.49,2.022574616870309,5.0,0.0,20.29,3.1632198146761143,4.058,0.632643962935223,1.0145,0.15816099073380574,0.0,0.0
4,338.0,338.0,100,3.79,2.392306692949571,0.1770754210182363,0.098215444268633,0.874696154507687,0.08861725112856869,0.05735267309180353,0.08057138906357217,0.0005263157894736842,0.005263157894736842,4.86,0.348735088019777,1.66,0.9344149576774299,3.34,0.9344149576774299,0.0,0.0,3.5,2.0025236603099126,3.45,1.9765033914885288,16.5,2.002523660309912,5.0,0.0,20.29,3.1632198146761143,4.058,0.632643962935223,1.0145,0.15816099073380574,0.0,0.0
4,339.0,339.0,100,3.78,2.3892858490952626,0.17659923054204582,0.09803187291446187,0.875196154507687,0.08833213761969612,0.05735267309180353,0.08057138906357217,0.00047619047619047586,0.004761904761904758,4.86,0.348735088019777,1.65,0.9252354327740621,3.35,0.9252354327740621,0.0,0.0,3.49,2.0024984394500778,3.43,1.9604936504705528,16.51,2.002498439450078,5.0,0.0,20.29,3.1632198146761143,4.058,0.632643962935223,1.0145,0.15816099073380574,0.0,0.0
4,340.0,340.0,100,3.77,2.3862188508266384,0.17607291475257214,0.09770319445889418,0.8757224702971607,0.08765363915477606,0.05735267309180353,0.08057138906357217,0.0005263157894736851,0.00526315789473685,4.86,0.348735088019777,1.64,0.9268170795739032,3.36,0.9268170795739034,0.0,0.0,3.48,1.9923084423083015,3.42,1.9549471046087623,16.52,1.9923084423083024,5.0,0.0,20.29,3.1632198146761143,4.058,0.632643962935223,1.0145,0.15816099073380574,0.0,0.0
4,341.0,341.0,100,3.75,2.371442045198949,0.17516194166768603,0.09706884223806524,0.8767224702971608,0.08706136180362463,0.05735267309180353,0.08057138906357217,0.000910973084886128,0.006415689156750375,4.87,0.3379976689896312,1.64,0.9268170795739032,3.36,0.9268170795739034,0.0,0.0,3.46,1.9920042188913178,3.4,1.9540168418367887,16.54,1.9920042188913178,5.0,0.0,20.29,3.1632198146761143,4.058,0.632643962935223,1.0145,0.15816099073380574,0.0,0.0
4,342.0,342.0,100,3.75,2.371442045198949,0.17516194166768603,0.09706884223806524,0.8767224702971608,0.08706136180362463,0.05735267309180353,0.08057138906357217,0.0,0.0,4.87,0.3379976689896312,1.64,0.9268170795739032,3.36,0.9268170795739034,0.0,0.0,3.46,1.9920042188913178,3.39,1.948296329067677,16.54,1.9920042188913178,5.0,0.0,20.29,3.1632198146761143,4.058,0.632643962935223,1.0145,0.15816099073380574,0.0,0.0
4,343.0,343.0,100,3.73,2.369226102176051,0.1740604923923237,0.09709782271292595,0.8778891369638273,0.08693337189051938,0.05735267309180353,0.08057138906357217,0.0011014492753623189,0.007922276839640674,4.87,0.3379976689896312,1.63,0.9282872247947677,3.37,0.9282872247947679,0.0,0.0,3.44,1.976222291508358,3.39,1.948296329067677,16.56,1.9762222915083574,5.0,0.0,20.29,3.1632198146761143,4.058,0.632643962935223,1.0145,0.15816099073380574,0.0,0.0
4,344.0,344.0,100,3.72,2.3659196430935174,0.17356049239232368,0.09683119643095252,0.8783891369638274,0.08633209253705855,0.05735267309180353,0.08057138906357217,0.0004999999999999999,0.004999999999999998,4.87,0.3379976689896312,1.63,0.9282872247947677,3.37,0.9282872247947679,0.0,0.0,3.43,1.9707712688030021,3.37,1.931425390845849,16.57,1.970771268803002,5.0,0.0,20.29,3.1632198146761143,4.058,0.632643962935223,1.0145,0.15816099073380574,0.0,0.0
4,345.0,345.0,100,3.71,2.3668373818070374,0.17303417660285,0.09677126120832966,0.8789154527533011,0.08594411214988165,0.05735267309180353,0.08057138906357217,0.0005263157894736839,0.0052631578947368385,4.87,0.3379976689896312,1.63,0.9282872247947677,3.37,0.9282872247947679,0.0,0.0,3.42,1.9652537297311565,3.36,1.9307192358488503,16.58,1.9652537297311574,5.0,0.0,20.29,3.1632198146761143,4.058,0.632643962935223,1.0145,0.15816099073380574,0.0,0.0
4,346.0,346.0,100,3.71,2.3668373818070374,0.17303417660285,0.09677126120832966,0.8789154527533011,0.08594411214988165,0.05735267309180353,0.08057138906357217,0.0,0.0,4.87,0.3379976689896312,1.63,0.9282872247947677,3.37,0.9282872247947679,0.0,0.0,3.42,1.9652537297311565,3.35,1.9299604852813634,16.58,1.9652537297311574,5.0,0.0,20.29,3.1632198146761143,4.058,0.632643962935223,1.0145,0.15816099073380574,0.0,0.0
4,347.0,347.0,100,3.7,2.3591643786850813,0.17250786081337632,0.0961279939825448,0.8794417685427747,0.0848944548382989,0.05735267309180353,0.08057138906357217,0.0005263157894736842,0.005263157894736841,4.87,0.3379976689896312,1.63,0.9282872247947677,3.37,0.9282872247947679,0.0,0.0,3.41,1.949332960245373,3.34,1.9239059596077308,16.59,1.949332960245374,5.0,0.0,20.29,3.1632198146761143,4.058,0.632643962935223,1.0145,0.15816099073380574,0.0,0.0
4,348.0,348.0,100,3.69,2.35999914398204,0.17198154502390264,0.09606179466995854,0.8799680843322484,0.08449325090325388,0.05735267309180353,0.08057138906357217,0.0005263157894736839,0.005263157894736839,4.87,0.3379976689896312,1.63,0.9282872247947677,3.37,0.9282872247947679,0.0,0.0,3.4,1.9436506316151,3.33,1.9230394712747856,16.6,1.943650631615101,5.0,0.0,20.29,3.1632198146761143,4.058,0.632643962935223,1.0145,0.15816099073380574,0.0,0.0
4,349.0,349.0,100,3.69,2.35999914398204,0.17198154502390264,0.09606179466995854,0.8799680843322484,0.08449325090325388,0.05735267309180353,0.08057138906357217,0.0,0.0,4.87,0.3379976689896312,1.63,0.9282872247947677,3.37,0.9282872247947679,0.0,0.0,3.4,1.9436506316151,3.32,1.9221200416585467,16.6,1.943650631615101,5.0,0.0,20.29,3.1632198146761143,4.058,0.632643962935223,1.0145,0.15816099073380574,0.0,0.0
4,350.0,350.0,100,3.68,2.3607908279501033,0.17148154502390267,0.09604460903944816,0.8804680843322484,0.08416254276957394,0.05735267309180353,0.08057138906357217,0.0005000000000000001,0.005000000000000001,4.87,0.3379976689896312,1.63,0.9282872247947677,3.37,0.9282872247947679,0.0,0.0,3.39,1.943104877678136,3.32,1.9221200416585467,16.61,1.9431048776781374,5.0,0.0,20.29,3.1632198146761143,4.058,0.632643962935223,1.0145,0.15816099073380574,0.0,0.0
4,351.0,351.0,100,3.67,2.365812906184829,0.17098154502390264,0.096287410682122,0.8809680843322484,0.08412822215333281,0.05735267309180353,0.08057138906357217,0.0004999999999999999,0.004999999999999998,4.87,0.3379976689896312,1.62,0.9296463974234633,3.38,0.9296463974234636,0.0,0.0,3.38,1.9477000163103537,3.29,1.939983338468491,16.62,1.9477000163103548,5.0,0.0,20.29,3.1632198146761143,4.058,0.632643962935223,1.0145,0.15816099073380574,0.0,0.0
4,352.0,352.0,100,3.65,2.354342645608173,0.16997903875823847,0.0954607504996386,0.881994400121722,0.08272963175571495,0.05735267309180353,0.08057138906357217,0.001002506265664162,0.00706188726124909,4.88,0.3265986323710905,1.61,0.9308950835436055,3.39,0.9308950835436057,0.0,0.0,3.36,1.9307192358488499,3.29,1.939983338468491,16.64,1.930719235848851,5.0,0.0,20.29,3.1632198146761143,4.058,0.632643962935223,1.0145,0.15816099073380574,0.0,0.0
4,353.0,353.0,100,3.65,2.354342645608173,0.16997903875823847,0.0954607504996386,0.881994400121722,0.08272963175571495,0.05735267309180353,0.08057138906357217,0.0,0.0,4.88,0.3265986323710905,1.61,0.9308950835436055,3.39,0.9308950835436057,0.0,0.0,3.36,1.9307192358488499,3.28,1.9440663413047248,16.64,1.930719235848851,5.0,0.0,20.29,3.1632198146761143,4.058,0.632643962935223,1.0145,0.15816099073380574,0.0,0.0
4,354.0,354.0,100,3.64,2.3635275810243104,0.16942348320268294,0.09596712242751292,0.8825499556772776,0.08296260657829328,0.05735267309180353,0.08057138906357217,0.0005555555555555561,0.005555555555555561,4.88,0.3265986323710905,1.61,0.9308950835436055,3.39,0.9308950835436057,0.0,0.0,3.35,1.9299604852813634,3.27,1.9480889366377774,16.65,1.9299604852813639,5.0,0.0,20.29,3.1632198146761143,4.058,0.632643962935223,1.0145,0.15816099073380574,0.0,0.0
4,355.0,355.0,100,3.63,2.364104460253375,0.16892348320268294,0.09593645405431091,0.8830499556772777,0.08260998908516608,0.05735267309180353,0.08057138906357217,0.0005000000000000001,0.005,4.88,0.3265986323710905,1.61,0.9308950835436055,3.39,0.9308950835436057,0.0,0.0,3.34,1.9291490770845472,3.27,1.9480889366377774,16.66,1.9291490770845472,5.0,0.0,20.29,3.1632198146761143,4.058,0.632643962935223,1.0145,0.15816099073380574,0.0,0.0
4,356.0,356.0,100,3.63,2.364104460253375,0.16892348320268294,0.09593645405431091,0.8830499556772777,0.08260998908516608,0.05735267309180353,0.08057138906357217,0.0,0.0,4.88,0.3265986323710905,1.61,0.9308950835436055,3.39,0.9308950835436057,0.0,0.0,3.34,1.9291490770845472,3.27,1.9480889366377774,16.66,1.9291490770845472,5.0,0.0,20.29,3.1632198146761143,4.058,0.632643962935223,1.0145,0.15816099073380574,0.0,0.0
4,357.0,357.0,100,3.62,2.364638482202967,0.16839716741320923,0.09585024383981211,0.8835762714667513,0.0821742954108895,0.05735267309180353,0.08057138906357217,0.0005263157894736839,0.005263157894736839,4.89,0.31446603773522014,1.61,0.9308950835436055,3.39,0.9308950835436057,0.0,0.0,3.33,1.9230394712747856,3.27,1.9480889366377774,16.67,1.9230394712747858,5.0,0.0,20.29,3.1632198146761143,4.058,0.632643962935223,1.0145,0.15816099073380574,0.0,0.0
4,358.0,358.0,100,3.62,2.364638482202967,0.16839716741320923,0.09585024383981211,0.8835762714667513,0.0821742954108895,0.05735267309180353,0.08057138906357217,0.0,0.0,4.89,0.31446603773522014,1.61,0.9308950835436055,3.39,0.9308950835436057,0.0,0.0,3.33,1.9230394712747856,3.25,1.961111826479968,16.67,1.9230394712747858,5.0,0.0,20.29,3.1632198146761143,4.058,0.632643962935223,1.0145,0.15816099073380574,0.0,0.0
4,359.0,359.0,100,3.61,2.3693966329089786,0.16787085162373558,0.09605278202029252,0.8841025872562249,0.08207448457316605,0.05735267309180353,0.08057138906357217,0.0005263157894736841,0.005263157894736841,4.89,0.31446603773522014,1.6,0.9320337272260422,3.4,0.9320337272260424,0.0,0.0,3.32,1.9221200416585467,3.23,1.9635825843739205,16.68,1.9221200416585469,5.0,0.0,20.29,3.1632198146761143,4.058,0.632643962935223,1.0145,0.15816099073380574,0.0,0.0
4,360.0,360.0,100,3.61,2.3693966329089786,0.16787085162373558,0.09605278202029252,0.8841025872562249,0.08207448457316605,0.05735267309180353,0.08057138906357217,0.0,0.0,4.89,0.31446603773522014,1.6,0.9320337272260422,3.4,0.9320337272260424,0.0,0.0,3.32,1.9221200416585467,3.22,1.9621674266231741,16.68,1.9221200416585469,5.0,0.0,20.29,3.1632198146761143,4.058,0.632643962935223,1.0145,0.15816099073380574,0.0,0.0
4,361.0,361.0,100,3.57,2.358115152130419,0.16601401401689794,0.09582836423054339,0.8861581428117806,0.08264430081577505,0.05735267309180353,0.08057138906357217,0.0018568376068376071,0.009242543385585882,4.9,0.30151134457776363,1.59,0.9330627313348553,3.41,0.9330627313348553,0.0,0.0,3.28,1.9440663413047248,3.18,1.961137579585024,16.72,1.9440663413047252,5.0,0.0,20.29,3.1632198146761143,4.058,0.632643962935223,1.0145,0.15816099073380574,0.0,0.0
4,362.0,362.0,100,3.57,2.358115152130419,0.16601401401689794,0.09582836423054339,0.8861581428117806,0.08264430081577505,0.05735267309180353,0.08057138906357217,0.0,0.0,4.9,0.30151134457776363,1.59,0.9330627313348553,3.41,0.9330627313348553,0.0,0.0,3.28,1.9440663413047248,3.18,1.961137579585024,16.72,1.9440663413047252,5.0,0.0,20.29,3.1632198146761143,4.058,0.632643962935223,1.0145,0.15816099073380574,0.0,0.0
4,363.0,363.0,100,3.56,2.3541066632202923,0.16553782354070748,0.09558456424108216,0.8866581428117806,0.08226817142884425,0.05735267309180353,0.08057138906357217,0.00047619047619047586,0.004761904761904758,4.9,0.30151134457776363,1.58,0.9339824582524195,3.42,0.9339824582524197,0.0,0.0,3.27,1.9428969310924564,3.18,1.961137579585024,16.73,1.9428969310924564,5.0,0.0,20.29,3.1632198146761143,4.058,0.632643962935223,1.0145,0.15816099073380574,0.0,0.0
4,364.0,364.0,100,3.55,2.3500483554019214,0.16508327808616202,0.09539591470851833,0.8871581428117805,0.08219503393248949,0.05735267309180353,0.08057138906357217,0.00045454545454545417,0.004545454545454542,4.9,0.30151134457776363,1.58,0.9339824582524195,3.42,0.9339824582524197,0.0,0.0,3.26,1.946870059943146,3.17,1.9748673398740002,16.74,1.9468700599431463,5.0,0.0,20.29,3.1632198146761143,4.058,0.632643962935223,1.0145,0.15816099073380574,0.0,0.0
4,365.0,365.0,100,3.52,2.3461983003673126,0.16371423046711442,0.09527104272673771,0.8886581428117806,0.08257068559661523,0.05735267309180353,0.08057138906357217,0.0013690476190476191,0.007839185025848575,4.9,0.30151134457776363,1.56,0.9136451580058169,3.44,0.9136451580058171,0.0,0.0,3.23,1.96872003745037,3.16,1.9782657439119125,16.77,1.9687200374503695,5.0,0.0,20.29,3.1632198146761143,4.058,0.632643962935223,1.0145,0.15816099073380574,0.0,0.0
4,366.0,366.0,100,3.52,2.3461983003673126,0.16371423046711442,0.09527104272673771,0.8886581428117806,0.08257068559661523,0.05735267309180353,0.08057138906357217,0.0,0.0,4.9,0.30151134457776363,1.56,0.9136451580058169,3.44,0.9136451580058171,0.0,0.0,3.23,1.96872003745037,3.16,1.9782657439119125,16.77,1.9687200374503695,5.0,0.0,20.29,3.1632198146761143,4.058,0.632643962935223,1.0145,0.15816099073380574,0.0,0.0
4,367.0,367.0,100,3.51,2.324637475809808,0.16334386009674404,0.09467510810331248,0.8891581428117806,0.0827911501387517,0.05735267309180353,0.08057138906357217,0.00037037037037037035,0.0037037037037037034,4.9,0.30151134457776363,1.56,0.9136451580058169,3.44,0.9136451580058171,0.0,0.0,3.22,1.977550775759518,3.14,1.9848924353218687,16.78,1.9775507757595174,5.0,0.0,20.29,3.1632198146761143,4.058,0.632643962935223,1.0145,0.15816099073380574,0.0,0.0
4,368.0,368.0,100,3.49,2.337636724246403,0.16234386009674404,0.09534323986260715,0.8901581428117805,0.08291723091180507,0.05735267309180353,0.08057138906357217,0.0010000000000000002,0.007035264706814485,4.9,0.30151134457776363,1.54,0.9257265778671893,3.46,0.9257265778671893,0.0,0.0,3.2,1.9898733526523642,3.13,1.9676936199058481,16.8,1.989873352652364,5.0,0.0,20.29,3.1632198146761143,4.058,0.632643962935223,1.0145,0.15816099073380574,0.0,0.0
4,369.0,369.0,100,3.46,2.354535704515517,0.16058895813595972,0.09595409802727649,0.891913044772565,0.08249842214520824,0.05735267309180353,0.08057138906357217,0.0017549019607843138,0.010098846802704366,4.9,0.30151134457776363,1.53,0.9261083995282453,3.47,0.9261083995282453,0.0,0.0,3.17,1.9646111497436252,3.12,1.9502913535255095,16.83,1.9646111497436252,5.0,0.0,20.29,3.1632198146761143,4.058,0.632643962935223,1.0145,0.15816099073380574,0.0,0.0
4,370.0,370.0,100,3.46,2.354535704515517,0.16058895813595972,0.09595409802727649,0.891913044772565,0.08249842214520824,0.05735267309180353,0.08057138906357217,0.0,0.0,4.9,0.30151134457776363,1.53,0.9261083995282453,3.47,0.9261083995282453,0.0,0.0,3.17,1.9646111497436252,3.1,1.920122049992835,16.83,1.9646111497436252,5.0,0.0,20.29,3.1632198146761143,4.058,0.632643962935223,1.0145,0.15816099073380574,0.0,0.0
4,371.0,371.0,100,3.44,2.3712077645424205,0.15953340258040416,0.09684639187318012,0.8929686003281205,0.08286173552399398,0.05735267309180353,0.08057138906357217,0.001055555555555556,0.007436600722307898,4.9,0.30151134457776363,1.53,0.9261083995282453,3.47,0.9261083995282453,0.0,0.0,3.15,1.9713862220183127,3.07,1.9029748110033227,16.85,1.9713862220183127,5.0,0.0,20.29,3.1632198146761143,4.058,0.632643962935223,1.0145,0.15816099073380574,0.0,0.0
4,372.0,372.0,100,3.43,2.3794363138603165,0.1588667359137375,0.09725715578735714,0.8936352669947871,0.0829161514954357,0.05735267309180353,0.08057138906357217,0.0006666666666666671,0.006666666666666671,4.9,0.30151134457776363,1.53,0.9261083995282453,3.47,0.9261083995282453,0.0,0.0,3.14,1.9541202262363124,3.05,1.8876258403431845,16.86,1.9541202262363127,5.0,0.0,20.29,3.1632198146761143,4.058,0.632643962935223,1.0145,0.15816099073380574,0.0,0.0
4,373.0,373.0,100,3.43,2.3794363138603165,0.1588667359137375,0.09725715578735714,0.8936352669947871,0.0829161514954357,0.05735267309180353,0.08057138906357217,0.0,0.0,4.9,0.30151134457776363,1.53,0.9261083995282453,3.47,0.9261083995282453,0.0,0.0,3.14,1.9541202262363124,3.04,1.8744426781140449,16.86,1.9541202262363127,5.0,0.0,20.29,3.1632198146761143,4.058,0.632643962935223,1.0145,0.15816099073380574,0.0,0.0
4,374.0,374.0,100,3.41,2.374506860020165,0.15790563751556816,0.09685551880634446,0.8946615827842608,0.08256802584826287,0.05735267309180353,0.08057138906357217,0.0009610983981693372,0.00679280015277516,4.9,0.30151134457776363,1.53,0.9261083995282453,3.47,0.9261083995282453,0.0,0.0,3.12,1.9554637260349228,3.03,1.8611118649176823,16.88,1.9554637260349226,5.0,0.0,20.29,3.1632198146761143,4.058,0.632643962935223,1.0145,0.15816099073380574,0.0,0.0
4,375.0,375.0,100,3.39,2.386388167262083,0.15682376617053892,0.09742431189940888,0.89574345412929,0.08254146273949116,0.05735267309180353,0.08057138906357217,0.00108187134502924,0.007614087352447876,4.9,0.30151134457776363,1.52,0.9263810329350542,3.48,0.9263810329350545,0.0,0.0,3.1,1.9514304517662953,3.01,1.8394937819240849,16.9,1.9514304517662953,5.0,0.0,20.29,3.1632198146761143,4.058,0.632643962935223,1.0145,0.15816099073380574,0.0,0.0
4,376.0,376.0,100,3.39,2.386388167262083,0.15682376617053892,0.09742431189940888,0.89574345412929,0.08254146273949116,0.05735267309180353,0.08057138906357217,0.0,0.0,4.9,0.30151134457776363,1.52,0.9263810329350542,3.48,0.9263810329350545,0.0,0.0,3.1,1.9514304517662953,3.01,1.8394937819240849,16.9,1.9514304517662953,5.0,0.0,20.29,3.1632198146761143,4.058,0.632643962935223,1.0145,0.15816099073380574,0.0,0.0
4,377.0,377.0,100,3.39,2.386388167262083,0.15682376617053892,0.09742431189940888,0.89574345412929,0.08254146273949116,0.05735267309180353,0.08057138906357217,0.0,0.0,4.9,0.30151134457776363,1.52,0.9263810329350542,3.48,0.9263810329350545,0.0,0.0,3.1,1.9514304517662953,2.98,1.8476302048130124,16.9,1.9514304517662953,5.0,0.0,20.29,3.1632198146761143,4.058,0.632643962935223,1.0145,0.15816099073380574,0.0,0.0
4,378.0,378.0,100,3.38,2.3943536273761428,0.15615709950387224,0.09781399664720714,0.8964101207959567,0.08257346340746484,0.05735267309180353,0.08057138906357217,0.0006666666666666671,0.006666666666666672,4.9,0.30151134457776363,1.52,0.9263810329350542,3.48,0.9263810329350545,0.0,0.0,3.09,1.9337251431609739,2.97,1.839274121203605,16.91,1.9337251431609734,5.0,0.0,20.29,3.1632198146761143,4.058,0.632643962935223,1.0145,0.15816099073380574,0.0,0.0
4,379.0,379.0,100,3.36,2.3763140968459293,0.15512535347212622,0.09659287235123408,0.8974656763515122,0.0805706870478709,0.05735267309180353,0.08057138906357217,0.0010317460317460316,0.007280486900848461,4.91,0.2876234912646614,1.51,0.9265445744727281,3.49,0.9265445744727282,0.0,0.0,3.07,1.9029748110033229,2.95,1.833333333333333,16.93,1.9029748110033224,5.0,0.0,20.29,3.1632198146761143,4.058,0.632643962935223,1.0145,0.15816099073380574,0.0,0.0
4,380.0,380.0,100,3.36,2.3763140968459293,0.15512535347212622,0.09659287235123408,0.8974656763515122,0.0805706870478709,0.05735267309180353,0.08057138906357217,0.0,0.0,4.91,0.2876234912646614,1.51,0.9265445744727281,3.49,0.9265445744727282,0.0,0.0,3.07,1.9029748110033229,2.95,1.833333333333333,16.93,1.9029748110033224,5.0,0.0,20.29,3.1632198146761143,4.058,0.632643962935223,1.0145,0.15816099073380574,0.0,0.0
4,381.0,381.0,100,3.34,2.3792877297649606,0.1540420201387929,0.09711180588548309,0.898632343018179,0.08130973611286647,0.05735267309180353,0.08057138906357217,0.001083333333333333,0.007825879396446231,4.91,0.2876234912646614,1.5,0.937436866561092,3.5,0.9374368665610923,0.0,0.0,3.05,1.8982980149426887,2.93,1.8216154446761885,16.95,1.8982980149426885,5.0,0.0,20.29,3.1632198146761143,4.058,0.632643962935223,1.0145,0.15816099073380574,0.0,0.0
4,382.0,382.0,100,3.32,2.377843858234054,0.15298938855984553,0.09677514882652553,0.8996849745971263,0.08021213276908995,0.05735267309180353,0.08057138906357217,0.0010526315789473682,0.007405541796646826,4.92,0.2726599243442907,1.5,0.937436866561092,3.5,0.9374368665610923,0.0,0.0,3.03,1.8826963256312619,2.92,1.8239705827859958,16.97,1.8826963256312625,5.0,0.0,20.29,3.1632198146761143,4.058,0.632643962935223,1.0145,0.15816099073380574,0.0,0.0
4,383.0,383.0,100,3.31,2.364275360400725,0.15251319808365504,0.09599278159838098,0.9001849745971263,0.07910299772337051,0.05735267309180353,0.08057138906357217,0.0004761904761904762,0.004761904761904761,4.92,0.2726599243442907,1.5,0.937436866561092,3.5,0.9374368665610923,0.0,0.0,3.02,1.8693703363821343,2.91,1.826267375072041,16.98,1.8693703363821348,5.0,0.0,20.29,3.1632198146761143,4.058,0.632643962935223,1.0145,0.15816099073380574,0.0,0.0
4,384.0,384.0,100,3.29,2.362565802621627,0.1514313267386258,0.09556499533369427,0.9012668459421554,0.07784703852090837,0.05735267309180353,0.08057138906357217,0.00108187134502924,0.007614087352447873,4.93,0.2564323999762427,1.5,0.937436866561092,3.5,0.9374368665610923,0.0,0.0,3.0,1.8477395417486233,2.9,1.8062741382819667,17.0,1.8477395417486242,5.0,0.0,20.29,3.1632198146761143,4.058,0.632643962935223,1.0145,0.15816099073380574,0.0,0.0
4,385.0,385.0,100,3.27,2.3862188508266384,0.15020910451640357,0.09710301021051006,0.9024890681643778,0.07890734262664276,0.05735267309180353,0.08057138906357217,0.001222222222222221,0.008634837520466919,4.93,0.2564323999762427,1.48,0.9585342345414057,3.52,0.958534234541406,0.0,0.0,2.98,1.836663641860788,2.9,1.8062741382819667,17.02,1.8366636418607876,5.0,0.0,20.29,3.1632198146761143,4.058,0.632643962935223,1.0145,0.15816099073380574,0.0,0.0
4,386.0,386.0,100,3.26,2.389454948203659,0.14965354896084804,0.09716680451890836,0.9030446237199332,0.07861054034874299,0.05735267309180353,0.08057138906357217,0.000555555555555555,0.00555555555555555,4.93,0.2564323999762427,1.48,0.9585342345414057,3.52,0.958534234541406,0.0,0.0,2.97,1.8282574360645307,2.9,1.8062741382819667,17.03,1.8282574360645305,5.0,0.0,20.29,3.1632198146761143,4.058,0.632643962935223,1.0145,0.15816099073380574,0.0,0.0
4,387.0,387.0,100,3.24,2.3915676782386814,0.14865104269518387,0.09717625312535558,0.9040709395094071,0.07818830592287986,0.05735267309180353,0.08057138906357217,0.0010025062656641602,0.007061887261249077,4.93,0.2564323999762427,1.47,0.9582707489445915,3.53,0.9582707489445916,0.0,0.0,2.95,1.827815387534827,2.9,1.8062741382819667,17.05,1.8278153875348273,5.0,0.0,20.29,3.1632198146761143,4.058,0.632643962935223,1.0145,0.15816099073380574,0.0,0.0
4,388.0,388.0,100,3.23,2.386218850826639,0.14812472690571019,0.0966911266024689,0.9045972552988806,0.07722242924121606,0.05735267309180353,0.08057138906357217,0.0005263157894736851,0.00526315789473685,4.93,0.2564323999762427,1.47,0.9582707489445915,3.53,0.9582707489445916,0.0,0.0,2.94,1.8136407938985413,2.9,1.8062741382819667,17.06,1.8136407938985406,5.0,0.0,20.29,3.1632198146761143,4.058,0.632643962935223,1.0145,0.15816099073380574,0.0,0.0
4,389.0,389.0,100,3.21,2.38384715800474,0.14706494429701453,0.09641594590591801,0.9057222552988807,0.07684924631579712,0.05735267309180353,0.08057138906357217,0.0010597826086956518,0.007577408774914242,4.93,0.2564323999762427,1.47,0.9582707489445915,3.53,0.9582707489445916,0.0,0.0,2.92,1.8016827151473163,2.9,1.8062741382819667,17.08,1.8016827151473158,5.0,0.0,20.29,3.1632198146761143,4.058,0.632643962935223,1.0145,0.15816099073380574,0.0,0.0
4,390.0,390.0,100,3.21,2.38384715800474,0.14706494429701453,0.09641594590591801,0.9057222552988807,0.07684924631579712,0.05735267309180353,0.08057138906357217,0.0,0.0,4.93,0.2564323999762427,1.47,0.9582707489445915,3.53,0.9582707489445916,0.0,0.0,2.92,1.8016827151473163,2.9,1.8062741382819667,17.08,1.8016827151473158,5.0,0.0,20.29,3.1632198146761143,4.058,0.632643962935223,1.0145,0.15816099073380574,0.0,0.0
4,391.0,391.0,100,3.2,2.3910607932822865,0.14653862850754085,0.09678936821686517,0.9062485710883544,0.07695340858940276,0.05735267309180353,0.08057138906357217,0.000526315789473684,0.00526315789473684,4.93,0.2564323999762427,1.46,0.9579017473497778,3.54,0.9579017473497778,0.0,0.0,2.91,1.8040078836979743,2.88,1.776843188683716,17.09,1.804007883697974,5.0,0.0,20.29,3.1632198146761143,4.058,0.632643962935223,1.0145,0.15816099073380574,0.0,0.0
4,392.0,392.0,100,3.19,2.402418814781503,0.1459830729519853,0.0974738910427163,0.9068041266439099,0.077431000482948,0.05735267309180353,0.08057138906357217,0.000555555555555555,0.005555555555555549,4.93,0.2564323999762427,1.45,0.9679197729505719,3.55,0.9679197729505721,0.0,0.0,2.9,1.8062741382819667,2.85,1.771690968789108,17.1,1.806274138281967,5.0,0.0,20.29,3.1632198146761143,4.058,0.632643962935223,1.0145,0.15816099073380574,0.0,0.0
4,393.0,393.0,100,3.19,2.402418814781503,0.1459830729519853,0.0974738910427163,0.9068041266439099,0.077431000482948,0.05735267309180353,0.08057138906357217,0.0,0.0,4.93,0.2564323999762427,1.45,0.9679197729505719,3.55,0.9679197729505721,0.0,0.0,2.9,1.8062741382819667,2.85,1.771690968789108,17.1,1.806274138281967,5.0,0.0,20.29,3.1632198146761143,4.058,0.632643962935223,1.0145,0.15816099073380574,0.0,0.0
4,394.0,394.0,100,3.19,2.402418814781503,0.1459830729519853,0.0974738910427163,0.9068041266439099,0.077431000482948,0.05735267309180353,0.08057138906357217,0.0,0.0,4.93,0.2564323999762427,1.45,0.9679197729505719,3.55,0.9679197729505721,0.0,0.0,2.9,1.8062741382819667,2.85,1.771690968789108,17.1,1.806274138281967,5.0,0.0,20.29,3.1632198146761143,4.058,0.632643962935223,1.0145,0.15816099073380574,0.0,0.0
4,395.0,395.0,100,3.18,2.3714633422927673,0.14554829034328964,0.09606355841067815,0.9073041266439099,0.0755688869678793,0.05735267309180353,0.08057138906357217,0.000434782608695653,0.004347826086956531,4.93,0.2564323999762427,1.45,0.9679197729505719,3.55,0.9679197729505721,0.0,0.0,2.89,1.7803359120109776,2.85,1.771690968789108,17.11,1.7803359120109776,5.0,0.0,20.29,3.1632198146761143,4.058,0.632643962935223,1.0145,0.15816099073380574,0.0,0.0
4,396.0,396.0,100,3.18,2.3714633422927673,0.14554829034328964,0.09606355841067815,0.9073041266439099,0.0755688869678793,0.05735267309180353,0.08057138906357217,0.0,0.0,4.93,0.2564323999762427,1.45,0.9679197729505719,3.55,0.9679197729505721,0.0,0.0,2.89,1.7803359120109776,2.85,1.771690968789108,17.11,1.7803359120109776,5.0,0.0,20.29,3.1632198146761143,4.058,0.632643962935223,1.0145,0.15816099073380574,0.0,0.0
4,397.0,397.0,100,3.18,2.3714633422927673,0.14554829034328964,0.09606355841067815,0.9073041266439099,0.0755688869678793,0.05735267309180353,0.08057138906357217,0.0,0.0,4.93,0.2564323999762427,1.45,0.9679197729505719,3.55,0.9679197729505721,0.0,0.0,2.89,1.7803359120109776,2.85,1.771690968789108,17.11,1.7803359120109776,5.0,0.0,20.29,3.1632198146761143,4.058,0.632643962935223,1.0145,0.15816099073380574,0.0,0.0
4,398.0,398.0,100,3.18,2.3714633422927673,0.14554829034328964,0.09606355841067815,0.9073041266439099,0.0755688869678793,0.05735267309180353,0.08057138906357217,0.0,0.0,4.93,0.2564323999762427,1.45,0.9679197729505719,3.55,0.9679197729505721,0.0,0.0,2.89,1.7803359120109776,2.85,1.771690968789108,17.11,1.7803359120109776,5.0,0.0,20.29,3.1632198146761143,4.058,0.632643962935223,1.0145,0.15816099073380574,0.0,0.0
4,399.0,399.0,100,3.17,2.374336696316415,0.14504829034328964,0.09617021668947645,0.90780412664391,0.07535100345289474,0.05735267309180353,0.08057138906357217,0.0004999999999999999,0.0049999999999999975,4.93,0.2564323999762427,1.44,0.967345634071698,3.56,0.9673456340716982,0.0,0.0,2.88,1.7825189304390952,2.84,1.7736568399379244,17.12,1.782518930439096,5.0,0.0,20.29,3.1632198146761143,4.058,0.632643962935223,1.0145,0.15816099073380574,0.0,0.0
4,400.0,400.0,100,3.17,2.374336696316415,0.14504829034328964,0.09617021668947645,0.90780412664391,0.07535100345289474,0.05735267309180353,0.08057138906357217,0.0,0.0,4.93,0.2564323999762427,1.44,0.967345634071698,3.56,0.9673456340716982,0.0,0.0,2.88,1.7825189304390952,2.84,1.7736568399379244,17.12,1.782518930439096,5.0,0.0,20.29,3.1632198146761143,4.058,0.632643962935223,1.0145,0.15816099073380574,0.0,0.0
4,401.0,401.0,100,3.16,2.3686504703111115,0.14457209986709915,0.09582210111354104,0.9083041266439099,0.07479225002727272,0.05735267309180353,0.08057138906357217,0.00047619047619047586,0.004761904761904758,4.93,0.2564323999762427,1.44,0.967345634071698,3.56,0.9673456340716982,0.0,0.0,2.87,1.778973713900089,2.84,1.7736568399379244,17.13,1.7789737139000883,5.0,0.0,20.29,3.1632198146761143,4.058,0.632643962935223,1.0145,0.15816099073380574,0.0,0.0
4,402.0,402.0,100,3.14,2.339904167941823,0.14369590939090868,0.09477914418486112,0.9093041266439098,0.07365174402683743,0.05735267309180353,0.08057138906357217,0.0008761904761904757,0.006187967079473744,4.94,0.23868325657594192,1.43,0.9666666666666667,3.57,0.9666666666666668,0.0,0.0,2.85,1.771690968789108,2.83,1.7468875641025554,17.15,1.771690968789108,5.0,0.0,20.29,3.1632198146761143,4.058,0.632643962935223,1.0145,0.15816099073380574,0.0,0.0
4,403.0,403.0,100,3.13,2.3512515472368833,0.14314035383535312,0.09546137085748205,0.9098596821994654,0.07412747658713538,0.05735267309180353,0.08057138906357217,0.000555555555555555,0.00555555555555555,4.94,0.23868325657594192,1.42,0.9762844427375216,3.58,0.9762844427375219,0.0,0.0,2.84,1.7736568399379244,2.83,1.7468875641025554,17.16,1.773656839937925,5.0,0.0,20.29,3.1632198146761143,4.058,0.632643962935223,1.0145,0.15816099073380574,0.0,0.0
4,404.0,404.0,100,3.13,2.3512515472368833,0.14314035383535312,0.09546137085748205,0.9098596821994654,0.07412747658713538,0.05735267309180353,0.08057138906357217,0.0,0.0,4.94,0.23868325657594192,1.42,0.9762844427375216,3.58,0.9762844427375219,0.0,0.0,2.84,1.7736568399379244,2.83,1.7468875641025554,17.16,1.773656839937925,5.0,0.0,20.29,3.1632198146761143,4.058,0.632643962935223,1.0145,0.15816099073380574,0.0,0.0
4,405.0,405.0,100,3.13,2.3512515472368833,0.14314035383535312,0.09546137085748205,0.9098596821994654,0.07412747658713538,0.05735267309180353,0.08057138906357217,0.0,0.0,4.94,0.23868325657594192,1.42,0.9762844427375216,3.58,0.9762844427375219,0.0,0.0,2.84,1.7736568399379244,2.83,1.7468875641025554,17.16,1.773656839937925,5.0,0.0,20.29,3.1632198146761143,4.058,0.632643962935223,1.0145,0.15816099073380574,0.0,0.0
4,406.0,406.0,100,3.12,2.362501670139969,0.14237112306612235,0.09630652457048945,0.9106289129686962,0.07466320375976791,0.05735267309180353,0.08057138906357217,0.000769230769230769,0.007692307692307689,4.94,0.23868325657594192,1.41,0.9857059204530332,3.59,0.9857059204530336,0.0,0.0,2.83,1.7468875641025554,2.83,1.7468875641025554,17.17,1.746887564102556,5.0,0.0,20.29,3.1632198146761143,4.058,0.632643962935223,1.0145,0.15816099073380574,0.0,0.0
4,407.0,407.0,100,3.12,2.362501670139969,0.14237112306612235,0.09630652457048945,0.9106289129686962,0.07466320375976791,0.05735267309180353,0.08057138906357217,0.0,0.0,4.94,0.23868325657594192,1.41,0.9857059204530332,3.59,0.9857059204530336,0.0,0.0,2.83,1.7468875641025554,2.83,1.7468875641025554,17.17,1.746887564102556,5.0,0.0,20.29,3.1632198146761143,4.058,0.632643962935223,1.0145,0.15816099073380574,0.0,0.0
4,408.0,408.0,100,3.12,2.362501670139969,0.14237112306612235,0.09630652457048945,0.9106289129686962,0.07466320375976791,0.05735267309180353,0.08057138906357217,0.0,0.0,4.94,0.23868325657594192,1.41,0.9857059204530332,3.59,0.9857059204530336,0.0,0.0,2.83,1.7468875641025554,2.82,1.7371752294393845,17.17,1.746887564102556,5.0,0.0,20.29,3.1632198146761143,4.058,0.632643962935223,1.0145,0.15816099073380574,0.0,0.0
4,409.0,409.0,100,3.12,2.362501670139969,0.14237112306612235,0.09630652457048945,0.9106289129686962,0.07466320375976791,0.05735267309180353,0.08057138906357217,0.0,0.0,4.94,0.23868325657594192,1.41,0.9857059204530332,3.59,0.9857059204530336,0.0,0.0,2.83,1.7468875641025554,2.8,1.7407765595569784,17.17,1.746887564102556,5.0,0.0,20.29,3.1632198146761143,4.058,0.632643962935223,1.0145,0.15816099073380574,0.0,0.0
4,410.0,410.0,100,3.12,2.362501670139969,0.14237112306612235,0.09630652457048945,0.9106289129686962,0.07466320375976791,0.05735267309180353,0.08057138906357217,0.0,0.0,4.94,0.23868325657594192,1.41,0.9857059204530332,3.59,0.9857059204530336,0.0,0.0,2.83,1.7468875641025554,2.8,1.7407765595569784,17.17,1.746887564102556,5.0,0.0,20.29,3.1632198146761143,4.058,0.632643962935223,1.0145,0.15816099073380574,0.0,0.0
4,411.0,411.0,100,3.12,2.362501670139969,0.14237112306612235,0.09630652457048945,0.9106289129686962,0.07466320375976791,0.05735267309180353,0.08057138906357217,0.0,0.0,4.94,0.23868325657594192,1.41,0.9857059204530332,3.59,0.9857059204530336,0.0,0.0,2.83,1.7468875641025554,2.8,1.7407765595569784,17.17,1.746887564102556,5.0,0.0,20.29,3.1632198146761143,4.058,0.632643962935223,1.0145,0.15816099073380574,0.0,0.0
4,412.0,412.0,100,3.12,2.362501670139969,0.14237112306612235,0.09630652457048945,0.9106289129686962,0.07466320375976791,0.05735267309180353,0.08057138906357217,0.0,0.0,4.94,0.23868325657594192,1.41,0.9857059204530332,3.59,0.9857059204530336,0.0,0.0,2.83,1.7468875641025554,2.79,1.7482747628632769,17.17,1.746887564102556,5.0,0.0,20.29,3.1632198146761143,4.058,0.632643962935223,1.0145,0.15816099073380574,0.0,0.0
4,413.0,413.0,100,3.1,2.354878881270658,0.14136102205602136,0.09580705368033106,0.9116844685242518,0.07369802681852491,0.05735267309180353,0.08057138906357217,0.0010101010101010099,0.0071424927392580535,4.94,0.23868325657594192,1.41,0.9857059204530332,3.59,0.9857059204530336,0.0,0.0,2.81,1.7331876395645667,2.78,1.744138813862074,17.19,1.7331876395645656,5.0,0.0,20.29,3.1632198146761143,4.058,0.632643962935223,1.0145,0.15816099073380574,0.0,0.0
4,414.0,414.0,100,3.1,2.354878881270658,0.14136102205602136,0.09580705368033106,0.9116844685242518,0.07369802681852491,0.05735267309180353,0.08057138906357217,0.0,0.0,4.94,0.23868325657594192,1.41,0.9857059204530332,3.59,0.9857059204530336,0.0,0.0,2.81,1.7331876395645667,2.77,1.7399349807891495,17.19,1.7331876395645656,5.0,0.0,20.29,3.1632198146761143,4.058,0.632643962935223,1.0145,0.15816099073380574,0.0,0.0
4,415.0,415.0,100,3.1,2.354878881270658,0.14136102205602136,0.09580705368033106,0.9116844685242518,0.07369802681852491,0.05735267309180353,0.08057138906357217,0.0,0.0,4.94,0.23868325657594192,1.41,0.9857059204530332,3.59,0.9857059204530336,0.0,0.0,2.81,1.7331876395645667,2.76,1.7530348864558611,17.19,1.7331876395645656,5.0,0.0,20.29,3.1632198146761143,4.058,0.632643962935223,1.0145,0.15816099073380574,0.0,0.0
4,416.0,416.0,100,3.1,2.354878881270658,0.14136102205602136,0.09580705368033106,0.9116844685242518,0.07369802681852491,0.05735267309180353,0.08057138906357217,0.0,0.0,4.94,0.23868325657594192,1.41,0.9857059204530332,3.59,0.9857059204530336,0.0,0.0,2.81,1.7331876395645667,2.76,1.7530348864558611,17.19,1.7331876395645656,5.0,0.0,20.29,3.1632198146761143,4.058,0.632643962935223,1.0145,0.15816099073380574,0.0,0.0
4,417.0,417.0,100,3.09,2.365983682927418,0.14077278676190372,0.09649703301788769,0.9122727038183694,0.07416905133213883,0.05735267309180353,0.08057138906357217,0.000588235294117647,0.00588235294117647,4.94,0.23868325657594192,1.4,0.9949366763261819,3.6,0.9949366763261822,0.0,0.0,2.8,1.7291324385075282,2.75,1.7487369179155592,17.2,1.729132438507527,5.0,0.0,20.29,3.1632198146761143,4.058,0.632643962935223,1.0145,0.15816099073380574,0.0,0.0
4,418.0,418.0,100,3.09,2.365983682927418,0.14077278676190372,0.09649703301788769,0.9122727038183694,0.07416905133213883,0.05735267309180353,0.08057138906357217,0.0,0.0,4.94,0.23868325657594192,1.4,0.9949366763261819,3.6,0.9949366763261822,0.0,0.0,2.8,1.7291324385075282,2.75,1.7487369179155592,17.2,1.729132438507527,5.0,0.0,20.29,3.1632198146761143,4.058,0.632643962935223,1.0145,0.15816099073380574,0.0,0.0
4,419.0,419.0,100,3.08,2.359934941750075,0.14033800415320805,0.0962459515890427,0.9127727038183694,0.07425396625760698,0.05735267309180353,0.08057138906357217,0.00043478260869565186,0.00434782608695652,4.94,0.23868325657594192,1.4,0.9949366763261819,3.6,0.9949366763261822,0.0,0.0,2.79,1.736680916593663,2.72,1.7700082748194412,17.21,1.736680916593663,5.0,0.0,20.29,3.1632198146761143,4.058,0.632643962935223,1.0145,0.15816099073380574,0.0,0.0
4,420.0,420.0,100,3.08,2.359934941750075,0.14033800415320805,0.0962459515890427,0.9127727038183694,0.07425396625760698,0.05735267309180353,0.08057138906357217,0.0,0.0,4.94,0.23868325657594192,1.4,0.9949366763261819,3.6,0.9949366763261822,0.0,0.0,2.79,1.736680916593663,2.71,1.7712348029758018,17.21,1.736680916593663,5.0,0.0,20.29,3.1632198146761143,4.058,0.632643962935223,1.0145,0.15816099073380574,0.0,0.0
4,421.0,421.0,100,3.07,2.3623947788016064,0.13981168836373437,0.09629286880447963,0.9132990196078431,0.07393384999278484,0.05735267309180353,0.08057138906357217,0.0005263157894736841,0.005263157894736841,4.94,0.23868325657594192,1.4,0.9949366763261819,3.6,0.9949366763261822,0.0,0.0,2.78,1.7325172904234354,2.71,1.7712348029758018,17.22,1.732517290423435,5.0,0.0,20.29,3.1632198146761143,4.058,0.632643962935223,1.0145,0.15816099073380574,0.0,0.0
4,422.0,422.0,100,3.06,2.364809343757596,0.1393354978875439,0.09639534526835716,0.913799019607843,0.07401203160038496,0.05735267309180353,0.08057138906357217,0.00047619047619047586,0.004761904761904758,4.94,0.23868325657594192,1.39,0.9938701010583716,3.61,0.9938701010583715,0.0,0.0,2.77,1.7399349807891495,2.7,1.778093406324921,17.23,1.7399349807891502,5.0,0.0,20.29,3.1632198146761143,4.058,0.632643962935223,1.0145,0.15816099073380574,0.0,0.0
4,423.0,423.0,100,3.05,2.371442045198949,0.13877994233198834,0.09671920175800634,0.9143545751633987,0.07403166566507992,0.05735267309180353,0.08057138906357217,0.0005555555555555561,0.00555555555555556,4.94,0.23868325657594192,1.39,0.9938701010583716,3.61,0.9938701010583715,0.0,0.0,2.76,1.7356627703921212,2.71,1.7655227857693334,17.24,1.7356627703921217,5.0,0.0,20.29,3.1632198146761143,4.058,0.632643962935223,1.0145,0.15816099073380574,0.0,0.0
4,424.0,424.0,100,3.03,2.3632497741350775,0.13788708518913118,0.09636369408224117,0.9153545751633988,0.07416996244367982,0.05735267309180353,0.08057138906357217,0.000892857142857143,0.00629571396573854,4.94,0.23868325657594192,1.38,0.992700632343178,3.62,0.9927006323431778,0.0,0.0,2.74,1.7501515085929855,2.71,1.7655227857693334,17.26,1.7501515085929862,5.0,0.0,20.29,3.1632198146761143,4.058,0.632643962935223,1.0145,0.15816099073380574,0.0,0.0
4,425.0,425.0,100,3.03,2.3632497741350775,0.13788708518913118,0.09636369408224117,0.9153545751633988,0.07416996244367982,0.05735267309180353,0.08057138906357217,0.0,0.0,4.94,0.23868325657594192,1.38,0.992700632343178,3.62,0.9927006323431778,0.0,0.0,2.74,1.7501515085929855,2.7,1.7724034928351222,17.26,1.7501515085929862,5.0,0.0,20.29,3.1632198146761143,4.058,0.632643962935223,1.0145,0.15816099073380574,0.0,0.0
4,426.0,426.0,100,3.02,2.3740176064973904,0.1373607693996575,0.09697582945066441,0.9158808909528723,0.07458500745349245,0.05735267309180353,0.08057138906357217,0.000526315789473684,0.00526315789473684,4.94,0.23868325657594192,1.37,1.0015644328406001,3.63,1.0015644328406001,0.0,0.0,2.73,1.7572648627852885,2.7,1.7724034928351222,17.27,1.7572648627852892,5.0,0.0,20.29,3.1632198146761143,4.058,0.632643962935223,1.0145,0.15816099073380574,0.0,0.0
4,427.0,427.0,100,3.02,2.3740176064973904,0.1373607693996575,0.09697582945066441,0.9158808909528723,0.07458500745349245,0.05735267309180353,0.08057138906357217,0.0,0.0,4.94,0.23868325657594192,1.37,1.0015644328406001,3.63,1.0015644328406001,0.0,0.0,2.73,1.7572648627852885,2.7,1.7724034928351222,17.27,1.7572648627852892,5.0,0.0,20.29,3.1632198146761143,4.058,0.632643962935223,1.0145,0.15816099073380574,0.0,0.0
4,428.0,428.0,100,3.01,2.38045492638816,0.13680521384410194,0.0972863638498323,0.9164364465084279,0.07458882946141818,0.05735267309180353,0.08057138906357217,0.0005555555555555561,0.00555555555555556,4.94,0.23868325657594192,1.36,1.0002019998000606,3.64,1.0002019998000609,0.0,0.0,2.72,1.7528043907758886,2.68,1.7745678090991368,17.28,1.7528043907758883,5.0,0.0,20.29,3.1632198146761143,4.058,0.632643962935223,1.0145,0.15816099073380574,0.0,0.0
4,429.0,429.0,100,3.0,2.3783535600422527,0.1363704312354063,0.09721597897835929,0.916936446508428,0.07498263838855596,0.05735267309180353,0.08057138906357217,0.00043478260869565214,0.004347826086956522,4.94,0.23868325657594192,1.35,0.9987365756167877,3.65,0.9987365756167876,0.0,0.0,2.71,1.7655227857693334,2.68,1.7745678090991368,17.29,1.7655227857693334,5.0,0.0,20.29,3.1632198146761143,4.058,0.632643962935223,1.0145,0.15816099073380574,0.0,0.0
4,430.0,430.0,100,3.0,2.3783535600422527,0.1363704312354063,0.09721597897835929,0.916936446508428,0.07498263838855596,0.05735267309180353,0.08057138906357217,0.0,0.0,4.94,0.23868325657594192,1.35,0.9987365756167877,3.65,0.9987365756167876,0.0,0.0,2.71,1.7655227857693334,2.65,1.7887132105217278,17.29,1.7655227857693334,5.0,0.0,20.29,3.1632198146761143,4.058,0.632643962935223,1.0145,0.15816099073380574,0.0,0.0
4,431.0,431.0,100,3.0,2.3783535600422527,0.1363704312354063,0.09721597897835929,0.916936446508428,0.07498263838855596,0.05735267309180353,0.08057138906357217,0.0,0.0,4.94,0.23868325657594192,1.35,0.9987365756167877,3.65,0.9987365756167876,0.0,0.0,2.71,1.7655227857693334,2.65,1.7887132105217278,17.29,1.7655227857693334,5.0,0.0,20.29,3.1632198146761143,4.058,0.632643962935223,1.0145,0.15816099073380574,0.0,0.0
4,432.0,432.0,100,3.0,2.3783535600422527,0.1363704312354063,0.09721597897835929,0.916936446508428,0.07498263838855596,0.05735267309180353,0.08057138906357217,0.0,0.0,4.94,0.23868325657594192,1.35,0.9987365756167877,3.65,0.9987365756167876,0.0,0.0,2.71,1.7655227857693334,2.63,1.7503534996501056,17.29,1.7655227857693334,5.0,0.0,20.29,3.1632198146761143,4.058,0.632643962935223,1.0145,0.15816099073380574,0.0,0.0
4,433.0,433.0,100,3.0,2.3783535600422527,0.1363704312354063,0.09721597897835929,0.916936446508428,0.07498263838855596,0.05735267309180353,0.08057138906357217,0.0,0.0,4.94,0.23868325657594192,1.35,0.9987365756167877,3.65,0.9987365756167876,0.0,0.0,2.71,1.7655227857693334,2.61,1.740167181101235,17.29,1.7655227857693334,5.0,0.0,20.29,3.1632198146761143,4.058,0.632643962935223,1.0145,0.15816099073380574,0.0,0.0
4,434.0,434.0,100,2.99,2.3804549263881594,0.13589424075921583,0.09730047318930116,0.9174364465084279,0.07503524863677909,0.05735267309180353,0.08057138906357217,0.00047619047619047586,0.004761904761904758,4.94,0.23868325657594192,1.34,0.9869860253019865,3.66,0.9869860253019866,0.0,0.0,2.7,1.772403492835122,2.61,1.740167181101235,17.3,1.7724034928351222,5.0,0.0,20.29,3.1632198146761143,4.058,0.632643962935223,1.0145,0.15816099073380574,0.0,0.0
4,435.0,435.0,100,2.97,2.371782775751931,0.13497757409254915,0.0969485712014635,0.9184364465084279,0.07479340407089177,0.05735267309180353,0.08057138906357217,0.000916666666666667,0.006476128140350198,4.95,0.21904291355759029,1.34,0.9869860253019865,3.66,0.9869860253019866,0.0,0.0,2.68,1.7802508051656456,2.61,1.740167181101235,17.32,1.7802508051656458,5.0,0.0,20.29,3.1632198146761143,4.058,0.632643962935223,1.0145,0.15816099073380574,0.0,0.0
4,436.0,436.0,100,2.97,2.371782775751931,0.13497757409254915,0.0969485712014635,0.9184364465084279,0.07479340407089177,0.05735267309180353,0.08057138906357217,0.0,0.0,4.95,0.21904291355759029,1.34,0.9869860253019865,3.66,0.9869860253019866,0.0,0.0,2.68,1.7802508051656456,2.6,1.752343308460723,17.32,1.7802508051656458,5.0,0.0,20.29,3.1632198146761143,4.058,0.632643962935223,1.0145,0.15816099073380574,0.0,0.0
4,437.0,437.0,100,2.96,2.3437861108329265,0.1345427914838535,0.09567965136830683,0.9189364465084279,0.07312937417170746,0.05735267309180353,0.08057138906357217,0.0004347826086956513,0.004347826086956515,4.95,0.21904291355759029,1.34,0.9869860253019865,3.66,0.9869860253019866,0.0,0.0,2.67,1.7584141156224267,2.59,1.7413277182145301,17.33,1.7584141156224262,5.0,0.0,20.29,3.1632198146761143,4.058,0.632643962935223,1.0145,0.15816099073380574,0.0,0.0
4,438.0,438.0,100,2.95,2.3457462037750916,0.1340427914838535,0.09572869133141451,0.919436446508428,0.07282357168180274,0.05735267309180353,0.08057138906357217,0.0004999999999999999,0.0049999999999999975,4.95,0.21904291355759029,1.33,0.9852959356498334,3.66,0.9869860253019866,0.01,0.09999999999999999,2.65,1.765980427039572,2.59,1.7413277182145301,17.35,1.7659804270395718,5.0,0.0,20.29,3.1632198146761143,4.058,0.632643962935223,1.0145,0.15816099073380574,0.0,0.0
4,439.0,439.0,100,2.94,2.347661634800712,0.13356660100766304,0.09580281137047163,0.919936446508428,0.07286041324507929,0.05735267309180353,0.08057138906357217,0.00047619047619047586,0.004761904761904759,4.95,0.21904291355759029,1.33,0.9852959356498334,3.67,0.9852959356498334,0.0,0.0,2.65,1.7659804270395718,2.57,1.7364482500934266,17.35,1.7659804270395716,5.0,0.0,20.29,3.1632198146761143,4.058,0.632643962935223,1.0145,0.15816099073380574,0.0,0.0
4,440.0,440.0,100,2.92,2.342751555006388,0.13264993434099637,0.09560640433247534,0.9209364465084279,0.0729236526665162,0.05735267309180353,0.08057138906357217,0.0009166666666666668,0.006476128140350195,4.95,0.21904291355759029,1.33,0.9852959356498334,3.67,0.9852959356498334,0.0,0.0,2.63,1.7789737139000883,2.58,1.7301836184449766,17.37,1.778973713900088,5.0,0.0,20.29,3.1632198146761143,4.058,0.632643962935223,1.0145,0.15816099073380574,0.0,0.0
4,441.0,441.0,100,2.91,2.3402279091290796,0.1321236185515227,0.09531779587433918,0.9214627622979016,0.0721510935307674,0.05735267309180353,0.08057138906357217,0.0005263157894736839,0.0052631578947368385,4.95,0.21904291355759029,1.33,0.9852959356498334,3.67,0.9852959356498334,0.0,0.0,2.62,1.7682954184379616,2.58,1.7301836184449766,17.38,1.7682954184379622,5.0,0.0,20.29,3.1632198146761143,4.058,0.632643962935223,1.0145,0.15816099073380574,0.0,0.0
4,442.0,442.0,100,2.89,2.322028893407268,0.13106383594282703,0.09446821023063486,0.9225877622979016,0.07061760843264145,0.05735267309180353,0.08057138906357217,0.001059782608695653,0.007577408774914248,4.96,0.19694638556693245,1.32,0.9835002426398923,3.68,0.9835002426398923,0.0,0.0,2.6,1.7349642676726835,2.58,1.7301836184449766,17.4,1.7349642676726837,5.0,0.0,20.29,3.1632198146761143,4.058,0.632643962935223,1.0145,0.15816099073380574,0.0,0.0
4,443.0,443.0,100,2.89,2.322028893407268,0.13106383594282703,0.09446821023063486,0.9225877622979016,0.07061760843264145,0.05735267309180353,0.08057138906357217,0.0,0.0,4.96,0.19694638556693245,1.32,0.9835002426398923,3.68,0.9835002426398923,0.0,0.0,2.6,1.7349642676726835,2.58,1.7301836184449766,17.4,1.7349642676726837,5.0,0.0,20.29,3.1632198146761143,4.058,0.632643962935223,1.0145,0.15816099073380574,0.0,0.0
4,444.0,444.0,100,2.89,2.322028893407268,0.13106383594282703,0.09446821023063486,0.9225877622979016,0.07061760843264145,0.05735267309180353,0.08057138906357217,0.0,0.0,4.96,0.19694638556693245,1.32,0.9835002426398923,3.68,0.9835002426398923,0.0,0.0,2.6,1.7349642676726835,2.58,1.7301836184449766,17.4,1.7349642676726837,5.0,0.0,20.29,3.1632198146761143,4.058,0.632643962935223,1.0145,0.15816099073380574,0.0,0.0
4,445.0,445.0,100,2.89,2.322028893407268,0.13106383594282703,0.09446821023063486,0.9225877622979016,0.07061760843264145,0.05735267309180353,0.08057138906357217,0.0,0.0,4.96,0.19694638556693245,1.32,0.9835002426398923,3.68,0.9835002426398923,0.0,0.0,2.6,1.7349642676726835,2.58,1.7301836184449766,17.4,1.7349642676726837,5.0,0.0,20.29,3.1632198146761143,4.058,0.632643962935223,1.0145,0.15816099073380574,0.0,0.0
4,446.0,446.0,100,2.89,2.322028893407268,0.13106383594282703,0.09446821023063486,0.9225877622979016,0.07061760843264145,0.05735267309180353,0.08057138906357217,0.0,0.0,4.96,0.19694638556693245,1.32,0.9835002426398923,3.68,0.9835002426398923,0.0,0.0,2.6,1.7349642676726835,2.57,1.7247749084586321,17.4,1.7349642676726837,5.0,0.0,20.29,3.1632198146761143,4.058,0.632643962935223,1.0145,0.15816099073380574,0.0,0.0
4,447.0,447.0,100,2.89,2.322028893407268,0.13106383594282703,0.09446821023063486,0.9225877622979016,0.07061760843264145,0.05735267309180353,0.08057138906357217,0.0,0.0,4.96,0.19694638556693245,1.32,0.9835002426398923,3.68,0.9835002426398923,0.0,0.0,2.6,1.7349642676726835,2.56,1.7251555339045859,17.4,1.7349642676726837,5.0,0.0,20.29,3.1632198146761143,4.058,0.632643962935223,1.0145,0.15816099073380574,0.0,0.0
4,448.0,448.0,100,2.88,2.319352051628631,0.13053752015335335,0.09416715968669148,0.9231140780873752,0.06980696251240227,0.05735267309180353,0.08057138906357217,0.0005263157894736839,0.005263157894736838,4.96,0.19694638556693245,1.31,0.9712534856222308,3.69,0.9712534856222309,0.0,0.0,2.59,1.7238376262328656,2.55,1.7254775360093004,17.41,1.7238376262328656,5.0,0.0,20.29,3.1632198146761143,4.058,0.632643962935223,1.0145,0.15816099073380574,0.0,0.0
4,449.0,449.0,100,2.87,2.312264183990587,0.1301027375446577,0.0938619712467127,0.9236140780873753,0.06981879733699461,0.05735267309180353,0.08057138906357217,0.00043478260869565186,0.004347826086956519,4.96,0.19694638556693245,1.31,0.9712534856222308,3.69,0.9712534856222309,0.0,0.0,2.58,1.7301836184449766,2.55,1.7254775360093004,17.42,1.7301836184449766,5.0,0.0,20.29,3.1632198146761143,4.058,0.632643962935223,1.0145,0.15816099073380574,0.0,0.0
4,450.0,450.0,100,2.87,2.312264183990587,0.1301027375446577,0.0938619712467127,0.9236140780873753,0.06981879733699461,0.05735267309180353,0.08057138906357217,0.0,0.0,4.96,0.19694638556693245,1.31,0.9712534856222308,3.69,0.9712534856222309,0.0,0.0,2.58,1.7301836184449766,2.54,1.7139946842909917,17.42,1.7301836184449766,5.0,0.0,20.29,3.1632198146761143,4.058,0.632643962935223,1.0145,0.15816099073380574,0.0,0.0
4,451.0,451.0,100,2.86,2.3182194490904906,0.12957642175518402,0.09414978233460788,0.924140393876849,0.06979728619927507,0.05735267309180353,0.08057138906357217,0.000526315789473684,0.005263157894736839,4.96,0.19694638556693245,1.31,0.9712534856222308,3.69,0.9712534856222309,0.0,0.0,2.57,1.7306214216432496,2.54,1.7139946842909917,17.43,1.7306214216432503,5.0,0.0,20.29,3.1632198146761143,4.058,0.632643962935223,1.0145,0.15816099073380574,0.0,0.0
4,452.0,452.0,100,2.86,2.3182194490904906,0.12957642175518402,0.09414978233460788,0.924140393876849,0.06979728619927507,0.05735267309180353,0.08057138906357217,0.0,0.0,4.96,0.19694638556693245,1.31,0.9712534856222308,3.69,0.9712534856222309,0.0,0.0,2.57,1.7306214216432496,2.54,1.7139946842909917,17.43,1.7306214216432503,5.0,0.0,20.29,3.1632198146761143,4.058,0.632643962935223,1.0145,0.15816099073380574,0.0,0.0
4,453.0,453.0,100,2.86,2.3182194490904906,0.12957642175518402,0.09414978233460788,0.924140393876849,0.06979728619927507,0.05735267309180353,0.08057138906357217,0.0,0.0,4.96,0.19694638556693245,1.31,0.9712534856222308,3.69,0.9712534856222309,0.0,0.0,2.57,1.7306214216432496,2.54,1.7139946842909917,17.43,1.7306214216432503,5.0,0.0,20.29,3.1632198146761143,4.058,0.632643962935223,1.0145,0.15816099073380574,0.0,0.0
4,454.0,454.0,100,2.84,2.2994070381889165,0.12861532335701467,0.09321220137761496,0.9251667096663226,0.06826936320614034,0.05735267309180353,0.08057138906357217,0.0009610983981693359,0.006792800152775152,4.96,0.19694638556693245,1.31,0.9712534856222308,3.69,0.9712534856222309,0.0,0.0,2.55,1.713729467234746,2.54,1.7139946842909917,17.45,1.7137294672347463,5.0,0.0,20.29,3.1632198146761143,4.058,0.632643962935223,1.0145,0.15816099073380574,0.0,0.0
4,455.0,455.0,100,2.84,2.2994070381889165,0.12861532335701467,0.09321220137761496,0.9251667096663226,0.06826936320614034,0.05735267309180353,0.08057138906357217,0.0,0.0,4.96,0.19694638556693245,1.31,0.9712534856222308,3.69,0.9712534856222309,0.0,0.0,2.55,1.713729467234746,2.53,1.7082982258033366,17.45,1.7137294672347463,5.0,0.0,20.29,3.1632198146761143,4.058,0.632643962935223,1.0145,0.15816099073380574,0.0,0.0
4,456.0,456.0,100,2.83,2.3052640682235137,0.128089007567541,0.09349355506508777,0.9256930254557963,0.06823526796433467,0.05735267309180353,0.08057138906357217,0.000526315789473684,0.0052631578947368385,4.96,0.19694638556693245,1.31,0.9712534856222308,3.69,0.9712534856222309,0.0,0.0,2.54,1.7139946842909917,2.52,1.6906158103430298,17.46,1.7139946842909926,5.0,0.0,20.29,3.1632198146761143,4.058,0.632643962935223,1.0145,0.15816099073380574,0.0,0.0
4,457.0,457.0,100,2.83,2.3052640682235137,0.128089007567541,0.09349355506508777,0.9256930254557963,0.06823526796433467,0.05735267309180353,0.08057138906357217,0.0,0.0,4.96,0.19694638556693245,1.31,0.9712534856222308,3.69,0.9712534856222309,0.0,0.0,2.54,1.7139946842909917,2.52,1.6906158103430298,17.46,1.7139946842909926,5.0,0.0,20.29,3.1632198146761143,4.058,0.632643962935223,1.0145,0.15816099073380574,0.0,0.0
4,458.0,458.0,100,2.83,2.3052640682235137,0.128089007567541,0.09349355506508777,0.9256930254557963,0.06823526796433467,0.05735267309180353,0.08057138906357217,0.0,0.0,4.96,0.19694638556693245,1.31,0.9712534856222308,3.69,0.9712534856222309,0.0,0.0,2.54,1.7139946842909917,2.52,1.6906158103430298,17.46,1.7139946842909926,5.0,0.0,20.29,3.1632198146761143,4.058,0.632643962935223,1.0145,0.15816099073380574,0.0,0.0
4,459.0,459.0,100,2.82,2.289104628451919,0.12765422495884535,0.09276384923826268,0.9261930254557963,0.06748399174759158,0.05735267309180353,0.08057138906357217,0.00043478260869565186,0.00434782608695652,4.96,0.19694638556693245,1.31,0.9712534856222308,3.69,0.9712534856222309,0.0,0.0,2.53,1.7082982258033366,2.52,1.6906158103430298,17.47,1.708298225803337,5.0,0.0,20.29,3.1632198146761143,4.058,0.632643962935223,1.0145,0.15816099073380574,0.0,0.0
4,460.0,460.0,100,2.81,2.2992972136650094,0.12698755829217867,0.09344364234975863,0.9268596921224631,0.06788335703911155,0.05735267309180353,0.08057138906357217,0.000666666666666666,0.00666666666666666,4.96,0.19694638556693245,1.3,0.9795896894087645,3.7,0.9795896894087646,0.0,0.0,2.52,1.6906158103430298,2.51,1.696669345714382,17.48,1.6906158103430293,5.0,0.0,20.29,3.1632198146761143,4.058,0.632643962935223,1.0145,0.15816099073380574,0.0,0.0
4,461.0,461.0,100,2.81,2.2992972136650094,0.12698755829217867,0.09344364234975863,0.9268596921224631,0.06788335703911155,0.05735267309180353,0.08057138906357217,0.0,0.0,4.96,0.19694638556693245,1.3,0.9795896894087645,3.7,0.9795896894087646,0.0,0.0,2.52,1.6906158103430298,2.5,1.684750378656683,17.48,1.6906158103430293,5.0,0.0,20.29,3.1632198146761143,4.058,0.632643962935223,1.0145,0.15816099073380574,0.0,0.0
4,462.0,462.0,100,2.81,2.2992972136650094,0.12698755829217867,0.09344364234975863,0.9268596921224631,0.06788335703911155,0.05735267309180353,0.08057138906357217,0.0,0.0,4.96,0.19694638556693245,1.3,0.9795896894087645,3.7,0.9795896894087646,0.0,0.0,2.52,1.6906158103430298,2.5,1.684750378656683,17.48,1.6906158103430293,5.0,0.0,20.29,3.1632198146761143,4.058,0.632643962935223,1.0145,0.15816099073380574,0.0,0.0
4,463.0,463.0,100,2.81,2.2992972136650094,0.12698755829217867,0.09344364234975863,0.9268596921224631,0.06788335703911155,0.05735267309180353,0.08057138906357217,0.0,0.0,4.96,0.19694638556693245,1.3,0.9795896894087645,3.7,0.9795896894087646,0.0,0.0,2.52,1.6906158103430298,2.49,1.684720400625228,17.48,1.6906158103430293,5.0,0.0,20.29,3.1632198146761143,4.058,0.632643962935223,1.0145,0.15816099073380574,0.0,0.0
4,464.0,464.0,100,2.8,2.3006367146790674,0.12651136781598818,0.09348327913018994,0.927359692122463,0.0678676591666133,0.05735267309180353,0.08057138906357217,0.00047619047619047586,0.004761904761904758,4.96,0.19694638556693245,1.3,0.9795896894087645,3.7,0.9795896894087646,0.0,0.0,2.51,1.696669345714382,2.49,1.684720400625228,17.49,1.6966693457143815,5.0,0.0,20.29,3.1632198146761143,4.058,0.632643962935223,1.0145,0.15816099073380574,0.0,0.0
4,465.0,465.0,100,2.79,2.3019315560826064,0.12595581226043262,0.09340728022475613,0.9279152476780186,0.06731533507364006,0.05735267309180353,0.08057138906357217,0.000555555555555555,0.00555555555555555,4.96,0.19694638556693245,1.3,0.9795896894087645,3.7,0.9795896894087646,0.0,0.0,2.5,1.684750378656683,2.49,1.684720400625228,17.5,1.6847503786566829,5.0,0.0,20.29,3.1632198146761143,4.058,0.632643962935223,1.0145,0.15816099073380574,0.0,0.0
4,466.0,466.0,100,2.79,2.3019315560826064,0.12595581226043262,0.09340728022475613,0.9279152476780186,0.06731533507364006,0.05735267309180353,0.08057138906357217,0.0,0.0,4.96,0.19694638556693245,1.3,0.9795896894087645,3.7,0.9795896894087646,0.0,0.0,2.5,1.684750378656683,2.49,1.684720400625228,17.5,1.6847503786566829,5.0,0.0,20.29,3.1632198146761143,4.058,0.632643962935223,1.0145,0.15816099073380574,0.0,0.0
4,467.0,467.0,100,2.79,2.3019315560826064,0.12595581226043262,0.09340728022475613,0.9279152476780186,0.06731533507364006,0.05735267309180353,0.08057138906357217,0.0,0.0,4.96,0.19694638556693245,1.3,0.9795896894087645,3.7,0.9795896894087646,0.0,0.0,2.5,1.684750378656683,2.48,1.6906158103430293,17.5,1.6847503786566829,5.0,0.0,20.29,3.1632198146761143,4.058,0.632643962935223,1.0145,0.15816099073380574,0.0,0.0
4,468.0,468.0,100,2.79,2.3019315560826064,0.12595581226043262,0.09340728022475613,0.9279152476780186,0.06731533507364006,0.05735267309180353,0.08057138906357217,0.0,0.0,4.96,0.19694638556693245,1.3,0.9795896894087645,3.7,0.9795896894087646,0.0,0.0,2.5,1.684750378656683,2.48,1.6906158103430293,17.5,1.6847503786566829,5.0,0.0,20.29,3.1632198146761143,4.058,0.632643962935223,1.0145,0.15816099073380574,0.0,0.0
4,469.0,469.0,100,2.79,2.3019315560826064,0.12595581226043262,0.09340728022475613,0.9279152476780186,0.06731533507364006,0.05735267309180353,0.08057138906357217,0.0,0.0,4.96,0.19694638556693245,1.3,0.9795896894087645,3.7,0.9795896894087646,0.0,0.0,2.5,1.684750378656683,2.48,1.6906158103430293,17.5,1.6847503786566829,5.0,0.0,20.29,3.1632198146761143,4.058,0.632643962935223,1.0145,0.15816099073380574,0.0,0.0
4,470.0,470.0,100,2.79,2.3019315560826064,0.12595581226043262,0.09340728022475613,0.9279152476780186,0.06731533507364006,0.05735267309180353,0.08057138906357217,0.0,0.0,4.96,0.19694638556693245,1.3,0.9795896894087645,3.7,0.9795896894087646,0.0,0.0,2.5,1.684750378656683,2.48,1.6906158103430293,17.5,1.6847503786566829,5.0,0.0,20.29,3.1632198146761143,4.058,0.632643962935223,1.0145,0.15816099073380574,0.0,0.0
4,471.0,471.0,100,2.79,2.3019315560826064,0.12595581226043262,0.09340728022475613,0.9279152476780186,0.06731533507364006,0.05735267309180353,0.08057138906357217,0.0,0.0,4.96,0.19694638556693245,1.3,0.9795896894087645,3.7,0.9795896894087646,0.0,0.0,2.5,1.684750378656683,2.46,1.7080912614891974,17.5,1.6847503786566829,5.0,0.0,20.29,3.1632198146761143,4.058,0.632643962935223,1.0145,0.15816099073380574,0.0,0.0
4,472.0,472.0,100,2.79,2.3019315560826064,0.12595581226043262,0.09340728022475613,0.9279152476780186,0.06731533507364006,0.05735267309180353,0.08057138906357217,0.0,0.0,4.96,0.19694638556693245,1.3,0.9795896894087645,3.7,0.9795896894087646,0.0,0.0,2.5,1.684750378656683,2.46,1.7080912614891974,17.5,1.6847503786566829,5.0,0.0,20.29,3.1632198146761143,4.058,0.632643962935223,1.0145,0.15816099073380574,0.0,0.0
4,473.0,473.0,100,2.78,2.3075633219585727,0.12542949647095894,0.09367295548363415,0.9284415634674923,0.06725903475029024,0.05735267309180353,0.08057138906357217,0.000526315789473684,0.005263157894736839,4.96,0.19694638556693245,1.3,0.9795896894087645,3.7,0.9795896894087646,0.0,0.0,2.49,1.684720400625228,2.46,1.7080912614891974,17.51,1.6847204006252274,5.0,0.0,20.29,3.1632198146761143,4.058,0.632643962935223,1.0145,0.15816099073380574,0.0,0.0
4,474.0,474.0,100,2.78,2.3075633219585727,0.12542949647095894,0.09367295548363415,0.9284415634674923,0.06725903475029024,0.05735267309180353,0.08057138906357217,0.0,0.0,4.96,0.19694638556693245,1.3,0.9795896894087645,3.7,0.9795896894087646,0.0,0.0,2.49,1.684720400625228,2.46,1.7080912614891974,17.51,1.6847204006252274,5.0,0.0,20.29,3.1632198146761143,4.058,0.632643962935223,1.0145,0.15816099073380574,0.0,0.0
4,475.0,475.0,100,2.76,2.309925881009513,0.12449876054022303,0.09378052102238187,0.9294415634674923,0.06757455180440354,0.05735267309180353,0.08057138906357217,0.000930735930735931,0.006549780211709304,4.96,0.19694638556693245,1.29,0.977473552304381,3.71,0.977473552304381,0.0,0.0,2.47,1.7023750491829959,2.46,1.7080912614891974,17.53,1.702375049182995,5.0,0.0,20.29,3.1632198146761143,4.058,0.632643962935223,1.0145,0.15816099073380574,0.0,0.0
4,476.0,476.0,100,2.76,2.309925881009513,0.12449876054022303,0.09378052102238187,0.9294415634674923,0.06757455180440354,0.05735267309180353,0.08057138906357217,0.0,0.0,4.96,0.19694638556693245,1.29,0.977473552304381,3.71,0.977473552304381,0.0,0.0,2.47,1.7023750491829959,2.46,1.7080912614891974,17.53,1.702375049182995,5.0,0.0,20.29,3.1632198146761143,4.058,0.632643962935223,1.0145,0.15816099073380574,0.0,0.0
4,477.0,477.0,100,2.75,2.315407331574967,0.12399876054022302,0.09404537386813513,0.9299415634674922,0.06753947807444588,0.05735267309180353,0.08057138906357217,0.0005,0.004999999999999998,4.96,0.19694638556693245,1.28,0.9752492558885197,3.72,0.9752492558885197,0.0,0.0,2.46,1.7080912614891974,2.46,1.7080912614891974,17.54,1.7080912614891963,5.0,0.0,20.29,3.1632198146761143,4.058,0.632643962935223,1.0145,0.15816099073380574,0.0,0.0
4,478.0,478.0,100,2.75,2.315407331574967,0.12399876054022302,0.09404537386813513,0.9299415634674922,0.06753947807444588,0.05735267309180353,0.08057138906357217,0.0,0.0,4.96,0.19694638556693245,1.28,0.9752492558885197,3.72,0.9752492558885197,0.0,0.0,2.46,1.7080912614891974,2.45,1.7019003045021899,17.54,1.7080912614891963,5.0,0.0,20.29,3.1632198146761143,4.058,0.632643962935223,1.0145,0.15816099073380574,0.0,0.0
4,479.0,479.0,100,2.75,2.315407331574967,0.12399876054022302,0.09404537386813513,0.9299415634674922,0.06753947807444588,0.05735267309180353,0.08057138906357217,0.0,0.0,4.96,0.19694638556693245,1.28,0.9752492558885197,3.72,0.9752492558885197,0.0,0.0,2.46,1.7080912614891974,2.45,1.7019003045021899,17.54,1.7080912614891963,5.0,0.0,20.29,3.1632198146761143,4.058,0.632643962935223,1.0145,0.15816099073380574,0.0,0.0
4,480.0,480.0,100,2.75,2.315407331574967,0.12399876054022302,0.09404537386813513,0.9299415634674922,0.06753947807444588,0.05735267309180353,0.08057138906357217,0.0,0.0,4.96,0.19694638556693245,1.28,0.9752492558885197,3.72,0.9752492558885197,0.0,0.0,2.46,1.7080912614891974,2.44,1.6896595796045708,17.54,1.7080912614891963,5.0,0.0,20.29,3.1632198146761143,4.058,0.632643962935223,1.0145,0.15816099073380574,0.0,0.0
4,481.0,481.0,100,2.75,2.315407331574967,0.12399876054022302,0.09404537386813513,0.9299415634674922,0.06753947807444588,0.05735267309180353,0.08057138906357217,0.0,0.0,4.96,0.19694638556693245,1.28,0.9752492558885197,3.72,0.9752492558885197,0.0,0.0,2.46,1.7080912614891974,2.44,1.6896595796045708,17.54,1.7080912614891963,5.0,0.0,20.29,3.1632198146761143,4.058,0.632643962935223,1.0145,0.15816099073380574,0.0,0.0
4,482.0,482.0,100,2.74,2.3121112831908817,0.12349876054022303,0.09376973614791749,0.9304415634674922,0.06674823588721979,0.05735267309180353,0.08057138906357217,0.0005000000000000001,0.005000000000000001,4.96,0.19694638556693245,1.28,0.9752492558885197,3.72,0.9752492558885197,0.0,0.0,2.45,1.7019003045021899,2.42,1.6828307080390446,17.55,1.7019003045021883,5.0,0.0,20.29,3.1632198146761143,4.058,0.632643962935223,1.0145,0.15816099073380574,0.0,0.0
4,483.0,483.0,100,2.74,2.3121112831908817,0.12349876054022303,0.09376973614791749,0.9304415634674922,0.06674823588721979,0.05735267309180353,0.08057138906357217,0.0,0.0,4.96,0.19694638556693245,1.28,0.9752492558885197,3.72,0.9752492558885197,0.0,0.0,2.45,1.7019003045021899,2.42,1.6828307080390446,17.55,1.7019003045021883,5.0,0.0,20.29,3.1632198146761143,4.058,0.632643962935223,1.0145,0.15816099073380574,0.0,0.0
4,484.0,484.0,100,2.74,2.3121112831908817,0.12349876054022303,0.09376973614791749,0.9304415634674922,0.06674823588721979,0.05735267309180353,0.08057138906357217,0.0,0.0,4.96,0.19694638556693245,1.28,0.9752492558885197,3.72,0.9752492558885197,0.0,0.0,2.45,1.7019003045021899,2.42,1.6828307080390446,17.55,1.7019003045021883,5.0,0.0,20.29,3.1632198146761143,4.058,0.632643962935223,1.0145,0.15816099073380574,0.0,0.0
4,485.0,485.0,100,2.74,2.3121112831908817,0.12349876054022303,0.09376973614791749,0.9304415634674922,0.06674823588721979,0.05735267309180353,0.08057138906357217,0.0,0.0,4.96,0.19694638556693245,1.28,0.9752492558885197,3.72,0.9752492558885197,0.0,0.0,2.45,1.7019003045021899,2.41,1.6883139638124303,17.55,1.7019003045021883,5.0,0.0,20.29,3.1632198146761143,4.058,0.632643962935223,1.0145,0.15816099073380574,0.0,0.0
4,486.0,486.0,100,2.73,2.313137708958561,0.12297244475074934,0.09372242120923557,0.9309678792569659,0.06625030564104678,0.05735267309180353,0.08057138906357217,0.0005263157894736841,0.005263157894736839,4.96,0.19694638556693245,1.28,0.9752492558885197,3.72,0.9752492558885197,0.0,0.0,2.44,1.6956271745733247,2.4,1.6877454928053721,17.56,1.6956271745733231,5.0,0.0,20.29,3.1632198146761143,4.058,0.632643962935223,1.0145,0.15816099073380574,0.0,0.0
4,487.0,487.0,100,2.73,2.313137708958561,0.12297244475074934,0.09372242120923557,0.9309678792569659,0.06625030564104678,0.05735267309180353,0.08057138906357217,0.0,0.0,4.96,0.19694638556693245,1.28,0.9752492558885197,3.72,0.9752492558885197,0.0,0.0,2.44,1.6956271745733247,2.39,1.6871169598944933,17.56,1.6956271745733231,5.0,0.0,20.29,3.1632198146761143,4.058,0.632643962935223,1.0145,0.15816099073380574,0.0,0.0
4,488.0,488.0,100,2.73,2.313137708958561,0.12297244475074934,0.09372242120923557,0.9309678792569659,0.06625030564104678,0.05735267309180353,0.08057138906357217,0.0,0.0,4.96,0.19694638556693245,1.28,0.9752492558885197,3.72,0.9752492558885197,0.0,0.0,2.44,1.6956271745733247,2.39,1.6871169598944933,17.56,1.6956271745733231,5.0,0.0,20.29,3.1632198146761143,4.058,0.632643962935223,1.0145,0.15816099073380574,0.0,0.0
4,489.0,489.0,100,2.72,2.3009879301172904,0.12249625427455886,0.09300543084529037,0.931467879256966,0.06504849852147872,0.05735267309180353,0.08057138906357217,0.000476190476190477,0.004761904761904769,4.96,0.19694638556693245,1.28,0.9752492558885197,3.72,0.9752492558885197,0.0,0.0,2.43,1.6832808272639306,2.39,1.6871169598944933,17.57,1.6832808272639304,5.0,0.0,20.29,3.1632198146761143,4.058,0.632643962935223,1.0145,0.15816099073380574,0.0,0.0
4,490.0,490.0,100,2.72,2.3009879301172904,0.12249625427455886,0.09300543084529037,0.931467879256966,0.06504849852147872,0.05735267309180353,0.08057138906357217,0.0,0.0,4.96,0.19694638556693245,1.28,0.9752492558885197,3.72,0.9752492558885197,0.0,0.0,2.43,1.6832808272639306,2.39,1.6871169598944933,17.57,1.6832808272639304,5.0,0.0,20.29,3.1632198146761143,4.058,0.632643962935223,1.0145,0.15816099073380574,0.0,0.0
4,491.0,491.0,100,2.71,2.3106910068836397,0.1219406987190033,0.09357352305490997,0.9320234348125215,0.06539675377001379,0.05735267309180353,0.08057138906357217,0.000555555555555555,0.00555555555555555,4.96,0.19694638556693245,1.27,0.9832434473555755,3.73,0.9832434473555757,0.0,0.0,2.42,1.6828307080390446,2.38,1.6924072867493876,17.58,1.6828307080390443,5.0,0.0,20.29,3.1632198146761143,4.058,0.632643962935223,1.0145,0.15816099073380574,0.0,0.0
4,492.0,492.0,100,2.71,2.3106910068836397,0.1219406987190033,0.09357352305490997,0.9320234348125215,0.06539675377001379,0.05735267309180353,0.08057138906357217,0.0,0.0,4.96,0.19694638556693245,1.27,0.9832434473555755,3.73,0.9832434473555757,0.0,0.0,2.42,1.6828307080390446,2.39,1.6871169598944933,17.58,1.6828307080390443,5.0,0.0,20.29,3.1632198146761143,4.058,0.632643962935223,1.0145,0.15816099073380574,0.0,0.0
4,493.0,493.0,100,2.71,2.3106910068836397,0.1219406987190033,0.09357352305490997,0.9320234348125215,0.06539675377001379,0.05735267309180353,0.08057138906357217,0.0,0.0,4.96,0.19694638556693245,1.27,0.9832434473555755,3.73,0.9832434473555757,0.0,0.0,2.42,1.6828307080390446,2.38,1.6744062719771335,17.58,1.6828307080390443,5.0,0.0,20.29,3.1632198146761143,4.058,0.632643962935223,1.0145,0.15816099073380574,0.0,0.0
4,494.0,494.0,100,2.71,2.3106910068836397,0.1219406987190033,0.09357352305490997,0.9320234348125215,0.06539675377001379,0.05735267309180353,0.08057138906357217,0.0,0.0,4.96,0.19694638556693245,1.27,0.9832434473555755,3.73,0.9832434473555757,0.0,0.0,2.42,1.6828307080390446,2.37,1.6856794332004974,17.58,1.6828307080390443,5.0,0.0,20.29,3.1632198146761143,4.058,0.632643962935223,1.0145,0.15816099073380574,0.0,0.0
4,495.0,495.0,100,2.69,2.3211587144738246,0.12091438292952962,0.09406417155440146,0.9330497506019951,0.06524501665847422,0.05735267309180353,0.08057138906357217,0.001026315789473684,0.007222824856962215,4.96,0.19694638556693245,1.27,0.9832434473555755,3.73,0.9832434473555757,0.0,0.0,2.4,1.687745492805372,2.36,1.6667878743804858,17.6,1.687745492805372,5.0,0.0,20.29,3.1632198146761143,4.058,0.632643962935223,1.0145,0.15816099073380574,0.0,0.0
4,496.0,496.0,100,2.68,2.326309775528008,0.12038806714005594,0.09429957894305574,0.9335760663914688,0.0651450403712853,0.05735267309180353,0.08057138906357217,0.000526315789473684,0.005263157894736839,4.96,0.19694638556693245,1.27,0.9832434473555755,3.73,0.9832434473555757,0.0,0.0,2.39,1.6871169598944933,2.35,1.6659089186544758,17.61,1.687116959894493,5.0,0.0,20.29,3.1632198146761143,4.058,0.632643962935223,1.0145,0.15816099073380574,0.0,0.0
4,497.0,497.0,100,2.67,2.335734695049197,0.11976306714005594,0.09489238158409403,0.9342010663914688,0.06548200704470904,0.05735267309180353,0.08057138906357217,0.000625,0.0062499999999999995,4.96,0.19694638556693245,1.26,0.9910712498212338,3.74,0.9910712498212338,0.0,0.0,2.38,1.6744062719771335,2.35,1.6659089186544758,17.62,1.6744062719771333,5.0,0.0,20.29,3.1632198146761143,4.058,0.632643962935223,1.0145,0.15816099073380574,0.0,0.0
4,498.0,498.0,100,2.66,2.3277856126769625,0.11934640047338928,0.09459054444123964,0.9347010663914689,0.0657940101027428,0.05735267309180353,0.08057138906357217,0.00041666666666666686,0.004166666666666669,4.96,0.19694638556693245,1.26,0.9910712498212338,3.74,0.9910712498212338,0.0,0.0,2.37,1.6856794332004974,2.35,1.6659089186544758,17.63,1.6856794332004978,5.0,0.0,20.29,3.1632198146761143,4.058,0.632643962935223,1.0145,0.15816099073380574,0.0,0.0
4,499.0,499.0,100,2.65,2.3284581103634165,0.11875816517927162,0.09441445551075195,0.9352893016855864,0.06504877052383023,0.05735267309180353,0.08057138906357217,0.000588235294117647,0.005882352941176471,4.96,0.19694638556693245,1.26,0.9910712498212338,3.74,0.9910712498212338,0.0,0.0,2.36,1.6667878743804858,2.35,1.6659089186544758,17.64,1.6667878743804858,5.0,0.0,20.29,3.1632198146761143,4.058,0.632643962935223,1.0145,0.15816099073380574,0.0,0.0
4,500.0,500.0,100,2.65,2.3284581103634165,0.11875816517927162,0.09441445551075195,0.9352893016855864,0.06504877052383023,0.05735267309180353,0.08057138906357217,0.0,0.0,4.96,0.19694638556693245,1.26,0.9910712498212338,3.74,0.9910712498212338,0.0,0.0,2.36,1.6667878743804858,2.35,1.6659089186544758,17.64,1.6667878743804858,5.0,0.0,20.29,3.1632198146761143,4.058,0.632643962935223,1.0145,0.15816099073380574,0.0,0.0
4,501.0,501.0,100,2.65,2.3284581103634165,0.11875816517927162,0.09441445551075195,0.9352893016855864,0.06504877052383023,0.05735267309180353,0.08057138906357217,0.0,0.0,4.96,0.19694638556693245,1.26,0.9910712498212338,3.74,0.9910712498212338,0.0,0.0,2.36,1.6667878743804858,2.35,1.6659089186544758,17.64,1.6667878743804858,5.0,0.0,20.29,3.1632198146761143,4.058,0.632643962935223,1.0145,0.15816099073380574,0.0,0.0
4,502.0,502.0,100,2.65,2.3284581103634165,0.11875816517927162,0.09441445551075195,0.9352893016855864,0.06504877052383023,0.05735267309180353,0.08057138906357217,0.0,0.0,4.96,0.19694638556693245,1.26,0.9910712498212338,3.74,0.9910712498212338,0.0,0.0,2.36,1.6667878743804858,2.35,1.6659089186544758,17.64,1.6667878743804858,5.0,0.0,20.29,3.1632198146761143,4.058,0.632643962935223,1.0145,0.15816099073380574,0.0,0.0
4,503.0,503.0,100,2.64,2.3247461032216923,0.11828197470308116,0.09416885014177866,0.9357893016855866,0.06457702174054256,0.05735267309180353,0.08057138906357217,0.0004761904761904762,0.004761904761904761,4.96,0.19694638556693245,1.25,0.988571053224161,3.75,0.9885710532241612,0.0,0.0,2.35,1.6659089186544758,2.34,1.6649688321771106,17.65,1.665908918654475,5.0,0.0,20.29,3.1632198146761143,4.058,0.632643962935223,1.0145,0.15816099073380574,0.0,0.0
4,504.0,504.0,100,2.64,2.3247461032216923,0.11828197470308116,0.09416885014177866,0.9357893016855866,0.06457702174054256,0.05735267309180353,0.08057138906357217,0.0,0.0,4.96,0.19694638556693245,1.25,0.988571053224161,3.75,0.9885710532241612,0.0,0.0,2.35,1.6659089186544758,2.32,1.6568193942160698,17.65,1.665908918654475,5.0,0.0,20.29,3.1632198146761143,4.058,0.632643962935223,1.0145,0.15816099073380574,0.0,0.0
4,505.0,505.0,100,2.64,2.3247461032216923,0.11828197470308116,0.09416885014177866,0.9357893016855866,0.06457702174054256,0.05735267309180353,0.08057138906357217,0.0,0.0,4.96,0.19694638556693245,1.25,0.988571053224161,3.75,0.9885710532241612,0.0,0.0,2.35,1.6659089186544758,2.31,1.661780717036743,17.65,1.665908918654475,5.0,0.0,20.29,3.1632198146761143,4.058,0.632643962935223,1.0145,0.15816099073380574,0.0,0.0
4,506.0,506.0,100,2.64,2.3247461032216923,0.11828197470308116,0.09416885014177866,0.9357893016855866,0.06457702174054256,0.05735267309180353,0.08057138906357217,0.0,0.0,4.96,0.19694638556693245,1.25,0.988571053224161,3.75,0.9885710532241612,0.0,0.0,2.35,1.6659089186544758,2.3,1.6483845780556543,17.65,1.665908918654475,5.0,0.0,20.29,3.1632198146761143,4.058,0.632643962935223,1.0145,0.15816099073380574,0.0,0.0
4,507.0,507.0,100,2.64,2.3247461032216923,0.11828197470308116,0.09416885014177866,0.9357893016855866,0.06457702174054256,0.05735267309180353,0.08057138906357217,0.0,0.0,4.96,0.19694638556693245,1.25,0.988571053224161,3.75,0.9885710532241612,0.0,0.0,2.35,1.6659089186544758,2.3,1.6483845780556543,17.65,1.665908918654475,5.0,0.0,20.29,3.1632198146761143,4.058,0.632643962935223,1.0145,0.15816099073380574,0.0,0.0
4,508.0,508.0,100,2.64,2.3247461032216923,0.11828197470308116,0.09416885014177866,0.9357893016855866,0.06457702174054256,0.05735267309180353,0.08057138906357217,0.0,0.0,4.96,0.19694638556693245,1.25,0.988571053224161,3.75,0.9885710532241612,0.0,0.0,2.35,1.6659089186544758,2.3,1.6483845780556543,17.65,1.665908918654475,5.0,0.0,20.29,3.1632198146761143,4.058,0.632643962935223,1.0145,0.15816099073380574,0.0,0.0
4,509.0,509.0,100,2.64,2.3247461032216923,0.11828197470308116,0.09416885014177866,0.9357893016855866,0.06457702174054256,0.05735267309180353,0.08057138906357217,0.0,0.0,4.96,0.19694638556693245,1.25,0.988571053224161,3.75,0.9885710532241612,0.0,0.0,2.35,1.6659089186544758,2.29,1.6348168896320658,17.65,1.665908918654475,5.0,0.0,20.29,3.1632198146761143,4.058,0.632643962935223,1.0145,0.15816099073380574,0.0,0.0
4,510.0,510.0,100,2.63,2.2947238561006804,0.11788197470308115,0.09303827925908723,0.9362893016855866,0.06330502172482003,0.05735267309180353,0.08057138906357217,0.00040000000000000034,0.004000000000000004,4.96,0.19694638556693245,1.25,0.988571053224161,3.75,0.9885710532241612,0.0,0.0,2.34,1.6527907222988552,2.29,1.6348168896320658,17.66,1.6527907222988547,5.0,0.0,20.29,3.1632198146761143,4.058,0.632643962935223,1.0145,0.15816099073380574,0.0,0.0
4,511.0,511.0,100,2.62,2.2864555075222404,0.11740578422689067,0.0925372998818575,0.9367893016855865,0.062408811992228794,0.05735267309180353,0.08057138906357217,0.00047619047619047586,0.004761904761904758,4.96,0.19694638556693245,1.24,0.9756634624291266,3.76,0.9756634624291267,0.0,0.0,2.33,1.6456554372595191,2.28,1.6334879333141177,17.67,1.6456554372595187,5.0,0.0,20.29,3.1632198146761143,4.058,0.632643962935223,1.0145,0.15816099073380574,0.0,0.0
4,512.0,512.0,100,2.61,2.286963493412613,0.11690578422689069,0.0924944777765081,0.9372893016855864,0.06190471591876331,0.05735267309180353,0.08057138906357217,0.0004999999999999999,0.004999999999999998,4.96,0.19694638556693245,1.24,0.9756634624291266,3.76,0.9756634624291267,0.0,0.0,2.32,1.6445809389161925,2.28,1.6334879333141177,17.68,1.644580938916192,5.0,0.0,20.29,3.1632198146761143,4.058,0.632643962935223,1.0145,0.15816099073380574,0.0,0.0
4,513.0,513.0,100,2.61,2.286963493412613,0.11690578422689069,0.0924944777765081,0.9372893016855864,0.06190471591876331,0.05735267309180353,0.08057138906357217,0.0,0.0,4.96,0.19694638556693245,1.24,0.9756634624291266,3.76,0.9756634624291267,0.0,0.0,2.32,1.6445809389161925,2.27,1.6382732964738798,17.68,1.644580938916192,5.0,0.0,20.29,3.1632198146761143,4.058,0.632643962935223,1.0145,0.15816099073380574,0.0,0.0
4,514.0,514.0,100,2.6,2.2918388365077624,0.11637946843741698,0.0927108862981753,0.9378156174750601,0.061762854339915726,0.05735267309180353,0.08057138906357217,0.000526315789473684,0.0052631578947368385,4.96,0.19694638556693245,1.24,0.9756634624291266,3.76,0.9756634624291267,0.0,0.0,2.31,1.6434442767885655,2.26,1.6306409472933945,17.69,1.6434442767885653,5.0,0.0,20.29,3.1632198146761143,4.058,0.632643962935223,1.0145,0.15816099073380574,0.0,0.0
4,515.0,515.0,100,2.59,2.3010537770440056,0.1158531526479433,0.093224407315291,0.9383419332645339,0.0620685762805493,0.05735267309180353,0.08057138906357217,0.000526315789473684,0.0052631578947368385,4.96,0.19694638556693245,1.23,0.9832434473555757,3.77,0.9832434473555757,0.0,0.0,2.3,1.6483845780556543,2.25,1.6353111093129724,17.7,1.648384578055654,5.0,0.0,20.29,3.1632198146761143,4.058,0.632643962935223,1.0145,0.15816099073380574,0.0,0.0
4,516.0,516.0,100,2.58,2.305811717544968,0.11526491735382566,0.09339839612969862,0.9389301685586515,0.061810803971982346,0.05735267309180353,0.08057138906357217,0.000588235294117647,0.0058823529411764705,4.96,0.19694638556693245,1.23,0.9832434473555757,3.77,0.9832434473555757,0.0,0.0,2.29,1.6348168896320658,2.24,1.6275407487644937,17.71,1.6348168896320656,5.0,0.0,20.29,3.1632198146761143,4.058,0.632643962935223,1.0145,0.15816099073380574,0.0,0.0
4,517.0,517.0,100,2.58,2.305811717544968,0.11526491735382566,0.09339839612969862,0.9389301685586515,0.061810803971982346,0.05735267309180353,0.08057138906357217,0.0,0.0,4.96,0.19694638556693245,1.23,0.9832434473555757,3.77,0.9832434473555757,0.0,0.0,2.29,1.6348168896320658,2.24,1.6275407487644937,17.71,1.6348168896320656,5.0,0.0,20.29,3.1632198146761143,4.058,0.632643962935223,1.0145,0.15816099073380574,0.0,0.0
4,518.0,518.0,100,2.57,2.2973634427053082,0.11478872687763518,0.09288580758030492,0.9394301685586516,0.06087069889584179,0.05735267309180353,0.08057138906357217,0.00047619047619047586,0.004761904761904758,4.96,0.19694638556693245,1.22,0.9804142600003947,3.78,0.9804142600003946,0.0,0.0,2.28,1.6272924777312798,2.23,1.6196707484341792,17.72,1.6272924777312798,5.0,0.0,20.29,3.1632198146761143,4.058,0.632643962935223,1.0145,0.15816099073380574,0.0,0.0
4,519.0,519.0,100,2.57,2.2973634427053082,0.11478872687763518,0.09288580758030492,0.9394301685586516,0.06087069889584179,0.05735267309180353,0.08057138906357217,0.0,0.0,4.96,0.19694638556693245,1.22,0.9804142600003947,3.78,0.9804142600003946,0.0,0.0,2.28,1.6272924777312798,2.23,1.6196707484341792,17.72,1.6272924777312798,5.0,0.0,20.29,3.1632198146761143,4.058,0.632643962935223,1.0145,0.15816099073380574,0.0,0.0
4,520.0,520.0,100,2.57,2.2973634427053082,0.11478872687763518,0.09288580758030492,0.9394301685586516,0.06087069889584179,0.05735267309180353,0.08057138906357217,0.0,0.0,4.96,0.19694638556693245,1.22,0.9804142600003947,3.78,0.9804142600003946,0.0,0.0,2.28,1.6272924777312798,2.23,1.6196707484341792,17.72,1.6272924777312798,5.0,0.0,20.29,3.1632198146761143,4.058,0.632643962935223,1.0145,0.15816099073380574,0.0,0.0
4,521.0,521.0,100,2.56,2.2844224343553132,0.11435394426893954,0.09229499946600168,0.9399301685586515,0.06033165405053667,0.05735267309180353,0.08057138906357217,0.000434782608695653,0.0043478260869565305,4.96,0.19694638556693245,1.22,0.9804142600003947,3.78,0.9804142600003946,0.0,0.0,2.27,1.6258952467903194,2.22,1.617954813268213,17.73,1.6258952467903192,5.0,0.0,20.29,3.1632198146761143,4.058,0.632643962935223,1.0145,0.15816099073380574,0.0,0.0
4,522.0,522.0,100,2.54,2.2581837700669842,0.11348437905154823,0.0910956014710574,0.9409301685586516,0.05922606117047877,0.05735267309180353,0.08057138906357217,0.0008695652173913037,0.006117621484186504,4.96,0.19694638556693245,1.22,0.9804142600003947,3.78,0.9804142600003946,0.0,0.0,2.25,1.6229104669815841,2.2,1.626795821996309,17.75,1.6229104669815841,5.0,0.0,20.29,3.1632198146761143,4.058,0.632643962935223,1.0145,0.15816099073380574,0.0,0.0
4,523.0,523.0,100,2.54,2.2581837700669842,0.11348437905154823,0.0910956014710574,0.9409301685586516,0.05922606117047877,0.05735267309180353,0.08057138906357217,0.0,0.0,4.96,0.19694638556693245,1.22,0.9804142600003947,3.78,0.9804142600003946,0.0,0.0,2.25,1.6229104669815841,2.19,1.6186726074475373,17.75,1.6229104669815841,5.0,0.0,20.29,3.1632198146761143,4.058,0.632643962935223,1.0145,0.15816099073380574,0.0,0.0
4,524.0,524.0,100,2.53,2.2538631258128765,0.11298437905154822,0.09075251561948115,0.9414301685586516,0.058226906290429786,0.05735267309180353,0.08057138906357217,0.0005000000000000001,0.005000000000000001,4.96,0.19694638556693245,1.22,0.9804142600003947,3.78,0.9804142600003946,0.0,0.0,2.24,1.6150804464437207,2.19,1.6186726074475373,17.76,1.6150804464437196,5.0,0.0,20.29,3.1632198146761143,4.058,0.632643962935223,1.0145,0.15816099073380574,0.0,0.0
4,525.0,525.0,100,2.51,2.267446389953493,0.11193174747260086,0.09145076167951403,0.9424828001375988,0.05832564833317027,0.05735267309180353,0.08057138906357217,0.001052631578947368,0.007405541796646822,4.96,0.19694638556693245,1.21,0.9877532918986228,3.79,0.9877532918986228,0.0,0.0,2.22,1.617954813268213,2.18,1.6167057164918337,17.78,1.6179548132682124,5.0,0.0,20.29,3.1632198146761143,4.058,0.632643962935223,1.0145,0.15816099073380574,0.0,0.0
4,526.0,526.0,100,2.5,2.2719190482092797,0.11140543168312718,0.09164078303622214,0.9430091159270725,0.05812757964709042,0.05735267309180353,0.08057138906357217,0.000526315789473684,0.005263157894736839,4.96,0.19694638556693245,1.21,0.9877532918986228,3.79,0.9877532918986228,0.0,0.0,2.21,1.6161745580289901,2.18,1.6167057164918337,17.79,1.6161745580289897,5.0,0.0,20.29,3.1632198146761143,4.058,0.632643962935223,1.0145,0.15816099073380574,0.0,0.0
4,527.0,527.0,100,2.5,2.2719190482092797,0.11140543168312718,0.09164078303622214,0.9430091159270725,0.05812757964709042,0.05735267309180353,0.08057138906357217,0.0,0.0,4.96,0.19694638556693245,1.21,0.9877532918986228,3.79,0.9877532918986228,0.0,0.0,2.21,1.6161745580289901,2.17,1.6146738733167503,17.79,1.6161745580289897,5.0,0.0,20.29,3.1632198146761143,4.058,0.632643962935223,1.0145,0.15816099073380574,0.0,0.0
4,528.0,528.0,100,2.5,2.2719190482092797,0.11140543168312718,0.09164078303622214,0.9430091159270725,0.05812757964709042,0.05735267309180353,0.08057138906357217,0.0,0.0,4.96,0.19694638556693245,1.21,0.9877532918986228,3.79,0.9877532918986228,0.0,0.0,2.21,1.6161745580289901,2.16,1.618828607544993,17.79,1.6161745580289897,5.0,0.0,20.29,3.1632198146761143,4.058,0.632643962935223,1.0145,0.15816099073380574,0.0,0.0
4,529.0,529.0,100,2.5,2.2719190482092797,0.11140543168312718,0.09164078303622214,0.9430091159270725,0.05812757964709042,0.05735267309180353,0.08057138906357217,0.0,0.0,4.96,0.19694638556693245,1.21,0.9877532918986228,3.79,0.9877532918986228,0.0,0.0,2.21,1.6161745580289901,2.15,1.6291225871739683,17.79,1.6161745580289897,5.0,0.0,20.29,3.1632198146761143,4.058,0.632643962935223,1.0145,0.15816099073380574,0.0,0.0
4,530.0,530.0,100,2.49,2.271896817972848,0.1108791158936535,0.09152214776585386,0.9435354317165462,0.05743891442417074,0.05735267309180353,0.08057138906357217,0.0005263157894736841,0.00526315789473684,4.96,0.19694638556693245,1.2,0.9847319278346616,3.8,0.9847319278346617,0.0,0.0,2.2,1.6080605044147394,2.14,1.6331168687729323,17.8,1.608060504414739,5.0,0.0,20.29,3.1632198146761143,4.058,0.632643962935223,1.0145,0.15816099073380574,0.0,0.0
4,531.0,531.0,100,2.47,2.249377018131236,0.11002766661829116,0.09054516093882777,0.9445354317165463,0.05710318268378765,0.05735267309180353,0.08057138906357217,0.0008514492753623199,0.005991554403214802,4.96,0.19694638556693245,1.18,0.9679719505077083,3.82,0.9679719505077081,0.0,0.0,2.18,1.6167057164918337,2.13,1.6431984086229545,17.82,1.6167057164918337,5.0,0.0,20.29,3.1632198146761143,4.058,0.632643962935223,1.0145,0.15816099073380574,0.0,0.0
4,532.0,532.0,100,2.47,2.249377018131236,0.11002766661829116,0.09054516093882777,0.9445354317165463,0.05710318268378765,0.05735267309180353,0.08057138906357217,0.0,0.0,4.96,0.19694638556693245,1.18,0.9679719505077083,3.82,0.9679719505077081,0.0,0.0,2.18,1.6167057164918337,2.13,1.6431984086229545,17.82,1.6167057164918337,5.0,0.0,20.29,3.1632198146761143,4.058,0.632643962935223,1.0145,0.15816099073380574,0.0,0.0
4,533.0,533.0,100,2.47,2.249377018131236,0.11002766661829116,0.09054516093882777,0.9445354317165463,0.05710318268378765,0.05735267309180353,0.08057138906357217,0.0,0.0,4.96,0.19694638556693245,1.18,0.9679719505077083,3.82,0.9679719505077081,0.0,0.0,2.18,1.6167057164918337,2.13,1.6431984086229545,17.82,1.6167057164918337,5.0,0.0,20.29,3.1632198146761143,4.058,0.632643962935223,1.0145,0.15816099073380574,0.0,0.0
4,534.0,534.0,100,2.45,2.2490177429448632,0.10905147614210069,0.09040831169682326,0.9455354317165462,0.05630091298090636,0.05735267309180353,0.08057138906357217,0.0009761904761904758,0.006869842536801753,4.96,0.19694638556693245,1.18,0.9679719505077083,3.82,0.9679719505077081,0.0,0.0,2.16,1.618828607544993,2.1,1.6422453217986943,17.84,1.618828607544993,5.0,0.0,20.29,3.1632198146761143,4.058,0.632643962935223,1.0145,0.15816099073380574,0.0,0.0
4,535.0,535.0,100,2.45,2.2490177429448632,0.10905147614210069,0.09040831169682326,0.9455354317165462,0.05630091298090636,0.05735267309180353,0.08057138906357217,0.0,0.0,4.96,0.19694638556693245,1.18,0.9679719505077083,3.82,0.9679719505077081,0.0,0.0,2.16,1.618828607544993,2.09,1.6397523833761851,17.84,1.618828607544993,5.0,0.0,20.29,3.1632198146761143,4.058,0.632643962935223,1.0145,0.15816099073380574,0.0,0.0
4,536.0,536.0,100,2.45,2.2490177429448632,0.10905147614210069,0.09040831169682326,0.9455354317165462,0.05630091298090636,0.05735267309180353,0.08057138906357217,0.0,0.0,4.96,0.19694638556693245,1.18,0.9679719505077083,3.82,0.9679719505077081,0.0,0.0,2.16,1.618828607544993,2.09,1.6397523833761851,17.84,1.618828607544993,5.0,0.0,20.29,3.1632198146761143,4.058,0.632643962935223,1.0145,0.15816099073380574,0.0,0.0
4,537.0,537.0,100,2.45,2.2490177429448632,0.10905147614210069,0.09040831169682326,0.9455354317165462,0.05630091298090636,0.05735267309180353,0.08057138906357217,0.0,0.0,4.96,0.19694638556693245,1.18,0.9679719505077083,3.82,0.9679719505077081,0.0,0.0,2.16,1.618828607544993,2.09,1.6397523833761851,17.84,1.618828607544993,5.0,0.0,20.29,3.1632198146761143,4.058,0.632643962935223,1.0145,0.15816099073380574,0.0,0.0
4,538.0,538.0,100,2.42,2.2526303368159266,0.1075348221883758,0.0907539025749317,0.9471173030615755,0.05617738328412258,0.05735267309180353,0.08057138906357217,0.0015166539537248918,0.008713647777989065,4.96,0.19694638556693245,1.16,0.9818555922539748,3.84,0.981855592253975,0.0,0.0,2.13,1.6184229760149014,2.09,1.6397523833761851,17.87,1.6184229760149,5.0,0.0,20.29,3.1632198146761143,4.058,0.632643962935223,1.0145,0.15816099073380574,0.0,0.0
4,539.0,539.0,100,2.42,2.2526303368159266,0.1075348221883758,0.0907539025749317,0.9471173030615755,0.05617738328412258,0.05735267309180353,0.08057138906357217,0.0,0.0,4.96,0.19694638556693245,1.16,0.9818555922539748,3.83,0.9749902874419111,0.01,0.09999999999999999,2.12,1.6285334544065138,2.08,1.6310125751207503,17.88,1.6285334544065126,5.0,0.0,20.29,3.1632198146761143,4.058,0.632643962935223,1.0145,0.15816099073380574,0.0,0.0
4,540.0,540.0,100,2.41,2.2342377182874213,0.10715020680376043,0.09014114407693449,0.9476173030615754,0.05642526214153137,0.05735267309180353,0.08057138906357217,0.0003846153846153852,0.0038461538461538516,4.96,0.19694638556693245,1.16,0.9818555922539748,3.84,0.981855592253975,0.0,0.0,2.12,1.6285334544065138,2.07,1.6283783840422845,17.88,1.6285334544065126,5.0,0.0,20.29,3.1632198146761143,4.058,0.632643962935223,1.0145,0.15816099073380574,0.0,0.0
4,541.0,541.0,100,2.41,2.2342377182874213,0.10715020680376043,0.09014114407693449,0.9476173030615754,0.05642526214153137,0.05735267309180353,0.08057138906357217,0.0,0.0,4.96,0.19694638556693245,1.16,0.9818555922539748,3.84,0.981855592253975,0.0,0.0,2.12,1.6285334544065138,2.07,1.6283783840422845,17.88,1.6285334544065126,5.0,0.0,20.29,3.1632198146761143,4.058,0.632643962935223,1.0145,0.15816099073380574,0.0,0.0
4,542.0,542.0,100,2.41,2.2342377182874213,0.10715020680376043,0.09014114407693449,0.9476173030615754,0.05642526214153137,0.05735267309180353,0.08057138906357217,0.0,0.0,4.96,0.19694638556693245,1.16,0.9818555922539748,3.84,0.981855592253975,0.0,0.0,2.12,1.6285334544065138,2.08,1.6185790001720584,17.88,1.6285334544065126,5.0,0.0,20.29,3.1632198146761143,4.058,0.632643962935223,1.0145,0.15816099073380574,0.0,0.0
4,543.0,543.0,100,2.41,2.2342377182874213,0.10715020680376043,0.09014114407693449,0.9476173030615754,0.05642526214153137,0.05735267309180353,0.08057138906357217,0.0,0.0,4.96,0.19694638556693245,1.16,0.9818555922539748,3.84,0.981855592253975,0.0,0.0,2.12,1.6285334544065138,2.07,1.6159245406924547,17.88,1.6285334544065126,5.0,0.0,20.29,3.1632198146761143,4.058,0.632643962935223,1.0145,0.15816099073380574,0.0,0.0
4,544.0,544.0,100,2.4,2.238325492438714,0.10665020680376042,0.09031970043469793,0.9481173030615754,0.056220209194023346,0.05735267309180353,0.08057138906357217,0.0005,0.005,4.96,0.19694638556693245,1.15,0.9782999065065411,3.85,0.9782999065065411,0.0,0.0,2.11,1.632343546728278,2.07,1.6159245406924547,17.89,1.6323435467282774,5.0,0.0,20.29,3.1632198146761143,4.058,0.632643962935223,1.0145,0.15816099073380574,0.0,0.0
4,545.0,545.0,100,2.39,2.233333333333333,0.10617401632756994,0.08999824079748157,0.9486173030615755,0.05555720956715577,0.05735267309180353,0.08057138906357217,0.0004761904761904762,0.004761904761904761,4.96,0.19694638556693245,1.15,0.9782999065065411,3.85,0.9782999065065411,0.0,0.0,2.1,1.6298974374376007,2.06,1.6006311886315978,17.9,1.6298974374376007,5.0,0.0,20.29,3.1632198146761143,4.058,0.632643962935223,1.0145,0.15816099073380574,0.0,0.0
4,546.0,546.0,100,2.38,2.2328131461128904,0.10564770053809626,0.08984648788934786,0.9491436188510493,0.054781875878446844,0.05735267309180353,0.08057138906357217,0.0005263157894736841,0.00526315789473684,4.96,0.19694638556693245,1.15,0.9782999065065411,3.85,0.9782999065065411,0.0,0.0,2.09,1.6211668076363455,2.05,1.5978204852330262,17.91,1.621166807636345,5.0,0.0,20.29,3.1632198146761143,4.058,0.632643962935223,1.0145,0.15816099073380574,0.0,0.0
4,547.0,547.0,100,2.38,2.2328131461128904,0.10564770053809626,0.08984648788934786,0.9491436188510493,0.054781875878446844,0.05735267309180353,0.08057138906357217,0.0,0.0,4.96,0.19694638556693245,1.15,0.9782999065065411,3.85,0.9782999065065411,0.0,0.0,2.09,1.6211668076363455,2.04,1.601262128460049,17.91,1.621166807636345,5.0,0.0,20.29,3.1632198146761143,4.058,0.632643962935223,1.0145,0.15816099073380574,0.0,0.0
4,548.0,548.0,100,2.38,2.2328131461128904,0.10564770053809626,0.08984648788934786,0.9491436188510493,0.054781875878446844,0.05735267309180353,0.08057138906357217,0.0,0.0,4.96,0.19694638556693245,1.15,0.9782999065065411,3.85,0.9782999065065411,0.0,0.0,2.09,1.6211668076363455,2.02,1.5826074891287685,17.91,1.621166807636345,5.0,0.0,20.29,3.1632198146761143,4.058,0.632643962935223,1.0145,0.15816099073380574,0.0,0.0
4,549.0,549.0,100,2.37,2.2367680508115524,0.10505946524397862,0.0899596241388607,0.9497318541451668,0.05437173000059304,0.05735267309180353,0.08057138906357217,0.000588235294117647,0.0058823529411764705,4.96,0.19694638556693245,1.15,0.9782999065065411,3.85,0.9782999065065411,0.0,0.0,2.08,1.6060491709141225,2.02,1.5826074891287685,17.92,1.6060491709141225,5.0,0.0,20.29,3.1632198146761143,4.058,0.632643962935223,1.0145,0.15816099073380574,0.0,0.0
4,550.0,550.0,100,2.35,2.221906543234591,0.10412468263528296,0.08918491079512342,0.9507318541451668,0.05295565578415378,0.05735267309180353,0.08057138906357217,0.0009347826086956529,0.006592754912038055,4.96,0.19694638556693245,1.14,0.9746276160149526,3.86,0.9746276160149527,0.0,0.0,2.06,1.6006311886315983,2.02,1.5826074891287685,17.94,1.6006311886315978,5.0,0.0,20.29,3.1632198146761143,4.058,0.632643962935223,1.0145,0.15816099073380574,0.0,0.0
4,551.0,551.0,100,2.34,2.2257446830082275,0.10359836684580927,0.08933330087122604,0.9512581699346405,0.05265420038030505,0.05735267309180353,0.08057138906357217,0.000526315789473684,0.005263157894736839,4.96,0.19694638556693245,1.14,0.9746276160149526,3.86,0.9746276160149527,0.0,0.0,2.05,1.5978204852330262,2.01,1.5858910760359628,17.95,1.597820485233026,5.0,0.0,20.29,3.1632198146761143,4.058,0.632643962935223,1.0145,0.15816099073380574,0.0,0.0
4,552.0,552.0,100,2.33,2.2204513145763953,0.10312217636961879,0.08899178519167637,0.9517581699346406,0.05191516000126898,0.05735267309180353,0.08057138906357217,0.0004761904761904762,0.004761904761904761,4.96,0.19694638556693245,1.14,0.9746276160149526,3.86,0.9746276160149527,0.0,0.0,2.04,1.5949414985629993,2.0,1.5827351342061327,17.96,1.5949414985629995,5.0,0.0,20.29,3.1632198146761143,4.058,0.632643962935223,1.0145,0.15816099073380574,0.0,0.0
4,553.0,553.0,100,2.33,2.2204513145763953,0.10312217636961879,0.08899178519167637,0.9517581699346406,0.05191516000126898,0.05735267309180353,0.08057138906357217,0.0,0.0,4.96,0.19694638556693245,1.14,0.9746276160149526,3.86,0.9746276160149527,0.0,0.0,2.04,1.5949414985629993,1.99,1.585891076035963,17.96,1.5949414985629995,5.0,0.0,20.29,3.1632198146761143,4.058,0.632643962935223,1.0145,0.15816099073380574,0.0,0.0
4,554.0,554.0,100,2.33,2.2204513145763953,0.10312217636961879,0.08899178519167637,0.9517581699346406,0.05191516000126898,0.05735267309180353,0.08057138906357217,0.0,0.0,4.96,0.19694638556693245,1.14,0.9746276160149526,3.86,0.9746276160149527,0.0,0.0,2.04,1.5949414985629993,1.98,1.588977181978547,17.96,1.5949414985629995,5.0,0.0,20.29,3.1632198146761143,4.058,0.632643962935223,1.0145,0.15816099073380574,0.0,0.0
4,555.0,555.0,100,2.33,2.2204513145763953,0.10312217636961879,0.08899178519167637,0.9517581699346406,0.05191516000126898,0.05735267309180353,0.08057138906357217,0.0,0.0,4.96,0.19694638556693245,1.14,0.9746276160149526,3.86,0.9746276160149527,0.0,0.0,2.04,1.5949414985629993,1.98,1.588977181978547,17.96,1.5949414985629995,5.0,0.0,20.29,3.1632198146761143,4.058,0.632643962935223,1.0145,0.15816099073380574,0.0,0.0
4,556.0,556.0,100,2.32,2.224201139076839,0.10259586058014511,0.08913451763246708,0.9522844857241143,0.05159705351333867,0.05735267309180353,0.08057138906357217,0.000526315789473684,0.0052631578947368385,4.96,0.19694638556693245,1.14,0.9746276160149526,3.86,0.9746276160149527,0.0,0.0,2.03,1.5919938581679407,1.98,1.588977181978547,17.97,1.5919938581679403,5.0,0.0,20.29,3.1632198146761143,4.058,0.632643962935223,1.0145,0.15816099073380574,0.0,0.0
4,557.0,557.0,100,2.31,2.2324285820015324,0.10206954479067143,0.08958676407591445,0.9528108015135879,0.05181437721915776,0.05735267309180353,0.08057138906357217,0.000526315789473684,0.005263157894736839,4.96,0.19694638556693245,1.13,0.9811866655877833,3.87,0.9811866655877832,0.0,0.0,2.02,1.5953214425470827,1.98,1.588977181978547,17.98,1.5953214425470825,5.0,0.0,20.29,3.1632198146761143,4.058,0.632643962935223,1.0145,0.15816099073380574,0.0,0.0
4,558.0,558.0,100,2.28,2.243193971086582,0.10048767344564219,0.089943461787831,0.9543926728586172,0.050728558050585536,0.05735267309180353,0.08057138906357217,0.001581871345029239,0.009048841189472454,4.97,0.17144660799776532,1.12,0.9875998862664653,3.88,0.9875998862664653,0.0,0.0,1.99,1.585891076035963,1.97,1.5919938581679403,18.01,1.5858910760359635,5.0,0.0,20.29,3.1632198146761143,4.058,0.632643962935223,1.0145,0.15816099073380574,0.0,0.0
4,559.0,559.0,100,2.27,2.233152412391437,0.10005289083694655,0.08947652070411921,0.9548926728586171,0.0504325738793396,0.05735267309180353,0.08057138906357217,0.00043478260869565186,0.00434782608695652,4.97,0.17144660799776532,1.12,0.9875998862664653,3.88,0.9875998862664653,0.0,0.0,1.98,1.588977181978547,1.97,1.5919938581679403,18.02,1.588977181978547,5.0,0.0,20.29,3.1632198146761143,4.058,0.632643962935223,1.0145,0.15816099073380574,0.0,0.0
4,560.0,560.0,100,2.27,2.233152412391437,0.10005289083694655,0.08947652070411921,0.9548926728586171,0.0504325738793396,0.05735267309180353,0.08057138906357217,0.0,0.0,4.97,0.17144660799776532,1.12,0.9875998862664653,3.88,0.9875998862664653,0.0,0.0,1.98,1.588977181978547,1.97,1.5919938581679403,18.02,1.588977181978547,5.0,0.0,20.29,3.1632198146761143,4.058,0.632643962935223,1.0145,0.15816099073380574,0.0,0.0
4,561.0,561.0,100,2.27,2.233152412391437,0.10005289083694655,0.08947652070411921,0.9548926728586171,0.0504325738793396,0.05735267309180353,0.08057138906357217,0.0,0.0,4.97,0.17144660799776532,1.12,0.9875998862664653,3.88,0.9875998862664653,0.0,0.0,1.98,1.588977181978547,1.97,1.5919938581679403,18.02,1.588977181978547,5.0,0.0,20.29,3.1632198146761143,4.058,0.632643962935223,1.0145,0.15816099073380574,0.0,0.0
4,562.0,562.0,100,2.26,2.232089205704427,0.09957670036075607,0.08937307067934372,0.9553926728586171,0.05012980514417957,0.05735267309180353,0.08057138906357217,0.00047619047619047586,0.004761904761904758,4.97,0.17144660799776532,1.12,0.9875998862664653,3.88,0.9875998862664653,0.0,0.0,1.97,1.5919938581679403,1.97,1.5919938581679403,18.03,1.5919938581679405,5.0,0.0,20.29,3.1632198146761143,4.058,0.632643962935223,1.0145,0.15816099073380574,0.0,0.0
4,563.0,563.0,100,2.26,2.232089205704427,0.09957670036075607,0.08937307067934372,0.9553926728586171,0.05012980514417957,0.05735267309180353,0.08057138906357217,0.0,0.0,4.97,0.17144660799776532,1.12,0.9875998862664653,3.88,0.9875998862664653,0.0,0.0,1.97,1.5919938581679403,1.96,1.5758275042758718,18.03,1.5919938581679405,5.0,0.0,20.29,3.1632198146761143,4.058,0.632643962935223,1.0145,0.15816099073380574,0.0,0.0
4,564.0,564.0,100,2.26,2.232089205704427,0.09957670036075607,0.08937307067934372,0.9553926728586171,0.05012980514417957,0.05735267309180353,0.08057138906357217,0.0,0.0,4.97,0.17144660799776532,1.12,0.9875998862664653,3.88,0.9875998862664653,0.0,0.0,1.97,1.5919938581679403,1.96,1.5758275042758718,18.03,1.5919938581679405,5.0,0.0,20.29,3.1632198146761143,4.058,0.632643962935223,1.0145,0.15816099073380574,0.0,0.0
4,565.0,565.0,100,2.26,2.232089205704427,0.09957670036075607,0.08937307067934372,0.9553926728586171,0.05012980514417957,0.05735267309180353,0.08057138906357217,0.0,0.0,4.97,0.17144660799776532,1.12,0.9875998862664653,3.88,0.9875998862664653,0.0,0.0,1.97,1.5919938581679403,1.96,1.5758275042758718,18.03,1.5919938581679405,5.0,0.0,20.29,3.1632198146761143,4.058,0.632643962935223,1.0145,0.15816099073380574,0.0,0.0
4,566.0,566.0,100,2.26,2.232089205704427,0.09957670036075607,0.08937307067934372,0.9553926728586171,0.05012980514417957,0.05735267309180353,0.08057138906357217,0.0,0.0,4.97,0.17144660799776532,1.12,0.9875998862664653,3.88,0.9875998862664653,0.0,0.0,1.97,1.5919938581679403,1.95,1.5787413475374115,18.03,1.5919938581679405,5.0,0.0,20.29,3.1632198146761143,4.058,0.632643962935223,1.0145,0.15816099073380574,0.0,0.0
4,567.0,567.0,100,2.26,2.232089205704427,0.09957670036075607,0.08937307067934372,0.9553926728586171,0.05012980514417957,0.05735267309180353,0.08057138906357217,0.0,0.0,4.97,0.17144660799776532,1.12,0.9875998862664653,3.88,0.9875998862664653,0.0,0.0,1.97,1.5919938581679403,1.94,1.5751863766590035,18.03,1.5919938581679405,5.0,0.0,20.29,3.1632198146761143,4.058,0.632643962935223,1.0145,0.15816099073380574,0.0,0.0
4,568.0,568.0,100,2.26,2.232089205704427,0.09957670036075607,0.08937307067934372,0.9553926728586171,0.05012980514417957,0.05735267309180353,0.08057138906357217,0.0,0.0,4.97,0.17144660799776532,1.12,0.9875998862664653,3.88,0.9875998862664653,0.0,0.0,1.97,1.5919938581679403,1.94,1.5751863766590035,18.03,1.5919938581679405,5.0,0.0,20.29,3.1632198146761143,4.058,0.632643962935223,1.0145,0.15816099073380574,0.0,0.0
4,569.0,569.0,100,2.26,2.232089205704427,0.09957670036075607,0.08937307067934372,0.9553926728586171,0.05012980514417957,0.05735267309180353,0.08057138906357217,0.0,0.0,4.97,0.17144660799776532,1.12,0.9875998862664653,3.88,0.9875998862664653,0.0,0.0,1.97,1.5919938581679403,1.94,1.5751863766590035,18.03,1.5919938581679405,5.0,0.0,20.29,3.1632198146761143,4.058,0.632643962935223,1.0145,0.15816099073380574,0.0,0.0
4,570.0,570.0,100,2.25,2.2400171355765934,0.09905038457128239,0.08980624511489563,0.9559189886480908,0.05032063488243632,0.05735267309180353,0.08057138906357217,0.000526315789473684,0.0052631578947368385,4.97,0.17144660799776532,1.11,0.9938701010583716,3.89,0.9938701010583717,0.0,0.0,1.96,1.5949414985629984,1.94,1.5751863766590035,18.04,1.5949414985629986,5.0,0.0,20.29,3.1632198146761143,4.058,0.632643962935223,1.0145,0.15816099073380574,0.0,0.0
4,571.0,571.0,100,2.25,2.2400171355765934,0.09905038457128239,0.08980624511489563,0.9559189886480908,0.05032063488243632,0.05735267309180353,0.08057138906357217,0.0,0.0,4.97,0.17144660799776532,1.11,0.9938701010583716,3.89,0.9938701010583717,0.0,0.0,1.96,1.5949414985629984,1.92,1.5806915760469717,18.04,1.5949414985629986,5.0,0.0,20.29,3.1632198146761143,4.058,0.632643962935223,1.0145,0.15816099073380574,0.0,0.0
4,572.0,572.0,100,2.24,2.243374082209044,0.09846214927716472,0.08987582713454206,0.9565072239422086,0.04979303018284677,0.05735267309180353,0.08057138906357217,0.000588235294117647,0.0058823529411764705,4.97,0.17144660799776532,1.11,0.9938701010583716,3.89,0.9938701010583717,0.0,0.0,1.95,1.5787413475374115,1.92,1.5806915760469717,18.05,1.5787413475374124,5.0,0.0,20.29,3.1632198146761143,4.058,0.632643962935223,1.0145,0.15816099073380574,0.0,0.0
4,573.0,573.0,100,2.23,2.2511725339870723,0.09790659372160918,0.09031436236367975,0.9570627794977641,0.04996670470682743,0.05735267309180353,0.08057138906357217,0.000555555555555555,0.00555555555555555,4.97,0.17144660799776532,1.1,1.0,3.9,1.0,0.0,0.0,1.94,1.5751863766590035,1.92,1.5806915760469717,18.06,1.5751863766590046,5.0,0.0,20.29,3.1632198146761143,4.058,0.632643962935223,1.0145,0.15816099073380574,0.0,0.0
4,574.0,574.0,100,2.23,2.2511725339870723,0.09790659372160918,0.09031436236367975,0.9570627794977641,0.04996670470682743,0.05735267309180353,0.08057138906357217,0.0,0.0,4.97,0.17144660799776532,1.1,1.0,3.9,1.0,0.0,0.0,1.94,1.5751863766590035,1.92,1.5806915760469717,18.06,1.5751863766590046,5.0,0.0,20.29,3.1632198146761143,4.058,0.632643962935223,1.0145,0.15816099073380574,0.0,0.0
4,575.0,575.0,100,2.23,2.2511725339870723,0.09790659372160918,0.09031436236367975,0.9570627794977641,0.04996670470682743,0.05735267309180353,0.08057138906357217,0.0,0.0,4.97,0.17144660799776532,1.1,1.0,3.9,1.0,0.0,0.0,1.94,1.5751863766590035,1.92,1.5806915760469717,18.06,1.5751863766590046,5.0,0.0,20.29,3.1632198146761143,4.058,0.632643962935223,1.0145,0.15816099073380574,0.0,0.0
4,576.0,576.0,100,2.23,2.2511725339870723,0.09790659372160918,0.09031436236367975,0.9570627794977641,0.04996670470682743,0.05735267309180353,0.08057138906357217,0.0,0.0,4.97,0.17144660799776532,1.1,1.0,3.9,1.0,0.0,0.0,1.94,1.5751863766590035,1.92,1.5806915760469717,18.06,1.5751863766590046,5.0,0.0,20.29,3.1632198146761143,4.058,0.632643962935223,1.0145,0.15816099073380574,0.0,0.0
4,577.0,577.0,100,2.23,2.2511725339870723,0.09790659372160918,0.09031436236367975,0.9570627794977641,0.04996670470682743,0.05735267309180353,0.08057138906357217,0.0,0.0,4.97,0.17144660799776532,1.1,1.0,3.9,1.0,0.0,0.0,1.94,1.5751863766590035,1.91,1.5769488503967646,18.06,1.5751863766590046,5.0,0.0,20.29,3.1632198146761143,4.058,0.632643962935223,1.0145,0.15816099073380574,0.0,0.0
4,578.0,578.0,100,2.23,2.2511725339870723,0.09790659372160918,0.09031436236367975,0.9570627794977641,0.04996670470682743,0.05735267309180353,0.08057138906357217,0.0,0.0,4.97,0.17144660799776532,1.1,1.0,3.9,1.0,0.0,0.0,1.94,1.5751863766590035,1.91,1.5769488503967646,18.06,1.5751863766590046,5.0,0.0,20.29,3.1632198146761143,4.058,0.632643962935223,1.0145,0.15816099073380574,0.0,0.0
4,579.0,579.0,100,2.22,2.2499382707581606,0.0974304032454187,0.09020042857220054,0.957562779497764,0.049639021022270656,0.05735267309180353,0.08057138906357217,0.00047619047619047586,0.004761904761904758,4.97,0.17144660799776532,1.1,1.0,3.9,1.0,0.0,0.0,1.93,1.5779733838059502,1.91,1.5769488503967646,18.07,1.5779733838059502,5.0,0.0,20.29,3.1632198146761143,4.058,0.632643962935223,1.0145,0.15816099073380574,0.0,0.0
4,580.0,580.0,100,2.22,2.2499382707581606,0.0974304032454187,0.09020042857220054,0.957562779497764,0.049639021022270656,0.05735267309180353,0.08057138906357217,0.0,0.0,4.97,0.17144660799776532,1.1,1.0,3.9,1.0,0.0,0.0,1.93,1.5779733838059502,1.91,1.5769488503967646,18.07,1.5779733838059502,5.0,0.0,20.29,3.1632198146761143,4.058,0.632643962935223,1.0145,0.15816099073380574,0.0,0.0
4,581.0,581.0,100,2.21,2.257624567298267,0.09690408745594502,0.09061705762525997,0.9580890952872377,0.04980857298178677,0.05735267309180353,0.08057138906357217,0.000526315789473684,0.005263157894736839,4.97,0.17144660799776532,1.09,1.0059921480907303,3.91,1.0059921480907303,0.0,0.0,1.92,1.5806915760469717,1.91,1.5769488503967646,18.08,1.5806915760469717,5.0,0.0,20.29,3.1632198146761143,4.058,0.632643962935223,1.0145,0.15816099073380574,0.0,0.0
4,582.0,582.0,100,2.2,2.242833705450101,0.09646930484724937,0.08992405606609484,0.9585890952872377,0.04895623594754234,0.05735267309180353,0.08057138906357217,0.000434782608695653,0.0043478260869565305,4.97,0.17144660799776532,1.09,1.0059921480907303,3.91,1.0059921480907303,0.0,0.0,1.91,1.5769488503967646,1.9,1.5666989036012806,18.09,1.5769488503967648,5.0,0.0,20.29,3.1632198146761143,4.058,0.632643962935223,1.0145,0.15816099073380574,0.0,0.0
4,583.0,583.0,100,2.2,2.242833705450101,0.09646930484724937,0.08992405606609484,0.9585890952872377,0.04895623594754234,0.05735267309180353,0.08057138906357217,0.0,0.0,4.97,0.17144660799776532,1.09,1.0059921480907303,3.91,1.0059921480907303,0.0,0.0,1.91,1.5769488503967646,1.9,1.5666989036012806,18.09,1.5769488503967648,5.0,0.0,20.29,3.1632198146761143,4.058,0.632643962935223,1.0145,0.15816099073380574,0.0,0.0
4,584.0,584.0,100,2.2,2.242833705450101,0.09646930484724937,0.08992405606609484,0.9585890952872377,0.04895623594754234,0.05735267309180353,0.08057138906357217,0.0,0.0,4.97,0.17144660799776532,1.09,1.0059921480907303,3.91,1.0059921480907303,0.0,0.0,1.91,1.5769488503967646,1.89,1.569243528750478,18.09,1.5769488503967648,5.0,0.0,20.29,3.1632198146761143,4.058,0.632643962935223,1.0145,0.15816099073380574,0.0,0.0
4,585.0,585.0,100,2.2,2.242833705450101,0.09646930484724937,0.08992405606609484,0.9585890952872377,0.04895623594754234,0.05735267309180353,0.08057138906357217,0.0,0.0,4.97,0.17144660799776532,1.09,1.0059921480907303,3.91,1.0059921480907303,0.0,0.0,1.91,1.5769488503967646,1.89,1.569243528750478,18.09,1.5769488503967648,5.0,0.0,20.29,3.1632198146761143,4.058,0.632643962935223,1.0145,0.15816099073380574,0.0,0.0
4,586.0,586.0,100,2.2,2.242833705450101,0.09646930484724937,0.08992405606609484,0.9585890952872377,0.04895623594754234,0.05735267309180353,0.08057138906357217,0.0,0.0,4.97,0.17144660799776532,1.09,1.0059921480907303,3.91,1.0059921480907303,0.0,0.0,1.91,1.5769488503967646,1.87,1.5612414122981582,18.09,1.5769488503967648,5.0,0.0,20.29,3.1632198146761143,4.058,0.632643962935223,1.0145,0.15816099073380574,0.0,0.0
4,587.0,587.0,100,2.19,2.232428582001533,0.0959931143710589,0.08929035397124804,0.9590890952872377,0.04755546270209966,0.05735267309180353,0.08057138906357217,0.00047619047619047586,0.004761904761904759,4.97,0.17144660799776532,1.09,1.0059921480907303,3.91,1.0059921480907303,0.0,0.0,1.9,1.5666989036012806,1.87,1.5612414122981582,18.1,1.5666989036012808,5.0,0.0,20.29,3.1632198146761143,4.058,0.632643962935223,1.0145,0.15816099073380574,0.0,0.0
4,588.0,588.0,100,2.18,2.240039682188192,0.09546679858158519,0.0897026917797132,0.9596154110767113,0.04771541355027964,0.05735267309180353,0.08057138906357217,0.000526315789473684,0.005263157894736839,4.97,0.17144660799776532,1.08,1.0118489926062997,3.92,1.0118489926062997,0.0,0.0,1.89,1.569243528750478,1.86,1.5700479308131026,18.11,1.5692435287504787,5.0,0.0,20.29,3.1632198146761143,4.058,0.632643962935223,1.0145,0.15816099073380574,0.0,0.0
4,589.0,589.0,100,2.18,2.240039682188192,0.09546679858158519,0.0897026917797132,0.9596154110767113,0.04771541355027964,0.05735267309180353,0.08057138906357217,0.0,0.0,4.97,0.17144660799776532,1.08,1.0118489926062997,3.92,1.0118489926062997,0.0,0.0,1.89,1.569243528750478,1.86,1.5700479308131026,18.11,1.5692435287504787,5.0,0.0,20.29,3.1632198146761143,4.058,0.632643962935223,1.0145,0.15816099073380574,0.0,0.0
4,590.0,590.0,100,2.17,2.24308139429093,0.09494048279211151,0.089798984544347,0.960141726866185,0.04728084665265424,0.05735267309180353,0.08057138906357217,0.000526315789473684,0.0052631578947368385,4.97,0.17144660799776532,1.08,1.0118489926062997,3.92,1.0118489926062997,0.0,0.0,1.88,1.565279850410466,1.86,1.5700479308131026,18.12,1.5652798504104664,5.0,0.0,20.29,3.1632198146761143,4.058,0.632643962935223,1.0145,0.15816099073380574,0.0,0.0
4,591.0,591.0,100,2.17,2.24308139429093,0.09494048279211151,0.089798984544347,0.960141726866185,0.04728084665265424,0.05735267309180353,0.08057138906357217,0.0,0.0,4.97,0.17144660799776532,1.08,1.0118489926062997,3.92,1.0118489926062997,0.0,0.0,1.88,1.565279850410466,1.86,1.5700479308131026,18.12,1.5652798504104664,5.0,0.0,20.29,3.1632198146761143,4.058,0.632643962935223,1.0145,0.15816099073380574,0.0,0.0
4,592.0,592.0,100,2.17,2.24308139429093,0.09494048279211151,0.089798984544347,0.960141726866185,0.04728084665265424,0.05735267309180353,0.08057138906357217,0.0,0.0,4.97,0.17144660799776532,1.08,1.0118489926062997,3.92,1.0118489926062997,0.0,0.0,1.88,1.565279850410466,1.85,1.559428799855313,18.12,1.5652798504104664,5.0,0.0,20.29,3.1632198146761143,4.058,0.632643962935223,1.0145,0.15816099073380574,0.0,0.0
4,593.0,593.0,100,2.17,2.24308139429093,0.09494048279211151,0.089798984544347,0.960141726866185,0.04728084665265424,0.05735267309180353,0.08057138906357217,0.0,0.0,4.97,0.17144660799776532,1.08,1.0118489926062997,3.92,1.0118489926062997,0.0,0.0,1.88,1.565279850410466,1.85,1.559428799855313,18.12,1.5652798504104664,5.0,0.0,20.29,3.1632198146761143,4.058,0.632643962935223,1.0145,0.15816099073380574,0.0,0.0
4,594.0,594.0,100,2.17,2.24308139429093,0.09494048279211151,0.089798984544347,0.960141726866185,0.04728084665265424,0.05735267309180353,0.08057138906357217,0.0,0.0,4.97,0.17144660799776532,1.08,1.0118489926062997,3.92,1.0118489926062997,0.0,0.0,1.88,1.565279850410466,1.85,1.559428799855313,18.12,1.5652798504104664,5.0,0.0,20.29,3.1632198146761143,4.058,0.632643962935223,1.0145,0.15816099073380574,0.0,0.0
4,595.0,595.0,100,2.17,2.24308139429093,0.09494048279211151,0.089798984544347,0.960141726866185,0.04728084665265424,0.05735267309180353,0.08057138906357217,0.0,0.0,4.97,0.17144660799776532,1.08,1.0118489926062997,3.92,1.0118489926062997,0.0,0.0,1.88,1.565279850410466,1.85,1.559428799855313,18.12,1.5652798504104664,5.0,0.0,20.29,3.1632198146761143,4.058,0.632643962935223,1.0145,0.15816099073380574,0.0,0.0
4,596.0,596.0,100,2.16,2.2325416959695117,0.09448593733756606,0.08923565189798364,0.9606417268661851,0.04635972595507875,0.05735267309180353,0.08057138906357217,0.00045454545454545417,0.004545454545454543,4.97,0.17144660799776532,1.07,1.0075974023649155,3.93,1.0075974023649152,0.0,0.0,1.87,1.5612414122981582,1.85,1.559428799855313,18.13,1.5612414122981586,5.0,0.0,20.29,3.1632198146761143,4.058,0.632643962935223,1.0145,0.15816099073380574,0.0,0.0
4,597.0,597.0,100,2.16,2.2325416959695117,0.09448593733756606,0.08923565189798364,0.9606417268661851,0.04635972595507875,0.05735267309180353,0.08057138906357217,0.0,0.0,4.97,0.17144660799776532,1.07,1.0075974023649155,3.93,1.0075974023649152,0.0,0.0,1.87,1.5612414122981582,1.85,1.559428799855313,18.13,1.5612414122981586,5.0,0.0,20.29,3.1632198146761143,4.058,0.632643962935223,1.0145,0.15816099073380574,0.0,0.0
4,598.0,598.0,100,2.15,2.235503242555185,0.09400974686137559,0.08935856830766525,0.961141726866185,0.04651316987234099,0.05735267309180353,0.08057138906357217,0.00047619047619047603,0.004761904761904761,4.97,0.17144660799776532,1.06,1.0032271160931838,3.94,1.0032271160931836,0.0,0.0,1.86,1.5700479308131026,1.84,1.568116672633098,18.14,1.570047930813103,5.0,0.0,20.29,3.1632198146761143,4.058,0.632643962935223,1.0145,0.15816099073380574,0.0,0.0
4,599.0,599.0,100,2.15,2.235503242555185,0.09400974686137559,0.08935856830766525,0.961141726866185,0.04651316987234099,0.05735267309180353,0.08057138906357217,0.0,0.0,4.97,0.17144660799776532,1.06,1.0032271160931838,3.94,1.0032271160931836,0.0,0.0,1.86,1.5700479308131026,1.84,1.568116672633098,18.14,1.570047930813103,5.0,0.0,20.29,3.1632198146761143,4.058,0.632643962935223,1.0145,0.15816099073380574,0.0,0.0
4,600.0,600.0,100,2.15,2.235503242555185,0.09400974686137559,0.08935856830766525,0.961141726866185,0.04651316987234099,0.05735267309180353,0.08057138906357217,0.0,0.0,4.97,0.17144660799776532,1.06,1.0032271160931838,3.94,1.0032271160931836,0.0,0.0,1.86,1.5700479308131026,1.82,1.5787733379194282,18.14,1.570047930813103,5.0,0.0,20.29,3.1632198146761143,4.058,0.632643962935223,1.0145,0.15816099073380574,0.0,0.0
6,0.0,0.0,100,20.26,4.471277583904094,1.0,0.0,0.0,0.0,0.07487762960289197,0.1019389960229893,,,0.0,0.0,5.0,0.0,0.0,0.0,0.0,0.0,20.0,0.0,0.0,0.0,0.0,0.0,5.0,0.0,20.26,4.471277583904094,4.052,0.8942555167808189,1.013,0.22356387919520473,0.0,0.0
6,1.0,1.0,100,20.26,4.471277583904094,1.0,0.0,0.0,0.0,0.07487762960289197,0.1019389960229893,0.0,0.0,0.0,0.0,5.0,0.0,0.0,0.0,0.0,0.0,20.0,0.0,20.0,0.0,0.0,0.0,5.0,0.0,20.26,4.471277583904094,4.052,0.8942555167808189,1.013,0.22356387919520473,0.0,0.0
6,2.0,2.0,100,20.26,4.471277583904094,1.0,0.0,0.0,0.0,0.07487762960289197,0.1019389960229893,0.0,0.0,0.0,0.0,5.0,0.0,0.0,0.0,0.0,0.0,20.0,0.0,20.0,0.0,0.0,0.0,5.0,0.0,20.26,4.471277583904094,4.052,0.8942555167808189,1.013,0.22356387919520473,0.0,0.0
6,3.0,3.0,100,20.26,4.471277583904094,1.0,0.0,0.0,0.0,0.07487762960289197,0.1019389960229893,0.0,0.0,0.0,0.0,5.0,0.0,0.0,0.0,0.0,0.0,20.0,0.0,20.0,0.0,0.0,0.0,5.0,0.0,20.26,4.471277583904094,4.052,0.8942555167808189,1.013,0.22356387919520473,0.0,0.0
6,4.0,4.0,100,20.26,4.471277583904094,1.0,0.0,0.0,0.0,0.07487762960289197,0.1019389960229893,0.0,0.0,0.0,0.0,5.0,0.0,0.0,0.0,0.0,0.0,20.0,0.0,20.0,0.0,0.0,0.0,5.0,0.0,20.26,4.471277583904094,4.052,0.8942555167808189,1.013,0.22356387919520473,0.0,0.0
6,5.0,5.0,100,20.26,4.471277583904094,1.0,0.0,0.0,0.0,0.07487762960289197,0.1019389960229893,0.0,0.0,0.0,0.0,5.0,0.0,0.0,0.0,0.0,0.0,20.0,0.0,20.0,0.0,0.0,0.0,5.0,0.0,20.26,4.471277583904094,4.052,0.8942555167808189,1.013,0.22356387919520473,0.0,0.0
6,6.0,6.0,100,20.26,4.471277583904094,1.0,0.0,0.0,0.0,0.07487762960289197,0.1019389960229893,0.0,0.0,0.0,0.0,5.0,0.0,0.0,0.0,0.0,0.0,20.0,0.0,20.0,0.0,0.0,0.0,5.0,0.0,20.26,4.471277583904094,4.052,0.8942555167808189,1.013,0.22356387919520473,0.0,0.0
6,7.0,7.0,100,20.26,4.471277583904094,1.0,0.0,0.0,0.0,0.07487762960289197,0.1019389960229893,0.0,0.0,0.0,0.0,5.0,0.0,0.0,0.0,0.0,0.0,20.0,0.0,20.0,0.0,0.0,0.0,5.0,0.0,20.26,4.471277583904094,4.052,0.8942555167808189,1.013,0.22356387919520473,0.0,0.0
6,8.0,8.0,100,20.26,4.471277583904094,1.0,0.0,0.0,0.0,0.07487762960289197,0.1019389960229893,0.0,0.0,0.0,0.0,5.0,0.0,0.0,0.0,0.0,0.0,20.0,0.0,20.0,0.0,0.0,0.0,5.0,0.0,20.26,4.471277583904094,4.052,0.8942555167808189,1.013,0.22356387919520473,0.0,0.0
6,9.0,9.0,100,20.26,4.471277583904094,1.0,0.0,0.0,0.0,0.07487762960289197,0.1019389960229893,0.0,0.0,0.0,0.0,5.0,0.0,0.0,0.0,0.0,0.0,20.0,0.0,20.0,0.0,0.0,0.0,5.0,0.0,20.26,4.471277583904094,4.052,0.8942555167808189,1.013,0.22356387919520473,0.0,0.0
6,10.0,10.0,100,20.26,4.471277583904094,1.0,0.0,0.0,0.0,0.07487762960289197,0.1019389960229893,0.0,0.0,0.0,0.0,5.0,0.0,0.0,0.0,0.0,0.0,20.0,0.0,20.0,0.0,0.0,0.0,5.0,0.0,20.26,4.471277583904094,4.052,0.8942555167808189,1.013,0.22356387919520473,0.0,0.0
6,11.0,11.0,100,20.26,4.471277583904094,1.0,0.0,0.0,0.0,0.07487762960289197,0.1019389960229893,0.0,0.0,0.0,0.0,5.0,0.0,0.0,0.0,0.0,0.0,20.0,0.0,20.0,0.0,0.0,0.0,5.0,0.0,20.26,4.471277583904094,4.052,0.8942555167808189,1.013,0.22356387919520473,0.0,0.0
6,12.0,12.0,100,20.26,4.471277583904094,1.0,0.0,0.0,0.0,0.07487762960289197,0.1019389960229893,0.0,0.0,0.0,0.0,5.0,0.0,0.0,0.0,0.0,0.0,20.0,0.0,20.0,0.0,0.0,0.0,5.0,0.0,20.26,4.471277583904094,4.052,0.8942555167808189,1.013,0.22356387919520473,0.0,0.0
6,13.0,13.0,100,20.26,4.471277583904094,1.0,0.0,0.0,0.0,0.07487762960289197,0.1019389960229893,0.0,0.0,0.0,0.0,5.0,0.0,0.0,0.0,0.0,0.0,20.0,0.0,20.0,0.0,0.0,0.0,5.0,0.0,20.26,4.471277583904094,4.052,0.8942555167808189,1.013,0.22356387919520473,0.0,0.0
6,14.0,14.0,100,20.26,4.471277583904094,1.0,0.0,0.0,0.0,0.07487762960289197,0.1019389960229893,0.0,0.0,0.0,0.0,5.0,0.0,0.0,0.0,0.0,0.0,20.0,0.0,19.99,0.1,0.0,0.0,5.0,0.0,20.26,4.471277583904094,4.052,0.8942555167808189,1.013,0.22356387919520473,0.0,0.0
6,15.0,15.0,100,20.26,4.471277583904094,1.0,0.0,0.0,0.0,0.07487762960289197,0.1019389960229893,0.0,0.0,0.0,0.0,5.0,0.0,0.0,0.0,0.0,0.0,20.0,0.0,19.88,0.40898988651643653,0.0,0.0,5.0,0.0,20.26,4.471277583904094,4.052,0.8942555167808189,1.013,0.22356387919520473,0.0,0.0
6,16.0,16.0,100,20.26,4.471277583904094,1.0,0.0,0.0,0.0,0.07487762960289197,0.1019389960229893,0.0,0.0,0.0,0.0,5.0,0.0,0.0,0.0,0.0,0.0,20.0,0.0,19.67,0.7255092255537731,0.0,0.0,5.0,0.0,20.26,4.471277583904094,4.052,0.8942555167808189,1.013,0.22356387919520473,0.0,0.0
6,17.0,17.0,100,20.26,4.471277583904094,1.0,0.0,0.0,0.0,0.07487762960289197,0.1019389960229893,0.0,0.0,0.0,0.0,5.0,0.0,0.0,0.0,0.0,0.0,20.0,0.0,19.39,0.9089343299499781,0.0,0.0,5.0,0.0,20.26,4.471277583904094,4.052,0.8942555167808189,1.013,0.22356387919520473,0.0,0.0
6,18.0,18.0,100,20.26,4.471277583904094,1.0,0.0,0.0,0.0,0.07487762960289197,0.1019389960229893,0.0,0.0,0.0,0.0,5.0,0.0,0.0,0.0,0.0,0.0,20.0,0.0,19.05,1.200799397034822,0.0,0.0,5.0,0.0,20.26,4.471277583904094,4.052,0.8942555167808189,1.013,0.22356387919520473,0.0,0.0
6,19.0,19.0,100,20.26,4.471277583904094,1.0,0.0,0.0,0.0,0.07487762960289197,0.1019389960229893,0.0,0.0,0.0,0.0,5.0,0.0,0.0,0.0,0.0,0.0,20.0,0.0,18.7,1.3595899560105797,0.0,0.0,5.0,0.0,20.26,4.471277583904094,4.052,0.8942555167808189,1.013,0.22356387919520473,0.0,0.0
6,20.0,20.0,100,20.26,4.471277583904094,1.0,0.0,0.0,0.0,0.07487762960289197,0.1019389960229893,0.0,0.0,0.0,0.0,5.0,0.0,0.0,0.0,0.0,0.0,20.0,0.0,18.34,1.4299819875958184,0.0,0.0,5.0,0.0,20.26,4.471277583904094,4.052,0.8942555167808189,1.013,0.22356387919520473,0.0,0.0
6,21.0,21.0,100,20.26,4.471277583904094,1.0,0.0,0.0,0.0,0.07487762960289197,0.1019389960229893,0.0,0.0,0.0,0.0,5.0,0.0,0.0,0.0,0.0,0.0,20.0,0.0,18.1,1.4389951600707593,0.0,0.0,5.0,0.0,20.26,4.471277583904094,4.052,0.8942555167808189,1.013,0.22356387919520473,0.0,0.0
6,22.0,22.0,100,20.26,4.471277583904094,1.0,0.0,0.0,0.0,0.07487762960289197,0.1019389960229893,0.0,0.0,0.0,0.0,5.0,0.0,0.0,0.0,0.0,0.0,20.0,0.0,17.81,1.502153336535471,0.0,0.0,5.0,0.0,20.26,4.471277583904094,4.052,0.8942555167808189,1.013,0.22356387919520473,0.0,0.0
6,23.0,23.0,100,20.26,4.471277583904094,1.0,0.0,0.0,0.0,0.07487762960289197,0.1019389960229893,0.0,0.0,0.0,0.0,5.0,0.0,0.0,0.0,0.0,0.0,20.0,0.0,17.48,1.579413009489746,0.0,0.0,5.0,0.0,20.26,4.471277583904094,4.052,0.8942555167808189,1.013,0.22356387919520473,0.0,0.0
6,24.0,24.0,100,20.25,4.488762624486831,0.9992307692307691,0.007692307692307684,0.0007692307692307692,0.00769230769230769,0.07487762960289197,0.1019389960229893,0.0007692307692307676,0.007692307692307674,0.01,0.09999999999999999,5.0,0.0,0.0,0.0,0.0,0.0,19.99,0.1,17.13,1.6121696278899778,0.01,0.09999999999999999,5.0,0.0,20.26,4.471277583904094,4.052,0.8942555167808189,1.013,0.22356387919520473,0.0,0.0
6,25.0,25.0,100,20.17,4.481285439683482,0.9953162645983114,0.015412192343056323,0.005064337408377656,0.01638407976127569,0.07487762960289197,0.1019389960229893,0.003914504632457925,0.013581134763642314,0.09,0.2876234912646613,4.99,0.09999999999999994,0.01,0.09999999999999999,0.0,0.0,19.91,0.28762349126466147,16.84,1.6374407229613295,0.09,0.2876234912646613,5.0,0.0,20.26,4.471277583904094,4.052,0.8942555167808189,1.013,0.22356387919520473,0.0,0.0
6,26.0,26.0,100,20.01,4.553819575617014,0.986454894556917,0.027780874699033193,0.014225406301644691,0.028771464087197475,0.07487762960289197,0.1019389960229893,0.00886137004139427,0.020943574016913016,0.22,0.4163331998932265,4.97,0.1714466079977653,0.03,0.1714466079977653,0.0,0.0,19.75,0.5000000000000007,16.64,1.6423683318225961,0.25,0.5,5.0,0.0,20.26,4.471277583904094,4.052,0.8942555167808189,1.013,0.22356387919520473,0.0,0.0
6,27.0,27.0,100,19.77,4.561266437641142,0.9743014569096394,0.038640493586850955,0.027307793642545965,0.03955317667348045,0.07487762960289197,0.1019389960229893,0.012153437647277667,0.023960720798202984,0.4,0.49236596391733095,4.92,0.2726599243442907,0.06,0.23868325657594205,0.02,0.1407052941362897,19.49,0.717670192393766,16.3,1.7609685122142589,0.51,0.717670192393766,5.0,0.0,20.26,4.471277583904094,4.052,0.8942555167808189,1.013,0.22356387919520473,0.0,0.0
6,28.0,28.0,100,19.48,4.571497113483269,0.9599364354666262,0.053949362064022746,0.043048161719601345,0.056738832697427306,0.07487762960289197,0.1019389960229893,0.014365021443013102,0.028420588547927065,0.5,0.502518907629606,4.88,0.32659863237109055,0.08,0.2726599243442907,0.04,0.19694638556693236,19.18,1.0766577539738036,16.02,1.9435466902993965,0.82,1.0766577539738051,5.0,0.0,20.26,4.471277583904094,4.052,0.8942555167808189,1.013,0.22356387919520473,0.0,0.0
6,29.0,29.0,100,19.19,4.587411408882294,0.9449221986869938,0.059662787979938625,0.05931897565798495,0.06316714550078037,0.07487762960289197,0.1019389960229893,0.015014236779632525,0.026559832581145637,0.61,0.49020713000019717,4.83,0.3775251680686368,0.13,0.3379976689896312,0.04,0.19694638556693236,18.89,1.1711601776085805,15.79,1.9760945055714052,1.11,1.1711601776085803,5.0,0.0,20.26,4.471277583904094,4.052,0.8942555167808189,1.013,0.22356387919520473,0.0,0.0
6,30.0,30.0,100,18.85,4.557987771511956,0.9282502456372971,0.06541433326606917,0.07742257175229311,0.07015721304545372,0.07487762960289197,0.1019389960229893,0.0166719530496966,0.026243196126826917,0.73,0.44619604333847374,4.76,0.42923469599092795,0.18,0.3861229196653691,0.06,0.23868325657594205,18.48,1.4104945762018901,15.54,1.9301959915139624,1.52,1.41049457620189,5.0,0.0,20.26,4.471277583904094,4.052,0.8942555167808189,1.013,0.22356387919520473,0.0,0.0
6,31.0,31.0,100,18.55,4.5112093834148395,0.9137107977126006,0.07134719222449058,0.09380591368555764,0.07813526915709795,0.07487762960289197,0.1019389960229893,0.014539447924696615,0.029249013171800686,0.79,0.40936018074033237,4.72,0.45126085985421305,0.18,0.3861229196653691,0.1,0.30151134457776363,18.14,1.5764683711551353,15.22,2.0179998097926655,1.86,1.5764683711551353,5.0,0.0,20.26,4.471277583904094,4.052,0.8942555167808189,1.013,0.22356387919520473,0.0,0.0
6,32.0,32.0,100,18.3,4.5405023528417665,0.9001465689686057,0.07207230180538979,0.10822450751862517,0.07802794235556877,0.07487762960289197,0.1019389960229893,0.01356422874399478,0.026739556094439364,0.85,0.35887028128263665,4.61,0.49020713000019717,0.25,0.4351941398892446,0.14,0.34873508801977704,17.83,1.5702730895476666,15.1,1.9720265943665387,2.17,1.5702730895476666,5.0,0.0,20.26,4.471277583904094,4.052,0.8942555167808189,1.013,0.22356387919520473,0.0,0.0
6,33.0,33.0,100,18.03,4.361111432799319,0.8882435834883344,0.07133407802692479,0.12213416524136339,0.0794890261431776,0.07487762960289197,0.1019389960229893,0.011902985480271378,0.022905995650176734,0.91,0.37859388972001834,4.58,0.4960449637488585,0.26,0.44084400227680803,0.16,0.36845294917747073,17.6,1.5504968249049733,15.1,2.057261099696203,2.4,1.5504968249049733,5.0,0.0,20.26,4.471277583904094,4.052,0.8942555167808189,1.013,0.22356387919520473,0.0,0.0
6,34.0,34.0,100,17.74,4.253625904253138,0.8743914333295899,0.07018916840176473,0.13751750717462793,0.07895447534865505,0.07487762960289197,0.1019389960229893,0.013852150158744424,0.027457395630070724,0.97,0.361114996094098,4.5,0.502518907629606,0.44,0.49888765156985876,0.06,0.23868325657594203,17.41,1.551115597226589,15.05,2.175970699446223,2.59,1.5511155972265882,5.0,0.0,20.26,4.471277583904094,4.052,0.8942555167808189,1.013,0.22356387919520473,0.0,0.0
6,35.0,35.0,100,17.57,4.259878596458549,0.865639501708135,0.07199162763657098,0.14715231109619656,0.0826477887550633,0.07487762960289197,0.1019389960229893,0.008751931621454946,0.024077004220248815,1.04,0.39999999999999997,4.46,0.5009082659620331,0.44,0.49888765156985887,0.1,0.30151134457776363,17.15,1.6291225871739679,15.02,2.2382352355588035,2.85,1.6291225871739685,5.0,0.0,20.26,4.471277583904094,4.052,0.8942555167808189,1.013,0.22356387919520473,0.0,0.0
6,36.0,36.0,100,17.42,4.2263722294921235,0.8583388534371307,0.07124007724563769,0.15494449375873523,0.08092969743241794,0.07487762960289197,0.1019389960229893,0.007300648271004312,0.01890864986014431,1.07,0.3828389433765282,4.46,0.5009082659620331,0.43,0.497569851956243,0.11,0.3144660377352201,17.03,1.5792531158875083,14.99,2.2940194533885836,2.97,1.5792531158875083,5.0,0.0,20.26,4.471277583904094,4.052,0.8942555167808189,1.013,0.22356387919520473,0.0,0.0
6,37.0,37.0,100,17.21,4.290687590584986,0.8469987195291209,0.07928333270354444,0.16698405344225775,0.08734906643153138,0.07487762960289197,0.1019389960229893,0.011340133908009798,0.02881773748749966,1.15,0.4351941398892446,4.43,0.4975698519562429,0.5,0.5025189076296062,0.07,0.25643239997624284,16.87,1.618422976014901,14.89,2.251352006814096,3.13,1.6184229760149011,5.0,0.0,20.26,4.471277583904094,4.052,0.8942555167808189,1.013,0.22356387919520473,0.0,0.0
6,38.0,38.0,100,17.01,4.200757507445965,0.8378636432763976,0.08053103494282496,0.17747098154683294,0.08959027016488531,0.07487762960289197,0.1019389960229893,0.009135076252723312,0.022776491736531033,1.21,0.47768380565162377,4.39,0.5103969538555756,0.56,0.5187397315522584,0.05,0.2190429135575903,16.69,1.6978596151411554,14.75,2.345746203775092,3.31,1.6978596151411556,5.0,0.0,20.26,4.471277583904094,4.052,0.8942555167808189,1.013,0.22356387919520473,0.0,0.0
6,39.0,39.0,100,16.84,4.2156993740210185,0.8291855289083518,0.08259717750537685,0.18659963651759315,0.09080043816318785,0.07487762960289197,0.1019389960229893,0.008678114368045718,0.023703199940190482,1.26,0.5049252369900864,4.34,0.5167888418597164,0.64,0.5226196639347903,0.02,0.1407052941362897,16.55,1.7254775360093006,14.78,2.2544232615957998,3.45,1.7254775360093006,5.0,0.0,20.26,4.471277583904094,4.052,0.8942555167808189,1.013,0.22356387919520473,0.0,0.0
6,40.0,40.0,100,16.59,4.311354517756313,0.8155673619709932,0.0899505250148225,0.2008648075780429,0.09636101522006961,0.07487762960289197,0.1019389960229893,0.013618166937358615,0.028737943852693647,1.35,0.5388914922357193,4.29,0.5558685986722932,0.66,0.5545040554177648,0.05,0.21904291355759034,16.28,1.8150882773423052,14.62,2.264258970804507,3.72,1.8150882773423045,5.0,0.0,20.26,4.471277583904094,4.052,0.8942555167808189,1.013,0.22356387919520473,0.0,0.0
6,41.0,41.0,100,16.43,4.369903958448126,0.8070766757693231,0.09655193903198506,0.20988354760994082,0.1026825433309922,0.07487762960289197,0.1019389960229893,0.008490686201670183,0.02225177650414219,1.39,0.5485518124198394,4.25,0.5924610544247622,0.66,0.5167888418597165,0.09,0.2876234912646613,16.06,2.0391125025313817,14.42,2.362074075763489,3.94,2.0391125025313825,5.0,0.0,20.26,4.471277583904094,4.052,0.8942555167808189,1.013,0.22356387919520473,0.0,0.0
6,42.0,42.0,100,16.27,4.371290635290888,0.7985647455698929,0.09685548133041849,0.2189946587210519,0.10265751534705554,0.07487762960289197,0.1019389960229893,0.008511930199430202,0.02047544439336857,1.46,0.5397343154859909,4.21,0.5910955416799719,0.73,0.5478147589295218,0.06,0.23868325657594205,15.94,1.9990907023853708,14.31,2.3897719767814882,4.06,1.9990907023853712,5.0,0.0,20.26,4.471277583904094,4.052,0.8942555167808189,1.013,0.22356387919520473,0.0,0.0
6,43.0,43.0,100,16.19,4.3662965376329455,0.7946027943452129,0.09842180546118665,0.22333895696666595,0.10448295984320889,0.07487762960289197,0.1019389960229893,0.003961951224680058,0.013875280934267924,1.47,0.5403889358787816,4.2,0.603022689155527,0.77,0.5835281060112278,0.03,0.17144660799776532,15.9,1.9974731512335762,14.25,2.2802401078603434,4.1,1.9974731512335755,5.0,0.0,20.26,4.471277583904094,4.052,0.8942555167808189,1.013,0.22356387919520473,0.0,0.0
6,44.0,44.0,100,16.06,4.3480403109279635,0.7880167299922821,0.10144279316829147,0.2306959322926815,0.10780845852494757,0.07487762960289197,0.1019389960229893,0.006586064352930688,0.01979979071613855,1.48,0.5408560367835902,4.17,0.6204429828352439,0.81,0.6307763374436203,0.02,0.14070529413628968,15.78,2.022999073782599,14.11,2.322028893407268,4.22,2.0229990737825987,5.0,0.0,20.26,4.471277583904094,4.052,0.8942555167808189,1.013,0.22356387919520473,0.0,0.0
6,45.0,45.0,100,15.88,4.318810161621046,0.7790725187783727,0.10325762480617418,0.24046811229705967,0.1097959072593042,0.07487762960289197,0.1019389960229893,0.008944211213909361,0.021233845167467374,1.54,0.5206833117271104,4.14,0.619872909750397,0.85,0.6092717958449424,0.01,0.1,15.61,2.0493655091025094,14.04,2.304672460788116,4.39,2.0493655091025103,5.0,0.0,20.26,4.471277583904094,4.052,0.8942555167808189,1.013,0.22356387919520473,0.0,0.0
6,46.0,46.0,100,15.72,4.278392976883548,0.7716387554012271,0.10535982772821181,0.24877856981339952,0.112755327488633,0.07487762960289197,0.1019389960229893,0.007433763377145725,0.02043054029441052,1.59,0.5143398239932959,4.12,0.6400757530925298,0.85,0.625630994607957,0.03,0.17144660799776532,15.42,2.123366870959154,13.95,2.3022825739915267,4.58,2.1233668709591536,5.0,0.0,20.26,4.471277583904094,4.052,0.8942555167808189,1.013,0.22356387919520473,0.0,0.0
6,47.0,47.0,100,15.58,4.257328796892306,0.7651113008996306,0.10705254379093386,0.255942312503458,0.11481798606197545,0.07487762960289197,0.1019389960229893,0.00652745450159638,0.016431490927890324,1.64,0.5029207620781756,4.09,0.6371495868001452,0.89,0.6178326405404393,0.02,0.1407052941362897,15.29,2.189483588392109,13.8,2.331167826292958,4.71,2.189483588392109,5.0,0.0,20.26,4.471277583904094,4.052,0.8942555167808189,1.013,0.22356387919520473,0.0,0.0
6,48.0,48.0,100,15.41,4.214201579124443,0.7570602358175317,0.10670256915757623,0.26484152130978755,0.11533909287168877,0.07487762960289197,0.1019389960229893,0.008051065082098869,0.018978340337448857,1.68,0.4898979485566355,4.06,0.648541487189571,0.9,0.6113406364191518,0.04,0.19694638556693242,15.11,2.251352006814096,13.64,2.38903217799065,4.89,2.251352006814096,5.0,0.0,20.26,4.471277583904094,4.052,0.8942555167808189,1.013,0.22356387919520473,0.0,0.0
6,49.0,49.0,100,15.25,4.166666666666667,0.7494025272619972,0.10450644633530011,0.27325818797645424,0.11409563484842977,0.07487762960289197,0.1019389960229893,0.00765770855553464,0.0179408684145024,1.73,0.468287229478799,4.04,0.6500971178418364,0.96,0.6500971178418364,0.0,0.0,14.99,2.2133433734712042,13.53,2.4014095187551154,5.01,2.213343373471204,5.0,0.0,20.26,4.471277583904094,4.052,0.8942555167808189,1.013,0.22356387919520473,0.0,0.0
6,50.0,50.0,100,15.16,4.162652611938303,0.7445557216916141,0.10314199491468903,0.27826016596063036,0.1115286596819223,0.07487762960289197,0.1019389960229893,0.004846805570383023,0.015675246374748937,1.75,0.4351941398892447,4.03,0.6583573068132101,0.97,0.6583573068132101,0.0,0.0,14.9,2.1579077034399905,13.36,2.504621990067824,5.1,2.157907703439991,5.0,0.0,20.26,4.471277583904094,4.052,0.8942555167808189,1.013,0.22356387919520473,0.0,0.0
6,51.0,51.0,100,14.96,4.082284961274813,0.7349768956604248,0.10182643373624783,0.28889759286121514,0.11010055501828617,0.07487762960289197,0.1019389960229893,0.00957882603118932,0.02400774125835833,1.81,0.39427724440366246,3.99,0.6589707309451794,0.99,0.6434597143880912,0.02,0.1407052941362897,14.68,2.1596857234890505,13.18,2.6982223852759133,5.32,2.1596857234890505,5.0,0.0,20.26,4.471277583904094,4.052,0.8942555167808189,1.013,0.22356387919520473,0.0,0.0
6,52.0,52.0,100,14.81,4.084202133918823,0.7274303486064508,0.10320250544299095,0.297180737777874,0.11265107462813576,0.07487762960289197,0.1019389960229893,0.007546547053974031,0.021601075066404286,1.86,0.37658754867650873,3.96,0.6654534415180997,1.03,0.6583573068132103,0.01,0.09999999999999999,14.54,2.2084319589183,13.07,2.7423170914945323,5.46,2.2084319589182995,5.0,0.0,20.26,4.471277583904094,4.052,0.8942555167808189,1.013,0.22356387919520473,0.0,0.0
6,53.0,53.0,100,14.62,3.989329201099788,0.718140625139364,0.10240097340684032,0.3078298196901138,0.11311981490716387,0.07487762960289197,0.1019389960229893,0.009289723467086763,0.02264394827303248,1.93,0.35547663265485724,3.94,0.6789772463124967,1.04,0.6654534415180997,0.02,0.14070529413628968,14.34,2.2212017859117106,12.98,2.696724537716679,5.66,2.2212017859117106,5.0,0.0,20.26,4.471277583904094,4.052,0.8942555167808189,1.013,0.22356387919520473,0.0,0.0
6,54.0,54.0,100,14.44,4.041001975958064,0.7085249015481827,0.10519977850671057,0.3179606267485524,0.11539527552130086,0.07487762960289197,0.1019389960229893,0.009615723591181255,0.02713616445532061,1.98,0.40151229272853056,3.88,0.7003606574508952,1.09,0.6976873775321413,0.03,0.17144660799776532,14.14,2.2786669858325577,12.85,2.7938424357067015,5.86,2.278666985832557,5.0,0.0,20.26,4.471277583904094,4.052,0.8942555167808189,1.013,0.22356387919520473,0.0,0.0
6,55.0,55.0,100,14.27,4.054813824519585,0.6997278095140197,0.10644565901480633,0.32736728441836804,0.11619555306013725,0.07487762960289197,0.1019389960229893,0.00879709203416297,0.026068642359641278,2.05,0.4578165130223676,3.84,0.6922368952836299,1.12,0.6857864319910612,0.04,0.19694638556693242,13.96,2.352389715531287,12.79,2.8187503499518254,6.04,2.3523897155312876,5.0,0.0,20.26,4.471277583904094,4.052,0.8942555167808189,1.013,0.22356387919520473,0.0,0.0
6,56.0,56.0,100,14.16,4.0395019194915305,0.6940631780601829,0.10955653616039464,0.33365671720780077,0.11865480898902406,0.07487762960289197,0.1019389960229893,0.00566463145383685,0.017133551391188204,2.07,0.4768372231419621,3.81,0.720479638220893,1.18,0.7160497697278261,0.01,0.1,13.89,2.304562887189261,12.71,2.78268455512538,6.11,2.304562887189261,5.0,0.0,20.26,4.471277583904094,4.052,0.8942555167808189,1.013,0.22356387919520473,0.0,0.0
6,57.0,57.0,100,14.03,4.083608525049701,0.6870030249178316,0.11416717474597776,0.3410870168702986,0.12249390190589028,0.07487762960289197,0.1019389960229893,0.007060153142351287,0.02023187034553282,2.09,0.4943110704237103,3.79,0.7288430017583492,1.18,0.7300200633744889,0.03,0.1714466079977653,13.74,2.3511011819308765,12.67,2.7672507598113993,6.26,2.3511011819308774,5.0,0.0,20.26,4.471277583904094,4.052,0.8942555167808189,1.013,0.22356387919520473,0.0,0.0
6,58.0,58.0,100,13.87,4.125934237640408,0.6787640168584675,0.11709693343804232,0.34974031064394845,0.12479810159072868,0.07487762960289197,0.1019389960229893,0.008239008059364094,0.021848964045032147,2.15,0.47937248544110234,3.77,0.7365631354644709,1.21,0.7425726505966548,0.02,0.1407052941362897,13.58,2.3706113093035683,12.51,2.8301943396169804,6.42,2.370611309303569,5.0,0.0,20.26,4.471277583904094,4.052,0.8942555167808189,1.013,0.22356387919520473,0.0,0.0
6,59.0,59.0,100,13.77,4.128871002777365,0.6737394900780584,0.11742172657670163,0.35513410149362157,0.12493172984142228,0.07487762960289197,0.1019389960229893,0.005024526780409133,0.015396519949002372,2.18,0.4579268169663901,3.75,0.7436600722307894,1.23,0.722719331637969,0.02,0.1407052941362897,13.49,2.397368085499959,12.43,2.8471321739886988,6.51,2.397368085499959,5.0,0.0,20.26,4.471277583904094,4.052,0.8942555167808189,1.013,0.22356387919520473,0.0,0.0
6,60.0,60.0,100,13.63,4.138157009387565,0.6667518861700985,0.11857048332507954,0.3626762841561603,0.12659833067225917,0.07487762960289197,0.1019389960229893,0.006987603907959947,0.018556841299356558,2.23,0.468287229478799,3.72,0.7664690127296391,1.27,0.7501514998500455,0.01,0.09999999999999999,13.35,2.4469110603725954,12.32,2.7848072671464204,6.65,2.446911060372595,5.0,0.0,20.26,4.471277583904094,4.052,0.8942555167808189,1.013,0.22356387919520473,0.0,0.0
6,61.0,61.0,100,13.56,4.190706408473421,0.663006017588552,0.1224785867505493,0.3666027547443956,0.13025705506529706,0.07487762960289197,0.1019389960229893,0.0037458685815463318,0.016518098794579772,2.24,0.4739688435398098,3.66,0.768311805390904,1.32,0.7369058983549415,0.02,0.14070529413628974,13.27,2.5180359509953485,12.3,2.721036641436569,6.73,2.5180359509953485,5.0,0.0,20.26,4.471277583904094,4.052,0.8942555167808189,1.013,0.22356387919520473,0.0,0.0
6,62.0,62.0,100,13.48,4.193501466013163,0.6587244210504153,0.12451833830161274,0.37138397249465366,0.13310388729071554,0.07487762960289197,0.1019389960229893,0.004281596538136786,0.015582871335200097,2.27,0.48938221207451904,3.63,0.8122173167921068,1.36,0.7979772407579534,0.01,0.09999999999999999,13.21,2.5278049726586858,12.27,2.6623260127151593,6.79,2.527804972658686,5.0,0.0,20.26,4.471277583904094,4.052,0.8942555167808189,1.013,0.22356387919520473,0.0,0.0
6,63.0,63.0,100,13.37,4.2322833343506465,0.6528169606100989,0.12625014726176048,0.3775789329349701,0.13460025271312995,0.07487762960289197,0.1019389960229893,0.005907460440316478,0.017199657761794482,2.29,0.49838121792844303,3.58,0.8062884162016777,1.4,0.7913675671030664,0.02,0.1407052941362897,13.07,2.571227745885634,12.2,2.6130983196739517,6.93,2.571227745885634,5.0,0.0,20.26,4.471277583904094,4.052,0.8942555167808189,1.013,0.22356387919520473,0.0,0.0
6,64.0,64.0,100,13.3,4.207977032621578,0.6496697383878767,0.12612307615514218,0.3812594884905256,0.13636095619267113,0.07487762960289197,0.1019389960229893,0.0031472222222222223,0.01277094770611731,2.3,0.502518907629606,3.58,0.8062884162016777,1.39,0.8027100562117272,0.03,0.1714466079977653,13.0,2.6014758825860302,12.11,2.5854878601044473,7.0,2.601475882586031,5.0,0.0,20.26,4.471277583904094,4.052,0.8942555167808189,1.013,0.22356387919520473,0.0,0.0
6,65.0,65.0,100,13.21,4.1906461496426965,0.6455758045566431,0.12631190173969986,0.38583843585894667,0.1374934170467995,0.07487762960289197,0.1019389960229893,0.0040939338312336,0.016379950895260464,2.33,0.5135536717202727,3.57,0.807227453457922,1.4,0.7913675671030664,0.03,0.1714466079977653,12.91,2.640381821179687,12.05,2.5873624493766707,7.09,2.640381821179687,5.0,0.0,20.26,4.471277583904094,4.052,0.8942555167808189,1.013,0.22356387919520473,0.0,0.0
6,66.0,66.0,100,13.12,4.193019692466771,0.6409908608210414,0.1279542945644923,0.39094050922417795,0.14005334788269216,0.07487762960289197,0.1019389960229893,0.004584943735601631,0.016496078162102495,2.37,0.525222415609412,3.53,0.834302466771258,1.44,0.8080404030302525,0.03,0.1714466079977653,12.83,2.6819825322008164,11.96,2.562038329931932,7.17,2.681982532200817,5.0,0.0,20.26,4.471277583904094,4.052,0.8942555167808189,1.013,0.22356387919520473,0.0,0.0
6,67.0,67.0,100,13.07,4.224160905260991,0.6381430565934418,0.12992121130667414,0.39385353084308194,0.14152102734058106,0.07487762960289197,0.1019389960229893,0.002847804227599623,0.012729964414411172,2.39,0.5298179599702815,3.5,0.8348471099367218,1.5,0.8348471099367217,0.0,0.0,12.81,2.695656813573579,11.95,2.559888728642381,7.19,2.6956568135735783,5.0,0.0,20.26,4.471277583904094,4.052,0.8942555167808189,1.013,0.22356387919520473,0.0,0.0
6,68.0,68.0,100,13.03,4.229418375850255,0.6360500741373014,0.12960409204662554,0.39604651329922225,0.14114361840150394,0.07487762960289197,0.1019389960229893,0.002092982456140351,0.010481571124600767,2.42,0.5352239217978271,3.49,0.8347866115772863,1.48,0.82241330021081,0.03,0.1714466079977653,12.74,2.6916256212275296,11.85,2.536102951738785,7.26,2.69162562122753,5.0,0.0,20.26,4.471277583904094,4.052,0.8942555167808189,1.013,0.22356387919520473,0.0,0.0
6,69.0,69.0,100,12.94,4.244592519496501,0.631261231699546,0.12943343359088105,0.4011159577436667,0.14093284417634222,0.07487762960289197,0.1019389960229893,0.004788842437755483,0.015616724496114696,2.45,0.5388914922357194,3.47,0.8343024667712581,1.53,0.8343024667712577,0.0,0.0,12.68,2.6963499458162006,11.79,2.5157885283131245,7.32,2.696349945816201,5.0,0.0,20.26,4.471277583904094,4.052,0.8942555167808189,1.013,0.22356387919520473,0.0,0.0
6,70.0,70.0,100,12.82,4.195668762382985,0.625415833874611,0.12779355660509553,0.40754505131091817,0.1391816631714323,0.07487762960289197,0.1019389960229893,0.0058453978249350304,0.016281297365232567,2.52,0.5408560367835904,3.47,0.8343024667712581,1.51,0.834786611577286,0.02,0.1407052941362897,12.54,2.6758176320519302,11.72,2.5229452085315933,7.46,2.6758176320519302,5.0,0.0,20.26,4.471277583904094,4.052,0.8942555167808189,1.013,0.22356387919520473,0.0,0.0
6,71.0,71.0,100,12.75,4.125248691615666,0.6222180253058859,0.12488217716575901,0.4112519226559474,0.13650977464684827,0.07487762960289197,0.1019389960229893,0.0031978085687250847,0.012992538072771329,2.54,0.5397343154859909,3.45,0.8333333333333333,1.54,0.8338786094831402,0.01,0.09999999999999999,12.48,2.6303588878303055,11.65,2.4837858038067453,7.52,2.6303588878303055,5.0,0.0,20.26,4.471277583904094,4.052,0.8942555167808189,1.013,0.22356387919520473,0.0,0.0
6,72.0,72.0,100,12.65,4.147227380973335,0.6170030618351174,0.1262008020457859,0.4166679443277741,0.13718841956182204,0.07487762960289197,0.1019389960229893,0.0052149634707684255,0.01919264309752815,2.58,0.5352239217978271,3.44,0.8447102186758212,1.53,0.8581751840181855,0.03,0.1714466079977653,12.36,2.6305124899144574,11.57,2.4914196188461943,7.64,2.630512489914457,5.0,0.0,20.26,4.471277583904094,4.052,0.8942555167808189,1.013,0.22356387919520473,0.0,0.0
6,73.0,73.0,100,12.57,4.1200544274133675,0.6130930586837349,0.12524990424544102,0.4210012776611074,0.13638058374503856,0.07487762960289197,0.1019389960229893,0.003910003151382461,0.016760702092625344,2.61,0.5298179599702816,3.44,0.8447102186758212,1.56,0.844710218675821,0.0,0.0,12.31,2.646495681828972,11.53,2.500323211430106,7.69,2.6464956818289718,5.0,0.0,20.26,4.471277583904094,4.052,0.8942555167808189,1.013,0.22356387919520473,0.0,0.0
6,74.0,74.0,100,12.45,4.038639134734132,0.6073061504075278,0.1222546815345671,0.42756027318914314,0.13395936257135227,0.07487762960289197,0.1019389960229893,0.005786908276207143,0.016459859415584234,2.68,0.4898979485566356,3.44,0.8447102186758212,1.56,0.844710218675821,0.0,0.0,12.19,2.6119190669163563,11.5,2.5005049995001523,7.81,2.6119190669163563,5.0,0.0,20.26,4.471277583904094,4.052,0.8942555167808189,1.013,0.22356387919520473,0.0,0.0
6,75.0,75.0,100,12.38,4.0421516422556305,0.6035856616857234,0.1211608356195588,0.4314045714347572,0.13223153390673295,0.07487762960289197,0.1019389960229893,0.0037204887218045117,0.01380756296663018,2.68,0.4898979485566356,3.43,0.8558178792384756,1.57,0.8558178792384756,0.0,0.0,12.12,2.5908931418966845,11.44,2.5199005912731938,7.88,2.590893141896685,5.0,0.0,20.26,4.471277583904094,4.052,0.8942555167808189,1.013,0.22356387919520473,0.0,0.0
6,76.0,76.0,100,12.25,4.000946857629549,0.5973994930447593,0.12136535799597423,0.4382289178399859,0.13174168468984082,0.07487762960289197,0.1019389960229893,0.006186168640964037,0.01632576559667378,2.72,0.4731156136066362,3.41,0.8656754238130706,1.59,0.8656754238130705,0.0,0.0,11.99,2.5917312181379275,11.36,2.5446319017004235,8.01,2.5917312181379275,5.0,0.0,20.26,4.471277583904094,4.052,0.8942555167808189,1.013,0.22356387919520473,0.0,0.0
6,77.0,77.0,100,12.17,3.926226244786783,0.5937296987585856,0.11826501141174643,0.44235391783998596,0.12852935078424127,0.07487762960289197,0.1019389960229893,0.0036697942861735966,0.013853279082981966,2.74,0.46319051646752707,3.41,0.8656754238130706,1.59,0.8656754238130705,0.0,0.0,11.91,2.5469133626347946,11.29,2.5437385991107773,8.09,2.5469133626347946,5.0,0.0,20.26,4.471277583904094,4.052,0.8942555167808189,1.013,0.22356387919520473,0.0,0.0
6,78.0,78.0,100,12.06,3.9153156922139716,0.5881144390183259,0.11710708655226339,0.44831225117331924,0.12659740435007735,0.07487762960289197,0.1019389960229893,0.005615259740259742,0.017546302065070612,2.79,0.4560480215720687,3.41,0.8656754238130706,1.59,0.8656754238130705,0.0,0.0,11.8,2.5346089292516947,11.2,2.5858980426282643,8.2,2.5346089292516947,5.0,0.0,20.26,4.471277583904094,4.052,0.8942555167808189,1.013,0.22356387919520473,0.0,0.0
6,79.0,79.0,100,11.97,3.870256953858347,0.5838563204862943,0.1159498058562539,0.4532011400622082,0.1261731595407097,0.07487762960289197,0.1019389960229893,0.004258118532031573,0.014235774963823765,2.81,0.442559132612339,3.39,0.8633385983225443,1.61,0.8633385983225442,0.0,0.0,11.71,2.543738599110777,11.14,2.5624325563925794,8.29,2.543738599110777,5.0,0.0,20.26,4.471277583904094,4.052,0.8942555167808189,1.013,0.22356387919520473,0.0,0.0
6,80.0,80.0,100,11.89,3.8003056761691205,0.5803170949067764,0.1138472010474205,0.4573261400622081,0.12478459013612911,0.07487762960289197,0.1019389960229893,0.003539225579517932,0.012276561109241451,2.85,0.4793724854411023,3.37,0.8487066809581683,1.63,0.8487066809581683,0.0,0.0,11.63,2.5332336503514084,11.07,2.563358749923249,8.37,2.5332336503514084,5.0,0.0,20.26,4.471277583904094,4.052,0.8942555167808189,1.013,0.22356387919520473,0.0,0.0
6,81.0,81.0,100,11.85,3.758827992711011,0.5786126181977626,0.11283632820512215,0.45935245585168183,0.12412894814837704,0.07487762960289197,0.1019389960229893,0.0017044767090139145,0.008492921521848199,2.86,0.47183287573701627,3.37,0.8487066809581683,1.63,0.8487066809581683,0.0,0.0,11.59,2.5309997226312757,11.02,2.5345292233151278,8.41,2.5309997226312757,5.0,0.0,20.26,4.471277583904094,4.052,0.8942555167808189,1.013,0.22356387919520473,0.0,0.0
6,82.0,82.0,100,11.75,3.6937703493773664,0.5741989218704252,0.11216509124698626,0.4645656911457995,0.12492908132683217,0.07487762960289197,0.1019389960229893,0.004413696327337304,0.013615092761660744,2.89,0.447100648511037,3.36,0.8470984344075708,1.64,0.8470984344075708,0.0,0.0,11.49,2.5643043044179765,10.95,2.512091968978457,8.51,2.5643043044179765,5.0,0.0,20.26,4.471277583904094,4.052,0.8942555167808189,1.013,0.22356387919520473,0.0,0.0
6,83.0,83.0,100,11.68,3.716955417510085,0.5704771173591471,0.11364566983334648,0.46839463851422053,0.1254590856182819,0.07487762960289197,0.1019389960229893,0.003721804511278194,0.016377414613466857,2.9,0.46056618647183833,3.35,0.8572330399888264,1.65,0.8572330399888264,0.0,0.0,11.42,2.5670011588417623,10.83,2.5268457600236496,8.58,2.5670011588417623,5.0,0.0,20.26,4.471277583904094,4.052,0.8942555167808189,1.013,0.22356387919520473,0.0,0.0
6,84.0,84.0,100,11.64,3.71869424243065,0.5681675935496232,0.11195763054932709,0.4707279718475539,0.12330633350163636,0.07487762960289197,0.1019389960229893,0.002309523809523811,0.011754486836396074,2.93,0.47683722314196203,3.34,0.8435135751813078,1.65,0.8333333333333335,0.01,0.09999999999999999,11.37,2.5491333445076596,10.78,2.5249462440522437,8.63,2.5491333445076596,5.0,0.0,20.26,4.471277583904094,4.052,0.8942555167808189,1.013,0.22356387919520473,0.0,0.0
6,85.0,85.0,100,11.6,3.714563204197742,0.5662216998298164,0.1121662027833822,0.47283908295866506,0.12338468865453153,0.07487762960289197,0.1019389960229893,0.0019458937198067628,0.009684178723612723,2.95,0.4793724854411023,3.32,0.8394322275481594,1.67,0.8534540634292149,0.01,0.09999999999999999,11.33,2.554674859226441,10.7,2.5085711656098764,8.67,2.554674859226441,5.0,0.0,20.26,4.471277583904094,4.052,0.8942555167808189,1.013,0.22356387919520473,0.0,0.0
6,86.0,86.0,100,11.55,3.6745782414482973,0.5639902647994683,0.1121045326151846,0.475464082958665,0.12342210265645427,0.07487762960289197,0.1019389960229893,0.0022314350303480734,0.009992836880545518,2.97,0.4810552373835477,3.32,0.8394322275481594,1.68,0.8394322275481592,0.0,0.0,11.29,2.5437385991107773,10.64,2.516691751831633,8.71,2.5437385991107773,5.0,0.0,20.26,4.471277583904094,4.052,0.8942555167808189,1.013,0.22356387919520473,0.0,0.0
6,87.0,87.0,100,11.48,3.605495244705775,0.5609224690021354,0.11081206316660236,0.4791153987481387,0.12270186732857115,0.07487762960289197,0.1019389960229893,0.003067795797333003,0.011508187600768978,3.01,0.5024183937956914,3.3,0.8348471099367218,1.7,0.8348471099367218,0.0,0.0,11.22,2.5408977972680478,10.56,2.5398639906319964,8.78,2.5408977972680478,5.0,0.0,20.26,4.471277583904094,4.052,0.8942555167808189,1.013,0.22356387919520473,0.0,0.0
6,88.0,88.0,100,11.42,3.568039950856645,0.5583020942078476,0.10977253454228653,0.4821709543036943,0.12276570723709387,0.07487762960289197,0.1019389960229893,0.0026203747942878386,0.01187228583139063,3.04,0.5302943722236935,3.29,0.8444112167838032,1.71,0.8444112167838032,0.0,0.0,11.16,2.5612496949731396,10.49,2.560362190287644,8.84,2.5612496949731396,5.0,0.0,20.26,4.471277583904094,4.052,0.8942555167808189,1.013,0.22356387919520473,0.0,0.0
6,89.0,89.0,100,11.37,3.560884579693506,0.5557986542353673,0.10937528898439014,0.48484106094284113,0.1221051373183423,0.07487762960289197,0.1019389960229893,0.0025034399724802197,0.011083799954031227,3.06,0.5089105019449873,3.29,0.8444112167838032,1.7,0.8468599159080072,0.01,0.09999999999999999,11.09,2.5627281864403333,10.4,2.5898012871783624,8.91,2.5627281864403333,5.0,0.0,20.26,4.471277583904094,4.052,0.8942555167808189,1.013,0.22356387919520473,0.0,0.0
6,90.0,90.0,100,11.32,3.584140148774962,0.5526686216580731,0.11074243247022336,0.488171720479383,0.12320260807600131,0.07487762960289197,0.1019389960229893,0.00313003257729424,0.014545151164666979,3.09,0.5336173486192842,3.29,0.8444112167838032,1.7,0.8468599159080072,0.01,0.09999999999999999,11.05,2.548023595342917,10.32,2.601009904873975,8.95,2.548023595342917,5.0,0.0,20.26,4.471277583904094,4.052,0.8942555167808189,1.013,0.22356387919520473,0.0,0.0
6,91.0,91.0,100,11.17,3.475905521143978,0.5459637577477018,0.10806153475117912,0.495874506857092,0.12185428586199391,0.07487762960289197,0.1019389960229893,0.006704863910371221,0.01801127020613815,3.14,0.5321957564959752,3.26,0.8482900209220662,1.74,0.8482900209220663,0.0,0.0,10.91,2.5548330116020725,10.25,2.637625960417949,9.09,2.5548330116020725,5.0,0.0,20.26,4.471277583904094,4.052,0.8942555167808189,1.013,0.22356387919520473,0.0,0.0
6,92.0,92.0,100,11.09,3.4350981048434392,0.5421727524566965,0.10612676126135343,0.4999856179682031,0.1200462949416965,0.07487762960289197,0.1019389960229893,0.0037910052910052894,0.014855263130641817,3.18,0.5574110428643038,3.24,0.8659670836117215,1.76,0.8659670836117215,0.0,0.0,10.83,2.538809869910616,10.19,2.623495239699755,9.17,2.538809869910616,5.0,0.0,20.26,4.471277583904094,4.052,0.8942555167808189,1.013,0.22356387919520473,0.0,0.0
6,93.0,93.0,100,10.99,3.4156354689231185,0.5373672880380742,0.10536096140437344,0.5050674893132324,0.11859988406880893,0.07487762960289197,0.1019389960229893,0.004805464418622316,0.01605538885771957,3.23,0.5659532050470519,3.22,0.8596452169295765,1.76,0.8542230210530327,0.02,0.1407052941362897,10.7,2.5682600327769762,10.1,2.618890195977269,9.3,2.5682600327769762,5.0,0.0,20.26,4.471277583904094,4.052,0.8942555167808189,1.013,0.22356387919520473,0.0,0.0
6,94.0,94.0,100,10.9,3.4801021696368504,0.5314952143601182,0.10887573441258337,0.5110850175366429,0.12019844397107882,0.07487762960289197,0.1019389960229893,0.005872073677956029,0.019532116106943772,3.26,0.5794459213400123,3.18,0.8919392106839769,1.81,0.8841477092189812,0.01,0.1,10.63,2.501131057273202,9.97,2.5720133213598495,9.37,2.501131057273202,5.0,0.0,20.26,4.471277583904094,4.052,0.8942555167808189,1.013,0.22356387919520473,0.0,0.0
6,95.0,95.0,100,10.84,3.4749318720158406,0.5285999742350826,0.10952179226685708,0.5142288083863161,0.12047642634300101,0.07487762960289197,0.1019389960229893,0.0028952401250355213,0.011649275395480366,3.29,0.5737524894864676,3.17,0.8882510337679876,1.82,0.8805416147766869,0.01,0.09999999999999999,10.57,2.511609407965701,9.91,2.570599112654441,9.43,2.511609407965701,5.0,0.0,20.26,4.471277583904094,4.052,0.8942555167808189,1.013,0.22356387919520473,0.0,0.0
6,96.0,96.0,100,10.79,3.4910997948752165,0.5256642443875882,0.10977268620143793,0.5172941678634403,0.1202707113616373,0.07487762960289197,0.1019389960229893,0.0029357298474945543,0.013280642311798825,3.3,0.5773502691896257,3.15,0.9142530206997325,1.85,0.9142530206997325,0.0,0.0,10.53,2.4922303507525383,9.85,2.6106812455097934,9.47,2.4922303507525383,5.0,0.0,20.26,4.471277583904094,4.052,0.8942555167808189,1.013,0.22356387919520473,0.0,0.0
6,97.0,97.0,100,10.75,3.4971128062729084,0.5236489062233369,0.11094674128611841,0.5194747234189958,0.12122767156095468,0.07487762960289197,0.1019389960229893,0.002015338164251207,0.010088932895339476,3.32,0.6010092521851232,3.14,0.932250454057765,1.86,0.9322504540577653,0.0,0.0,10.49,2.5045211643398555,9.8,2.64001836540903,9.51,2.5045211643398555,5.0,0.0,20.26,4.471277583904094,4.052,0.8942555167808189,1.013,0.22356387919520473,0.0,0.0
6,98.0,98.0,100,10.68,3.4491398429993616,0.5206198775828953,0.10993390214085193,0.5230302789745515,0.1220355014727818,0.07487762960289197,0.1019389960229893,0.0030290286404416823,0.011304167413009889,3.34,0.6066966359563961,3.14,0.932250454057765,1.86,0.9322504540577653,0.0,0.0,10.42,2.543281901064612,9.66,2.7274141377480396,9.58,2.543281901064612,5.0,0.0,20.26,4.471277583904094,4.052,0.8942555167808189,1.013,0.22356387919520473,0.0,0.0
6,99.0,99.0,100,10.59,3.4262651574700005,0.5166070956830424,0.11037037168139435,0.5276121503195806,0.12368135702707479,0.07487762960289197,0.1019389960229893,0.004012781899852841,0.012939917409848163,3.39,0.6012613005301035,3.13,0.9282872247947678,1.87,0.9282872247947677,0.0,0.0,10.33,2.601689427811836,9.58,2.7713541889127127,9.67,2.601689427811836,5.0,0.0,20.26,4.471277583904094,4.052,0.8942555167808189,1.013,0.22356387919520473,0.0,0.0
6,100.0,100.0,100,10.53,3.456672657135162,0.5132463324782389,0.1112755329145994,0.5310183680698387,0.12352443931258172,0.07487762960289197,0.1019389960229893,0.0033607632048034512,0.013490598271283103,3.41,0.5876678784428628,3.13,0.9282872247947678,1.87,0.9282872247947677,0.0,0.0,10.27,2.593133902123729,9.51,2.7870370929673243,9.73,2.593133902123729,5.0,0.0,20.26,4.471277583904094,4.052,0.8942555167808189,1.013,0.22356387919520473,0.0,0.0
6,101.0,101.0,100,10.5,3.4887988150246176,0.5114104928792415,0.11303946085928566,0.5328780171926456,0.1245530682172298,0.07487762960289197,0.1019389960229893,0.0018358395989974954,0.0108455970397701,3.43,0.5904116009919339,3.13,0.9282872247947678,1.87,0.9282872247947677,0.0,0.0,10.24,2.6019417768468633,9.43,2.7570112642336286,9.76,2.6019417768468633,5.0,0.0,20.26,4.471277583904094,4.052,0.8942555167808189,1.013,0.22356387919520473,0.0,0.0
6,102.0,102.0,100,10.45,3.4739288735064537,0.5091651689600044,0.11346071286260737,0.5354335727482012,0.1254339967437222,0.07487762960289197,0.1019389960229893,0.0022453239192369617,0.009961371363345689,3.45,0.5924610544247622,3.1,0.9265990819042821,1.9,0.9265990819042822,0.0,0.0,10.19,2.631184393601352,9.32,2.8100828558186066,9.81,2.631184393601352,5.0,0.0,20.26,4.471277583904094,4.052,0.8942555167808189,1.013,0.22356387919520473,0.0,0.0
6,103.0,103.0,100,10.37,3.4426176322118835,0.5055455902106304,0.11315124267401795,0.5395218080423189,0.12578689523499242,0.07487762960289197,0.1019389960229893,0.003619578749374146,0.012467363815529209,3.5,0.6435381994422819,3.09,0.9221735413706255,1.9,0.9265990819042822,0.01,0.09999999999999999,10.1,2.6761196089891346,9.25,2.782974936097969,9.9,2.6761196089891346,5.0,0.0,20.26,4.471277583904094,4.052,0.8942555167808189,1.013,0.22356387919520473,0.0,0.0
6,104.0,104.0,100,10.19,3.486467344670612,0.4963028603137343,0.11421727602105297,0.5492708620498868,0.1260636806225262,0.07487762960289197,0.1019389960229893,0.009242729896896005,0.023477030345620334,3.6,0.6816498108607266,3.07,0.9239244361073927,1.93,0.9239244361073927,0.0,0.0,9.93,2.6977543972494584,9.19,2.7695859005645698,10.07,2.6977543972494584,5.0,0.0,20.26,4.471277583904094,4.052,0.8942555167808189,1.013,0.22356387919520473,0.0,0.0
6,105.0,105.0,100,10.11,3.4696228654254084,0.4923135807422566,0.11251704455489873,0.5534672844785073,0.12408910893300976,0.07487762960289197,0.1019389960229893,0.003989279571477714,0.01370653579550946,3.64,0.6893123494842632,3.07,0.9239244361073927,1.93,0.9239244361073927,0.0,0.0,9.85,2.6794202599243238,9.13,2.7839910309852045,10.15,2.6794202599243238,5.0,0.0,20.26,4.471277583904094,4.052,0.8942555167808189,1.013,0.22356387919520473,0.0,0.0
6,106.0,106.0,100,10.01,3.4480121633758603,0.48768203887430167,0.11286008557207143,0.5588145067007296,0.1266803115733411,0.07487762960289197,0.1019389960229893,0.004631541867954913,0.014429904871035794,3.67,0.6971080231639826,3.06,0.9300809131739587,1.94,0.9300809131739588,0.0,0.0,9.75,2.7501147818102636,9.04,2.7188827176476806,10.25,2.7501147818102636,5.0,0.0,20.26,4.471277583904094,4.052,0.8942555167808189,1.013,0.22356387919520473,0.0,0.0
6,107.0,107.0,100,9.88,3.429756889814834,0.4812703912626541,0.11374808991935507,0.5659533955896185,0.12833603803276375,0.07487762960289197,0.1019389960229893,0.006411647611647613,0.01732780108784896,3.72,0.7118052168020874,3.05,0.9252354327740621,1.95,0.9252354327740622,0.0,0.0,9.62,2.784444525059049,9.03,2.713434589727062,10.38,2.784444525059049,5.0,0.0,20.26,4.471277583904094,4.052,0.8942555167808189,1.013,0.22356387919520473,0.0,0.0
6,108.0,108.0,100,9.76,3.4673658968482495,0.47502340425798584,0.11759542927550613,0.5727395153006608,0.13196494015267712,0.07487762960289197,0.1019389960229893,0.006246987004668224,0.0238407333390891,3.79,0.7425726505966548,3.01,0.9044781965756875,1.99,0.9044781965756876,0.0,0.0,9.5,2.8337789310923727,8.98,2.704205479013618,10.5,2.8337789310923727,5.0,0.0,20.26,4.471277583904094,4.052,0.8942555167808189,1.013,0.22356387919520473,0.0,0.0
6,109.0,109.0,100,9.71,3.491099794875216,0.4721362247708064,0.11888036827770905,0.575842079403225,0.1332962039004553,0.07487762960289197,0.1019389960229893,0.0028871794871794887,0.01333610335221213,3.81,0.7343656645656367,2.98,0.9318169499868675,2.02,0.9318169499868675,0.0,0.0,9.45,2.844008410392599,8.88,2.66772706189514,10.55,2.844008410392599,5.0,0.0,20.26,4.471277583904094,4.052,0.8942555167808189,1.013,0.22356387919520473,0.0,0.0
6,110.0,110.0,100,9.63,3.5123303726250814,0.467514195198548,0.11802041405911425,0.5806447109821723,0.13165354838049523,0.07487762960289197,0.1019389960229893,0.004622029572258404,0.016197919951966858,3.84,0.7347094526395992,2.96,0.9526146899322662,2.03,0.9369518599580173,0.01,0.09999999999999999,9.36,2.8123824330085236,8.82,2.664317146772481,10.64,2.8123824330085236,5.0,0.0,20.26,4.471277583904094,4.052,0.8942555167808189,1.013,0.22356387919520473,0.0,0.0
6,111.0,111.0,100,9.58,3.522453231439243,0.4649369534831484,0.11926949707717827,0.5833515823272015,0.13206852102369251,0.07487762960289197,0.1019389960229893,0.00257724171539961,0.011446086836103582,3.87,0.7338152686370383,2.94,0.9725526134140949,2.06,0.9725526134140948,0.0,0.0,9.32,2.8208459222672397,8.81,2.6541182027828807,10.68,2.8208459222672397,5.0,0.0,20.26,4.471277583904094,4.052,0.8942555167808189,1.013,0.22356387919520473,0.0,0.0
6,112.0,112.0,100,9.55,3.5316033500695148,0.4633496518958468,0.11950207420813552,0.5849626934383126,0.1317901495882588,0.07487762960289197,0.1019389960229893,0.0015873015873015877,0.009094598557570489,3.89,0.7371114795831994,2.94,0.9725526134140949,2.05,0.9679197729505721,0.01,0.09999999999999999,9.28,2.803605182653581,8.77,2.6125377576895485,10.72,2.803605182653581,5.0,0.0,20.26,4.471277583904094,4.052,0.8942555167808189,1.013,0.22356387919520473,0.0,0.0
6,113.0,113.0,100,9.45,3.5515681555668293,0.4578983275064419,0.11870576215981903,0.5904140178277175,0.1290228766339465,0.07487762960289197,0.1019389960229893,0.0054513243894048855,0.01646378538231969,3.94,0.722229992188196,2.93,0.9666666666666668,2.07,0.9666666666666668,0.0,0.0,9.19,2.7768705589224174,8.72,2.613407543782445,10.81,2.7768705589224174,5.0,0.0,20.26,4.471277583904094,4.052,0.8942555167808189,1.013,0.22356387919520473,0.0,0.0
6,114.0,114.0,100,9.38,3.5356196148067265,0.4543737789555775,0.11717732655782684,0.594077760517776,0.12691615509864065,0.07487762960289197,0.1019389960229893,0.003524548550864342,0.012994802807040356,3.99,0.7176701923937662,2.91,0.9754046039537344,2.08,0.9814439990301655,0.01,0.09999999999999999,9.11,2.759355070309076,8.67,2.6016894278118365,10.89,2.759355070309076,5.0,0.0,20.26,4.471277583904094,4.052,0.8942555167808189,1.013,0.22356387919520473,0.0,0.0
6,115.0,115.0,100,9.34,3.4908827860961784,0.45285729894771826,0.11658332469238054,0.596077760517776,0.12798485658014108,0.07487762960289197,0.1019389960229893,0.0015164800078593188,0.0074848214387933385,3.99,0.7176701923937662,2.91,0.9754046039537344,2.09,0.9754046039537344,0.0,0.0,9.08,2.787707504619725,8.6,2.647659534400337,10.92,2.787707504619725,5.0,0.0,20.26,4.471277583904094,4.052,0.8942555167808189,1.013,0.22356387919520473,0.0,0.0
6,116.0,116.0,100,9.22,3.442397567118157,0.44653510215137954,0.11296455947800982,0.6026303920967233,0.12267884980100181,0.07487762960289197,0.1019389960229893,0.0063221967963386725,0.018642920325625444,4.04,0.6804633002817295,2.9,0.9692233691951196,2.1,0.9692233691951196,0.0,0.0,8.96,2.696499788820892,8.56,2.6374153248890466,11.04,2.696499788820892,5.0,0.0,20.26,4.471277583904094,4.052,0.8942555167808189,1.013,0.22356387919520473,0.0,0.0
6,117.0,117.0,100,9.2,3.4289321599553055,0.445667046595824,0.1130038234582248,0.6036859476522789,0.12349871557251538,0.07487762960289197,0.1019389960229893,0.0008680555555555553,0.006346581206718148,4.04,0.6804633002817295,2.89,0.9733312577810996,2.11,0.9733312577810996,0.0,0.0,8.94,2.7147929958103636,8.49,2.649547321732716,11.06,2.7147929958103636,5.0,0.0,20.26,4.471277583904094,4.052,0.8942555167808189,1.013,0.22356387919520473,0.0,0.0
6,118.0,118.0,100,9.15,3.3825906036526483,0.44338379743757483,0.11136932725239318,0.6063109476522789,0.12212495286189953,0.07487762960289197,0.1019389960229893,0.0022832491582491584,0.010197547420192235,4.06,0.678977246312497,2.89,0.9733312577810996,2.11,0.9733312577810996,0.0,0.0,8.89,2.700149640447373,8.46,2.653071404766159,11.11,2.700149640447373,5.0,0.0,20.26,4.471277583904094,4.052,0.8942555167808189,1.013,0.22356387919520473,0.0,0.0
6,119.0,119.0,100,9.08,3.3444662571858226,0.43981674090736045,0.10976556979333764,0.6103372634417527,0.1211918712751902,0.07487762960289197,0.1019389960229893,0.0035670565302144248,0.013791399379401381,4.08,0.6916529754030112,2.89,0.9733312577810996,2.1,0.9795896894087643,0.01,0.1,8.81,2.673079410596239,8.39,2.6357871191304003,11.19,2.673079410596239,5.0,0.0,20.26,4.471277583904094,4.052,0.8942555167808189,1.013,0.22356387919520473,0.0,0.0
6,120.0,120.0,100,9.03,3.295098901046335,0.437749684377146,0.10835570821129831,0.6128635792312263,0.12129734660043145,0.07487762960289197,0.1019389960229893,0.0020670565302144243,0.009148767680745214,4.11,0.680092091209163,2.89,0.9733312577810996,2.11,0.9733312577810996,0.0,0.0,8.77,2.703738526596464,8.33,2.674439429605065,11.23,2.703738526596464,5.0,0.0,20.26,4.471277583904094,4.052,0.8942555167808189,1.013,0.22356387919520473,0.0,0.0
6,121.0,121.0,100,8.98,3.2997704236029586,0.4349915309808347,0.10816300177378173,0.6157371172429221,0.1203450161461078,0.07487762960289197,0.1019389960229893,0.0027581533963112904,0.012278644606990942,4.11,0.680092091209163,2.87,0.9708373975724525,2.13,0.9708373975724527,0.0,0.0,8.72,2.6820766867364836,8.27,2.6547270589602534,11.28,2.6820766867364836,5.0,0.0,20.26,4.471277583904094,4.052,0.8942555167808189,1.013,0.22356387919520473,0.0,0.0
6,122.0,122.0,100,8.92,3.3110772149305614,0.43165361801660596,0.10941669531640798,0.6191988397309605,0.12067689983975148,0.07487762960289197,0.1019389960229893,0.0033379129642287543,0.013874632187452426,4.13,0.6614187383758852,2.86,0.9746276160149527,2.14,0.9746276160149527,0.0,0.0,8.66,2.6712838815366617,8.25,2.649089799851407,11.34,2.6712838815366617,5.0,0.0,20.26,4.471277583904094,4.052,0.8942555167808189,1.013,0.22356387919520473,0.0,0.0
6,123.0,123.0,100,8.88,3.285351633164303,0.42973841333824336,0.10778094410121508,0.6212807110759897,0.11904659841361018,0.07487762960289197,0.1019389960229893,0.0019152046783625738,0.009514435699758753,4.15,0.6723244767373878,2.85,0.957427107756338,2.15,0.9574271077563381,0.0,0.0,8.62,2.6544416750157844,8.18,2.6643171467724818,11.38,2.6544416750157844,5.0,0.0,20.26,4.471277583904094,4.052,0.8942555167808189,1.013,0.22356387919520473,0.0,0.0
6,124.0,124.0,100,8.81,3.2866273278117775,0.4259252937887108,0.10907770252480023,0.6253703575406362,0.12020785390201641,0.07487762960289197,0.1019389960229893,0.003813119549532592,0.014715359891701727,4.17,0.6824643402827548,2.85,0.957427107756338,2.15,0.9574271077563381,0.0,0.0,8.55,2.6529000712199444,8.15,2.66050424323714,11.45,2.652900071219944,5.0,0.0,20.26,4.471277583904094,4.052,0.8942555167808189,1.013,0.22356387919520473,0.0,0.0
6,125.0,125.0,100,8.75,3.2640527575455027,0.4232741916744508,0.10905736647195417,0.6284522288856654,0.12134172556389396,0.07487762960289197,0.1019389960229893,0.002651102114260008,0.012006239277331705,4.21,0.6860073327640606,2.84,0.9610600208292733,2.16,0.9610600208292734,0.0,0.0,8.49,2.691156486034068,8.11,2.647258921597923,11.51,2.691156486034068,5.0,0.0,20.26,4.471277583904094,4.052,0.8942555167808189,1.013,0.22356387919520473,0.0,0.0
6,126.0,126.0,100,8.68,3.225153664806711,0.4199861093009488,0.10836224664251827,0.6321917799692567,0.12122859252088014,0.07487762960289197,0.1019389960229893,0.003288082373501932,0.012345373779685405,4.22,0.6901910144037203,2.84,0.9610600208292733,2.16,0.9610600208292734,0.0,0.0,8.42,2.69747356546151,8.09,2.6480219413781683,11.58,2.6974735654615105,5.0,0.0,20.26,4.471277583904094,4.052,0.8942555167808189,1.013,0.22356387919520473,0.0,0.0
6,127.0,127.0,100,8.64,3.2240259667601054,0.41791279281234006,0.11063443474029404,0.6346008708783476,0.12428720894055893,0.07487762960289197,0.1019389960229893,0.0020733164886088417,0.011188607316629027,4.22,0.6901910144037203,2.83,0.9433981132056604,2.17,0.9433981132056604,0.0,0.0,8.38,2.725784105518812,8.04,2.6777044291894896,11.62,2.725784105518812,5.0,0.0,20.26,4.471277583904094,4.052,0.8942555167808189,1.013,0.22356387919520473,0.0,0.0
6,128.0,128.0,100,8.63,3.246303258859968,0.4170037019032491,0.11294344468213495,0.6355099617874386,0.1259647173846699,0.07487762960289197,0.1019389960229893,0.000909090909090909,0.00909090909090909,4.22,0.6901910144037203,2.82,0.957479857108063,2.18,0.9574798571080632,0.0,0.0,8.37,2.717898029170649,8.03,2.6646014730351357,11.63,2.717898029170649,5.0,0.0,20.26,4.471277583904094,4.052,0.8942555167808189,1.013,0.22356387919520473,0.0,0.0
6,129.0,129.0,100,8.57,3.2263279311303616,0.4140305451551698,0.11177381619575386,0.6387127481651476,0.12482948819823053,0.07487762960289197,0.1019389960229893,0.002973156748079348,0.012009371061095382,4.25,0.701729465267237,2.82,0.957479857108063,2.18,0.9574798571080632,0.0,0.0,8.31,2.706874898692534,8.0,2.6438417104469383,11.69,2.706874898692534,5.0,0.0,20.26,4.471277583904094,4.052,0.8942555167808189,1.013,0.22356387919520473,0.0,0.0
6,130.0,130.0,100,8.53,3.2175497296275415,0.41202128589591047,0.11128302120855475,0.6409349703873697,0.12455763635129419,0.07487762960289197,0.1019389960229893,0.00200925925925926,0.010167786895080314,4.26,0.705247288100945,2.81,0.9502259167846838,2.19,0.950225916784684,0.0,0.0,8.27,2.7074718909721005,7.98,2.639941842028519,11.73,2.7074718909721005,5.0,0.0,20.26,4.471277583904094,4.052,0.8942555167808189,1.013,0.22356387919520473,0.0,0.0
6,131.0,131.0,100,8.5,3.2019564726156493,0.41047195220362354,0.10969221565548151,0.642549521470961,0.122746166629753,0.07487762960289197,0.1019389960229893,0.0015493336922869844,0.008922000044259132,4.29,0.6558978733019495,2.81,0.9502259167846838,2.18,0.9574798571080632,0.01,0.09999999999999999,8.23,2.6962562897094884,7.95,2.6490897998514065,11.77,2.696256289709488,5.0,0.0,20.26,4.471277583904094,4.052,0.8942555167808189,1.013,0.22356387919520473,0.0,0.0
6,132.0,132.0,100,8.45,3.2015621187164243,0.4076196476454366,0.10942998989901336,0.6454710900984121,0.12137725542007183,0.07487762960289197,0.1019389960229893,0.0028523045581869107,0.012880482975393301,4.3,0.6435381994422819,2.81,0.9502259167846838,2.19,0.950225916784684,0.0,0.0,8.19,2.6464956818289718,7.9,2.6381046149832574,11.81,2.646495681828972,5.0,0.0,20.26,4.471277583904094,4.052,0.8942555167808189,1.013,0.22356387919520473,0.0,0.0
6,133.0,133.0,100,8.42,3.2260931120593477,0.4059758567957634,0.11064419208505659,0.6471148809480853,0.12175117870747516,0.07487762960289197,0.1019389960229893,0.001643790849673203,0.009415451801385017,4.32,0.6337319319839911,2.81,0.9502259167846838,2.19,0.950225916784684,0.0,0.0,8.16,2.654213345767157,7.85,2.656704877866717,11.84,2.654213345767157,5.0,0.0,20.26,4.471277583904094,4.052,0.8942555167808189,1.013,0.22356387919520473,0.0,0.0
6,134.0,134.0,100,8.36,3.2458831734610487,0.4027358657926145,0.11246227821129065,0.6505856411820033,0.12344260885093192,0.07487762960289197,0.1019389960229893,0.003239991003148899,0.01447909417557625,4.32,0.6337319319839911,2.78,0.9490026662797425,2.22,0.9490026662797428,0.0,0.0,8.1,2.66855993397415,7.82,2.6605232264319434,11.9,2.66855993397415,5.0,0.0,20.26,4.471277583904094,4.052,0.8942555167808189,1.013,0.22356387919520473,0.0,0.0
6,135.0,135.0,100,8.31,3.2896992586133478,0.39998864357039227,0.11504695933649242,0.6534328634042257,0.1254374435280162,0.07487762960289197,0.1019389960229893,0.002747222222222224,0.012219536933357748,4.33,0.6365151334819271,2.78,0.9490026662797425,2.22,0.9490026662797428,0.0,0.0,8.05,2.694457461178596,7.77,2.7074718909721005,11.95,2.694457461178596,5.0,0.0,20.26,4.471277583904094,4.052,0.8942555167808189,1.013,0.22356387919520473,0.0,0.0
6,136.0,136.0,100,8.26,3.3017289624398525,0.397230490174081,0.11542226799805266,0.6563064014159216,0.12525984116049896,0.07487762960289197,0.1019389960229893,0.0027581533963112925,0.01227864460699095,4.33,0.6365151334819271,2.78,0.9490026662797425,2.22,0.9490026662797428,0.0,0.0,8.0,2.681775380586375,7.72,2.6745338496888227,12.0,2.681775380586375,5.0,0.0,20.26,4.471277583904094,4.052,0.8942555167808189,1.013,0.22356387919520473,0.0,0.0
6,137.0,137.0,100,8.22,3.313821682199292,0.3949238713543043,0.11775307858306462,0.6587418081144861,0.1269634015378395,0.07487762960289197,0.1019389960229893,0.002306618819776715,0.012020489110885208,4.35,0.641573192719398,2.77,0.9729160583347654,2.23,0.9729160583347654,0.0,0.0,7.96,2.677704429189489,7.68,2.6850878886354854,12.04,2.677704429189489,5.0,0.0,20.26,4.471277583904094,4.052,0.8942555167808189,1.013,0.22356387919520473,0.0,0.0
6,138.0,138.0,100,8.17,3.306116156520221,0.39237735354462855,0.11686724473529171,0.6613792350150709,0.12539816480631452,0.07487762960289197,0.1019389960229893,0.0025465178096757057,0.011203660439953914,4.36,0.6279677016721754,2.75,0.9885710532241612,2.25,0.9885710532241612,0.0,0.0,7.91,2.6594409680657067,7.64,2.6950009838644413,12.09,2.6594409680657063,5.0,0.0,20.26,4.471277583904094,4.052,0.8942555167808189,1.013,0.22356387919520473,0.0,0.0
6,139.0,139.0,100,8.13,3.3413691018424574,0.38999138863234784,0.11797520384420433,0.6637651999273517,0.12540247908465418,0.07487762960289197,0.1019389960229893,0.002385964912280701,0.012066870830838983,4.37,0.6301354672375671,2.73,1.0035794523463089,2.27,1.0035794523463089,0.0,0.0,7.87,2.6615670936385194,7.61,2.6926574309414186,12.13,2.66156709363852,5.0,0.0,20.26,4.471277583904094,4.052,0.8942555167808189,1.013,0.22356387919520473,0.0,0.0
6,140.0,140.0,100,8.12,3.3432579525626993,0.38943583307679225,0.11784692774467272,0.6643207554829071,0.12504078752868591,0.07487762960289197,0.1019389960229893,0.0005555555555555552,0.005555555555555552,4.37,0.6301354672375671,2.72,1.0058415241563512,2.28,1.0058415241563512,0.0,0.0,7.86,2.655354795674034,7.59,2.708367132656229,12.14,2.655354795674034,5.0,0.0,20.26,4.471277583904094,4.052,0.8942555167808189,1.013,0.22356387919520473,0.0,0.0
6,141.0,141.0,100,8.12,3.3432579525626993,0.38943583307679225,0.11784692774467272,0.6643207554829071,0.12504078752868591,0.07487762960289197,0.1019389960229893,0.0,0.0,4.37,0.6301354672375671,2.72,1.0058415241563512,2.28,1.0058415241563512,0.0,0.0,7.86,2.655354795674034,7.57,2.701496031476043,12.14,2.655354795674034,5.0,0.0,20.26,4.471277583904094,4.052,0.8942555167808189,1.013,0.22356387919520473,0.0,0.0
6,142.0,142.0,100,8.08,3.3535146646556657,0.38734434634714765,0.11817918290738956,0.6665276268279363,0.1252676674713718,0.07487762960289197,0.1019389960229893,0.002091486729644624,0.0104468888232165,4.39,0.633970970880522,2.7,0.9999999999999999,2.3,0.9999999999999999,0.0,0.0,7.82,2.660523226431943,7.55,2.6907060392950752,12.18,2.660523226431944,5.0,0.0,20.26,4.471277583904094,4.052,0.8942555167808189,1.013,0.22356387919520473,0.0,0.0
6,143.0,143.0,100,7.98,3.327206490481622,0.3826812572518605,0.11796539239087567,0.6717240492565569,0.12552181751433475,0.07487762960289197,0.1019389960229893,0.004663089095287237,0.015416448072532925,4.41,0.6371495868001454,2.67,0.9954949025535494,2.33,0.9954949025535494,0.0,0.0,7.72,2.6895983703778885,7.51,2.691156486034068,12.28,2.689598370377889,5.0,0.0,20.26,4.471277583904094,4.052,0.8942555167808189,1.013,0.22356387919520473,0.0,0.0
6,144.0,144.0,100,7.96,3.3118092952464533,0.3817966418672451,0.11736891543929587,0.672724049256557,0.12514121843897696,0.07487762960289197,0.1019389960229893,0.0008846153846153843,0.006277292331872366,4.41,0.6371495868001454,2.67,0.9954949025535494,2.32,1.0038310453840167,0.01,0.09999999999999999,7.69,2.714327864790059,7.49,2.702393252827814,12.31,2.7143278647900586,5.0,0.0,20.26,4.471277583904094,4.052,0.8942555167808189,1.013,0.22356387919520473,0.0,0.0
6,145.0,145.0,100,7.93,3.3219654642176137,0.38028702648262963,0.11843586394464073,0.674349049256557,0.12620896181415203,0.07487762960289197,0.1019389960229893,0.0015096153846153849,0.008794882625870854,4.41,0.6371495868001454,2.66,0.9971677062277109,2.34,0.9971677062277109,0.0,0.0,7.67,2.708217946259947,7.46,2.7021129031582194,12.33,2.708217946259947,5.0,0.0,20.26,4.471277583904094,4.052,0.8942555167808189,1.013,0.22356387919520473,0.0,0.0
6,146.0,146.0,100,7.87,3.3110009472555677,0.3771581473357973,0.11745759580113237,0.6775886003401483,0.12427871351442978,0.07487762960289197,0.1019389960229893,0.003128879146832438,0.01255856064989935,4.44,0.6247423711443226,2.65,0.9885710532241608,2.35,0.9885710532241608,0.0,0.0,7.61,2.677610120909309,7.44,2.7240789380276884,12.39,2.677610120909309,5.0,0.0,20.26,4.471277583904094,4.052,0.8942555167808189,1.013,0.22356387919520473,0.0,0.0
6,147.0,147.0,100,7.83,3.293872486845227,0.37532583681641574,0.11688893048108567,0.6796149161296221,0.1237386644421391,0.07487762960289197,0.1019389960229893,0.0018323105193814575,0.009060365959330166,4.46,0.6263571124552132,2.65,0.9885710532241608,2.35,0.9885710532241608,0.0,0.0,7.57,2.6827356759604006,7.38,2.680946614066522,12.43,2.682735675960401,5.0,0.0,20.26,4.471277583904094,4.052,0.8942555167808189,1.013,0.22356387919520473,0.0,0.0
6,148.0,148.0,100,7.83,3.293872486845227,0.37532583681641574,0.11688893048108567,0.6796149161296221,0.1237386644421391,0.07487762960289197,0.1019389960229893,0.0,0.0,4.46,0.6263571124552132,2.65,0.9885710532241608,2.35,0.9885710532241608,0.0,0.0,7.57,2.6827356759604006,7.35,2.6756477550475335,12.43,2.682735675960401,5.0,0.0,20.26,4.471277583904094,4.052,0.8942555167808189,1.013,0.22356387919520473,0.0,0.0
6,149.0,149.0,100,7.81,3.3080709383768263,0.37399250348308244,0.11710084995128958,0.6809482494629553,0.12334040501029109,0.07487762960289197,0.1019389960229893,0.0013333333333333335,0.009674848505413074,4.46,0.6263571124552132,2.64,1.0002019998000604,2.36,1.0002019998000604,0.0,0.0,7.55,2.668086743096421,7.31,2.6350205565295566,12.45,2.6680867430964206,5.0,0.0,20.26,4.471277583904094,4.052,0.8942555167808189,1.013,0.22356387919520473,0.0,0.0
6,150.0,150.0,100,7.77,3.2748043352761442,0.37235917014974906,0.11632451816566967,0.6829482494629553,0.12363572248306266,0.07487762960289197,0.1019389960229893,0.0016333333333333328,0.009850111235819858,4.46,0.6263571124552132,2.64,1.0002019998000604,2.36,1.0002019998000604,0.0,0.0,7.51,2.6911564860340675,7.31,2.6503096826864248,12.49,2.691156486034068,5.0,0.0,20.26,4.471277583904094,4.052,0.8942555167808189,1.013,0.22356387919520473,0.0,0.0
6,151.0,151.0,100,7.73,3.2655378383563978,0.37034656287398393,0.11545575371027397,0.6850301208079845,0.12214133714115288,0.07487762960289197,0.1019389960229893,0.0020126072757651716,0.009941817329528535,4.46,0.6263571124552132,2.63,0.9914279060674521,2.36,0.9797958971132712,0.01,0.09999999999999999,7.46,2.660675087114531,7.3,2.660978782479875,12.54,2.6606750871145315,5.0,0.0,20.26,4.471277583904094,4.052,0.8942555167808189,1.013,0.22356387919520473,0.0,0.0
6,152.0,152.0,100,7.72,3.2662337375458654,0.36984656287398393,0.1154343020857037,0.6855301208079845,0.12189182592656332,0.07487762960289197,0.1019389960229893,0.0005000000000000004,0.005000000000000003,4.46,0.6263571124552132,2.63,0.9914279060674521,2.36,1.0002019998000606,0.01,0.09999999999999998,7.45,2.6642981906094616,7.31,2.6617188947647112,12.55,2.664298190609462,5.0,0.0,20.26,4.471277583904094,4.052,0.8942555167808189,1.013,0.22356387919520473,0.0,0.0
6,153.0,153.0,100,7.69,3.2308331477008876,0.3684761925036135,0.1133312704854672,0.6870301208079845,0.12008078380575544,0.07487762960289197,0.1019389960229893,0.0013703703703703708,0.010628696917044126,4.46,0.6263571124552132,2.61,0.9836542876314613,2.39,0.9836542876314613,0.0,0.0,7.43,2.656248588829096,7.27,2.6699033387716193,12.57,2.656248588829096,5.0,0.0,20.26,4.471277583904094,4.052,0.8942555167808189,1.013,0.22356387919520473,0.0,0.0
6,154.0,154.0,100,7.69,3.2308331477008876,0.3684761925036135,0.1133312704854672,0.6870301208079845,0.12008078380575544,0.07487762960289197,0.1019389960229893,0.0,0.0,4.46,0.6263571124552132,2.61,0.9836542876314613,2.39,0.9836542876314613,0.0,0.0,7.43,2.656248588829096,7.25,2.6605042432371406,12.57,2.656248588829096,5.0,0.0,20.26,4.471277583904094,4.052,0.8942555167808189,1.013,0.22356387919520473,0.0,0.0
6,155.0,155.0,100,7.67,3.238203143096429,0.3675332100474732,0.11399598915148124,0.6880564365974583,0.12078134407992339,0.07487762960289197,0.1019389960229893,0.0009429824561403518,0.006679739169849802,4.46,0.6263571124552132,2.6,0.9847319278346618,2.4,0.9847319278346618,0.0,0.0,7.41,2.674590500139104,7.22,2.6801929675742273,12.59,2.674590500139104,5.0,0.0,20.26,4.471277583904094,4.052,0.8942555167808189,1.013,0.22356387919520473,0.0,0.0
6,156.0,156.0,100,7.65,3.2423180384759087,0.3666438819842321,0.11442608187568858,0.6890564365974582,0.12150212565701111,0.07487762960289197,0.1019389960229893,0.000889328063241106,0.006258234519104081,4.46,0.6263571124552132,2.59,0.9649933270298405,2.41,0.9649933270298405,0.0,0.0,7.39,2.6964061379187783,7.17,2.6668749918626147,12.61,2.696406137918778,5.0,0.0,20.26,4.471277583904094,4.052,0.8942555167808189,1.013,0.22356387919520473,0.0,0.0
6,157.0,157.0,100,7.6,3.22552947654186,0.36418554865089875,0.11387113339514439,0.6916814365974582,0.12046737458766248,0.07487762960289197,0.1019389960229893,0.0024583333333333345,0.010905531885307525,4.48,0.6110100926607787,2.59,0.9649933270298405,2.41,0.9649933270298405,0.0,0.0,7.34,2.6863666273548095,7.15,2.6756477550475335,12.66,2.68636662735481,5.0,0.0,20.26,4.471277583904094,4.052,0.8942555167808189,1.013,0.22356387919520473,0.0,0.0
6,158.0,158.0,100,7.59,3.225826963114977,0.3637310031963533,0.11396403151804053,0.6921814365974582,0.1206059323969583,0.07487762960289197,0.1019389960229893,0.00045454545454545417,0.004545454545454543,4.48,0.6110100926607787,2.59,0.9649933270298405,2.41,0.9649933270298405,0.0,0.0,7.33,2.6932575746920984,7.1,2.6723424446380633,12.67,2.6932575746920984,5.0,0.0,20.26,4.471277583904094,4.052,0.8942555167808189,1.013,0.22356387919520473,0.0,0.0
6,159.0,159.0,100,7.53,3.189170437717006,0.36102989689524706,0.11261376918842343,0.6951814365974583,0.11950336794400877,0.07487762960289197,0.1019389960229893,0.0027011063011063018,0.010813307358131055,4.48,0.6110100926607787,2.59,0.9649933270298405,2.41,0.9649933270298405,0.0,0.0,7.27,2.7,7.07,2.675194696964441,12.73,2.7,5.0,0.0,20.26,4.471277583904094,4.052,0.8942555167808189,1.013,0.22356387919520473,0.0,0.0
6,160.0,160.0,100,7.5,3.2082595426382348,0.359029896895247,0.11358679218848797,0.6971814365974582,0.11947400051830506,0.07487762960289197,0.1019389960229893,0.002000000000000001,0.011672677624181596,4.48,0.6110100926607787,2.59,0.9649933270298405,2.41,0.9649933270298405,0.0,0.0,7.24,2.6709057216115606,7.03,2.675949751155106,12.76,2.6709057216115615,5.0,0.0,20.26,4.471277583904094,4.052,0.8942555167808189,1.013,0.22356387919520473,0.0,0.0
6,161.0,161.0,100,7.48,3.189249618846593,0.3580687984970777,0.11245038526174894,0.698207752386932,0.1180904632104988,0.07487762960289197,0.1019389960229893,0.0009610983981693361,0.006792800152775153,4.48,0.6110100926607787,2.59,0.9649933270298405,2.41,0.9649933270298405,0.0,0.0,7.22,2.6536805011191906,7.02,2.666590908014777,12.78,2.653680501119192,5.0,0.0,20.26,4.471277583904094,4.052,0.8942555167808189,1.013,0.22356387919520473,0.0,0.0
6,162.0,162.0,100,7.47,3.1860015788768945,0.35759260802088716,0.11224946006338779,0.698707752386932,0.11777587932757871,0.07487762960289197,0.1019389960229893,0.0004761904761904762,0.004761904761904761,4.48,0.6110100926607787,2.58,0.9553676113032473,2.42,0.9553676113032473,0.0,0.0,7.21,2.652595450923986,6.96,2.6701492410906496,12.79,2.6525954509239873,5.0,0.0,20.26,4.471277583904094,4.052,0.8942555167808189,1.013,0.22356387919520473,0.0,0.0
6,163.0,163.0,100,7.44,3.2202641211709655,0.35582381717121403,0.11441018316112149,0.7004765432366051,0.11899465351031747,0.07487762960289197,0.1019389960229893,0.0017687908496732021,0.01012049388869212,4.48,0.6110100926607787,2.57,0.9666666666666668,2.43,0.9666666666666668,0.0,0.0,7.18,2.656723888209277,6.92,2.68056981730649,12.82,2.656723888209277,5.0,0.0,20.26,4.471277583904094,4.052,0.8942555167808189,1.013,0.22356387919520473,0.0,0.0
6,164.0,164.0,100,7.39,3.228331025796644,0.35276178013417697,0.11563283170313275,0.7037682099032717,0.11973987860327596,0.07487762960289197,0.1019389960229893,0.0030620370370370376,0.01415258620037773,4.5,0.6113406364191518,2.55,0.967919772950572,2.45,0.967919772950572,0.0,0.0,7.13,2.631030830743576,6.89,2.700149640447374,12.87,2.6310308307435757,5.0,0.0,20.26,4.471277583904094,4.052,0.8942555167808189,1.013,0.22356387919520473,0.0,0.0
6,165.0,165.0,100,7.35,3.198405537107197,0.35104569598102187,0.11457206864221128,0.7057945256927455,0.11974198004303203,0.07487762960289197,0.1019389960229893,0.0017160841531550914,0.008538078606020133,4.5,0.6113406364191518,2.54,0.9579017473497777,2.46,0.9579017473497777,0.0,0.0,7.09,2.648021941378168,6.84,2.6920008705178176,12.91,2.648021941378168,5.0,0.0,20.26,4.471277583904094,4.052,0.8942555167808189,1.013,0.22356387919520473,0.0,0.0
6,166.0,166.0,100,7.31,3.202571567735005,0.3490574606869042,0.1149090217393139,0.7078827609868631,0.1196911913138906,0.07487762960289197,0.1019389960229893,0.0019882352941176474,0.012170879160321325,4.5,0.6113406364191518,2.53,0.9582707489445915,2.47,0.9582707489445915,0.0,0.0,7.05,2.656704877866717,6.82,2.701963371440489,12.95,2.6567048778667175,5.0,0.0,20.26,4.471277583904094,4.052,0.8942555167808189,1.013,0.22356387919520473,0.0,0.0
6,167.0,167.0,100,7.29,3.201309706726896,0.3482325448619884,0.115292094027545,0.7088827609868632,0.12088042318956417,0.07487762960289197,0.1019389960229893,0.0008249158249158247,0.005834250320257055,4.51,0.5945034427438951,2.52,0.9585342345414057,2.48,0.9585342345414057,0.0,0.0,7.03,2.687250105835542,6.81,2.7068748986925337,12.97,2.687250105835542,5.0,0.0,20.26,4.471277583904094,4.052,0.8942555167808189,1.013,0.22356387919520473,0.0,0.0
6,168.0,168.0,100,7.23,3.1458004714318117,0.3457406795309177,0.11384512676062244,0.7118827609868632,0.12082903598403151,0.07487762960289197,0.1019389960229893,0.0024918653310707283,0.011726053518315712,4.53,0.593823427145025,2.51,0.9480975102218594,2.49,0.9480975102218594,0.0,0.0,6.97,2.713434589727063,6.79,2.71283890961018,13.03,2.713434589727062,5.0,0.0,20.26,4.471277583904094,4.052,0.8942555167808189,1.013,0.22356387919520473,0.0,0.0
6,169.0,169.0,100,7.2,3.1686596599199546,0.3439024442368,0.11507612666122323,0.7138043296143141,0.12166320211970448,0.07487762960289197,0.1019389960229893,0.0018382352941176464,0.010918824569678612,4.53,0.593823427145025,2.49,0.9586922911398157,2.51,0.9586922911398157,0.0,0.0,6.94,2.711069713212663,6.76,2.700991213490621,13.06,2.7110697132126624,5.0,0.0,20.26,4.471277583904094,4.052,0.8942555167808189,1.013,0.22356387919520473,0.0,0.0
6,170.0,170.0,100,7.17,3.143230661262229,0.3426285007889435,0.11421267102166205,0.7153043296143141,0.1213778323897459,0.07487762960289197,0.1019389960229893,0.0012739434478564915,0.007298451212979575,4.53,0.593823427145025,2.48,0.9585342345414057,2.52,0.9585342345414057,0.0,0.0,6.91,2.719532788156558,6.72,2.723188861566082,13.09,2.7195327881565583,5.0,0.0,20.26,4.471277583904094,4.052,0.8942555167808189,1.013,0.22356387919520473,0.0,0.0
6,171.0,171.0,100,7.17,3.143230661262229,0.3426285007889435,0.11421267102166205,0.7153043296143141,0.1213778323897459,0.07487762960289197,0.1019389960229893,0.0,0.0,4.53,0.593823427145025,2.48,0.9585342345414057,2.52,0.9585342345414057,0.0,0.0,6.91,2.719532788156558,6.67,2.711945144107171,13.09,2.7195327881565583,5.0,0.0,20.26,4.471277583904094,4.052,0.8942555167808189,1.013,0.22356387919520473,0.0,0.0
6,172.0,172.0,100,7.14,3.1399028486547005,0.34115231031275306,0.11391689831566537,0.7168043296143141,0.12044567669777877,0.07487762960289197,0.1019389960229893,0.001476190476190477,0.00843852389309883,4.54,0.5759489315183869,2.47,0.9582707489445915,2.53,0.9582707489445915,0.0,0.0,6.88,2.7165039921549785,6.62,2.7146441625548148,13.12,2.7165039921549794,5.0,0.0,20.26,4.471277583904094,4.052,0.8942555167808189,1.013,0.22356387919520473,0.0,0.0
6,173.0,173.0,100,7.12,3.1407391525312036,0.34008788454244493,0.11352302761750005,0.7178925649084317,0.11969338384211502,0.07487762960289197,0.1019389960229893,0.0010644257703081228,0.007530732379204201,4.54,0.5759489315183869,2.46,0.9579017473497777,2.54,0.9579017473497777,0.0,0.0,6.86,2.708087401421412,6.59,2.7158160036454175,13.14,2.708087401421411,5.0,0.0,20.26,4.471277583904094,4.052,0.8942555167808189,1.013,0.22356387919520473,0.0,0.0
6,174.0,174.0,100,7.08,3.1226769143014317,0.33825102744242996,0.11306198001592448,0.719974436253461,0.11975779858363739,0.07487762960289197,0.1019389960229893,0.0018368571000149925,0.009194931908999828,4.55,0.5751591786697666,2.45,0.957427107756338,2.55,0.957427107756338,0.0,0.0,6.82,2.72059114194253,6.56,2.735180454963094,13.18,2.72059114194253,5.0,0.0,20.26,4.471277583904094,4.052,0.8942555167808189,1.013,0.22356387919520473,0.0,0.0
6,175.0,175.0,100,7.03,3.1122274331995072,0.3358494393218016,0.11317496073395054,0.7225889873370523,0.1197321698721529,0.07487762960289197,0.1019389960229893,0.002401588120628367,0.01066542672169534,4.55,0.5751591786697666,2.45,0.957427107756338,2.55,0.957427107756338,0.0,0.0,6.77,2.729764854637879,6.5,2.732150520129969,13.23,2.729764854637879,5.0,0.0,20.26,4.471277583904094,4.052,0.8942555167808189,1.013,0.22356387919520473,0.0,0.0
6,176.0,176.0,100,6.99,3.1058595648167406,0.3338645178678399,0.11248109463232007,0.7247035384206437,0.1190663170900997,0.07487762960289197,0.1019389960229893,0.001984921453961702,0.009902576702526651,4.56,0.5741924500522189,2.44,0.9673456340716983,2.56,0.9673456340716983,0.0,0.0,6.73,2.72976485463788,6.48,2.7394609806760277,13.27,2.7297648546378794,5.0,0.0,20.26,4.471277583904094,4.052,0.8942555167808189,1.013,0.22356387919520473,0.0,0.0
6,177.0,177.0,100,6.96,3.110490558601892,0.3323466607249827,0.11323313167621053,0.7263285384206436,0.1195948774361543,0.07487762960289197,0.1019389960229893,0.001517857142857143,0.008807449657026171,4.56,0.5741924500522189,2.43,0.9770601131181565,2.57,0.9770601131181565,0.0,0.0,6.7,2.73584511346101,6.4,2.7376905403915726,13.3,2.7358451134610093,5.0,0.0,20.26,4.471277583904094,4.052,0.8942555167808189,1.013,0.22356387919520473,0.0,0.0
6,178.0,178.0,100,6.91,3.1143039172323705,0.3298858211259852,0.11382560742213119,0.7289798542101174,0.12007418379361932,0.07487762960289197,0.1019389960229893,0.0024608395989974934,0.01242463262464554,4.57,0.5730478499949531,2.42,0.9762844427375212,2.58,0.9762844427375212,0.0,0.0,6.65,2.750114781810263,6.37,2.7290246898069204,13.35,2.750114781810264,5.0,0.0,20.26,4.471277583904094,4.052,0.8942555167808189,1.013,0.22356387919520473,0.0,0.0
6,179.0,179.0,100,6.87,3.1290589801104907,0.32761995425292023,0.11405262969715396,0.7312457210831823,0.1191641091127045,0.07487762960289197,0.1019389960229893,0.0022658668730650153,0.011188562228245809,4.57,0.5730478499949531,2.42,0.9762844427375212,2.58,0.9762844427375212,0.0,0.0,6.61,2.729912863522248,6.34,2.7532166678636143,13.39,2.729912863522248,5.0,0.0,20.26,4.471277583904094,4.052,0.8942555167808189,1.013,0.22356387919520473,0.0,0.0
6,180.0,180.0,100,6.85,3.1249242415059464,0.32662961608866903,0.11382769284165013,0.7323012766387379,0.11874696732173404,0.07487762960289197,0.1019389960229893,0.0009903381642512065,0.007019958526289133,4.58,0.5717243101956455,2.42,0.9762844427375212,2.58,0.9762844427375212,0.0,0.0,6.59,2.7269511594934412,6.31,2.7291727388320144,13.41,2.7269511594934417,5.0,0.0,20.26,4.471277583904094,4.052,0.8942555167808189,1.013,0.22356387919520473,0.0,0.0
6,181.0,181.0,100,6.79,3.101954418124356,0.32364658800564094,0.11216760056685632,0.7355234988609601,0.11697193099568132,0.07487762960289197,0.1019389960229893,0.002983028083028083,0.012097199851343414,4.59,0.5702205846437983,2.42,0.9762844427375212,2.58,0.9762844427375212,0.0,0.0,6.53,2.7134345897270618,6.28,2.745354202460895,13.47,2.713434589727062,5.0,0.0,20.26,4.471277583904094,4.052,0.8942555167808189,1.013,0.22356387919520473,0.0,0.0
6,182.0,182.0,100,6.75,3.1119677752739405,0.32121249709655003,0.11388598950443092,0.7380575897700511,0.11795188012179815,0.07487762960289197,0.1019389960229893,0.0024340909090909096,0.012584354947308706,4.6,0.5685352436149612,2.4,0.9847319278346616,2.6,0.9847319278346616,0.0,0.0,6.49,2.691156486034068,6.25,2.7720648322763726,13.51,2.6911564860340675,5.0,0.0,20.26,4.471277583904094,4.052,0.8942555167808189,1.013,0.22356387919520473,0.0,0.0
6,183.0,183.0,100,6.74,3.09323145077778,0.3207958304298833,0.11314509372355187,0.7385575897700511,0.1172505388596707,0.07487762960289197,0.1019389960229893,0.0004166666666666663,0.004166666666666663,4.6,0.5685352436149612,2.4,0.9847319278346616,2.6,0.9847319278346616,0.0,0.0,6.48,2.683582710038236,6.2,2.7413776673693673,13.52,2.6835827100382352,5.0,0.0,20.26,4.471277583904094,4.052,0.8942555167808189,1.013,0.22356387919520473,0.0,0.0
6,184.0,184.0,100,6.71,3.1052090480872994,0.31909212672617965,0.11516989341561536,0.7403909231033845,0.11911300376618816,0.07487762960289197,0.1019389960229893,0.001703703703703704,0.01031127945990515,4.6,0.5685352436149612,2.39,1.0039819709436009,2.61,1.0039819709436009,0.0,0.0,6.45,2.6907060392950757,6.17,2.741580315486421,13.55,2.6907060392950752,5.0,0.0,20.26,4.471277583904094,4.052,0.8942555167808189,1.013,0.22356387919520473,0.0,0.0
6,185.0,185.0,100,6.67,3.1109289268446476,0.3172050050759001,0.11555922149686047,0.742417238892858,0.1195678671730199,0.07487762960289197,0.1019389960229893,0.0018871216502795453,0.009353238475064479,4.61,0.5485518124198397,2.38,1.0028242945085473,2.62,1.0028242945085473,0.0,0.0,6.41,2.7158160036454175,6.16,2.7477079520755088,13.59,2.715816003645416,5.0,0.0,20.26,4.471277583904094,4.052,0.8942555167808189,1.013,0.22356387919520473,0.0,0.0
6,186.0,186.0,100,6.64,3.1124383893135503,0.3158998520968341,0.11599453582518506,0.7439172388928581,0.12080959388546511,0.07487762960289197,0.1019389960229893,0.0013051529790660227,0.007515478204002165,4.62,0.5464301040259939,2.37,1.0115993936995678,2.63,1.0115993936995678,0.0,0.0,6.38,2.7516019209386244,6.13,2.7511430131470593,13.62,2.7516019209386244,5.0,0.0,20.26,4.471277583904094,4.052,0.8942555167808189,1.013,0.22356387919520473,0.0,0.0
6,187.0,187.0,100,6.58,3.1178210469505916,0.3129632041043037,0.1165675407456797,0.7470610297425313,0.12114468328659124,0.07487762960289197,0.1019389960229893,0.002936647992530346,0.011801353299214902,4.64,0.5416025603090637,2.35,0.9987365756167875,2.65,0.9987365756167875,0.0,0.0,6.32,2.7702605354629437,6.1,2.7321505201299696,13.68,2.770260535462944,5.0,0.0,20.26,4.471277583904094,4.052,0.8942555167808189,1.013,0.22356387919520473,0.0,0.0
6,188.0,188.0,100,6.55,3.1119677752739388,0.31151057252535636,0.11619828212646142,0.7486136613214787,0.12067605747733627,0.07487762960289197,0.1019389960229893,0.0014526315789473677,0.00836608856784076,4.64,0.5416025603090637,2.34,1.0072464715974212,2.65,1.0187633620614691,0.01,0.1,6.28,2.7891564924532184,6.07,2.7312445825478484,13.72,2.7891564924532184,5.0,0.0,20.26,4.471277583904094,4.052,0.8942555167808189,1.013,0.22356387919520473,0.0,0.0
6,189.0,189.0,100,6.55,3.1119677752739388,0.31151057252535636,0.11619828212646142,0.7486136613214787,0.12067605747733627,0.07487762960289197,0.1019389960229893,0.0,0.0,4.64,0.5416025603090637,2.34,1.0072464715974212,2.66,1.0072464715974212,0.0,0.0,6.29,2.771773308322177,6.03,2.724579478255926,13.71,2.7717733083221776,5.0,0.0,20.26,4.471277583904094,4.052,0.8942555167808189,1.013,0.22356387919520473,0.0,0.0
6,190.0,190.0,100,6.5,3.1350092229980486,0.30853558523829816,0.11576592296526297,0.7516538659998412,0.1192374504006983,0.07487762960289197,0.1019389960229893,0.0029749872870582267,0.013375879668023168,4.66,0.5167888418597166,2.32,1.013843571700678,2.67,1.015585615009459,0.01,0.1,6.23,2.748204188670533,6.02,2.722817910499594,13.77,2.7482041886705324,5.0,0.0,20.26,4.471277583904094,4.052,0.8942555167808189,1.013,0.22356387919520473,0.0,0.0
6,191.0,191.0,100,6.45,3.1506773361878357,0.3059937381964511,0.11630399716497053,0.7542649771109524,0.1189166329663017,0.07487762960289197,0.1019389960229893,0.0025418470418470417,0.011173756350196743,4.68,0.5101000100000197,2.3,0.9898474527915803,2.7,0.9898474527915803,0.0,0.0,6.19,2.7586228448267436,5.98,2.6967245377166784,13.81,2.758622844826744,5.0,0.0,20.26,4.471277583904094,4.052,0.8942555167808189,1.013,0.22356387919520473,0.0,0.0
6,192.0,192.0,100,6.43,3.1534973370125834,0.3050630022657152,0.1165065078829058,0.7552649771109523,0.11908838914924241,0.07487762960289197,0.1019389960229893,0.0009307359307359312,0.0065497802117093044,4.68,0.5101000100000197,2.29,0.9877532918986226,2.71,0.9877532918986226,0.0,0.0,6.17,2.7708985524336303,5.97,2.687250105835542,13.83,2.770898552433631,5.0,0.0,20.26,4.471277583904094,4.052,0.8942555167808189,1.013,0.22356387919520473,0.0,0.0
6,193.0,193.0,100,6.38,3.1455596409137527,0.3024636558604864,0.1150928690659695,0.757964323516181,0.11721468949019838,0.07487762960289197,0.1019389960229893,0.0025993464052287574,0.011484458952261616,4.69,0.5064233865696235,2.29,0.9877532918986226,2.71,0.9877532918986226,0.0,0.0,6.12,2.7497658302503005,5.98,2.6892227858470914,13.88,2.7497658302503005,5.0,0.0,20.26,4.471277583904094,4.052,0.8942555167808189,1.013,0.22356387919520473,0.0,0.0
6,194.0,194.0,100,6.36,3.1479350294272193,0.3014319098287404,0.11511547933204222,0.7590198790717366,0.1168135993733088,0.07487762960289197,0.1019389960229893,0.0010317460317460314,0.007280486900848458,4.69,0.5064233865696235,2.28,0.9855521961383537,2.72,0.9855521961383537,0.0,0.0,6.1,2.7468990781342053,5.95,2.6907060392950752,13.9,2.7468990781342058,5.0,0.0,20.26,4.471277583904094,4.052,0.8942555167808189,1.013,0.22356387919520473,0.0,0.0
6,195.0,195.0,100,6.29,3.147212972607589,0.2978603412012894,0.11466009839134082,0.7627747810325209,0.11560309859669543,0.07487762960289197,0.1019389960229893,0.0035715686274509807,0.015391460062579746,4.69,0.5064233865696235,2.28,0.9855521961383537,2.71,0.977473552304381,0.01,0.1,6.02,2.7413039734307967,5.93,2.66004860592031,13.98,2.741303973430797,5.0,0.0,20.26,4.471277583904094,4.052,0.8942555167808189,1.013,0.22356387919520473,0.0,0.0
6,196.0,196.0,100,6.27,3.16181446436547,0.29663811897906717,0.11526512750125284,0.7639970032547432,0.11555722179392686,0.07487762960289197,0.1019389960229893,0.0012222222222222218,0.008634837520466924,4.69,0.5064233865696235,2.28,0.9855521961383537,2.72,0.9855521961383537,0.0,0.0,6.01,2.72843241337282,5.9,2.638104614983257,13.99,2.7284324133728193,5.0,0.0,20.26,4.471277583904094,4.052,0.8942555167808189,1.013,0.22356387919520473,0.0,0.0
6,197.0,197.0,100,6.27,3.16181446436547,0.29663811897906717,0.11526512750125284,0.7639970032547432,0.11555722179392686,0.07487762960289197,0.1019389960229893,0.0,0.0,4.69,0.5064233865696235,2.28,0.9855521961383537,2.72,0.9855521961383537,0.0,0.0,6.01,2.72843241337282,5.9,2.638104614983257,13.99,2.7284324133728193,5.0,0.0,20.26,4.471277583904094,4.052,0.8942555167808189,1.013,0.22356387919520473,0.0,0.0
6,198.0,198.0,100,6.26,3.1642574567385076,0.2960131189790672,0.11500508836096884,0.7646220032547432,0.11496535452907113,0.07487762960289197,0.1019389960229893,0.000625,0.0062499999999999995,4.69,0.5064233865696235,2.28,0.9855521961383537,2.72,0.9855521961383537,0.0,0.0,6.0,2.7154626445114967,5.88,2.621896915277836,14.0,2.7154626445114967,5.0,0.0,20.26,4.471277583904094,4.052,0.8942555167808189,1.013,0.22356387919520473,0.0,0.0
6,199.0,199.0,100,6.25,3.166666666666667,0.2951797856457338,0.11380774374245232,0.7654553365880765,0.11331807269129014,0.07487762960289197,0.1019389960229893,0.0008333333333333332,0.008333333333333333,4.7,0.5025189076296059,2.27,0.9934634854737724,2.73,0.9934634854737724,0.0,0.0,5.99,2.6874004562255345,5.86,2.6362661075655835,14.01,2.687400456225535,5.0,0.0,20.26,4.471277583904094,4.052,0.8942555167808189,1.013,0.22356387919520473,0.0,0.0
6,200.0,200.0,100,6.23,3.1809248385151805,0.2941797856457338,0.11464499478817862,0.7664553365880765,0.1136211366615842,0.07487762960289197,0.1019389960229893,0.001,0.007035264706814486,4.7,0.5025189076296059,2.27,0.9934634854737724,2.72,0.9855521961383537,0.01,0.09999999999999999,5.96,2.6777044291894896,5.84,2.623591493207798,14.04,2.6777044291894896,5.0,0.0,20.26,4.471277583904094,4.052,0.8942555167808189,1.013,0.22356387919520473,0.0,0.0
6,201.0,201.0,100,6.23,3.1809248385151805,0.2941797856457338,0.11464499478817862,0.7664553365880765,0.1136211366615842,0.07487762960289197,0.1019389960229893,0.0,0.0,4.7,0.5025189076296059,2.27,0.9934634854737724,2.73,0.9934634854737724,0.0,0.0,5.97,2.7022437366235508,5.78,2.6269004664444484,14.03,2.7022437366235503,5.0,0.0,20.26,4.471277583904094,4.052,0.8942555167808189,1.013,0.22356387919520473,0.0,0.0
6,202.0,202.0,100,6.19,3.2025715677350046,0.29185199926802485,0.11538295708770602,0.7687831229657855,0.11311220978746381,0.07487762960289197,0.1019389960229893,0.002327786377708978,0.011483360551219806,4.7,0.5025189076296059,2.26,0.9910712498212336,2.74,0.9910712498212335,0.0,0.0,5.93,2.6827356759604006,5.77,2.6585292508787215,14.07,2.6827356759604006,5.0,0.0,20.26,4.471277583904094,4.052,0.8942555167808189,1.013,0.22356387919520473,0.0,0.0
6,203.0,203.0,100,6.18,3.2110289738193063,0.2912964437124693,0.11585438654515087,0.769338678521341,0.11329312076002863,0.07487762960289197,0.1019389960229893,0.0005555555555555561,0.00555555555555556,4.7,0.5025189076296059,2.26,0.9910712498212336,2.74,0.9910712498212335,0.0,0.0,5.92,2.6843354048360952,5.76,2.6633312473917568,14.08,2.684335404836096,5.0,0.0,20.26,4.471277583904094,4.052,0.8942555167808189,1.013,0.22356387919520473,0.0,0.0
6,204.0,204.0,100,6.14,3.216183823079518,0.28911967603570166,0.11606744933472678,0.7715609007435633,0.11254148259521499,0.07487762960289197,0.1019389960229893,0.0021767676767676784,0.010835383558046363,4.7,0.5025189076296059,2.25,0.9987365756167877,2.75,0.9987365756167879,0.0,0.0,5.88,2.66772706189514,5.72,2.636495991104691,14.12,2.6677270618951403,5.0,0.0,20.26,4.471277583904094,4.052,0.8942555167808189,1.013,0.22356387919520473,0.0,0.0
6,205.0,205.0,100,6.09,3.2445603272510923,0.28606068050766587,0.11704507155279507,0.7746198962715991,0.11188604974200288,0.07487762960289197,0.1019389960229893,0.003058995528035777,0.013637377818065137,4.7,0.5025189076296059,2.24,0.9961542211541505,2.76,0.9961542211541508,0.0,0.0,5.83,2.636400208732744,5.71,2.629648361483053,14.17,2.6364002087327445,5.0,0.0,20.26,4.471277583904094,4.052,0.8942555167808189,1.013,0.22356387919520473,0.0,0.0
6,206.0,206.0,100,6.08,3.2401521350988842,0.28550512495211033,0.11641586411157706,0.7751754518271546,0.11092109297517325,0.07487762960289197,0.1019389960229893,0.0005555555555555552,0.005555555555555552,4.71,0.4983812179284432,2.24,0.9961542211541505,2.76,0.9961542211541508,0.0,0.0,5.82,2.6222821427839595,5.64,2.6343496312748576,14.18,2.6222821427839595,5.0,0.0,20.26,4.471277583904094,4.052,0.8942555167808189,1.013,0.22356387919520473,0.0,0.0
6,207.0,207.0,100,6.07,3.220060229062164,0.285171791618777,0.11603541232263863,0.7756754518271546,0.11137355708828182,0.07487762960289197,0.1019389960229893,0.0003333333333333327,0.003333333333333328,4.71,0.4983812179284432,2.24,0.9961542211541505,2.76,0.9961542211541508,0.0,0.0,5.81,2.6350205565295566,5.63,2.627188842112651,14.19,2.635020556529556,5.0,0.0,20.26,4.471277583904094,4.052,0.8942555167808189,1.013,0.22356387919520473,0.0,0.0
6,208.0,208.0,100,6.04,3.2032811461078623,0.2836051249521103,0.11526231597291572,0.7773421184938214,0.10993059394997534,0.07487762960289197,0.1019389960229893,0.0015666666666666663,0.009155778657672038,4.71,0.4983812179284432,2.23,0.9934634854737728,2.77,0.9934634854737728,0.0,0.0,5.78,2.6114742923869607,5.59,2.6365534588576316,14.22,2.6114742923869607,5.0,0.0,20.26,4.471277583904094,4.052,0.8942555167808189,1.013,0.22356387919520473,0.0,0.0
6,209.0,209.0,100,6.03,3.2081178597458346,0.28315057949756484,0.11557591097042877,0.7778421184938213,0.1103772045564461,0.07487762960289197,0.1019389960229893,0.00045454545454545417,0.004545454545454543,4.72,0.4940044575106626,2.23,0.9934634854737728,2.77,0.9934634854737728,0.0,0.0,5.77,2.6241112011421306,5.56,2.625900518936986,14.23,2.624111201142131,5.0,0.0,20.26,4.471277583904094,4.052,0.8942555167808189,1.013,0.22356387919520473,0.0,0.0
6,210.0,210.0,100,6.01,3.223947639748261,0.2820687081525356,0.11648071487652914,0.7789239898388505,0.11072392454737272,0.07487762960289197,0.1019389960229893,0.00108187134502924,0.007614087352447872,4.72,0.4940044575106626,2.22,1.0008077545743546,2.78,1.0008077545743546,0.0,0.0,5.75,2.6299556396765835,5.5,2.638104614983257,14.25,2.6299556396765835,5.0,0.0,20.26,4.471277583904094,4.052,0.8942555167808189,1.013,0.22356387919520473,0.0,0.0
6,211.0,211.0,100,5.99,3.2176753011194807,0.28123392554383997,0.11646381622878389,0.7799239898388506,0.11136590710571007,0.07487762960289197,0.1019389960229893,0.0008347826086956522,0.005878116382026253,4.72,0.4940044575106626,2.21,0.9979271445644646,2.79,0.9979271445644646,0.0,0.0,5.73,2.650919413594788,5.48,2.634196252937487,14.27,2.650919413594789,5.0,0.0,20.26,4.471277583904094,4.052,0.8942555167808189,1.013,0.22356387919520473,0.0,0.0
6,212.0,212.0,100,5.95,3.2172985719404563,0.27920616047900393,0.11657108218121062,0.7821169722949908,0.11149328499879878,0.07487762960289197,0.1019389960229893,0.0020277650648360046,0.010196901687962149,4.72,0.4940044575106626,2.19,0.9815983667138785,2.81,0.9815983667138785,0.0,0.0,5.69,2.654118202782882,5.47,2.649394823217734,14.31,2.654118202782882,5.0,0.0,20.26,4.471277583904094,4.052,0.8942555167808189,1.013,0.22356387919520473,0.0,0.0
6,213.0,213.0,100,5.93,3.204337338324069,0.2782713778703083,0.11580935342747034,0.7831169722949909,0.11051400171464704,0.07487762960289197,0.1019389960229893,0.0009347826086956534,0.006592754912038058,4.72,0.4940044575106626,2.19,0.9815983667138785,2.81,0.9815983667138785,0.0,0.0,5.67,2.647869355012086,5.46,2.653071404766158,14.33,2.6478693550120855,5.0,0.0,20.26,4.471277583904094,4.052,0.8942555167808189,1.013,0.22356387919520473,0.0,0.0
6,214.0,214.0,100,5.85,3.185747934000727,0.2742355449930961,0.11702308642884866,0.7875614167394354,0.11146933731496417,0.07487762960289197,0.1019389960229893,0.004035832877212186,0.017041304258839755,4.73,0.4682872294787988,2.17,0.9954949025535492,2.83,0.9954949025535493,0.0,0.0,5.59,2.6480219413781674,5.42,2.652157497951318,14.41,2.6480219413781674,5.0,0.0,20.26,4.471277583904094,4.052,0.8942555167808189,1.013,0.22356387919520473,0.0,0.0
6,215.0,215.0,100,5.81,3.1613032729933366,0.27227609757776633,0.11569675668102893,0.7896496520335529,0.10948376229913351,0.07487762960289197,0.1019389960229893,0.001959447415329768,0.00973304846444015,4.74,0.46319051646752707,2.17,0.9954949025535492,2.83,0.9954949025535493,0.0,0.0,5.55,2.6261120780470595,5.41,2.64420464068464,14.45,2.6261120780470595,5.0,0.0,20.26,4.471277583904094,4.052,0.8942555167808189,1.013,0.22356387919520473,0.0,0.0
6,216.0,216.0,100,5.76,3.1530648870294726,0.2699167537052646,0.11560411637045538,0.7922315233785823,0.10946299659902414,0.07487762960289197,0.1019389960229893,0.002359343872501766,0.010436352188284403,4.75,0.4578165130223675,2.15,0.9885710532241613,2.85,0.9885710532241613,0.0,0.0,5.5,2.6419307295608605,5.38,2.631510684920068,14.5,2.6419307295608605,5.0,0.0,20.26,4.471277583904094,4.052,0.8942555167808189,1.013,0.22356387919520473,0.0,0.0
6,217.0,217.0,100,5.75,3.131382371342656,0.26951675370526457,0.11479644702707685,0.7927315233785822,0.10868750787694052,0.07487762960289197,0.1019389960229893,0.00040000000000000034,0.0040000000000000036,4.76,0.4521553322083513,2.15,0.9885710532241613,2.85,0.9885710532241613,0.0,0.0,5.49,2.6342537708605316,5.36,2.607371058822245,14.51,2.6342537708605316,5.0,0.0,20.26,4.471277583904094,4.052,0.8942555167808189,1.013,0.22356387919520473,0.0,0.0
6,218.0,218.0,100,5.73,3.1425878803716185,0.26849043791579086,0.11535758986438636,0.7937578391680559,0.10868790293481619,0.07487762960289197,0.1019389960229893,0.001026315789473685,0.007222824856962222,4.76,0.4521553322083513,2.14,0.9849370589540282,2.86,0.984937058954028,0.0,0.0,5.47,2.6417586734766076,5.34,2.6023299583490966,14.53,2.641758673476609,5.0,0.0,20.26,4.471277583904094,4.052,0.8942555167808189,1.013,0.22356387919520473,0.0,0.0
6,219.0,219.0,100,5.71,3.1600249327746734,0.26730988236023534,0.11625070157730195,0.7949383947236115,0.10895619590751371,0.07487762960289197,0.1019389960229893,0.001180555555555555,0.008320170580947951,4.76,0.4521553322083513,2.12,0.9977753031397177,2.88,0.9977753031397179,0.0,0.0,5.45,2.6376259604179486,5.29,2.579229389260335,14.55,2.6376259604179486,5.0,0.0,20.26,4.471277583904094,4.052,0.8942555167808189,1.013,0.22356387919520473,0.0,0.0
6,220.0,220.0,100,5.69,3.1356374506983777,0.2665625997515397,0.115934610613311,0.7959383947236114,0.10992128180134834,0.07487762960289197,0.1019389960229893,0.000747282608695653,0.005328670820409492,4.76,0.4521553322083513,2.12,0.9977753031397177,2.88,0.9977753031397179,0.0,0.0,5.43,2.663843202228803,5.28,2.5744666997028314,14.57,2.6638432022288034,5.0,0.0,20.26,4.471277583904094,4.052,0.8942555167808189,1.013,0.22356387919520473,0.0,0.0
6,221.0,221.0,100,5.65,3.1346064467102686,0.26410805429699424,0.11629979458849399,0.7986050613902781,0.11031925350445058,0.07487762960289197,0.1019389960229893,0.0024545454545454553,0.01289571080663831,4.76,0.4521553322083513,2.11,1.003981970943601,2.89,1.003981970943601,0.0,0.0,5.39,2.6434405190542454,5.25,2.5834555200820515,14.61,2.6434405190542454,5.0,0.0,20.26,4.471277583904094,4.052,0.8942555167808189,1.013,0.22356387919520473,0.0,0.0
6,222.0,222.0,100,5.63,3.12905898011049,0.26287472096366093,0.11522192561907559,0.7999383947236115,0.10910059165598716,0.07487762960289197,0.1019389960229893,0.0012333333333333335,0.009207119189575194,4.76,0.4521553322083513,2.11,1.003981970943601,2.89,1.003981970943601,0.0,0.0,5.37,2.6233412267410414,5.2,2.589801287178363,14.63,2.6233412267410414,5.0,0.0,20.26,4.471277583904094,4.052,0.8942555167808189,1.013,0.22356387919520473,0.0,0.0
6,223.0,223.0,100,5.62,3.110035889233954,0.2625043505932905,0.11469069241506438,0.8004383947236114,0.10898392668982577,0.07487762960289197,0.1019389960229893,0.00037037037037037035,0.003703703703703703,4.76,0.4521553322083513,2.11,1.003981970943601,2.89,1.003981970943601,0.0,0.0,5.36,2.6266697431146415,5.19,2.5690268565935606,14.64,2.6266697431146415,5.0,0.0,20.26,4.471277583904094,4.052,0.8942555167808189,1.013,0.22356387919520473,0.0,0.0
6,224.0,224.0,100,5.62,3.110035889233954,0.2625043505932905,0.11469069241506438,0.8004383947236114,0.10898392668982577,0.07487762960289197,0.1019389960229893,0.0,0.0,4.76,0.4521553322083513,2.11,1.003981970943601,2.89,1.003981970943601,0.0,0.0,5.36,2.6266697431146415,5.15,2.5873624493766707,14.64,2.6266697431146415,5.0,0.0,20.26,4.471277583904094,4.052,0.8942555167808189,1.013,0.22356387919520473,0.0,0.0
6,225.0,225.0,100,5.61,3.103907605622697,0.26208768392662385,0.11450631284744187,0.8009383947236114,0.10909653273033094,0.07487762960289197,0.1019389960229893,0.0004166666666666663,0.004166666666666664,4.76,0.4521553322083513,2.11,1.003981970943601,2.89,1.003981970943601,0.0,0.0,5.35,2.633793592305343,5.11,2.597181844876006,14.65,2.6337935923053437,5.0,0.0,20.26,4.471277583904094,4.052,0.8942555167808189,1.013,0.22356387919520473,0.0,0.0
6,226.0,226.0,100,5.59,3.101303082267324,0.2610279013179282,0.11432793947024003,0.8020633947236113,0.10862417093458757,0.07487762960289197,0.1019389960229893,0.001059782608695653,0.007577408774914248,4.77,0.4461960433384737,2.09,0.9959006887326575,2.91,0.9959006887326576,0.0,0.0,5.33,2.6248809496813372,5.08,2.6002330897848602,14.67,2.6248809496813372,5.0,0.0,20.26,4.471277583904094,4.052,0.8942555167808189,1.013,0.22356387919520473,0.0,0.0
6,227.0,227.0,100,5.58,3.0983214745400383,0.2605517108417377,0.11412272159966923,0.8025633947236115,0.10826410380694906,0.07487762960289197,0.1019389960229893,0.0004761904761904762,0.004761904761904761,4.77,0.4461960433384737,2.09,0.9959006887326575,2.91,0.9959006887326576,0.0,0.0,5.32,2.624207432057277,5.07,2.5985815866788298,14.68,2.6242074320572764,5.0,0.0,20.26,4.471277583904094,4.052,0.8942555167808189,1.013,0.22356387919520473,0.0,0.0
6,228.0,228.0,100,5.55,3.11521194376008,0.2584683775084044,0.11529091555742978,0.8047300613902781,0.10882389459397684,0.07487762960289197,0.1019389960229893,0.0020833333333333324,0.012387258125220063,4.77,0.4461960433384737,2.08,1.0118489926063,2.92,1.0118489926063,0.0,0.0,5.29,2.594847263950678,5.04,2.6011652400531204,14.71,2.5948472639506788,5.0,0.0,20.26,4.471277583904094,4.052,0.8942555167808189,1.013,0.22356387919520473,0.0,0.0
6,229.0,229.0,100,5.53,3.1251828229349523,0.25713504417507105,0.11557639593634646,0.8060633947236114,0.10834351220500808,0.07487762960289197,0.1019389960229893,0.001333333333333334,0.009674848505413074,4.77,0.4461960433384737,2.08,1.0118489926063,2.91,0.9959006887326576,0.01,0.09999999999999999,5.26,2.5647966426564537,5.03,2.607119235299894,14.74,2.5647966426564537,5.0,0.0,20.26,4.471277583904094,4.052,0.8942555167808189,1.013,0.22356387919520473,0.0,0.0
6,230.0,230.0,100,5.5,3.118857599710626,0.255646425739191,0.11604512669569295,0.8077071855732847,0.10869290783302069,0.07487762960289197,0.1019389960229893,0.0014886184358800997,0.008712054532107872,4.78,0.43992653197477594,2.07,1.017572869849892,2.93,1.017572869849892,0.0,0.0,5.24,2.578543947441829,5.01,2.5878308845186706,14.76,2.578543947441828,5.0,0.0,20.26,4.471277583904094,4.052,0.8942555167808189,1.013,0.22356387919520473,0.0,0.0
6,231.0,231.0,100,5.46,3.1153578519095597,0.2538187859876382,0.11607443281766823,0.8097071855732847,0.10876337948009769,0.07487762960289197,0.1019389960229893,0.0018276397515527942,0.009022988188623904,4.79,0.4333333333333334,2.05,1.0087996667707455,2.95,1.0087996667707455,0.0,0.0,5.2,2.6014758825860302,5.0,2.5819888974716108,14.8,2.60147588258603,5.0,0.0,20.26,4.471277583904094,4.052,0.8942555167808189,1.013,0.22356387919520473,0.0,0.0
6,232.0,232.0,100,5.43,3.1406587483738777,0.25189721736018716,0.11735416813228797,0.8116287542007357,0.10900272685241676,0.07487762960289197,0.1019389960229893,0.0019215686274509807,0.011252568486996807,4.79,0.4333333333333334,2.04,1.014242016821857,2.96,1.014242016821857,0.0,0.0,5.17,2.5861128741761834,4.98,2.589723279940671,14.83,2.586112874176183,5.0,0.0,20.26,4.471277583904094,4.052,0.8942555167808189,1.013,0.22356387919520473,0.0,0.0
6,233.0,233.0,100,5.42,3.14684385736348,0.2513709015707135,0.11765921047025371,0.8121550699902094,0.10902173452596338,0.07487762960289197,0.1019389960229893,0.0005263157894736839,0.0052631578947368385,4.79,0.4333333333333334,2.04,1.014242016821857,2.95,1.0286305498481014,0.01,0.1,5.15,2.6029315252715595,4.98,2.589723279940671,14.85,2.602931525271558,5.0,0.0,20.26,4.471277583904094,4.052,0.8942555167808189,1.013,0.22356387919520473,0.0,0.0
6,234.0,234.0,100,5.35,3.1570827859230612,0.2476110138549434,0.11902745818355528,0.816243305284327,0.11061712375237762,0.07487762960289197,0.1019389960229893,0.003759887715770069,0.014397868845611693,4.79,0.4333333333333334,2.03,1.0195562512656913,2.97,1.0195562512656913,0.0,0.0,5.09,2.5979595723170785,4.97,2.5954700241891926,14.91,2.5979595723170785,5.0,0.0,20.26,4.471277583904094,4.052,0.8942555167808189,1.013,0.22356387919520473,0.0,0.0
6,235.0,235.0,100,5.33,3.1624533373808235,0.24649646277135212,0.11898494218780332,0.8173578563679184,0.10991930301953771,0.07487762960289197,0.1019389960229893,0.0011145510835913319,0.00785349970444006,4.79,0.4333333333333334,2.03,1.0195562512656913,2.97,1.0195562512656913,0.0,0.0,5.07,2.5868939294103663,4.95,2.5834555200820515,14.93,2.5868939294103663,5.0,0.0,20.26,4.471277583904094,4.052,0.8942555167808189,1.013,0.22356387919520473,0.0,0.0
6,236.0,236.0,100,5.3,3.1350092229980477,0.24520360562849497,0.11787210393295128,0.8188578563679182,0.10909224655315489,0.07487762960289197,0.1019389960229893,0.001292857142857143,0.0074104327550349285,4.79,0.4333333333333334,2.01,1.0199524647271707,2.99,1.0199524647271707,0.0,0.0,5.04,2.5894892441279898,4.93,2.555465523227429,14.96,2.5894892441279893,5.0,0.0,20.26,4.471277583904094,4.052,0.8942555167808189,1.013,0.22356387919520473,0.0,0.0
6,237.0,237.0,100,5.3,3.1350092229980477,0.24520360562849497,0.11787210393295128,0.8188578563679182,0.10909224655315489,0.07487762960289197,0.1019389960229893,0.0,0.0,4.79,0.4333333333333334,2.01,1.0199524647271707,2.99,1.0199524647271707,0.0,0.0,5.04,2.5894892441279898,4.9,2.564323999762428,14.96,2.5894892441279893,5.0,0.0,20.26,4.471277583904094,4.052,0.8942555167808189,1.013,0.22356387919520473,0.0,0.0
6,238.0,238.0,100,5.27,3.149009785037612,0.2435725895857142,0.11853311659182231,0.8205343269561536,0.10915853802947176,0.07487762960289197,0.1019389960229893,0.001631016042780749,0.009385411844830842,4.79,0.4333333333333334,1.99,1.0298082590973188,3.01,1.0298082590973188,0.0,0.0,5.01,2.5878308845186706,4.89,2.5579940057266226,14.99,2.5878308845186706,5.0,0.0,20.26,4.471277583904094,4.052,0.8942555167808189,1.013,0.22356387919520473,0.0,0.0
6,239.0,239.0,100,5.26,3.1257160795729693,0.2432277619995073,0.11798046303493996,0.8210343269561535,0.1091780412002866,0.07487762960289197,0.1019389960229893,0.00034482758620689723,0.0034482758620689715,4.79,0.4333333333333334,1.99,1.0298082590973188,3.01,1.0298082590973188,0.0,0.0,5.0,2.593698657761292,4.86,2.538670613696957,15.0,2.593698657761292,5.0,0.0,20.26,4.471277583904094,4.052,0.8942555167808189,1.013,0.22356387919520473,0.0,0.0
6,240.0,240.0,100,5.24,3.1111399710061134,0.2422579344133004,0.11742080050623584,0.8221593269561537,0.10906161206000992,0.07487762960289197,0.1019389960229893,0.0009698275862068961,0.007107581730413278,4.8,0.426401432711221,1.99,1.0298082590973188,3.01,1.0298082590973188,0.0,0.0,4.98,2.5936207677431735,4.83,2.5188381159863082,15.02,2.5936207677431726,5.0,0.0,20.26,4.471277583904094,4.052,0.8942555167808189,1.013,0.22356387919520473,0.0,0.0
6,241.0,241.0,100,5.22,3.0996252624594427,0.24121626774663377,0.11684128090748112,0.8232843269561536,0.10813351858065008,0.07487762960289197,0.1019389960229893,0.0010416666666666662,0.007476464193388263,4.8,0.426401432711221,1.99,1.0298082590973188,3.01,1.0298082590973188,0.0,0.0,4.96,2.57776036218429,4.82,2.5040573137017113,15.04,2.5777603621842906,5.0,0.0,20.26,4.471277583904094,4.052,0.8942555167808189,1.013,0.22356387919520473,0.0,0.0
6,242.0,242.0,100,5.2,3.113995776646092,0.24006495195716007,0.11755185584770629,0.8244356427456273,0.10820993674498244,0.07487762960289197,0.1019389960229893,0.0011513157894736839,0.008130116289863654,4.81,0.4191140246479062,1.97,1.0391818848974368,3.03,1.0391818848974368,0.0,0.0,4.94,2.573446378424517,4.81,2.509356229567394,15.06,2.5734463784245167,5.0,0.0,20.26,4.471277583904094,4.052,0.8942555167808189,1.013,0.22356387919520473,0.0,0.0
6,243.0,243.0,100,5.17,3.107680287236248,0.23825939640160454,0.11722578833949754,0.8263245316345161,0.1071551496294364,0.07487762960289197,0.1019389960229893,0.001805555555555556,0.01075013376577439,4.81,0.4191140246479062,1.97,1.0391818848974368,3.03,1.0391818848974368,0.0,0.0,4.91,2.538969010516598,4.8,2.5186175460824423,15.09,2.5389690105165985,5.0,0.0,20.26,4.471277583904094,4.052,0.8942555167808189,1.013,0.22356387919520473,0.0,0.0
6,244.0,244.0,100,5.16,3.1228063007364373,0.23742606306827116,0.11862608559779271,0.8271578649678495,0.10818392520596169,0.07487762960289197,0.1019389960229893,0.0008333333333333331,0.008333333333333331,4.81,0.4191140246479062,1.96,1.0533256616521547,3.04,1.0533256616521547,0.0,0.0,4.9,2.524626184950432,4.79,2.507745576965071,15.1,2.5246261849504315,5.0,0.0,20.26,4.471277583904094,4.052,0.8942555167808189,1.013,0.22356387919520473,0.0,0.0
6,245.0,245.0,100,5.14,3.120541263591587,0.23637050751271563,0.11808792622444894,0.828213420523405,0.10695162808504731,0.07487762960289197,0.1019389960229893,0.0010555555555555557,0.007436600722307896,4.82,0.4114522199392407,1.95,1.0576799462440745,3.05,1.0576799462440745,0.0,0.0,4.88,2.511709949155529,4.76,2.486813709195448,15.12,2.5117099491555286,5.0,0.0,20.26,4.471277583904094,4.052,0.8942555167808189,1.013,0.22356387919520473,0.0,0.0
6,246.0,246.0,100,5.11,3.1362816560797953,0.23475595642912428,0.11878446068748974,0.8298279716069963,0.10673793085121087,0.07487762960289197,0.1019389960229893,0.0016145510835913323,0.00924941341017339,4.82,0.4114522199392407,1.94,1.06192126246571,3.06,1.0619212624657102,0.0,0.0,4.85,2.5120919689784564,4.74,2.4725564409200764,15.15,2.5120919689784564,5.0,0.0,20.26,4.471277583904094,4.052,0.8942555167808189,1.013,0.22356387919520473,0.0,0.0
6,247.0,247.0,100,5.08,3.1129576049964203,0.23345003044474805,0.11788871412676073,0.8313542873964701,0.10650881514253846,0.07487762960289197,0.1019389960229893,0.0013059259843762319,0.007573850978068464,4.82,0.4114522199392407,1.92,1.0510216290098242,3.08,1.0510216290098242,0.0,0.0,4.82,2.5241460202042854,4.73,2.481670177257016,15.18,2.524146020204285,5.0,0.0,20.26,4.471277583904094,4.052,0.8942555167808189,1.013,0.22356387919520473,0.0,0.0
6,248.0,248.0,100,5.08,3.1129576049964203,0.23345003044474805,0.11788871412676073,0.8313542873964701,0.10650881514253846,0.07487762960289197,0.1019389960229893,0.0,0.0,4.82,0.4114522199392407,1.92,1.0510216290098242,3.08,1.0510216290098242,0.0,0.0,4.82,2.5241460202042854,4.73,2.5059726634380888,15.18,2.524146020204285,5.0,0.0,20.26,4.471277583904094,4.052,0.8942555167808189,1.013,0.22356387919520473,0.0,0.0
6,249.0,249.0,100,5.08,3.1129576049964203,0.23345003044474805,0.11788871412676073,0.8313542873964701,0.10650881514253846,0.07487762960289197,0.1019389960229893,0.0,0.0,4.82,0.4114522199392407,1.92,1.0510216290098242,3.08,1.0510216290098242,0.0,0.0,4.82,2.5241460202042854,4.7,2.4842940992799485,15.18,2.524146020204285,5.0,0.0,20.26,4.471277583904094,4.052,0.8942555167808189,1.013,0.22356387919520473,0.0,0.0
6,250.0,250.0,100,5.04,3.0679839068230543,0.2317141415349461,0.11595139862787077,0.83335428739647,0.10469421214671362,0.07487762960289197,0.1019389960229893,0.0017358889098019526,0.008583787660015932,4.82,0.4114522199392407,1.91,1.0453842751965818,3.09,1.0453842751965818,0.0,0.0,4.78,2.5169325566946554,4.7,2.4842940992799485,15.22,2.516932556694655,5.0,0.0,20.26,4.471277583904094,4.052,0.8942555167808189,1.013,0.22356387919520473,0.0,0.0
6,251.0,251.0,100,5.04,3.0679839068230543,0.2317141415349461,0.11595139862787077,0.83335428739647,0.10469421214671362,0.07487762960289197,0.1019389960229893,0.0,0.0,4.82,0.4114522199392407,1.91,1.0453842751965818,3.09,1.0453842751965818,0.0,0.0,4.78,2.5169325566946554,4.7,2.4883567252142913,15.22,2.516932556694655,5.0,0.0,20.26,4.471277583904094,4.052,0.8942555167808189,1.013,0.22356387919520473,0.0,0.0
6,252.0,252.0,100,5.04,3.0679839068230543,0.2317141415349461,0.11595139862787077,0.83335428739647,0.10469421214671362,0.07487762960289197,0.1019389960229893,0.0,0.0,4.82,0.4114522199392407,1.91,1.0453842751965818,3.09,1.0453842751965818,0.0,0.0,4.78,2.5169325566946554,4.7,2.4883567252142913,15.22,2.516932556694655,5.0,0.0,20.26,4.471277583904094,4.052,0.8942555167808189,1.013,0.22356387919520473,0.0,0.0
6,253.0,253.0,100,5.03,3.0664525616958946,0.23115858597939057,0.11559212914804284,0.8339098429520255,0.10394548087566675,0.07487762960289197,0.1019389960229893,0.0005555555555555552,0.005555555555555552,4.82,0.4114522199392407,1.91,1.0453842751965818,3.09,1.0453842751965818,0.0,0.0,4.77,2.5059726634380883,4.69,2.4891481647058664,15.23,2.5059726634380888,5.0,0.0,20.26,4.471277583904094,4.052,0.8942555167808189,1.013,0.22356387919520473,0.0,0.0
6,254.0,254.0,100,5.02,3.0648874944335813,0.23063227018991686,0.11532240093364901,0.8344361587414992,0.1033111508898593,0.07487762960289197,0.1019389960229893,0.0005263157894736842,0.005263157894736841,4.82,0.4114522199392407,1.91,1.0453842751965818,3.09,1.0453842751965818,0.0,0.0,4.76,2.498969484577289,4.65,2.471555352118552,15.24,2.498969484577289,5.0,0.0,20.26,4.471277583904094,4.052,0.8942555167808189,1.013,0.22356387919520473,0.0,0.0
6,255.0,255.0,100,4.98,3.0944068147794552,0.22817393685658352,0.1169499433389751,0.8368944920748327,0.10357642443920996,0.07487762960289197,0.1019389960229893,0.0024583333333333328,0.0124098177843624,4.83,0.40339468604243256,1.9,1.0396191999035416,3.1,1.039619199903542,0.0,0.0,4.72,2.4825858138707564,4.63,2.460413860234974,15.28,2.482585813870756,5.0,0.0,20.26,4.471277583904094,4.052,0.8942555167808189,1.013,0.22356387919520473,0.0,0.0
6,256.0,256.0,100,4.98,3.0944068147794552,0.22817393685658352,0.1169499433389751,0.8368944920748327,0.10357642443920996,0.07487762960289197,0.1019389960229893,0.0,0.0,4.83,0.40339468604243256,1.9,1.0396191999035416,3.1,1.039619199903542,0.0,0.0,4.72,2.4825858138707564,4.62,2.4444536271636523,15.28,2.482585813870756,5.0,0.0,20.26,4.471277583904094,4.052,0.8942555167808189,1.013,0.22356387919520473,0.0,0.0
6,257.0,257.0,100,4.98,3.0944068147794552,0.22817393685658352,0.1169499433389751,0.8368944920748327,0.10357642443920996,0.07487762960289197,0.1019389960229893,0.0,0.0,4.83,0.40339468604243256,1.9,1.0396191999035416,3.1,1.039619199903542,0.0,0.0,4.72,2.4825858138707564,4.6,2.4536099975754135,15.28,2.482585813870756,5.0,0.0,20.26,4.471277583904094,4.052,0.8942555167808189,1.013,0.22356387919520473,0.0,0.0
6,258.0,258.0,100,4.97,3.082878754369269,0.22777393685658354,0.11656227149193023,0.8373944920748326,0.10351718956723767,0.07487762960289197,0.1019389960229893,0.0003999999999999998,0.0039999999999999975,4.83,0.40339468604243256,1.9,1.0396191999035416,3.1,1.039619199903542,0.0,0.0,4.71,2.4875244275740847,4.59,2.4622195784546212,15.29,2.4875244275740847,5.0,0.0,20.26,4.471277583904094,4.052,0.8942555167808189,1.013,0.22356387919520473,0.0,0.0
6,259.0,259.0,100,4.94,3.0775170366890103,0.2261607015624659,0.11654485417056624,0.8391077273689502,0.10283631882673336,0.07487762960289197,0.1019389960229893,0.001613235294117647,0.009377710948666953,4.83,0.40339468604243256,1.9,1.0396191999035416,3.1,1.039619199903542,0.0,0.0,4.68,2.469531505890512,4.58,2.4378331163207836,15.32,2.469531505890511,5.0,0.0,20.26,4.471277583904094,4.052,0.8942555167808189,1.013,0.22356387919520473,0.0,0.0
6,260.0,260.0,100,4.94,3.0775170366890103,0.2261607015624659,0.11654485417056624,0.8391077273689502,0.10283631882673336,0.07487762960289197,0.1019389960229893,0.0,0.0,4.83,0.40339468604243256,1.9,1.0396191999035416,3.1,1.039619199903542,0.0,0.0,4.68,2.469531505890512,4.58,2.4378331163207836,15.32,2.469531505890511,5.0,0.0,20.26,4.471277583904094,4.052,0.8942555167808189,1.013,0.22356387919520473,0.0,0.0
6,261.0,261.0,100,4.92,3.090160337116977,0.22512895553071985,0.11734519142932578,0.8401632829245058,0.10324159395192502,0.07487762960289197,0.1019389960229893,0.001031746031746032,0.00728048690084846,4.83,0.40339468604243256,1.88,1.056772291824344,3.12,1.056772291824344,0.0,0.0,4.66,2.479084223228123,4.56,2.438413128626604,15.34,2.479084223228123,5.0,0.0,20.26,4.471277583904094,4.052,0.8942555167808189,1.013,0.22356387919520473,0.0,0.0
6,262.0,262.0,100,4.91,3.0947821842056613,0.22457339997516432,0.1174905122810414,0.8407188384800613,0.10305180016527907,0.07487762960289197,0.1019389960229893,0.0005555555555555561,0.00555555555555556,4.83,0.40339468604243256,1.88,1.056772291824344,3.12,1.056772291824344,0.0,0.0,4.65,2.475638882952817,4.54,2.4512210933501795,15.35,2.4756388829528175,5.0,0.0,20.26,4.471277583904094,4.052,0.8942555167808189,1.013,0.22356387919520473,0.0,0.0
6,263.0,263.0,100,4.89,3.0908630418435465,0.22343054283230715,0.11651359127336142,0.8418855051467281,0.10135387962395102,0.07487762960289197,0.1019389960229893,0.001142857142857144,0.008153456164794688,4.83,0.40339468604243256,1.87,1.0507813350747213,3.13,1.0507813350747213,0.0,0.0,4.63,2.452189291884361,4.54,2.4512210933501795,15.37,2.452189291884361,5.0,0.0,20.26,4.471277583904094,4.052,0.8942555167808189,1.013,0.22356387919520473,0.0,0.0
6,264.0,264.0,100,4.87,3.1096298782649328,0.22207307676895874,0.11739923515173384,0.8432429712100764,0.10149213044478556,0.07487762960289197,0.1019389960229893,0.0013574660633484158,0.009636366285925733,4.84,0.3949172013974524,1.87,1.0507813350747213,3.13,1.0507813350747213,0.0,0.0,4.61,2.43250297164684,4.53,2.4306751774315334,15.39,2.4325029716468403,5.0,0.0,20.26,4.471277583904094,4.052,0.8942555167808189,1.013,0.22356387919520473,0.0,0.0
6,265.0,265.0,100,4.86,3.120541263591587,0.22151752121340318,0.1180592268696919,0.843798526765632,0.10189576402345554,0.07487762960289197,0.1019389960229893,0.0005555555555555561,0.00555555555555556,4.84,0.3949172013974524,1.87,1.0507813350747213,3.13,1.0507813350747213,0.0,0.0,4.6,2.4370871833797696,4.51,2.4391379500540635,15.4,2.4370871833797705,5.0,0.0,20.26,4.471277583904094,4.052,0.8942555167808189,1.013,0.22356387919520473,0.0,0.0
6,266.0,266.0,100,4.82,3.1184689328015573,0.219542164269006,0.11800640832525923,0.8459130778492233,0.10159398158601533,0.07487762960289197,0.1019389960229893,0.0019753569443971917,0.009840624336636537,4.85,0.38599209705627263,1.85,1.0480862791225007,3.15,1.0480862791225005,0.0,0.0,4.56,2.4425520682394066,4.51,2.4391379500540635,15.44,2.442552068239407,5.0,0.0,20.26,4.471277583904094,4.052,0.8942555167808189,1.013,0.22356387919520473,0.0,0.0
6,267.0,267.0,100,4.82,3.1184689328015573,0.219542164269006,0.11800640832525923,0.8459130778492233,0.10159398158601533,0.07487762960289197,0.1019389960229893,0.0,0.0,4.85,0.38599209705627263,1.85,1.0480862791225007,3.15,1.0480862791225005,0.0,0.0,4.56,2.4425520682394066,4.51,2.4391379500540635,15.44,2.442552068239407,5.0,0.0,20.26,4.471277583904094,4.052,0.8942555167808189,1.013,0.22356387919520473,0.0,0.0
6,268.0,268.0,100,4.81,3.129188102658289,0.21901584847953232,0.11863693360652953,0.846439393638697,0.10198505031228987,0.07487762960289197,0.1019389960229893,0.000526315789473684,0.0052631578947368385,4.86,0.37658754867650873,1.85,1.0480862791225007,3.15,1.0480862791225005,0.0,0.0,4.55,2.451035650000986,4.48,2.443213647901658,15.45,2.451035650000986,5.0,0.0,20.26,4.471277583904094,4.052,0.8942555167808189,1.013,0.22356387919520473,0.0,0.0
6,269.0,269.0,100,4.8,3.123711855721612,0.21858106587083664,0.1184004830026639,0.8469393936386971,0.10187758344590515,0.07487762960289197,0.1019389960229893,0.00043478260869565186,0.004347826086956519,4.86,0.37658754867650873,1.85,1.0480862791225007,3.15,1.0480862791225005,0.0,0.0,4.54,2.4553384427990506,4.47,2.4389722955757116,15.46,2.455338442799051,5.0,0.0,20.26,4.471277583904094,4.052,0.8942555167808189,1.013,0.22356387919520473,0.0,0.0
6,270.0,270.0,100,4.79,3.1343486427233027,0.217992830576719,0.11905134100661531,0.8475276289328147,0.10225325383751743,0.07487762960289197,0.1019389960229893,0.000588235294117647,0.0058823529411764705,4.86,0.37658754867650873,1.84,1.0514059850764337,3.16,1.0514059850764337,0.0,0.0,4.53,2.455482424981686,4.44,2.4259539412883595,15.47,2.455482424981686,5.0,0.0,20.26,4.471277583904094,4.052,0.8942555167808189,1.013,0.22356387919520473,0.0,0.0
6,271.0,271.0,100,4.79,3.1343486427233027,0.217992830576719,0.11905134100661531,0.8475276289328147,0.10225325383751743,0.07487762960289197,0.1019389960229893,0.0,0.0,4.86,0.37658754867650873,1.84,1.0514059850764337,3.16,1.0514059850764337,0.0,0.0,4.53,2.455482424981686,4.41,2.4291786864924307,15.47,2.455482424981686,5.0,0.0,20.26,4.471277583904094,4.052,0.8942555167808189,1.013,0.22356387919520473,0.0,0.0
6,272.0,272.0,100,4.78,3.1288168609707654,0.21746651478724532,0.11849463144014095,0.8480539447222885,0.10126113886714305,0.07487762960289197,0.1019389960229893,0.0005263157894736842,0.005263157894736842,4.86,0.37658754867650873,1.84,1.0514059850764337,3.16,1.0514059850764337,0.0,0.0,4.52,2.4432136479016586,4.41,2.4291786864924307,15.48,2.443213647901659,5.0,0.0,20.26,4.471277583904094,4.052,0.8942555167808189,1.013,0.22356387919520473,0.0,0.0
6,273.0,273.0,100,4.77,3.1297045395772587,0.21694019899777164,0.11840648842712967,0.848580260511762,0.1008130522592665,0.07487762960289197,0.1019389960229893,0.0005263157894736851,0.00526315789473685,4.86,0.37658754867650873,1.84,1.0514059850764337,3.16,1.0514059850764337,0.0,0.0,4.51,2.4391379500540635,4.41,2.4291786864924307,15.49,2.4391379500540635,5.0,0.0,20.26,4.471277583904094,4.052,0.8942555167808189,1.013,0.22356387919520473,0.0,0.0
6,274.0,274.0,100,4.74,3.1386157921779927,0.21524721654163131,0.11824762338451777,0.8502732429679024,0.09950670607792539,0.07487762960289197,0.1019389960229893,0.0016929824561403512,0.009758657687986045,4.86,0.37658754867650873,1.84,1.0514059850764337,3.16,1.0514059850764337,0.0,0.0,4.48,2.422453885687574,4.41,2.4291786864924307,15.52,2.422453885687574,5.0,0.0,20.26,4.471277583904094,4.052,0.8942555167808189,1.013,0.22356387919520473,0.0,0.0
6,275.0,275.0,100,4.7,3.102621895472057,0.21353054987496464,0.11691577319623254,0.8522732429679024,0.09846024546194519,0.07487762960289197,0.1019389960229893,0.0017166666666666667,0.008493263323689066,4.86,0.37658754867650873,1.84,1.0514059850764337,3.16,1.0514059850764337,0.0,0.0,4.44,2.430114101324164,4.39,2.4449287858088566,15.56,2.430114101324164,5.0,0.0,20.26,4.471277583904094,4.052,0.8942555167808189,1.013,0.22356387919520473,0.0,0.0
6,276.0,276.0,100,4.69,3.0934763551053623,0.2131305498749646,0.11661587414576083,0.8527732429679024,0.09857547226064109,0.07487762960289197,0.1019389960229893,0.0003999999999999998,0.0039999999999999975,4.86,0.37658754867650873,1.84,1.0514059850764337,3.16,1.0514059850764337,0.0,0.0,4.43,2.438143854358363,4.37,2.472699420520502,15.57,2.4381438543583633,5.0,0.0,20.26,4.471277583904094,4.052,0.8942555167808189,1.013,0.22356387919520473,0.0,0.0
6,277.0,277.0,100,4.69,3.0934763551053623,0.2131305498749646,0.11661587414576083,0.8527732429679024,0.09857547226064109,0.07487762960289197,0.1019389960229893,0.0,0.0,4.86,0.37658754867650873,1.84,1.0514059850764337,3.16,1.0514059850764337,0.0,0.0,4.43,2.438143854358363,4.35,2.4551533104427063,15.57,2.4381438543583633,5.0,0.0,20.26,4.471277583904094,4.052,0.8942555167808189,1.013,0.22356387919520473,0.0,0.0
6,278.0,278.0,100,4.68,3.100602743618951,0.21263054987496463,0.1169958560589941,0.8532732429679024,0.09868800573466506,0.07487762960289197,0.1019389960229893,0.0004999999999999999,0.0049999999999999975,4.86,0.37658754867650873,1.83,1.0546194679704253,3.17,1.0546194679704253,0.0,0.0,4.42,2.4461059550711095,4.34,2.4545155254441693,15.58,2.4461059550711095,5.0,0.0,20.26,4.471277583904094,4.052,0.8942555167808189,1.013,0.22356387919520473,0.0,0.0
6,279.0,279.0,100,4.67,3.1044282480796275,0.21196388320829798,0.11687471439344921,0.853939909634569,0.09809297471531109,0.07487762960289197,0.1019389960229893,0.000666666666666666,0.006666666666666662,4.86,0.37658754867650873,1.82,1.0577276959538686,3.18,1.0577276959538686,0.0,0.0,4.41,2.4291786864924307,4.34,2.4545155254441693,15.59,2.4291786864924307,5.0,0.0,20.26,4.471277583904094,4.052,0.8942555167808189,1.013,0.22356387919520473,0.0,0.0
6,280.0,280.0,100,4.67,3.1044282480796275,0.21196388320829798,0.11687471439344921,0.853939909634569,0.09809297471531109,0.07487762960289197,0.1019389960229893,0.0,0.0,4.86,0.37658754867650873,1.82,1.0577276959538686,3.18,1.0577276959538686,0.0,0.0,4.41,2.4291786864924307,4.33,2.4661547380323063,15.59,2.4291786864924307,5.0,0.0,20.26,4.471277583904094,4.052,0.8942555167808189,1.013,0.22356387919520473,0.0,0.0
6,281.0,281.0,100,4.66,3.0919249667480617,0.2115291005996023,0.11628017454184883,0.8544399096345692,0.09742554506022497,0.07487762960289197,0.1019389960229893,0.000434782608695653,0.004347826086956531,4.86,0.37658754867650873,1.82,1.0577276959538686,3.18,1.0577276959538686,0.0,0.0,4.4,2.4246211825330324,4.32,2.4817719313409765,15.6,2.4246211825330324,5.0,0.0,20.26,4.471277583904094,4.052,0.8942555167808189,1.013,0.22356387919520473,0.0,0.0
6,282.0,282.0,100,4.64,3.0961690241752993,0.21055291012341182,0.11644336870420312,0.8554399096345691,0.09711463414106804,0.07487762960289197,0.1019389960229893,0.0009761904761904769,0.006869842536801759,4.86,0.37658754867650873,1.81,1.0511657790041944,3.19,1.0511657790041944,0.0,0.0,4.38,2.4320253853007947,4.31,2.4810188522972867,15.62,2.432025385300794,5.0,0.0,20.26,4.471277583904094,4.052,0.8942555167808189,1.013,0.22356387919520473,0.0,0.0
6,283.0,283.0,100,4.64,3.0961690241752993,0.21055291012341182,0.11644336870420312,0.8554399096345691,0.09711463414106804,0.07487762960289197,0.1019389960229893,0.0,0.0,4.86,0.37658754867650873,1.81,1.0511657790041944,3.19,1.0511657790041944,0.0,0.0,4.38,2.4320253853007947,4.31,2.4810188522972867,15.62,2.432025385300794,5.0,0.0,20.26,4.471277583904094,4.052,0.8942555167808189,1.013,0.22356387919520473,0.0,0.0
6,284.0,284.0,100,4.64,3.0961690241752993,0.21055291012341182,0.11644336870420312,0.8554399096345691,0.09711463414106804,0.07487762960289197,0.1019389960229893,0.0,0.0,4.86,0.37658754867650873,1.81,1.0511657790041944,3.19,1.0511657790041944,0.0,0.0,4.38,2.4320253853007947,4.3,2.4802248187442912,15.62,2.432025385300794,5.0,0.0,20.26,4.471277583904094,4.052,0.8942555167808189,1.013,0.22356387919520473,0.0,0.0
6,285.0,285.0,100,4.63,3.0835339820053576,0.21016829473879647,0.11605381933367641,0.855939909634569,0.09721500556054483,0.07487762960289197,0.1019389960229893,0.0003846153846153838,0.0038461538461538364,4.87,0.3666666666666666,1.81,1.0511657790041944,3.19,1.0511657790041944,0.0,0.0,4.37,2.439800455493495,4.29,2.4915817863316865,15.63,2.439800455493494,5.0,0.0,20.26,4.471277583904094,4.052,0.8942555167808189,1.013,0.22356387919520473,0.0,0.0
6,286.0,286.0,100,4.61,3.067901595882795,0.20935579473879645,0.11614831510109408,0.8569399096345691,0.09818231811127347,0.07487762960289197,0.1019389960229893,0.0008125000000000001,0.005869409547334674,4.87,0.3666666666666666,1.8,1.0540925533894596,3.2,1.0540925533894598,0.0,0.0,4.35,2.4674650632549677,4.29,2.4915817863316865,15.65,2.4674650632549677,5.0,0.0,20.26,4.471277583904094,4.052,0.8942555167808189,1.013,0.22356387919520473,0.0,0.0
6,287.0,287.0,100,4.6,3.0649534081188565,0.2088002391832409,0.11568124755145222,0.8574954651901247,0.09724752732414138,0.07487762960289197,0.1019389960229893,0.0005555555555555552,0.005555555555555552,4.88,0.35618630921006345,1.8,1.0540925533894596,3.2,1.0540925533894598,0.0,0.0,4.34,2.4545155254441693,4.28,2.4907100119516854,15.66,2.4545155254441693,5.0,0.0,20.26,4.471277583904094,4.052,0.8942555167808189,1.013,0.22356387919520473,0.0,0.0
6,288.0,288.0,100,4.6,3.0649534081188565,0.2088002391832409,0.11568124755145222,0.8574954651901247,0.09724752732414138,0.07487762960289197,0.1019389960229893,0.0,0.0,4.88,0.35618630921006345,1.8,1.0540925533894596,3.2,1.0540925533894598,0.0,0.0,4.34,2.4545155254441693,4.28,2.4907100119516854,15.66,2.4545155254441693,5.0,0.0,20.26,4.471277583904094,4.052,0.8942555167808189,1.013,0.22356387919520473,0.0,0.0
6,289.0,289.0,100,4.59,3.0553645486672334,0.20841562379862552,0.11541275804865725,0.8579954651901247,0.09759618560274246,0.07487762960289197,0.1019389960229893,0.00038461538461538494,0.0038461538461538477,4.88,0.35618630921006345,1.8,1.0540925533894596,3.2,1.0540925533894598,0.0,0.0,4.33,2.4661547380323063,4.27,2.4897973630580674,15.67,2.466154738032306,5.0,0.0,20.26,4.471277583904094,4.052,0.8942555167808189,1.013,0.22356387919520473,0.0,0.0
6,290.0,290.0,100,4.59,3.0553645486672334,0.20841562379862552,0.11541275804865725,0.8579954651901247,0.09759618560274246,0.07487762960289197,0.1019389960229893,0.0,0.0,4.88,0.35618630921006345,1.8,1.0540925533894596,3.2,1.0540925533894598,0.0,0.0,4.33,2.4661547380323063,4.24,2.478676740488437,15.67,2.466154738032306,5.0,0.0,20.26,4.471277583904094,4.052,0.8942555167808189,1.013,0.22356387919520473,0.0,0.0
6,291.0,291.0,100,4.56,3.0660078343676878,0.2068872175643369,0.11621653517114931,0.8596392560397978,0.09852850449090718,0.07487762960289197,0.1019389960229893,0.0015284062342885872,0.008871879730145416,4.88,0.35618630921006345,1.8,1.0540925533894596,3.2,1.0540925533894598,0.0,0.0,4.3,2.4802248187442912,4.23,2.4857370916669543,15.7,2.480224818744291,5.0,0.0,20.26,4.471277583904094,4.052,0.8942555167808189,1.013,0.22356387919520473,0.0,0.0
6,292.0,292.0,100,4.55,3.0529833066538488,0.20647055089767025,0.11568117859951893,0.8601392560397979,0.09809240273304652,0.07487762960289197,0.1019389960229893,0.00041666666666666686,0.00416666666666667,4.88,0.35618630921006345,1.8,1.0540925533894596,3.2,1.0540925533894598,0.0,0.0,4.29,2.4793897913345004,4.23,2.4857370916669543,15.71,2.479389791334501,5.0,0.0,20.26,4.471277583904094,4.052,0.8942555167808189,1.013,0.22356387919520473,0.0,0.0
6,293.0,293.0,100,4.54,3.049821985200799,0.20599436042147978,0.11544946197366675,0.8606392560397979,0.09765176752196866,0.07487762960289197,0.1019389960229893,0.000476190476190477,0.004761904761904768,4.88,0.35618630921006345,1.8,1.0540925533894596,3.2,1.0540925533894598,0.0,0.0,4.28,2.478513728634623,4.23,2.4857370916669543,15.72,2.478513728634623,5.0,0.0,20.26,4.471277583904094,4.052,0.8942555167808189,1.013,0.22356387919520473,0.0,0.0
6,294.0,294.0,100,4.53,3.0532479808104735,0.20543880486592422,0.11550423965854759,0.8611948115953534,0.09733310642116817,0.07487762960289197,0.1019389960229893,0.0005555555555555561,0.00555555555555556,4.88,0.35618630921006345,1.8,1.0540925533894596,3.2,1.0540925533894598,0.0,0.0,4.27,2.473516288259049,4.23,2.4857370916669543,15.73,2.47351628825905,5.0,0.0,20.26,4.471277583904094,4.052,0.8942555167808189,1.013,0.22356387919520473,0.0,0.0
6,295.0,295.0,100,4.52,3.0500206987209557,0.20502213819925752,0.11541698777345029,0.8616948115953533,0.09766233033057907,0.07487762960289197,0.1019389960229893,0.0004166666666666671,0.004166666666666673,4.88,0.35618630921006345,1.8,1.0540925533894596,3.2,1.0540925533894598,0.0,0.0,4.26,2.484781965111106,4.23,2.4857370916669543,15.74,2.484781965111107,5.0,0.0,20.26,4.471277583904094,4.052,0.8942555167808189,1.013,0.22356387919520473,0.0,0.0
6,296.0,296.0,100,4.52,3.0500206987209557,0.20502213819925752,0.11541698777345029,0.8616948115953533,0.09766233033057907,0.07487762960289197,0.1019389960229893,0.0,0.0,4.88,0.35618630921006345,1.8,1.0540925533894596,3.2,1.0540925533894598,0.0,0.0,4.26,2.484781965111106,4.21,2.4875244275740847,15.74,2.484781965111107,5.0,0.0,20.26,4.471277583904094,4.052,0.8942555167808189,1.013,0.22356387919520473,0.0,0.0
6,297.0,297.0,100,4.51,3.050070375078138,0.204466582643702,0.11519674085270173,0.862250367150909,0.09701680303151275,0.07487762960289197,0.1019389960229893,0.0005555555555555558,0.0055555555555555575,4.88,0.35618630921006345,1.79,1.0569156575009695,3.21,1.0569156575009695,0.0,0.0,4.25,2.4756388829528184,4.21,2.4875244275740847,15.75,2.475638882952819,5.0,0.0,20.26,4.471277583904094,4.052,0.8942555167808189,1.013,0.22356387919520473,0.0,0.0
6,298.0,298.0,100,4.51,3.050070375078138,0.204466582643702,0.11519674085270173,0.862250367150909,0.09701680303151275,0.07487762960289197,0.1019389960229893,0.0,0.0,4.88,0.35618630921006345,1.79,1.0569156575009695,3.21,1.0569156575009695,0.0,0.0,4.25,2.4756388829528184,4.21,2.4875244275740847,15.75,2.475638882952819,5.0,0.0,20.26,4.471277583904094,4.052,0.8942555167808189,1.013,0.22356387919520473,0.0,0.0
6,299.0,299.0,100,4.51,3.050070375078138,0.204466582643702,0.11519674085270173,0.862250367150909,0.09701680303151275,0.07487762960289197,0.1019389960229893,0.0,0.0,4.88,0.35618630921006345,1.79,1.0569156575009695,3.21,1.0569156575009695,0.0,0.0,4.25,2.4756388829528184,4.18,2.4756592836836195,15.75,2.475638882952819,5.0,0.0,20.26,4.471277583904094,4.052,0.8942555167808189,1.013,0.22356387919520473,0.0,0.0
6,300.0,300.0,100,4.5,3.0368111930481,0.204066582643702,0.11471968241545855,0.8627503671509089,0.09682138664425875,0.07487762960289197,0.1019389960229893,0.0003999999999999998,0.0039999999999999975,4.88,0.35618630921006345,1.78,1.050060123338784,3.22,1.050060123338784,0.0,0.0,4.24,2.478676740488437,4.15,2.455153310442706,15.76,2.478676740488437,5.0,0.0,20.26,4.471277583904094,4.052,0.8942555167808189,1.013,0.22356387919520473,0.0,0.0
6,301.0,301.0,100,4.49,3.026799489810178,0.20366658264370197,0.11438060134447112,0.8632503671509089,0.09688396024615611,0.07487762960289197,0.1019389960229893,0.0003999999999999998,0.0039999999999999975,4.89,0.3144660377352201,1.77,1.052702150744368,3.23,1.052702150744368,0.0,0.0,4.23,2.4857370916669543,4.15,2.455153310442706,15.77,2.4857370916669534,5.0,0.0,20.26,4.471277583904094,4.052,0.8942555167808189,1.013,0.22356387919520473,0.0,0.0
6,302.0,302.0,100,4.49,3.026799489810178,0.20366658264370197,0.11438060134447112,0.8632503671509089,0.09688396024615611,0.07487762960289197,0.1019389960229893,0.0,0.0,4.89,0.3144660377352201,1.77,1.052702150744368,3.23,1.052702150744368,0.0,0.0,4.23,2.4857370916669543,4.12,2.4382474249039015,15.77,2.4857370916669534,5.0,0.0,20.26,4.471277583904094,4.052,0.8942555167808189,1.013,0.22356387919520473,0.0,0.0
6,303.0,303.0,100,4.48,3.036744668525522,0.20307834734958433,0.11497715293222104,0.8638386024450265,0.09717923879014106,0.07487762960289197,0.1019389960229893,0.000588235294117647,0.005882352941176471,4.89,0.3144660377352201,1.77,1.052702150744368,3.23,1.052702150744368,0.0,0.0,4.22,2.4846193538112296,4.12,2.4382474249039015,15.78,2.4846193538112296,5.0,0.0,20.26,4.471277583904094,4.052,0.8942555167808189,1.013,0.22356387919520473,0.0,0.0
6,304.0,304.0,100,4.46,3.0298848196263206,0.20201392157927622,0.1141002702122776,0.8649268377391442,0.09555214659074776,0.07487762960289197,0.1019389960229893,0.0010644257703081243,0.007530732379204211,4.89,0.3144660377352201,1.77,1.052702150744368,3.23,1.052702150744368,0.0,0.0,4.2,2.4659294557647184,4.11,2.432502971646839,15.8,2.4659294557647184,5.0,0.0,20.26,4.471277583904094,4.052,0.8942555167808189,1.013,0.22356387919520473,0.0,0.0
6,305.0,305.0,100,4.46,3.0298848196263206,0.20201392157927622,0.1141002702122776,0.8649268377391442,0.09555214659074776,0.07487762960289197,0.1019389960229893,0.0,0.0,4.89,0.3144660377352201,1.77,1.052702150744368,3.23,1.052702150744368,0.0,0.0,4.2,2.4659294557647184,4.08,2.423287690787711,15.8,2.4659294557647184,5.0,0.0,20.26,4.471277583904094,4.052,0.8942555167808189,1.013,0.22356387919520473,0.0,0.0
6,306.0,306.0,100,4.43,3.0159676069315804,0.20058760578980256,0.11357644327361564,0.8664531535286178,0.09427877248781424,0.07487762960289197,0.1019389960229893,0.001426315789473685,0.00820608632795484,4.89,0.3144660377352201,1.75,1.0384039812533599,3.25,1.03840398125336,0.0,0.0,4.17,2.46205547697796,4.07,2.4298439073614206,15.83,2.46205547697796,5.0,0.0,20.26,4.471277583904094,4.052,0.8942555167808189,1.013,0.22356387919520473,0.0,0.0
6,307.0,307.0,100,4.42,3.0123650898162118,0.20006129000032885,0.11315838136597287,0.8669794693180916,0.09339387403758641,0.07487762960289197,0.1019389960229893,0.0005263157894736842,0.005263157894736842,4.89,0.3144660377352201,1.75,1.0384039812533599,3.25,1.03840398125336,0.0,0.0,4.16,2.4524570239956205,4.03,2.413995388846826,15.84,2.4524570239956205,5.0,0.0,20.26,4.471277583904094,4.052,0.8942555167808189,1.013,0.22356387919520473,0.0,0.0
6,308.0,308.0,100,4.42,3.0123650898162118,0.20006129000032885,0.11315838136597287,0.8669794693180916,0.09339387403758641,0.07487762960289197,0.1019389960229893,0.0,0.0,4.89,0.3144660377352201,1.75,1.0384039812533599,3.25,1.03840398125336,0.0,0.0,4.16,2.4524570239956205,3.99,2.4225164310249494,15.84,2.4524570239956205,5.0,0.0,20.26,4.471277583904094,4.052,0.8942555167808189,1.013,0.22356387919520473,0.0,0.0
6,309.0,309.0,100,4.39,3.0247965120639004,0.19847398841302727,0.1136921376984229,0.8685905804292027,0.09308178008701162,0.07487762960289197,0.1019389960229893,0.0015873015873015858,0.009094598557570477,4.89,0.3144660377352201,1.74,1.040784474918954,3.26,1.0407844749189543,0.0,0.0,4.13,2.452189291884361,3.97,2.4181761221167815,15.87,2.452189291884361,5.0,0.0,20.26,4.471277583904094,4.052,0.8942555167808189,1.013,0.22356387919520473,0.0,0.0
6,310.0,310.0,100,4.38,3.0043066730709413,0.19807398841302729,0.11290141557935143,0.8690905804292026,0.0922980187684532,0.07487762960289197,0.1019389960229893,0.0003999999999999998,0.003999999999999998,4.89,0.3144660377352201,1.74,1.040784474918954,3.26,1.0407844749189543,0.0,0.0,4.12,2.4465188626811254,3.97,2.4181761221167815,15.88,2.4465188626811254,5.0,0.0,20.26,4.471277583904094,4.052,0.8942555167808189,1.013,0.22356387919520473,0.0,0.0
6,311.0,311.0,100,4.38,3.0043066730709413,0.19807398841302729,0.11290141557935143,0.8690905804292026,0.0922980187684532,0.07487762960289197,0.1019389960229893,0.0,0.0,4.89,0.3144660377352201,1.74,1.040784474918954,3.26,1.0407844749189543,0.0,0.0,4.12,2.4465188626811254,3.94,2.398737041432302,15.88,2.4465188626811254,5.0,0.0,20.26,4.471277583904094,4.052,0.8942555167808189,1.013,0.22356387919520473,0.0,0.0
6,312.0,312.0,100,4.34,2.9855544465869914,0.19612255185060673,0.11166053265122887,0.871172451774232,0.09015398526422687,0.07487762960289197,0.1019389960229893,0.0019514365624205433,0.009669493174202145,4.89,0.3144660377352201,1.73,1.0333333333333332,3.27,1.0333333333333332,0.0,0.0,4.08,2.43161001657899,3.94,2.398737041432302,15.92,2.4316100165789893,5.0,0.0,20.26,4.471277583904094,4.052,0.8942555167808189,1.013,0.22356387919520473,0.0,0.0
6,313.0,313.0,100,4.33,2.9646230618731115,0.19577772426439982,0.11114113830658977,0.871672451774232,0.09045363339636513,0.07487762960289197,0.1019389960229893,0.00034482758620689615,0.0034482758620689603,4.89,0.3144660377352201,1.72,1.0158342344689866,3.28,1.0158342344689864,0.0,0.0,4.07,2.4422832503105525,3.93,2.3963566622114603,15.93,2.4422832503105525,5.0,0.0,20.26,4.471277583904094,4.052,0.8942555167808189,1.013,0.22356387919520473,0.0,0.0
6,314.0,314.0,100,4.33,2.9646230618731115,0.19577772426439982,0.11114113830658977,0.871672451774232,0.09045363339636513,0.07487762960289197,0.1019389960229893,0.0,0.0,4.89,0.3144660377352201,1.72,1.0158342344689866,3.28,1.0158342344689864,0.0,0.0,4.07,2.4422832503105525,3.92,2.3897085744305877,15.93,2.4422832503105525,5.0,0.0,20.26,4.471277583904094,4.052,0.8942555167808189,1.013,0.22356387919520473,0.0,0.0
6,315.0,315.0,100,4.31,2.9599856674509675,0.1946943909310665,0.11086984664931954,0.8728391184408986,0.0898983084816583,0.07487762960289197,0.1019389960229893,0.0010833333333333333,0.007825879396446234,4.89,0.3144660377352201,1.72,1.0158342344689866,3.28,1.0158342344689864,0.0,0.0,4.05,2.4303427035226246,3.91,2.4041000332134623,15.95,2.430342703522624,5.0,0.0,20.26,4.471277583904094,4.052,0.8942555167808189,1.013,0.22356387919520473,0.0,0.0
6,316.0,316.0,100,4.27,2.9434227310628303,0.19275603810455577,0.1102771076022014,0.8749904342303724,0.089451134636544,0.07487762960289197,0.1019389960229893,0.0019383528265107214,0.009748589723482892,4.89,0.3144660377352201,1.71,0.9979271445644646,3.29,0.9979271445644644,0.0,0.0,4.01,2.4308413973334213,3.9,2.38894761496997,15.99,2.430841397333421,5.0,0.0,20.26,4.471277583904094,4.052,0.8942555167808189,1.013,0.22356387919520473,0.0,0.0
6,317.0,317.0,100,4.24,2.916757574340855,0.19135935194471174,0.10890168035807965,0.876516750019846,0.08762558930427788,0.07487762960289197,0.1019389960229893,0.0013966861598440547,0.008069616285212392,4.9,0.30151134457776374,1.71,0.9979271445644646,3.29,0.9979271445644644,0.0,0.0,3.98,2.420368116254596,3.9,2.38894761496997,16.02,2.420368116254595,5.0,0.0,20.26,4.471277583904094,4.052,0.8942555167808189,1.013,0.22356387919520473,0.0,0.0
6,318.0,318.0,100,4.22,2.9287153732265856,0.1902164948018546,0.10976807888123284,0.8776834166865126,0.08801276014951236,0.07487762960289197,0.1019389960229893,0.0011428571428571419,0.008153456164794673,4.9,0.30151134457776374,1.7,1.0100505037878158,3.3,1.0100505037878156,0.0,0.0,3.96,2.4159403297200193,3.9,2.38894761496997,16.04,2.4159403297200197,5.0,0.0,20.26,4.471277583904094,4.052,0.8942555167808189,1.013,0.22356387919520473,0.0,0.0
6,319.0,319.0,100,4.21,2.920823877129897,0.1898318794172392,0.10955560181049356,0.8781834166865127,0.08856801343028756,0.07487762960289197,0.1019389960229893,0.0003846153846153852,0.003846153846153852,4.9,0.30151134457776374,1.69,1.0019677609281616,3.31,1.0019677609281616,0.0,0.0,3.95,2.4303427035226237,3.9,2.38894761496997,16.05,2.4303427035226237,5.0,0.0,20.26,4.471277583904094,4.052,0.8942555167808189,1.013,0.22356387919520473,0.0,0.0
6,320.0,320.0,100,4.18,2.917657840242284,0.188188088567566,0.10893055589442853,0.8798272075361858,0.08649777242666339,0.07487762960289197,0.1019389960229893,0.0016437908496732031,0.00941545180138502,4.9,0.30151134457776374,1.68,1.0038310453840167,3.32,1.0038310453840165,0.0,0.0,3.92,2.4023557462026996,3.9,2.38894761496997,16.08,2.4023557462026996,5.0,0.0,20.26,4.471277583904094,4.052,0.8942555167808189,1.013,0.22356387919520473,0.0,0.0
6,321.0,321.0,100,4.17,2.9269041113039003,0.187563088567566,0.10947470688510556,0.8804522075361858,0.0866881316892025,0.07487762960289197,0.1019389960229893,0.000625,0.0062499999999999995,4.9,0.30151134457776374,1.68,1.0038310453840167,3.32,1.0038310453840165,0.0,0.0,3.91,2.3956821427920962,3.9,2.38894761496997,16.09,2.395682142792097,5.0,0.0,20.26,4.471277583904094,4.052,0.8942555167808189,1.013,0.22356387919520473,0.0,0.0
6,322.0,322.0,100,4.16,2.9257477676655586,0.1870367727780923,0.10923385476078136,0.8809785233256595,0.08596416418046275,0.07487762960289197,0.1019389960229893,0.0005263157894736851,0.00526315789473685,4.9,0.30151134457776374,1.67,1.0055904341291844,3.33,1.0055904341291841,0.0,0.0,3.9,2.38894761496997,3.88,2.4132630158850037,16.1,2.3889476149699695,5.0,0.0,20.26,4.471277583904094,4.052,0.8942555167808189,1.013,0.22356387919520473,0.0,0.0
6,323.0,323.0,100,4.16,2.9257477676655586,0.1870367727780923,0.10923385476078136,0.8809785233256595,0.08596416418046275,0.07487762960289197,0.1019389960229893,0.0,0.0,4.9,0.30151134457776374,1.67,1.0055904341291844,3.33,1.0055904341291841,0.0,0.0,3.9,2.38894761496997,3.87,2.406451765776763,16.1,2.3889476149699695,5.0,0.0,20.26,4.471277583904094,4.052,0.8942555167808189,1.013,0.22356387919520473,0.0,0.0
6,324.0,324.0,100,4.16,2.9257477676655586,0.1870367727780923,0.10923385476078136,0.8809785233256595,0.08596416418046275,0.07487762960289197,0.1019389960229893,0.0,0.0,4.9,0.30151134457776374,1.67,1.0055904341291844,3.33,1.0055904341291841,0.0,0.0,3.9,2.38894761496997,3.85,2.4094720491334924,16.1,2.3889476149699695,5.0,0.0,20.26,4.471277583904094,4.052,0.8942555167808189,1.013,0.22356387919520473,0.0,0.0
6,325.0,325.0,100,4.16,2.9257477676655586,0.1870367727780923,0.10923385476078136,0.8809785233256595,0.08596416418046275,0.07487762960289197,0.1019389960229893,0.0,0.0,4.9,0.30151134457776374,1.67,1.0055904341291844,3.33,1.0055904341291841,0.0,0.0,3.9,2.38894761496997,3.84,2.415103987973866,16.1,2.3889476149699695,5.0,0.0,20.26,4.471277583904094,4.052,0.8942555167808189,1.013,0.22356387919520473,0.0,0.0
6,326.0,326.0,100,4.15,2.921100525971039,0.18662010611142563,0.10907060459856817,0.8814785233256596,0.08622094372046689,0.07487762960289197,0.1019389960229893,0.0004166666666666671,0.004166666666666672,4.9,0.30151134457776374,1.67,1.0055904341291844,3.33,1.0055904341291841,0.0,0.0,3.89,2.3990528434060274,3.82,2.438661663099395,16.11,2.399052843406028,5.0,0.0,20.26,4.471277583904094,4.052,0.8942555167808189,1.013,0.22356387919520473,0.0,0.0
6,327.0,327.0,100,4.14,2.9164112442271484,0.18612010611142563,0.10865942960532783,0.8819785233256596,0.08529794544023339,0.07487762960289197,0.1019389960229893,0.0004999999999999999,0.0049999999999999975,4.9,0.30151134457776374,1.67,1.0055904341291844,3.33,1.0055904341291841,0.0,0.0,3.88,2.392243357777022,3.81,2.4191784230238667,16.12,2.3922433577770224,5.0,0.0,20.26,4.471277583904094,4.052,0.8942555167808189,1.013,0.22356387919520473,0.0,0.0
6,328.0,328.0,100,4.14,2.9164112442271484,0.18612010611142563,0.10865942960532783,0.8819785233256596,0.08529794544023339,0.07487762960289197,0.1019389960229893,0.0,0.0,4.9,0.30151134457776374,1.67,1.0055904341291844,3.33,1.0055904341291841,0.0,0.0,3.88,2.392243357777022,3.81,2.4191784230238667,16.12,2.3922433577770224,5.0,0.0,20.26,4.471277583904094,4.052,0.8942555167808189,1.013,0.22356387919520473,0.0,0.0
6,329.0,329.0,100,4.13,2.9047331628696544,0.18572010611142564,0.10823440242970782,0.8824785233256596,0.08525513449413025,0.07487762960289197,0.1019389960229893,0.0003999999999999998,0.003999999999999998,4.9,0.30151134457776374,1.67,1.0055904341291844,3.33,1.0055904341291841,0.0,0.0,3.87,2.3980421306987205,3.79,2.421682360373765,16.13,2.3980421306987214,5.0,0.0,20.26,4.471277583904094,4.052,0.8942555167808189,1.013,0.22356387919520473,0.0,0.0
6,330.0,330.0,100,4.12,2.9173116170040987,0.18519379032195196,0.10901327886785701,0.8830048391151333,0.08582035827940196,0.07487762960289197,0.1019389960229893,0.000526315789473684,0.0052631578947368385,4.9,0.30151134457776374,1.66,1.0172253805069333,3.34,1.0172253805069331,0.0,0.0,3.86,2.4079833550886174,3.79,2.421682360373765,16.14,2.4079833550886187,5.0,0.0,20.26,4.471277583904094,4.052,0.8942555167808189,1.013,0.22356387919520473,0.0,0.0
6,331.0,331.0,100,4.1,2.928439443757985,0.18394379032195196,0.11009997087673075,0.8843381724484665,0.08708087167594299,0.07487762960289197,0.1019389960229893,0.0012499999999999998,0.009279229306400565,4.9,0.30151134457776374,1.64,1.0202000200000394,3.36,1.0202000200000392,0.0,0.0,3.84,2.402523925400372,3.77,2.4281805134834205,16.16,2.4025239254003727,5.0,0.0,20.26,4.471277583904094,4.052,0.8942555167808189,1.013,0.22356387919520473,0.0,0.0
6,332.0,332.0,100,4.1,2.928439443757985,0.18394379032195196,0.11009997087673075,0.8843381724484665,0.08708087167594299,0.07487762960289197,0.1019389960229893,0.0,0.0,4.9,0.30151134457776374,1.64,1.0202000200000394,3.36,1.0202000200000392,0.0,0.0,3.84,2.402523925400372,3.76,2.4209523128327213,16.16,2.4025239254003727,5.0,0.0,20.26,4.471277583904094,4.052,0.8942555167808189,1.013,0.22356387919520473,0.0,0.0
6,333.0,333.0,100,4.08,2.9325067705967807,0.18293368931185092,0.11033237912286492,0.885393728004022,0.08693847591730526,0.07487762960289197,0.1019389960229893,0.001010101010101011,0.007142492739258062,4.9,0.30151134457776374,1.62,1.0128467731392474,3.38,1.0128467731392474,0.0,0.0,3.82,2.4052971844357494,3.75,2.42201602310175,16.18,2.40529718443575,5.0,0.0,20.26,4.471277583904094,4.052,0.8942555167808189,1.013,0.22356387919520473,0.0,0.0
6,334.0,334.0,100,4.06,2.926092992715747,0.1819907068557106,0.1099863103780324,0.8864200437934958,0.08644494318739815,0.07487762960289197,0.1019389960229893,0.0009429824561403507,0.0066797391698497945,4.91,0.2876234912646614,1.61,1.0039819709436009,3.39,1.003981970943601,0.0,0.0,3.8,2.4078994576144157,3.74,2.414685708473687,16.2,2.4078994576144157,5.0,0.0,20.26,4.471277583904094,4.052,0.8942555167808189,1.013,0.22356387919520473,0.0,0.0
6,335.0,335.0,100,4.06,2.926092992715747,0.1819907068557106,0.1099863103780324,0.8864200437934958,0.08644494318739815,0.07487762960289197,0.1019389960229893,0.0,0.0,4.91,0.2876234912646614,1.61,1.0039819709436009,3.39,1.003981970943601,0.0,0.0,3.8,2.4078994576144157,3.72,2.4166091947189146,16.2,2.4078994576144157,5.0,0.0,20.26,4.471277583904094,4.052,0.8942555167808189,1.013,0.22356387919520473,0.0,0.0
6,336.0,336.0,100,4.05,2.9037593188517157,0.18165737352237726,0.10947026384359533,0.8869200437934959,0.08695947550818635,0.07487762960289197,0.1019389960229893,0.0003333333333333327,0.003333333333333328,4.91,0.2876234912646614,1.6,0.9847319278346616,3.4,0.9847319278346619,0.0,0.0,3.79,2.421682360373765,3.7,2.4225372791118955,16.21,2.4216823603737656,5.0,0.0,20.26,4.471277583904094,4.052,0.8942555167808189,1.013,0.22356387919520473,0.0,0.0
6,337.0,337.0,100,4.04,2.9160648729811105,0.18106913822825962,0.11029193464621928,0.8875082790876135,0.08752730034462695,0.07487762960289197,0.1019389960229893,0.000588235294117647,0.00588235294117647,4.91,0.2876234912646614,1.59,0.9959006887326574,3.41,0.9959006887326575,0.0,0.0,3.78,2.422870824105781,3.7,2.4225372791118955,16.22,2.422870824105782,5.0,0.0,20.26,4.471277583904094,4.052,0.8942555167808189,1.013,0.22356387919520473,0.0,0.0
6,338.0,338.0,100,4.03,2.9248327242162864,0.18056913822825962,0.1107754434268637,0.8880082790876135,0.08774192957491893,0.07487762960289197,0.1019389960229893,0.0005,0.004999999999999998,4.91,0.2876234912646614,1.58,0.9967624358568864,3.42,0.9967624358568863,0.0,0.0,3.77,2.432336865292845,3.71,2.4175076906482498,16.23,2.432336865292845,5.0,0.0,20.26,4.471277583904094,4.052,0.8942555167808189,1.013,0.22356387919520473,0.0,0.0
6,339.0,339.0,100,4.03,2.9248327242162864,0.18056913822825962,0.1107754434268637,0.8880082790876135,0.08774192957491893,0.07487762960289197,0.1019389960229893,0.0,0.0,4.91,0.2876234912646614,1.58,0.9967624358568864,3.42,0.9967624358568863,0.0,0.0,3.77,2.432336865292845,3.68,2.4324406830933567,16.23,2.432336865292845,5.0,0.0,20.26,4.471277583904094,4.052,0.8942555167808189,1.013,0.22356387919520473,0.0,0.0
6,340.0,340.0,100,4.02,2.933539937627671,0.18004282243878592,0.11126081903334684,0.8885345948770872,0.08794032793247618,0.07487762960289197,0.1019389960229893,0.000526315789473684,0.005263157894736839,4.91,0.2876234912646614,1.58,0.9967624358568864,3.42,0.9967624358568863,0.0,0.0,3.76,2.4375844973699228,3.66,2.4171942997674565,16.24,2.437584497369923,5.0,0.0,20.26,4.471277583904094,4.052,0.8942555167808189,1.013,0.22356387919520473,0.0,0.0
6,341.0,341.0,100,4.01,2.914592335962009,0.17964282243878593,0.11053156417143614,0.8890345948770871,0.08728440492236952,0.07487762960289197,0.1019389960229893,0.00040000000000000034,0.004000000000000004,4.92,0.2726599243442908,1.58,0.9967624358568864,3.42,0.9967624358568863,0.0,0.0,3.75,2.43449536388297,3.65,2.413660617352318,16.25,2.434495363882971,5.0,0.0,20.26,4.471277583904094,4.052,0.8942555167808189,1.013,0.22356387919520473,0.0,0.0
6,342.0,342.0,100,4.0,2.916341973268996,0.17908726688323034,0.11045497973489728,0.8895901504326428,0.08674424580872521,0.07487762960289197,0.1019389960229893,0.0005555555555555561,0.005555555555555561,4.92,0.2726599243442908,1.58,0.9967624358568864,3.42,0.9967624358568863,0.0,0.0,3.74,2.4272027379914376,3.63,2.3938262343796044,16.26,2.4272027379914385,5.0,0.0,20.26,4.471277583904094,4.052,0.8942555167808189,1.013,0.22356387919520473,0.0,0.0
6,343.0,343.0,100,3.97,2.90403759332319,0.17767716587312937,0.10995454528652403,0.8911457059881982,0.08608238424270534,0.07487762960289197,0.1019389960229893,0.001410101010101009,0.008136274288018336,4.92,0.2726599243442908,1.58,0.9967624358568864,3.42,0.9967624358568863,0.0,0.0,3.71,2.430010184124646,3.61,2.3990528434060274,16.29,2.430010184124646,5.0,0.0,20.26,4.471277583904094,4.052,0.8942555167808189,1.013,0.22356387919520473,0.0,0.0
6,344.0,344.0,100,3.96,2.905654536043176,0.17712161031757379,0.10986751919983846,0.8917012615437538,0.08552078310236284,0.07487762960289197,0.1019389960229893,0.0005555555555555561,0.005555555555555561,4.92,0.2726599243442908,1.58,0.9967624358568864,3.42,0.9967624358568863,0.0,0.0,3.7,2.422537279111896,3.59,2.412488551289106,16.3,2.4225372791118955,5.0,0.0,20.26,4.471277583904094,4.052,0.8942555167808189,1.013,0.22356387919520473,0.0,0.0
6,345.0,345.0,100,3.94,2.898345051991575,0.17616051191940446,0.10940633847773405,0.8927275773332275,0.08464426193811772,0.07487762960289197,0.1019389960229893,0.0009610983981693358,0.006792800152775149,4.92,0.2726599243442908,1.57,0.9873441572463398,3.43,0.9873441572463398,0.0,0.0,3.68,2.4199507466396115,3.58,2.4253709494475766,16.32,2.419950746639613,5.0,0.0,20.26,4.471277583904094,4.052,0.8942555167808189,1.013,0.22356387919520473,0.0,0.0
6,346.0,346.0,100,3.94,2.898345051991575,0.17616051191940446,0.10940633847773405,0.8927275773332275,0.08464426193811772,0.07487762960289197,0.1019389960229893,0.0,0.0,4.92,0.2726599243442908,1.57,0.9873441572463398,3.43,0.9873441572463398,0.0,0.0,3.68,2.4199507466396115,3.57,2.421515511768895,16.32,2.419950746639613,5.0,0.0,20.26,4.471277583904094,4.052,0.8942555167808189,1.013,0.22356387919520473,0.0,0.0
6,347.0,347.0,100,3.93,2.906818872856711,0.17553551191940447,0.10987905171170412,0.8933525773332275,0.08474272992024158,0.07487762960289197,0.1019389960229893,0.000625,0.00625,4.92,0.2726599243442908,1.57,0.9873441572463398,3.43,0.9873441572463398,0.0,0.0,3.67,2.412321066792919,3.55,2.4178419294816593,16.33,2.4123210667929196,5.0,0.0,20.26,4.471277583904094,4.052,0.8942555167808189,1.013,0.22356387919520473,0.0,0.0
6,348.0,348.0,100,3.92,2.915233414082972,0.17491051191940446,0.11034616427229384,0.8939775773332275,0.08483643278808459,0.07487762960289197,0.1019389960229893,0.000625,0.0062499999999999995,4.92,0.2726599243442908,1.57,0.9873441572463398,3.43,0.9873441572463398,0.0,0.0,3.66,2.404625172916191,3.54,2.4180299185222434,16.34,2.4046251729161914,5.0,0.0,20.26,4.471277583904094,4.052,0.8942555167808189,1.013,0.22356387919520473,0.0,0.0
6,349.0,349.0,100,3.91,2.9062628298837048,0.17451051191940448,0.11003342751709176,0.8944775773332274,0.08501943062280623,0.07487762960289197,0.1019389960229893,0.00040000000000000034,0.0040000000000000036,4.93,0.2564323999762428,1.57,0.9873441572463398,3.43,0.9873441572463398,0.0,0.0,3.65,2.4136606173523174,3.52,2.3930876889217174,16.35,2.4136606173523187,5.0,0.0,20.26,4.471277583904094,4.052,0.8942555167808189,1.013,0.22356387919520473,0.0,0.0
6,350.0,350.0,100,3.89,2.9020891116782086,0.17351514154903408,0.1101410813648042,0.8956025773332275,0.08557584428353915,0.07487762960289197,0.1019389960229893,0.0009953703703703709,0.007232722984346929,4.93,0.2564323999762428,1.57,0.9873441572463398,3.43,0.9873441572463398,0.0,0.0,3.63,2.419011401712724,3.52,2.3930876889217174,16.37,2.419011401712725,5.0,0.0,20.26,4.471277583904094,4.052,0.8942555167808189,1.013,0.22356387919520473,0.0,0.0
6,351.0,351.0,100,3.89,2.9020891116782086,0.17351514154903408,0.1101410813648042,0.8956025773332275,0.08557584428353915,0.07487762960289197,0.1019389960229893,0.0,0.0,4.93,0.2564323999762428,1.57,0.9873441572463398,3.43,0.9873441572463398,0.0,0.0,3.63,2.419011401712724,3.5,2.414183677412062,16.37,2.419011401712725,5.0,0.0,20.26,4.471277583904094,4.052,0.8942555167808189,1.013,0.22356387919520473,0.0,0.0
6,352.0,352.0,100,3.85,2.8722813232690143,0.1716932372900589,0.10845089803712808,0.8976288931227012,0.08368930278389222,0.07487762960289197,0.1019389960229893,0.0018219042589751975,0.009031578938895946,4.95,0.21904291355759034,1.55,0.9782999065065409,3.45,0.9782999065065411,0.0,0.0,3.59,2.4166718913214162,3.5,2.414183677412062,16.41,2.4166718913214167,5.0,0.0,20.26,4.471277583904094,4.052,0.8942555167808189,1.013,0.22356387919520473,0.0,0.0
6,353.0,353.0,100,3.84,2.880516227583823,0.17092400652082812,0.10885083039691942,0.898398123891932,0.08356481732825857,0.07487762960289197,0.1019389960229893,0.000769230769230769,0.0076923076923076875,4.95,0.21904291355759034,1.55,0.9782999065065409,3.45,0.9782999065065411,0.0,0.0,3.58,2.396040504876764,3.49,2.4183432011159702,16.42,2.396040504876764,5.0,0.0,20.26,4.471277583904094,4.052,0.8942555167808189,1.013,0.22356387919520473,0.0,0.0
6,354.0,354.0,100,3.81,2.887433588374411,0.16939278877057012,0.10932130960981844,0.9000126749755232,0.0836974836278866,0.07487762960289197,0.1019389960229893,0.001531217750257998,0.008837442752627244,4.95,0.21904291355759034,1.53,0.989388138643722,3.47,0.9893881386437223,0.0,0.0,3.55,2.4010729924663914,3.49,2.4183432011159702,16.45,2.401072992466392,5.0,0.0,20.26,4.471277583904094,4.052,0.8942555167808189,1.013,0.22356387919520473,0.0,0.0
6,355.0,355.0,100,3.8,2.8989723013579143,0.16880455347645248,0.11007790989516711,0.9006009102696408,0.08419494051466773,0.07487762960289197,0.1019389960229893,0.000588235294117647,0.005882352941176471,4.95,0.21904291355759034,1.52,0.9997979593877754,3.48,0.9997979593877755,0.0,0.0,3.54,2.4012622943070188,3.45,2.396862427205511,16.46,2.4012622943070183,5.0,0.0,20.26,4.471277583904094,4.052,0.8942555167808189,1.013,0.22356387919520473,0.0,0.0
6,356.0,356.0,100,3.79,2.9,0.1682782376869788,0.11000220825420881,0.9011272260591145,0.08365602928556955,0.07487762960289197,0.1019389960229893,0.0005263157894736839,0.0052631578947368385,4.95,0.21904291355759034,1.52,0.9997979593877754,3.48,0.9997979593877755,0.0,0.0,3.53,2.397199544586486,3.45,2.396862427205511,16.47,2.397199544586485,5.0,0.0,20.26,4.471277583904094,4.052,0.8942555167808189,1.013,0.22356387919520473,0.0,0.0
6,357.0,357.0,100,3.79,2.9,0.1682782376869788,0.11000220825420881,0.9011272260591145,0.08365602928556955,0.07487762960289197,0.1019389960229893,0.0,0.0,4.95,0.21904291355759034,1.52,0.9997979593877754,3.48,0.9997979593877755,0.0,0.0,3.53,2.397199544586486,3.42,2.379117908007507,16.47,2.397199544586485,5.0,0.0,20.26,4.471277583904094,4.052,0.8942555167808189,1.013,0.22356387919520473,0.0,0.0
6,358.0,358.0,100,3.79,2.9,0.1682782376869788,0.11000220825420881,0.9011272260591145,0.08365602928556955,0.07487762960289197,0.1019389960229893,0.0,0.0,4.95,0.21904291355759034,1.52,0.9997979593877754,3.48,0.9997979593877755,0.0,0.0,3.53,2.397199544586486,3.41,2.374506860020166,16.47,2.397199544586485,5.0,0.0,20.26,4.471277583904094,4.052,0.8942555167808189,1.013,0.22356387919520473,0.0,0.0
6,359.0,359.0,100,3.77,2.9227598691177574,0.16688400691774802,0.11168380863032598,0.9025214568283454,0.08470908549493272,0.07487762960289197,0.1019389960229893,0.001394230769230769,0.009862192791762139,4.95,0.21904291355759034,1.5,1.0200019805882932,3.5,1.0200019805882932,0.0,0.0,3.51,2.3762078268458837,3.4,2.3783535600422527,16.49,2.376207826845883,5.0,0.0,20.26,4.471277583904094,4.052,0.8942555167808189,1.013,0.22356387919520473,0.0,0.0
6,360.0,360.0,100,3.76,2.9202186164184294,0.16646734025108137,0.11160530550061708,0.9030214568283453,0.08513863570555755,0.07487762960289197,0.1019389960229893,0.00041666666666666686,0.00416666666666667,4.95,0.21904291355759034,1.5,1.0200019805882932,3.5,1.0200019805882932,0.0,0.0,3.5,2.388947614969969,3.39,2.377907576934908,16.5,2.3889476149699695,5.0,0.0,20.26,4.471277583904094,4.052,0.8942555167808189,1.013,0.22356387919520473,0.0,0.0
6,361.0,361.0,100,3.72,2.8852813528057335,0.16472251266487448,0.11021161666470383,0.9050214568283453,0.08414763114830345,0.07487762960289197,0.1019389960229893,0.0017448275862068968,0.008694952855939417,4.96,0.19694638556693236,1.49,1.0199524647271707,3.51,1.0199524647271707,0.0,0.0,3.46,2.4012622943070174,3.39,2.377907576934908,16.54,2.4012622943070188,5.0,0.0,20.26,4.471277583904094,4.052,0.8942555167808189,1.013,0.22356387919520473,0.0,0.0
6,362.0,362.0,100,3.71,2.8965147988225395,0.16409751266487446,0.11097176116909174,0.9056464568283453,0.08462206916314026,0.07487762960289197,0.1019389960229893,0.000625,0.0062499999999999995,4.96,0.19694638556693236,1.48,1.0296611191076508,3.52,1.0296611191076512,0.0,0.0,3.45,2.396862427205512,3.38,2.37316649056049,16.55,2.396862427205512,5.0,0.0,20.26,4.471277583904094,4.052,0.8942555167808189,1.013,0.22356387919520473,0.0,0.0
6,363.0,363.0,100,3.7,2.907670107585359,0.16350927737075682,0.11168901748079565,0.9062346921224631,0.08507478418514916,0.07487762960289197,0.1019389960229893,0.000588235294117647,0.00588235294117647,4.96,0.19694638556693236,1.47,1.0391818848974368,3.53,1.039181884897437,0.0,0.0,3.44,2.3966306314988097,3.37,2.3726343880577008,16.56,2.3966306314988097,5.0,0.0,20.26,4.471277583904094,4.052,0.8942555167808189,1.013,0.22356387919520473,0.0,0.0
6,364.0,364.0,100,3.69,2.9048722567925127,0.16292104207663918,0.11114778318293159,0.9068229274165805,0.08387032520890257,0.07487762960289197,0.1019389960229893,0.0005882352941176469,0.00588235294117647,4.96,0.19694638556693236,1.47,1.0391818848974368,3.53,1.039181884897437,0.0,0.0,3.43,2.3794363138603165,3.37,2.3726343880577008,16.57,2.3794363138603165,5.0,0.0,20.26,4.471277583904094,4.052,0.8942555167808189,1.013,0.22356387919520473,0.0,0.0
6,365.0,365.0,100,3.69,2.9048722567925127,0.16292104207663918,0.11114778318293159,0.9068229274165805,0.08387032520890257,0.07487762960289197,0.1019389960229893,0.0,0.0,4.96,0.19694638556693236,1.47,1.0391818848974368,3.53,1.039181884897437,0.0,0.0,3.43,2.3794363138603165,3.36,2.3763140968459298,16.57,2.3794363138603165,5.0,0.0,20.26,4.471277583904094,4.052,0.8942555167808189,1.013,0.22356387919520473,0.0,0.0
6,366.0,366.0,100,3.68,2.9159263129623603,0.16229604207663917,0.11189140472586015,0.9074479274165806,0.08433283837362165,0.07487762960289197,0.1019389960229893,0.000625,0.00625,4.96,0.19694638556693236,1.46,1.0485198803045843,3.54,1.048519880304584,0.0,0.0,3.42,2.374868417407583,3.36,2.3763140968459298,16.58,2.374868417407583,5.0,0.0,20.26,4.471277583904094,4.052,0.8942555167808189,1.013,0.22356387919520473,0.0,0.0
6,367.0,367.0,100,3.66,2.9240210310288446,0.16121417073160996,0.11214916506844375,0.9085297987616099,0.08376958919997865,0.07487762960289197,0.1019389960229893,0.001081871345029239,0.0076140873524478654,4.96,0.19694638556693236,1.46,1.0485198803045843,3.54,1.048519880304584,0.0,0.0,3.4,2.3698442176990486,3.35,2.3756976646743992,16.6,2.369844217699049,5.0,0.0,20.26,4.471277583904094,4.052,0.8942555167808189,1.013,0.22356387919520473,0.0,0.0
6,368.0,368.0,100,3.65,2.9211005259710388,0.16073798025541947,0.11192028994667153,0.9090297987616098,0.08326294503185684,0.07487762960289197,0.1019389960229893,0.00047619047619047586,0.004761904761904758,4.96,0.19694638556693236,1.45,1.048086279122501,3.55,1.0480862791225007,0.0,0.0,3.39,2.3693966329089786,3.35,2.3756976646743992,16.61,2.369396632908978,5.0,0.0,20.26,4.471277583904094,4.052,0.8942555167808189,1.013,0.22356387919520473,0.0,0.0
6,369.0,369.0,100,3.63,2.932420656913142,0.15970623422367342,0.11255486868097365,0.9100853543171654,0.08347539795299569,0.07487762960289197,0.1019389960229893,0.0010317460317460312,0.007280486900848457,4.96,0.19694638556693236,1.44,1.0571545570898122,3.56,1.057154557089812,0.0,0.0,3.37,2.376887872743677,3.35,2.3756976646743992,16.63,2.3768878727436764,5.0,0.0,20.26,4.471277583904094,4.052,0.8942555167808189,1.013,0.22356387919520473,0.0,0.0
6,370.0,370.0,100,3.63,2.932420656913142,0.15970623422367342,0.11255486868097365,0.9100853543171654,0.08347539795299569,0.07487762960289197,0.1019389960229893,0.0,0.0,4.96,0.19694638556693236,1.44,1.0571545570898122,3.56,1.057154557089812,0.0,0.0,3.37,2.376887872743677,3.34,2.3835293413784777,16.63,2.3768878727436764,5.0,0.0,20.26,4.471277583904094,4.052,0.8942555167808189,1.013,0.22356387919520473,0.0,0.0
6,371.0,371.0,100,3.63,2.932420656913142,0.15970623422367342,0.11255486868097365,0.9100853543171654,0.08347539795299569,0.07487762960289197,0.1019389960229893,0.0,0.0,4.96,0.19694638556693236,1.44,1.0571545570898122,3.56,1.057154557089812,0.0,0.0,3.37,2.376887872743677,3.31,2.4024188147815027,16.63,2.3768878727436764,5.0,0.0,20.26,4.471277583904094,4.052,0.8942555167808189,1.013,0.22356387919520473,0.0,0.0
6,372.0,372.0,100,3.63,2.932420656913142,0.15970623422367342,0.11255486868097365,0.9100853543171654,0.08347539795299569,0.07487762960289197,0.1019389960229893,0.0,0.0,4.96,0.19694638556693236,1.44,1.0571545570898122,3.56,1.057154557089812,0.0,0.0,3.37,2.376887872743677,3.3,2.4015987940696437,16.63,2.3768878727436764,5.0,0.0,20.26,4.471277583904094,4.052,0.8942555167808189,1.013,0.22356387919520473,0.0,0.0
6,373.0,373.0,100,3.62,2.9362932724471142,0.15917991843419974,0.11268640288503623,0.9106116701066391,0.0832079449076538,0.07487762960289197,0.1019389960229893,0.0005263157894736841,0.00526315789473684,4.96,0.19694638556693236,1.43,1.05653330579903,3.57,1.05653330579903,0.0,0.0,3.36,2.3763140968459298,3.3,2.4015987940696437,16.64,2.3763140968459298,5.0,0.0,20.26,4.471277583904094,4.052,0.8942555167808189,1.013,0.22356387919520473,0.0,0.0
6,374.0,374.0,100,3.62,2.9362932724471142,0.15917991843419974,0.11268640288503623,0.9106116701066391,0.0832079449076538,0.07487762960289197,0.1019389960229893,0.0,0.0,4.96,0.19694638556693236,1.43,1.05653330579903,3.57,1.05653330579903,0.0,0.0,3.36,2.3763140968459298,3.3,2.4015987940696437,16.64,2.3763140968459298,5.0,0.0,20.26,4.471277583904094,4.052,0.8942555167808189,1.013,0.22356387919520473,0.0,0.0
6,375.0,375.0,100,3.61,2.940126431693616,0.15865360264472606,0.11281530354432505,0.9111379858961128,0.08293625573506032,0.07487762960289197,0.1019389960229893,0.0005263157894736841,0.005263157894736839,4.96,0.19694638556693236,1.43,1.05653330579903,3.57,1.05653330579903,0.0,0.0,3.35,2.3756976646743997,3.3,2.4015987940696437,16.65,2.3756976646743997,5.0,0.0,20.26,4.471277583904094,4.052,0.8942555167808189,1.013,0.22356387919520473,0.0,0.0
6,376.0,376.0,100,3.58,2.9445378296607143,0.15715506463303014,0.11304420387332123,0.912719857241142,0.08276885041526212,0.07487762960289197,0.1019389960229893,0.0014985380116959075,0.008626979263129901,4.96,0.19694638556693236,1.42,1.0558160231534064,3.58,1.0558160231534064,0.0,0.0,3.32,2.3820880408463987,3.29,2.3965252624024913,16.68,2.382088040846399,5.0,0.0,20.26,4.471277583904094,4.052,0.8942555167808189,1.013,0.22356387919520473,0.0,0.0
6,377.0,377.0,100,3.58,2.9445378296607143,0.15715506463303014,0.11304420387332123,0.912719857241142,0.08276885041526212,0.07487762960289197,0.1019389960229893,0.0,0.0,4.96,0.19694638556693236,1.42,1.0558160231534064,3.58,1.0558160231534064,0.0,0.0,3.32,2.3820880408463987,3.27,2.3649588374917445,16.68,2.382088040846399,5.0,0.0,20.26,4.471277583904094,4.052,0.8942555167808189,1.013,0.22356387919520473,0.0,0.0
6,378.0,378.0,100,3.58,2.9445378296607143,0.15715506463303014,0.11304420387332123,0.912719857241142,0.08276885041526212,0.07487762960289197,0.1019389960229893,0.0,0.0,4.96,0.19694638556693236,1.42,1.0558160231534064,3.58,1.0558160231534064,0.0,0.0,3.32,2.3820880408463987,3.27,2.3649588374917445,16.68,2.382088040846399,5.0,0.0,20.26,4.471277583904094,4.052,0.8942555167808189,1.013,0.22356387919520473,0.0,0.0
6,379.0,379.0,100,3.58,2.9445378296607143,0.15715506463303014,0.11304420387332123,0.912719857241142,0.08276885041526212,0.07487762960289197,0.1019389960229893,0.0,0.0,4.96,0.19694638556693236,1.42,1.0558160231534064,3.58,1.0558160231534064,0.0,0.0,3.32,2.3820880408463987,3.26,2.3468009603446873,16.68,2.382088040846399,5.0,0.0,20.26,4.471277583904094,4.052,0.8942555167808189,1.013,0.22356387919520473,0.0,0.0
6,380.0,380.0,100,3.57,2.9344866878573708,0.15675506463303016,0.11267530073051965,0.913219857241142,0.08284222509334488,0.07487762960289197,0.1019389960229893,0.00040000000000000034,0.0040000000000000036,4.96,0.19694638556693236,1.42,1.0558160231534064,3.58,1.0558160231534064,0.0,0.0,3.31,2.389771976781488,3.23,2.343505963726186,16.69,2.3897719767814882,5.0,0.0,20.26,4.471277583904094,4.052,0.8942555167808189,1.013,0.22356387919520473,0.0,0.0
6,381.0,381.0,100,3.56,2.913985780904418,0.15641023704682325,0.1121454353080617,0.9137198572411421,0.08321650027349625,0.07487762960289197,0.1019389960229893,0.0003448275862068967,0.003448275862068966,4.96,0.19694638556693236,1.42,1.0558160231534064,3.58,1.0558160231534064,0.0,0.0,3.3,2.4015987940696437,3.23,2.343505963726186,16.7,2.401598794069644,5.0,0.0,20.26,4.471277583904094,4.052,0.8942555167808189,1.013,0.22356387919520473,0.0,0.0
6,382.0,382.0,100,3.56,2.913985780904418,0.15641023704682325,0.1121454353080617,0.9137198572411421,0.08321650027349625,0.07487762960289197,0.1019389960229893,0.0,0.0,4.96,0.19694638556693236,1.42,1.0558160231534064,3.58,1.0558160231534064,0.0,0.0,3.3,2.4015987940696437,3.22,2.32500678830333,16.7,2.401598794069644,5.0,0.0,20.26,4.471277583904094,4.052,0.8942555167808189,1.013,0.22356387919520473,0.0,0.0
6,383.0,383.0,100,3.56,2.913985780904418,0.15641023704682325,0.1121454353080617,0.9137198572411421,0.08321650027349625,0.07487762960289197,0.1019389960229893,0.0,0.0,4.96,0.19694638556693236,1.42,1.0558160231534064,3.58,1.0558160231534064,0.0,0.0,3.3,2.4015987940696437,3.22,2.32500678830333,16.7,2.401598794069644,5.0,0.0,20.26,4.471277583904094,4.052,0.8942555167808189,1.013,0.22356387919520473,0.0,0.0
6,384.0,384.0,100,3.54,2.9108643584219642,0.1554077307811591,0.1117602262534357,0.9147461730306158,0.0820376746599753,0.07487762960289197,0.1019389960229893,0.0010025062656641597,0.007061887261249077,4.96,0.19694638556693236,1.42,1.0558160231534064,3.58,1.0558160231534064,0.0,0.0,3.28,2.395618896859411,3.21,2.3237682737095344,16.72,2.3956188968594097,5.0,0.0,20.26,4.471277583904094,4.052,0.8942555167808189,1.013,0.22356387919520473,0.0,0.0
6,385.0,385.0,100,3.54,2.9108643584219642,0.1554077307811591,0.1117602262534357,0.9147461730306158,0.0820376746599753,0.07487762960289197,0.1019389960229893,0.0,0.0,4.96,0.19694638556693236,1.42,1.0558160231534064,3.58,1.0558160231534064,0.0,0.0,3.28,2.395618896859411,3.21,2.3237682737095344,16.72,2.3956188968594097,5.0,0.0,20.26,4.471277583904094,4.052,0.8942555167808189,1.013,0.22356387919520473,0.0,0.0
6,386.0,386.0,100,3.52,2.931817790306136,0.15394939744782576,0.11329804957914096,0.916204506363949,0.08288303537687584,0.07487762960289197,0.1019389960229893,0.0014583333333333332,0.010366038582421725,4.96,0.19694638556693236,1.4,1.0730867399773194,3.6,1.0730867399773196,0.0,0.0,3.26,2.3682239861307144,3.21,2.3237682737095344,16.74,2.3682239861307135,5.0,0.0,20.26,4.471277583904094,4.052,0.8942555167808189,1.013,0.22356387919520473,0.0,0.0
6,387.0,387.0,100,3.51,2.9249708623257336,0.15344939744782576,0.11275602944975342,0.9167045063639491,0.08170807281424422,0.07487762960289197,0.1019389960229893,0.0004999999999999999,0.0049999999999999975,4.96,0.19694638556693236,1.4,1.0730867399773194,3.59,1.0645338525534656,0.01,0.1,3.24,2.340335812906284,3.2,2.326830766115451,16.76,2.3403358129062832,5.0,0.0,20.26,4.471277583904094,4.052,0.8942555167808189,1.013,0.22356387919520473,0.0,0.0
6,388.0,388.0,100,3.48,2.9076006283775313,0.15195318532661364,0.11157244066962732,0.9183295063639492,0.07979822597902042,0.07487762960289197,0.1019389960229893,0.0014962121212121204,0.008694949040239743,4.96,0.19694638556693236,1.39,1.0720979150217291,3.61,1.0720979150217291,0.0,0.0,3.22,2.3423203552171605,3.2,2.326830766115451,16.78,2.3423203552171605,5.0,0.0,20.26,4.471277583904094,4.052,0.8942555167808189,1.013,0.22356387919520473,0.0,0.0
6,389.0,389.0,100,3.48,2.9076006283775313,0.15195318532661364,0.11157244066962732,0.9183295063639492,0.07979822597902042,0.07487762960289197,0.1019389960229893,0.0,0.0,4.96,0.19694638556693236,1.39,1.0720979150217291,3.61,1.0720979150217291,0.0,0.0,3.22,2.3423203552171605,3.2,2.3527332053068695,16.78,2.3423203552171605,5.0,0.0,20.26,4.471277583904094,4.052,0.8942555167808189,1.013,0.22356387919520473,0.0,0.0
6,390.0,390.0,100,3.48,2.9076006283775313,0.15195318532661364,0.11157244066962732,0.9183295063639492,0.07979822597902042,0.07487762960289197,0.1019389960229893,0.0,0.0,4.96,0.19694638556693236,1.39,1.0720979150217291,3.61,1.0720979150217291,0.0,0.0,3.22,2.3423203552171605,3.2,2.3527332053068695,16.78,2.3423203552171605,5.0,0.0,20.26,4.471277583904094,4.052,0.8942555167808189,1.013,0.22356387919520473,0.0,0.0
6,391.0,391.0,100,3.47,2.897072712762022,0.151536518659947,0.11112230508573284,0.9188295063639491,0.07952192883727657,0.07487762960289197,0.1019389960229893,0.00041666666666666686,0.004166666666666669,4.96,0.19694638556693236,1.39,1.0720979150217291,3.61,1.0720979150217291,0.0,0.0,3.21,2.345401690736384,3.19,2.35999914398204,16.79,2.3454016907363835,5.0,0.0,20.26,4.471277583904094,4.052,0.8942555167808189,1.013,0.22356387919520473,0.0,0.0
6,392.0,392.0,100,3.47,2.897072712762022,0.151536518659947,0.11112230508573284,0.9188295063639491,0.07952192883727657,0.07487762960289197,0.1019389960229893,0.0,0.0,4.96,0.19694638556693236,1.39,1.0720979150217291,3.61,1.0720979150217291,0.0,0.0,3.21,2.345401690736384,3.18,2.358650530119357,16.79,2.3454016907363835,5.0,0.0,20.26,4.471277583904094,4.052,0.8942555167808189,1.013,0.22356387919520473,0.0,0.0
6,393.0,393.0,100,3.47,2.897072712762022,0.151536518659947,0.11112230508573284,0.9188295063639491,0.07952192883727657,0.07487762960289197,0.1019389960229893,0.0,0.0,4.96,0.19694638556693236,1.39,1.0720979150217291,3.61,1.0720979150217291,0.0,0.0,3.21,2.345401690736384,3.17,2.3443678478559224,16.79,2.3454016907363835,5.0,0.0,20.26,4.471277583904094,4.052,0.8942555167808189,1.013,0.22356387919520473,0.0,0.0
6,394.0,394.0,100,3.47,2.897072712762022,0.151536518659947,0.11112230508573284,0.9188295063639491,0.07952192883727657,0.07487762960289197,0.1019389960229893,0.0,0.0,4.96,0.19694638556693236,1.39,1.0720979150217291,3.61,1.0720979150217291,0.0,0.0,3.21,2.345401690736384,3.16,2.3386087550274217,16.79,2.3454016907363835,5.0,0.0,20.26,4.471277583904094,4.052,0.8942555167808189,1.013,0.22356387919520473,0.0,0.0
6,395.0,395.0,100,3.46,2.907392180791799,0.1510102028704733,0.11171852846454738,0.9193558221534228,0.07988605888341842,0.07487762960289197,0.1019389960229893,0.000526315789473684,0.005263157894736839,4.96,0.19694638556693236,1.38,1.0804039648542239,3.62,1.080403964854224,0.0,0.0,3.2,2.352733205306869,3.16,2.3386087550274217,16.8,2.352733205306869,5.0,0.0,20.26,4.471277583904094,4.052,0.8942555167808189,1.013,0.22356387919520473,0.0,0.0
6,396.0,396.0,100,3.46,2.907392180791799,0.1510102028704733,0.11171852846454738,0.9193558221534228,0.07988605888341842,0.07487762960289197,0.1019389960229893,0.0,0.0,4.96,0.19694638556693236,1.38,1.0804039648542239,3.62,1.080403964854224,0.0,0.0,3.2,2.352733205306869,3.15,2.3327921450311835,16.8,2.352733205306869,5.0,0.0,20.26,4.471277583904094,4.052,0.8942555167808189,1.013,0.22356387919520473,0.0,0.0
6,397.0,397.0,100,3.46,2.907392180791799,0.1510102028704733,0.11171852846454738,0.9193558221534228,0.07988605888341842,0.07487762960289197,0.1019389960229893,0.0,0.0,4.96,0.19694638556693236,1.38,1.0804039648542239,3.62,1.080403964854224,0.0,0.0,3.2,2.352733205306869,3.15,2.3327921450311835,16.8,2.352733205306869,5.0,0.0,20.26,4.471277583904094,4.052,0.8942555167808189,1.013,0.22356387919520473,0.0,0.0
6,398.0,398.0,100,3.45,2.903759318851716,0.15057542026177764,0.11154204337147795,0.9198558221534228,0.07992015433178595,0.07487762960289197,0.1019389960229893,0.00043478260869565186,0.00434782608695652,4.96,0.19694638556693236,1.38,1.0804039648542239,3.62,1.080403964854224,0.0,0.0,3.19,2.35999914398204,3.15,2.3327921450311835,16.81,2.359999143982039,5.0,0.0,20.26,4.471277583904094,4.052,0.8942555167808189,1.013,0.22356387919520473,0.0,0.0
6,399.0,399.0,100,3.45,2.903759318851716,0.15057542026177764,0.11154204337147795,0.9198558221534228,0.07992015433178595,0.07487762960289197,0.1019389960229893,0.0,0.0,4.96,0.19694638556693236,1.38,1.0804039648542239,3.62,1.080403964854224,0.0,0.0,3.19,2.35999914398204,3.15,2.3327921450311835,16.81,2.359999143982039,5.0,0.0,20.26,4.471277583904094,4.052,0.8942555167808189,1.013,0.22356387919520473,0.0,0.0
6,400.0,400.0,100,3.44,2.907044734934275,0.14995042026177763,0.111508152147593,0.9204808221534228,0.07931420609146725,0.07487762960289197,0.1019389960229893,0.000625,0.0062499999999999995,4.96,0.19694638556693236,1.38,1.0804039648542239,3.62,1.080403964854224,0.0,0.0,3.18,2.3457677341600265,3.14,2.3182194490904893,16.82,2.3457677341600256,5.0,0.0,20.26,4.471277583904094,4.052,0.8942555167808189,1.013,0.22356387919520473,0.0,0.0
6,401.0,401.0,100,3.44,2.907044734934275,0.14995042026177763,0.111508152147593,0.9204808221534228,0.07931420609146725,0.07487762960289197,0.1019389960229893,0.0,0.0,4.96,0.19694638556693236,1.38,1.0804039648542239,3.62,1.080403964854224,0.0,0.0,3.18,2.3457677341600265,3.12,2.33238075793812,16.82,2.3457677341600256,5.0,0.0,20.26,4.471277583904094,4.052,0.8942555167808189,1.013,0.22356387919520473,0.0,0.0
6,402.0,402.0,100,3.43,2.9137604568666933,0.1493948647062221,0.11184150789307043,0.9210363777089783,0.07928524938616678,0.07487762960289197,0.1019389960229893,0.0005555555555555561,0.00555555555555556,4.96,0.19694638556693236,1.38,1.0804039648542239,3.62,1.080403964854224,0.0,0.0,3.17,2.3443678478559224,3.12,2.33238075793812,16.83,2.3443678478559224,5.0,0.0,20.26,4.471277583904094,4.052,0.8942555167808189,1.013,0.22356387919520473,0.0,0.0
6,403.0,403.0,100,3.43,2.9137604568666933,0.1493948647062221,0.11184150789307043,0.9210363777089783,0.07928524938616678,0.07487762960289197,0.1019389960229893,0.0,0.0,4.96,0.19694638556693236,1.38,1.0804039648542239,3.62,1.080403964854224,0.0,0.0,3.17,2.3443678478559224,3.11,2.3436783659086595,16.83,2.3443678478559224,5.0,0.0,20.26,4.471277583904094,4.052,0.8942555167808189,1.013,0.22356387919520473,0.0,0.0
6,404.0,404.0,100,3.42,2.9100314136247447,0.1488948647062221,0.11149843738373258,0.9215363777089783,0.07834785735640001,0.07487762960289197,0.1019389960229893,0.0004999999999999999,0.0049999999999999975,4.96,0.19694638556693236,1.38,1.0804039648542239,3.62,1.080403964854224,0.0,0.0,3.16,2.3386087550274217,3.09,2.331579427397365,16.84,2.3386087550274217,5.0,0.0,20.26,4.471277583904094,4.052,0.8942555167808189,1.013,0.22356387919520473,0.0,0.0
6,405.0,405.0,100,3.42,2.9100314136247447,0.1488948647062221,0.11149843738373258,0.9215363777089783,0.07834785735640001,0.07487762960289197,0.1019389960229893,0.0,0.0,4.96,0.19694638556693236,1.38,1.0804039648542239,3.62,1.080403964854224,0.0,0.0,3.16,2.3386087550274217,3.08,2.3297808454613897,16.84,2.3386087550274217,5.0,0.0,20.26,4.471277583904094,4.052,0.8942555167808189,1.013,0.22356387919520473,0.0,0.0
6,406.0,406.0,100,3.4,2.877990320141519,0.1480948647062221,0.11024845360538049,0.9225363777089782,0.07741355641335107,0.07487762960289197,0.1019389960229893,0.0008000000000000007,0.005628211765451592,4.96,0.19694638556693236,1.38,1.0804039648542239,3.62,1.080403964854224,0.0,0.0,3.14,2.3399041679418233,3.08,2.3297808454613897,16.86,2.339904167941823,5.0,0.0,20.26,4.471277583904094,4.052,0.8942555167808189,1.013,0.22356387919520473,0.0,0.0
6,407.0,407.0,100,3.4,2.877990320141519,0.1480948647062221,0.11024845360538049,0.9225363777089782,0.07741355641335107,0.07487762960289197,0.1019389960229893,0.0,0.0,4.96,0.19694638556693236,1.38,1.0804039648542239,3.62,1.080403964854224,0.0,0.0,3.14,2.3399041679418233,3.07,2.3365994457110038,16.86,2.339904167941823,5.0,0.0,20.26,4.471277583904094,4.052,0.8942555167808189,1.013,0.22356387919520473,0.0,0.0
6,408.0,408.0,100,3.4,2.877990320141519,0.1480948647062221,0.11024845360538049,0.9225363777089782,0.07741355641335107,0.07487762960289197,0.1019389960229893,0.0,0.0,4.96,0.19694638556693236,1.38,1.0804039648542239,3.62,1.080403964854224,0.0,0.0,3.14,2.3399041679418233,3.04,2.3480918537262028,16.86,2.339904167941823,5.0,0.0,20.26,4.471277583904094,4.052,0.8942555167808189,1.013,0.22356387919520473,0.0,0.0
6,409.0,409.0,100,3.38,2.8772180727890326,0.14705208395755898,0.10988563950257821,0.923624613003096,0.07642999461476384,0.07487762960289197,0.1019389960229893,0.0010427807486631019,0.007397504456327987,4.96,0.19694638556693236,1.37,1.0792346708420162,3.63,1.0792346708420162,0.0,0.0,3.12,2.33238075793812,3.03,2.3460906662235823,16.88,2.332380757938121,5.0,0.0,20.26,4.471277583904094,4.052,0.8942555167808189,1.013,0.22356387919520473,0.0,0.0
6,410.0,410.0,100,3.36,2.8763051495158347,0.14595063468219668,0.10980036991661242,0.9247912796697626,0.07588962897382098,0.07487762960289197,0.1019389960229893,0.00110144927536232,0.007922276839640682,4.96,0.19694638556693236,1.37,1.0792346708420162,3.63,1.0792346708420162,0.0,0.0,3.1,2.3203099758089185,3.02,2.348349947249659,16.9,2.3203099758089185,5.0,0.0,20.26,4.471277583904094,4.052,0.8942555167808189,1.013,0.22356387919520473,0.0,0.0
6,411.0,411.0,100,3.36,2.8763051495158347,0.14595063468219668,0.10980036991661242,0.9247912796697626,0.07588962897382098,0.07487762960289197,0.1019389960229893,0.0,0.0,4.96,0.19694638556693236,1.37,1.0792346708420162,3.63,1.0792346708420162,0.0,0.0,3.1,2.3203099758089185,3.01,2.354857434188647,16.9,2.3203099758089185,5.0,0.0,20.26,4.471277583904094,4.052,0.8942555167808189,1.013,0.22356387919520473,0.0,0.0
6,412.0,412.0,100,3.36,2.8763051495158347,0.14595063468219668,0.10980036991661242,0.9247912796697626,0.07588962897382098,0.07487762960289197,0.1019389960229893,0.0,0.0,4.96,0.19694638556693236,1.37,1.0792346708420162,3.63,1.0792346708420162,0.0,0.0,3.1,2.3203099758089185,3.01,2.354857434188647,16.9,2.3203099758089185,5.0,0.0,20.26,4.471277583904094,4.052,0.8942555167808189,1.013,0.22356387919520473,0.0,0.0
6,413.0,413.0,100,3.34,2.8682166352398597,0.14506130661895555,0.10938446989020077,0.9257912796697626,0.0755522487521176,0.07487762960289197,0.1019389960229893,0.0008893280632411059,0.006258234519104079,4.96,0.19694638556693236,1.37,1.0792346708420162,3.63,1.0792346708420162,0.0,0.0,3.08,2.3297808454613893,3.0,2.357022603955158,16.92,2.3297808454613906,5.0,0.0,20.26,4.471277583904094,4.052,0.8942555167808189,1.013,0.22356387919520473,0.0,0.0
6,414.0,414.0,100,3.33,2.8676354952004153,0.14456130661895555,0.10924499358543813,0.9262912796697625,0.07487376304718182,0.07487762960289197,0.1019389960229893,0.0005000000000000001,0.005,4.96,0.19694638556693236,1.36,1.0685589276301901,3.64,1.0685589276301901,0.0,0.0,3.07,2.3279374839743716,3.0,2.357022603955158,16.93,2.327937483974372,5.0,0.0,20.26,4.471277583904094,4.052,0.8942555167808189,1.013,0.22356387919520473,0.0,0.0
6,415.0,415.0,100,3.33,2.8676354952004153,0.14456130661895555,0.10924499358543813,0.9262912796697625,0.07487376304718182,0.07487762960289197,0.1019389960229893,0.0,0.0,4.96,0.19694638556693236,1.36,1.0685589276301901,3.64,1.0685589276301901,0.0,0.0,3.07,2.3279374839743716,2.99,2.367690772875461,16.93,2.327937483974372,5.0,0.0,20.26,4.471277583904094,4.052,0.8942555167808189,1.013,0.22356387919520473,0.0,0.0
6,416.0,416.0,100,3.33,2.8676354952004153,0.14456130661895555,0.10924499358543813,0.9262912796697625,0.07487376304718182,0.07487762960289197,0.1019389960229893,0.0,0.0,4.96,0.19694638556693236,1.36,1.0685589276301901,3.64,1.0685589276301901,0.0,0.0,3.07,2.3279374839743716,2.99,2.367690772875461,16.93,2.327937483974372,5.0,0.0,20.26,4.471277583904094,4.052,0.8942555167808189,1.013,0.22356387919520473,0.0,0.0
6,417.0,417.0,100,3.29,2.8508194816879793,0.14275364737422538,0.10866188097806281,0.9283175954592363,0.0744442400497417,0.07487762960289197,0.1019389960229893,0.0018076592447301824,0.008974146302977465,4.96,0.19694638556693236,1.36,1.0685589276301901,3.64,1.0685589276301901,0.0,0.0,3.03,2.3460906662235828,2.99,2.367690772875461,16.97,2.346090666223582,5.0,0.0,20.26,4.471277583904094,4.052,0.8942555167808189,1.013,0.22356387919520473,0.0,0.0
6,418.0,418.0,100,3.28,2.8571370851312556,0.14222733158475168,0.1089723244902709,0.92884391124871,0.07439045969778421,0.07487762960289197,0.1019389960229893,0.000526315789473684,0.005263157894736839,4.96,0.19694638556693236,1.35,1.067187372905475,3.65,1.067187372905475,0.0,0.0,3.02,2.348349947249659,2.98,2.3569368924838687,16.98,2.3483499472496585,5.0,0.0,20.26,4.471277583904094,4.052,0.8942555167808189,1.013,0.22356387919520473,0.0,0.0
6,419.0,419.0,100,3.28,2.8571370851312556,0.14222733158475168,0.1089723244902709,0.92884391124871,0.07439045969778421,0.07487762960289197,0.1019389960229893,0.0,0.0,4.96,0.19694638556693236,1.35,1.067187372905475,3.65,1.067187372905475,0.0,0.0,3.02,2.348349947249659,2.97,2.367520119270693,16.98,2.3483499472496585,5.0,0.0,20.26,4.471277583904094,4.052,0.8942555167808189,1.013,0.22356387919520473,0.0,0.0
6,420.0,420.0,100,3.27,2.8528029810144346,0.14177278613020625,0.10870848042495286,0.92934391124871,0.07402229515257559,0.07487762960289197,0.1019389960229893,0.00045454545454545417,0.004545454545454543,4.96,0.19694638556693236,1.35,1.067187372905475,3.64,1.0685589276301901,0.01,0.09999999999999999,3.0,2.357022603955158,2.96,2.3566797393662537,17.0,2.357022603955158,5.0,0.0,20.26,4.471277583904094,4.052,0.8942555167808189,1.013,0.22356387919520473,0.0,0.0
6,421.0,421.0,100,3.27,2.8528029810144346,0.14177278613020625,0.10870848042495286,0.92934391124871,0.07402229515257559,0.07487762960289197,0.1019389960229893,0.0,0.0,4.96,0.19694638556693236,1.35,1.067187372905475,3.65,1.067187372905475,0.0,0.0,3.01,2.350564084459625,2.96,2.3566797393662537,16.99,2.3505640844596245,5.0,0.0,20.26,4.471277583904094,4.052,0.8942555167808189,1.013,0.22356387919520473,0.0,0.0
6,422.0,422.0,100,3.27,2.8528029810144346,0.14177278613020625,0.10870848042495286,0.92934391124871,0.07402229515257559,0.07487762960289197,0.1019389960229893,0.0,0.0,4.96,0.19694638556693236,1.35,1.067187372905475,3.65,1.067187372905475,0.0,0.0,3.01,2.350564084459625,2.94,2.3648093437575954,16.99,2.3505640844596245,5.0,0.0,20.26,4.471277583904094,4.052,0.8942555167808189,1.013,0.22356387919520473,0.0,0.0
6,423.0,423.0,100,3.27,2.8528029810144346,0.14177278613020625,0.10870848042495286,0.92934391124871,0.07402229515257559,0.07487762960289197,0.1019389960229893,0.0,0.0,4.96,0.19694638556693236,1.35,1.067187372905475,3.65,1.067187372905475,0.0,0.0,3.01,2.350564084459625,2.93,2.353827744442029,16.99,2.3505640844596245,5.0,0.0,20.26,4.471277583904094,4.052,0.8942555167808189,1.013,0.22356387919520473,0.0,0.0
6,424.0,424.0,100,3.25,2.8511029232189915,0.14074778613020625,0.10869173565503175,0.93046891124871,0.07412813266958548,0.07487762960289197,0.1019389960229893,0.0010249999999999999,0.007386301476039917,4.96,0.19694638556693236,1.35,1.067187372905475,3.65,1.067187372905475,0.0,0.0,2.99,2.350564084459625,2.93,2.353827744442029,17.01,2.3505640844596254,5.0,0.0,20.26,4.471277583904094,4.052,0.8942555167808189,1.013,0.22356387919520473,0.0,0.0
6,425.0,425.0,100,3.25,2.8511029232189915,0.14074778613020625,0.10869173565503175,0.93046891124871,0.07412813266958548,0.07487762960289197,0.1019389960229893,0.0,0.0,4.96,0.19694638556693236,1.35,1.067187372905475,3.65,1.067187372905475,0.0,0.0,2.99,2.350564084459625,2.92,2.3599349417500752,17.01,2.3505640844596254,5.0,0.0,20.26,4.471277583904094,4.052,0.8942555167808189,1.013,0.22356387919520473,0.0,0.0
6,426.0,426.0,100,3.23,2.863405474097392,0.13974778613020622,0.10929641855549178,0.93146891124871,0.0740467531125884,0.07487762960289197,0.1019389960229893,0.001,0.007035264706814482,4.96,0.19694638556693236,1.33,1.0736043324364253,3.67,1.0736043324364255,0.0,0.0,2.97,2.3632497741350775,2.92,2.3599349417500752,17.03,2.3632497741350784,5.0,0.0,20.26,4.471277583904094,4.052,0.8942555167808189,1.013,0.22356387919520473,0.0,0.0
6,427.0,427.0,100,3.22,2.8694841686162684,0.13912278613020623,0.10955998608589196,0.93209391124871,0.07382875467019666,0.07487762960289197,0.1019389960229893,0.000625,0.0062499999999999995,4.96,0.19694638556693236,1.33,1.0736043324364253,3.67,1.0736043324364255,0.0,0.0,2.96,2.352389715531288,2.89,2.360855006906685,17.04,2.3523897155312885,5.0,0.0,20.26,4.471277583904094,4.052,0.8942555167808189,1.013,0.22356387919520473,0.0,0.0
6,428.0,428.0,100,3.21,2.8790255085337257,0.13845611946353956,0.11020625660488961,0.9327605779153767,0.0741403986766281,0.07487762960289197,0.1019389960229893,0.000666666666666666,0.006666666666666662,4.96,0.19694638556693236,1.32,1.081338489693643,3.68,1.081338489693643,0.0,0.0,2.95,2.341436147393994,2.88,2.3667733650724063,17.05,2.341436147393995,5.0,0.0,20.26,4.471277583904094,4.052,0.8942555167808189,1.013,0.22356387919520473,0.0,0.0
6,429.0,429.0,100,3.2,2.874478433146831,0.1380394527968729,0.11001800262856887,0.9332605779153766,0.07442588443270656,0.07487762960289197,0.1019389960229893,0.00041666666666666686,0.004166666666666668,4.96,0.19694638556693236,1.32,1.081338489693643,3.68,1.081338489693643,0.0,0.0,2.94,2.3519602827677963,2.87,2.3683732643297417,17.06,2.351960282767797,5.0,0.0,20.26,4.471277583904094,4.052,0.8942555167808189,1.013,0.22356387919520473,0.0,0.0
6,430.0,430.0,100,3.2,2.874478433146831,0.1380394527968729,0.11001800262856887,0.9332605779153766,0.07442588443270656,0.07487762960289197,0.1019389960229893,0.0,0.0,4.96,0.19694638556693236,1.32,1.081338489693643,3.68,1.081338489693643,0.0,0.0,2.94,2.3519602827677963,2.87,2.3683732643297417,17.06,2.351960282767797,5.0,0.0,20.26,4.471277583904094,4.052,0.8942555167808189,1.013,0.22356387919520473,0.0,0.0
6,431.0,431.0,100,3.19,2.8839332008683387,0.13751313700739923,0.11055529326935978,0.9337868937048504,0.07471220428725879,0.07487762960289197,0.1019389960229893,0.000526315789473684,0.005263157894736839,4.96,0.19694638556693236,1.31,1.0889249633273983,3.69,1.0889249633273983,0.0,0.0,2.93,2.358115152130419,2.86,2.365663466421975,17.07,2.358115152130419,5.0,0.0,20.26,4.471277583904094,4.052,0.8942555167808189,1.013,0.22356387919520473,0.0,0.0
6,432.0,432.0,100,3.18,2.8687800525482934,0.13711313700739922,0.10995912303289328,0.9342868937048503,0.07431204642247845,0.07487762960289197,0.1019389960229893,0.0003999999999999998,0.003999999999999998,4.96,0.19694638556693236,1.3,1.0777829844714388,3.69,1.0889249633273983,0.01,0.1,2.91,2.365983682927418,2.86,2.365663466421975,17.09,2.365983682927418,5.0,0.0,20.26,4.471277583904094,4.052,0.8942555167808189,1.013,0.22356387919520473,0.0,0.0
6,433.0,433.0,100,3.18,2.8687800525482934,0.13711313700739922,0.10995912303289328,0.9342868937048503,0.07431204642247845,0.07487762960289197,0.1019389960229893,0.0,0.0,4.96,0.19694638556693236,1.3,1.0777829844714388,3.7,1.0777829844714386,0.0,0.0,2.92,2.3599349417500752,2.85,2.367178775153105,17.08,2.3599349417500743,5.0,0.0,20.26,4.471277583904094,4.052,0.8942555167808189,1.013,0.22356387919520473,0.0,0.0
6,434.0,434.0,100,3.18,2.8687800525482934,0.13711313700739922,0.10995912303289328,0.9342868937048503,0.07431204642247845,0.07487762960289197,0.1019389960229893,0.0,0.0,4.96,0.19694638556693236,1.3,1.0777829844714388,3.7,1.0777829844714386,0.0,0.0,2.92,2.3599349417500752,2.86,2.3613897637115344,17.08,2.3599349417500743,5.0,0.0,20.26,4.471277583904094,4.052,0.8942555167808189,1.013,0.22356387919520473,0.0,0.0
6,435.0,435.0,100,3.17,2.8676354952004157,0.13665859155285376,0.10986636623969612,0.9347868937048502,0.07424720208554729,0.07487762960289197,0.1019389960229893,0.000454545454545455,0.0045454545454545504,4.96,0.19694638556693236,1.29,1.0758600036597454,3.71,1.0758600036597454,0.0,0.0,2.91,2.365983682927418,2.84,2.3515307715819858,17.09,2.365983682927418,5.0,0.0,20.26,4.471277583904094,4.052,0.8942555167808189,1.013,0.22356387919520473,0.0,0.0
6,436.0,436.0,100,3.15,2.854643567766367,0.13570303599729822,0.10938568739192084,0.9358424492604059,0.07335045165576094,0.07487762960289197,0.1019389960229893,0.0009555555555555558,0.006812874851969402,4.96,0.19694638556693236,1.28,1.07383951926315,3.72,1.07383951926315,0.0,0.0,2.89,2.360855006906685,2.84,2.3515307715819858,17.11,2.360855006906685,5.0,0.0,20.26,4.471277583904094,4.052,0.8942555167808189,1.013,0.22356387919520473,0.0,0.0
6,437.0,437.0,100,3.15,2.854643567766367,0.13570303599729822,0.10938568739192084,0.9358424492604059,0.07335045165576094,0.07487762960289197,0.1019389960229893,0.0,0.0,4.96,0.19694638556693236,1.28,1.07383951926315,3.72,1.07383951926315,0.0,0.0,2.89,2.360855006906685,2.84,2.3515307715819858,17.11,2.360855006906685,5.0,0.0,20.26,4.471277583904094,4.052,0.8942555167808189,1.013,0.22356387919520473,0.0,0.0
6,438.0,438.0,100,3.15,2.854643567766367,0.13570303599729822,0.10938568739192084,0.9358424492604059,0.07335045165576094,0.07487762960289197,0.1019389960229893,0.0,0.0,4.96,0.19694638556693236,1.28,1.07383951926315,3.72,1.07383951926315,0.0,0.0,2.89,2.360855006906685,2.84,2.3515307715819858,17.11,2.360855006906685,5.0,0.0,20.26,4.471277583904094,4.052,0.8942555167808189,1.013,0.22356387919520473,0.0,0.0
6,439.0,439.0,100,3.14,2.8498449364160425,0.13514748044174266,0.1087963116367166,0.9363980048159614,0.07191244408586357,0.07487762960289197,0.1019389960229893,0.0005555555555555558,0.005555555555555558,4.96,0.19694638556693236,1.28,1.07383951926315,3.72,1.07383951926315,0.0,0.0,2.88,2.345337088907703,2.84,2.3515307715819858,17.12,2.345337088907703,5.0,0.0,20.26,4.471277583904094,4.052,0.8942555167808189,1.013,0.22356387919520473,0.0,0.0
6,440.0,440.0,100,3.13,2.8485509341141193,0.13467128996555217,0.10865581848403517,0.9368980048159615,0.07147817081086465,0.07487762960289197,0.1019389960229893,0.0004761904761904762,0.004761904761904761,4.96,0.19694638556693236,1.27,1.0717209798197749,3.73,1.0717209798197749,0.0,0.0,2.87,2.3469516011587923,2.84,2.3515307715819858,17.13,2.346951601158793,5.0,0.0,20.26,4.471277583904094,4.052,0.8942555167808189,1.013,0.22356387919520473,0.0,0.0
6,441.0,441.0,100,3.12,2.8543073953361624,0.13411573440999663,0.10891920624240935,0.9374535603715171,0.07131697424180938,0.07487762960289197,0.1019389960229893,0.0005555555555555561,0.005555555555555561,4.96,0.19694638556693236,1.27,1.0717209798197749,3.73,1.0717209798197749,0.0,0.0,2.86,2.3442170410082626,2.85,2.345746203775091,17.14,2.344217041008264,5.0,0.0,20.26,4.471277583904094,4.052,0.8942555167808189,1.013,0.22356387919520473,0.0,0.0
6,442.0,442.0,100,3.12,2.8543073953361624,0.13411573440999663,0.10891920624240935,0.9374535603715171,0.07131697424180938,0.07487762960289197,0.1019389960229893,0.0,0.0,4.96,0.19694638556693236,1.27,1.0717209798197749,3.73,1.0717209798197749,0.0,0.0,2.86,2.3442170410082626,2.84,2.3342855200015458,17.14,2.344217041008264,5.0,0.0,20.26,4.471277583904094,4.052,0.8942555167808189,1.013,0.22356387919520473,0.0,0.0
6,443.0,443.0,100,3.11,2.83874705609444,0.13371573440999662,0.10830135724416853,0.937953560371517,0.0708715308522308,0.07487762960289197,0.1019389960229893,0.0003999999999999998,0.0039999999999999975,4.96,0.19694638556693236,1.26,1.0600171525198843,3.74,1.0600171525198843,0.0,0.0,2.85,2.345746203775091,2.84,2.3342855200015458,17.15,2.345746203775092,5.0,0.0,20.26,4.471277583904094,4.052,0.8942555167808189,1.013,0.22356387919520473,0.0,0.0
6,444.0,444.0,100,3.11,2.83874705609444,0.13371573440999662,0.10830135724416853,0.937953560371517,0.0708715308522308,0.07487762960289197,0.1019389960229893,0.0,0.0,4.96,0.19694638556693236,1.26,1.0600171525198843,3.74,1.0600171525198843,0.0,0.0,2.85,2.345746203775091,2.84,2.3342855200015458,17.15,2.345746203775092,5.0,0.0,20.26,4.471277583904094,4.052,0.8942555167808189,1.013,0.22356387919520473,0.0,0.0
6,445.0,445.0,100,3.11,2.83874705609444,0.13371573440999662,0.10830135724416853,0.937953560371517,0.0708715308522308,0.07487762960289197,0.1019389960229893,0.0,0.0,4.96,0.19694638556693236,1.26,1.0600171525198843,3.74,1.0600171525198843,0.0,0.0,2.85,2.345746203775091,2.84,2.3342855200015458,17.15,2.345746203775092,5.0,0.0,20.26,4.471277583904094,4.052,0.8942555167808189,1.013,0.22356387919520473,0.0,0.0
6,446.0,446.0,100,3.1,2.8408989898810324,0.13312749911587896,0.10822651315621701,0.9385417956656348,0.0701526874178626,0.07487762960289197,0.1019389960229893,0.000588235294117647,0.005882352941176472,4.96,0.19694638556693236,1.26,1.0600171525198843,3.74,1.0600171525198843,0.0,0.0,2.84,2.3342855200015458,2.84,2.3342855200015458,17.16,2.3342855200015458,5.0,0.0,20.26,4.471277583904094,4.052,0.8942555167808189,1.013,0.22356387919520473,0.0,0.0
6,447.0,447.0,100,3.1,2.8408989898810324,0.13312749911587896,0.10822651315621701,0.9385417956656348,0.0701526874178626,0.07487762960289197,0.1019389960229893,0.0,0.0,4.96,0.19694638556693236,1.26,1.0600171525198843,3.74,1.0600171525198843,0.0,0.0,2.84,2.3342855200015458,2.84,2.3342855200015458,17.16,2.3342855200015458,5.0,0.0,20.26,4.471277583904094,4.052,0.8942555167808189,1.013,0.22356387919520473,0.0,0.0
6,448.0,448.0,100,3.1,2.8408989898810324,0.13312749911587896,0.10822651315621701,0.9385417956656348,0.0701526874178626,0.07487762960289197,0.1019389960229893,0.0,0.0,4.96,0.19694638556693236,1.26,1.0600171525198843,3.74,1.0600171525198843,0.0,0.0,2.84,2.3342855200015458,2.84,2.3342855200015458,17.16,2.3342855200015458,5.0,0.0,20.26,4.471277583904094,4.052,0.8942555167808189,1.013,0.22356387919520473,0.0,0.0
6,449.0,449.0,100,3.1,2.8408989898810324,0.13312749911587896,0.10822651315621701,0.9385417956656348,0.0701526874178626,0.07487762960289197,0.1019389960229893,0.0,0.0,4.96,0.19694638556693236,1.26,1.0600171525198843,3.74,1.0600171525198843,0.0,0.0,2.84,2.3342855200015458,2.83,2.3183719470457027,17.16,2.3342855200015458,5.0,0.0,20.26,4.471277583904094,4.052,0.8942555167808189,1.013,0.22356387919520473,0.0,0.0
6,450.0,450.0,100,3.1,2.8408989898810324,0.13312749911587896,0.10822651315621701,0.9385417956656348,0.0701526874178626,0.07487762960289197,0.1019389960229893,0.0,0.0,4.96,0.19694638556693236,1.26,1.0600171525198843,3.74,1.0600171525198843,0.0,0.0,2.84,2.3342855200015458,2.83,2.3183719470457027,17.16,2.3342855200015458,5.0,0.0,20.26,4.471277583904094,4.052,0.8942555167808189,1.013,0.22356387919520473,0.0,0.0
6,451.0,451.0,100,3.1,2.8408989898810324,0.13312749911587896,0.10822651315621701,0.9385417956656348,0.0701526874178626,0.07487762960289197,0.1019389960229893,0.0,0.0,4.96,0.19694638556693236,1.26,1.0600171525198843,3.74,1.0600171525198843,0.0,0.0,2.84,2.3342855200015458,2.83,2.3183719470457027,17.16,2.3342855200015458,5.0,0.0,20.26,4.471277583904094,4.052,0.8942555167808189,1.013,0.22356387919520473,0.0,0.0
6,452.0,452.0,100,3.1,2.8408989898810324,0.13312749911587896,0.10822651315621701,0.9385417956656348,0.0701526874178626,0.07487762960289197,0.1019389960229893,0.0,0.0,4.96,0.19694638556693236,1.26,1.0600171525198843,3.74,1.0600171525198843,0.0,0.0,2.84,2.3342855200015458,2.83,2.3183719470457027,17.16,2.3342855200015458,5.0,0.0,20.26,4.471277583904094,4.052,0.8942555167808189,1.013,0.22356387919520473,0.0,0.0
6,453.0,453.0,100,3.09,2.8358990165947775,0.13257194356032342,0.10761736084721407,0.9390973512211902,0.06862565729206759,0.07487762960289197,0.1019389960229893,0.0005555555555555558,0.005555555555555557,4.96,0.19694638556693236,1.26,1.0600171525198843,3.74,1.0600171525198843,0.0,0.0,2.83,2.3183719470457027,2.81,2.316802917292655,17.17,2.318371947045704,5.0,0.0,20.26,4.471277583904094,4.052,0.8942555167808189,1.013,0.22356387919520473,0.0,0.0
6,454.0,454.0,100,3.09,2.8358990165947775,0.13257194356032342,0.10761736084721407,0.9390973512211902,0.06862565729206759,0.07487762960289197,0.1019389960229893,0.0,0.0,4.96,0.19694638556693236,1.26,1.0600171525198843,3.74,1.0600171525198843,0.0,0.0,2.83,2.3183719470457027,2.81,2.316802917292655,17.17,2.318371947045704,5.0,0.0,20.26,4.471277583904094,4.052,0.8942555167808189,1.013,0.22356387919520473,0.0,0.0
6,455.0,455.0,100,3.09,2.8358990165947775,0.13257194356032342,0.10761736084721407,0.9390973512211902,0.06862565729206759,0.07487762960289197,0.1019389960229893,0.0,0.0,4.96,0.19694638556693236,1.26,1.0600171525198843,3.74,1.0600171525198843,0.0,0.0,2.83,2.3183719470457027,2.8,2.3268307661154504,17.17,2.318371947045704,5.0,0.0,20.26,4.471277583904094,4.052,0.8942555167808189,1.013,0.22356387919520473,0.0,0.0
6,456.0,456.0,100,3.09,2.8358990165947775,0.13257194356032342,0.10761736084721407,0.9390973512211902,0.06862565729206759,0.07487762960289197,0.1019389960229893,0.0,0.0,4.96,0.19694638556693236,1.26,1.0600171525198843,3.74,1.0600171525198843,0.0,0.0,2.83,2.3183719470457027,2.78,2.3250067883033294,17.17,2.318371947045704,5.0,0.0,20.26,4.471277583904094,4.052,0.8942555167808189,1.013,0.22356387919520473,0.0,0.0
6,457.0,457.0,100,3.09,2.8358990165947775,0.13257194356032342,0.10761736084721407,0.9390973512211902,0.06862565729206759,0.07487762960289197,0.1019389960229893,0.0,0.0,4.96,0.19694638556693236,1.26,1.0600171525198843,3.74,1.0600171525198843,0.0,0.0,2.83,2.3183719470457027,2.78,2.3250067883033294,17.17,2.318371947045704,5.0,0.0,20.26,4.471277583904094,4.052,0.8942555167808189,1.013,0.22356387919520473,0.0,0.0
6,458.0,458.0,100,3.08,2.845091466815338,0.13201638800476787,0.10816098510627191,0.9396529067767457,0.068893731668863,0.07487762960289197,0.1019389960229893,0.000555555555555555,0.00555555555555555,4.96,0.19694638556693236,1.25,1.0671873729054748,3.75,1.0671873729054748,0.0,0.0,2.82,2.3197875207471355,2.76,2.3316877314013715,17.18,2.3197875207471363,5.0,0.0,20.26,4.471277583904094,4.052,0.8942555167808189,1.013,0.22356387919520473,0.0,0.0
6,459.0,459.0,100,3.08,2.845091466815338,0.13201638800476787,0.10816098510627191,0.9396529067767457,0.068893731668863,0.07487762960289197,0.1019389960229893,0.0,0.0,4.96,0.19694638556693236,1.25,1.0671873729054748,3.75,1.0671873729054748,0.0,0.0,2.82,2.3197875207471355,2.76,2.3316877314013715,17.18,2.3197875207471363,5.0,0.0,20.26,4.471277583904094,4.052,0.8942555167808189,1.013,0.22356387919520473,0.0,0.0
6,460.0,460.0,100,3.07,2.8542189223263263,0.13142815271065023,0.10872157012775747,0.9402411420708634,0.06915749325078846,0.07487762960289197,0.1019389960229893,0.000588235294117647,0.005882352941176471,4.96,0.19694638556693236,1.24,1.0742157110838557,3.75,1.0671873729054748,0.01,0.09999999999999999,2.8,2.3181323028976086,2.75,2.337118142525365,17.2,2.31813230289761,5.0,0.0,20.26,4.471277583904094,4.052,0.8942555167808189,1.013,0.22356387919520473,0.0,0.0
6,461.0,461.0,100,3.06,2.8562177434467073,0.13090183692117655,0.10871954594325046,0.9407674578603371,0.06860113216921158,0.07487762960289197,0.1019389960229893,0.0005263157894736841,0.005263157894736841,4.96,0.19694638556693236,1.24,1.0742157110838557,3.76,1.074215711083856,0.0,0.0,2.8,2.313770808341948,2.74,2.3208323132580317,17.2,2.313770808341949,5.0,0.0,20.26,4.471277583904094,4.052,0.8942555167808189,1.013,0.22356387919520473,0.0,0.0
6,462.0,462.0,100,3.06,2.8562177434467073,0.13090183692117655,0.10871954594325046,0.9407674578603371,0.06860113216921158,0.07487762960289197,0.1019389960229893,0.0,0.0,4.96,0.19694638556693236,1.24,1.0742157110838557,3.76,1.074215711083856,0.0,0.0,2.8,2.313770808341948,2.75,2.319765749232696,17.2,2.313770808341949,5.0,0.0,20.26,4.471277583904094,4.052,0.8942555167808189,1.013,0.22356387919520473,0.0,0.0
6,463.0,463.0,100,3.06,2.8562177434467073,0.13090183692117655,0.10871954594325046,0.9407674578603371,0.06860113216921158,0.07487762960289197,0.1019389960229893,0.0,0.0,4.96,0.19694638556693236,1.24,1.0742157110838557,3.76,1.074215711083856,0.0,0.0,2.8,2.313770808341948,2.75,2.319765749232696,17.2,2.313770808341949,5.0,0.0,20.26,4.471277583904094,4.052,0.8942555167808189,1.013,0.22356387919520473,0.0,0.0
6,464.0,464.0,100,3.05,2.8546435677663675,0.1304472914666311,0.10859947370721865,0.941267457860337,0.06848310802331958,0.07487762960289197,0.1019389960229893,0.000454545454545455,0.0045454545454545504,4.96,0.19694638556693236,1.24,1.0742157110838557,3.76,1.074215711083856,0.0,0.0,2.79,2.319417377208546,2.75,2.319765749232696,17.21,2.319417377208546,5.0,0.0,20.26,4.471277583904094,4.052,0.8942555167808189,1.013,0.22356387919520473,0.0,0.0
6,465.0,465.0,100,3.03,2.8442925306655775,0.12948619306846174,0.10772530819361904,0.9422937736498107,0.06691492057061571,0.07487762960289197,0.1019389960229893,0.0009610983981693363,0.006792800152775156,4.96,0.19694638556693236,1.24,1.0742157110838557,3.76,1.074215711083856,0.0,0.0,2.77,2.3131377089585605,2.75,2.319765749232696,17.23,2.313137708958561,5.0,0.0,20.26,4.471277583904094,4.052,0.8942555167808189,1.013,0.22356387919520473,0.0,0.0
6,466.0,466.0,100,3.02,2.842605150280995,0.12903164761391628,0.1075980859325439,0.9427937736498108,0.06678237500633795,0.07487762960289197,0.1019389960229893,0.000454545454545455,0.0045454545454545504,4.96,0.19694638556693236,1.24,1.0742157110838557,3.76,1.074215711083856,0.0,0.0,2.76,2.3186551309243075,2.74,2.32952069462082,17.24,2.3186551309243075,5.0,0.0,20.26,4.471277583904094,4.052,0.8942555167808189,1.013,0.22356387919520473,0.0,0.0
6,467.0,467.0,100,3.02,2.842605150280995,0.12903164761391628,0.1075980859325439,0.9427937736498108,0.06678237500633795,0.07487762960289197,0.1019389960229893,0.0,0.0,4.96,0.19694638556693236,1.24,1.0742157110838557,3.76,1.074215711083856,0.0,0.0,2.76,2.3186551309243075,2.74,2.32952069462082,17.24,2.3186551309243075,5.0,0.0,20.26,4.471277583904094,4.052,0.8942555167808189,1.013,0.22356387919520473,0.0,0.0
6,468.0,468.0,100,3.01,2.8515280326891617,0.12847609205836075,0.1081234342946194,0.9433493292053663,0.06702687829315786,0.07487762960289197,0.1019389960229893,0.000555555555555555,0.00555555555555555,4.96,0.19694638556693236,1.23,1.0811049342167849,3.77,1.0811049342167849,0.0,0.0,2.75,2.319765749232696,2.74,2.32952069462082,17.25,2.319765749232696,5.0,0.0,20.26,4.471277583904094,4.052,0.8942555167808189,1.013,0.22356387919520473,0.0,0.0
6,469.0,469.0,100,3.01,2.8515280326891617,0.12847609205836075,0.1081234342946194,0.9433493292053663,0.06702687829315786,0.07487762960289197,0.1019389960229893,0.0,0.0,4.96,0.19694638556693236,1.23,1.0811049342167849,3.77,1.0811049342167849,0.0,0.0,2.75,2.319765749232696,2.73,2.3262012211354635,17.25,2.319765749232696,5.0,0.0,20.26,4.471277583904094,4.052,0.8942555167808189,1.013,0.22356387919520473,0.0,0.0
6,470.0,470.0,100,3.01,2.8515280326891617,0.12847609205836075,0.1081234342946194,0.9433493292053663,0.06702687829315786,0.07487762960289197,0.1019389960229893,0.0,0.0,4.96,0.19694638556693236,1.23,1.0811049342167849,3.77,1.0811049342167849,0.0,0.0,2.75,2.319765749232696,2.72,2.31848086801542,17.25,2.319765749232696,5.0,0.0,20.26,4.471277583904094,4.052,0.8942555167808189,1.013,0.22356387919520473,0.0,0.0
6,471.0,471.0,100,3.01,2.8515280326891617,0.12847609205836075,0.1081234342946194,0.9433493292053663,0.06702687829315786,0.07487762960289197,0.1019389960229893,0.0,0.0,4.96,0.19694638556693236,1.23,1.0811049342167849,3.77,1.0811049342167849,0.0,0.0,2.75,2.319765749232696,2.7,2.33765832932156,17.25,2.319765749232696,5.0,0.0,20.26,4.471277583904094,4.052,0.8942555167808189,1.013,0.22356387919520473,0.0,0.0
6,472.0,472.0,100,3.01,2.8515280326891617,0.12847609205836075,0.1081234342946194,0.9433493292053663,0.06702687829315786,0.07487762960289197,0.1019389960229893,0.0,0.0,4.96,0.19694638556693236,1.23,1.0811049342167849,3.77,1.0811049342167849,0.0,0.0,2.75,2.319765749232696,2.7,2.33765832932156,17.25,2.319765749232696,5.0,0.0,20.26,4.471277583904094,4.052,0.8942555167808189,1.013,0.22356387919520473,0.0,0.0
6,473.0,473.0,100,3.01,2.8515280326891617,0.12847609205836075,0.1081234342946194,0.9433493292053663,0.06702687829315786,0.07487762960289197,0.1019389960229893,0.0,0.0,4.96,0.19694638556693236,1.23,1.0811049342167849,3.77,1.0811049342167849,0.0,0.0,2.75,2.319765749232696,2.7,2.33765832932156,17.25,2.319765749232696,5.0,0.0,20.26,4.471277583904094,4.052,0.8942555167808189,1.013,0.22356387919520473,0.0,0.0
6,474.0,474.0,100,3.0,2.835560621888384,0.12810572168799036,0.10760496054119476,0.9438493292053665,0.06726306760038014,0.07487762960289197,0.1019389960229893,0.0003703703703703709,0.003703703703703708,4.96,0.19694638556693236,1.22,1.0596359199405627,3.78,1.0596359199405627,0.0,0.0,2.74,2.32952069462082,2.7,2.33765832932156,17.26,2.32952069462082,5.0,0.0,20.26,4.471277583904094,4.052,0.8942555167808189,1.013,0.22356387919520473,0.0,0.0
6,475.0,475.0,100,2.98,2.8212039839742036,0.12728080586307455,0.10714214359029493,0.9448493292053664,0.06772178977310898,0.07487762960289197,0.1019389960229893,0.000824915824915825,0.005834250320257055,4.96,0.19694638556693236,1.2,1.044465935734187,3.8,1.0444659357341868,0.0,0.0,2.72,2.348780040099046,2.7,2.33765832932156,17.28,2.348780040099046,5.0,0.0,20.26,4.471277583904094,4.052,0.8942555167808189,1.013,0.22356387919520473,0.0,0.0
6,476.0,476.0,100,2.98,2.8212039839742036,0.12728080586307455,0.10714214359029493,0.9448493292053664,0.06772178977310898,0.07487762960289197,0.1019389960229893,0.0,0.0,4.96,0.19694638556693236,1.2,1.044465935734187,3.8,1.0444659357341868,0.0,0.0,2.72,2.348780040099046,2.7,2.33765832932156,17.28,2.348780040099046,5.0,0.0,20.26,4.471277583904094,4.052,0.8942555167808189,1.013,0.22356387919520473,0.0,0.0
6,477.0,477.0,100,2.97,2.822904156854759,0.12675449007360087,0.10711950833844074,0.9453756449948401,0.06711704367545872,0.07487762960289197,0.1019389960229893,0.0005263157894736841,0.005263157894736839,4.96,0.19694638556693236,1.2,1.044465935734187,3.8,1.0444659357341868,0.0,0.0,2.71,2.3454016907363844,2.7,2.33765832932156,17.29,2.3454016907363844,5.0,0.0,20.26,4.471277583904094,4.052,0.8942555167808189,1.013,0.22356387919520473,0.0,0.0
6,478.0,478.0,100,2.97,2.822904156854759,0.12675449007360087,0.10711950833844074,0.9453756449948401,0.06711704367545872,0.07487762960289197,0.1019389960229893,0.0,0.0,4.96,0.19694638556693236,1.2,1.044465935734187,3.8,1.0444659357341868,0.0,0.0,2.71,2.3454016907363844,2.69,2.329845878632709,17.29,2.3454016907363844,5.0,0.0,20.26,4.471277583904094,4.052,0.8942555167808189,1.013,0.22356387919520473,0.0,0.0
6,479.0,479.0,100,2.96,2.817406214548725,0.12625449007360084,0.10665410752803757,0.94587564499484,0.06582057744638073,0.07487762960289197,0.1019389960229893,0.0004999999999999999,0.0049999999999999975,4.96,0.19694638556693236,1.2,1.044465935734187,3.8,1.0444659357341868,0.0,0.0,2.7,2.33765832932156,2.69,2.329845878632709,17.3,2.33765832932156,5.0,0.0,20.26,4.471277583904094,4.052,0.8942555167808189,1.013,0.22356387919520473,0.0,0.0
6,480.0,480.0,100,2.96,2.817406214548725,0.12625449007360084,0.10665410752803757,0.94587564499484,0.06582057744638073,0.07487762960289197,0.1019389960229893,0.0,0.0,4.96,0.19694638556693236,1.2,1.044465935734187,3.8,1.0444659357341868,0.0,0.0,2.7,2.33765832932156,2.69,2.329845878632709,17.3,2.33765832932156,5.0,0.0,20.26,4.471277583904094,4.052,0.8942555167808189,1.013,0.22356387919520473,0.0,0.0
6,481.0,481.0,100,2.96,2.817406214548725,0.12625449007360084,0.10665410752803757,0.94587564499484,0.06582057744638073,0.07487762960289197,0.1019389960229893,0.0,0.0,4.96,0.19694638556693236,1.2,1.044465935734187,3.8,1.0444659357341868,0.0,0.0,2.7,2.33765832932156,2.69,2.329845878632709,17.3,2.33765832932156,5.0,0.0,20.26,4.471277583904094,4.052,0.8942555167808189,1.013,0.22356387919520473,0.0,0.0
6,482.0,482.0,100,2.96,2.817406214548725,0.12625449007360084,0.10665410752803757,0.94587564499484,0.06582057744638073,0.07487762960289197,0.1019389960229893,0.0,0.0,4.96,0.19694638556693236,1.2,1.044465935734187,3.8,1.0444659357341868,0.0,0.0,2.7,2.33765832932156,2.68,2.330647805207641,17.3,2.33765832932156,5.0,0.0,20.26,4.471277583904094,4.052,0.8942555167808189,1.013,0.22356387919520473,0.0,0.0
6,483.0,483.0,100,2.96,2.817406214548725,0.12625449007360084,0.10665410752803757,0.94587564499484,0.06582057744638073,0.07487762960289197,0.1019389960229893,0.0,0.0,4.96,0.19694638556693236,1.2,1.044465935734187,3.8,1.0444659357341868,0.0,0.0,2.7,2.33765832932156,2.68,2.330647805207641,17.3,2.33765832932156,5.0,0.0,20.26,4.471277583904094,4.052,0.8942555167808189,1.013,0.22356387919520473,0.0,0.0
6,484.0,484.0,100,2.96,2.817406214548725,0.12625449007360084,0.10665410752803757,0.94587564499484,0.06582057744638073,0.07487762960289197,0.1019389960229893,0.0,0.0,4.96,0.19694638556693236,1.2,1.044465935734187,3.8,1.0444659357341868,0.0,0.0,2.7,2.33765832932156,2.68,2.330647805207641,17.3,2.33765832932156,5.0,0.0,20.26,4.471277583904094,4.052,0.8942555167808189,1.013,0.22356387919520473,0.0,0.0
6,485.0,485.0,100,2.96,2.817406214548725,0.12625449007360084,0.10665410752803757,0.94587564499484,0.06582057744638073,0.07487762960289197,0.1019389960229893,0.0,0.0,4.96,0.19694638556693236,1.2,1.044465935734187,3.8,1.0444659357341868,0.0,0.0,2.7,2.33765832932156,2.67,2.335734695049197,17.3,2.33765832932156,5.0,0.0,20.26,4.471277583904094,4.052,0.8942555167808189,1.013,0.22356387919520473,0.0,0.0
6,486.0,486.0,100,2.95,2.808267016571543,0.1258197074649052,0.10618739693313217,0.94637564499484,0.06527253886223233,0.07487762960289197,0.1019389960229893,0.000434782608695653,0.0043478260869565305,4.96,0.19694638556693236,1.2,1.044465935734187,3.8,1.0444659357341868,0.0,0.0,2.69,2.338500771559817,2.67,2.335734695049197,17.31,2.338500771559817,5.0,0.0,20.26,4.471277583904094,4.052,0.8942555167808189,1.013,0.22356387919520473,0.0,0.0
6,487.0,487.0,100,2.95,2.808267016571543,0.1258197074649052,0.10618739693313217,0.94637564499484,0.06527253886223233,0.07487762960289197,0.1019389960229893,0.0,0.0,4.96,0.19694638556693236,1.2,1.044465935734187,3.8,1.0444659357341868,0.0,0.0,2.69,2.338500771559817,2.67,2.335734695049197,17.31,2.338500771559817,5.0,0.0,20.26,4.471277583904094,4.052,0.8942555167808189,1.013,0.22356387919520473,0.0,0.0
6,488.0,488.0,100,2.94,2.817047670125157,0.12519470746490519,0.10674631091059572,0.94700064499484,0.06548557251069427,0.07487762960289197,0.1019389960229893,0.000625,0.0062499999999999995,4.97,0.1714466079977654,1.19,1.0511657790041942,3.81,1.0511657790041942,0.0,0.0,2.68,2.330647805207641,2.66,2.323442239089201,17.32,2.330647805207641,5.0,0.0,20.26,4.471277583904094,4.052,0.8942555167808189,1.013,0.22356387919520473,0.0,0.0
6,489.0,489.0,100,2.94,2.817047670125157,0.12519470746490519,0.10674631091059572,0.94700064499484,0.06548557251069427,0.07487762960289197,0.1019389960229893,0.0,0.0,4.97,0.1714466079977654,1.19,1.0511657790041942,3.81,1.0511657790041942,0.0,0.0,2.68,2.330647805207641,2.66,2.323442239089201,17.32,2.330647805207641,5.0,0.0,20.26,4.471277583904094,4.052,0.8942555167808189,1.013,0.22356387919520473,0.0,0.0
6,490.0,490.0,100,2.94,2.817047670125157,0.12519470746490519,0.10674631091059572,0.94700064499484,0.06548557251069427,0.07487762960289197,0.1019389960229893,0.0,0.0,4.97,0.1714466079977654,1.19,1.0511657790041942,3.81,1.0511657790041942,0.0,0.0,2.68,2.330647805207641,2.66,2.323442239089201,17.32,2.330647805207641,5.0,0.0,20.26,4.471277583904094,4.052,0.8942555167808189,1.013,0.22356387919520473,0.0,0.0
6,491.0,491.0,100,2.94,2.817047670125157,0.12519470746490519,0.10674631091059572,0.94700064499484,0.06548557251069427,0.07487762960289197,0.1019389960229893,0.0,0.0,4.97,0.1714466079977654,1.19,1.0511657790041942,3.81,1.0511657790041942,0.0,0.0,2.68,2.330647805207641,2.66,2.323442239089201,17.32,2.330647805207641,5.0,0.0,20.26,4.471277583904094,4.052,0.8942555167808189,1.013,0.22356387919520473,0.0,0.0
6,492.0,492.0,100,2.94,2.817047670125157,0.12519470746490519,0.10674631091059572,0.94700064499484,0.06548557251069427,0.07487762960289197,0.1019389960229893,0.0,0.0,4.97,0.1714466079977654,1.19,1.0511657790041942,3.81,1.0511657790041942,0.0,0.0,2.68,2.330647805207641,2.66,2.323442239089201,17.32,2.330647805207641,5.0,0.0,20.26,4.471277583904094,4.052,0.8942555167808189,1.013,0.22356387919520473,0.0,0.0
6,493.0,493.0,100,2.94,2.817047670125157,0.12519470746490519,0.10674631091059572,0.94700064499484,0.06548557251069427,0.07487762960289197,0.1019389960229893,0.0,0.0,4.97,0.1714466079977654,1.19,1.0511657790041942,3.81,1.0511657790041942,0.0,0.0,2.68,2.330647805207641,2.65,2.311040694342938,17.32,2.330647805207641,5.0,0.0,20.26,4.471277583904094,4.052,0.8942555167808189,1.013,0.22356387919520473,0.0,0.0
6,494.0,494.0,100,2.94,2.817047670125157,0.12519470746490519,0.10674631091059572,0.94700064499484,0.06548557251069427,0.07487762960289197,0.1019389960229893,0.0,0.0,4.97,0.1714466079977654,1.19,1.0511657790041942,3.81,1.0511657790041942,0.0,0.0,2.68,2.330647805207641,2.63,2.3166285150553763,17.32,2.330647805207641,5.0,0.0,20.26,4.471277583904094,4.052,0.8942555167808189,1.013,0.22356387919520473,0.0,0.0
6,495.0,495.0,100,2.93,2.8186070060484583,0.12471851698871472,0.10677293360278345,0.94750064499484,0.0653137413418395,0.07487762960289197,0.1019389960229893,0.00047619047619047586,0.004761904761904758,4.97,0.1714466079977654,1.19,1.0511657790041942,3.81,1.0511657790041942,0.0,0.0,2.67,2.335734695049197,2.63,2.3166285150553763,17.33,2.335734695049197,5.0,0.0,20.26,4.471277583904094,4.052,0.8942555167808189,1.013,0.22356387919520473,0.0,0.0
6,496.0,496.0,100,2.92,2.81654563125281,0.12416296143315916,0.10640437857408136,0.9480562005503955,0.06408013095965971,0.07487762960289197,0.1019389960229893,0.0005555555555555561,0.005555555555555561,4.97,0.1714466079977654,1.19,1.0511657790041942,3.81,1.0511657790041942,0.0,0.0,2.66,2.323442239089201,2.63,2.3166285150553763,17.34,2.323442239089201,5.0,0.0,20.26,4.471277583904094,4.052,0.8942555167808189,1.013,0.22356387919520473,0.0,0.0
6,497.0,497.0,100,2.92,2.81654563125281,0.12416296143315916,0.10640437857408136,0.9480562005503955,0.06408013095965971,0.07487762960289197,0.1019389960229893,0.0,0.0,4.97,0.1714466079977654,1.19,1.0511657790041942,3.81,1.0511657790041942,0.0,0.0,2.66,2.323442239089201,2.61,2.313312374370168,17.34,2.323442239089201,5.0,0.0,20.26,4.471277583904094,4.052,0.8942555167808189,1.013,0.22356387919520473,0.0,0.0
6,498.0,498.0,100,2.91,2.807259708453614,0.12376296143315918,0.10603907813634388,0.9485562005503957,0.06429017512493349,0.07487762960289197,0.1019389960229893,0.0003999999999999998,0.0039999999999999975,4.97,0.1714466079977654,1.19,1.0511657790041942,3.81,1.0511657790041942,0.0,0.0,2.65,2.3327921450311835,2.61,2.313312374370168,17.35,2.332792145031184,5.0,0.0,20.26,4.471277583904094,4.052,0.8942555167808189,1.013,0.22356387919520473,0.0,0.0
6,499.0,499.0,100,2.91,2.807259708453614,0.12376296143315918,0.10603907813634388,0.9485562005503957,0.06429017512493349,0.07487762960289197,0.1019389960229893,0.0,0.0,4.97,0.1714466079977654,1.19,1.0511657790041942,3.81,1.0511657790041942,0.0,0.0,2.65,2.3327921450311835,2.61,2.313312374370168,17.35,2.332792145031184,5.0,0.0,20.26,4.471277583904094,4.052,0.8942555167808189,1.013,0.22356387919520473,0.0,0.0
6,500.0,500.0,100,2.9,2.8015147417932402,0.12323664564368549,0.10546930016757447,0.9490825163398692,0.06273610942659415,0.07487762960289197,0.1019389960229893,0.0005263157894736851,0.00526315789473685,4.97,0.1714466079977654,1.19,1.0511657790041942,3.81,1.0511657790041942,0.0,0.0,2.64,2.3203970402158385,2.6,2.3137708083419484,17.36,2.320397040215839,5.0,0.0,20.26,4.471277583904094,4.052,0.8942555167808189,1.013,0.22356387919520473,0.0,0.0
6,501.0,501.0,100,2.89,2.7921064782451586,0.12281997897701881,0.10504490101245492,0.9495825163398693,0.06253991626675236,0.07487762960289197,0.1019389960229893,0.0004166666666666671,0.004166666666666673,4.97,0.1714466079977654,1.19,1.0511657790041942,3.81,1.0511657790041942,0.0,0.0,2.63,2.3253326035584068,2.6,2.3137708083419484,17.37,2.3253326035584068,5.0,0.0,20.26,4.471277583904094,4.052,0.8942555167808189,1.013,0.22356387919520473,0.0,0.0
6,502.0,502.0,100,2.88,2.7934989464176208,0.12229366318754513,0.10499923011449953,0.950108832129343,0.0618438779490783,0.07487762960289197,0.1019389960229893,0.0005263157894736841,0.00526315789473684,4.97,0.1714466079977654,1.18,1.0481344658896867,3.82,1.0481344658896865,0.0,0.0,2.62,2.321528580374351,2.59,2.3141855036825687,17.38,2.3215285803743506,5.0,0.0,20.26,4.471277583904094,4.052,0.8942555167808189,1.013,0.22356387919520473,0.0,0.0
6,503.0,503.0,100,2.88,2.7934989464176208,0.12229366318754513,0.10499923011449953,0.950108832129343,0.0618438779490783,0.07487762960289197,0.1019389960229893,0.0,0.0,4.97,0.1714466079977654,1.18,1.0481344658896867,3.82,1.0481344658896865,0.0,0.0,2.62,2.321528580374351,2.59,2.3141855036825687,17.38,2.3215285803743506,5.0,0.0,20.26,4.471277583904094,4.052,0.8942555167808189,1.013,0.22356387919520473,0.0,0.0
6,504.0,504.0,100,2.87,2.7984663909745535,0.12176734739807145,0.10521714253204492,0.9506351479188165,0.06159132256217951,0.07487762960289197,0.1019389960229893,0.000526315789473684,0.0052631578947368385,4.97,0.1714466079977654,1.18,1.0481344658896867,3.82,1.0481344658896865,0.0,0.0,2.61,2.3220288934072686,2.59,2.3141855036825687,17.39,2.3220288934072686,5.0,0.0,20.26,4.471277583904094,4.052,0.8942555167808189,1.013,0.22356387919520473,0.0,0.0
6,505.0,505.0,100,2.87,2.7984663909745535,0.12176734739807145,0.10521714253204492,0.9506351479188165,0.06159132256217951,0.07487762960289197,0.1019389960229893,0.0,0.0,4.97,0.1714466079977654,1.18,1.0481344658896867,3.82,1.0481344658896865,0.0,0.0,2.61,2.3220288934072686,2.58,2.318916500733422,17.39,2.3220288934072686,5.0,0.0,20.26,4.471277583904094,4.052,0.8942555167808189,1.013,0.22356387919520473,0.0,0.0
6,506.0,506.0,100,2.87,2.7984663909745535,0.12176734739807145,0.10521714253204492,0.9506351479188165,0.06159132256217951,0.07487762960289197,0.1019389960229893,0.0,0.0,4.97,0.1714466079977654,1.18,1.0481344658896867,3.82,1.0481344658896865,0.0,0.0,2.61,2.3220288934072686,2.57,2.327937483974372,17.39,2.3220288934072686,5.0,0.0,20.26,4.471277583904094,4.052,0.8942555167808189,1.013,0.22356387919520473,0.0,0.0
6,507.0,507.0,100,2.86,2.7961734314212103,0.12124103160859777,0.10489982687419476,0.9511614637082902,0.0604138612223448,0.07487762960289197,0.1019389960229893,0.0005263157894736839,0.0052631578947368385,4.97,0.1714466079977654,1.18,1.0481344658896867,3.82,1.0481344658896865,0.0,0.0,2.6,2.3137708083419484,2.57,2.327937483974372,17.4,2.3137708083419484,5.0,0.0,20.26,4.471277583904094,4.052,0.8942555167808189,1.013,0.22356387919520473,0.0,0.0
6,508.0,508.0,100,2.86,2.7961734314212103,0.12124103160859777,0.10489982687419476,0.9511614637082902,0.0604138612223448,0.07487762960289197,0.1019389960229893,0.0,0.0,4.97,0.1714466079977654,1.18,1.0481344658896867,3.82,1.0481344658896865,0.0,0.0,2.6,2.3137708083419484,2.57,2.327937483974372,17.4,2.3137708083419484,5.0,0.0,20.26,4.471277583904094,4.052,0.8942555167808189,1.013,0.22356387919520473,0.0,0.0
6,509.0,509.0,100,2.86,2.7961734314212103,0.12124103160859777,0.10489982687419476,0.9511614637082902,0.0604138612223448,0.07487762960289197,0.1019389960229893,0.0,0.0,4.97,0.1714466079977654,1.18,1.0481344658896867,3.82,1.0481344658896865,0.0,0.0,2.6,2.3137708083419484,2.57,2.327937483974372,17.4,2.3137708083419484,5.0,0.0,20.26,4.471277583904094,4.052,0.8942555167808189,1.013,0.22356387919520473,0.0,0.0
6,510.0,510.0,100,2.85,2.804667826349783,0.12074103160859777,0.10536097150379978,0.9516614637082904,0.06061073693767303,0.07487762960289197,0.1019389960229893,0.0005,0.004999999999999998,4.97,0.1714466079977654,1.17,1.0546194679704248,3.83,1.0546194679704248,0.0,0.0,2.59,2.322898746363815,2.57,2.327937483974372,17.41,2.3228987463638155,5.0,0.0,20.26,4.471277583904094,4.052,0.8942555167808189,1.013,0.22356387919520473,0.0,0.0
6,511.0,511.0,100,2.85,2.804667826349783,0.12074103160859777,0.10536097150379978,0.9516614637082904,0.06061073693767303,0.07487762960289197,0.1019389960229893,0.0,0.0,4.97,0.1714466079977654,1.17,1.0546194679704248,3.83,1.0546194679704248,0.0,0.0,2.59,2.322898746363815,2.57,2.327937483974372,17.41,2.3228987463638155,5.0,0.0,20.26,4.471277583904094,4.052,0.8942555167808189,1.013,0.22356387919520473,0.0,0.0
6,512.0,512.0,100,2.83,2.8214725004343157,0.11965916026356853,0.10632256059913187,0.9527433350533195,0.0609833683088742,0.07487762960289197,0.1019389960229893,0.0010818713450292388,0.007614087352447865,4.97,0.1714466079977654,1.15,1.0671873729054748,3.85,1.067187372905475,0.0,0.0,2.57,2.327937483974372,2.56,2.315167380558045,17.43,2.327937483974372,5.0,0.0,20.26,4.471277583904094,4.052,0.8942555167808189,1.013,0.22356387919520473,0.0,0.0
6,513.0,513.0,100,2.83,2.8214725004343157,0.11965916026356853,0.10632256059913187,0.9527433350533195,0.0609833683088742,0.07487762960289197,0.1019389960229893,0.0,0.0,4.97,0.1714466079977654,1.15,1.0671873729054748,3.85,1.067187372905475,0.0,0.0,2.57,2.327937483974372,2.55,2.3066657908563757,17.43,2.327937483974372,5.0,0.0,20.26,4.471277583904094,4.052,0.8942555167808189,1.013,0.22356387919520473,0.0,0.0
6,514.0,514.0,100,2.83,2.8214725004343157,0.11965916026356853,0.10632256059913187,0.9527433350533195,0.0609833683088742,0.07487762960289197,0.1019389960229893,0.0,0.0,4.97,0.1714466079977654,1.15,1.0671873729054748,3.85,1.067187372905475,0.0,0.0,2.57,2.327937483974372,2.55,2.3066657908563757,17.43,2.327937483974372,5.0,0.0,20.26,4.471277583904094,4.052,0.8942555167808189,1.013,0.22356387919520473,0.0,0.0
6,515.0,515.0,100,2.83,2.8214725004343157,0.11965916026356853,0.10632256059913187,0.9527433350533195,0.0609833683088742,0.07487762960289197,0.1019389960229893,0.0,0.0,4.97,0.1714466079977654,1.15,1.0671873729054748,3.85,1.067187372905475,0.0,0.0,2.57,2.327937483974372,2.54,2.298088797503726,17.43,2.327937483974372,5.0,0.0,20.26,4.471277583904094,4.052,0.8942555167808189,1.013,0.22356387919520473,0.0,0.0
6,516.0,516.0,100,2.82,2.8190549315454474,0.11910360470801297,0.10592563916055424,0.9532988906088751,0.05961095146314322,0.07487762960289197,0.1019389960229893,0.0005555555555555561,0.00555555555555556,4.97,0.1714466079977654,1.15,1.0671873729054748,3.85,1.067187372905475,0.0,0.0,2.56,2.315167380558045,2.54,2.298088797503726,17.44,2.315167380558045,5.0,0.0,20.26,4.471277583904094,4.052,0.8942555167808189,1.013,0.22356387919520473,0.0,0.0
6,517.0,517.0,100,2.82,2.8190549315454474,0.11910360470801297,0.10592563916055424,0.9532988906088751,0.05961095146314322,0.07487762960289197,0.1019389960229893,0.0,0.0,4.97,0.1714466079977654,1.15,1.0671873729054748,3.85,1.067187372905475,0.0,0.0,2.56,2.315167380558045,2.54,2.298088797503726,17.44,2.315167380558045,5.0,0.0,20.26,4.471277583904094,4.052,0.8942555167808189,1.013,0.22356387919520473,0.0,0.0
6,518.0,518.0,100,2.82,2.8190549315454474,0.11910360470801297,0.10592563916055424,0.9532988906088751,0.05961095146314322,0.07487762960289197,0.1019389960229893,0.0,0.0,4.97,0.1714466079977654,1.15,1.0671873729054748,3.85,1.067187372905475,0.0,0.0,2.56,2.315167380558045,2.54,2.298088797503726,17.44,2.315167380558045,5.0,0.0,20.26,4.471277583904094,4.052,0.8942555167808189,1.013,0.22356387919520473,0.0,0.0
6,519.0,519.0,100,2.82,2.8190549315454474,0.11910360470801297,0.10592563916055424,0.9532988906088751,0.05961095146314322,0.07487762960289197,0.1019389960229893,0.0,0.0,4.97,0.1714466079977654,1.15,1.0671873729054748,3.85,1.067187372905475,0.0,0.0,2.56,2.315167380558045,2.54,2.298088797503726,17.44,2.315167380558045,5.0,0.0,20.26,4.471277583904094,4.052,0.8942555167808189,1.013,0.22356387919520473,0.0,0.0
6,520.0,520.0,100,2.82,2.8190549315454474,0.11910360470801297,0.10592563916055424,0.9532988906088751,0.05961095146314322,0.07487762960289197,0.1019389960229893,0.0,0.0,4.97,0.1714466079977654,1.15,1.0671873729054748,3.85,1.067187372905475,0.0,0.0,2.56,2.315167380558045,2.54,2.298088797503726,17.44,2.315167380558045,5.0,0.0,20.26,4.471277583904094,4.052,0.8942555167808189,1.013,0.22356387919520473,0.0,0.0
6,521.0,521.0,100,2.82,2.8190549315454474,0.11910360470801297,0.10592563916055424,0.9532988906088751,0.05961095146314322,0.07487762960289197,0.1019389960229893,0.0,0.0,4.97,0.1714466079977654,1.15,1.0671873729054748,3.85,1.067187372905475,0.0,0.0,2.56,2.315167380558045,2.54,2.298088797503726,17.44,2.315167380558045,5.0,0.0,20.26,4.471277583904094,4.052,0.8942555167808189,1.013,0.22356387919520473,0.0,0.0
6,522.0,522.0,100,2.82,2.8190549315454474,0.11910360470801297,0.10592563916055424,0.9532988906088751,0.05961095146314322,0.07487762960289197,0.1019389960229893,0.0,0.0,4.97,0.1714466079977654,1.15,1.0671873729054748,3.85,1.067187372905475,0.0,0.0,2.56,2.315167380558045,2.54,2.298088797503726,17.44,2.315167380558045,5.0,0.0,20.26,4.471277583904094,4.052,0.8942555167808189,1.013,0.22356387919520473,0.0,0.0
6,523.0,523.0,100,2.81,2.827337684790832,0.11847860470801297,0.10644610246239926,0.9539238906088751,0.05977106273221256,0.07487762960289197,0.1019389960229893,0.000625,0.0062499999999999995,4.97,0.1714466079977654,1.14,1.0732749842976832,3.86,1.0732749842976832,0.0,0.0,2.55,2.3066657908563757,2.54,2.298088797503726,17.45,2.306665790856376,5.0,0.0,20.26,4.471277583904094,4.052,0.8942555167808189,1.013,0.22356387919520473,0.0,0.0
6,524.0,524.0,100,2.81,2.827337684790832,0.11847860470801297,0.10644610246239926,0.9539238906088751,0.05977106273221256,0.07487762960289197,0.1019389960229893,0.0,0.0,4.97,0.1714466079977654,1.14,1.0732749842976832,3.86,1.0732749842976832,0.0,0.0,2.55,2.3066657908563757,2.54,2.298088797503726,17.45,2.306665790856376,5.0,0.0,20.26,4.471277583904094,4.052,0.8942555167808189,1.013,0.22356387919520473,0.0,0.0
6,525.0,525.0,100,2.8,2.8319961193832905,0.11789036941389533,0.10661314635890773,0.9545121259029927,0.05934753897972714,0.07487762960289197,0.1019389960229893,0.000588235294117647,0.0058823529411764705,4.97,0.1714466079977654,1.14,1.0732749842976832,3.86,1.0732749842976832,0.0,0.0,2.54,2.298088797503726,2.54,2.298088797503726,17.46,2.298088797503726,5.0,0.0,20.26,4.471277583904094,4.052,0.8942555167808189,1.013,0.22356387919520473,0.0,0.0
6,526.0,526.0,100,2.8,2.8319961193832905,0.11789036941389533,0.10661314635890773,0.9545121259029927,0.05934753897972714,0.07487762960289197,0.1019389960229893,0.0,0.0,4.97,0.1714466079977654,1.14,1.0732749842976832,3.86,1.0732749842976832,0.0,0.0,2.54,2.298088797503726,2.53,2.2982426312117683,17.46,2.298088797503726,5.0,0.0,20.26,4.471277583904094,4.052,0.8942555167808189,1.013,0.22356387919520473,0.0,0.0
6,527.0,527.0,100,2.8,2.8319961193832905,0.11789036941389533,0.10661314635890773,0.9545121259029927,0.05934753897972714,0.07487762960289197,0.1019389960229893,0.0,0.0,4.97,0.1714466079977654,1.14,1.0732749842976832,3.86,1.0732749842976832,0.0,0.0,2.54,2.298088797503726,2.53,2.2982426312117683,17.46,2.298088797503726,5.0,0.0,20.26,4.471277583904094,4.052,0.8942555167808189,1.013,0.22356387919520473,0.0,0.0
6,528.0,528.0,100,2.8,2.8319961193832905,0.11789036941389533,0.10661314635890773,0.9545121259029927,0.05934753897972714,0.07487762960289197,0.1019389960229893,0.0,0.0,4.97,0.1714466079977654,1.14,1.0732749842976832,3.86,1.0732749842976832,0.0,0.0,2.54,2.298088797503726,2.52,2.2939534045447005,17.46,2.298088797503726,5.0,0.0,20.26,4.471277583904094,4.052,0.8942555167808189,1.013,0.22356387919520473,0.0,0.0
6,529.0,529.0,100,2.8,2.8319961193832905,0.11789036941389533,0.10661314635890773,0.9545121259029927,0.05934753897972714,0.07487762960289197,0.1019389960229893,0.0,0.0,4.97,0.1714466079977654,1.14,1.0732749842976832,3.86,1.0732749842976832,0.0,0.0,2.54,2.298088797503726,2.52,2.2939534045447005,17.46,2.298088797503726,5.0,0.0,20.26,4.471277583904094,4.052,0.8942555167808189,1.013,0.22356387919520473,0.0,0.0
6,530.0,530.0,100,2.8,2.8319961193832905,0.11789036941389533,0.10661314635890773,0.9545121259029927,0.05934753897972714,0.07487762960289197,0.1019389960229893,0.0,0.0,4.97,0.1714466079977654,1.14,1.0732749842976832,3.86,1.0732749842976832,0.0,0.0,2.54,2.298088797503726,2.51,2.2896120265938578,17.46,2.298088797503726,5.0,0.0,20.26,4.471277583904094,4.052,0.8942555167808189,1.013,0.22356387919520473,0.0,0.0
6,531.0,531.0,100,2.8,2.8319961193832905,0.11789036941389533,0.10661314635890773,0.9545121259029927,0.05934753897972714,0.07487762960289197,0.1019389960229893,0.0,0.0,4.97,0.1714466079977654,1.14,1.0732749842976832,3.86,1.0732749842976832,0.0,0.0,2.54,2.298088797503726,2.5,2.285218200133681,17.46,2.298088797503726,5.0,0.0,20.26,4.471277583904094,4.052,0.8942555167808189,1.013,0.22356387919520473,0.0,0.0
6,532.0,532.0,100,2.78,2.8447364117832166,0.11677925830278423,0.10726153530983747,0.9556232370141039,0.05914629940314882,0.07487762960289197,0.1019389960229893,0.0011111111111111111,0.007816960785349427,4.97,0.1714466079977654,1.13,1.0792346708420162,3.87,1.0792346708420164,0.0,0.0,2.52,2.2939534045447005,2.5,2.285218200133681,17.48,2.2939534045447,5.0,0.0,20.26,4.471277583904094,4.052,0.8942555167808189,1.013,0.22356387919520473,0.0,0.0
6,533.0,533.0,100,2.78,2.8447364117832166,0.11677925830278423,0.10726153530983747,0.9556232370141039,0.05914629940314882,0.07487762960289197,0.1019389960229893,0.0,0.0,4.97,0.1714466079977654,1.13,1.0792346708420162,3.87,1.0792346708420164,0.0,0.0,2.52,2.2939534045447005,2.5,2.285218200133681,17.48,2.2939534045447,5.0,0.0,20.26,4.471277583904094,4.052,0.8942555167808189,1.013,0.22356387919520473,0.0,0.0
6,534.0,534.0,100,2.77,2.8386047219852166,0.11630306782659373,0.10682231323426082,0.9561232370141038,0.058018010515561366,0.07487762960289197,0.1019389960229893,0.00047619047619047586,0.004761904761904758,4.97,0.1714466079977654,1.13,1.0792346708420162,3.87,1.0792346708420164,0.0,0.0,2.51,2.2896120265938578,2.5,2.285218200133681,17.49,2.2896120265938573,5.0,0.0,20.26,4.471277583904094,4.052,0.8942555167808189,1.013,0.22356387919520473,0.0,0.0
6,535.0,535.0,100,2.77,2.8386047219852166,0.11630306782659373,0.10682231323426082,0.9561232370141038,0.058018010515561366,0.07487762960289197,0.1019389960229893,0.0,0.0,4.97,0.1714466079977654,1.13,1.0792346708420162,3.87,1.0792346708420164,0.0,0.0,2.51,2.2896120265938578,2.5,2.285218200133681,17.49,2.2896120265938573,5.0,0.0,20.26,4.471277583904094,4.052,0.8942555167808189,1.013,0.22356387919520473,0.0,0.0
6,536.0,536.0,100,2.77,2.8386047219852166,0.11630306782659373,0.10682231323426082,0.9561232370141038,0.058018010515561366,0.07487762960289197,0.1019389960229893,0.0,0.0,4.97,0.1714466079977654,1.13,1.0792346708420162,3.87,1.0792346708420164,0.0,0.0,2.51,2.2896120265938578,2.5,2.285218200133681,17.49,2.2896120265938573,5.0,0.0,20.26,4.471277583904094,4.052,0.8942555167808189,1.013,0.22356387919520473,0.0,0.0
6,537.0,537.0,100,2.77,2.8386047219852166,0.11630306782659373,0.10682231323426082,0.9561232370141038,0.058018010515561366,0.07487762960289197,0.1019389960229893,0.0,0.0,4.97,0.1714466079977654,1.13,1.0792346708420162,3.87,1.0792346708420164,0.0,0.0,2.51,2.2896120265938578,2.49,2.285196099270523,17.49,2.2896120265938573,5.0,0.0,20.26,4.471277583904094,4.052,0.8942555167808189,1.013,0.22356387919520473,0.0,0.0
6,538.0,538.0,100,2.77,2.8386047219852166,0.11630306782659373,0.10682231323426082,0.9561232370141038,0.058018010515561366,0.07487762960289197,0.1019389960229893,0.0,0.0,4.97,0.1714466079977654,1.13,1.0792346708420162,3.87,1.0792346708420164,0.0,0.0,2.51,2.2896120265938578,2.49,2.285196099270523,17.49,2.2896120265938573,5.0,0.0,20.26,4.471277583904094,4.052,0.8942555167808189,1.013,0.22356387919520473,0.0,0.0
6,539.0,539.0,100,2.77,2.8386047219852166,0.11630306782659373,0.10682231323426082,0.9561232370141038,0.058018010515561366,0.07487762960289197,0.1019389960229893,0.0,0.0,4.97,0.1714466079977654,1.13,1.0792346708420162,3.87,1.0792346708420164,0.0,0.0,2.51,2.2896120265938578,2.49,2.285196099270523,17.49,2.2896120265938573,5.0,0.0,20.26,4.471277583904094,4.052,0.8942555167808189,1.013,0.22356387919520473,0.0,0.0
6,540.0,540.0,100,2.77,2.8386047219852166,0.11630306782659373,0.10682231323426082,0.9561232370141038,0.058018010515561366,0.07487762960289197,0.1019389960229893,0.0,0.0,4.97,0.1714466079977654,1.13,1.0792346708420162,3.87,1.0792346708420164,0.0,0.0,2.51,2.2896120265938578,2.49,2.285196099270523,17.49,2.2896120265938573,5.0,0.0,20.26,4.471277583904094,4.052,0.8942555167808189,1.013,0.22356387919520473,0.0,0.0
6,541.0,541.0,100,2.75,2.8297660252352594,0.1153419694284244,0.10631894567797187,0.9571495528035776,0.056526883394695034,0.07487762960289197,0.1019389960229893,0.0009610983981693358,0.006792800152775151,4.97,0.1714466079977654,1.12,1.0757191627798202,3.88,1.0757191627798202,0.0,0.0,2.49,2.285196099270523,2.48,2.2762719831808633,17.51,2.285196099270523,5.0,0.0,20.26,4.471277583904094,4.052,0.8942555167808189,1.013,0.22356387919520473,0.0,0.0
6,542.0,542.0,100,2.75,2.8297660252352594,0.1153419694284244,0.10631894567797187,0.9571495528035776,0.056526883394695034,0.07487762960289197,0.1019389960229893,0.0,0.0,4.97,0.1714466079977654,1.12,1.0757191627798202,3.88,1.0757191627798202,0.0,0.0,2.49,2.285196099270523,2.47,2.27171896825005,17.51,2.285196099270523,5.0,0.0,20.26,4.471277583904094,4.052,0.8942555167808189,1.013,0.22356387919520473,0.0,0.0
6,543.0,543.0,100,2.75,2.8297660252352594,0.1153419694284244,0.10631894567797187,0.9571495528035776,0.056526883394695034,0.07487762960289197,0.1019389960229893,0.0,0.0,4.97,0.1714466079977654,1.12,1.0757191627798202,3.88,1.0757191627798202,0.0,0.0,2.49,2.285196099270523,2.47,2.27171896825005,17.51,2.285196099270523,5.0,0.0,20.26,4.471277583904094,4.052,0.8942555167808189,1.013,0.22356387919520473,0.0,0.0
6,544.0,544.0,100,2.75,2.8297660252352594,0.1153419694284244,0.10631894567797187,0.9571495528035776,0.056526883394695034,0.07487762960289197,0.1019389960229893,0.0,0.0,4.97,0.1714466079977654,1.12,1.0757191627798202,3.88,1.0757191627798202,0.0,0.0,2.49,2.285196099270523,2.47,2.27171896825005,17.51,2.285196099270523,5.0,0.0,20.26,4.471277583904094,4.052,0.8942555167808189,1.013,0.22356387919520473,0.0,0.0
6,545.0,545.0,100,2.75,2.8297660252352594,0.1153419694284244,0.10631894567797187,0.9571495528035776,0.056526883394695034,0.07487762960289197,0.1019389960229893,0.0,0.0,4.97,0.1714466079977654,1.12,1.0757191627798202,3.88,1.0757191627798202,0.0,0.0,2.49,2.285196099270523,2.46,2.262652416876255,17.51,2.285196099270523,5.0,0.0,20.26,4.471277583904094,4.052,0.8942555167808189,1.013,0.22356387919520473,0.0,0.0
6,546.0,546.0,100,2.74,2.830640431514616,0.11481565363895072,0.10623640715874287,0.9576758685930513,0.05568363224784709,0.07487762960289197,0.1019389960229893,0.0005263157894736841,0.005263157894736839,4.97,0.1714466079977654,1.12,1.0757191627798202,3.88,1.0757191627798202,0.0,0.0,2.48,2.2807051895447077,2.46,2.262652416876255,17.52,2.2807051895447072,5.0,0.0,20.26,4.471277583904094,4.052,0.8942555167808189,1.013,0.22356387919520473,0.0,0.0
6,547.0,547.0,100,2.74,2.830640431514616,0.11481565363895072,0.10623640715874287,0.9576758685930513,0.05568363224784709,0.07487762960289197,0.1019389960229893,0.0,0.0,4.97,0.1714466079977654,1.12,1.0757191627798202,3.88,1.0757191627798202,0.0,0.0,2.48,2.2807051895447077,2.46,2.262652416876255,17.52,2.2807051895447072,5.0,0.0,20.26,4.471277583904094,4.052,0.8942555167808189,1.013,0.22356387919520473,0.0,0.0
6,548.0,548.0,100,2.74,2.830640431514616,0.11481565363895072,0.10623640715874287,0.9576758685930513,0.05568363224784709,0.07487762960289197,0.1019389960229893,0.0,0.0,4.97,0.1714466079977654,1.12,1.0757191627798202,3.88,1.0757191627798202,0.0,0.0,2.48,2.2807051895447077,2.46,2.262652416876255,17.52,2.2807051895447072,5.0,0.0,20.26,4.471277583904094,4.052,0.8942555167808189,1.013,0.22356387919520473,0.0,0.0
6,549.0,549.0,100,2.74,2.830640431514616,0.11481565363895072,0.10623640715874287,0.9576758685930513,0.05568363224784709,0.07487762960289197,0.1019389960229893,0.0,0.0,4.97,0.1714466079977654,1.12,1.0757191627798202,3.88,1.0757191627798202,0.0,0.0,2.48,2.2807051895447077,2.46,2.262652416876255,17.52,2.2807051895447072,5.0,0.0,20.26,4.471277583904094,4.052,0.8942555167808189,1.013,0.22356387919520473,0.0,0.0
6,550.0,550.0,100,2.74,2.830640431514616,0.11481565363895072,0.10623640715874287,0.9576758685930513,0.05568363224784709,0.07487762960289197,0.1019389960229893,0.0,0.0,4.97,0.1714466079977654,1.12,1.0757191627798202,3.88,1.0757191627798202,0.0,0.0,2.48,2.2807051895447077,2.46,2.262652416876255,17.52,2.2807051895447072,5.0,0.0,20.26,4.471277583904094,4.052,0.8942555167808189,1.013,0.22356387919520473,0.0,0.0
6,551.0,551.0,100,2.73,2.838604721985216,0.11419065363895071,0.10672999496031654,0.9583008685930513,0.05580550885671227,0.07487762960289197,0.1019389960229893,0.000625,0.0062499999999999995,4.97,0.1714466079977654,1.11,1.0814785987692772,3.89,1.0814785987692772,0.0,0.0,2.47,2.27171896825005,2.46,2.262652416876255,17.53,2.27171896825005,5.0,0.0,20.26,4.471277583904094,4.052,0.8942555167808189,1.013,0.22356387919520473,0.0,0.0
6,552.0,552.0,100,2.73,2.838604721985216,0.11419065363895071,0.10672999496031654,0.9583008685930513,0.05580550885671227,0.07487762960289197,0.1019389960229893,0.0,0.0,4.97,0.1714466079977654,1.11,1.0814785987692772,3.89,1.0814785987692772,0.0,0.0,2.47,2.27171896825005,2.46,2.262652416876255,17.53,2.27171896825005,5.0,0.0,20.26,4.471277583904094,4.052,0.8942555167808189,1.013,0.22356387919520473,0.0,0.0
6,553.0,553.0,100,2.73,2.838604721985216,0.11419065363895071,0.10672999496031654,0.9583008685930513,0.05580550885671227,0.07487762960289197,0.1019389960229893,0.0,0.0,4.97,0.1714466079977654,1.11,1.0814785987692772,3.89,1.0814785987692772,0.0,0.0,2.47,2.27171896825005,2.46,2.262652416876255,17.53,2.27171896825005,5.0,0.0,20.26,4.471277583904094,4.052,0.8942555167808189,1.013,0.22356387919520473,0.0,0.0
6,554.0,554.0,100,2.72,2.8394052585395806,0.11363509808339517,0.10659859466354603,0.9588564241486068,0.05481663657709761,0.07487762960289197,0.1019389960229893,0.000555555555555555,0.00555555555555555,4.97,0.1714466079977654,1.11,1.0814785987692772,3.89,1.0814785987692772,0.0,0.0,2.46,2.262652416876255,2.46,2.262652416876255,17.54,2.2626524168762554,5.0,0.0,20.26,4.471277583904094,4.052,0.8942555167808189,1.013,0.22356387919520473,0.0,0.0
6,555.0,555.0,100,2.72,2.8394052585395806,0.11363509808339517,0.10659859466354603,0.9588564241486068,0.05481663657709761,0.07487762960289197,0.1019389960229893,0.0,0.0,4.97,0.1714466079977654,1.11,1.0814785987692772,3.89,1.0814785987692772,0.0,0.0,2.46,2.262652416876255,2.46,2.262652416876255,17.54,2.2626524168762554,5.0,0.0,20.26,4.471277583904094,4.052,0.8942555167808189,1.013,0.22356387919520473,0.0,0.0
6,556.0,556.0,100,2.72,2.8394052585395806,0.11363509808339517,0.10659859466354603,0.9588564241486068,0.05481663657709761,0.07487762960289197,0.1019389960229893,0.0,0.0,4.97,0.1714466079977654,1.11,1.0814785987692772,3.89,1.0814785987692772,0.0,0.0,2.46,2.262652416876255,2.44,2.27111862261305,17.54,2.2626524168762554,5.0,0.0,20.26,4.471277583904094,4.052,0.8942555167808189,1.013,0.22356387919520473,0.0,0.0
6,557.0,557.0,100,2.72,2.8394052585395806,0.11363509808339517,0.10659859466354603,0.9588564241486068,0.05481663657709761,0.07487762960289197,0.1019389960229893,0.0,0.0,4.97,0.1714466079977654,1.11,1.0814785987692772,3.89,1.0814785987692772,0.0,0.0,2.46,2.262652416876255,2.44,2.27111862261305,17.54,2.2626524168762554,5.0,0.0,20.26,4.471277583904094,4.052,0.8942555167808189,1.013,0.22356387919520473,0.0,0.0
6,558.0,558.0,100,2.72,2.8394052585395806,0.11363509808339517,0.10659859466354603,0.9588564241486068,0.05481663657709761,0.07487762960289197,0.1019389960229893,0.0,0.0,4.97,0.1714466079977654,1.11,1.0814785987692772,3.89,1.0814785987692772,0.0,0.0,2.46,2.262652416876255,2.44,2.27111862261305,17.54,2.2626524168762554,5.0,0.0,20.26,4.471277583904094,4.052,0.8942555167808189,1.013,0.22356387919520473,0.0,0.0
6,559.0,559.0,100,2.72,2.8394052585395806,0.11363509808339517,0.10659859466354603,0.9588564241486068,0.05481663657709761,0.07487762960289197,0.1019389960229893,0.0,0.0,4.97,0.1714466079977654,1.11,1.0814785987692772,3.89,1.0814785987692772,0.0,0.0,2.46,2.262652416876255,2.44,2.27111862261305,17.54,2.2626524168762554,5.0,0.0,20.26,4.471277583904094,4.052,0.8942555167808189,1.013,0.22356387919520473,0.0,0.0
6,560.0,560.0,100,2.7,2.830212184642877,0.11274224094053802,0.10611314476738415,0.9598564241486067,0.054179855372210636,0.07487762960289197,0.1019389960229893,0.000892857142857143,0.00629571396573854,4.97,0.1714466079977654,1.11,1.0814785987692772,3.89,1.0814785987692772,0.0,0.0,2.44,2.27111862261305,2.44,2.27111862261305,17.56,2.2711186226130495,5.0,0.0,20.26,4.471277583904094,4.052,0.8942555167808189,1.013,0.22356387919520473,0.0,0.0
6,561.0,561.0,100,2.7,2.830212184642877,0.11274224094053802,0.10611314476738415,0.9598564241486067,0.054179855372210636,0.07487762960289197,0.1019389960229893,0.0,0.0,4.97,0.1714466079977654,1.11,1.0814785987692772,3.89,1.0814785987692772,0.0,0.0,2.44,2.27111862261305,2.44,2.27111862261305,17.56,2.2711186226130495,5.0,0.0,20.26,4.471277583904094,4.052,0.8942555167808189,1.013,0.22356387919520473,0.0,0.0
6,562.0,562.0,100,2.7,2.830212184642877,0.11274224094053802,0.10611314476738415,0.9598564241486067,0.054179855372210636,0.07487762960289197,0.1019389960229893,0.0,0.0,4.97,0.1714466079977654,1.11,1.0814785987692772,3.89,1.0814785987692772,0.0,0.0,2.44,2.27111862261305,2.44,2.27111862261305,17.56,2.2711186226130495,5.0,0.0,20.26,4.471277583904094,4.052,0.8942555167808189,1.013,0.22356387919520473,0.0,0.0
6,563.0,563.0,100,2.7,2.830212184642877,0.11274224094053802,0.10611314476738415,0.9598564241486067,0.054179855372210636,0.07487762960289197,0.1019389960229893,0.0,0.0,4.97,0.1714466079977654,1.11,1.0814785987692772,3.89,1.0814785987692772,0.0,0.0,2.44,2.27111862261305,2.44,2.27111862261305,17.56,2.2711186226130495,5.0,0.0,20.26,4.471277583904094,4.052,0.8942555167808189,1.013,0.22356387919520473,0.0,0.0
6,564.0,564.0,100,2.7,2.830212184642877,0.11274224094053802,0.10611314476738415,0.9598564241486067,0.054179855372210636,0.07487762960289197,0.1019389960229893,0.0,0.0,4.97,0.1714466079977654,1.11,1.0814785987692772,3.89,1.0814785987692772,0.0,0.0,2.44,2.27111862261305,2.44,2.27111862261305,17.56,2.2711186226130495,5.0,0.0,20.26,4.471277583904094,4.052,0.8942555167808189,1.013,0.22356387919520473,0.0,0.0
6,565.0,565.0,100,2.7,2.830212184642877,0.11274224094053802,0.10611314476738415,0.9598564241486067,0.054179855372210636,0.07487762960289197,0.1019389960229893,0.0,0.0,4.97,0.1714466079977654,1.11,1.0814785987692772,3.89,1.0814785987692772,0.0,0.0,2.44,2.27111862261305,2.44,2.27111862261305,17.56,2.2711186226130495,5.0,0.0,20.26,4.471277583904094,4.052,0.8942555167808189,1.013,0.22356387919520473,0.0,0.0
6,566.0,566.0,100,2.7,2.830212184642877,0.11274224094053802,0.10611314476738415,0.9598564241486067,0.054179855372210636,0.07487762960289197,0.1019389960229893,0.0,0.0,4.97,0.1714466079977654,1.11,1.0814785987692772,3.89,1.0814785987692772,0.0,0.0,2.44,2.27111862261305,2.44,2.27111862261305,17.56,2.2711186226130495,5.0,0.0,20.26,4.471277583904094,4.052,0.8942555167808189,1.013,0.22356387919520473,0.0,0.0
6,567.0,567.0,100,2.7,2.830212184642877,0.11274224094053802,0.10611314476738415,0.9598564241486067,0.054179855372210636,0.07487762960289197,0.1019389960229893,0.0,0.0,4.97,0.1714466079977654,1.11,1.0814785987692772,3.89,1.0814785987692772,0.0,0.0,2.44,2.27111862261305,2.42,2.274940336657982,17.56,2.2711186226130495,5.0,0.0,20.26,4.471277583904094,4.052,0.8942555167808189,1.013,0.22356387919520473,0.0,0.0
6,568.0,568.0,100,2.7,2.830212184642877,0.11274224094053802,0.10611314476738415,0.9598564241486067,0.054179855372210636,0.07487762960289197,0.1019389960229893,0.0,0.0,4.97,0.1714466079977654,1.11,1.0814785987692772,3.89,1.0814785987692772,0.0,0.0,2.44,2.27111862261305,2.42,2.274940336657982,17.56,2.2711186226130495,5.0,0.0,20.26,4.471277583904094,4.052,0.8942555167808189,1.013,0.22356387919520473,0.0,0.0
6,569.0,569.0,100,2.7,2.830212184642877,0.11274224094053802,0.10611314476738415,0.9598564241486067,0.054179855372210636,0.07487762960289197,0.1019389960229893,0.0,0.0,4.97,0.1714466079977654,1.11,1.0814785987692772,3.89,1.0814785987692772,0.0,0.0,2.44,2.27111862261305,2.42,2.274940336657982,17.56,2.2711186226130495,5.0,0.0,20.26,4.471277583904094,4.052,0.8942555167808189,1.013,0.22356387919520473,0.0,0.0
6,570.0,570.0,100,2.7,2.830212184642877,0.11274224094053802,0.10611314476738415,0.9598564241486067,0.054179855372210636,0.07487762960289197,0.1019389960229893,0.0,0.0,4.97,0.1714466079977654,1.11,1.0814785987692772,3.89,1.0814785987692772,0.0,0.0,2.44,2.27111862261305,2.42,2.274940336657982,17.56,2.2711186226130495,5.0,0.0,20.26,4.471277583904094,4.052,0.8942555167808189,1.013,0.22356387919520473,0.0,0.0
6,571.0,571.0,100,2.7,2.830212184642877,0.11274224094053802,0.10611314476738415,0.9598564241486067,0.054179855372210636,0.07487762960289197,0.1019389960229893,0.0,0.0,4.97,0.1714466079977654,1.11,1.0814785987692772,3.89,1.0814785987692772,0.0,0.0,2.44,2.27111862261305,2.42,2.274940336657982,17.56,2.2711186226130495,5.0,0.0,20.26,4.471277583904094,4.052,0.8942555167808189,1.013,0.22356387919520473,0.0,0.0
6,572.0,572.0,100,2.7,2.830212184642877,0.11274224094053802,0.10611314476738415,0.9598564241486067,0.054179855372210636,0.07487762960289197,0.1019389960229893,0.0,0.0,4.97,0.1714466079977654,1.11,1.0814785987692772,3.89,1.0814785987692772,0.0,0.0,2.44,2.27111862261305,2.42,2.274940336657982,17.56,2.2711186226130495,5.0,0.0,20.26,4.471277583904094,4.052,0.8942555167808189,1.013,0.22356387919520473,0.0,0.0
6,573.0,573.0,100,2.7,2.830212184642877,0.11274224094053802,0.10611314476738415,0.9598564241486067,0.054179855372210636,0.07487762960289197,0.1019389960229893,0.0,0.0,4.97,0.1714466079977654,1.11,1.0814785987692772,3.89,1.0814785987692772,0.0,0.0,2.44,2.27111862261305,2.42,2.274940336657982,17.56,2.2711186226130495,5.0,0.0,20.26,4.471277583904094,4.052,0.8942555167808189,1.013,0.22356387919520473,0.0,0.0
6,574.0,574.0,100,2.68,2.8351331182115227,0.11173973467487386,0.10624900668199093,0.9608827399380805,0.05345956949780796,0.07487762960289197,0.1019389960229893,0.0010025062656641597,0.007061887261249077,4.97,0.1714466079977654,1.11,1.0814785987692772,3.89,1.0814785987692772,0.0,0.0,2.42,2.274940336657982,2.42,2.274940336657982,17.58,2.2749403366579823,5.0,0.0,20.26,4.471277583904094,4.052,0.8942555167808189,1.013,0.22356387919520473,0.0,0.0
6,575.0,575.0,100,2.68,2.8351331182115227,0.11173973467487386,0.10624900668199093,0.9608827399380805,0.05345956949780796,0.07487762960289197,0.1019389960229893,0.0,0.0,4.97,0.1714466079977654,1.11,1.0814785987692772,3.89,1.0814785987692772,0.0,0.0,2.42,2.274940336657982,2.41,2.2834273371492255,17.58,2.2749403366579823,5.0,0.0,20.26,4.471277583904094,4.052,0.8942555167808189,1.013,0.22356387919520473,0.0,0.0
6,576.0,576.0,100,2.68,2.8351331182115227,0.11173973467487386,0.10624900668199093,0.9608827399380805,0.05345956949780796,0.07487762960289197,0.1019389960229893,0.0,0.0,4.97,0.1714466079977654,1.11,1.0814785987692772,3.89,1.0814785987692772,0.0,0.0,2.42,2.274940336657982,2.41,2.2834273371492255,17.58,2.2749403366579823,5.0,0.0,20.26,4.471277583904094,4.052,0.8942555167808189,1.013,0.22356387919520473,0.0,0.0
6,577.0,577.0,100,2.68,2.8351331182115227,0.11173973467487386,0.10624900668199093,0.9608827399380805,0.05345956949780796,0.07487762960289197,0.1019389960229893,0.0,0.0,4.97,0.1714466079977654,1.11,1.0814785987692772,3.89,1.0814785987692772,0.0,0.0,2.42,2.274940336657982,2.41,2.2834273371492255,17.58,2.2749403366579823,5.0,0.0,20.26,4.471277583904094,4.052,0.8942555167808189,1.013,0.22356387919520473,0.0,0.0
6,578.0,578.0,100,2.68,2.8351331182115227,0.11173973467487386,0.10624900668199093,0.9608827399380805,0.05345956949780796,0.07487762960289197,0.1019389960229893,0.0,0.0,4.97,0.1714466079977654,1.11,1.0814785987692772,3.89,1.0814785987692772,0.0,0.0,2.42,2.274940336657982,2.41,2.2834273371492255,17.58,2.2749403366579823,5.0,0.0,20.26,4.471277583904094,4.052,0.8942555167808189,1.013,0.22356387919520473,0.0,0.0
6,579.0,579.0,100,2.68,2.8351331182115227,0.11173973467487386,0.10624900668199093,0.9608827399380805,0.05345956949780796,0.07487762960289197,0.1019389960229893,0.0,0.0,4.97,0.1714466079977654,1.11,1.0814785987692772,3.89,1.0814785987692772,0.0,0.0,2.42,2.274940336657982,2.4,2.291838836507762,17.58,2.2749403366579823,5.0,0.0,20.26,4.471277583904094,4.052,0.8942555167808189,1.013,0.22356387919520473,0.0,0.0
6,580.0,580.0,100,2.67,2.8250502811293625,0.11133973467487386,0.10583575370384608,0.9613827399380804,0.05359041802679689,0.07487762960289197,0.1019389960229893,0.0003999999999999998,0.0039999999999999975,4.97,0.1714466079977654,1.1,1.068369852351769,3.9,1.068369852351769,0.0,0.0,2.41,2.2834273371492255,2.4,2.291838836507762,17.59,2.283427337149225,5.0,0.0,20.26,4.471277583904094,4.052,0.8942555167808189,1.013,0.22356387919520473,0.0,0.0
6,581.0,581.0,100,2.67,2.8250502811293625,0.11133973467487386,0.10583575370384608,0.9613827399380804,0.05359041802679689,0.07487762960289197,0.1019389960229893,0.0,0.0,4.97,0.1714466079977654,1.1,1.068369852351769,3.9,1.068369852351769,0.0,0.0,2.41,2.2834273371492255,2.4,2.291838836507762,17.59,2.283427337149225,5.0,0.0,20.26,4.471277583904094,4.052,0.8942555167808189,1.013,0.22356387919520473,0.0,0.0
6,582.0,582.0,100,2.67,2.8250502811293625,0.11133973467487386,0.10583575370384608,0.9613827399380804,0.05359041802679689,0.07487762960289197,0.1019389960229893,0.0,0.0,4.97,0.1714466079977654,1.1,1.068369852351769,3.9,1.068369852351769,0.0,0.0,2.41,2.2834273371492255,2.4,2.291838836507762,17.59,2.283427337149225,5.0,0.0,20.26,4.471277583904094,4.052,0.8942555167808189,1.013,0.22356387919520473,0.0,0.0
6,583.0,583.0,100,2.66,2.8184815741527176,0.11092306800820718,0.10553162289028385,0.9618827399380805,0.05371624695730022,0.07487762960289197,0.1019389960229893,0.00041666666666666686,0.004166666666666669,4.97,0.1714466079977654,1.1,1.068369852351769,3.9,1.068369852351769,0.0,0.0,2.4,2.291838836507762,2.4,2.291838836507762,17.6,2.291838836507762,5.0,0.0,20.26,4.471277583904094,4.052,0.8942555167808189,1.013,0.22356387919520473,0.0,0.0
6,584.0,584.0,100,2.66,2.8184815741527176,0.11092306800820718,0.10553162289028385,0.9618827399380805,0.05371624695730022,0.07487762960289197,0.1019389960229893,0.0,0.0,4.97,0.1714466079977654,1.1,1.068369852351769,3.9,1.068369852351769,0.0,0.0,2.4,2.291838836507762,2.4,2.291838836507762,17.6,2.291838836507762,5.0,0.0,20.26,4.471277583904094,4.052,0.8942555167808189,1.013,0.22356387919520473,0.0,0.0
6,585.0,585.0,100,2.66,2.8184815741527176,0.11092306800820718,0.10553162289028385,0.9618827399380805,0.05371624695730022,0.07487762960289197,0.1019389960229893,0.0,0.0,4.97,0.1714466079977654,1.1,1.068369852351769,3.9,1.068369852351769,0.0,0.0,2.4,2.291838836507762,2.4,2.291838836507762,17.6,2.291838836507762,5.0,0.0,20.26,4.471277583904094,4.052,0.8942555167808189,1.013,0.22356387919520473,0.0,0.0
6,586.0,586.0,100,2.66,2.8184815741527176,0.11092306800820718,0.10553162289028385,0.9618827399380805,0.05371624695730022,0.07487762960289197,0.1019389960229893,0.0,0.0,4.97,0.1714466079977654,1.1,1.068369852351769,3.9,1.068369852351769,0.0,0.0,2.4,2.291838836507762,2.39,2.291376014626155,17.6,2.291838836507762,5.0,0.0,20.26,4.471277583904094,4.052,0.8942555167808189,1.013,0.22356387919520473,0.0,0.0
6,587.0,587.0,100,2.66,2.8184815741527176,0.11092306800820718,0.10553162289028385,0.9618827399380805,0.05371624695730022,0.07487762960289197,0.1019389960229893,0.0,0.0,4.97,0.1714466079977654,1.1,1.068369852351769,3.9,1.068369852351769,0.0,0.0,2.4,2.291838836507762,2.39,2.291376014626155,17.6,2.291838836507762,5.0,0.0,20.26,4.471277583904094,4.052,0.8942555167808189,1.013,0.22356387919520473,0.0,0.0
6,588.0,588.0,100,2.66,2.8184815741527176,0.11092306800820718,0.10553162289028385,0.9618827399380805,0.05371624695730022,0.07487762960289197,0.1019389960229893,0.0,0.0,4.97,0.1714466079977654,1.1,1.068369852351769,3.9,1.068369852351769,0.0,0.0,2.4,2.291838836507762,2.38,2.2908690071850044,17.6,2.291838836507762,5.0,0.0,20.26,4.471277583904094,4.052,0.8942555167808189,1.013,0.22356387919520473,0.0,0.0
6,589.0,589.0,100,2.66,2.8184815741527176,0.11092306800820718,0.10553162289028385,0.9618827399380805,0.05371624695730022,0.07487762960289197,0.1019389960229893,0.0,0.0,4.97,0.1714466079977654,1.1,1.068369852351769,3.9,1.068369852351769,0.0,0.0,2.4,2.291838836507762,2.38,2.2908690071850044,17.6,2.291838836507762,5.0,0.0,20.26,4.471277583904094,4.052,0.8942555167808189,1.013,0.22356387919520473,0.0,0.0
6,590.0,590.0,100,2.66,2.8184815741527176,0.11092306800820718,0.10553162289028385,0.9618827399380805,0.05371624695730022,0.07487762960289197,0.1019389960229893,0.0,0.0,4.97,0.1714466079977654,1.1,1.068369852351769,3.9,1.068369852351769,0.0,0.0,2.4,2.291838836507762,2.37,2.281480115002433,17.6,2.291838836507762,5.0,0.0,20.26,4.471277583904094,4.052,0.8942555167808189,1.013,0.22356387919520473,0.0,0.0
6,591.0,591.0,100,2.66,2.8184815741527176,0.11092306800820718,0.10553162289028385,0.9618827399380805,0.05371624695730022,0.07487762960289197,0.1019389960229893,0.0,0.0,4.97,0.1714466079977654,1.1,1.068369852351769,3.9,1.068369852351769,0.0,0.0,2.4,2.291838836507762,2.37,2.281480115002433,17.6,2.291838836507762,5.0,0.0,20.26,4.471277583904094,4.052,0.8942555167808189,1.013,0.22356387919520473,0.0,0.0
6,592.0,592.0,100,2.66,2.8184815741527176,0.11092306800820718,0.10553162289028385,0.9618827399380805,0.05371624695730022,0.07487762960289197,0.1019389960229893,0.0,0.0,4.97,0.1714466079977654,1.1,1.068369852351769,3.9,1.068369852351769,0.0,0.0,2.4,2.291838836507762,2.36,2.2764494771951838,17.6,2.291838836507762,5.0,0.0,20.26,4.471277583904094,4.052,0.8942555167808189,1.013,0.22356387919520473,0.0,0.0
6,593.0,593.0,100,2.66,2.8184815741527176,0.11092306800820718,0.10553162289028385,0.9618827399380805,0.05371624695730022,0.07487762960289197,0.1019389960229893,0.0,0.0,4.97,0.1714466079977654,1.1,1.068369852351769,3.9,1.068369852351769,0.0,0.0,2.4,2.291838836507762,2.36,2.2764494771951838,17.6,2.291838836507762,5.0,0.0,20.26,4.471277583904094,4.052,0.8942555167808189,1.013,0.22356387919520473,0.0,0.0
6,594.0,594.0,100,2.65,2.8190370158920746,0.11036751245265164,0.10538132977871668,0.9624382954936361,0.052650013831150824,0.07487762960289197,0.1019389960229893,0.000555555555555555,0.00555555555555555,4.97,0.1714466079977654,1.1,1.068369852351769,3.9,1.068369852351769,0.0,0.0,2.39,2.2825424421026654,2.36,2.2764494771951838,17.61,2.2825424421026654,5.0,0.0,20.26,4.471277583904094,4.052,0.8942555167808189,1.013,0.22356387919520473,0.0,0.0
6,595.0,595.0,100,2.65,2.8190370158920746,0.11036751245265164,0.10538132977871668,0.9624382954936361,0.052650013831150824,0.07487762960289197,0.1019389960229893,0.0,0.0,4.97,0.1714466079977654,1.1,1.068369852351769,3.9,1.068369852351769,0.0,0.0,2.39,2.2825424421026654,2.36,2.2764494771951838,17.61,2.2825424421026654,5.0,0.0,20.26,4.471277583904094,4.052,0.8942555167808189,1.013,0.22356387919520473,0.0,0.0
6,596.0,596.0,100,2.64,2.8087885162989625,0.109932729843956,0.10484242926674407,0.9629382954936361,0.05180202622068191,0.07487762960289197,0.1019389960229893,0.000434782608695653,0.004347826086956531,4.97,0.1714466079977654,1.09,1.0645338525534653,3.91,1.0645338525534658,0.0,0.0,2.38,2.2820334720763342,2.36,2.2764494771951838,17.62,2.2820334720763342,5.0,0.0,20.26,4.471277583904094,4.052,0.8942555167808189,1.013,0.22356387919520473,0.0,0.0
6,597.0,597.0,100,2.64,2.8087885162989625,0.109932729843956,0.10484242926674407,0.9629382954936361,0.05180202622068191,0.07487762960289197,0.1019389960229893,0.0,0.0,4.97,0.1714466079977654,1.09,1.0645338525534653,3.91,1.0645338525534658,0.0,0.0,2.38,2.2820334720763342,2.36,2.2764494771951838,17.62,2.2820334720763342,5.0,0.0,20.26,4.471277583904094,4.052,0.8942555167808189,1.013,0.22356387919520473,0.0,0.0
6,598.0,598.0,100,2.63,2.7948545796180744,0.1095160631772893,0.10419367251118532,0.963438295493636,0.05093496671453716,0.07487762960289197,0.1019389960229893,0.00041666666666666686,0.00416666666666667,4.97,0.1714466079977654,1.09,1.0645338525534653,3.91,1.0645338525534658,0.0,0.0,2.37,2.281480115002433,2.36,2.2764494771951838,17.63,2.2814801150024326,5.0,0.0,20.26,4.471277583904094,4.052,0.8942555167808189,1.013,0.22356387919520473,0.0,0.0
6,599.0,599.0,100,2.63,2.7948545796180744,0.1095160631772893,0.10419367251118532,0.963438295493636,0.05093496671453716,0.07487762960289197,0.1019389960229893,0.0,0.0,4.97,0.1714466079977654,1.09,1.0645338525534653,3.91,1.0645338525534658,0.0,0.0,2.37,2.281480115002433,2.36,2.2764494771951838,17.63,2.2814801150024326,5.0,0.0,20.26,4.471277583904094,4.052,0.8942555167808189,1.013,0.22356387919520473,0.0,0.0
6,600.0,600.0,100,2.63,2.7948545796180744,0.1095160631772893,0.10419367251118532,0.963438295493636,0.05093496671453716,0.07487762960289197,0.1019389960229893,0.0,0.0,4.97,0.1714466079977654,1.09,1.0645338525534653,3.91,1.0645338525534658,0.0,0.0,2.37,2.281480115002433,2.36,2.2764494771951838,17.63,2.2814801150024326,5.0,0.0,20.26,4.471277583904094,4.052,0.8942555167808189,1.013,0.22356387919520473,0.0,0.0
