Step,simulated_time_s,replications,residual_deficit_mean,residual_deficit_std,normalized_deficit_mean,normalized_deficit_std,capacity_adjusted_coverage_mean,capacity_adjusted_coverage_std,normalized_unavoidable_deficit_mean,normalized_unavoidable_deficit_std,r_delta_mean,r_delta_std,covered_points_mean,covered_points_std,underserved_points_mean,underserved_points_std,exactly_satisfied_points_mean,exactly_satisfied_points_std,overserved_points_mean,overserved_points_std,idle_drones_mean,idle_drones_std,exploring_drones_mean,exploring_drones_std,stationing_drones_mean,stationing_drones_std,active_points_mean,active_points_std,total_demand_mean,total_demand_std,mean_demand_per_point_mean,mean_demand_per_point_std,fleet_load_mean,fleet_load_std,overlapping_zones_mean,overlapping_zones_std
0.0,0.0,100,10.0,0.0,1.0,0.0,0.0,0.0,0.0,0.0,,,0.0,0.0,5.0,0.0,0.0,0.0,0.0,0.0,20.0,0.0,0.0,0.0,0.0,0.0,5.0,0.0,10.0,0.0,2.0,0.0,0.5,0.0,0.63,0.7608474807008886
1.0,1.0,100,10.0,0.0,1.0,0.0,0.0,0.0,0.0,0.0,0.0,0.0,0.0,0.0,5.0,0.0,0.0,0.0,0.0,0.0,20.0,0.0,19.92,0.33874396636320286,0.0,0.0,5.0,0.0,10.0,0.0,2.0,0.0,0.5,0.0,0.63,0.7608474807008886
2.0,2.0,100,10.0,0.0,1.0,0.0,0.0,0.0,0.0,0.0,0.0,0.0,0.0,0.0,5.0,0.0,0.0,0.0,0.0,0.0,20.0,0.0,19.85,0.5751591786697672,0.0,0.0,5.0,0.0,10.0,0.0,2.0,0.0,0.5,0.0,0.63,0.7608474807008886
3.0,3.0,100,10.0,0.0,1.0,0.0,0.0,0.0,0.0,0.0,0.0,0.0,0.0,0.0,5.0,0.0,0.0,0.0,0.0,0.0,20.0,0.0,19.8,0.7521014330903553,0.0,0.0,5.0,0.0,10.0,0.0,2.0,0.0,0.5,0.0,0.63,0.7608474807008886
4.0,4.0,100,10.0,0.0,1.0,0.0,0.0,0.0,0.0,0.0,0.0,0.0,0.0,0.0,5.0,0.0,0.0,0.0,0.0,0.0,20.0,0.0,19.7,0.9374368665610923,0.0,0.0,5.0,0.0,10.0,0.0,2.0,0.0,0.5,0.0,0.63,0.7608474807008886
5.0,5.0,100,10.0,0.0,1.0,0.0,0.0,0.0,0.0,0.0,0.0,0.0,0.0,0.0,5.0,0.0,0.0,0.0,0.0,0.0,20.0,0.0,19.46,1.2586669234719818,0.0,0.0,5.0,0.0,10.0,0.0,2.0,0.0,0.5,0.0,0.63,0.7608474807008886
6.0,6.0,100,10.0,0.0,1.0,0.0,0.0,0.0,0.0,0.0,0.0,0.0,0.0,0.0,5.0,0.0,0.0,0.0,0.0,0.0,20.0,0.0,19.34,1.444040347515444,0.0,0.0,5.0,0.0,10.0,0.0,2.0,0.0,0.5,0.0,0.63,0.7608474807008886
7.0,7.0,100,10.0,0.0,1.0,0.0,0.0,0.0,0.0,0.0,0.0,0.0,0.0,0.0,5.0,0.0,0.0,0.0,0.0,0.0,20.0,0.0,19.24,1.5382004440451202,0.0,0.0,5.0,0.0,10.0,0.0,2.0,0.0,0.5,0.0,0.63,0.7608474807008886
8.0,8.0,100,10.0,0.0,1.0,0.0,0.0,0.0,0.0,0.0,0.0,0.0,0.0,0.0,5.0,0.0,0.0,0.0,0.0,0.0,20.0,0.0,19.03,1.7082982258033372,0.0,0.0,5.0,0.0,10.0,0.0,2.0,0.0,0.5,0.0,0.63,0.7608474807008886
9.0,9.0,100,10.0,0.0,1.0,0.0,0.0,0.0,0.0,0.0,0.0,0.0,0.0,0.0,5.0,0.0,0.0,0.0,0.0,0.0,20.0,0.0,18.91,1.8262673750720422,0.0,0.0,5.0,0.0,10.0,0.0,2.0,0.0,0.5,0.0,0.63,0.7608474807008886
10.0,10.0,100,9.98,0.14070529413628952,0.998,0.014070529413628944,0.002,0.014070529413628971,0.0,0.0,0.0019999999999999996,0.014070529413628968,0.02,0.1407052941362897,5.0,0.0,0.0,0.0,0.0,0.0,19.98,0.14070529413629035,18.82,1.871530459978214,0.02,0.1407052941362897,5.0,0.0,10.0,0.0,2.0,0.0,0.5,0.0,0.63,0.7608474807008886
11.0,11.0,100,9.93,0.2931886695621029,0.993,0.029318866956210287,0.007000000000000001,0.02931886695621029,0.0,0.0,0.004999999999999999,0.02190429135575903,0.06,0.238683256575942,4.99,0.09999999999999978,0.01,0.09999999999999998,0.0,0.0,19.93,0.2931886695621027,18.68,1.9273680174651326,0.07,0.2931886695621029,5.0,0.0,10.0,0.0,2.0,0.0,0.5,0.0,0.63,0.7608474807008886
12.0,12.0,100,9.91,0.3208259542638237,0.991,0.032082595426382345,0.009000000000000001,0.032082595426382345,0.0,0.0,0.0019999999999999996,0.014070529413628966,0.08,0.2726599243442907,4.99,0.09999999999999978,0.01,0.09999999999999998,0.0,0.0,19.91,0.32082595426382343,18.49,2.2224520083216484,0.09,0.32082595426382343,5.0,0.0,10.0,0.0,2.0,0.0,0.5,0.0,0.63,0.7608474807008886
13.0,13.0,100,9.86,0.4499158170416355,0.986,0.04499158170416355,0.014000000000000002,0.04499158170416355,0.0,0.0,0.004999999999999999,0.021904291355759026,0.1,0.30151134457776363,4.96,0.19694638556693242,0.03,0.1714466079977653,0.01,0.09999999999999999,19.85,0.5000000000000002,18.36,2.41844761962894,0.15,0.49999999999999994,5.0,0.0,10.0,0.0,2.0,0.0,0.5,0.0,0.63,0.7608474807008886
14.0,14.0,100,9.81,0.5259911279353167,0.981,0.05259911279353165,0.019000000000000003,0.05259911279353167,0.0,0.0,0.004999999999999999,0.021904291355759033,0.13,0.33799766898963113,4.94,0.2386832565759419,0.05,0.21904291355759034,0.01,0.1,19.79,0.6243380332784316,18.2,2.530620557104602,0.21,0.6243380332784316,5.0,0.0,10.0,0.0,2.0,0.0,0.5,0.0,0.63,0.7608474807008886
15.0,15.0,100,9.73,0.5835281060112277,0.973,0.058352810601122726,0.027000000000000003,0.05835281060112276,0.0,0.0,0.007999999999999998,0.027265992434429065,0.2,0.40201512610368484,4.93,0.2564323999762428,0.03,0.17144660799776532,0.04,0.19694638556693236,19.69,0.7204796382208926,18.06,2.5968901370366786,0.31,0.7204796382208929,5.0,0.0,10.0,0.0,2.0,0.0,0.5,0.0,0.63,0.7608474807008886
16.0,16.0,100,9.66,0.6994947671662235,0.966,0.0699494767166224,0.034,0.06994947671662234,0.0,0.0,0.006999999999999999,0.025643239997624273,0.23,0.4461960433384737,4.89,0.3144660377352202,0.07,0.2564323999762428,0.04,0.19694638556693236,19.62,0.8260897302498332,17.91,2.7269511594934412,0.38,0.8260897302498332,5.0,0.0,10.0,0.0,2.0,0.0,0.5,0.0,0.63,0.7608474807008886
17.0,17.0,100,9.58,0.7936617603859906,0.958,0.07936617603859908,0.042,0.07936617603859908,0.0,0.0,0.008,0.027265992434429065,0.27,0.4893822120745192,4.85,0.35887028128263676,0.12,0.3265986323710905,0.03,0.17144660799776532,19.52,0.9997979593877749,17.77,2.87045204619324,0.48,0.9997979593877754,5.0,0.0,10.0,0.0,2.0,0.0,0.5,0.0,0.63,0.7608474807008886
18.0,18.0,100,9.45,0.9360890055238478,0.945,0.09360890055238474,0.055,0.09360890055238477,0.0,0.0,0.012999999999999998,0.048523658709390974,0.34,0.5359782899266791,4.79,0.45604802157206853,0.16,0.3949172013974524,0.05,0.2190429135575903,19.39,1.1,17.72,2.930439343763106,0.61,1.1,5.0,0.0,10.0,0.0,2.0,0.0,0.5,0.0,0.63,0.7608474807008886
19.0,19.0,100,9.34,1.0172253805069331,0.934,0.10172253805069328,0.066,0.10172253805069331,0.0,0.0,0.011,0.03450955072018601,0.39,0.5842201051942079,4.73,0.489382212074519,0.21,0.4333333333333333,0.06,0.23868325657594203,19.26,1.2112269428437876,17.65,2.921100525971039,0.74,1.2112269428437874,5.0,0.0,10.0,0.0,2.0,0.0,0.5,0.0,0.63,0.7608474807008886
20.0,20.0,100,9.25,1.131504763712036,0.925,0.11315047637120357,0.075,0.1131504763712036,0.0,0.0,0.009000000000000001,0.02876234912646613,0.42,0.6224746962525848,4.67,0.5514901759246617,0.22,0.48367281703584913,0.11,0.34509550720186016,19.13,1.3681440647162044,17.54,2.972670125790562,0.87,1.3681440647162062,5.0,0.0,10.0,0.0,2.0,0.0,0.5,0.0,0.63,0.7608474807008886
21.0,21.0,100,9.18,1.1315493981280889,0.9179999999999999,0.11315493981280889,0.08200000000000002,0.1131549398128089,0.0,0.0,0.006999999999999998,0.029318866956210284,0.48,0.6432242017658957,4.66,0.5545040554177648,0.24,0.47396884353980984,0.1,0.30151134457776363,19.02,1.4701061598442888,17.41,2.9986360535780565,0.98,1.470106159844289,5.0,0.0,10.0,0.0,2.0,0.0,0.5,0.0,0.63,0.7608474807008886
22.0,22.0,100,9.12,1.1915527599724567,0.912,0.11915527599724574,0.08800000000000001,0.11915527599724571,0.0,0.0,0.006000000000000003,0.023868325657594218,0.52,0.68872595010166,4.64,0.559942276967326,0.28,0.5140451577852126,0.08,0.2726599243442907,19.01,1.4034229439466774,17.4,2.9814239699997196,0.99,1.4034229439466777,5.0,0.0,10.0,0.0,2.0,0.0,0.5,0.0,0.63,0.7608474807008886
23.0,23.0,100,9.05,1.2900160518929267,0.905,0.12900160518929266,0.095,0.12900160518929268,0.0,0.0,0.007000000000000001,0.02564323999762428,0.53,0.7028800779936815,4.58,0.6224746962525843,0.34,0.6066966359563964,0.08,0.2726599243442907,18.92,1.535308345959116,17.42,2.9238828480448595,1.08,1.5353083459591161,5.0,0.0,10.0,0.0,2.0,0.0,0.5,0.0,0.63,0.7608474807008886
24.0,24.0,100,8.95,1.3132964154171265,0.895,0.1313296415417127,0.105,0.13132964154171264,0.0,0.0,0.009999999999999998,0.033333333333333326,0.6,0.7247430753394787,4.55,0.6415731927193977,0.35,0.575159178669767,0.1,0.3333333333333333,18.83,1.5377735446896834,17.45,2.8440084103925987,1.17,1.5377735446896836,5.0,0.0,10.0,0.0,2.0,0.0,0.5,0.0,0.63,0.7608474807008886
25.0,25.0,100,8.85,1.4025589888385146,0.885,0.14025589888385148,0.115,0.14025589888385148,0.0,0.0,0.01,0.03333333333333334,0.65,0.7703468981143129,4.5,0.674199862463242,0.38,0.5822283907453318,0.12,0.3561863092100634,18.74,1.6056717653934804,17.36,2.8657503821033075,1.26,1.6056717653934809,5.0,0.0,10.0,0.0,2.0,0.0,0.5,0.0,0.63,0.7608474807008886
26.0,26.0,100,8.78,1.4742229591663987,0.878,0.14742229591663986,0.12200000000000001,0.14742229591663986,0.0,0.0,0.006999999999999999,0.025643239997624277,0.69,0.8001893715259096,4.47,0.7171069824248155,0.48,0.6739001514626732,0.05,0.21904291355759034,18.75,1.5723301886761007,17.26,2.7983400563024974,1.25,1.5723301886761003,5.0,0.0,10.0,0.0,2.0,0.0,0.5,0.0,0.63,0.7608474807008886
27.0,27.0,100,8.7,1.5602382620431514,0.87,0.15602382620431518,0.13,0.1560238262043152,0.0,0.0,0.008000000000000002,0.02726599243442908,0.74,0.8362977576162329,4.44,0.7696253844067465,0.47,0.6883591968139773,0.09,0.2876234912646614,18.62,1.721990860966609,17.22,2.6839590838230682,1.38,1.7219908609666095,5.0,0.0,10.0,0.0,2.0,0.0,0.5,0.0,0.63,0.7608474807008886
28.0,28.0,100,8.64,1.5732614261944877,0.8640000000000001,0.15732614261944883,0.136,0.15732614261944883,0.0,0.0,0.006,0.0238683256575942,0.77,0.8391313449880266,4.41,0.7797305932049851,0.53,0.7028800779936817,0.06,0.23868325657594197,18.6,1.7115177268415682,17.25,2.5281246293278623,1.4,1.711517726841568,5.0,0.0,10.0,0.0,2.0,0.0,0.5,0.0,0.63,0.7608474807008886
29.0,29.0,100,8.58,1.5710769644682683,0.858,0.15710769644682682,0.14200000000000002,0.1571076964468268,0.0,0.0,0.005999999999999998,0.023868325657594197,0.8,0.8287754140107481,4.38,0.7885544888073251,0.53,0.6735253251633256,0.09,0.32082595426382343,18.52,1.7435595774162698,17.21,2.535784300803604,1.48,1.7435595774162702,5.0,0.0,10.0,0.0,2.0,0.0,0.5,0.0,0.63,0.7608474807008886
30.0,30.0,100,8.49,1.6360521589077368,0.8490000000000001,0.1636052158907737,0.15100000000000002,0.1636052158907737,0.0,0.0,0.009,0.028762349126466136,0.83,0.8652085636341438,4.32,0.8150106896491752,0.59,0.7797305932049851,0.09,0.28762349126466136,18.44,1.689659579604571,17.17,2.4987067362008193,1.56,1.6896595796045704,5.0,0.0,10.0,0.0,2.0,0.0,0.5,0.0,0.63,0.7608474807008886
31.0,31.0,100,8.42,1.6647261430376858,0.8420000000000001,0.16647261430376867,0.158,0.16647261430376867,0.0,0.0,0.007000000000000001,0.029318866956210287,0.88,0.8793937305515279,4.3,0.8468599159080072,0.68,0.8394322275481592,0.02,0.14070529413628968,18.44,1.6594997420727107,17.18,2.3926655605931395,1.56,1.6594997420727111,5.0,0.0,10.0,0.0,2.0,0.0,0.5,0.0,0.63,0.7608474807008886
32.0,32.0,100,8.36,1.6968181750535087,0.836,0.16968181750535088,0.16400000000000003,0.16968181750535086,0.0,0.0,0.005999999999999998,0.023868325657594197,0.9,0.8932971498777986,4.26,0.8482900209220662,0.7,0.7977240352174655,0.04,0.19694638556693236,18.36,1.743791295083239,17.12,2.4629784055615715,1.64,1.743791295083239,5.0,0.0,10.0,0.0,2.0,0.0,0.5,0.0,0.63,0.7608474807008886
33.0,33.0,100,8.3,1.7026420348945632,0.83,0.17026420348945634,0.17,0.17026420348945634,0.0,0.0,0.005999999999999998,0.023868325657594197,0.93,0.8791065253018446,4.23,0.862870473793984,0.72,0.8174856746652067,0.05,0.21904291355759034,18.29,1.75404294892305,17.01,2.5445326613440167,1.71,1.7540429489230491,5.0,0.0,10.0,0.0,2.0,0.0,0.5,0.0,0.63,0.7608474807008886
34.0,34.0,100,8.24,1.7472633725140845,0.8240000000000001,0.17472633725140846,0.17600000000000002,0.17472633725140843,0.0,0.0,0.005999999999999998,0.023868325657594197,0.97,0.9151364638537511,4.21,0.8795660086863085,0.74,0.8241310085125538,0.05,0.2190429135575903,18.22,1.8178686598999563,16.9,2.504541329810166,1.78,1.8178686598999565,5.0,0.0,10.0,0.0,2.0,0.0,0.5,0.0,0.63,0.7608474807008886
35.0,35.0,100,8.18,1.7660090256813183,0.818,0.1766009025681318,0.182,0.17660090256813182,0.0,0.0,0.006000000000000001,0.023868325657594204,0.99,0.9155778657672039,4.17,0.8882510337679879,0.77,0.8744984132332514,0.06,0.2777979790634143,18.14,1.831376365998916,16.84,2.4770461392064496,1.86,1.8313763659989155,5.0,0.0,10.0,0.0,2.0,0.0,0.5,0.0,0.63,0.7608474807008886
36.0,36.0,100,8.09,1.752890830207706,0.809,0.17528908302077065,0.191,0.17528908302077062,0.0,0.0,0.009000000000000001,0.028762349126466143,1.05,0.9252354327740622,4.14,0.876402195387944,0.8,0.8408749651825218,0.06,0.23868325657594203,18.07,1.804903534174823,16.76,2.4375844973699237,1.93,1.8049035341748232,5.0,0.0,10.0,0.0,2.0,0.0,0.5,0.0,0.63,0.7608474807008886
37.0,37.0,100,8.01,1.7494299215758977,0.8009999999999999,0.17494299215758974,0.199,0.1749429921575897,0.0,0.0,0.008,0.0307482445914323,1.1,0.9265990819042821,4.11,0.8864296789692772,0.85,0.8804842561071295,0.04,0.19694638556693236,17.98,1.797753929746558,16.69,2.4316723264104274,2.02,1.7977539297465577,5.0,0.0,10.0,0.0,2.0,0.0,0.5,0.0,0.63,0.7608474807008886
38.0,38.0,100,7.92,1.7504977647064917,0.792,0.17504977647064915,0.20800000000000002,0.17504977647064918,0.0,0.0,0.009000000000000001,0.032082595426382345,1.14,0.932250454057765,4.06,0.8740940475946531,0.87,0.89504810547317,0.07,0.2564323999762428,17.86,1.7979786630344847,16.61,2.4366519503763198,2.14,1.7979786630344845,5.0,0.0,10.0,0.0,2.0,0.0,0.5,0.0,0.63,0.7608474807008886
39.0,39.0,100,7.86,1.7524585904126553,0.7859999999999999,0.1752458590412656,0.21400000000000002,0.17524585904126555,0.0,0.0,0.006,0.027779797906341427,1.17,0.9326296048260425,4.03,0.8814015468948798,0.92,0.883976324012211,0.05,0.2190429135575903,17.85,1.7830571862093858,16.64,2.4309452790005266,2.15,1.783057186209385,5.0,0.0,10.0,0.0,2.0,0.0,0.5,0.0,0.63,0.7608474807008886
40.0,40.0,100,7.77,1.7801089513813135,0.777,0.17801089513813134,0.223,0.17801089513813131,0.0,0.0,0.009000000000000001,0.03208259542638235,1.22,0.9382984815100365,3.99,0.8932406102942185,0.94,0.8969082698049139,0.07,0.2931886695621029,17.73,1.8524076606984063,16.55,2.413660617352319,2.27,1.8524076606984066,5.0,0.0,10.0,0.0,2.0,0.0,0.5,0.0,0.63,0.7608474807008886
41.0,41.0,100,7.71,1.7939010028652107,0.7709999999999999,0.17939010028652108,0.229,0.17939010028652103,0.0,0.0,0.006,0.023868325657594197,1.23,0.9412542674323429,3.94,0.8969082698049141,1.03,0.904031375159473,0.03,0.1714466079977653,17.72,1.7983157103076741,16.55,2.3500483554019205,2.28,1.7983157103076741,5.0,0.0,10.0,0.0,2.0,0.0,0.5,0.0,0.63,0.7608474807008886
42.0,42.0,100,7.66,1.810296030259062,0.7659999999999999,0.18102960302590618,0.234,0.18102960302590615,0.0,0.0,0.005000000000000001,0.026111648393354683,1.26,0.9387289924211999,3.92,0.917616587698916,0.99,0.9044781965756874,0.09,0.28762349126466136,17.61,1.8796894220142655,16.46,2.438827338677091,2.39,1.8796894220142653,5.0,0.0,10.0,0.0,2.0,0.0,0.5,0.0,0.63,0.7608474807008886
43.0,43.0,100,7.59,1.8040078836979747,0.759,0.18040078836979745,0.24100000000000002,0.18040078836979748,0.0,0.0,0.007000000000000001,0.029318866956210287,1.31,0.9607972278953105,3.9,0.904534033733291,1.0,0.8761716542303613,0.1,0.30151134457776363,17.54,1.8663419631011688,16.35,2.451035650000987,2.46,1.8663419631011686,5.0,0.0,10.0,0.0,2.0,0.0,0.5,0.0,0.63,0.7608474807008886
44.0,44.0,100,7.48,1.8283955543126604,0.748,0.18283955543126612,0.252,0.1828395554312661,0.0,0.0,0.011000000000000003,0.037321967966993566,1.37,0.9811866655877834,3.85,0.9031370691409835,1.13,0.9062632792478857,0.02,0.14070529413628968,17.52,1.8005610797804674,16.24,2.4,2.48,1.800561079780467,5.0,0.0,10.0,0.0,2.0,0.0,0.5,0.0,0.63,0.7608474807008886
45.0,45.0,100,7.43,1.816061895443216,0.743,0.18160618954432164,0.257,0.18160618954432167,0.0,0.0,0.005000000000000001,0.021904291355759036,1.4,0.9847319278346618,3.83,0.8995509541943243,1.16,0.9069874655287484,0.01,0.1,17.48,1.7779797865026814,16.22,2.363783989173873,2.52,1.7779797865026814,5.0,0.0,10.0,0.0,2.0,0.0,0.5,0.0,0.63,0.7608474807008886
46.0,46.0,100,7.35,1.8443196988361727,0.735,0.1844319698836173,0.265,0.1844319698836173,0.0,0.0,0.008000000000000002,0.030748244591432307,1.44,0.9981801622771493,3.79,0.9133687230480494,1.17,0.9107106782035331,0.04,0.19694638556693242,17.35,1.8552410064245537,16.24,2.265775225775357,2.65,1.855241006424554,5.0,0.0,10.0,0.0,2.0,0.0,0.5,0.0,0.63,0.7608474807008886
47.0,47.0,100,7.29,1.8818377005770532,0.7290000000000001,0.18818377005770534,0.271,0.18818377005770534,0.0,0.0,0.005999999999999998,0.023868325657594197,1.45,0.9987365756167876,3.74,0.9387289924211998,1.2,0.9534625892455922,0.06,0.23868325657594205,17.27,1.9167259542872543,16.15,2.2934910093787173,2.73,1.9167259542872537,5.0,0.0,10.0,0.0,2.0,0.0,0.5,0.0,0.63,0.7608474807008886
48.0,48.0,100,7.21,1.881837700577053,0.721,0.18818377005770537,0.279,0.18818377005770534,0.0,0.0,0.008,0.027265992434429065,1.5,0.9795896894087646,3.71,0.9565827225339715,1.21,0.9670845491747477,0.08,0.30748244591432294,17.19,1.9106030567347156,15.99,2.371953122673721,2.81,1.9106030567347156,5.0,0.0,10.0,0.0,2.0,0.0,0.5,0.0,0.63,0.7608474807008886
49.0,49.0,100,7.17,1.8805490279343016,0.7170000000000001,0.18805490279343015,0.28300000000000003,0.18805490279343015,0.0,0.0,0.003999999999999999,0.024287836253956207,1.51,0.9897964284119083,3.68,0.9415225151129667,1.29,0.9459643147859674,0.03,0.1714466079977653,17.19,1.8893374393146287,15.92,2.355650846176256,2.81,1.8893374393146292,5.0,0.0,10.0,0.0,2.0,0.0,0.5,0.0,0.63,0.7608474807008886
50.0,50.0,100,7.05,1.860677621760743,0.705,0.18606776217607424,0.295,0.18606776217607424,0.0,0.0,0.011999999999999997,0.03265986323710904,1.58,0.9865765724632496,3.63,0.9391055275735479,1.31,0.9607972278953105,0.06,0.2777979790634143,17.05,1.8768929838238708,15.91,2.3787569965183177,2.95,1.8768929838238708,5.0,0.0,10.0,0.0,2.0,0.0,0.5,0.0,0.63,0.7608474807008886
51.0,51.0,100,6.96,1.901195795951973,0.696,0.19011957959519724,0.30400000000000005,0.19011957959519726,0.0,0.0,0.009,0.032082595426382345,1.62,1.0227710428344197,3.58,0.933982458252419,1.39,0.9089343299499784,0.03,0.1714466079977653,17.0,1.912214856276788,15.78,2.3595068822261838,3.0,1.912214856276788,5.0,0.0,10.0,0.0,2.0,0.0,0.5,0.0,0.63,0.7608474807008886
52.0,52.0,100,6.86,1.9489442881682995,0.6859999999999999,0.19489442881682995,0.314,0.19489442881682995,0.0,0.0,0.01,0.03333333333333333,1.68,1.052942006326497,3.54,0.9472981248655239,1.44,0.9568466729604883,0.02,0.1407052941362897,16.91,1.9284944669588528,15.71,2.3454016907363844,3.09,1.9284944669588526,5.0,0.0,10.0,0.0,2.0,0.0,0.5,0.0,0.63,0.7608474807008886
53.0,53.0,100,6.75,1.9917760208346011,0.675,0.1991776020834601,0.325,0.19917760208346008,0.0,0.0,0.011,0.031446603773522,1.74,1.0695038026292305,3.49,0.9795381306998463,1.47,0.9893881386437219,0.04,0.19694638556693236,16.78,1.9724363235615616,15.7,2.2630095274240722,3.22,1.9724363235615616,5.0,0.0,10.0,0.0,2.0,0.0,0.5,0.0,0.63,0.7608474807008886
54.0,54.0,100,6.6,2.0250950844368023,0.66,0.2025095084436803,0.34,0.2025095084436803,0.0,0.0,0.015,0.03859920970562726,1.81,1.0702119114238708,3.41,1.0059921480907301,1.54,0.9890307468333925,0.05,0.21904291355759034,16.62,2.0089697847303722,15.61,2.2603074788598785,3.38,2.0089697847303714,5.0,0.0,10.0,0.0,2.0,0.0,0.5,0.0,0.63,0.7608474807008886
55.0,55.0,100,6.54,2.017198777783417,0.654,0.20171987777834163,0.34600000000000003,0.20171987777834163,0.0,0.0,0.006,0.027779797906341427,1.85,1.0671873729054748,3.39,1.0139930069688936,1.57,1.017572869849892,0.04,0.19694638556693242,16.56,2.0066555924389875,15.59,2.2297121252789927,3.44,2.0066555924389884,5.0,0.0,10.0,0.0,2.0,0.0,0.5,0.0,0.63,0.7608474807008886
56.0,56.0,100,6.5,2.012586656644889,0.65,0.20125866566448886,0.35,0.20125866566448886,0.0,0.0,0.004,0.019694638556693237,1.87,1.069834311725631,3.37,1.011599393699568,1.58,1.046205264059331,0.05,0.21904291355759034,16.52,1.9872319716356488,15.48,2.2087063721517715,3.48,1.9872319716356488,5.0,0.0,10.0,0.0,2.0,0.0,0.5,0.0,0.63,0.7608474807008886
57.0,57.0,100,6.44,1.9965627028126682,0.644,0.1996562702812668,0.35600000000000004,0.1996562702812668,0.0,0.0,0.006000000000000001,0.023868325657594208,1.91,1.0550025132815102,3.35,1.0087996667707457,1.61,1.0139930069688932,0.04,0.19694638556693236,16.48,1.9923084423083006,15.47,2.157697051408414,3.52,1.9923084423083006,5.0,0.0,10.0,0.0,2.0,0.0,0.5,0.0,0.63,0.7608474807008886
58.0,58.0,100,6.35,2.0219752318917847,0.635,0.2021975231891785,0.365,0.20219752318917847,0.0,0.0,0.009000000000000001,0.03509007169147894,1.97,1.0679443105822748,3.32,1.0335776837194333,1.63,1.0215357818184119,0.05,0.21904291355759034,16.39,2.019575913078502,15.38,2.130964594030154,3.61,2.0195759130785027,5.0,0.0,10.0,0.0,2.0,0.0,0.5,0.0,0.63,0.7608474807008886
59.0,59.0,100,6.29,2.036510185924376,0.629,0.2036510185924376,0.371,0.2036510185924376,0.0,0.0,0.006000000000000001,0.027779797906341424,1.99,1.0683225783035437,3.28,1.0355304111049721,1.69,1.0415121097459572,0.03,0.1714466079977653,16.34,1.9909898051070989,15.38,2.140423822847742,3.66,1.990989805107099,5.0,0.0,10.0,0.0,2.0,0.0,0.5,0.0,0.63,0.7608474807008886
60.0,60.0,100,6.21,2.0464060637561103,0.621,0.2046406063756111,0.379,0.20464060637561107,0.0,0.0,0.008,0.027265992434429072,2.0,1.0540925533894598,3.21,1.0376254944182253,1.76,1.055241845993303,0.03,0.17144660799776532,16.27,1.9992675426442323,15.35,2.0761999086326104,3.73,1.9992675426442323,5.0,0.0,10.0,0.0,2.0,0.0,0.5,0.0,0.63,0.7608474807008886
61.0,61.0,100,6.15,1.9917760208346011,0.615,0.1991776020834601,0.385,0.19917760208346008,0.0,0.0,0.006,0.023868325657594204,2.05,1.0087996667707455,3.2,1.0347497623614468,1.77,1.043062700886096,0.03,0.17144660799776532,16.2,1.9694638556693236,15.32,2.0640256830286825,3.8,1.9694638556693236,5.0,0.0,10.0,0.0,2.0,0.0,0.5,0.0,0.63,0.7608474807008886
62.0,62.0,100,6.08,1.9523619469035884,0.608,0.19523619469035888,0.392,0.19523619469035888,0.0,0.0,0.006999999999999998,0.025643239997624273,2.07,0.9873441572463397,3.15,1.0187633620614691,1.8,0.994936676326182,0.05,0.2190429135575903,16.13,1.936648150957231,15.26,2.101562670149443,3.87,1.9366481509572309,5.0,0.0,10.0,0.0,2.0,0.0,0.5,0.0,0.63,0.7608474807008886
63.0,63.0,100,6.01,1.9565740001803704,0.601,0.19565740001803714,0.39899999999999997,0.19565740001803708,0.0,0.0,0.007000000000000002,0.025643239997624283,2.11,0.9938701010583715,3.12,1.0178210038899744,1.83,1.0155856150094589,0.05,0.21904291355759034,16.04,1.9484259381263729,15.21,2.061160798769431,3.96,1.948425938126373,5.0,0.0,10.0,0.0,2.0,0.0,0.5,0.0,0.63,0.7608474807008886
64.0,64.0,100,5.95,1.950783318453271,0.595,0.19507833184532708,0.405,0.1950783318453271,0.0,0.0,0.006,0.0238683256575942,2.15,0.9987365756167876,3.1,1.0100505037878156,1.88,1.0178210038899744,0.02,0.1407052941362897,16.02,1.9068192352605413,15.14,2.045048220023729,3.98,1.9068192352605418,5.0,0.0,10.0,0.0,2.0,0.0,0.5,0.0,0.63,0.7608474807008886
65.0,65.0,100,5.87,1.9261884695434188,0.5870000000000001,0.19261884695434192,0.413,0.19261884695434192,0.0,0.0,0.008,0.030748244591432296,2.19,1.02193122779541,3.06,0.9621104747670955,1.91,0.9754046039537347,0.03,0.1714466079977653,15.92,1.8999202535098598,15.07,2.051139126722446,4.08,1.8999202535098596,5.0,0.0,10.0,0.0,2.0,0.0,0.5,0.0,0.63,0.7608474807008886
66.0,66.0,100,5.81,1.8893374393146294,0.581,0.1889337439314629,0.419,0.18893374393146287,0.0,0.0,0.006,0.023868325657594197,2.24,1.0162318990896089,3.05,0.9468181696950302,1.93,0.9666666666666669,0.02,0.1407052941362897,15.88,1.827290316011634,15.06,1.9685404530137334,4.12,1.8272903160116343,5.0,0.0,10.0,0.0,2.0,0.0,0.5,0.0,0.63,0.7608474807008886
67.0,67.0,100,5.73,1.8955290298569163,0.5730000000000001,0.18955290298569163,0.42700000000000005,0.18955290298569166,0.0,0.0,0.008,0.027265992434429075,2.26,1.011249851731145,2.99,0.9480975102218593,1.98,0.9742129690631866,0.03,0.17144660799776532,15.8,1.8202008991128735,15.02,1.8908605277369184,4.2,1.8202008991128729,5.0,0.0,10.0,0.0,2.0,0.0,0.5,0.0,0.63,0.7608474807008886
68.0,68.0,100,5.68,1.8903262505010434,0.5680000000000001,0.18903262505010435,0.43200000000000005,0.18903262505010432,0.0,0.0,0.005000000000000002,0.026111648393354683,2.29,0.9979271445644646,2.97,0.9582707489445915,1.98,0.9637888196533974,0.05,0.26111648393354675,15.76,1.8264056438145324,14.99,1.8449768003797207,4.24,1.8264056438145324,5.0,0.0,10.0,0.0,2.0,0.0,0.5,0.0,0.63,0.7608474807008886
69.0,69.0,100,5.62,1.8951293231637654,0.562,0.1895129323163766,0.43799999999999994,0.1895129323163766,0.0,0.0,0.006,0.0238683256575942,2.3,0.9898474527915802,2.92,0.9606395176278574,2.04,0.9735906675183302,0.04,0.19694638556693236,15.69,1.8732298041057052,14.94,1.85221679905649,4.31,1.8732298041057052,5.0,0.0,10.0,0.0,2.0,0.0,0.5,0.0,0.63,0.7608474807008886
70.0,70.0,100,5.55,1.887625840343185,0.555,0.18876258403431845,0.445,0.18876258403431842,0.0,0.0,0.007000000000000002,0.02564323999762428,2.35,1.0087996667707455,2.9,0.9587449708822043,2.08,0.9606395176278574,0.02,0.14070529413628968,15.65,1.8443196988361732,14.96,1.8086213288334045,4.35,1.8443196988361732,5.0,0.0,10.0,0.0,2.0,0.0,0.5,0.0,0.63,0.7608474807008886
71.0,71.0,100,5.5,1.877565584807232,0.55,0.18775655848072326,0.45,0.18775655848072328,0.0,0.0,0.004999999999999999,0.021904291355759026,2.38,1.0128467731392476,2.88,0.935063331728624,2.12,0.935063331728624,0.0,0.0,15.62,1.8134180015883952,14.93,1.7880354322749614,4.38,1.8134180015883947,5.0,0.0,10.0,0.0,2.0,0.0,0.5,0.0,0.63,0.7608474807008886
72.0,72.0,100,5.49,1.877538685394129,0.5489999999999999,0.18775386853941292,0.451,0.18775386853941292,0.0,0.0,0.0009999999999999998,0.009999999999999995,2.39,1.0139930069688932,2.88,0.935063331728624,2.08,0.9606395176278577,0.04,0.1969463855669324,15.56,1.8275114171457263,14.89,1.7108979271633118,4.44,1.8275114171457263,5.0,0.0,10.0,0.0,2.0,0.0,0.5,0.0,0.63,0.7608474807008886
73.0,73.0,100,5.39,1.8580700316253536,0.539,0.18580700316253534,0.461,0.1858070031625354,0.0,0.0,0.01,0.03333333333333333,2.46,0.9991915924305199,2.85,0.9360890055238478,2.12,0.966927864398113,0.03,0.1714466079977653,15.46,1.7946047087328338,14.85,1.6840007677725641,4.54,1.794604708732834,5.0,0.0,10.0,0.0,2.0,0.0,0.5,0.0,0.63,0.7608474807008886
74.0,74.0,100,5.33,1.8643654646711805,0.533,0.18643654646711805,0.467,0.18643654646711802,0.0,0.0,0.006,0.023868325657594197,2.48,1.0098504739801726,2.81,0.9177816909936874,2.18,0.936142957225891,0.01,0.09999999999999999,15.43,1.782377257167709,14.82,1.6840307586144607,4.57,1.7823772571677092,5.0,0.0,10.0,0.0,2.0,0.0,0.5,0.0,0.63,0.7608474807008886
75.0,75.0,100,5.3,1.872178011047695,0.53,0.18721780110476954,0.47,0.18721780110476954,0.0,0.0,0.0030000000000000005,0.01714466079977653,2.49,0.9999494936740505,2.79,0.9352253550061959,2.18,0.9679719505077081,0.03,0.1714466079977653,15.38,1.77399850819292,14.81,1.6799170253679827,4.62,1.7739985081929208,5.0,0.0,10.0,0.0,2.0,0.0,0.5,0.0,0.63,0.7608474807008886
76.0,76.0,100,5.24,1.8153108646602478,0.524,0.18153108646602478,0.47600000000000003,0.18153108646602475,0.0,0.0,0.006,0.02777979790634143,2.53,0.9476712552783312,2.77,0.9412542674323428,2.19,0.9712534856222308,0.04,0.19694638556693236,15.33,1.7352844496543276,14.78,1.6610815510359265,4.67,1.735284449654327,5.0,0.0,10.0,0.0,2.0,0.0,0.5,0.0,0.63,0.7608474807008886
77.0,77.0,100,5.15,1.8167292177165677,0.515,0.1816729217716568,0.485,0.18167292177165673,0.0,0.0,0.009000000000000001,0.032082595426382345,2.59,0.9754046039537344,2.74,0.9169558772416921,2.25,0.9360890055238479,0.01,0.09999999999999999,15.28,1.7119898045575768,14.7,1.666666666666667,4.72,1.7119898045575772,5.0,0.0,10.0,0.0,2.0,0.0,0.5,0.0,0.63,0.7608474807008886
78.0,78.0,100,5.09,1.7927744989374441,0.509,0.17927744989374453,0.491,0.1792774498937444,0.0,0.0,0.006,0.027779797906341434,2.63,0.9603766096293854,2.72,0.9329003324594918,2.27,0.9304609480024274,0.01,0.09999999999999999,15.22,1.744138813862073,14.66,1.6649688321771106,4.78,1.7441388138620746,5.0,0.0,10.0,0.0,2.0,0.0,0.5,0.0,0.63,0.7608474807008886
79.0,79.0,100,5.04,1.825299200601691,0.504,0.18252992006016908,0.496,0.18252992006016908,0.0,0.0,0.004999999999999999,0.021904291355759033,2.65,0.9679197729505722,2.69,0.9607972278953105,2.28,0.9543097352050175,0.03,0.1714466079977653,15.16,1.7850105395382478,14.59,1.6459009383890326,4.84,1.7850105395382474,5.0,0.0,10.0,0.0,2.0,0.0,0.5,0.0,0.63,0.7608474807008886
80.0,80.0,100,4.98,1.8145316895897006,0.498,0.18145316895897,0.502,0.18145316895897004,0.0,0.0,0.006000000000000001,0.023868325657594208,2.69,0.9502259167846838,2.67,0.9749902874419111,2.33,0.9749902874419111,0.0,0.0,15.13,1.750353499650106,14.55,1.6537377315791295,4.87,1.7503534996501062,5.0,0.0,10.0,0.0,2.0,0.0,0.5,0.0,0.63,0.7608474807008886
81.0,81.0,100,4.92,1.7960675337688687,0.49200000000000005,0.17960675337688686,0.508,0.17960675337688686,0.0,0.0,0.006000000000000001,0.02386832565759421,2.72,0.922009224520563,2.64,0.9797958971132714,2.36,0.9797958971132714,0.0,0.0,15.07,1.7364482500934277,14.51,1.623657176334532,4.93,1.7364482500934273,5.0,0.0,10.0,0.0,2.0,0.0,0.5,0.0,0.63,0.7608474807008886
82.0,82.0,100,4.87,1.7561148578436987,0.48700000000000004,0.17561148578436983,0.513,0.17561148578436983,0.0,0.0,0.005000000000000002,0.021904291355759047,2.75,0.8804842561071297,2.62,0.9824726587811617,2.37,0.9811866655877832,0.01,0.09999999999999999,15.01,1.7085347257492047,14.5,1.6049166881048922,4.99,1.7085347257492043,5.0,0.0,10.0,0.0,2.0,0.0,0.5,0.0,0.63,0.7608474807008886
83.0,83.0,100,4.82,1.7137589378234317,0.48200000000000004,0.17137589378234314,0.518,0.17137589378234316,0.0,0.0,0.005000000000000001,0.02190429135575904,2.78,0.8478135872866622,2.6,0.9639984073082947,2.38,0.9616904308812088,0.02,0.1407052941362897,14.95,1.6719612870681382,14.44,1.6349713493304134,5.05,1.6719612870681382,5.0,0.0,10.0,0.0,2.0,0.0,0.5,0.0,0.63,0.7608474807008886
84.0,84.0,100,4.78,1.6671514446486075,0.478,0.1667151444648608,0.522,0.16671514446486077,0.0,0.0,0.004,0.019694638556693237,2.81,0.8250497383231332,2.59,0.9544684913657971,2.41,0.9544684913657971,0.0,0.0,14.93,1.6096614864654308,14.37,1.655447084779532,5.07,1.6096614864654308,5.0,0.0,10.0,0.0,2.0,0.0,0.5,0.0,0.63,0.7608474807008886
85.0,85.0,100,4.74,1.6244346335842135,0.474,0.1624434633584213,0.526,0.1624434633584213,0.0,0.0,0.004,0.024287836253956214,2.83,0.8047209190618557,2.57,0.9347932305266142,2.41,0.9330627313348553,0.02,0.1407052941362897,14.87,1.5869098362171772,14.32,1.675009422557546,5.13,1.5869098362171772,5.0,0.0,10.0,0.0,2.0,0.0,0.5,0.0,0.63,0.7608474807008886
86.0,86.0,100,4.71,1.6286264895378075,0.47100000000000003,0.16286264895378072,0.529,0.16286264895378072,0.0,0.0,0.003000000000000001,0.017144660799776536,2.86,0.8167439666570591,2.57,0.9347932305266142,2.42,0.9447355463436592,0.01,0.1,14.85,1.5787413475374112,14.25,1.6719612870681386,5.15,1.5787413475374117,5.0,0.0,10.0,0.0,2.0,0.0,0.5,0.0,0.63,0.7608474807008886
87.0,87.0,100,4.62,1.6500994766462667,0.462,0.16500994766462662,0.5379999999999999,0.16500994766462665,0.0,0.0,0.009000000000000001,0.03208259542638234,2.93,0.8318775162367368,2.55,0.94681816969503,2.43,0.9770601131181561,0.02,0.2,14.76,1.5962076268076115,14.19,1.6978596151411551,5.24,1.5962076268076117,5.0,0.0,10.0,0.0,2.0,0.0,0.5,0.0,0.63,0.7608474807008886
88.0,88.0,100,4.55,1.6104143390551213,0.455,0.16104143390551212,0.545,0.16104143390551215,0.0,0.0,0.006999999999999999,0.029318866956210284,2.96,0.8030245854570612,2.51,0.9373829893308648,2.48,0.9372213390570227,0.01,0.09999999999999999,14.69,1.5998421639321019,14.12,1.7190554136360803,5.31,1.5998421639321023,5.0,0.0,10.0,0.0,2.0,0.0,0.5,0.0,0.63,0.7608474807008886
89.0,89.0,100,4.5,1.6174552903130328,0.45,0.16174552903130324,0.55,0.1617455290313033,0.0,0.0,0.005,0.026111648393354683,2.99,0.8102250591438446,2.49,0.9373829893308651,2.48,0.9479376870796196,0.03,0.22270150335361363,14.63,1.6246522549441,14.11,1.6385199036775457,5.37,1.6246522549441,5.0,0.0,10.0,0.0,2.0,0.0,0.5,0.0,0.63,0.7608474807008886
90.0,90.0,100,4.44,1.578389410542637,0.444,0.15783894105426363,0.556,0.15783894105426366,0.0,0.0,0.005999999999999998,0.023868325657594204,3.0,0.816496580927726,2.44,0.8912594652195479,2.56,0.8912594652195479,0.0,0.0,14.6,1.5569978883230455,14.11,1.6385199036775457,5.4,1.5569978883230458,5.0,0.0,10.0,0.0,2.0,0.0,0.5,0.0,0.63,0.7608474807008886
91.0,91.0,100,4.4,1.5827351342061333,0.44,0.1582735134206133,0.56,0.15827351342061327,0.0,0.0,0.004,0.019694638556693234,3.04,0.8399134154509889,2.44,0.8912594652195479,2.55,0.8804842561071297,0.01,0.1,14.55,1.5851265762160014,14.09,1.6149240842775858,5.45,1.5851265762160016,5.0,0.0,10.0,0.0,2.0,0.0,0.5,0.0,0.63,0.7608474807008886
92.0,92.0,100,4.35,1.5914861868166756,0.435,0.1591486186816676,0.565,0.1591486186816676,0.0,0.0,0.004999999999999999,0.021904291355759026,3.07,0.8318775162367366,2.42,0.9120960431441372,2.58,0.9120960431441372,0.0,0.0,14.51,1.5731009073312698,14.01,1.598578914365677,5.49,1.57310090733127,5.0,0.0,10.0,0.0,2.0,0.0,0.5,0.0,0.63,0.7608474807008886
93.0,93.0,100,4.32,1.6073065493036303,0.43200000000000005,0.160730654930363,0.568,0.16073065493036304,0.0,0.0,0.003,0.017144660799776525,3.09,0.8420153793072302,2.41,0.9221735413706252,2.59,0.9221735413706252,0.0,0.0,14.48,1.5921524722681222,13.97,1.5792531158875083,5.52,1.5921524722681226,5.0,0.0,10.0,0.0,2.0,0.0,0.5,0.0,0.63,0.7608474807008886
94.0,94.0,100,4.27,1.6134222364685922,0.42700000000000005,0.16134222364685918,0.573,0.1613422236468592,0.0,0.0,0.004999999999999999,0.021904291355759036,3.12,0.8442317648177382,2.39,0.9308950835436055,2.6,0.9428090415820635,0.01,0.09999999999999998,14.42,1.5965872694879253,13.93,1.5715590920477598,5.58,1.5965872694879253,5.0,0.0,10.0,0.0,2.0,0.0,0.5,0.0,0.63,0.7608474807008886
95.0,95.0,100,4.19,1.6186726074475377,0.419,0.1618672607447538,0.581,0.16186726074475383,0.0,0.0,0.008,0.030748244591432293,3.17,0.8534540634292148,2.36,0.9376523445243014,2.64,0.9376523445243014,0.0,0.0,14.36,1.6050425589876476,13.86,1.6081861292346191,5.64,1.6050425589876474,5.0,0.0,10.0,0.0,2.0,0.0,0.5,0.0,0.63,0.7608474807008886
96.0,96.0,100,4.14,1.6331168687729327,0.414,0.16331168687729322,0.586,0.16331168687729322,0.0,0.0,0.005,0.02190429135575903,3.21,0.8795660086863087,2.35,0.9360890055238477,2.65,0.9360890055238477,0.0,0.0,14.31,1.6249009293809362,13.79,1.5327732837552783,5.69,1.6249009293809362,5.0,0.0,10.0,0.0,2.0,0.0,0.5,0.0,0.63,0.7608474807008886
97.0,97.0,100,4.06,1.625677791823547,0.406,0.16256777918235463,0.594,0.16256777918235463,0.0,0.0,0.008,0.027265992434429072,3.26,0.8946530279410227,2.32,0.908767619283712,2.68,0.908767619283712,0.0,0.0,14.23,1.6258952467903194,13.79,1.5195360801869429,5.77,1.6258952467903194,5.0,0.0,10.0,0.0,2.0,0.0,0.5,0.0,0.63,0.7608474807008886
98.0,98.0,100,4.0,1.614329769923297,0.4,0.16143297699232972,0.6,0.16143297699232972,0.0,0.0,0.006,0.027779797906341424,3.29,0.8909760848857752,2.29,0.9133687230480492,2.69,0.9287223764534007,0.02,0.14070529413628968,14.17,1.608405949059409,13.71,1.4994611826865805,5.83,1.608405949059409,5.0,0.0,10.0,0.0,2.0,0.0,0.5,0.0,0.63,0.7608474807008886
99.0,99.0,100,3.97,1.5919938581679405,0.397,0.15919938581679402,0.603,0.15919938581679408,0.0,0.0,0.002999999999999999,0.017144660799776525,3.32,0.8747871313939897,2.29,0.9133687230480492,2.71,0.9133687230480492,0.0,0.0,14.16,1.6000000000000003,13.65,1.4659433478105142,5.84,1.6,5.0,0.0,10.0,0.0,2.0,0.0,0.5,0.0,0.63,0.7608474807008886
100.0,100.0,100,3.96,1.5885957206402024,0.396,0.1588595720640202,0.604,0.15885957206402024,0.0,0.0,0.0009999999999999998,0.009999999999999997,3.32,0.8747871313939897,2.28,0.9109879197327425,2.72,0.9109879197327425,0.0,0.0,14.15,1.5978204852330262,13.62,1.482422260213249,5.85,1.5978204852330262,5.0,0.0,10.0,0.0,2.0,0.0,0.5,0.0,0.63,0.7608474807008886
101.0,101.0,100,3.92,1.6060491709141222,0.392,0.16060491709141225,0.608,0.16060491709141225,0.0,0.0,0.004,0.019694638556693237,3.34,0.8787042802451868,2.26,0.9169558772416917,2.74,0.9169558772416917,0.0,0.0,14.11,1.5947831618540915,13.57,1.5059142664102023,5.89,1.5947831618540913,5.0,0.0,10.0,0.0,2.0,0.0,0.5,0.0,0.63,0.7608474807008886
102.0,102.0,100,3.85,1.559428799855313,0.385,0.15594287998553127,0.615,0.1559428799855313,0.0,0.0,0.006999999999999999,0.025643239997624277,3.39,0.8633385983225441,2.24,0.8889898932513408,2.76,0.8889898932513408,0.0,0.0,14.04,1.5499755618796835,13.49,1.5274921679774085,5.96,1.549975561879684,5.0,0.0,10.0,0.0,2.0,0.0,0.5,0.0,0.63,0.7608474807008886
103.0,103.0,100,3.8,1.5891043154093205,0.38,0.15891043154093204,0.62,0.15891043154093204,0.0,0.0,0.005,0.02190429135575903,3.42,0.8782443460183115,2.22,0.9054269599465102,2.78,0.9054269599465102,0.0,0.0,13.99,1.5666666666666669,13.38,1.5685031145018553,6.01,1.5666666666666669,5.0,0.0,10.0,0.0,2.0,0.0,0.5,0.0,0.63,0.7608474807008886
104.0,104.0,100,3.72,1.5639886847610525,0.37200000000000005,0.15639886847610524,0.628,0.15639886847610526,0.0,0.0,0.008,0.0307482445914323,3.48,0.8584693919818553,2.2,0.9101004495564368,2.79,0.902241876682968,0.01,0.1,13.91,1.5380362660079105,13.34,1.5256725624054357,6.09,1.5380362660079105,5.0,0.0,10.0,0.0,2.0,0.0,0.5,0.0,0.63,0.7608474807008886
105.0,105.0,100,3.64,1.5603677370246651,0.364,0.15603677370246652,0.636,0.1560367737024665,0.0,0.0,0.008,0.03387439663632028,3.53,0.8581751840181855,2.17,0.8995509541943244,2.82,0.9143082609052573,0.01,0.09999999999999999,13.84,1.542135473355638,13.28,1.5510179127452284,6.16,1.542135473355638,5.0,0.0,10.0,0.0,2.0,0.0,0.5,0.0,0.63,0.7608474807008886
106.0,106.0,100,3.57,1.57155909204776,0.35700000000000004,0.157155909204776,0.643,0.157155909204776,0.0,0.0,0.006999999999999999,0.02564323999762428,3.57,0.8439325934114775,2.14,0.9213516640723501,2.86,0.9213516640723501,0.0,0.0,13.78,1.5672146043735096,13.24,1.5382004440451205,6.22,1.5672146043735096,5.0,0.0,10.0,0.0,2.0,0.0,0.5,0.0,0.63,0.7608474807008886
107.0,107.0,100,3.51,1.5731009073312698,0.35100000000000003,0.15731009073312696,0.649,0.157310090733127,0.0,0.0,0.006,0.0238683256575942,3.58,0.8309663353620593,2.09,0.9330627313348555,2.88,0.9350633317286238,0.03,0.17144660799776532,13.69,1.5807874268505833,13.2,1.52421531393446,6.31,1.580787426850584,5.0,0.0,10.0,0.0,2.0,0.0,0.5,0.0,0.63,0.7608474807008886
108.0,108.0,100,3.46,1.5532305857551392,0.34600000000000003,0.1553230585755139,0.654,0.15532305857551393,0.0,0.0,0.004999999999999999,0.02190429135575903,3.63,0.8245598764789552,2.09,0.9330627313348555,2.91,0.9330627313348555,0.0,0.0,13.67,1.5573546594637766,13.16,1.528979325490629,6.33,1.5573546594637768,5.0,0.0,10.0,0.0,2.0,0.0,0.5,0.0,0.63,0.7608474807008886
109.0,109.0,100,3.39,1.5102010034121518,0.33899999999999997,0.15102010034121519,0.6609999999999999,0.1510201003412152,0.0,0.0,0.007000000000000001,0.025643239997624283,3.67,0.8171767114754176,2.06,0.9191563984700778,2.93,0.9239244361073927,0.01,0.09999999999999999,13.59,1.5182060120252112,13.08,1.5418734505054998,6.41,1.5182060120252114,5.0,0.0,10.0,0.0,2.0,0.0,0.5,0.0,0.63,0.7608474807008886
110.0,110.0,100,3.34,1.5123732103130914,0.33399999999999996,0.15123732103130916,0.6659999999999999,0.15123732103130916,0.0,0.0,0.005,0.021904291355759036,3.68,0.8273115763993901,2.02,0.8987083885648155,2.98,0.8987083885648155,0.0,0.0,13.55,1.5134080878613148,13.04,1.5434449203720306,6.45,1.513408087861315,5.0,0.0,10.0,0.0,2.0,0.0,0.5,0.0,0.63,0.7608474807008886
111.0,111.0,100,3.27,1.5430194719798873,0.327,0.1543019471979887,0.6729999999999999,0.15430194719798873,0.0,0.0,0.006999999999999999,0.02564323999762428,3.72,0.8537498983243798,1.99,0.8932406102942183,3.01,0.8932406102942185,0.0,0.0,13.48,1.54710547589211,13.01,1.5858910760359628,6.52,1.5471054758921108,5.0,0.0,10.0,0.0,2.0,0.0,0.5,0.0,0.63,0.7608474807008886
112.0,112.0,100,3.19,1.5679556270777717,0.319,0.15679556270777711,0.6809999999999999,0.15679556270777723,0.0,0.0,0.008,0.03074824459143229,3.76,0.8542230210530326,1.95,0.9031370691409835,3.04,0.9092121131323901,0.01,0.09999999999999999,13.4,1.5504968249049738,12.95,1.641476300299351,6.6,1.5504968249049738,5.0,0.0,10.0,0.0,2.0,0.0,0.5,0.0,0.63,0.7608474807008886
113.0,113.0,100,3.1,1.5986105077709063,0.31,0.15986105077709065,0.69,0.15986105077709065,0.0,0.0,0.009,0.028762349126466125,3.8,0.8645662192537641,1.9,0.926599081904282,3.1,0.9265990819042822,0.0,0.0,13.32,1.575571084535459,12.96,1.6075579069639838,6.68,1.5755710845354591,5.0,0.0,10.0,0.0,2.0,0.0,0.5,0.0,0.63,0.7608474807008886
114.0,114.0,100,3.02,1.5697905670000776,0.302,0.15697905670000772,0.698,0.15697905670000772,0.0,0.0,0.008,0.030748244591432293,3.85,0.8453676505795952,1.87,0.9282872247947677,3.13,0.9282872247947678,0.0,0.0,13.25,1.5464197817585432,12.94,1.6069294390925266,6.75,1.5464197817585439,5.0,0.0,10.0,0.0,2.0,0.0,0.5,0.0,0.63,0.7608474807008886
115.0,115.0,100,2.99,1.5731009073312696,0.29900000000000004,0.15731009073312696,0.701,0.15731009073312702,0.0,0.0,0.0030000000000000005,0.01714466079977653,3.86,0.8411151808609494,1.85,0.9360890055238477,3.14,0.9430232920203664,0.01,0.1,13.21,1.5524174696260025,12.94,1.5751863766590042,6.79,1.5524174696260025,5.0,0.0,10.0,0.0,2.0,0.0,0.5,0.0,0.63,0.7608474807008886
116.0,116.0,100,2.97,1.579253115887508,0.297,0.15792531158875078,0.703,0.1579253115887508,0.0,0.0,0.002,0.01407052941362897,3.87,0.8367203894378397,1.84,0.9504916324904408,3.15,0.957427107756338,0.01,0.1,13.19,1.5615001851690022,12.9,1.5986105077709067,6.81,1.5615001851690022,5.0,0.0,10.0,0.0,2.0,0.0,0.5,0.0,0.63,0.7608474807008886
117.0,117.0,100,2.94,1.5751863766590037,0.29400000000000004,0.15751863766590035,0.706,0.1575186376659004,0.0,0.0,0.0030000000000000005,0.017144660799776525,3.9,0.8468599159080071,1.84,0.9504916324904408,3.16,0.9504916324904408,0.0,0.0,13.17,1.5573546594637764,12.88,1.6035314562905,6.83,1.5573546594637764,5.0,0.0,10.0,0.0,2.0,0.0,0.5,0.0,0.63,0.7608474807008886
118.0,118.0,100,2.9,1.5731330124142315,0.29,0.15731330124142312,0.71,0.15731330124142312,0.0,0.0,0.004,0.024287836253956214,3.92,0.8370221386594628,1.82,0.9468715100612418,3.18,0.9468715100612418,0.0,0.0,13.14,1.5440992274599528,12.86,1.6206994374857624,6.86,1.5440992274599532,5.0,0.0,10.0,0.0,2.0,0.0,0.5,0.0,0.63,0.7608474807008886
119.0,119.0,100,2.87,1.5805318117901987,0.287,0.15805318117901984,0.713,0.15805318117901984,0.0,0.0,0.0030000000000000005,0.022270150335361366,3.95,0.8453676505795954,1.82,0.9468715100612418,3.18,0.9468715100612418,0.0,0.0,13.11,1.5563165526721134,12.83,1.6021135030851203,6.89,1.5563165526721139,5.0,0.0,10.0,0.0,2.0,0.0,0.5,0.0,0.63,0.7608474807008886
120.0,120.0,100,2.82,1.5978520936342369,0.282,0.15978520936342364,0.718,0.15978520936342366,0.0,0.0,0.005000000000000001,0.02190429135575904,3.99,0.858645868372245,1.81,0.9502259167846837,3.18,0.9468715100612418,0.01,0.09999999999999999,13.05,1.5723301886761003,12.8,1.6080605044147396,6.95,1.5723301886761012,5.0,0.0,10.0,0.0,2.0,0.0,0.5,0.0,0.63,0.7608474807008886
121.0,121.0,100,2.8,1.6017667013821224,0.28,0.16017667013821224,0.72,0.16017667013821224,0.0,0.0,0.0019999999999999996,0.014070529413628964,3.99,0.858645868372245,1.79,0.9459643147859675,3.19,0.950225916784684,0.02,0.19999999999999998,13.03,1.5792531158875087,12.78,1.5991159173655036,6.97,1.5792531158875087,5.0,0.0,10.0,0.0,2.0,0.0,0.5,0.0,0.63,0.7608474807008886
122.0,122.0,100,2.77,1.5945297904163636,0.27699999999999997,0.15945297904163638,0.723,0.15945297904163638,0.0,0.0,0.0030000000000000005,0.017144660799776532,4.01,0.8347866115772861,1.78,0.9595874534444898,3.21,0.9670845491747477,0.01,0.1,13.0,1.5827351342061333,12.74,1.5803081146959086,7.0,1.5827351342061329,5.0,0.0,10.0,0.0,2.0,0.0,0.5,0.0,0.63,0.7608474807008886
123.0,123.0,100,2.77,1.5945297904163636,0.27699999999999997,0.15945297904163638,0.723,0.15945297904163638,0.0,0.0,0.0,0.0,4.01,0.8347866115772861,1.78,0.9595874534444898,3.22,0.9595874534444898,0.0,0.0,13.01,1.57310090733127,12.69,1.5615001851690027,6.99,1.57310090733127,5.0,0.0,10.0,0.0,2.0,0.0,0.5,0.0,0.63,0.7608474807008886
124.0,124.0,100,2.75,1.597820485233026,0.275,0.1597820485233026,0.725,0.1597820485233026,0.0,0.0,0.002,0.014070529413628968,4.02,0.8285316206788044,1.77,0.9729160583347654,3.22,0.9804142600003943,0.01,0.1,12.98,1.5889771819785476,12.69,1.5679556270777726,7.02,1.5889771819785472,5.0,0.0,10.0,0.0,2.0,0.0,0.5,0.0,0.63,0.7608474807008886
125.0,125.0,100,2.72,1.5959544815159068,0.272,0.15959544815159069,0.728,0.15959544815159066,0.0,0.0,0.0030000000000000005,0.022270150335361373,4.04,0.8277998098891575,1.76,0.9859620743827888,3.24,0.985962074382789,0.0,0.0,12.96,1.582224492110504,12.68,1.5431831198578287,7.04,1.5822244921105042,5.0,0.0,10.0,0.0,2.0,0.0,0.5,0.0,0.63,0.7608474807008886
126.0,126.0,100,2.67,1.595796245316317,0.267,0.1595796245316318,0.733,0.1595796245316318,0.0,0.0,0.005000000000000001,0.021904291355759036,4.07,0.8318775162367367,1.74,0.9704731741878194,3.25,0.9782999065065413,0.01,0.1,12.9,1.598610507770907,12.68,1.536623610781808,7.1,1.5986105077709065,5.0,0.0,10.0,0.0,2.0,0.0,0.5,0.0,0.63,0.7608474807008886
127.0,127.0,100,2.65,1.5978204852330262,0.265,0.15978204852330255,0.735,0.15978204852330266,0.0,0.0,0.002,0.014070529413628968,4.08,0.824866074222986,1.73,0.9832434473555757,3.27,0.9832434473555758,0.0,0.0,12.89,1.5947831618540917,12.66,1.5454070105583284,7.11,1.5947831618540915,5.0,0.0,10.0,0.0,2.0,0.0,0.5,0.0,0.63,0.7608474807008886
128.0,128.0,100,2.64,1.5924062219664856,0.264,0.15924062219664856,0.736,0.15924062219664856,0.0,0.0,0.0010000000000000002,0.010000000000000004,4.09,0.8176709965419212,1.73,0.9832434473555757,3.27,0.9832434473555758,0.0,0.0,12.88,1.5908831166710806,12.61,1.562793406795419,7.12,1.5908831166710806,5.0,0.0,10.0,0.0,2.0,0.0,0.5,0.0,0.63,0.7608474807008886
129.0,129.0,100,2.57,1.5390867028169268,0.257,0.1539086702816927,0.743,0.1539086702816927,0.0,0.0,0.006999999999999999,0.029318866956210287,4.14,0.7916228058025278,1.71,0.9670845491747478,3.29,0.967084549174748,0.0,0.0,12.82,1.5659250340042505,12.56,1.5197022568565686,7.18,1.56592503400425,5.0,0.0,10.0,0.0,2.0,0.0,0.5,0.0,0.63,0.7608474807008886
130.0,130.0,100,2.55,1.5266984249707207,0.255,0.1526698424970721,0.745,0.15266984249707216,0.0,0.0,0.0019999999999999996,0.014070529413628966,4.16,0.8005048911831086,1.71,0.9670845491747478,3.28,0.9752492558885196,0.01,0.09999999999999999,12.79,1.5653766449018078,12.5,1.534123643496623,7.21,1.5653766449018083,5.0,0.0,10.0,0.0,2.0,0.0,0.5,0.0,0.63,0.7608474807008886
131.0,131.0,100,2.52,1.5273929726593918,0.252,0.15273929726593916,0.748,0.15273929726593916,0.0,0.0,0.0030000000000000005,0.017144660799776532,4.18,0.7834139223535498,1.7,0.9795896894087645,3.3,0.9795896894087643,0.0,0.0,12.77,1.5625348480962438,12.46,1.5269961269489758,7.23,1.5625348480962438,5.0,0.0,10.0,0.0,2.0,0.0,0.5,0.0,0.63,0.7608474807008886
132.0,132.0,100,2.47,1.553458182003083,0.247,0.15534581820030832,0.753,0.15534581820030827,0.0,0.0,0.005000000000000001,0.021904291355759036,4.19,0.7745314647572362,1.66,1.007246471597421,3.33,0.9954949025535492,0.01,0.09999999999999998,12.71,1.6036259419254106,12.45,1.5200677815828016,7.29,1.6036259419254109,5.0,0.0,10.0,0.0,2.0,0.0,0.5,0.0,0.63,0.7608474807008886
133.0,133.0,100,2.43,1.5259042690758287,0.243,0.15259042690758287,0.757,0.15259042690758287,0.0,0.0,0.004,0.019694638556693237,4.21,0.742572650596655,1.64,1.0002019998000604,3.36,1.0002019998000609,0.0,0.0,12.68,1.5497148646174115,12.43,1.5456357588351461,7.32,1.5497148646174115,5.0,0.0,10.0,0.0,2.0,0.0,0.5,0.0,0.63,0.7608474807008886
134.0,134.0,100,2.38,1.5490629295144724,0.23800000000000002,0.15490629295144726,0.762,0.15490629295144726,0.0,0.0,0.004999999999999999,0.02190429135575903,4.21,0.742572650596655,1.59,1.025877303786492,3.39,1.0337242662266657,0.02,0.14070529413628968,12.62,1.5685031145018555,12.4,1.530827992765465,7.38,1.568503114501855,5.0,0.0,10.0,0.0,2.0,0.0,0.5,0.0,0.63,0.7608474807008886
135.0,135.0,100,2.36,1.5603677370246654,0.23600000000000002,0.15603677370246652,0.764,0.15603677370246652,0.0,0.0,0.002,0.014070529413628968,4.22,0.7464393593398715,1.58,1.0267138910823277,3.41,1.025877303786492,0.01,0.1,12.61,1.5692435287504776,12.43,1.4856553157350185,7.39,1.569243528750478,5.0,0.0,10.0,0.0,2.0,0.0,0.5,0.0,0.63,0.7608474807008886
136.0,136.0,100,2.34,1.5648926125740672,0.23399999999999999,0.1564892612574067,0.7659999999999999,0.15648926125740667,0.0,0.0,0.0020000000000000005,0.014070529413628973,4.22,0.7464393593398715,1.56,1.0280903155704253,3.44,1.0280903155704253,0.0,0.0,12.6,1.5569978883230458,12.41,1.4913555626145674,7.4,1.5569978883230458,5.0,0.0,10.0,0.0,2.0,0.0,0.5,0.0,0.63,0.7608474807008886
137.0,137.0,100,2.33,1.5638272140986533,0.233,0.1563827214098654,0.767,0.1563827214098653,0.0,0.0,0.0009999999999999998,0.009999999999999998,4.23,0.7501514998500457,1.56,1.0280903155704253,3.44,1.0280903155704253,0.0,0.0,12.59,1.544589775881472,12.4,1.4907119849998596,7.41,1.5445897758814717,5.0,0.0,10.0,0.0,2.0,0.0,0.5,0.0,0.63,0.7608474807008886
138.0,138.0,100,2.31,1.555017944616977,0.231,0.1555017944616977,0.769,0.1555017944616977,0.0,0.0,0.002,0.01407052941362897,4.24,0.7537113559452374,1.55,1.0187633620614691,3.45,1.018763362061469,0.0,0.0,12.57,1.5390867028169266,12.39,1.4900003389600314,7.43,1.5390867028169264,5.0,0.0,10.0,0.0,2.0,0.0,0.5,0.0,0.63,0.7608474807008886
139.0,139.0,100,2.28,1.5247453836127804,0.228,0.15247453836127806,0.772,0.1524745383612781,0.0,0.0,0.0030000000000000005,0.017144660799776525,4.26,0.746980453546007,1.54,1.0092501466860722,3.45,1.018763362061469,0.01,0.1,12.53,1.4937918668322376,12.33,1.491084616423003,7.47,1.4937918668322376,5.0,0.0,10.0,0.0,2.0,0.0,0.5,0.0,0.63,0.7608474807008886
140.0,140.0,100,2.25,1.5134080878613148,0.225,0.15134080878613143,0.775,0.1513408087861315,0.0,0.0,0.003,0.01714466079977653,4.27,0.7365631354644705,1.52,1.0098504739801728,3.48,1.0098504739801728,0.0,0.0,12.51,1.4940623220676648,12.31,1.4818429693657102,7.49,1.4940623220676648,5.0,0.0,10.0,0.0,2.0,0.0,0.5,0.0,0.63,0.7608474807008886
141.0,141.0,100,2.2,1.5109031348264133,0.22,0.15109031348264132,0.78,0.15109031348264135,0.0,0.0,0.005,0.02190429135575903,4.29,0.7288430017583495,1.49,1.0100005000498813,3.51,1.0100005000498813,0.0,0.0,12.46,1.4935551783268908,12.27,1.4829332112711313,7.54,1.4935551783268912,5.0,0.0,10.0,0.0,2.0,0.0,0.5,0.0,0.63,0.7608474807008886
142.0,142.0,100,2.19,1.515542373828158,0.21900000000000003,0.1515542373828158,0.7809999999999999,0.15155423738281582,0.0,0.0,0.001,0.009999999999999998,4.29,0.7288430017583495,1.48,1.0098504739801728,3.52,1.009850473980173,0.0,0.0,12.45,1.5000000000000002,12.25,1.4659433478105144,7.55,1.5,5.0,0.0,10.0,0.0,2.0,0.0,0.5,0.0,0.63,0.7608474807008886
143.0,143.0,100,2.18,1.5201010067449698,0.218,0.15201010067449702,0.782,0.15201010067449705,0.0,0.0,0.001,0.009999999999999997,4.29,0.7288430017583495,1.47,1.0096003809888987,3.52,1.009850473980173,0.01,0.09999999999999999,12.43,1.5126069542282945,12.24,1.4433406816245162,7.57,1.5126069542282947,5.0,0.0,10.0,0.0,2.0,0.0,0.5,0.0,0.63,0.7608474807008886
144.0,144.0,100,2.14,1.5043371640128764,0.21400000000000002,0.15043371640128766,0.7859999999999999,0.15043371640128766,0.0,0.0,0.003999999999999999,0.019694638556693234,4.3,0.7177405625652733,1.44,1.0182178925788317,3.55,1.008799666770746,0.01,0.09999999999999999,12.4,1.483920551114581,12.22,1.4535223674671378,7.6,1.483920551114581,5.0,0.0,10.0,0.0,2.0,0.0,0.5,0.0,0.63,0.7608474807008886
145.0,145.0,100,2.12,1.4993601328836275,0.212,0.1499360132883627,0.7879999999999999,0.1499360132883627,0.0,0.0,0.0019999999999999996,0.014070529413628964,4.3,0.7177405625652733,1.42,1.016828104420503,3.58,1.016828104420503,0.0,0.0,12.39,1.4763796834476455,12.19,1.447359141626046,7.61,1.4763796834476453,5.0,0.0,10.0,0.0,2.0,0.0,0.5,0.0,0.63,0.7608474807008886
146.0,146.0,100,2.11,1.4967641866049008,0.21100000000000002,0.14967641866049006,0.789,0.14967641866049006,0.0,0.0,0.0009999999999999998,0.009999999999999997,4.3,0.7177405625652733,1.41,1.0059921480907306,3.58,1.0068452580895304,0.01,0.1,12.37,1.4678714060320355,12.21,1.4305116694258861,7.63,1.4678714060320355,5.0,0.0,10.0,0.0,2.0,0.0,0.5,0.0,0.63,0.7608474807008886
147.0,147.0,100,2.1,1.4940961255298242,0.21,0.1494096125529824,0.79,0.14940961255298243,0.0,0.0,0.0009999999999999998,0.009999999999999997,4.3,0.7177405625652733,1.4,1.005037815259212,3.6,1.005037815259212,0.0,0.0,12.37,1.4609738000540753,12.22,1.425454030096794,7.63,1.460973800054075,5.0,0.0,10.0,0.0,2.0,0.0,0.5,0.0,0.63,0.7608474807008886
148.0,148.0,100,2.09,1.4913555626145676,0.20900000000000002,0.14913555626145678,0.7909999999999999,0.14913555626145678,0.0,0.0,0.0009999999999999998,0.009999999999999997,4.31,0.7204796382208932,1.4,1.005037815259212,3.6,1.005037815259212,0.0,0.0,12.36,1.4600401267489778,12.22,1.425454030096794,7.64,1.4600401267489778,5.0,0.0,10.0,0.0,2.0,0.0,0.5,0.0,0.63,0.7608474807008886
149.0,149.0,100,2.06,1.462114146630754,0.20600000000000002,0.14621141466307536,0.794,0.1462114146630754,0.0,0.0,0.003000000000000001,0.017144660799776532,4.34,0.6849021164304496,1.4,1.005037815259212,3.58,1.016828104420503,0.02,0.2,12.32,1.44166009807577,12.2,1.4354811251305473,7.68,1.4416600980757701,5.0,0.0,10.0,0.0,2.0,0.0,0.5,0.0,0.63,0.7608474807008886
150.0,150.0,100,2.05,1.4590366269521402,0.205,0.14590366269521401,0.795,0.14590366269521404,0.0,0.0,0.0009999999999999998,0.009999999999999997,4.35,0.6871842709362768,1.4,1.005037815259212,3.6,1.005037815259212,0.0,0.0,12.33,1.4358680899432135,12.18,1.4311117385029057,7.67,1.435868089943214,5.0,0.0,10.0,0.0,2.0,0.0,0.5,0.0,0.63,0.7608474807008886
151.0,151.0,100,2.03,1.4595903673305188,0.203,0.14595903673305194,0.797,0.14595903673305197,0.0,0.0,0.002,0.014070529413628968,4.37,0.69128777501037,1.4,1.005037815259212,3.6,1.005037815259212,0.0,0.0,12.31,1.4403633099487316,12.14,1.4214802357423264,7.69,1.4403633099487316,5.0,0.0,10.0,0.0,2.0,0.0,0.5,0.0,0.63,0.7608474807008886
152.0,152.0,100,2.02,1.4562994475066173,0.20199999999999999,0.14562994475066177,0.7979999999999999,0.1456299447506618,0.0,0.0,0.0009999999999999998,0.009999999999999995,4.38,0.6931118527366562,1.4,1.005037815259212,3.6,1.005037815259212,0.0,0.0,12.3,1.4389951600707598,12.14,1.449625517647279,7.7,1.4389951600707596,5.0,0.0,10.0,0.0,2.0,0.0,0.5,0.0,0.63,0.7608474807008886
153.0,153.0,100,1.99,1.4389600621998029,0.199,0.14389600621998028,0.8009999999999999,0.1438960062199803,0.0,0.0,0.003,0.01714466079977653,4.39,0.6650738547884982,1.38,1.0028242945085477,3.62,1.0028242945085477,0.0,0.0,12.27,1.4274013967608226,12.13,1.460973800054075,7.73,1.4274013967608228,5.0,0.0,10.0,0.0,2.0,0.0,0.5,0.0,0.63,0.7608474807008886
154.0,154.0,100,1.97,1.4245679834230234,0.19699999999999998,0.14245679834230232,0.8029999999999999,0.14245679834230238,0.0,0.0,0.002,0.014070529413628968,4.39,0.6650738547884982,1.36,0.9797958971132711,3.64,0.979795897113271,0.0,0.0,12.25,1.4168894655461866,12.14,1.449625517647279,7.75,1.416889465546186,5.0,0.0,10.0,0.0,2.0,0.0,0.5,0.0,0.63,0.7608474807008886
155.0,155.0,100,1.93,1.4231491613156844,0.193,0.14231491613156844,0.807,0.14231491613156846,0.0,0.0,0.004,0.019694638556693234,4.4,0.6666666666666666,1.33,0.9645745385422738,3.67,0.9645745385422739,0.0,0.0,12.21,1.4234330388752459,12.14,1.449625517647279,7.79,1.4234330388752454,5.0,0.0,10.0,0.0,2.0,0.0,0.5,0.0,0.63,0.7608474807008886
156.0,156.0,100,1.93,1.4231491613156844,0.193,0.14231491613156844,0.807,0.14231491613156846,0.0,0.0,0.0,0.0,4.4,0.6666666666666666,1.33,0.9645745385422738,3.65,0.9574271077563381,0.02,0.1407052941362897,12.19,1.4543213211152841,12.13,1.454043473986395,7.81,1.4543213211152837,5.0,0.0,10.0,0.0,2.0,0.0,0.5,0.0,0.63,0.7608474807008886
157.0,157.0,100,1.92,1.4261624710878469,0.192,0.14261624710878473,0.8079999999999999,0.14261624710878473,0.0,0.0,0.001,0.01,4.4,0.6666666666666666,1.32,0.9627401969735591,3.68,0.962740196973559,0.0,0.0,12.2,1.4284271211385065,12.08,1.4261624710878467,7.8,1.4284271211385062,5.0,0.0,10.0,0.0,2.0,0.0,0.5,0.0,0.63,0.7608474807008886
158.0,158.0,100,1.91,1.4077347661108508,0.191,0.1407734766110851,0.809,0.14077347661108514,0.0,0.0,0.0009999999999999998,0.009999999999999995,4.4,0.6666666666666666,1.31,0.9502259167846838,3.69,0.9502259167846838,0.0,0.0,12.19,1.4120334216435475,12.06,1.384035966135113,7.81,1.412033421643547,5.0,0.0,10.0,0.0,2.0,0.0,0.5,0.0,0.63,0.7608474807008886
159.0,159.0,100,1.9,1.4106377954311977,0.19,0.1410637795431198,0.81,0.1410637795431198,0.0,0.0,0.001,0.01,4.41,0.6681045100608413,1.31,0.9502259167846838,3.69,0.9502259167846838,0.0,0.0,12.18,1.4169251101158336,12.02,1.317941461890359,7.82,1.4169251101158338,5.0,0.0,10.0,0.0,2.0,0.0,0.5,0.0,0.63,0.7608474807008886
160.0,160.0,100,1.89,1.4134634016764593,0.18900000000000003,0.14134634016764597,0.8109999999999999,0.14134634016764597,0.0,0.0,0.001,0.01,4.41,0.6681045100608413,1.3,0.9481507786158797,3.7,0.9481507786158797,0.0,0.0,12.17,1.4217289232878154,11.99,1.3295020712942711,7.83,1.4217289232878154,5.0,0.0,10.0,0.0,2.0,0.0,0.5,0.0,0.63,0.7608474807008886
161.0,161.0,100,1.87,1.404574057438155,0.187,0.14045740574381557,0.813,0.14045740574381557,0.0,0.0,0.0020000000000000005,0.01407052941362897,4.42,0.6541244437251891,1.29,0.9459643147859672,3.71,0.9459643147859674,0.0,0.0,12.15,1.4168894655461866,11.95,1.305582419667734,7.85,1.4168894655461863,5.0,0.0,10.0,0.0,2.0,0.0,0.5,0.0,0.63,0.7608474807008886
162.0,162.0,100,1.87,1.404574057438155,0.187,0.14045740574381557,0.813,0.14045740574381557,0.0,0.0,0.0,0.0,4.42,0.6541244437251891,1.29,0.9459643147859672,3.71,0.9459643147859674,0.0,0.0,12.15,1.4168894655461866,11.93,1.289076092291363,7.85,1.4168894655461863,5.0,0.0,10.0,0.0,2.0,0.0,0.5,0.0,0.63,0.7608474807008886
163.0,163.0,100,1.81,1.368439352922249,0.18100000000000002,0.13684393529222488,0.8190000000000001,0.13684393529222488,0.0,0.0,0.006,0.023868325657594197,4.42,0.6541244437251891,1.23,0.9084897001912211,3.77,0.9084897001912211,0.0,0.0,12.09,1.3860415257527863,11.88,1.2892719737209144,7.91,1.3860415257527854,5.0,0.0,10.0,0.0,2.0,0.0,0.5,0.0,0.63,0.7608474807008886
164.0,164.0,100,1.79,1.372861054421559,0.17900000000000002,0.13728610544215591,0.821,0.13728610544215591,0.0,0.0,0.002,0.014070529413628966,4.42,0.6541244437251891,1.21,0.9133687230480493,3.79,0.9133687230480493,0.0,0.0,12.07,1.3944695961351954,11.82,1.2502928949779422,7.93,1.3944695961351952,5.0,0.0,10.0,0.0,2.0,0.0,0.5,0.0,0.63,0.7608474807008886
165.0,165.0,100,1.79,1.372861054421559,0.17900000000000002,0.13728610544215591,0.821,0.13728610544215591,0.0,0.0,0.0,0.0,4.42,0.6541244437251891,1.21,0.9133687230480493,3.78,0.9274707651468159,0.01,0.09999999999999999,12.06,1.3840359661351131,11.78,1.2274635093014645,7.94,1.384035966135113,5.0,0.0,10.0,0.0,2.0,0.0,0.5,0.0,0.63,0.7608474807008886
166.0,166.0,100,1.78,1.3601841824183256,0.17800000000000002,0.1360184182418326,0.8220000000000001,0.13601841824183267,0.0,0.0,0.0010000000000000002,0.010000000000000002,4.42,0.6541244437251891,1.2,0.8989331499509894,3.8,0.8989331499509894,0.0,0.0,12.06,1.384035966135113,11.74,1.2277926321145394,7.94,1.384035966135113,5.0,0.0,10.0,0.0,2.0,0.0,0.5,0.0,0.63,0.7608474807008886
167.0,167.0,100,1.72,1.3339392562609211,0.172,0.13339392562609212,0.828,0.13339392562609215,0.0,0.0,0.006000000000000001,0.0238683256575942,4.46,0.642281287696639,1.18,0.9031929892097125,3.82,0.9031929892097127,0.0,0.0,12.0,1.3558701406786116,11.73,1.2297244497131146,8.0,1.355870140678612,5.0,0.0,10.0,0.0,2.0,0.0,0.5,0.0,0.63,0.7608474807008886
168.0,168.0,100,1.67,1.295329605883687,0.16699999999999998,0.12953296058836872,0.833,0.1295329605883687,0.0,0.0,0.004999999999999999,0.021904291355759026,4.47,0.6269212893420537,1.14,0.8647998542314792,3.85,0.8804842561071299,0.01,0.1,11.95,1.3132964154171267,11.73,1.2297244497131146,8.05,1.313296415417127,5.0,0.0,10.0,0.0,2.0,0.0,0.5,0.0,0.63,0.7608474807008886
169.0,169.0,100,1.65,1.305582419667734,0.165,0.13055824196677338,0.835,0.13055824196677343,0.0,0.0,0.002,0.01407052941362897,4.48,0.6273239621880814,1.13,0.8721852272923859,3.87,0.8721852272923859,0.0,0.0,11.94,1.3395310501602542,11.71,1.2333333333333336,8.06,1.3395310501602546,5.0,0.0,10.0,0.0,2.0,0.0,0.5,0.0,0.63,0.7608474807008886
170.0,170.0,100,1.61,1.3095993681468028,0.161,0.1309599368146803,0.8390000000000001,0.1309599368146803,0.0,0.0,0.004,0.019694638556693234,4.49,0.6275654418770871,1.1,0.8587046857760456,3.9,0.8587046857760453,0.0,0.0,11.9,1.352140091958976,11.69,1.2201589563609645,8.1,1.352140091958976,5.0,0.0,10.0,0.0,2.0,0.0,0.5,0.0,0.63,0.7608474807008886
171.0,171.0,100,1.59,1.3111410713919802,0.159,0.131114107139198,0.841,0.13111410713919802,0.0,0.0,0.002,0.014070529413628971,4.51,0.6275654418770873,1.1,0.8587046857760456,3.89,0.8749603165604459,0.01,0.1,11.87,1.3458128106137648,11.68,1.221689507413914,8.13,1.3458128106137648,5.0,0.0,10.0,0.0,2.0,0.0,0.5,0.0,0.63,0.7608474807008886
172.0,172.0,100,1.57,1.3046536751648738,0.157,0.1304653675164874,0.843,0.1304653675164874,0.0,0.0,0.0020000000000000005,0.014070529413628973,4.51,0.6275654418770873,1.08,0.8490041700769678,3.92,0.8490041700769677,0.0,0.0,11.86,1.348549538795612,11.66,1.216220341546678,8.14,1.348549538795612,5.0,0.0,10.0,0.0,2.0,0.0,0.5,0.0,0.63,0.7608474807008886
173.0,173.0,100,1.56,1.3128733235298689,0.15600000000000003,0.1312873323529869,0.8440000000000001,0.1312873323529869,0.0,0.0,0.001,0.009999999999999998,4.51,0.6275654418770873,1.07,0.8558178792384757,3.93,0.8558178792384763,0.0,0.0,11.85,1.3586609569571046,11.66,1.232718929681847,8.15,1.3586609569571049,5.0,0.0,10.0,0.0,2.0,0.0,0.5,0.0,0.63,0.7608474807008886
174.0,174.0,100,1.5,1.2673044646258478,0.15,0.12673044646258474,0.85,0.12673044646258477,0.0,0.0,0.006,0.0238683256575942,4.54,0.5932277740625367,1.04,0.8518547796758351,3.96,0.8518547796758353,0.0,0.0,11.79,1.3279816841867036,11.63,1.236278220460038,8.21,1.3279816841867034,5.0,0.0,10.0,0.0,2.0,0.0,0.5,0.0,0.63,0.7608474807008886
175.0,175.0,100,1.43,1.1656272425981082,0.14300000000000002,0.11656272425981082,0.857,0.11656272425981082,0.0,0.0,0.006999999999999999,0.029318866956210294,4.57,0.5730478499949531,1.0,0.778498944161523,4.0,0.778498944161523,0.0,0.0,11.73,1.2541245085031565,11.6,1.2309149097933272,8.27,1.2541245085031565,5.0,0.0,10.0,0.0,2.0,0.0,0.5,0.0,0.63,0.7608474807008886
176.0,176.0,100,1.43,1.1656272425981082,0.14300000000000002,0.11656272425981082,0.857,0.11656272425981082,0.0,0.0,0.0,0.0,4.57,0.5730478499949531,1.0,0.778498944161523,3.99,0.7976607212735412,0.01,0.09999999999999999,11.72,1.255935403344351,11.59,1.1984417492154662,8.28,1.255935403344351,5.0,0.0,10.0,0.0,2.0,0.0,0.5,0.0,0.63,0.7608474807008886
177.0,177.0,100,1.43,1.1656272425981082,0.14300000000000002,0.11656272425981082,0.857,0.11656272425981082,0.0,0.0,0.0,0.0,4.57,0.5730478499949531,1.0,0.778498944161523,4.0,0.778498944161523,0.0,0.0,11.73,1.2541245085031565,11.57,1.1997895438346464,8.27,1.2541245085031565,5.0,0.0,10.0,0.0,2.0,0.0,0.5,0.0,0.63,0.7608474807008886
178.0,178.0,100,1.41,1.1467565151550285,0.141,0.11467565151550285,0.8590000000000001,0.11467565151550284,0.0,0.0,0.0020000000000000005,0.014070529413628971,4.58,0.5717243101956456,0.99,0.7587203474644435,4.0,0.7654139963827327,0.01,0.09999999999999999,11.7,1.2431631210161223,11.57,1.1997895438346464,8.3,1.2431631210161223,5.0,0.0,10.0,0.0,2.0,0.0,0.5,0.0,0.63,0.7608474807008886
179.0,179.0,100,1.36,1.123846209688097,0.136,0.11238462096880975,0.8640000000000001,0.11238462096880973,0.0,0.0,0.005,0.02190429135575903,4.6,0.5504818825631803,0.96,0.751026233922893,4.04,0.751026233922893,0.0,0.0,11.66,1.2327189296818473,11.53,1.226434431244253,8.34,1.2327189296818473,5.0,0.0,10.0,0.0,2.0,0.0,0.5,0.0,0.63,0.7608474807008886
180.0,180.0,100,1.34,1.1121005695384192,0.134,0.11121005695384194,0.866,0.11121005695384194,0.0,0.0,0.002,0.01407052941362897,4.6,0.5504818825631803,0.94,0.736082999272624,4.06,0.736082999272624,0.0,0.0,11.64,1.2103927069552693,11.52,1.218377792166471,8.36,1.2103927069552693,5.0,0.0,10.0,0.0,2.0,0.0,0.5,0.0,0.63,0.7608474807008886
181.0,181.0,100,1.34,1.1121005695384192,0.134,0.11121005695384194,0.866,0.11121005695384194,0.0,0.0,0.0,0.0,4.6,0.5504818825631803,0.94,0.736082999272624,4.06,0.736082999272624,0.0,0.0,11.64,1.2103927069552693,11.53,1.2346430392398584,8.36,1.2103927069552693,5.0,0.0,10.0,0.0,2.0,0.0,0.5,0.0,0.63,0.7608474807008886
182.0,182.0,100,1.33,1.101468257932258,0.133,0.1101468257932258,0.867,0.1101468257932258,0.0,0.0,0.0009999999999999998,0.009999999999999995,4.61,0.5485518124198396,0.94,0.736082999272624,4.06,0.736082999272624,0.0,0.0,11.63,1.2031524249137175,11.51,1.2267638301439663,8.37,1.2031524249137175,5.0,0.0,10.0,0.0,2.0,0.0,0.5,0.0,0.63,0.7608474807008886
183.0,183.0,100,1.31,1.107321821405871,0.131,0.11073218214058714,0.8690000000000001,0.11073218214058715,0.0,0.0,0.002,0.014070529413628973,4.61,0.5485518124198396,0.92,0.7341593144474156,4.07,0.7420283421851627,0.01,0.09999999999999998,11.6,1.2226812728383036,11.51,1.2267638301439663,8.4,1.2226812728383036,5.0,0.0,10.0,0.0,2.0,0.0,0.5,0.0,0.63,0.7608474807008886
184.0,184.0,100,1.31,1.107321821405871,0.131,0.11073218214058714,0.8690000000000001,0.11073218214058715,0.0,0.0,0.0,0.0,4.61,0.5485518124198396,0.92,0.7341593144474156,4.08,0.7341593144474156,0.0,0.0,11.61,1.2135181344447485,11.47,1.226434431244253,8.39,1.2135181344447485,5.0,0.0,10.0,0.0,2.0,0.0,0.5,0.0,0.63,0.7608474807008886
185.0,185.0,100,1.3,1.1055415967851334,0.13,0.11055415967851331,0.87,0.11055415967851341,0.0,0.0,0.001,0.009999999999999997,4.62,0.5464301040259937,0.92,0.7341593144474156,4.07,0.7420283421851627,0.01,0.09999999999999998,11.59,1.2234658503075133,11.46,1.2178802581667554,8.41,1.2234658503075135,5.0,0.0,10.0,0.0,2.0,0.0,0.5,0.0,0.63,0.7608474807008886
186.0,186.0,100,1.28,1.09249043635876,0.128,0.10924904363587598,0.872,0.10924904363587604,0.0,0.0,0.002,0.014070529413628966,4.63,0.5441145155760927,0.91,0.7260659179246174,4.09,0.7260659179246172,0.0,0.0,11.58,1.2075519939869332,11.44,1.2170505828486013,8.42,1.2075519939869332,5.0,0.0,10.0,0.0,2.0,0.0,0.5,0.0,0.63,0.7608474807008886
187.0,187.0,100,1.26,1.0882290311521856,0.126,0.10882290311521857,0.8740000000000001,0.10882290311521851,0.0,0.0,0.002,0.014070529413628968,4.65,0.5388914922357194,0.91,0.7260659179246174,4.09,0.7260659179246172,0.0,0.0,11.56,1.2087225078611306,11.42,1.2241674144437342,8.44,1.2087225078611306,5.0,0.0,10.0,0.0,2.0,0.0,0.5,0.0,0.63,0.7608474807008886
188.0,188.0,100,1.24,1.092860208051988,0.124,0.1092860208051988,0.8759999999999999,0.10928602080519875,0.0,0.0,0.002,0.01407052941362897,4.65,0.5388914922357194,0.89,0.723278171336114,4.11,0.7232781713361139,0.0,0.0,11.54,1.2178802581667556,11.43,1.2165109904554865,8.46,1.2178802581667556,5.0,0.0,10.0,0.0,2.0,0.0,0.5,0.0,0.63,0.7608474807008886
189.0,189.0,100,1.23,1.0811049342167847,0.12300000000000001,0.10811049342167851,0.877,0.1081104934216785,0.0,0.0,0.0009999999999999998,0.009999999999999997,4.65,0.5388914922357194,0.88,0.7146377199022387,4.12,0.7146377199022388,0.0,0.0,11.53,1.209850145157397,11.42,1.207551993986933,8.47,1.209850145157397,5.0,0.0,10.0,0.0,2.0,0.0,0.5,0.0,0.63,0.7608474807008886
190.0,190.0,100,1.18,1.0859990512859294,0.11800000000000001,0.10859990512859295,0.882,0.10859990512859298,0.0,0.0,0.005,0.021904291355759036,4.67,0.5328596381218923,0.85,0.7159792333764037,4.15,0.7159792333764041,0.0,0.0,11.48,1.2266403159225059,11.41,1.206840770965518,8.52,1.2266403159225059,5.0,0.0,10.0,0.0,2.0,0.0,0.5,0.0,0.63,0.7608474807008886
191.0,191.0,100,1.17,1.0922592654815535,0.117,0.10922592654815534,0.883,0.10922592654815537,0.0,0.0,0.001,0.01,4.67,0.5328596381218923,0.84,0.7208300490378851,4.16,0.7208300490378855,0.0,0.0,11.47,1.2346430392398584,11.39,1.1882845627290632,8.53,1.2346430392398584,5.0,0.0,10.0,0.0,2.0,0.0,0.5,0.0,0.63,0.7608474807008886
192.0,192.0,100,1.16,1.0798428617445253,0.11600000000000002,0.10798428617445253,0.884,0.10798428617445253,0.0,0.0,0.0009999999999999998,0.009999999999999997,4.68,0.5295319068800675,0.84,0.7208300490378851,4.16,0.7208300490378855,0.0,0.0,11.46,1.2261461346162388,11.34,1.173959887807849,8.54,1.2261461346162388,5.0,0.0,10.0,0.0,2.0,0.0,0.5,0.0,0.63,0.7608474807008886
193.0,193.0,100,1.15,1.0859525446781404,0.115,0.10859525446781405,0.885,0.10859525446781407,0.0,0.0,0.001,0.009999999999999998,4.68,0.5295319068800675,0.83,0.7255092255537737,4.17,0.7255092255537737,0.0,0.0,11.45,1.2175069742400788,11.34,1.173959887807849,8.55,1.2175069742400788,5.0,0.0,10.0,0.0,2.0,0.0,0.5,0.0,0.63,0.7608474807008886
194.0,194.0,100,1.12,1.0757191627798197,0.11200000000000002,0.10757191627798203,0.888,0.107571916277982,0.0,0.0,0.0030000000000000005,0.01714466079977653,4.7,0.5222329678670935,0.82,0.7160497697278261,4.18,0.7160497697278262,0.0,0.0,11.42,1.207551993986933,11.34,1.173959887807849,8.58,1.207551993986933,5.0,0.0,10.0,0.0,2.0,0.0,0.5,0.0,0.63,0.7608474807008886
195.0,195.0,100,1.1,1.0683698523517693,0.11,0.10683698523517694,0.89,0.10683698523517696,0.0,0.0,0.002,0.014070529413628968,4.7,0.5222329678670935,0.8,0.7106690545187014,4.2,0.7106690545187014,0.0,0.0,11.4,1.1891767800211257,11.33,1.1725393318982889,8.6,1.1891767800211257,5.0,0.0,10.0,0.0,2.0,0.0,0.5,0.0,0.63,0.7608474807008886
196.0,196.0,100,1.06,1.0619212624657097,0.106,0.10619212624657103,0.894,0.106192126246571,0.0,0.0,0.004,0.019694638556693237,4.7,0.5222329678670935,0.76,0.6834257143762642,4.24,0.6834257143762643,0.0,0.0,11.36,1.1765383224708084,11.32,1.1796250046159378,8.64,1.1765383224708084,5.0,0.0,10.0,0.0,2.0,0.0,0.5,0.0,0.63,0.7608474807008886
197.0,197.0,100,1.05,1.0671873729054746,0.105,0.10671873729054748,0.895,0.10671873729054744,0.0,0.0,0.001,0.01,4.7,0.5222329678670935,0.75,0.6871842709362768,4.24,0.6834257143762643,0.01,0.09999999999999999,11.35,1.1752927853573898,11.31,1.1865832452802447,8.65,1.1752927853573898,5.0,0.0,10.0,0.0,2.0,0.0,0.5,0.0,0.63,0.7608474807008886
198.0,198.0,100,1.05,1.0671873729054746,0.105,0.10671873729054748,0.895,0.10671873729054744,0.0,0.0,0.0,0.0,4.7,0.5222329678670935,0.75,0.6871842709362768,4.25,0.6871842709362771,0.0,0.0,11.36,1.1765383224708084,11.31,1.1865832452802447,8.64,1.1765383224708084,5.0,0.0,10.0,0.0,2.0,0.0,0.5,0.0,0.63,0.7608474807008886
199.0,199.0,100,1.04,1.0628720382515338,0.10400000000000001,0.10628720382515337,0.8959999999999999,0.10628720382515335,0.0,0.0,0.001,0.01,4.7,0.5222329678670935,0.74,0.675995337979262,4.26,0.6759953379792624,0.0,0.0,11.35,1.1752927853573898,11.3,1.1849221088495243,8.65,1.1752927853573898,5.0,0.0,10.0,0.0,2.0,0.0,0.5,0.0,0.63,0.7608474807008886
200.0,200.0,100,1.04,1.0628720382515338,0.10400000000000001,0.10628720382515337,0.8959999999999999,0.10628720382515335,0.0,0.0,0.0,0.0,4.7,0.5222329678670935,0.74,0.675995337979262,4.26,0.6759953379792624,0.0,0.0,11.35,1.1752927853573898,11.31,1.186583245280245,8.65,1.1752927853573898,5.0,0.0,10.0,0.0,2.0,0.0,0.5,0.0,0.63,0.7608474807008886
201.0,201.0,100,1.03,1.067944310582275,0.10300000000000001,0.10679443105822753,0.897,0.10679443105822746,0.0,0.0,0.001,0.01,4.7,0.5222329678670935,0.73,0.6794977348874474,4.27,0.6794977348874474,0.0,0.0,11.34,1.1825328064725469,11.29,1.1831732712916523,8.66,1.1825328064725469,5.0,0.0,10.0,0.0,2.0,0.0,0.5,0.0,0.63,0.7608474807008886
202.0,202.0,100,1.02,1.0634420957010733,0.10200000000000001,0.10634420957010736,0.898,0.1063442095701073,0.0,0.0,0.001,0.010000000000000002,4.71,0.5182526976156117,0.73,0.6794977348874474,4.27,0.6794977348874474,0.0,0.0,11.33,1.1811225614010195,11.25,1.1579762911688178,8.67,1.1811225614010195,5.0,0.0,10.0,0.0,2.0,0.0,0.5,0.0,0.63,0.7608474807008886
203.0,203.0,100,1.01,1.0588253449512395,0.10099999999999999,0.10588253449512396,0.899,0.10588253449512393,0.0,0.0,0.001,0.01,4.71,0.5182526976156117,0.72,0.6678776879493775,4.28,0.6678776879493775,0.0,0.0,11.32,1.1796250046159378,11.25,1.1579762911688178,8.68,1.1796250046159378,5.0,0.0,10.0,0.0,2.0,0.0,0.5,0.0,0.63,0.7608474807008886
204.0,204.0,100,1.01,1.0588253449512395,0.10099999999999999,0.10588253449512396,0.899,0.10588253449512393,0.0,0.0,0.0,0.0,4.71,0.5182526976156117,0.72,0.6678776879493775,4.28,0.6678776879493775,0.0,0.0,11.32,1.1796250046159378,11.24,1.1557497894257112,8.68,1.1796250046159378,5.0,0.0,10.0,0.0,2.0,0.0,0.5,0.0,0.63,0.7608474807008886
205.0,205.0,100,0.99,1.0683225783035437,0.099,0.1068322578303544,0.9009999999999999,0.10683225783035435,0.0,0.0,0.002,0.01407052941362897,4.71,0.5182526976156117,0.7,0.6741998624632418,4.3,0.674199862463242,0.0,0.0,11.3,1.19341628287971,11.23,1.1621557815568708,8.7,1.19341628287971,5.0,0.0,10.0,0.0,2.0,0.0,0.5,0.0,0.63,0.7608474807008886
206.0,206.0,100,0.97,1.067944310582275,0.09700000000000002,0.1067944310582275,0.903,0.10679443105822745,0.0,0.0,0.002,0.01407052941362897,4.71,0.5182526976156117,0.68,0.6648459987246687,4.32,0.6648459987246688,0.0,0.0,11.28,1.1898561155692633,11.22,1.1770533316101466,8.72,1.1898561155692633,5.0,0.0,10.0,0.0,2.0,0.0,0.5,0.0,0.63,0.7608474807008886
207.0,207.0,100,0.97,1.067944310582275,0.09700000000000002,0.1067944310582275,0.903,0.10679443105822745,0.0,0.0,0.0,0.0,4.71,0.5182526976156117,0.68,0.6648459987246687,4.32,0.6648459987246688,0.0,0.0,11.28,1.1898561155692633,11.24,1.1557497894257112,8.72,1.1898561155692633,5.0,0.0,10.0,0.0,2.0,0.0,0.5,0.0,0.63,0.7608474807008886
208.0,208.0,100,0.97,1.067944310582275,0.09700000000000002,0.1067944310582275,0.903,0.10679443105822745,0.0,0.0,0.0,0.0,4.71,0.5182526976156117,0.68,0.6648459987246687,4.32,0.6648459987246688,0.0,0.0,11.28,1.1898561155692633,11.22,1.1597631245433293,8.72,1.1898561155692633,5.0,0.0,10.0,0.0,2.0,0.0,0.5,0.0,0.63,0.7608474807008886
209.0,209.0,100,0.97,1.067944310582275,0.09700000000000002,0.1067944310582275,0.903,0.10679443105822745,0.0,0.0,0.0,0.0,4.71,0.5182526976156117,0.68,0.6648459987246687,4.32,0.6648459987246688,0.0,0.0,11.28,1.1898561155692633,11.21,1.157278241950884,8.72,1.1898561155692633,5.0,0.0,10.0,0.0,2.0,0.0,0.5,0.0,0.63,0.7608474807008886
210.0,210.0,100,0.97,1.067944310582275,0.09700000000000002,0.1067944310582275,0.903,0.10679443105822745,0.0,0.0,0.0,0.0,4.71,0.5182526976156117,0.68,0.6648459987246687,4.32,0.6648459987246688,0.0,0.0,11.28,1.1898561155692633,11.19,1.178039803138153,8.72,1.1898561155692633,5.0,0.0,10.0,0.0,2.0,0.0,0.5,0.0,0.63,0.7608474807008886
211.0,211.0,100,0.96,1.0628720382515338,0.096,0.10628720382515337,0.904,0.10628720382515333,0.0,0.0,0.001,0.01,4.72,0.5140451577852128,0.68,0.6648459987246687,4.32,0.6648459987246688,0.0,0.0,11.27,1.179410912706043,11.19,1.178039803138153,8.73,1.179410912706043,5.0,0.0,10.0,0.0,2.0,0.0,0.5,0.0,0.63,0.7608474807008886
212.0,212.0,100,0.93,1.05653330579903,0.09300000000000001,0.10565333057990299,0.907,0.10565333057990295,0.0,0.0,0.0030000000000000005,0.01714466079977653,4.73,0.5096047190685833,0.66,0.6547418336160206,4.33,0.6674994798166929,0.01,0.1,11.24,1.164456781490664,11.16,1.1696498655926089,8.76,1.164456781490664,5.0,0.0,10.0,0.0,2.0,0.0,0.5,0.0,0.63,0.7608474807008886
213.0,213.0,100,0.93,1.05653330579903,0.09300000000000001,0.10565333057990299,0.907,0.10565333057990295,0.0,0.0,0.0,0.0,4.73,0.5096047190685833,0.66,0.6547418336160206,4.34,0.6547418336160206,0.0,0.0,11.25,1.1838560518556094,11.16,1.1696498655926089,8.75,1.1838560518556094,5.0,0.0,10.0,0.0,2.0,0.0,0.5,0.0,0.63,0.7608474807008886
214.0,214.0,100,0.91,1.0645338525534656,0.091,0.10645338525534652,0.909,0.10645338525534653,0.0,0.0,0.002,0.014070529413628971,4.73,0.5096047190685833,0.64,0.6593538312222619,4.34,0.6547418336160206,0.02,0.14070529413628974,11.22,1.2025226010602075,11.16,1.169649865592609,8.78,1.2025226010602075,5.0,0.0,10.0,0.0,2.0,0.0,0.5,0.0,0.63,0.7608474807008886
215.0,215.0,100,0.91,1.0645338525534656,0.091,0.10645338525534652,0.909,0.10645338525534653,0.0,0.0,0.0,0.0,4.73,0.5096047190685833,0.64,0.6593538312222619,4.36,0.6593538312222619,0.0,0.0,11.24,1.190195637937586,11.16,1.169649865592609,8.76,1.190195637937586,5.0,0.0,10.0,0.0,2.0,0.0,0.5,0.0,0.63,0.7608474807008886
216.0,216.0,100,0.9,1.0588730430094633,0.09,0.10588730430094635,0.91,0.10588730430094637,0.0,0.0,0.001,0.009999999999999998,4.73,0.5096047190685833,0.63,0.6459665063087459,4.37,0.6459665063087461,0.0,0.0,11.23,1.1879444941629729,11.17,1.1375589672805555,8.77,1.1879444941629729,5.0,0.0,10.0,0.0,2.0,0.0,0.5,0.0,0.63,0.7608474807008886
217.0,217.0,100,0.9,1.0588730430094633,0.09,0.10588730430094635,0.91,0.10588730430094637,0.0,0.0,0.0,0.0,4.73,0.5096047190685833,0.63,0.6459665063087459,4.37,0.6459665063087461,0.0,0.0,11.23,1.1879444941629729,11.17,1.1375589672805555,8.77,1.1879444941629729,5.0,0.0,10.0,0.0,2.0,0.0,0.5,0.0,0.63,0.7608474807008886
218.0,218.0,100,0.89,1.0530858934530933,0.08900000000000001,0.1053085893453093,0.9109999999999999,0.10530858934530934,0.0,0.0,0.001,0.009999999999999997,4.74,0.5049252369900865,0.63,0.6459665063087459,4.37,0.6459665063087461,0.0,0.0,11.22,1.1856038822712107,11.17,1.1375589672805555,8.78,1.1856038822712107,5.0,0.0,10.0,0.0,2.0,0.0,0.5,0.0,0.63,0.7608474807008886
219.0,219.0,100,0.88,1.0471703092456626,0.08800000000000001,0.10471703092456625,0.912,0.10471703092456623,0.0,0.0,0.001,0.009999999999999997,4.75,0.4999999999999999,0.63,0.6459665063087459,4.37,0.6459665063087461,0.0,0.0,11.21,1.1831732712916523,11.17,1.1375589672805555,8.79,1.1831732712916523,5.0,0.0,10.0,0.0,2.0,0.0,0.5,0.0,0.63,0.7608474807008886
220.0,220.0,100,0.88,1.0471703092456626,0.08800000000000001,0.10471703092456625,0.912,0.10471703092456623,0.0,0.0,0.0,0.0,4.75,0.4999999999999999,0.63,0.6459665063087459,4.37,0.6459665063087461,0.0,0.0,11.21,1.1831732712916523,11.16,1.1434486203912912,8.79,1.1831732712916523,5.0,0.0,10.0,0.0,2.0,0.0,0.5,0.0,0.63,0.7608474807008886
221.0,221.0,100,0.88,1.0471703092456626,0.08800000000000001,0.10471703092456625,0.912,0.10471703092456623,0.0,0.0,0.0,0.0,4.75,0.4999999999999999,0.63,0.6459665063087459,4.37,0.6459665063087461,0.0,0.0,11.21,1.1831732712916523,11.15,1.1492202011394819,8.79,1.1831732712916523,5.0,0.0,10.0,0.0,2.0,0.0,0.5,0.0,0.63,0.7608474807008886
222.0,222.0,100,0.86,1.0349449797506682,0.086,0.10349449797506681,0.914,0.10349449797506687,0.0,0.0,0.002,0.01407052941362897,4.77,0.4893822120745188,0.63,0.6459665063087459,4.37,0.6459665063087461,0.0,0.0,11.19,1.1780398031381527,11.11,1.136137351207186,8.81,1.1780398031381527,5.0,0.0,10.0,0.0,2.0,0.0,0.5,0.0,0.63,0.7608474807008886
223.0,223.0,100,0.86,1.0349449797506682,0.086,0.10349449797506681,0.914,0.10349449797506687,0.0,0.0,0.0,0.0,4.77,0.4893822120745188,0.63,0.6459665063087459,4.37,0.6459665063087461,0.0,0.0,11.19,1.1780398031381527,11.09,1.1379140937911285,8.81,1.1780398031381527,5.0,0.0,10.0,0.0,2.0,0.0,0.5,0.0,0.63,0.7608474807008886
224.0,224.0,100,0.84,1.0122482228418406,0.084,0.10122482228418406,0.9159999999999999,0.1012248222841841,0.0,0.0,0.0020000000000000005,0.014070529413628971,4.78,0.4623173950192376,0.62,0.6479181891241981,4.38,0.6479181891241981,0.0,0.0,11.17,1.163892806338481,11.09,1.1379140937911285,8.83,1.163892806338481,5.0,0.0,10.0,0.0,2.0,0.0,0.5,0.0,0.63,0.7608474807008886
225.0,225.0,100,0.83,1.015585615009459,0.083,0.10155856150094592,0.917,0.10155856150094594,0.0,0.0,0.001,0.01,4.78,0.4623173950192376,0.61,0.6497085593719789,4.39,0.6497085593719791,0.0,0.0,11.16,1.1696498655926089,11.09,1.1379140937911285,8.84,1.1696498655926089,5.0,0.0,10.0,0.0,2.0,0.0,0.5,0.0,0.63,0.7608474807008886
226.0,226.0,100,0.81,1.0219312277954098,0.081,0.10219312277954101,0.919,0.10219312277954103,0.0,0.0,0.002,0.01407052941362897,4.78,0.4623173950192376,0.59,0.6528105515091005,4.41,0.6528105515091008,0.0,0.0,11.14,1.1808232019838678,11.08,1.1430952132988168,8.86,1.1808232019838678,5.0,0.0,10.0,0.0,2.0,0.0,0.5,0.0,0.63,0.7608474807008886
227.0,227.0,100,0.79,0.9979271445644649,0.079,0.09979271445644647,0.9209999999999999,0.09979271445644647,0.0,0.0,0.0020000000000000005,0.014070529413628973,4.79,0.4333333333333333,0.58,0.654124443725189,4.42,0.6541244437251892,0.0,0.0,11.12,1.1658438657006862,11.06,1.1265393508843398,8.88,1.1658438657006862,5.0,0.0,10.0,0.0,2.0,0.0,0.5,0.0,0.63,0.7608474807008886
228.0,228.0,100,0.79,0.9979271445644649,0.079,0.09979271445644647,0.9209999999999999,0.09979271445644647,0.0,0.0,0.0,0.0,4.79,0.4333333333333333,0.58,0.654124443725189,4.42,0.6541244437251892,0.0,0.0,11.12,1.1658438657006862,11.06,1.1265393508843398,8.88,1.1658438657006862,5.0,0.0,10.0,0.0,2.0,0.0,0.5,0.0,0.63,0.7608474807008886
229.0,229.0,100,0.79,0.9979271445644649,0.079,0.09979271445644647,0.9209999999999999,0.09979271445644647,0.0,0.0,0.0,0.0,4.79,0.4333333333333333,0.58,0.654124443725189,4.42,0.6541244437251892,0.0,0.0,11.12,1.1658438657006862,11.04,1.1274356350191839,8.88,1.1658438657006862,5.0,0.0,10.0,0.0,2.0,0.0,0.5,0.0,0.63,0.7608474807008886
230.0,230.0,100,0.78,1.0008077545743546,0.07800000000000001,0.10008077545743546,0.922,0.10008077545743549,0.0,0.0,0.001,0.01,4.79,0.4333333333333333,0.57,0.6552815726036703,4.43,0.6552815726036709,0.0,0.0,11.11,1.1711601776085803,11.02,1.1368928060838683,8.89,1.1711601776085803,5.0,0.0,10.0,0.0,2.0,0.0,0.5,0.0,0.63,0.7608474807008886
231.0,231.0,100,0.78,1.0008077545743546,0.07800000000000001,0.10008077545743546,0.922,0.10008077545743549,0.0,0.0,0.0,0.0,4.79,0.4333333333333333,0.57,0.6552815726036703,4.43,0.6552815726036709,0.0,0.0,11.11,1.1711601776085803,10.99,1.1502744512208,8.89,1.1711601776085803,5.0,0.0,10.0,0.0,2.0,0.0,0.5,0.0,0.63,0.7608474807008886
232.0,232.0,100,0.76,0.9652549775666386,0.07600000000000001,0.09652549775666383,0.924,0.09652549775666389,0.0,0.0,0.0020000000000000005,0.01407052941362897,4.81,0.39427724440366246,0.57,0.6552815726036703,4.43,0.6552815726036709,0.0,0.0,11.09,1.1467565151550287,10.96,1.1452140199609642,8.91,1.1467565151550287,5.0,0.0,10.0,0.0,2.0,0.0,0.5,0.0,0.63,0.7608474807008886
233.0,233.0,100,0.73,0.9412542674323424,0.073,0.09412542674323425,0.927,0.0941254267432343,0.0,0.0,0.003,0.017144660799776525,4.82,0.38612291966536905,0.55,0.6415731927193977,4.45,0.6415731927193979,0.0,0.0,11.06,1.1354703559727701,10.95,1.131504763712036,8.94,1.1354703559727701,5.0,0.0,10.0,0.0,2.0,0.0,0.5,0.0,0.63,0.7608474807008886
234.0,234.0,100,0.71,0.9459643147859675,0.07100000000000001,0.09459643147859675,0.929,0.09459643147859675,0.0,0.0,0.002,0.01407052941362897,4.82,0.38612291966536905,0.53,0.6428314889862842,4.47,0.6428314889862843,0.0,0.0,11.04,1.1452140199609642,10.94,1.1265393508843393,8.96,1.1452140199609642,5.0,0.0,10.0,0.0,2.0,0.0,0.5,0.0,0.63,0.7608474807008886
235.0,235.0,100,0.68,0.9521904571390467,0.068,0.09521904571390465,0.932,0.09521904571390466,0.0,0.0,0.0030000000000000005,0.017144660799776532,4.82,0.38612291966536905,0.5,0.6435381994422817,4.5,0.6435381994422819,0.0,0.0,11.01,1.159022576714247,10.94,1.1265393508843393,8.99,1.159022576714247,5.0,0.0,10.0,0.0,2.0,0.0,0.5,0.0,0.63,0.7608474807008886
236.0,236.0,100,0.67,0.9326296048260422,0.067,0.09326296048260423,0.9329999999999999,0.09326296048260423,0.0,0.0,0.0009999999999999998,0.009999999999999993,4.82,0.38612291966536905,0.49,0.6275654418770872,4.5,0.6276459144608479,0.01,0.09999999999999999,10.99,1.1590225767142475,10.92,1.1162708479847556,9.01,1.1590225767142475,5.0,0.0,10.0,0.0,2.0,0.0,0.5,0.0,0.63,0.7608474807008886
237.0,237.0,100,0.64,0.8935232724354962,0.064,0.08935232724354962,0.9359999999999999,0.08935232724354965,0.0,0.0,0.003,0.01714466079977653,4.84,0.36845294917747046,0.48,0.6110100926607787,4.52,0.6110100926607789,0.0,0.0,10.97,1.123261844681449,10.91,1.101835016706405,9.03,1.123261844681449,5.0,0.0,10.0,0.0,2.0,0.0,0.5,0.0,0.63,0.7608474807008886
238.0,238.0,100,0.64,0.8935232724354962,0.064,0.08935232724354962,0.9359999999999999,0.08935232724354965,0.0,0.0,0.0,0.0,4.84,0.36845294917747046,0.48,0.6110100926607787,4.52,0.6110100926607789,0.0,0.0,10.97,1.123261844681449,10.91,1.0926291154085102,9.03,1.123261844681449,5.0,0.0,10.0,0.0,2.0,0.0,0.5,0.0,0.63,0.7608474807008886
239.0,239.0,100,0.64,0.8935232724354962,0.064,0.08935232724354962,0.9359999999999999,0.08935232724354965,0.0,0.0,0.0,0.0,4.84,0.36845294917747046,0.48,0.6110100926607787,4.52,0.6110100926607789,0.0,0.0,10.97,1.123261844681449,10.9,1.087114613009218,9.03,1.123261844681449,5.0,0.0,10.0,0.0,2.0,0.0,0.5,0.0,0.63,0.7608474807008886
240.0,240.0,100,0.62,0.8736316862570426,0.062,0.08736316862570423,0.938,0.08736316862570426,0.0,0.0,0.002,0.014070529413628968,4.84,0.36845294917747046,0.46,0.5932277740625365,4.54,0.5932277740625366,0.0,0.0,10.95,1.1135075167680684,10.88,1.0943380453844038,9.05,1.1135075167680684,5.0,0.0,10.0,0.0,2.0,0.0,0.5,0.0,0.63,0.7608474807008886
241.0,241.0,100,0.61,0.8515582864088135,0.061000000000000006,0.08515582864088136,0.9390000000000001,0.08515582864088134,0.0,0.0,0.0009999999999999998,0.009999999999999995,4.84,0.36845294917747046,0.45,0.575159178669767,4.55,0.5751591786697667,0.0,0.0,10.94,1.0993110790330682,10.88,1.0943380453844038,9.06,1.0993110790330682,5.0,0.0,10.0,0.0,2.0,0.0,0.5,0.0,0.63,0.7608474807008886
242.0,242.0,100,0.59,0.8420153793072302,0.059000000000000004,0.08420153793072303,0.941,0.08420153793072303,0.0,0.0,0.002,0.01407052941362897,4.85,0.35887028128263654,0.44,0.5741924500522188,4.56,0.5741924500522185,0.0,0.0,10.92,1.0980239367411648,10.88,1.0943380453844038,9.08,1.0980239367411648,5.0,0.0,10.0,0.0,2.0,0.0,0.5,0.0,0.63,0.7608474807008886
243.0,243.0,100,0.59,0.8420153793072302,0.059000000000000004,0.08420153793072303,0.941,0.08420153793072303,0.0,0.0,0.0,0.0,4.85,0.35887028128263654,0.44,0.5741924500522188,4.56,0.5741924500522185,0.0,0.0,10.92,1.0980239367411648,10.86,1.054284189161135,9.08,1.0980239367411648,5.0,0.0,10.0,0.0,2.0,0.0,0.5,0.0,0.63,0.7608474807008886
244.0,244.0,100,0.56,0.8326663997864531,0.05600000000000001,0.08326663997864532,0.9440000000000001,0.08326663997864533,0.0,0.0,0.0030000000000000005,0.017144660799776532,4.86,0.348735088019777,0.42,0.5717243101956457,4.58,0.5717243101956454,0.0,0.0,10.89,1.1,10.86,1.054284189161135,9.11,1.1,5.0,0.0,10.0,0.0,2.0,0.0,0.5,0.0,0.63,0.7608474807008886
245.0,245.0,100,0.56,0.8326663997864531,0.05600000000000001,0.08326663997864532,0.9440000000000001,0.08326663997864533,0.0,0.0,0.0,0.0,4.86,0.348735088019777,0.42,0.5717243101956457,4.58,0.5717243101956454,0.0,0.0,10.89,1.1,10.85,1.0384039812533596,9.11,1.1,5.0,0.0,10.0,0.0,2.0,0.0,0.5,0.0,0.63,0.7608474807008886
246.0,246.0,100,0.56,0.8326663997864531,0.05600000000000001,0.08326663997864532,0.9440000000000001,0.08326663997864533,0.0,0.0,0.0,0.0,4.86,0.348735088019777,0.42,0.5717243101956457,4.58,0.5717243101956454,0.0,0.0,10.89,1.1,10.84,1.0320128415143415,9.11,1.1,5.0,0.0,10.0,0.0,2.0,0.0,0.5,0.0,0.63,0.7608474807008886
247.0,247.0,100,0.55,0.8333333333333333,0.055,0.08333333333333333,0.945,0.08333333333333331,0.0,0.0,0.001,0.01,4.86,0.348735088019777,0.41,0.5702205846437982,4.59,0.5702205846437983,0.0,0.0,10.88,1.0757191627798202,10.82,1.0384526173031863,9.12,1.0757191627798202,5.0,0.0,10.0,0.0,2.0,0.0,0.5,0.0,0.63,0.7608474807008886
248.0,248.0,100,0.55,0.8333333333333333,0.055,0.08333333333333333,0.945,0.08333333333333331,0.0,0.0,0.0,0.0,4.86,0.348735088019777,0.41,0.5702205846437982,4.59,0.5702205846437983,0.0,0.0,10.88,1.0757191627798202,10.82,1.0384526173031863,9.12,1.0757191627798202,5.0,0.0,10.0,0.0,2.0,0.0,0.5,0.0,0.63,0.7608474807008886
249.0,249.0,100,0.53,0.8221061889187948,0.053,0.08221061889187953,0.9470000000000001,0.08221061889187954,0.0,0.0,0.002,0.01407052941362897,4.87,0.337997668989631,0.4,0.5685352436149612,4.6,0.5685352436149611,0.0,0.0,10.86,1.0542841891611345,10.81,1.0317681205316698,9.14,1.0542841891611345,5.0,0.0,10.0,0.0,2.0,0.0,0.5,0.0,0.63,0.7608474807008886
250.0,250.0,100,0.53,0.8221061889187948,0.053,0.08221061889187953,0.9470000000000001,0.08221061889187954,0.0,0.0,0.0,0.0,4.87,0.337997668989631,0.4,0.5685352436149612,4.6,0.5685352436149611,0.0,0.0,10.86,1.0542841891611345,10.81,1.0317681205316698,9.14,1.0542841891611345,5.0,0.0,10.0,0.0,2.0,0.0,0.5,0.0,0.63,0.7608474807008886
251.0,251.0,100,0.52,0.82241330021081,0.052000000000000005,0.08224133002108104,0.948,0.08224133002108104,0.0,0.0,0.001,0.01,4.87,0.337997668989631,0.39,0.5666666666666667,4.61,0.5666666666666664,0.0,0.0,10.85,1.0576799462440745,10.79,1.0376254944182253,9.15,1.0576799462440745,5.0,0.0,10.0,0.0,2.0,0.0,0.5,0.0,0.63,0.7608474807008886
252.0,252.0,100,0.52,0.82241330021081,0.052000000000000005,0.08224133002108104,0.948,0.08224133002108104,0.0,0.0,0.0,0.0,4.87,0.337997668989631,0.39,0.5666666666666667,4.61,0.5666666666666664,0.0,0.0,10.85,1.0576799462440745,10.77,1.0527021507443677,9.15,1.0576799462440745,5.0,0.0,10.0,0.0,2.0,0.0,0.5,0.0,0.63,0.7608474807008886
253.0,253.0,100,0.51,0.7976607212735412,0.051000000000000004,0.07976607212735415,0.9490000000000001,0.07976607212735412,0.0,0.0,0.0009999999999999998,0.009999999999999995,4.88,0.3265986323710909,0.39,0.5666666666666667,4.61,0.5666666666666664,0.0,0.0,10.84,1.0417545417479708,10.77,1.0527021507443677,9.16,1.0417545417479708,5.0,0.0,10.0,0.0,2.0,0.0,0.5,0.0,0.63,0.7608474807008886
254.0,254.0,100,0.51,0.7976607212735412,0.051000000000000004,0.07976607212735415,0.9490000000000001,0.07976607212735412,0.0,0.0,0.0,0.0,4.88,0.3265986323710909,0.39,0.5666666666666667,4.61,0.5666666666666664,0.0,0.0,10.84,1.0417545417479708,10.73,1.0333333333333332,9.16,1.0417545417479708,5.0,0.0,10.0,0.0,2.0,0.0,0.5,0.0,0.63,0.7608474807008886
255.0,255.0,100,0.5,0.7977240352174654,0.05,0.07977240352174657,0.95,0.07977240352174655,0.0,0.0,0.001,0.01,4.88,0.3265986323710909,0.38,0.564613034553648,4.62,0.5646130345536476,0.0,0.0,10.83,1.0449977043133643,10.73,1.0333333333333332,9.17,1.0449977043133643,5.0,0.0,10.0,0.0,2.0,0.0,0.5,0.0,0.63,0.7608474807008886
256.0,256.0,100,0.48,0.7847022210734309,0.048,0.07847022210734309,0.9520000000000001,0.07847022210734309,0.0,0.0,0.002,0.01407052941362897,4.89,0.31446603773522047,0.37,0.5623723199648311,4.63,0.5623723199648311,0.0,0.0,10.81,1.041512109745957,10.72,1.0158342344689866,9.19,1.041512109745957,5.0,0.0,10.0,0.0,2.0,0.0,0.5,0.0,0.63,0.7608474807008886
257.0,257.0,100,0.48,0.7847022210734309,0.048,0.07847022210734309,0.9520000000000001,0.07847022210734309,0.0,0.0,0.0,0.0,4.89,0.31446603773522047,0.37,0.5623723199648311,4.63,0.5623723199648311,0.0,0.0,10.81,1.041512109745957,10.71,1.0079983164969106,9.19,1.041512109745957,5.0,0.0,10.0,0.0,2.0,0.0,0.5,0.0,0.63,0.7608474807008886
258.0,258.0,100,0.45,0.7833494518006403,0.045,0.07833494518006404,0.955,0.07833494518006401,0.0,0.0,0.0030000000000000005,0.017144660799776525,4.89,0.31446603773522047,0.34,0.5545040554177647,4.66,0.5545040554177647,0.0,0.0,10.78,1.0306416555826872,10.71,1.0079983164969106,9.22,1.0306416555826872,5.0,0.0,10.0,0.0,2.0,0.0,0.5,0.0,0.63,0.7608474807008886
259.0,259.0,100,0.44,0.7696253844067464,0.044000000000000004,0.07696253844067466,0.956,0.07696253844067467,0.0,0.0,0.001,0.01,4.9,0.3015113445777639,0.34,0.5545040554177647,4.66,0.5545040554177647,0.0,0.0,10.77,1.0235114838514308,10.71,1.0079983164969106,9.23,1.0235114838514308,5.0,0.0,10.0,0.0,2.0,0.0,0.5,0.0,0.63,0.7608474807008886
260.0,260.0,100,0.44,0.7696253844067464,0.044000000000000004,0.07696253844067466,0.956,0.07696253844067467,0.0,0.0,0.0,0.0,4.9,0.3015113445777639,0.34,0.5545040554177647,4.66,0.5545040554177647,0.0,0.0,10.77,1.0235114838514308,10.7,1.0100505037878158,9.23,1.0235114838514308,5.0,0.0,10.0,0.0,2.0,0.0,0.5,0.0,0.63,0.7608474807008886
261.0,261.0,100,0.43,0.7687718133556283,0.043,0.07687718133556283,0.9570000000000001,0.07687718133556283,0.0,0.0,0.001,0.01,4.9,0.3015113445777639,0.33,0.5514901759246615,4.67,0.5514901759246614,0.0,0.0,10.76,1.0162318990896086,10.69,1.0119987224010782,9.24,1.0162318990896086,5.0,0.0,10.0,0.0,2.0,0.0,0.5,0.0,0.63,0.7608474807008886
262.0,262.0,100,0.42,0.7677857445244404,0.042,0.07677857445244406,0.958,0.07677857445244407,0.0,0.0,0.001,0.009999999999999997,4.9,0.3015113445777639,0.32,0.5482755334738735,4.68,0.5482755334738735,0.0,0.0,10.75,1.0187633620614691,10.69,1.011998722401078,9.25,1.0187633620614691,5.0,0.0,10.0,0.0,2.0,0.0,0.5,0.0,0.63,0.7608474807008886
263.0,263.0,100,0.41,0.7666666666666666,0.04100000000000001,0.07666666666666666,0.9590000000000001,0.07666666666666666,0.0,0.0,0.001,0.01,4.9,0.3015113445777639,0.31,0.5448565745851718,4.69,0.5448565745851717,0.0,0.0,10.74,1.0211896409718826,10.69,1.011998722401078,9.26,1.0211896409718826,5.0,0.0,10.0,0.0,2.0,0.0,0.5,0.0,0.63,0.7608474807008886
264.0,264.0,100,0.4,0.7521014330903548,0.04,0.07521014330903553,0.96,0.0752101433090355,0.0,0.0,0.001,0.009999999999999997,4.91,0.2876234912646614,0.31,0.5448565745851718,4.68,0.5482755334738735,0.01,0.09999999999999999,10.72,1.0257295999049711,10.69,1.011998722401078,9.28,1.0257295999049711,5.0,0.0,10.0,0.0,2.0,0.0,0.5,0.0,0.63,0.7608474807008886
265.0,265.0,100,0.39,0.7506899183653353,0.03900000000000001,0.07506899183653348,0.961,0.07506899183653348,0.0,0.0,0.001,0.01,4.91,0.2876234912646614,0.3,0.5412294272573257,4.7,0.5412294272573257,0.0,0.0,10.72,1.0158342344689866,10.68,1.013843571700678,9.28,1.0158342344689866,5.0,0.0,10.0,0.0,2.0,0.0,0.5,0.0,0.63,0.7608474807008886
266.0,266.0,100,0.37,0.7199186261535592,0.037000000000000005,0.07199186261535592,0.963,0.07199186261535594,0.0,0.0,0.002,0.014070529413628968,4.92,0.2726599243442907,0.29,0.5373898759633258,4.71,0.5373898759633263,0.0,0.0,10.7,1.0,10.68,1.013843571700678,9.3,1.0,5.0,0.0,10.0,0.0,2.0,0.0,0.5,0.0,0.63,0.7608474807008886
267.0,267.0,100,0.37,0.7199186261535592,0.037000000000000005,0.07199186261535592,0.963,0.07199186261535594,0.0,0.0,0.0,0.0,4.92,0.2726599243442907,0.29,0.5373898759633258,4.71,0.5373898759633263,0.0,0.0,10.7,1.0,10.69,1.0019677609281616,9.3,1.0,5.0,0.0,10.0,0.0,2.0,0.0,0.5,0.0,0.63,0.7608474807008886
268.0,268.0,100,0.37,0.7199186261535592,0.037000000000000005,0.07199186261535592,0.963,0.07199186261535594,0.0,0.0,0.0,0.0,4.92,0.2726599243442907,0.29,0.5373898759633258,4.71,0.5373898759633263,0.0,0.0,10.7,1.0,10.69,1.0019677609281616,9.3,1.0,5.0,0.0,10.0,0.0,2.0,0.0,0.5,0.0,0.63,0.7608474807008886
269.0,269.0,100,0.36,0.7180219742846006,0.036000000000000004,0.07180219742846004,0.9640000000000001,0.07180219742846007,0.0,0.0,0.001,0.01,4.92,0.2726599243442907,0.28,0.5333333333333333,4.72,0.5333333333333335,0.0,0.0,10.69,1.0019677609281616,10.67,1.0055904341291841,9.31,1.0019677609281616,5.0,0.0,10.0,0.0,2.0,0.0,0.5,0.0,0.63,0.7608474807008886
270.0,270.0,100,0.36,0.7180219742846006,0.036000000000000004,0.07180219742846004,0.9640000000000001,0.07180219742846007,0.0,0.0,0.0,0.0,4.92,0.2726599243442907,0.28,0.5333333333333333,4.72,0.5333333333333335,0.0,0.0,10.69,1.0019677609281616,10.67,1.0055904341291841,9.31,1.0019677609281616,5.0,0.0,10.0,0.0,2.0,0.0,0.5,0.0,0.63,0.7608474807008886
271.0,271.0,100,0.36,0.7180219742846006,0.036000000000000004,0.07180219742846004,0.9640000000000001,0.07180219742846007,0.0,0.0,0.0,0.0,4.92,0.2726599243442907,0.28,0.5333333333333333,4.72,0.5333333333333335,0.0,0.0,10.69,1.0019677609281616,10.66,0.9971677062277109,9.31,1.0019677609281616,5.0,0.0,10.0,0.0,2.0,0.0,0.5,0.0,0.63,0.7608474807008886
272.0,272.0,100,0.36,0.7180219742846006,0.036000000000000004,0.07180219742846004,0.9640000000000001,0.07180219742846007,0.0,0.0,0.0,0.0,4.92,0.2726599243442907,0.28,0.5333333333333333,4.72,0.5333333333333335,0.0,0.0,10.69,1.0019677609281616,10.66,0.9971677062277109,9.31,1.0019677609281616,5.0,0.0,10.0,0.0,2.0,0.0,0.5,0.0,0.63,0.7608474807008886
273.0,273.0,100,0.34,0.7137891491854926,0.034,0.07137891491854927,0.966,0.07137891491854927,0.0,0.0,0.002,0.01407052941362897,4.92,0.2726599243442907,0.26,0.5245488682206028,4.74,0.5245488682206023,0.0,0.0,10.67,1.0055904341291841,10.66,0.9971677062277109,9.33,1.0055904341291841,5.0,0.0,10.0,0.0,2.0,0.0,0.5,0.0,0.63,0.7608474807008886
274.0,274.0,100,0.34,0.7137891491854926,0.034,0.07137891491854927,0.966,0.07137891491854927,0.0,0.0,0.0,0.0,4.92,0.2726599243442907,0.26,0.5245488682206028,4.74,0.5245488682206023,0.0,0.0,10.67,1.0055904341291841,10.66,0.9971677062277109,9.33,1.0055904341291841,5.0,0.0,10.0,0.0,2.0,0.0,0.5,0.0,0.63,0.7608474807008886
275.0,275.0,100,0.34,0.7137891491854926,0.034,0.07137891491854927,0.966,0.07137891491854927,0.0,0.0,0.0,0.0,4.92,0.2726599243442907,0.26,0.5245488682206028,4.74,0.5245488682206023,0.0,0.0,10.67,1.0055904341291841,10.66,0.9971677062277109,9.33,1.0055904341291841,5.0,0.0,10.0,0.0,2.0,0.0,0.5,0.0,0.63,0.7608474807008886
276.0,276.0,100,0.34,0.7137891491854926,0.034,0.07137891491854927,0.966,0.07137891491854927,0.0,0.0,0.0,0.0,4.92,0.2726599243442907,0.26,0.5245488682206028,4.74,0.5245488682206023,0.0,0.0,10.67,1.0055904341291841,10.66,0.9971677062277109,9.33,1.0055904341291841,5.0,0.0,10.0,0.0,2.0,0.0,0.5,0.0,0.63,0.7608474807008886
277.0,277.0,100,0.34,0.7137891491854926,0.034,0.07137891491854927,0.966,0.07137891491854927,0.0,0.0,0.0,0.0,4.92,0.2726599243442907,0.26,0.5245488682206028,4.74,0.5245488682206023,0.0,0.0,10.67,1.0055904341291841,10.64,1.0002019998000606,9.33,1.0055904341291841,5.0,0.0,10.0,0.0,2.0,0.0,0.5,0.0,0.63,0.7608474807008886
278.0,278.0,100,0.34,0.7137891491854926,0.034,0.07137891491854927,0.966,0.07137891491854927,0.0,0.0,0.0,0.0,4.92,0.2726599243442907,0.26,0.5245488682206028,4.74,0.5245488682206023,0.0,0.0,10.67,1.0055904341291841,10.63,0.9708373975724527,9.33,1.0055904341291841,5.0,0.0,10.0,0.0,2.0,0.0,0.5,0.0,0.63,0.7608474807008886
279.0,279.0,100,0.34,0.7137891491854926,0.034,0.07137891491854927,0.966,0.07137891491854927,0.0,0.0,0.0,0.0,4.92,0.2726599243442907,0.26,0.5245488682206028,4.74,0.5245488682206023,0.0,0.0,10.67,1.0055904341291841,10.63,0.9708373975724527,9.33,1.0055904341291841,5.0,0.0,10.0,0.0,2.0,0.0,0.5,0.0,0.63,0.7608474807008886
280.0,280.0,100,0.34,0.7137891491854926,0.034,0.07137891491854927,0.966,0.07137891491854927,0.0,0.0,0.0,0.0,4.92,0.2726599243442907,0.26,0.5245488682206028,4.74,0.5245488682206023,0.0,0.0,10.67,1.0055904341291841,10.63,0.9708373975724527,9.33,1.0055904341291841,5.0,0.0,10.0,0.0,2.0,0.0,0.5,0.0,0.63,0.7608474807008886
281.0,281.0,100,0.31,0.6918720031095843,0.031,0.06918720031095844,0.9690000000000001,0.0691872003109585,0.0,0.0,0.0030000000000000005,0.01714466079977653,4.93,0.2564323999762429,0.24,0.5148305595538255,4.76,0.5148305595538253,0.0,0.0,10.64,1.0002019998000606,10.63,0.9708373975724527,9.36,1.0002019998000606,5.0,0.0,10.0,0.0,2.0,0.0,0.5,0.0,0.63,0.7608474807008886
282.0,282.0,100,0.31,0.6918720031095843,0.031,0.06918720031095844,0.9690000000000001,0.0691872003109585,0.0,0.0,0.0,0.0,4.93,0.2564323999762429,0.24,0.5148305595538255,4.76,0.5148305595538253,0.0,0.0,10.64,1.0002019998000606,10.62,0.9721370814090494,9.36,1.0002019998000606,5.0,0.0,10.0,0.0,2.0,0.0,0.5,0.0,0.63,0.7608474807008886
283.0,283.0,100,0.31,0.6918720031095843,0.031,0.06918720031095844,0.9690000000000001,0.0691872003109585,0.0,0.0,0.0,0.0,4.93,0.2564323999762429,0.24,0.5148305595538255,4.76,0.5148305595538253,0.0,0.0,10.64,1.0002019998000606,10.62,0.9721370814090494,9.36,1.0002019998000606,5.0,0.0,10.0,0.0,2.0,0.0,0.5,0.0,0.63,0.7608474807008886
284.0,284.0,100,0.31,0.6918720031095843,0.031,0.06918720031095844,0.9690000000000001,0.0691872003109585,0.0,0.0,0.0,0.0,4.93,0.2564323999762429,0.24,0.5148305595538255,4.76,0.5148305595538253,0.0,0.0,10.64,1.0002019998000606,10.62,0.9721370814090494,9.36,1.0002019998000606,5.0,0.0,10.0,0.0,2.0,0.0,0.5,0.0,0.63,0.7608474807008886
285.0,285.0,100,0.31,0.6918720031095843,0.031,0.06918720031095844,0.9690000000000001,0.0691872003109585,0.0,0.0,0.0,0.0,4.93,0.2564323999762429,0.24,0.5148305595538255,4.76,0.5148305595538253,0.0,0.0,10.64,1.0002019998000606,10.62,0.9721370814090494,9.36,1.0002019998000606,5.0,0.0,10.0,0.0,2.0,0.0,0.5,0.0,0.63,0.7608474807008886
286.0,286.0,100,0.3,0.6890192121758831,0.03,0.06890192121758835,0.97,0.06890192121758835,0.0,0.0,0.001,0.01,4.93,0.2564323999762429,0.23,0.5096047190685833,4.77,0.5096047190685833,0.0,0.0,10.63,1.0015644328406001,10.6,0.963998407308295,9.37,1.0015644328406001,5.0,0.0,10.0,0.0,2.0,0.0,0.5,0.0,0.63,0.7608474807008886
287.0,287.0,100,0.3,0.6890192121758831,0.03,0.06890192121758835,0.97,0.06890192121758835,0.0,0.0,0.0,0.0,4.93,0.2564323999762429,0.23,0.5096047190685833,4.77,0.5096047190685833,0.0,0.0,10.63,1.0015644328406001,10.59,0.9649933270298409,9.37,1.0015644328406001,5.0,0.0,10.0,0.0,2.0,0.0,0.5,0.0,0.63,0.7608474807008886
288.0,288.0,100,0.29,0.6558978733019495,0.028999999999999998,0.06558978733019495,0.971,0.065589787330195,0.0,0.0,0.0009999999999999998,0.009999999999999997,4.93,0.2564323999762429,0.22,0.4836728170358492,4.77,0.5096047190685833,0.01,0.1,10.62,0.9721370814090494,10.59,0.9649933270298409,9.38,0.9721370814090494,5.0,0.0,10.0,0.0,2.0,0.0,0.5,0.0,0.63,0.7608474807008886
289.0,289.0,100,0.29,0.6558978733019495,0.028999999999999998,0.06558978733019495,0.971,0.065589787330195,0.0,0.0,0.0,0.0,4.93,0.2564323999762429,0.22,0.4836728170358492,4.78,0.48367281703584897,0.0,0.0,10.63,1.0015644328406001,10.59,0.9649933270298409,9.37,1.0015644328406001,5.0,0.0,10.0,0.0,2.0,0.0,0.5,0.0,0.63,0.7608474807008886
290.0,290.0,100,0.28,0.6369117408688314,0.028000000000000004,0.06369117408688316,0.972,0.06369117408688316,0.0,0.0,0.001,0.009999999999999997,4.93,0.2564323999762429,0.21,0.4560480215720686,4.78,0.48367281703584897,0.01,0.09999999999999998,10.61,0.9938701010583717,10.59,0.9649933270298409,9.39,0.9938701010583717,5.0,0.0,10.0,0.0,2.0,0.0,0.5,0.0,0.63,0.7608474807008886
291.0,291.0,100,0.27,0.6333333333333332,0.027000000000000003,0.06333333333333334,0.973,0.06333333333333337,0.0,0.0,0.001,0.01,4.93,0.2564323999762429,0.2,0.44946657497549475,4.8,0.44946657497549514,0.0,0.0,10.61,0.9938701010583715,10.6,0.9949366763261819,9.39,0.9938701010583715,5.0,0.0,10.0,0.0,2.0,0.0,0.5,0.0,0.63,0.7608474807008886
292.0,292.0,100,0.27,0.6333333333333332,0.027000000000000003,0.06333333333333334,0.973,0.06333333333333337,0.0,0.0,0.0,0.0,4.93,0.2564323999762429,0.2,0.44946657497549475,4.8,0.44946657497549514,0.0,0.0,10.61,0.9938701010583715,10.6,0.9949366763261819,9.39,0.9938701010583715,5.0,0.0,10.0,0.0,2.0,0.0,0.5,0.0,0.63,0.7608474807008886
293.0,293.0,100,0.27,0.6333333333333332,0.027000000000000003,0.06333333333333334,0.973,0.06333333333333337,0.0,0.0,0.0,0.0,4.93,0.2564323999762429,0.2,0.44946657497549475,4.8,0.44946657497549514,0.0,0.0,10.61,0.9938701010583715,10.6,0.974420314594759,9.39,0.9938701010583715,5.0,0.0,10.0,0.0,2.0,0.0,0.5,0.0,0.63,0.7608474807008886
294.0,294.0,100,0.27,0.6333333333333332,0.027000000000000003,0.06333333333333334,0.973,0.06333333333333337,0.0,0.0,0.0,0.0,4.93,0.2564323999762429,0.2,0.44946657497549475,4.8,0.44946657497549514,0.0,0.0,10.61,0.9938701010583715,10.6,0.974420314594759,9.39,0.9938701010583715,5.0,0.0,10.0,0.0,2.0,0.0,0.5,0.0,0.63,0.7608474807008886
295.0,295.0,100,0.27,0.6333333333333332,0.027000000000000003,0.06333333333333334,0.973,0.06333333333333337,0.0,0.0,0.0,0.0,4.93,0.2564323999762429,0.2,0.44946657497549475,4.8,0.44946657497549514,0.0,0.0,10.61,0.9938701010583715,10.59,0.964993327029841,9.39,0.9938701010583715,5.0,0.0,10.0,0.0,2.0,0.0,0.5,0.0,0.63,0.7608474807008886
296.0,296.0,100,0.27,0.6333333333333332,0.027000000000000003,0.06333333333333334,0.973,0.06333333333333337,0.0,0.0,0.0,0.0,4.93,0.2564323999762429,0.2,0.44946657497549475,4.8,0.44946657497549514,0.0,0.0,10.61,0.9938701010583715,10.59,0.964993327029841,9.39,0.9938701010583715,5.0,0.0,10.0,0.0,2.0,0.0,0.5,0.0,0.63,0.7608474807008886
297.0,297.0,100,0.27,0.6333333333333332,0.027000000000000003,0.06333333333333334,0.973,0.06333333333333337,0.0,0.0,0.0,0.0,4.93,0.2564323999762429,0.2,0.44946657497549475,4.8,0.44946657497549514,0.0,0.0,10.61,0.9938701010583715,10.59,0.964993327029841,9.39,0.9938701010583715,5.0,0.0,10.0,0.0,2.0,0.0,0.5,0.0,0.63,0.7608474807008886
298.0,298.0,100,0.27,0.6333333333333332,0.027000000000000003,0.06333333333333334,0.973,0.06333333333333337,0.0,0.0,0.0,0.0,4.93,0.2564323999762429,0.2,0.44946657497549475,4.8,0.44946657497549514,0.0,0.0,10.61,0.9938701010583715,10.59,0.964993327029841,9.39,0.9938701010583715,5.0,0.0,10.0,0.0,2.0,0.0,0.5,0.0,0.63,0.7608474807008886
299.0,299.0,100,0.27,0.6333333333333332,0.027000000000000003,0.06333333333333334,0.973,0.06333333333333337,0.0,0.0,0.0,0.0,4.93,0.2564323999762429,0.2,0.44946657497549475,4.8,0.44946657497549514,0.0,0.0,10.61,0.9938701010583715,10.57,0.9561602502940728,9.39,0.9938701010583715,5.0,0.0,10.0,0.0,2.0,0.0,0.5,0.0,0.63,0.7608474807008886
300.0,300.0,100,0.27,0.6333333333333332,0.027000000000000003,0.06333333333333334,0.973,0.06333333333333337,0.0,0.0,0.0,0.0,4.93,0.2564323999762429,0.2,0.44946657497549475,4.8,0.44946657497549514,0.0,0.0,10.61,0.9938701010583715,10.57,0.9561602502940728,9.39,0.9938701010583715,5.0,0.0,10.0,0.0,2.0,0.0,0.5,0.0,0.63,0.7608474807008886
301.0,301.0,100,0.27,0.6333333333333332,0.027000000000000003,0.06333333333333334,0.973,0.06333333333333337,0.0,0.0,0.0,0.0,4.93,0.2564323999762429,0.2,0.44946657497549475,4.8,0.44946657497549514,0.0,0.0,10.61,0.9938701010583715,10.56,0.967345634071698,9.39,0.9938701010583715,5.0,0.0,10.0,0.0,2.0,0.0,0.5,0.0,0.63,0.7608474807008886
302.0,302.0,100,0.27,0.6333333333333332,0.027000000000000003,0.06333333333333334,0.973,0.06333333333333337,0.0,0.0,0.0,0.0,4.93,0.2564323999762429,0.2,0.44946657497549475,4.8,0.44946657497549514,0.0,0.0,10.61,0.9938701010583715,10.55,0.9679197729505719,9.39,0.9938701010583715,5.0,0.0,10.0,0.0,2.0,0.0,0.5,0.0,0.63,0.7608474807008886
303.0,303.0,100,0.26,0.5966234959835189,0.026000000000000002,0.05966234959835189,0.9740000000000001,0.059662349598351934,0.0,0.0,0.0009999999999999998,0.009999999999999995,4.94,0.23868325657594192,0.2,0.44946657497549475,4.8,0.44946657497549514,0.0,0.0,10.6,0.974420314594759,10.55,0.9679197729505719,9.4,0.974420314594759,5.0,0.0,10.0,0.0,2.0,0.0,0.5,0.0,0.63,0.7608474807008886
304.0,304.0,100,0.25,0.5751591786697668,0.025,0.057515917866976705,0.975,0.057515917866976705,0.0,0.0,0.001,0.009999999999999998,4.94,0.23868325657594192,0.19,0.4191140246479061,4.81,0.4191140246479059,0.0,0.0,10.59,0.964993327029841,10.55,0.9679197729505719,9.41,0.964993327029841,5.0,0.0,10.0,0.0,2.0,0.0,0.5,0.0,0.63,0.7608474807008886
305.0,305.0,100,0.25,0.5751591786697668,0.025,0.057515917866976705,0.975,0.057515917866976705,0.0,0.0,0.0,0.0,4.94,0.23868325657594192,0.19,0.4191140246479061,4.8,0.44946657497549514,0.01,0.1,10.58,0.9658826496678012,10.54,0.9365744589575979,9.42,0.9658826496678012,5.0,0.0,10.0,0.0,2.0,0.0,0.5,0.0,0.63,0.7608474807008886
306.0,306.0,100,0.24,0.5706632681858591,0.024000000000000004,0.05706632681858589,0.976,0.057066326818585915,0.0,0.0,0.001,0.009999999999999997,4.94,0.23868325657594192,0.18,0.4114522199392407,4.82,0.4114522199392403,0.0,0.0,10.58,0.9658826496678016,10.53,0.9369518599580173,9.42,0.9658826496678016,5.0,0.0,10.0,0.0,2.0,0.0,0.5,0.0,0.63,0.7608474807008886
307.0,307.0,100,0.24,0.5706632681858591,0.024000000000000004,0.05706632681858589,0.976,0.057066326818585915,0.0,0.0,0.0,0.0,4.94,0.23868325657594192,0.18,0.4114522199392407,4.82,0.4114522199392403,0.0,0.0,10.58,0.9658826496678016,10.53,0.9369518599580173,9.42,0.9658826496678016,5.0,0.0,10.0,0.0,2.0,0.0,0.5,0.0,0.63,0.7608474807008886
308.0,308.0,100,0.24,0.5706632681858591,0.024000000000000004,0.05706632681858589,0.976,0.057066326818585915,0.0,0.0,0.0,0.0,4.94,0.23868325657594192,0.18,0.4114522199392407,4.81,0.44255913261233887,0.01,0.1,10.57,0.9666666666666665,10.54,0.9257265778671893,9.43,0.9666666666666665,5.0,0.0,10.0,0.0,2.0,0.0,0.5,0.0,0.63,0.7608474807008886
309.0,309.0,100,0.23,0.5478147589295219,0.023000000000000003,0.05478147589295219,0.977,0.05478147589295222,0.0,0.0,0.001,0.01,4.95,0.21904291355759029,0.18,0.4114522199392407,4.82,0.4114522199392403,0.0,0.0,10.57,0.9561602502940727,10.54,0.9257265778671893,9.43,0.9561602502940727,5.0,0.0,10.0,0.0,2.0,0.0,0.5,0.0,0.63,0.7608474807008886
310.0,310.0,100,0.22,0.5427204202399746,0.022000000000000002,0.05427204202399745,0.978,0.0542720420239974,0.0,0.0,0.001,0.009999999999999997,4.95,0.21904291355759029,0.17,0.40339468604243256,4.83,0.40339468604243234,0.0,0.0,10.56,0.9568466729604884,10.55,0.9252354327740623,9.44,0.9568466729604884,5.0,0.0,10.0,0.0,2.0,0.0,0.5,0.0,0.63,0.7608474807008886
311.0,311.0,100,0.22,0.5427204202399746,0.022000000000000002,0.05427204202399745,0.978,0.0542720420239974,0.0,0.0,0.0,0.0,4.95,0.21904291355759029,0.17,0.40339468604243256,4.83,0.40339468604243234,0.0,0.0,10.56,0.9568466729604884,10.55,0.9252354327740623,9.44,0.9568466729604884,5.0,0.0,10.0,0.0,2.0,0.0,0.5,0.0,0.63,0.7608474807008886
312.0,312.0,100,0.22,0.5427204202399746,0.022000000000000002,0.05427204202399745,0.978,0.0542720420239974,0.0,0.0,0.0,0.0,4.95,0.21904291355759029,0.17,0.40339468604243256,4.83,0.40339468604243234,0.0,0.0,10.56,0.9568466729604884,10.55,0.9252354327740623,9.44,0.9568466729604884,5.0,0.0,10.0,0.0,2.0,0.0,0.5,0.0,0.63,0.7608474807008886
313.0,313.0,100,0.22,0.5427204202399746,0.022000000000000002,0.05427204202399745,0.978,0.0542720420239974,0.0,0.0,0.0,0.0,4.95,0.21904291355759029,0.17,0.40339468604243256,4.83,0.40339468604243234,0.0,0.0,10.56,0.9568466729604884,10.55,0.9252354327740623,9.44,0.9568466729604884,5.0,0.0,10.0,0.0,2.0,0.0,0.5,0.0,0.63,0.7608474807008886
314.0,314.0,100,0.22,0.5427204202399746,0.022000000000000002,0.05427204202399745,0.978,0.0542720420239974,0.0,0.0,0.0,0.0,4.95,0.21904291355759029,0.17,0.40339468604243256,4.83,0.40339468604243234,0.0,0.0,10.56,0.9568466729604884,10.55,0.9252354327740623,9.44,0.9568466729604884,5.0,0.0,10.0,0.0,2.0,0.0,0.5,0.0,0.63,0.7608474807008886
315.0,315.0,100,0.21,0.5182526976156117,0.021,0.05182526976156117,0.9790000000000001,0.05182526976156117,0.0,0.0,0.001,0.009999999999999997,4.96,0.19694638556693247,0.17,0.40339468604243256,4.83,0.40339468604243234,0.0,0.0,10.55,0.9252354327740623,10.55,0.9252354327740623,9.45,0.9252354327740623,5.0,0.0,10.0,0.0,2.0,0.0,0.5,0.0,0.63,0.7608474807008886
316.0,316.0,100,0.21,0.5182526976156117,0.021,0.05182526976156117,0.9790000000000001,0.05182526976156117,0.0,0.0,0.0,0.0,4.96,0.19694638556693247,0.17,0.40339468604243256,4.83,0.40339468604243234,0.0,0.0,10.55,0.9252354327740623,10.55,0.9252354327740623,9.45,0.9252354327740623,5.0,0.0,10.0,0.0,2.0,0.0,0.5,0.0,0.63,0.7608474807008886
317.0,317.0,100,0.21,0.5182526976156117,0.021,0.05182526976156117,0.9790000000000001,0.05182526976156117,0.0,0.0,0.0,0.0,4.96,0.19694638556693247,0.17,0.40339468604243256,4.83,0.40339468604243234,0.0,0.0,10.55,0.9252354327740623,10.55,0.9252354327740623,9.45,0.9252354327740623,5.0,0.0,10.0,0.0,2.0,0.0,0.5,0.0,0.63,0.7608474807008886
318.0,318.0,100,0.21,0.5182526976156117,0.021,0.05182526976156117,0.9790000000000001,0.05182526976156117,0.0,0.0,0.0,0.0,4.96,0.19694638556693247,0.17,0.40339468604243256,4.83,0.40339468604243234,0.0,0.0,10.55,0.9252354327740623,10.55,0.9252354327740623,9.45,0.9252354327740623,5.0,0.0,10.0,0.0,2.0,0.0,0.5,0.0,0.63,0.7608474807008886
319.0,319.0,100,0.21,0.5182526976156117,0.021,0.05182526976156117,0.9790000000000001,0.05182526976156117,0.0,0.0,0.0,0.0,4.96,0.19694638556693247,0.17,0.40339468604243256,4.83,0.40339468604243234,0.0,0.0,10.55,0.9252354327740623,10.55,0.9252354327740623,9.45,0.9252354327740623,5.0,0.0,10.0,0.0,2.0,0.0,0.5,0.0,0.63,0.7608474807008886
320.0,320.0,100,0.21,0.5182526976156117,0.021,0.05182526976156117,0.9790000000000001,0.05182526976156117,0.0,0.0,0.0,0.0,4.96,0.19694638556693247,0.17,0.40339468604243256,4.83,0.40339468604243234,0.0,0.0,10.55,0.9252354327740623,10.54,0.9147500624584167,9.45,0.9252354327740623,5.0,0.0,10.0,0.0,2.0,0.0,0.5,0.0,0.63,0.7608474807008886
321.0,321.0,100,0.21,0.5182526976156117,0.021,0.05182526976156117,0.9790000000000001,0.05182526976156117,0.0,0.0,0.0,0.0,4.96,0.19694638556693247,0.17,0.40339468604243256,4.83,0.40339468604243234,0.0,0.0,10.55,0.9252354327740623,10.54,0.9147500624584167,9.45,0.9252354327740623,5.0,0.0,10.0,0.0,2.0,0.0,0.5,0.0,0.63,0.7608474807008886
322.0,322.0,100,0.21,0.5182526976156117,0.021,0.05182526976156117,0.9790000000000001,0.05182526976156117,0.0,0.0,0.0,0.0,4.96,0.19694638556693247,0.17,0.40339468604243256,4.83,0.40339468604243234,0.0,0.0,10.55,0.9252354327740623,10.54,0.9147500624584167,9.45,0.9252354327740623,5.0,0.0,10.0,0.0,2.0,0.0,0.5,0.0,0.63,0.7608474807008886
323.0,323.0,100,0.21,0.5182526976156117,0.021,0.05182526976156117,0.9790000000000001,0.05182526976156117,0.0,0.0,0.0,0.0,4.96,0.19694638556693247,0.17,0.40339468604243256,4.83,0.40339468604243234,0.0,0.0,10.55,0.9252354327740623,10.54,0.9147500624584167,9.45,0.9252354327740623,5.0,0.0,10.0,0.0,2.0,0.0,0.5,0.0,0.63,0.7608474807008886
324.0,324.0,100,0.21,0.5182526976156117,0.021,0.05182526976156117,0.9790000000000001,0.05182526976156117,0.0,0.0,0.0,0.0,4.96,0.19694638556693247,0.17,0.40339468604243256,4.83,0.40339468604243234,0.0,0.0,10.55,0.9252354327740623,10.54,0.9147500624584167,9.45,0.9252354327740623,5.0,0.0,10.0,0.0,2.0,0.0,0.5,0.0,0.63,0.7608474807008886
325.0,325.0,100,0.21,0.5182526976156117,0.021,0.05182526976156117,0.9790000000000001,0.05182526976156117,0.0,0.0,0.0,0.0,4.96,0.19694638556693247,0.17,0.40339468604243256,4.83,0.40339468604243234,0.0,0.0,10.55,0.9252354327740623,10.54,0.9147500624584167,9.45,0.9252354327740623,5.0,0.0,10.0,0.0,2.0,0.0,0.5,0.0,0.63,0.7608474807008886
326.0,326.0,100,0.21,0.5182526976156117,0.021,0.05182526976156117,0.9790000000000001,0.05182526976156117,0.0,0.0,0.0,0.0,4.96,0.19694638556693247,0.17,0.40339468604243256,4.83,0.40339468604243234,0.0,0.0,10.55,0.9252354327740623,10.52,0.9154123649917552,9.45,0.9252354327740623,5.0,0.0,10.0,0.0,2.0,0.0,0.5,0.0,0.63,0.7608474807008886
327.0,327.0,100,0.21,0.5182526976156117,0.021,0.05182526976156117,0.9790000000000001,0.05182526976156117,0.0,0.0,0.0,0.0,4.96,0.19694638556693247,0.17,0.40339468604243256,4.83,0.40339468604243234,0.0,0.0,10.55,0.9252354327740623,10.52,0.9154123649917552,9.45,0.9252354327740623,5.0,0.0,10.0,0.0,2.0,0.0,0.5,0.0,0.63,0.7608474807008886
328.0,328.0,100,0.21,0.5182526976156117,0.021,0.05182526976156117,0.9790000000000001,0.05182526976156117,0.0,0.0,0.0,0.0,4.96,0.19694638556693247,0.17,0.40339468604243256,4.83,0.40339468604243234,0.0,0.0,10.55,0.9252354327740623,10.52,0.9154123649917552,9.45,0.9252354327740623,5.0,0.0,10.0,0.0,2.0,0.0,0.5,0.0,0.63,0.7608474807008886
329.0,329.0,100,0.21,0.5182526976156117,0.021,0.05182526976156117,0.9790000000000001,0.05182526976156117,0.0,0.0,0.0,0.0,4.96,0.19694638556693247,0.17,0.40339468604243256,4.83,0.40339468604243234,0.0,0.0,10.55,0.9252354327740623,10.52,0.9154123649917552,9.45,0.9252354327740623,5.0,0.0,10.0,0.0,2.0,0.0,0.5,0.0,0.63,0.7608474807008886
330.0,330.0,100,0.19,0.4860685407045248,0.019000000000000003,0.04860685407045249,0.981,0.04860685407045247,0.0,0.0,0.002,0.014070529413628971,4.97,0.17144660799776537,0.16,0.39491720139745234,4.84,0.3949172013974525,0.0,0.0,10.53,0.915136463853751,10.51,0.9265445744727282,9.47,0.915136463853751,5.0,0.0,10.0,0.0,2.0,0.0,0.5,0.0,0.63,0.7608474807008886
331.0,331.0,100,0.18,0.47947783045620573,0.018000000000000002,0.04794778304562058,0.982,0.04794778304562054,0.0,0.0,0.001,0.009999999999999997,4.97,0.17144660799776537,0.15,0.38599209705627263,4.85,0.38599209705627263,0.0,0.0,10.52,0.9154123649917552,10.52,0.9154123649917552,9.48,0.9154123649917552,5.0,0.0,10.0,0.0,2.0,0.0,0.5,0.0,0.63,0.7608474807008886
332.0,332.0,100,0.18,0.47947783045620573,0.018000000000000002,0.04794778304562058,0.982,0.04794778304562054,0.0,0.0,0.0,0.0,4.97,0.17144660799776537,0.15,0.38599209705627263,4.85,0.38599209705627263,0.0,0.0,10.52,0.9154123649917552,10.52,0.9154123649917552,9.48,0.9154123649917552,5.0,0.0,10.0,0.0,2.0,0.0,0.5,0.0,0.63,0.7608474807008886
333.0,333.0,100,0.18,0.47947783045620573,0.018000000000000002,0.04794778304562058,0.982,0.04794778304562054,0.0,0.0,0.0,0.0,4.97,0.17144660799776537,0.15,0.38599209705627263,4.85,0.38599209705627263,0.0,0.0,10.52,0.9154123649917552,10.52,0.9154123649917552,9.48,0.9154123649917552,5.0,0.0,10.0,0.0,2.0,0.0,0.5,0.0,0.63,0.7608474807008886
334.0,334.0,100,0.18,0.47947783045620573,0.018000000000000002,0.04794778304562058,0.982,0.04794778304562054,0.0,0.0,0.0,0.0,4.97,0.17144660799776537,0.15,0.38599209705627263,4.85,0.38599209705627263,0.0,0.0,10.52,0.9154123649917552,10.52,0.9154123649917552,9.48,0.9154123649917552,5.0,0.0,10.0,0.0,2.0,0.0,0.5,0.0,0.63,0.7608474807008886
335.0,335.0,100,0.18,0.47947783045620573,0.018000000000000002,0.04794778304562058,0.982,0.04794778304562054,0.0,0.0,0.0,0.0,4.97,0.17144660799776537,0.15,0.38599209705627263,4.85,0.38599209705627263,0.0,0.0,10.52,0.9154123649917552,10.51,0.9155778657672043,9.48,0.9154123649917552,5.0,0.0,10.0,0.0,2.0,0.0,0.5,0.0,0.63,0.7608474807008886
336.0,336.0,100,0.18,0.47947783045620573,0.018000000000000002,0.04794778304562058,0.982,0.04794778304562054,0.0,0.0,0.0,0.0,4.97,0.17144660799776537,0.15,0.38599209705627263,4.85,0.38599209705627263,0.0,0.0,10.52,0.9154123649917552,10.5,0.8932971498777984,9.48,0.9154123649917552,5.0,0.0,10.0,0.0,2.0,0.0,0.5,0.0,0.63,0.7608474807008886
337.0,337.0,100,0.18,0.47947783045620573,0.018000000000000002,0.04794778304562058,0.982,0.04794778304562054,0.0,0.0,0.0,0.0,4.97,0.17144660799776537,0.15,0.38599209705627263,4.85,0.38599209705627263,0.0,0.0,10.52,0.9154123649917552,10.5,0.8932971498777984,9.48,0.9154123649917552,5.0,0.0,10.0,0.0,2.0,0.0,0.5,0.0,0.63,0.7608474807008886
338.0,338.0,100,0.18,0.47947783045620573,0.018000000000000002,0.04794778304562058,0.982,0.04794778304562054,0.0,0.0,0.0,0.0,4.97,0.17144660799776537,0.15,0.38599209705627263,4.85,0.38599209705627263,0.0,0.0,10.52,0.9154123649917552,10.49,0.9044781965756874,9.48,0.9154123649917552,5.0,0.0,10.0,0.0,2.0,0.0,0.5,0.0,0.63,0.7608474807008886
339.0,339.0,100,0.17,0.4725815626252609,0.017,0.047258156262526094,0.983,0.04725815626252608,0.0,0.0,0.001,0.009999999999999997,4.97,0.17144660799776537,0.14,0.3765875486765086,4.86,0.3765875486765086,0.0,0.0,10.51,0.9155778657672043,10.49,0.9044781965756874,9.49,0.9155778657672043,5.0,0.0,10.0,0.0,2.0,0.0,0.5,0.0,0.63,0.7608474807008886
340.0,340.0,100,0.16,0.4653661532230901,0.016,0.04653661532230901,0.9840000000000001,0.04653661532230902,0.0,0.0,0.001,0.009999999999999997,4.97,0.17144660799776537,0.13,0.3666666666666666,4.87,0.3666666666666668,0.0,0.0,10.5,0.8932971498777984,10.5,0.8932971498777984,9.5,0.8932971498777984,5.0,0.0,10.0,0.0,2.0,0.0,0.5,0.0,0.63,0.7608474807008886
341.0,341.0,100,0.16,0.4653661532230901,0.016,0.04653661532230901,0.9840000000000001,0.04653661532230902,0.0,0.0,0.0,0.0,4.97,0.17144660799776537,0.13,0.3666666666666666,4.87,0.3666666666666668,0.0,0.0,10.5,0.8932971498777984,10.5,0.8932971498777984,9.5,0.8932971498777984,5.0,0.0,10.0,0.0,2.0,0.0,0.5,0.0,0.63,0.7608474807008886
342.0,342.0,100,0.16,0.4653661532230901,0.016,0.04653661532230901,0.9840000000000001,0.04653661532230902,0.0,0.0,0.0,0.0,4.97,0.17144660799776537,0.13,0.3666666666666666,4.87,0.3666666666666668,0.0,0.0,10.5,0.8932971498777984,10.5,0.8932971498777984,9.5,0.8932971498777984,5.0,0.0,10.0,0.0,2.0,0.0,0.5,0.0,0.63,0.7608474807008886
343.0,343.0,100,0.16,0.4653661532230901,0.016,0.04653661532230901,0.9840000000000001,0.04653661532230902,0.0,0.0,0.0,0.0,4.97,0.17144660799776537,0.13,0.3666666666666666,4.87,0.3666666666666668,0.0,0.0,10.5,0.8932971498777984,10.5,0.8932971498777984,9.5,0.8932971498777984,5.0,0.0,10.0,0.0,2.0,0.0,0.5,0.0,0.63,0.7608474807008886
344.0,344.0,100,0.16,0.4653661532230901,0.016,0.04653661532230901,0.9840000000000001,0.04653661532230902,0.0,0.0,0.0,0.0,4.97,0.17144660799776537,0.13,0.3666666666666666,4.87,0.3666666666666668,0.0,0.0,10.5,0.8932971498777984,10.5,0.8932971498777984,9.5,0.8932971498777984,5.0,0.0,10.0,0.0,2.0,0.0,0.5,0.0,0.63,0.7608474807008886
345.0,345.0,100,0.16,0.4653661532230901,0.016,0.04653661532230901,0.9840000000000001,0.04653661532230902,0.0,0.0,0.0,0.0,4.97,0.17144660799776537,0.13,0.3666666666666666,4.87,0.3666666666666668,0.0,0.0,10.5,0.8932971498777984,10.5,0.8932971498777984,9.5,0.8932971498777984,5.0,0.0,10.0,0.0,2.0,0.0,0.5,0.0,0.63,0.7608474807008886
346.0,346.0,100,0.16,0.4653661532230901,0.016,0.04653661532230901,0.9840000000000001,0.04653661532230902,0.0,0.0,0.0,0.0,4.97,0.17144660799776537,0.13,0.3666666666666666,4.87,0.3666666666666668,0.0,0.0,10.5,0.8932971498777984,10.5,0.8932971498777984,9.5,0.8932971498777984,5.0,0.0,10.0,0.0,2.0,0.0,0.5,0.0,0.63,0.7608474807008886
347.0,347.0,100,0.16,0.4653661532230901,0.016,0.04653661532230901,0.9840000000000001,0.04653661532230902,0.0,0.0,0.0,0.0,4.97,0.17144660799776537,0.13,0.3666666666666666,4.87,0.3666666666666668,0.0,0.0,10.5,0.8932971498777984,10.5,0.8932971498777984,9.5,0.8932971498777984,5.0,0.0,10.0,0.0,2.0,0.0,0.5,0.0,0.63,0.7608474807008886
348.0,348.0,100,0.16,0.4653661532230901,0.016,0.04653661532230901,0.9840000000000001,0.04653661532230902,0.0,0.0,0.0,0.0,4.97,0.17144660799776537,0.13,0.3666666666666666,4.87,0.3666666666666668,0.0,0.0,10.5,0.8932971498777984,10.5,0.8932971498777984,9.5,0.8932971498777984,5.0,0.0,10.0,0.0,2.0,0.0,0.5,0.0,0.63,0.7608474807008886
349.0,349.0,100,0.16,0.4653661532230901,0.016,0.04653661532230901,0.9840000000000001,0.04653661532230902,0.0,0.0,0.0,0.0,4.97,0.17144660799776537,0.13,0.3666666666666666,4.87,0.3666666666666668,0.0,0.0,10.5,0.8932971498777984,10.5,0.8932971498777984,9.5,0.8932971498777984,5.0,0.0,10.0,0.0,2.0,0.0,0.5,0.0,0.63,0.7608474807008886
350.0,350.0,100,0.16,0.4653661532230901,0.016,0.04653661532230901,0.9840000000000001,0.04653661532230902,0.0,0.0,0.0,0.0,4.97,0.17144660799776537,0.13,0.3666666666666666,4.87,0.3666666666666668,0.0,0.0,10.5,0.8932971498777984,10.5,0.8932971498777984,9.5,0.8932971498777984,5.0,0.0,10.0,0.0,2.0,0.0,0.5,0.0,0.63,0.7608474807008886
351.0,351.0,100,0.16,0.4653661532230901,0.016,0.04653661532230901,0.9840000000000001,0.04653661532230902,0.0,0.0,0.0,0.0,4.97,0.17144660799776537,0.13,0.3666666666666666,4.87,0.3666666666666668,0.0,0.0,10.5,0.8932971498777984,10.49,0.8932406102942183,9.5,0.8932971498777984,5.0,0.0,10.0,0.0,2.0,0.0,0.5,0.0,0.63,0.7608474807008886
352.0,352.0,100,0.16,0.4653661532230901,0.016,0.04653661532230901,0.9840000000000001,0.04653661532230902,0.0,0.0,0.0,0.0,4.97,0.17144660799776537,0.13,0.3666666666666666,4.87,0.3666666666666668,0.0,0.0,10.5,0.8932971498777984,10.49,0.8932406102942183,9.5,0.8932971498777984,5.0,0.0,10.0,0.0,2.0,0.0,0.5,0.0,0.63,0.7608474807008886
353.0,353.0,100,0.16,0.4653661532230901,0.016,0.04653661532230901,0.9840000000000001,0.04653661532230902,0.0,0.0,0.0,0.0,4.97,0.17144660799776537,0.13,0.3666666666666666,4.87,0.3666666666666668,0.0,0.0,10.5,0.8932971498777984,10.49,0.8932406102942183,9.5,0.8932971498777984,5.0,0.0,10.0,0.0,2.0,0.0,0.5,0.0,0.63,0.7608474807008886
354.0,354.0,100,0.16,0.4653661532230901,0.016,0.04653661532230901,0.9840000000000001,0.04653661532230902,0.0,0.0,0.0,0.0,4.97,0.17144660799776537,0.13,0.3666666666666666,4.87,0.3666666666666668,0.0,0.0,10.5,0.8932971498777984,10.48,0.8584693919818553,9.5,0.8932971498777984,5.0,0.0,10.0,0.0,2.0,0.0,0.5,0.0,0.63,0.7608474807008886
355.0,355.0,100,0.15,0.4578165130223676,0.015,0.04578165130223676,0.985,0.04578165130223674,0.0,0.0,0.001,0.009999999999999997,4.97,0.17144660799776537,0.12,0.3561863092100635,4.88,0.35618630921006356,0.0,0.0,10.49,0.8932406102942183,10.48,0.8584693919818553,9.51,0.8932406102942183,5.0,0.0,10.0,0.0,2.0,0.0,0.5,0.0,0.63,0.7608474807008886
356.0,356.0,100,0.15,0.4578165130223676,0.015,0.04578165130223676,0.985,0.04578165130223674,0.0,0.0,0.0,0.0,4.97,0.17144660799776537,0.12,0.3561863092100635,4.88,0.35618630921006356,0.0,0.0,10.49,0.8932406102942183,10.48,0.8584693919818553,9.51,0.8932406102942183,5.0,0.0,10.0,0.0,2.0,0.0,0.5,0.0,0.63,0.7608474807008886
357.0,357.0,100,0.15,0.4578165130223676,0.015,0.04578165130223676,0.985,0.04578165130223674,0.0,0.0,0.0,0.0,4.97,0.17144660799776537,0.12,0.3561863092100635,4.88,0.35618630921006356,0.0,0.0,10.49,0.8932406102942183,10.48,0.8584693919818553,9.51,0.8932406102942183,5.0,0.0,10.0,0.0,2.0,0.0,0.5,0.0,0.63,0.7608474807008886
358.0,358.0,100,0.15,0.4578165130223676,0.015,0.04578165130223676,0.985,0.04578165130223674,0.0,0.0,0.0,0.0,4.97,0.17144660799776537,0.12,0.3561863092100635,4.88,0.35618630921006356,0.0,0.0,10.49,0.8932406102942183,10.48,0.8584693919818553,9.51,0.8932406102942183,5.0,0.0,10.0,0.0,2.0,0.0,0.5,0.0,0.63,0.7608474807008886
359.0,359.0,100,0.15,0.4578165130223676,0.015,0.04578165130223676,0.985,0.04578165130223674,0.0,0.0,0.0,0.0,4.97,0.17144660799776537,0.12,0.3561863092100635,4.88,0.35618630921006356,0.0,0.0,10.49,0.8932406102942183,10.48,0.8584693919818553,9.51,0.8932406102942183,5.0,0.0,10.0,0.0,2.0,0.0,0.5,0.0,0.63,0.7608474807008886
360.0,360.0,100,0.15,0.4578165130223676,0.015,0.04578165130223676,0.985,0.04578165130223674,0.0,0.0,0.0,0.0,4.97,0.17144660799776537,0.12,0.3561863092100635,4.88,0.35618630921006356,0.0,0.0,10.49,0.8932406102942183,10.48,0.8584693919818553,9.51,0.8932406102942183,5.0,0.0,10.0,0.0,2.0,0.0,0.5,0.0,0.63,0.7608474807008886
361.0,361.0,100,0.15,0.4578165130223676,0.015,0.04578165130223676,0.985,0.04578165130223674,0.0,0.0,0.0,0.0,4.97,0.17144660799776537,0.12,0.3561863092100635,4.88,0.35618630921006356,0.0,0.0,10.49,0.8932406102942183,10.46,0.8092895000860291,9.51,0.8932406102942183,5.0,0.0,10.0,0.0,2.0,0.0,0.5,0.0,0.63,0.7608474807008886
362.0,362.0,100,0.15,0.4578165130223676,0.015,0.04578165130223676,0.985,0.04578165130223674,0.0,0.0,0.0,0.0,4.97,0.17144660799776537,0.12,0.3561863092100635,4.88,0.35618630921006356,0.0,0.0,10.49,0.8932406102942183,10.46,0.8092895000860291,9.51,0.8932406102942183,5.0,0.0,10.0,0.0,2.0,0.0,0.5,0.0,0.63,0.7608474807008886
363.0,363.0,100,0.15,0.4578165130223676,0.015,0.04578165130223676,0.985,0.04578165130223674,0.0,0.0,0.0,0.0,4.97,0.17144660799776537,0.12,0.3561863092100635,4.88,0.35618630921006356,0.0,0.0,10.49,0.8932406102942183,10.46,0.8092895000860291,9.51,0.8932406102942183,5.0,0.0,10.0,0.0,2.0,0.0,0.5,0.0,0.63,0.7608474807008886
364.0,364.0,100,0.15,0.4578165130223676,0.015,0.04578165130223676,0.985,0.04578165130223674,0.0,0.0,0.0,0.0,4.97,0.17144660799776537,0.12,0.3561863092100635,4.88,0.35618630921006356,0.0,0.0,10.49,0.8932406102942183,10.46,0.8092895000860291,9.51,0.8932406102942183,5.0,0.0,10.0,0.0,2.0,0.0,0.5,0.0,0.63,0.7608474807008886
365.0,365.0,100,0.13,0.4181488788081164,0.013000000000000001,0.04181488788081165,0.987,0.041814887880811634,0.0,0.0,0.002,0.014070529413628968,4.98,0.1407052941362897,0.11,0.3450955072018603,4.89,0.3450955072018604,0.0,0.0,10.47,0.8343024667712576,10.46,0.8092895000860291,9.53,0.8343024667712576,5.0,0.0,10.0,0.0,2.0,0.0,0.5,0.0,0.63,0.7608474807008886
366.0,366.0,100,0.12,0.40898988651643614,0.012000000000000002,0.040898988651643625,0.988,0.040898988651643604,0.0,0.0,0.001,0.009999999999999998,4.98,0.1407052941362897,0.1,0.3333333333333334,4.9,0.33333333333333365,0.0,0.0,10.46,0.8092895000860291,10.45,0.7961396760860393,9.54,0.8092895000860291,5.0,0.0,10.0,0.0,2.0,0.0,0.5,0.0,0.63,0.7608474807008886
367.0,367.0,100,0.12,0.40898988651643614,0.012000000000000002,0.040898988651643625,0.988,0.040898988651643604,0.0,0.0,0.0,0.0,4.98,0.1407052941362897,0.1,0.3333333333333334,4.9,0.33333333333333365,0.0,0.0,10.46,0.8092895000860291,10.46,0.8092895000860291,9.54,0.8092895000860291,5.0,0.0,10.0,0.0,2.0,0.0,0.5,0.0,0.63,0.7608474807008886
368.0,368.0,100,0.12,0.40898988651643614,0.012000000000000002,0.040898988651643625,0.988,0.040898988651643604,0.0,0.0,0.0,0.0,4.98,0.1407052941362897,0.1,0.3333333333333334,4.9,0.33333333333333365,0.0,0.0,10.46,0.8092895000860291,10.45,0.808727645156516,9.54,0.8092895000860291,5.0,0.0,10.0,0.0,2.0,0.0,0.5,0.0,0.63,0.7608474807008886
369.0,369.0,100,0.12,0.40898988651643614,0.012000000000000002,0.040898988651643625,0.988,0.040898988651643604,0.0,0.0,0.0,0.0,4.98,0.1407052941362897,0.1,0.3333333333333334,4.9,0.33333333333333365,0.0,0.0,10.46,0.8092895000860291,10.44,0.7954415583355404,9.54,0.8092895000860291,5.0,0.0,10.0,0.0,2.0,0.0,0.5,0.0,0.63,0.7608474807008886
370.0,370.0,100,0.12,0.40898988651643614,0.012000000000000002,0.040898988651643625,0.988,0.040898988651643604,0.0,0.0,0.0,0.0,4.98,0.1407052941362897,0.1,0.3333333333333334,4.9,0.33333333333333365,0.0,0.0,10.46,0.8092895000860291,10.43,0.7818005635787945,9.54,0.8092895000860291,5.0,0.0,10.0,0.0,2.0,0.0,0.5,0.0,0.63,0.7608474807008886
371.0,371.0,100,0.12,0.40898988651643614,0.012000000000000002,0.040898988651643625,0.988,0.040898988651643604,0.0,0.0,0.0,0.0,4.98,0.1407052941362897,0.1,0.3333333333333334,4.9,0.33333333333333365,0.0,0.0,10.46,0.8092895000860291,10.42,0.7677857445244407,9.54,0.8092895000860291,5.0,0.0,10.0,0.0,2.0,0.0,0.5,0.0,0.63,0.7608474807008886
372.0,372.0,100,0.11,0.3993681878855018,0.011000000000000001,0.03993681878855019,0.9890000000000001,0.03993681878855011,0.0,0.0,0.001,0.009999999999999997,4.98,0.1407052941362897,0.09,0.32082595426382343,4.91,0.32082595426382343,0.0,0.0,10.45,0.808727645156516,10.42,0.7677857445244407,9.55,0.808727645156516,5.0,0.0,10.0,0.0,2.0,0.0,0.5,0.0,0.63,0.7608474807008886
373.0,373.0,100,0.1,0.36237153766973934,0.01,0.03623715376697394,0.99,0.03623715376697392,0.0,0.0,0.001,0.009999999999999997,4.98,0.1407052941362897,0.08,0.27265992434429076,4.92,0.2726599243442908,0.0,0.0,10.44,0.7954415583355404,10.41,0.7666666666666667,9.56,0.7954415583355404,5.0,0.0,10.0,0.0,2.0,0.0,0.5,0.0,0.63,0.7608474807008886
374.0,374.0,100,0.1,0.36237153766973934,0.01,0.03623715376697394,0.99,0.03623715376697392,0.0,0.0,0.0,0.0,4.98,0.1407052941362897,0.08,0.27265992434429076,4.92,0.2726599243442908,0.0,0.0,10.44,0.7954415583355404,10.41,0.7666666666666667,9.56,0.7954415583355404,5.0,0.0,10.0,0.0,2.0,0.0,0.5,0.0,0.63,0.7608474807008886
375.0,375.0,100,0.1,0.36237153766973934,0.01,0.03623715376697394,0.99,0.03623715376697392,0.0,0.0,0.0,0.0,4.98,0.1407052941362897,0.08,0.27265992434429076,4.92,0.2726599243442908,0.0,0.0,10.44,0.7954415583355404,10.4,0.7654139963827326,9.56,0.7954415583355404,5.0,0.0,10.0,0.0,2.0,0.0,0.5,0.0,0.63,0.7608474807008886
376.0,376.0,100,0.1,0.36237153766973934,0.01,0.03623715376697394,0.99,0.03623715376697392,0.0,0.0,0.0,0.0,4.98,0.1407052941362897,0.08,0.27265992434429076,4.92,0.2726599243442908,0.0,0.0,10.44,0.7954415583355404,10.39,0.7640270765734507,9.56,0.7954415583355404,5.0,0.0,10.0,0.0,2.0,0.0,0.5,0.0,0.63,0.7608474807008886
377.0,377.0,100,0.1,0.36237153766973934,0.01,0.03623715376697394,0.99,0.03623715376697392,0.0,0.0,0.0,0.0,4.98,0.1407052941362897,0.08,0.27265992434429076,4.92,0.2726599243442908,0.0,0.0,10.44,0.7954415583355404,10.38,0.7756391955130696,9.56,0.7954415583355404,5.0,0.0,10.0,0.0,2.0,0.0,0.5,0.0,0.63,0.7608474807008886
378.0,378.0,100,0.1,0.36237153766973934,0.01,0.03623715376697394,0.99,0.03623715376697392,0.0,0.0,0.0,0.0,4.98,0.1407052941362897,0.08,0.27265992434429076,4.92,0.2726599243442908,0.0,0.0,10.44,0.7954415583355404,10.37,0.786951668968895,9.56,0.7954415583355404,5.0,0.0,10.0,0.0,2.0,0.0,0.5,0.0,0.63,0.7608474807008886
379.0,379.0,100,0.09,0.3509007169147893,0.009000000000000001,0.035090071691478944,0.991,0.03509007169147891,0.0,0.0,0.001,0.009999999999999997,4.98,0.1407052941362897,0.07,0.2564323999762428,4.93,0.25643239997624284,0.0,0.0,10.43,0.7946157193349128,10.37,0.786951668968895,9.57,0.7946157193349128,5.0,0.0,10.0,0.0,2.0,0.0,0.5,0.0,0.63,0.7608474807008886
380.0,380.0,100,0.08,0.30748244591432294,0.008,0.030748244591432307,0.992,0.030748244591432262,0.0,0.0,0.001,0.009999999999999997,4.99,0.09999999999999981,0.07,0.2564323999762428,4.93,0.25643239997624284,0.0,0.0,10.42,0.7808309482192478,10.38,0.7756391955130696,9.58,0.7808309482192478,5.0,0.0,10.0,0.0,2.0,0.0,0.5,0.0,0.63,0.7608474807008886
381.0,381.0,100,0.06,0.23868325657594203,0.006000000000000001,0.023868325657594208,0.9940000000000001,0.023868325657594197,0.0,0.0,0.002,0.014070529413628971,5.0,0.0,0.06,0.23868325657594203,4.93,0.25643239997624284,0.01,0.09999999999999999,10.39,0.7771353768420236,10.38,0.7756391955130696,9.61,0.7771353768420236,5.0,0.0,10.0,0.0,2.0,0.0,0.5,0.0,0.63,0.7608474807008886
382.0,382.0,100,0.06,0.23868325657594203,0.006000000000000001,0.023868325657594208,0.9940000000000001,0.023868325657594197,0.0,0.0,0.0,0.0,5.0,0.0,0.06,0.23868325657594203,4.94,0.23868325657594194,0.0,0.0,10.4,0.7654139963827327,10.38,0.7756391955130696,9.6,0.7654139963827327,5.0,0.0,10.0,0.0,2.0,0.0,0.5,0.0,0.63,0.7608474807008886
383.0,383.0,100,0.06,0.23868325657594203,0.006000000000000001,0.023868325657594208,0.9940000000000001,0.023868325657594197,0.0,0.0,0.0,0.0,5.0,0.0,0.06,0.23868325657594203,4.94,0.23868325657594194,0.0,0.0,10.4,0.7654139963827327,10.39,0.7640270765734507,9.6,0.7654139963827327,5.0,0.0,10.0,0.0,2.0,0.0,0.5,0.0,0.63,0.7608474807008886
384.0,384.0,100,0.06,0.23868325657594203,0.006000000000000001,0.023868325657594208,0.9940000000000001,0.023868325657594197,0.0,0.0,0.0,0.0,5.0,0.0,0.06,0.23868325657594203,4.94,0.23868325657594194,0.0,0.0,10.4,0.7654139963827327,10.39,0.7640270765734507,9.6,0.7654139963827327,5.0,0.0,10.0,0.0,2.0,0.0,0.5,0.0,0.63,0.7608474807008886
385.0,385.0,100,0.06,0.23868325657594203,0.006000000000000001,0.023868325657594208,0.9940000000000001,0.023868325657594197,0.0,0.0,0.0,0.0,5.0,0.0,0.06,0.23868325657594203,4.94,0.23868325657594194,0.0,0.0,10.4,0.7654139963827327,10.39,0.7640270765734507,9.6,0.7654139963827327,5.0,0.0,10.0,0.0,2.0,0.0,0.5,0.0,0.63,0.7608474807008886
386.0,386.0,100,0.05,0.21904291355759029,0.005,0.02190429135575903,0.995,0.021904291355759043,0.0,0.0,0.001,0.009999999999999997,5.0,0.0,0.05,0.21904291355759029,4.95,0.21904291355759034,0.0,0.0,10.39,0.7640270765734507,10.39,0.7640270765734507,9.61,0.7640270765734507,5.0,0.0,10.0,0.0,2.0,0.0,0.5,0.0,0.63,0.7608474807008886
387.0,387.0,100,0.05,0.21904291355759029,0.005,0.02190429135575903,0.995,0.021904291355759043,0.0,0.0,0.0,0.0,5.0,0.0,0.05,0.21904291355759029,4.95,0.21904291355759034,0.0,0.0,10.39,0.7640270765734507,10.39,0.7640270765734507,9.61,0.7640270765734507,5.0,0.0,10.0,0.0,2.0,0.0,0.5,0.0,0.63,0.7608474807008886
388.0,388.0,100,0.05,0.21904291355759029,0.005,0.02190429135575903,0.995,0.021904291355759043,0.0,0.0,0.0,0.0,5.0,0.0,0.05,0.21904291355759029,4.95,0.21904291355759034,0.0,0.0,10.39,0.7640270765734507,10.39,0.7640270765734507,9.61,0.7640270765734507,5.0,0.0,10.0,0.0,2.0,0.0,0.5,0.0,0.63,0.7608474807008886
389.0,389.0,100,0.05,0.21904291355759029,0.005,0.02190429135575903,0.995,0.021904291355759043,0.0,0.0,0.0,0.0,5.0,0.0,0.05,0.21904291355759029,4.95,0.21904291355759034,0.0,0.0,10.39,0.7640270765734507,10.39,0.7640270765734507,9.61,0.7640270765734507,5.0,0.0,10.0,0.0,2.0,0.0,0.5,0.0,0.63,0.7608474807008886
390.0,390.0,100,0.05,0.21904291355759029,0.005,0.02190429135575903,0.995,0.021904291355759043,0.0,0.0,0.0,0.0,5.0,0.0,0.05,0.21904291355759029,4.95,0.21904291355759034,0.0,0.0,10.39,0.7640270765734507,10.39,0.7640270765734507,9.61,0.7640270765734507,5.0,0.0,10.0,0.0,2.0,0.0,0.5,0.0,0.63,0.7608474807008886
391.0,391.0,100,0.05,0.21904291355759029,0.005,0.02190429135575903,0.995,0.021904291355759043,0.0,0.0,0.0,0.0,5.0,0.0,0.05,0.21904291355759029,4.95,0.21904291355759034,0.0,0.0,10.39,0.7640270765734507,10.39,0.7640270765734507,9.61,0.7640270765734507,5.0,0.0,10.0,0.0,2.0,0.0,0.5,0.0,0.63,0.7608474807008886
392.0,392.0,100,0.05,0.21904291355759029,0.005,0.02190429135575903,0.995,0.021904291355759043,0.0,0.0,0.0,0.0,5.0,0.0,0.05,0.21904291355759029,4.95,0.21904291355759034,0.0,0.0,10.39,0.7640270765734507,10.39,0.7640270765734507,9.61,0.7640270765734507,5.0,0.0,10.0,0.0,2.0,0.0,0.5,0.0,0.63,0.7608474807008886
393.0,393.0,100,0.05,0.21904291355759029,0.005,0.02190429135575903,0.995,0.021904291355759043,0.0,0.0,0.0,0.0,5.0,0.0,0.05,0.21904291355759029,4.95,0.21904291355759034,0.0,0.0,10.39,0.7640270765734507,10.39,0.7640270765734507,9.61,0.7640270765734507,5.0,0.0,10.0,0.0,2.0,0.0,0.5,0.0,0.63,0.7608474807008886
394.0,394.0,100,0.05,0.21904291355759029,0.005,0.02190429135575903,0.995,0.021904291355759043,0.0,0.0,0.0,0.0,5.0,0.0,0.05,0.21904291355759029,4.95,0.21904291355759034,0.0,0.0,10.39,0.7640270765734507,10.39,0.7640270765734507,9.61,0.7640270765734507,5.0,0.0,10.0,0.0,2.0,0.0,0.5,0.0,0.63,0.7608474807008886
395.0,395.0,100,0.05,0.21904291355759029,0.005,0.02190429135575903,0.995,0.021904291355759043,0.0,0.0,0.0,0.0,5.0,0.0,0.05,0.21904291355759029,4.95,0.21904291355759034,0.0,0.0,10.39,0.7640270765734507,10.39,0.7640270765734507,9.61,0.7640270765734507,5.0,0.0,10.0,0.0,2.0,0.0,0.5,0.0,0.63,0.7608474807008886
396.0,396.0,100,0.05,0.21904291355759029,0.005,0.02190429135575903,0.995,0.021904291355759043,0.0,0.0,0.0,0.0,5.0,0.0,0.05,0.21904291355759029,4.95,0.21904291355759034,0.0,0.0,10.39,0.7640270765734507,10.39,0.7640270765734507,9.61,0.7640270765734507,5.0,0.0,10.0,0.0,2.0,0.0,0.5,0.0,0.63,0.7608474807008886
397.0,397.0,100,0.05,0.21904291355759029,0.005,0.02190429135575903,0.995,0.021904291355759043,0.0,0.0,0.0,0.0,5.0,0.0,0.05,0.21904291355759029,4.95,0.21904291355759034,0.0,0.0,10.39,0.7640270765734507,10.39,0.7640270765734507,9.61,0.7640270765734507,5.0,0.0,10.0,0.0,2.0,0.0,0.5,0.0,0.63,0.7608474807008886
398.0,398.0,100,0.05,0.21904291355759029,0.005,0.02190429135575903,0.995,0.021904291355759043,0.0,0.0,0.0,0.0,5.0,0.0,0.05,0.21904291355759029,4.95,0.21904291355759034,0.0,0.0,10.39,0.7640270765734507,10.39,0.7640270765734507,9.61,0.7640270765734507,5.0,0.0,10.0,0.0,2.0,0.0,0.5,0.0,0.63,0.7608474807008886
399.0,399.0,100,0.05,0.21904291355759029,0.005,0.02190429135575903,0.995,0.021904291355759043,0.0,0.0,0.0,0.0,5.0,0.0,0.05,0.21904291355759029,4.95,0.21904291355759034,0.0,0.0,10.39,0.7640270765734507,10.39,0.7640270765734507,9.61,0.7640270765734507,5.0,0.0,10.0,0.0,2.0,0.0,0.5,0.0,0.63,0.7608474807008886
400.0,400.0,100,0.05,0.21904291355759029,0.005,0.02190429135575903,0.995,0.021904291355759043,0.0,0.0,0.0,0.0,5.0,0.0,0.05,0.21904291355759029,4.95,0.21904291355759034,0.0,0.0,10.39,0.7640270765734507,10.39,0.7640270765734507,9.61,0.7640270765734507,5.0,0.0,10.0,0.0,2.0,0.0,0.5,0.0,0.63,0.7608474807008886
401.0,401.0,100,0.05,0.21904291355759029,0.005,0.02190429135575903,0.995,0.021904291355759043,0.0,0.0,0.0,0.0,5.0,0.0,0.05,0.21904291355759029,4.95,0.21904291355759034,0.0,0.0,10.39,0.7640270765734507,10.39,0.7640270765734507,9.61,0.7640270765734507,5.0,0.0,10.0,0.0,2.0,0.0,0.5,0.0,0.63,0.7608474807008886
402.0,402.0,100,0.05,0.21904291355759029,0.005,0.02190429135575903,0.995,0.021904291355759043,0.0,0.0,0.0,0.0,5.0,0.0,0.05,0.21904291355759029,4.95,0.21904291355759034,0.0,0.0,10.39,0.7640270765734507,10.39,0.7640270765734507,9.61,0.7640270765734507,5.0,0.0,10.0,0.0,2.0,0.0,0.5,0.0,0.63,0.7608474807008886
403.0,403.0,100,0.05,0.21904291355759029,0.005,0.02190429135575903,0.995,0.021904291355759043,0.0,0.0,0.0,0.0,5.0,0.0,0.05,0.21904291355759029,4.95,0.21904291355759034,0.0,0.0,10.39,0.7640270765734507,10.39,0.7640270765734507,9.61,0.7640270765734507,5.0,0.0,10.0,0.0,2.0,0.0,0.5,0.0,0.63,0.7608474807008886
404.0,404.0,100,0.05,0.21904291355759029,0.005,0.02190429135575903,0.995,0.021904291355759043,0.0,0.0,0.0,0.0,5.0,0.0,0.05,0.21904291355759029,4.95,0.21904291355759034,0.0,0.0,10.39,0.7640270765734507,10.38,0.762505174680239,9.61,0.7640270765734507,5.0,0.0,10.0,0.0,2.0,0.0,0.5,0.0,0.63,0.7608474807008886
405.0,405.0,100,0.05,0.21904291355759029,0.005,0.02190429135575903,0.995,0.021904291355759043,0.0,0.0,0.0,0.0,5.0,0.0,0.05,0.21904291355759029,4.95,0.21904291355759034,0.0,0.0,10.39,0.7640270765734507,10.38,0.762505174680239,9.61,0.7640270765734507,5.0,0.0,10.0,0.0,2.0,0.0,0.5,0.0,0.63,0.7608474807008886
406.0,406.0,100,0.05,0.21904291355759029,0.005,0.02190429135575903,0.995,0.021904291355759043,0.0,0.0,0.0,0.0,5.0,0.0,0.05,0.21904291355759029,4.95,0.21904291355759034,0.0,0.0,10.39,0.7640270765734507,10.38,0.762505174680239,9.61,0.7640270765734507,5.0,0.0,10.0,0.0,2.0,0.0,0.5,0.0,0.63,0.7608474807008886
407.0,407.0,100,0.05,0.21904291355759029,0.005,0.02190429135575903,0.995,0.021904291355759043,0.0,0.0,0.0,0.0,5.0,0.0,0.05,0.21904291355759029,4.95,0.21904291355759034,0.0,0.0,10.39,0.7640270765734507,10.38,0.762505174680239,9.61,0.7640270765734507,5.0,0.0,10.0,0.0,2.0,0.0,0.5,0.0,0.63,0.7608474807008886
408.0,408.0,100,0.04,0.19694638556693236,0.004,0.019694638556693237,0.996,0.019694638556693265,0.0,0.0,0.001,0.009999999999999998,5.0,0.0,0.04,0.19694638556693236,4.96,0.19694638556693242,0.0,0.0,10.38,0.762505174680239,10.38,0.762505174680239,9.62,0.762505174680239,5.0,0.0,10.0,0.0,2.0,0.0,0.5,0.0,0.63,0.7608474807008886
409.0,409.0,100,0.04,0.19694638556693236,0.004,0.019694638556693237,0.996,0.019694638556693265,0.0,0.0,0.0,0.0,5.0,0.0,0.04,0.19694638556693236,4.96,0.19694638556693242,0.0,0.0,10.38,0.762505174680239,10.38,0.762505174680239,9.62,0.762505174680239,5.0,0.0,10.0,0.0,2.0,0.0,0.5,0.0,0.63,0.7608474807008886
410.0,410.0,100,0.04,0.19694638556693236,0.004,0.019694638556693237,0.996,0.019694638556693265,0.0,0.0,0.0,0.0,5.0,0.0,0.04,0.19694638556693236,4.96,0.19694638556693242,0.0,0.0,10.38,0.762505174680239,10.38,0.762505174680239,9.62,0.762505174680239,5.0,0.0,10.0,0.0,2.0,0.0,0.5,0.0,0.63,0.7608474807008886
411.0,411.0,100,0.04,0.19694638556693236,0.004,0.019694638556693237,0.996,0.019694638556693265,0.0,0.0,0.0,0.0,5.0,0.0,0.04,0.19694638556693236,4.96,0.19694638556693242,0.0,0.0,10.38,0.762505174680239,10.38,0.762505174680239,9.62,0.762505174680239,5.0,0.0,10.0,0.0,2.0,0.0,0.5,0.0,0.63,0.7608474807008886
412.0,412.0,100,0.04,0.19694638556693236,0.004,0.019694638556693237,0.996,0.019694638556693265,0.0,0.0,0.0,0.0,5.0,0.0,0.04,0.19694638556693236,4.96,0.19694638556693242,0.0,0.0,10.38,0.762505174680239,10.38,0.762505174680239,9.62,0.762505174680239,5.0,0.0,10.0,0.0,2.0,0.0,0.5,0.0,0.63,0.7608474807008886
413.0,413.0,100,0.04,0.19694638556693236,0.004,0.019694638556693237,0.996,0.019694638556693265,0.0,0.0,0.0,0.0,5.0,0.0,0.04,0.19694638556693236,4.96,0.19694638556693242,0.0,0.0,10.38,0.762505174680239,10.38,0.762505174680239,9.62,0.762505174680239,5.0,0.0,10.0,0.0,2.0,0.0,0.5,0.0,0.63,0.7608474807008886
414.0,414.0,100,0.04,0.19694638556693236,0.004,0.019694638556693237,0.996,0.019694638556693265,0.0,0.0,0.0,0.0,5.0,0.0,0.04,0.19694638556693236,4.96,0.19694638556693242,0.0,0.0,10.38,0.762505174680239,10.38,0.762505174680239,9.62,0.762505174680239,5.0,0.0,10.0,0.0,2.0,0.0,0.5,0.0,0.63,0.7608474807008886
415.0,415.0,100,0.04,0.19694638556693236,0.004,0.019694638556693237,0.996,0.019694638556693265,0.0,0.0,0.0,0.0,5.0,0.0,0.04,0.19694638556693236,4.96,0.19694638556693242,0.0,0.0,10.38,0.762505174680239,10.38,0.762505174680239,9.62,0.762505174680239,5.0,0.0,10.0,0.0,2.0,0.0,0.5,0.0,0.63,0.7608474807008886
416.0,416.0,100,0.04,0.19694638556693236,0.004,0.019694638556693237,0.996,0.019694638556693265,0.0,0.0,0.0,0.0,5.0,0.0,0.04,0.19694638556693236,4.96,0.19694638556693242,0.0,0.0,10.38,0.762505174680239,10.37,0.760847480700889,9.62,0.762505174680239,5.0,0.0,10.0,0.0,2.0,0.0,0.5,0.0,0.63,0.7608474807008886
417.0,417.0,100,0.04,0.19694638556693236,0.004,0.019694638556693237,0.996,0.019694638556693265,0.0,0.0,0.0,0.0,5.0,0.0,0.04,0.19694638556693236,4.96,0.19694638556693242,0.0,0.0,10.38,0.762505174680239,10.37,0.760847480700889,9.62,0.762505174680239,5.0,0.0,10.0,0.0,2.0,0.0,0.5,0.0,0.63,0.7608474807008886
418.0,418.0,100,0.04,0.19694638556693236,0.004,0.019694638556693237,0.996,0.019694638556693265,0.0,0.0,0.0,0.0,5.0,0.0,0.04,0.19694638556693236,4.96,0.19694638556693242,0.0,0.0,10.38,0.762505174680239,10.37,0.760847480700889,9.62,0.762505174680239,5.0,0.0,10.0,0.0,2.0,0.0,0.5,0.0,0.63,0.7608474807008886
419.0,419.0,100,0.04,0.19694638556693236,0.004,0.019694638556693237,0.996,0.019694638556693265,0.0,0.0,0.0,0.0,5.0,0.0,0.04,0.19694638556693236,4.96,0.19694638556693242,0.0,0.0,10.38,0.762505174680239,10.37,0.760847480700889,9.62,0.762505174680239,5.0,0.0,10.0,0.0,2.0,0.0,0.5,0.0,0.63,0.7608474807008886
420.0,420.0,100,0.03,0.1714466079977653,0.0030000000000000005,0.01714466079977653,0.997,0.017144660799776536,0.0,0.0,0.001,0.01,5.0,0.0,0.03,0.1714466079977653,4.97,0.1714466079977654,0.0,0.0,10.37,0.760847480700889,10.37,0.760847480700889,9.63,0.760847480700889,5.0,0.0,10.0,0.0,2.0,0.0,0.5,0.0,0.63,0.7608474807008886
421.0,421.0,100,0.03,0.1714466079977653,0.0030000000000000005,0.01714466079977653,0.997,0.017144660799776536,0.0,0.0,0.0,0.0,5.0,0.0,0.03,0.1714466079977653,4.97,0.1714466079977654,0.0,0.0,10.37,0.760847480700889,10.37,0.760847480700889,9.63,0.760847480700889,5.0,0.0,10.0,0.0,2.0,0.0,0.5,0.0,0.63,0.7608474807008886
422.0,422.0,100,0.03,0.1714466079977653,0.0030000000000000005,0.01714466079977653,0.997,0.017144660799776536,0.0,0.0,0.0,0.0,5.0,0.0,0.03,0.1714466079977653,4.97,0.1714466079977654,0.0,0.0,10.37,0.760847480700889,10.37,0.760847480700889,9.63,0.760847480700889,5.0,0.0,10.0,0.0,2.0,0.0,0.5,0.0,0.63,0.7608474807008886
423.0,423.0,100,0.03,0.1714466079977653,0.0030000000000000005,0.01714466079977653,0.997,0.017144660799776536,0.0,0.0,0.0,0.0,5.0,0.0,0.03,0.1714466079977653,4.97,0.1714466079977654,0.0,0.0,10.37,0.760847480700889,10.37,0.760847480700889,9.63,0.760847480700889,5.0,0.0,10.0,0.0,2.0,0.0,0.5,0.0,0.63,0.7608474807008886
424.0,424.0,100,0.03,0.1714466079977653,0.0030000000000000005,0.01714466079977653,0.997,0.017144660799776536,0.0,0.0,0.0,0.0,5.0,0.0,0.03,0.1714466079977653,4.97,0.1714466079977654,0.0,0.0,10.37,0.760847480700889,10.37,0.760847480700889,9.63,0.760847480700889,5.0,0.0,10.0,0.0,2.0,0.0,0.5,0.0,0.63,0.7608474807008886
425.0,425.0,100,0.03,0.1714466079977653,0.0030000000000000005,0.01714466079977653,0.997,0.017144660799776536,0.0,0.0,0.0,0.0,5.0,0.0,0.03,0.1714466079977653,4.97,0.1714466079977654,0.0,0.0,10.37,0.760847480700889,10.37,0.760847480700889,9.63,0.760847480700889,5.0,0.0,10.0,0.0,2.0,0.0,0.5,0.0,0.63,0.7608474807008886
426.0,426.0,100,0.03,0.1714466079977653,0.0030000000000000005,0.01714466079977653,0.997,0.017144660799776536,0.0,0.0,0.0,0.0,5.0,0.0,0.03,0.1714466079977653,4.97,0.1714466079977654,0.0,0.0,10.37,0.760847480700889,10.37,0.760847480700889,9.63,0.760847480700889,5.0,0.0,10.0,0.0,2.0,0.0,0.5,0.0,0.63,0.7608474807008886
427.0,427.0,100,0.03,0.1714466079977653,0.0030000000000000005,0.01714466079977653,0.997,0.017144660799776536,0.0,0.0,0.0,0.0,5.0,0.0,0.03,0.1714466079977653,4.97,0.1714466079977654,0.0,0.0,10.37,0.760847480700889,10.37,0.760847480700889,9.63,0.760847480700889,5.0,0.0,10.0,0.0,2.0,0.0,0.5,0.0,0.63,0.7608474807008886
428.0,428.0,100,0.03,0.1714466079977653,0.0030000000000000005,0.01714466079977653,0.997,0.017144660799776536,0.0,0.0,0.0,0.0,5.0,0.0,0.03,0.1714466079977653,4.97,0.1714466079977654,0.0,0.0,10.37,0.760847480700889,10.37,0.760847480700889,9.63,0.760847480700889,5.0,0.0,10.0,0.0,2.0,0.0,0.5,0.0,0.63,0.7608474807008886
429.0,429.0,100,0.03,0.1714466079977653,0.0030000000000000005,0.01714466079977653,0.997,0.017144660799776536,0.0,0.0,0.0,0.0,5.0,0.0,0.03,0.1714466079977653,4.97,0.1714466079977654,0.0,0.0,10.37,0.760847480700889,10.37,0.760847480700889,9.63,0.760847480700889,5.0,0.0,10.0,0.0,2.0,0.0,0.5,0.0,0.63,0.7608474807008886
430.0,430.0,100,0.03,0.1714466079977653,0.0030000000000000005,0.01714466079977653,0.997,0.017144660799776536,0.0,0.0,0.0,0.0,5.0,0.0,0.03,0.1714466079977653,4.97,0.1714466079977654,0.0,0.0,10.37,0.760847480700889,10.37,0.760847480700889,9.63,0.760847480700889,5.0,0.0,10.0,0.0,2.0,0.0,0.5,0.0,0.63,0.7608474807008886
431.0,431.0,100,0.03,0.1714466079977653,0.0030000000000000005,0.01714466079977653,0.997,0.017144660799776536,0.0,0.0,0.0,0.0,5.0,0.0,0.03,0.1714466079977653,4.97,0.1714466079977654,0.0,0.0,10.37,0.760847480700889,10.37,0.760847480700889,9.63,0.760847480700889,5.0,0.0,10.0,0.0,2.0,0.0,0.5,0.0,0.63,0.7608474807008886
432.0,432.0,100,0.03,0.1714466079977653,0.0030000000000000005,0.01714466079977653,0.997,0.017144660799776536,0.0,0.0,0.0,0.0,5.0,0.0,0.03,0.1714466079977653,4.97,0.1714466079977654,0.0,0.0,10.37,0.760847480700889,10.37,0.760847480700889,9.63,0.760847480700889,5.0,0.0,10.0,0.0,2.0,0.0,0.5,0.0,0.63,0.7608474807008886
433.0,433.0,100,0.03,0.1714466079977653,0.0030000000000000005,0.01714466079977653,0.997,0.017144660799776536,0.0,0.0,0.0,0.0,5.0,0.0,0.03,0.1714466079977653,4.97,0.1714466079977654,0.0,0.0,10.37,0.760847480700889,10.37,0.760847480700889,9.63,0.760847480700889,5.0,0.0,10.0,0.0,2.0,0.0,0.5,0.0,0.63,0.7608474807008886
434.0,434.0,100,0.03,0.1714466079977653,0.0030000000000000005,0.01714466079977653,0.997,0.017144660799776536,0.0,0.0,0.0,0.0,5.0,0.0,0.03,0.1714466079977653,4.97,0.1714466079977654,0.0,0.0,10.37,0.760847480700889,10.37,0.760847480700889,9.63,0.760847480700889,5.0,0.0,10.0,0.0,2.0,0.0,0.5,0.0,0.63,0.7608474807008886
435.0,435.0,100,0.03,0.1714466079977653,0.0030000000000000005,0.01714466079977653,0.997,0.017144660799776536,0.0,0.0,0.0,0.0,5.0,0.0,0.03,0.1714466079977653,4.97,0.1714466079977654,0.0,0.0,10.37,0.760847480700889,10.37,0.760847480700889,9.63,0.760847480700889,5.0,0.0,10.0,0.0,2.0,0.0,0.5,0.0,0.63,0.7608474807008886
436.0,436.0,100,0.03,0.1714466079977653,0.0030000000000000005,0.01714466079977653,0.997,0.017144660799776536,0.0,0.0,0.0,0.0,5.0,0.0,0.03,0.1714466079977653,4.97,0.1714466079977654,0.0,0.0,10.37,0.760847480700889,10.37,0.760847480700889,9.63,0.760847480700889,5.0,0.0,10.0,0.0,2.0,0.0,0.5,0.0,0.63,0.7608474807008886
437.0,437.0,100,0.03,0.1714466079977653,0.0030000000000000005,0.01714466079977653,0.997,0.017144660799776536,0.0,0.0,0.0,0.0,5.0,0.0,0.03,0.1714466079977653,4.97,0.1714466079977654,0.0,0.0,10.37,0.760847480700889,10.37,0.760847480700889,9.63,0.760847480700889,5.0,0.0,10.0,0.0,2.0,0.0,0.5,0.0,0.63,0.7608474807008886
438.0,438.0,100,0.03,0.1714466079977653,0.0030000000000000005,0.01714466079977653,0.997,0.017144660799776536,0.0,0.0,0.0,0.0,5.0,0.0,0.03,0.1714466079977653,4.97,0.1714466079977654,0.0,0.0,10.37,0.760847480700889,10.37,0.760847480700889,9.63,0.760847480700889,5.0,0.0,10.0,0.0,2.0,0.0,0.5,0.0,0.63,0.7608474807008886
439.0,439.0,100,0.03,0.1714466079977653,0.0030000000000000005,0.01714466079977653,0.997,0.017144660799776536,0.0,0.0,0.0,0.0,5.0,0.0,0.03,0.1714466079977653,4.97,0.1714466079977654,0.0,0.0,10.37,0.760847480700889,10.37,0.760847480700889,9.63,0.760847480700889,5.0,0.0,10.0,0.0,2.0,0.0,0.5,0.0,0.63,0.7608474807008886
440.0,440.0,100,0.03,0.1714466079977653,0.0030000000000000005,0.01714466079977653,0.997,0.017144660799776536,0.0,0.0,0.0,0.0,5.0,0.0,0.03,0.1714466079977653,4.97,0.1714466079977654,0.0,0.0,10.37,0.760847480700889,10.37,0.760847480700889,9.63,0.760847480700889,5.0,0.0,10.0,0.0,2.0,0.0,0.5,0.0,0.63,0.7608474807008886
441.0,441.0,100,0.03,0.1714466079977653,0.0030000000000000005,0.01714466079977653,0.997,0.017144660799776536,0.0,0.0,0.0,0.0,5.0,0.0,0.03,0.1714466079977653,4.97,0.1714466079977654,0.0,0.0,10.37,0.760847480700889,10.37,0.760847480700889,9.63,0.760847480700889,5.0,0.0,10.0,0.0,2.0,0.0,0.5,0.0,0.63,0.7608474807008886
442.0,442.0,100,0.03,0.1714466079977653,0.0030000000000000005,0.01714466079977653,0.997,0.017144660799776536,0.0,0.0,0.0,0.0,5.0,0.0,0.03,0.1714466079977653,4.97,0.1714466079977654,0.0,0.0,10.37,0.760847480700889,10.37,0.760847480700889,9.63,0.760847480700889,5.0,0.0,10.0,0.0,2.0,0.0,0.5,0.0,0.63,0.7608474807008886
443.0,443.0,100,0.03,0.1714466079977653,0.0030000000000000005,0.01714466079977653,0.997,0.017144660799776536,0.0,0.0,0.0,0.0,5.0,0.0,0.03,0.1714466079977653,4.97,0.1714466079977654,0.0,0.0,10.37,0.760847480700889,10.37,0.760847480700889,9.63,0.760847480700889,5.0,0.0,10.0,0.0,2.0,0.0,0.5,0.0,0.63,0.7608474807008886
444.0,444.0,100,0.03,0.1714466079977653,0.0030000000000000005,0.01714466079977653,0.997,0.017144660799776536,0.0,0.0,0.0,0.0,5.0,0.0,0.03,0.1714466079977653,4.97,0.1714466079977654,0.0,0.0,10.37,0.760847480700889,10.37,0.760847480700889,9.63,0.760847480700889,5.0,0.0,10.0,0.0,2.0,0.0,0.5,0.0,0.63,0.7608474807008886
445.0,445.0,100,0.03,0.1714466079977653,0.0030000000000000005,0.01714466079977653,0.997,0.017144660799776536,0.0,0.0,0.0,0.0,5.0,0.0,0.03,0.1714466079977653,4.97,0.1714466079977654,0.0,0.0,10.37,0.760847480700889,10.37,0.760847480700889,9.63,0.760847480700889,5.0,0.0,10.0,0.0,2.0,0.0,0.5,0.0,0.63,0.7608474807008886
446.0,446.0,100,0.03,0.1714466079977653,0.0030000000000000005,0.01714466079977653,0.997,0.017144660799776536,0.0,0.0,0.0,0.0,5.0,0.0,0.03,0.1714466079977653,4.97,0.1714466079977654,0.0,0.0,10.37,0.760847480700889,10.37,0.760847480700889,9.63,0.760847480700889,5.0,0.0,10.0,0.0,2.0,0.0,0.5,0.0,0.63,0.7608474807008886
447.0,447.0,100,0.03,0.1714466079977653,0.0030000000000000005,0.01714466079977653,0.997,0.017144660799776536,0.0,0.0,0.0,0.0,5.0,0.0,0.03,0.1714466079977653,4.97,0.1714466079977654,0.0,0.0,10.37,0.760847480700889,10.37,0.760847480700889,9.63,0.760847480700889,5.0,0.0,10.0,0.0,2.0,0.0,0.5,0.0,0.63,0.7608474807008886
448.0,448.0,100,0.03,0.1714466079977653,0.0030000000000000005,0.01714466079977653,0.997,0.017144660799776536,0.0,0.0,0.0,0.0,5.0,0.0,0.03,0.1714466079977653,4.97,0.1714466079977654,0.0,0.0,10.37,0.760847480700889,10.37,0.760847480700889,9.63,0.760847480700889,5.0,0.0,10.0,0.0,2.0,0.0,0.5,0.0,0.63,0.7608474807008886
449.0,449.0,100,0.03,0.1714466079977653,0.0030000000000000005,0.01714466079977653,0.997,0.017144660799776536,0.0,0.0,0.0,0.0,5.0,0.0,0.03,0.1714466079977653,4.97,0.1714466079977654,0.0,0.0,10.37,0.760847480700889,10.37,0.760847480700889,9.63,0.760847480700889,5.0,0.0,10.0,0.0,2.0,0.0,0.5,0.0,0.63,0.7608474807008886
450.0,450.0,100,0.03,0.1714466079977653,0.0030000000000000005,0.01714466079977653,0.997,0.017144660799776536,0.0,0.0,0.0,0.0,5.0,0.0,0.03,0.1714466079977653,4.97,0.1714466079977654,0.0,0.0,10.37,0.760847480700889,10.37,0.760847480700889,9.63,0.760847480700889,5.0,0.0,10.0,0.0,2.0,0.0,0.5,0.0,0.63,0.7608474807008886
451.0,451.0,100,0.03,0.1714466079977653,0.0030000000000000005,0.01714466079977653,0.997,0.017144660799776536,0.0,0.0,0.0,0.0,5.0,0.0,0.03,0.1714466079977653,4.97,0.1714466079977654,0.0,0.0,10.37,0.760847480700889,10.36,0.7590531049680359,9.63,0.760847480700889,5.0,0.0,10.0,0.0,2.0,0.0,0.5,0.0,0.63,0.7608474807008886
452.0,452.0,100,0.03,0.1714466079977653,0.0030000000000000005,0.01714466079977653,0.997,0.017144660799776536,0.0,0.0,0.0,0.0,5.0,0.0,0.03,0.1714466079977653,4.97,0.1714466079977654,0.0,0.0,10.37,0.760847480700889,10.36,0.7590531049680359,9.63,0.760847480700889,5.0,0.0,10.0,0.0,2.0,0.0,0.5,0.0,0.63,0.7608474807008886
453.0,453.0,100,0.03,0.1714466079977653,0.0030000000000000005,0.01714466079977653,0.997,0.017144660799776536,0.0,0.0,0.0,0.0,5.0,0.0,0.03,0.1714466079977653,4.97,0.1714466079977654,0.0,0.0,10.37,0.760847480700889,10.36,0.7590531049680359,9.63,0.760847480700889,5.0,0.0,10.0,0.0,2.0,0.0,0.5,0.0,0.63,0.7608474807008886
454.0,454.0,100,0.03,0.1714466079977653,0.0030000000000000005,0.01714466079977653,0.997,0.017144660799776536,0.0,0.0,0.0,0.0,5.0,0.0,0.03,0.1714466079977653,4.97,0.1714466079977654,0.0,0.0,10.37,0.760847480700889,10.36,0.7590531049680359,9.63,0.760847480700889,5.0,0.0,10.0,0.0,2.0,0.0,0.5,0.0,0.63,0.7608474807008886
455.0,455.0,100,0.02,0.14070529413628968,0.002,0.01407052941362897,0.998,0.01407052941362895,0.0,0.0,0.001,0.01,5.0,0.0,0.02,0.14070529413628968,4.98,0.14070529413628974,0.0,0.0,10.36,0.7590531049680359,10.36,0.7590531049680359,9.64,0.7590531049680359,5.0,0.0,10.0,0.0,2.0,0.0,0.5,0.0,0.63,0.7608474807008886
456.0,456.0,100,0.02,0.14070529413628968,0.002,0.01407052941362897,0.998,0.01407052941362895,0.0,0.0,0.0,0.0,5.0,0.0,0.02,0.14070529413628968,4.98,0.14070529413628974,0.0,0.0,10.36,0.7590531049680359,10.36,0.7590531049680359,9.64,0.7590531049680359,5.0,0.0,10.0,0.0,2.0,0.0,0.5,0.0,0.63,0.7608474807008886
457.0,457.0,100,0.02,0.14070529413628968,0.002,0.01407052941362897,0.998,0.01407052941362895,0.0,0.0,0.0,0.0,5.0,0.0,0.02,0.14070529413628968,4.98,0.14070529413628974,0.0,0.0,10.36,0.7590531049680359,10.36,0.7590531049680359,9.64,0.7590531049680359,5.0,0.0,10.0,0.0,2.0,0.0,0.5,0.0,0.63,0.7608474807008886
458.0,458.0,100,0.02,0.14070529413628968,0.002,0.01407052941362897,0.998,0.01407052941362895,0.0,0.0,0.0,0.0,5.0,0.0,0.02,0.14070529413628968,4.98,0.14070529413628974,0.0,0.0,10.36,0.7590531049680359,10.36,0.7590531049680359,9.64,0.7590531049680359,5.0,0.0,10.0,0.0,2.0,0.0,0.5,0.0,0.63,0.7608474807008886
459.0,459.0,100,0.02,0.14070529413628968,0.002,0.01407052941362897,0.998,0.01407052941362895,0.0,0.0,0.0,0.0,5.0,0.0,0.02,0.14070529413628968,4.98,0.14070529413628974,0.0,0.0,10.36,0.7590531049680359,10.36,0.7590531049680359,9.64,0.7590531049680359,5.0,0.0,10.0,0.0,2.0,0.0,0.5,0.0,0.63,0.7608474807008886
460.0,460.0,100,0.02,0.14070529413628968,0.002,0.01407052941362897,0.998,0.01407052941362895,0.0,0.0,0.0,0.0,5.0,0.0,0.02,0.14070529413628968,4.98,0.14070529413628974,0.0,0.0,10.36,0.7590531049680359,10.36,0.7590531049680359,9.64,0.7590531049680359,5.0,0.0,10.0,0.0,2.0,0.0,0.5,0.0,0.63,0.7608474807008886
461.0,461.0,100,0.02,0.14070529413628968,0.002,0.01407052941362897,0.998,0.01407052941362895,0.0,0.0,0.0,0.0,5.0,0.0,0.02,0.14070529413628968,4.98,0.14070529413628974,0.0,0.0,10.36,0.7590531049680359,10.36,0.7590531049680359,9.64,0.7590531049680359,5.0,0.0,10.0,0.0,2.0,0.0,0.5,0.0,0.63,0.7608474807008886
462.0,462.0,100,0.02,0.14070529413628968,0.002,0.01407052941362897,0.998,0.01407052941362895,0.0,0.0,0.0,0.0,5.0,0.0,0.02,0.14070529413628968,4.98,0.14070529413628974,0.0,0.0,10.36,0.7590531049680359,10.36,0.7590531049680359,9.64,0.7590531049680359,5.0,0.0,10.0,0.0,2.0,0.0,0.5,0.0,0.63,0.7608474807008886
463.0,463.0,100,0.02,0.14070529413628968,0.002,0.01407052941362897,0.998,0.01407052941362895,0.0,0.0,0.0,0.0,5.0,0.0,0.02,0.14070529413628968,4.98,0.14070529413628974,0.0,0.0,10.36,0.7590531049680359,10.36,0.7590531049680359,9.64,0.7590531049680359,5.0,0.0,10.0,0.0,2.0,0.0,0.5,0.0,0.63,0.7608474807008886
464.0,464.0,100,0.02,0.14070529413628968,0.002,0.01407052941362897,0.998,0.01407052941362895,0.0,0.0,0.0,0.0,5.0,0.0,0.02,0.14070529413628968,4.98,0.14070529413628974,0.0,0.0,10.36,0.7590531049680359,10.36,0.7590531049680359,9.64,0.7590531049680359,5.0,0.0,10.0,0.0,2.0,0.0,0.5,0.0,0.63,0.7608474807008886
465.0,465.0,100,0.02,0.14070529413628968,0.002,0.01407052941362897,0.998,0.01407052941362895,0.0,0.0,0.0,0.0,5.0,0.0,0.02,0.14070529413628968,4.98,0.14070529413628974,0.0,0.0,10.36,0.7590531049680359,10.36,0.7590531049680359,9.64,0.7590531049680359,5.0,0.0,10.0,0.0,2.0,0.0,0.5,0.0,0.63,0.7608474807008886
466.0,466.0,100,0.02,0.14070529413628968,0.002,0.01407052941362897,0.998,0.01407052941362895,0.0,0.0,0.0,0.0,5.0,0.0,0.02,0.14070529413628968,4.98,0.14070529413628974,0.0,0.0,10.36,0.7590531049680359,10.36,0.7590531049680359,9.64,0.7590531049680359,5.0,0.0,10.0,0.0,2.0,0.0,0.5,0.0,0.63,0.7608474807008886
467.0,467.0,100,0.02,0.14070529413628968,0.002,0.01407052941362897,0.998,0.01407052941362895,0.0,0.0,0.0,0.0,5.0,0.0,0.02,0.14070529413628968,4.98,0.14070529413628974,0.0,0.0,10.36,0.7590531049680359,10.36,0.7590531049680359,9.64,0.7590531049680359,5.0,0.0,10.0,0.0,2.0,0.0,0.5,0.0,0.63,0.7608474807008886
468.0,468.0,100,0.02,0.14070529413628968,0.002,0.01407052941362897,0.998,0.01407052941362895,0.0,0.0,0.0,0.0,5.0,0.0,0.02,0.14070529413628968,4.98,0.14070529413628974,0.0,0.0,10.36,0.7590531049680359,10.36,0.7590531049680359,9.64,0.7590531049680359,5.0,0.0,10.0,0.0,2.0,0.0,0.5,0.0,0.63,0.7608474807008886
469.0,469.0,100,0.02,0.14070529413628968,0.002,0.01407052941362897,0.998,0.01407052941362895,0.0,0.0,0.0,0.0,5.0,0.0,0.02,0.14070529413628968,4.98,0.14070529413628974,0.0,0.0,10.36,0.7590531049680359,10.36,0.7590531049680359,9.64,0.7590531049680359,5.0,0.0,10.0,0.0,2.0,0.0,0.5,0.0,0.63,0.7608474807008886
470.0,470.0,100,0.02,0.14070529413628968,0.002,0.01407052941362897,0.998,0.01407052941362895,0.0,0.0,0.0,0.0,5.0,0.0,0.02,0.14070529413628968,4.98,0.14070529413628974,0.0,0.0,10.36,0.7590531049680359,10.36,0.7590531049680359,9.64,0.7590531049680359,5.0,0.0,10.0,0.0,2.0,0.0,0.5,0.0,0.63,0.7608474807008886
471.0,471.0,100,0.02,0.14070529413628968,0.002,0.01407052941362897,0.998,0.01407052941362895,0.0,0.0,0.0,0.0,5.0,0.0,0.02,0.14070529413628968,4.98,0.14070529413628974,0.0,0.0,10.36,0.7590531049680359,10.36,0.7590531049680359,9.64,0.7590531049680359,5.0,0.0,10.0,0.0,2.0,0.0,0.5,0.0,0.63,0.7608474807008886
472.0,472.0,100,0.02,0.14070529413628968,0.002,0.01407052941362897,0.998,0.01407052941362895,0.0,0.0,0.0,0.0,5.0,0.0,0.02,0.14070529413628968,4.98,0.14070529413628974,0.0,0.0,10.36,0.7590531049680359,10.36,0.7590531049680359,9.64,0.7590531049680359,5.0,0.0,10.0,0.0,2.0,0.0,0.5,0.0,0.63,0.7608474807008886
473.0,473.0,100,0.02,0.14070529413628968,0.002,0.01407052941362897,0.998,0.01407052941362895,0.0,0.0,0.0,0.0,5.0,0.0,0.02,0.14070529413628968,4.98,0.14070529413628974,0.0,0.0,10.36,0.7590531049680359,10.36,0.7590531049680359,9.64,0.7590531049680359,5.0,0.0,10.0,0.0,2.0,0.0,0.5,0.0,0.63,0.7608474807008886
474.0,474.0,100,0.02,0.14070529413628968,0.002,0.01407052941362897,0.998,0.01407052941362895,0.0,0.0,0.0,0.0,5.0,0.0,0.02,0.14070529413628968,4.98,0.14070529413628974,0.0,0.0,10.36,0.7590531049680359,10.36,0.7590531049680359,9.64,0.7590531049680359,5.0,0.0,10.0,0.0,2.0,0.0,0.5,0.0,0.63,0.7608474807008886
475.0,475.0,100,0.02,0.14070529413628968,0.002,0.01407052941362897,0.998,0.01407052941362895,0.0,0.0,0.0,0.0,5.0,0.0,0.02,0.14070529413628968,4.98,0.14070529413628974,0.0,0.0,10.36,0.7590531049680359,10.36,0.7590531049680359,9.64,0.7590531049680359,5.0,0.0,10.0,0.0,2.0,0.0,0.5,0.0,0.63,0.7608474807008886
476.0,476.0,100,0.02,0.14070529413628968,0.002,0.01407052941362897,0.998,0.01407052941362895,0.0,0.0,0.0,0.0,5.0,0.0,0.02,0.14070529413628968,4.98,0.14070529413628974,0.0,0.0,10.36,0.7590531049680359,10.36,0.7590531049680359,9.64,0.7590531049680359,5.0,0.0,10.0,0.0,2.0,0.0,0.5,0.0,0.63,0.7608474807008886
477.0,477.0,100,0.02,0.14070529413628968,0.002,0.01407052941362897,0.998,0.01407052941362895,0.0,0.0,0.0,0.0,5.0,0.0,0.02,0.14070529413628968,4.98,0.14070529413628974,0.0,0.0,10.36,0.7590531049680359,10.36,0.7590531049680359,9.64,0.7590531049680359,5.0,0.0,10.0,0.0,2.0,0.0,0.5,0.0,0.63,0.7608474807008886
478.0,478.0,100,0.02,0.14070529413628968,0.002,0.01407052941362897,0.998,0.01407052941362895,0.0,0.0,0.0,0.0,5.0,0.0,0.02,0.14070529413628968,4.98,0.14070529413628974,0.0,0.0,10.36,0.7590531049680359,10.35,0.7571210756756963,9.64,0.7590531049680359,5.0,0.0,10.0,0.0,2.0,0.0,0.5,0.0,0.63,0.7608474807008886
479.0,479.0,100,0.02,0.14070529413628968,0.002,0.01407052941362897,0.998,0.01407052941362895,0.0,0.0,0.0,0.0,5.0,0.0,0.02,0.14070529413628968,4.98,0.14070529413628974,0.0,0.0,10.36,0.7590531049680359,10.35,0.7571210756756963,9.64,0.7590531049680359,5.0,0.0,10.0,0.0,2.0,0.0,0.5,0.0,0.63,0.7608474807008886
480.0,480.0,100,0.02,0.14070529413628968,0.002,0.01407052941362897,0.998,0.01407052941362895,0.0,0.0,0.0,0.0,5.0,0.0,0.02,0.14070529413628968,4.98,0.14070529413628974,0.0,0.0,10.36,0.7590531049680359,10.35,0.7571210756756963,9.64,0.7590531049680359,5.0,0.0,10.0,0.0,2.0,0.0,0.5,0.0,0.63,0.7608474807008886
481.0,481.0,100,0.02,0.14070529413628968,0.002,0.01407052941362897,0.998,0.01407052941362895,0.0,0.0,0.0,0.0,5.0,0.0,0.02,0.14070529413628968,4.98,0.14070529413628974,0.0,0.0,10.36,0.7590531049680359,10.35,0.7571210756756963,9.64,0.7590531049680359,5.0,0.0,10.0,0.0,2.0,0.0,0.5,0.0,0.63,0.7608474807008886
482.0,482.0,100,0.01,0.1,0.001,0.009999999999999998,0.9990000000000001,0.009999999999999997,0.0,0.0,0.001,0.009999999999999997,5.0,0.0,0.01,0.1,4.99,0.09999999999999992,0.0,0.0,10.35,0.7571210756756963,10.35,0.7571210756756963,9.65,0.7571210756756963,5.0,0.0,10.0,0.0,2.0,0.0,0.5,0.0,0.63,0.7608474807008886
483.0,483.0,100,0.01,0.1,0.001,0.009999999999999998,0.9990000000000001,0.009999999999999997,0.0,0.0,0.0,0.0,5.0,0.0,0.01,0.1,4.99,0.09999999999999992,0.0,0.0,10.35,0.7571210756756963,10.35,0.7571210756756963,9.65,0.7571210756756963,5.0,0.0,10.0,0.0,2.0,0.0,0.5,0.0,0.63,0.7608474807008886
484.0,484.0,100,0.01,0.1,0.001,0.009999999999999998,0.9990000000000001,0.009999999999999997,0.0,0.0,0.0,0.0,5.0,0.0,0.01,0.1,4.99,0.09999999999999992,0.0,0.0,10.35,0.7571210756756963,10.35,0.7571210756756963,9.65,0.7571210756756963,5.0,0.0,10.0,0.0,2.0,0.0,0.5,0.0,0.63,0.7608474807008886
485.0,485.0,100,0.01,0.1,0.001,0.009999999999999998,0.9990000000000001,0.009999999999999997,0.0,0.0,0.0,0.0,5.0,0.0,0.01,0.1,4.99,0.09999999999999992,0.0,0.0,10.35,0.7571210756756963,10.35,0.7571210756756963,9.65,0.7571210756756963,5.0,0.0,10.0,0.0,2.0,0.0,0.5,0.0,0.63,0.7608474807008886
486.0,486.0,100,0.01,0.1,0.001,0.009999999999999998,0.9990000000000001,0.009999999999999997,0.0,0.0,0.0,0.0,5.0,0.0,0.01,0.1,4.99,0.09999999999999992,0.0,0.0,10.35,0.7571210756756963,10.35,0.7571210756756963,9.65,0.7571210756756963,5.0,0.0,10.0,0.0,2.0,0.0,0.5,0.0,0.63,0.7608474807008886
487.0,487.0,100,0.01,0.1,0.001,0.009999999999999998,0.9990000000000001,0.009999999999999997,0.0,0.0,0.0,0.0,5.0,0.0,0.01,0.1,4.99,0.09999999999999992,0.0,0.0,10.35,0.7571210756756963,10.35,0.7571210756756963,9.65,0.7571210756756963,5.0,0.0,10.0,0.0,2.0,0.0,0.5,0.0,0.63,0.7608474807008886
488.0,488.0,100,0.01,0.1,0.001,0.009999999999999998,0.9990000000000001,0.009999999999999997,0.0,0.0,0.0,0.0,5.0,0.0,0.01,0.1,4.99,0.09999999999999992,0.0,0.0,10.35,0.7571210756756963,10.35,0.7571210756756963,9.65,0.7571210756756963,5.0,0.0,10.0,0.0,2.0,0.0,0.5,0.0,0.63,0.7608474807008886
489.0,489.0,100,0.01,0.1,0.001,0.009999999999999998,0.9990000000000001,0.009999999999999997,0.0,0.0,0.0,0.0,5.0,0.0,0.01,0.1,4.99,0.09999999999999992,0.0,0.0,10.35,0.7571210756756963,10.35,0.7571210756756963,9.65,0.7571210756756963,5.0,0.0,10.0,0.0,2.0,0.0,0.5,0.0,0.63,0.7608474807008886
490.0,490.0,100,0.01,0.1,0.001,0.009999999999999998,0.9990000000000001,0.009999999999999997,0.0,0.0,0.0,0.0,5.0,0.0,0.01,0.1,4.99,0.09999999999999992,0.0,0.0,10.35,0.7571210756756963,10.35,0.7571210756756963,9.65,0.7571210756756963,5.0,0.0,10.0,0.0,2.0,0.0,0.5,0.0,0.63,0.7608474807008886
491.0,491.0,100,0.01,0.1,0.001,0.009999999999999998,0.9990000000000001,0.009999999999999997,0.0,0.0,0.0,0.0,5.0,0.0,0.01,0.1,4.99,0.09999999999999992,0.0,0.0,10.35,0.7571210756756963,10.35,0.7571210756756963,9.65,0.7571210756756963,5.0,0.0,10.0,0.0,2.0,0.0,0.5,0.0,0.63,0.7608474807008886
492.0,492.0,100,0.01,0.1,0.001,0.009999999999999998,0.9990000000000001,0.009999999999999997,0.0,0.0,0.0,0.0,5.0,0.0,0.01,0.1,4.99,0.09999999999999992,0.0,0.0,10.35,0.7571210756756963,10.35,0.7571210756756963,9.65,0.7571210756756963,5.0,0.0,10.0,0.0,2.0,0.0,0.5,0.0,0.63,0.7608474807008886
493.0,493.0,100,0.01,0.1,0.001,0.009999999999999998,0.9990000000000001,0.009999999999999997,0.0,0.0,0.0,0.0,5.0,0.0,0.01,0.1,4.99,0.09999999999999992,0.0,0.0,10.35,0.7571210756756963,10.35,0.7571210756756963,9.65,0.7571210756756963,5.0,0.0,10.0,0.0,2.0,0.0,0.5,0.0,0.63,0.7608474807008886
494.0,494.0,100,0.01,0.1,0.001,0.009999999999999998,0.9990000000000001,0.009999999999999997,0.0,0.0,0.0,0.0,5.0,0.0,0.01,0.1,4.99,0.09999999999999992,0.0,0.0,10.35,0.7571210756756963,10.35,0.7571210756756963,9.65,0.7571210756756963,5.0,0.0,10.0,0.0,2.0,0.0,0.5,0.0,0.63,0.7608474807008886
495.0,495.0,100,0.01,0.1,0.001,0.009999999999999998,0.9990000000000001,0.009999999999999997,0.0,0.0,0.0,0.0,5.0,0.0,0.01,0.1,4.99,0.09999999999999992,0.0,0.0,10.35,0.7571210756756963,10.35,0.7571210756756963,9.65,0.7571210756756963,5.0,0.0,10.0,0.0,2.0,0.0,0.5,0.0,0.63,0.7608474807008886
496.0,496.0,100,0.01,0.1,0.001,0.009999999999999998,0.9990000000000001,0.009999999999999997,0.0,0.0,0.0,0.0,5.0,0.0,0.01,0.1,4.99,0.09999999999999992,0.0,0.0,10.35,0.7571210756756963,10.35,0.7571210756756963,9.65,0.7571210756756963,5.0,0.0,10.0,0.0,2.0,0.0,0.5,0.0,0.63,0.7608474807008886
497.0,497.0,100,0.01,0.1,0.001,0.009999999999999998,0.9990000000000001,0.009999999999999997,0.0,0.0,0.0,0.0,5.0,0.0,0.01,0.1,4.99,0.09999999999999992,0.0,0.0,10.35,0.7571210756756963,10.35,0.7571210756756963,9.65,0.7571210756756963,5.0,0.0,10.0,0.0,2.0,0.0,0.5,0.0,0.63,0.7608474807008886
498.0,498.0,100,0.01,0.1,0.001,0.009999999999999998,0.9990000000000001,0.009999999999999997,0.0,0.0,0.0,0.0,5.0,0.0,0.01,0.1,4.99,0.09999999999999992,0.0,0.0,10.35,0.7571210756756963,10.35,0.7571210756756963,9.65,0.7571210756756963,5.0,0.0,10.0,0.0,2.0,0.0,0.5,0.0,0.63,0.7608474807008886
499.0,499.0,100,0.01,0.1,0.001,0.009999999999999998,0.9990000000000001,0.009999999999999997,0.0,0.0,0.0,0.0,5.0,0.0,0.01,0.1,4.99,0.09999999999999992,0.0,0.0,10.35,0.7571210756756963,10.35,0.7571210756756963,9.65,0.7571210756756963,5.0,0.0,10.0,0.0,2.0,0.0,0.5,0.0,0.63,0.7608474807008886
500.0,500.0,100,0.01,0.1,0.001,0.009999999999999998,0.9990000000000001,0.009999999999999997,0.0,0.0,0.0,0.0,5.0,0.0,0.01,0.1,4.99,0.09999999999999992,0.0,0.0,10.35,0.7571210756756963,10.35,0.7571210756756963,9.65,0.7571210756756963,5.0,0.0,10.0,0.0,2.0,0.0,0.5,0.0,0.63,0.7608474807008886
501.0,501.0,100,0.01,0.1,0.001,0.009999999999999998,0.9990000000000001,0.009999999999999997,0.0,0.0,0.0,0.0,5.0,0.0,0.01,0.1,4.99,0.09999999999999992,0.0,0.0,10.35,0.7571210756756963,10.35,0.7571210756756963,9.65,0.7571210756756963,5.0,0.0,10.0,0.0,2.0,0.0,0.5,0.0,0.63,0.7608474807008886
502.0,502.0,100,0.01,0.1,0.001,0.009999999999999998,0.9990000000000001,0.009999999999999997,0.0,0.0,0.0,0.0,5.0,0.0,0.01,0.1,4.99,0.09999999999999992,0.0,0.0,10.35,0.7571210756756963,10.35,0.7571210756756963,9.65,0.7571210756756963,5.0,0.0,10.0,0.0,2.0,0.0,0.5,0.0,0.63,0.7608474807008886
503.0,503.0,100,0.01,0.1,0.001,0.009999999999999998,0.9990000000000001,0.009999999999999997,0.0,0.0,0.0,0.0,5.0,0.0,0.01,0.1,4.99,0.09999999999999992,0.0,0.0,10.35,0.7571210756756963,10.35,0.7571210756756963,9.65,0.7571210756756963,5.0,0.0,10.0,0.0,2.0,0.0,0.5,0.0,0.63,0.7608474807008886
504.0,504.0,100,0.01,0.1,0.001,0.009999999999999998,0.9990000000000001,0.009999999999999997,0.0,0.0,0.0,0.0,5.0,0.0,0.01,0.1,4.99,0.09999999999999992,0.0,0.0,10.35,0.7571210756756963,10.35,0.7571210756756963,9.65,0.7571210756756963,5.0,0.0,10.0,0.0,2.0,0.0,0.5,0.0,0.63,0.7608474807008886
505.0,505.0,100,0.01,0.1,0.001,0.009999999999999998,0.9990000000000001,0.009999999999999997,0.0,0.0,0.0,0.0,5.0,0.0,0.01,0.1,4.99,0.09999999999999992,0.0,0.0,10.35,0.7571210756756963,10.35,0.7571210756756963,9.65,0.7571210756756963,5.0,0.0,10.0,0.0,2.0,0.0,0.5,0.0,0.63,0.7608474807008886
506.0,506.0,100,0.01,0.1,0.001,0.009999999999999998,0.9990000000000001,0.009999999999999997,0.0,0.0,0.0,0.0,5.0,0.0,0.01,0.1,4.99,0.09999999999999992,0.0,0.0,10.35,0.7571210756756963,10.35,0.7571210756756963,9.65,0.7571210756756963,5.0,0.0,10.0,0.0,2.0,0.0,0.5,0.0,0.63,0.7608474807008886
507.0,507.0,100,0.01,0.1,0.001,0.009999999999999998,0.9990000000000001,0.009999999999999997,0.0,0.0,0.0,0.0,5.0,0.0,0.01,0.1,4.99,0.09999999999999992,0.0,0.0,10.35,0.7571210756756963,10.35,0.7571210756756963,9.65,0.7571210756756963,5.0,0.0,10.0,0.0,2.0,0.0,0.5,0.0,0.63,0.7608474807008886
508.0,508.0,100,0.01,0.1,0.001,0.009999999999999998,0.9990000000000001,0.009999999999999997,0.0,0.0,0.0,0.0,5.0,0.0,0.01,0.1,4.99,0.09999999999999992,0.0,0.0,10.35,0.7571210756756963,10.35,0.7571210756756963,9.65,0.7571210756756963,5.0,0.0,10.0,0.0,2.0,0.0,0.5,0.0,0.63,0.7608474807008886
509.0,509.0,100,0.01,0.1,0.001,0.009999999999999998,0.9990000000000001,0.009999999999999997,0.0,0.0,0.0,0.0,5.0,0.0,0.01,0.1,4.99,0.09999999999999992,0.0,0.0,10.35,0.7571210756756963,10.35,0.7571210756756963,9.65,0.7571210756756963,5.0,0.0,10.0,0.0,2.0,0.0,0.5,0.0,0.63,0.7608474807008886
510.0,510.0,100,0.01,0.1,0.001,0.009999999999999998,0.9990000000000001,0.009999999999999997,0.0,0.0,0.0,0.0,5.0,0.0,0.01,0.1,4.99,0.09999999999999992,0.0,0.0,10.35,0.7571210756756963,10.35,0.7571210756756963,9.65,0.7571210756756963,5.0,0.0,10.0,0.0,2.0,0.0,0.5,0.0,0.63,0.7608474807008886
511.0,511.0,100,0.01,0.1,0.001,0.009999999999999998,0.9990000000000001,0.009999999999999997,0.0,0.0,0.0,0.0,5.0,0.0,0.01,0.1,4.99,0.09999999999999992,0.0,0.0,10.35,0.7571210756756963,10.35,0.7571210756756963,9.65,0.7571210756756963,5.0,0.0,10.0,0.0,2.0,0.0,0.5,0.0,0.63,0.7608474807008886
512.0,512.0,100,0.01,0.1,0.001,0.009999999999999998,0.9990000000000001,0.009999999999999997,0.0,0.0,0.0,0.0,5.0,0.0,0.01,0.1,4.99,0.09999999999999992,0.0,0.0,10.35,0.7571210756756963,10.35,0.7571210756756963,9.65,0.7571210756756963,5.0,0.0,10.0,0.0,2.0,0.0,0.5,0.0,0.63,0.7608474807008886
513.0,513.0,100,0.01,0.1,0.001,0.009999999999999998,0.9990000000000001,0.009999999999999997,0.0,0.0,0.0,0.0,5.0,0.0,0.01,0.1,4.99,0.09999999999999992,0.0,0.0,10.35,0.7571210756756963,10.35,0.7571210756756963,9.65,0.7571210756756963,5.0,0.0,10.0,0.0,2.0,0.0,0.5,0.0,0.63,0.7608474807008886
514.0,514.0,100,0.01,0.1,0.001,0.009999999999999998,0.9990000000000001,0.009999999999999997,0.0,0.0,0.0,0.0,5.0,0.0,0.01,0.1,4.99,0.09999999999999992,0.0,0.0,10.35,0.7571210756756963,10.35,0.7571210756756963,9.65,0.7571210756756963,5.0,0.0,10.0,0.0,2.0,0.0,0.5,0.0,0.63,0.7608474807008886
515.0,515.0,100,0.01,0.1,0.001,0.009999999999999998,0.9990000000000001,0.009999999999999997,0.0,0.0,0.0,0.0,5.0,0.0,0.01,0.1,4.99,0.09999999999999992,0.0,0.0,10.35,0.7571210756756963,10.35,0.7571210756756963,9.65,0.7571210756756963,5.0,0.0,10.0,0.0,2.0,0.0,0.5,0.0,0.63,0.7608474807008886
516.0,516.0,100,0.01,0.1,0.001,0.009999999999999998,0.9990000000000001,0.009999999999999997,0.0,0.0,0.0,0.0,5.0,0.0,0.01,0.1,4.99,0.09999999999999992,0.0,0.0,10.35,0.7571210756756963,10.35,0.7571210756756963,9.65,0.7571210756756963,5.0,0.0,10.0,0.0,2.0,0.0,0.5,0.0,0.63,0.7608474807008886
517.0,517.0,100,0.01,0.1,0.001,0.009999999999999998,0.9990000000000001,0.009999999999999997,0.0,0.0,0.0,0.0,5.0,0.0,0.01,0.1,4.99,0.09999999999999992,0.0,0.0,10.35,0.7571210756756963,10.35,0.7571210756756963,9.65,0.7571210756756963,5.0,0.0,10.0,0.0,2.0,0.0,0.5,0.0,0.63,0.7608474807008886
518.0,518.0,100,0.01,0.1,0.001,0.009999999999999998,0.9990000000000001,0.009999999999999997,0.0,0.0,0.0,0.0,5.0,0.0,0.01,0.1,4.99,0.09999999999999992,0.0,0.0,10.35,0.7571210756756963,10.35,0.7571210756756963,9.65,0.7571210756756963,5.0,0.0,10.0,0.0,2.0,0.0,0.5,0.0,0.63,0.7608474807008886
519.0,519.0,100,0.01,0.1,0.001,0.009999999999999998,0.9990000000000001,0.009999999999999997,0.0,0.0,0.0,0.0,5.0,0.0,0.01,0.1,4.99,0.09999999999999992,0.0,0.0,10.35,0.7571210756756963,10.35,0.7571210756756963,9.65,0.7571210756756963,5.0,0.0,10.0,0.0,2.0,0.0,0.5,0.0,0.63,0.7608474807008886
520.0,520.0,100,0.01,0.1,0.001,0.009999999999999998,0.9990000000000001,0.009999999999999997,0.0,0.0,0.0,0.0,5.0,0.0,0.01,0.1,4.99,0.09999999999999992,0.0,0.0,10.35,0.7571210756756963,10.35,0.7571210756756963,9.65,0.7571210756756963,5.0,0.0,10.0,0.0,2.0,0.0,0.5,0.0,0.63,0.7608474807008886
521.0,521.0,100,0.01,0.1,0.001,0.009999999999999998,0.9990000000000001,0.009999999999999997,0.0,0.0,0.0,0.0,5.0,0.0,0.01,0.1,4.99,0.09999999999999992,0.0,0.0,10.35,0.7571210756756963,10.35,0.7571210756756963,9.65,0.7571210756756963,5.0,0.0,10.0,0.0,2.0,0.0,0.5,0.0,0.63,0.7608474807008886
522.0,522.0,100,0.01,0.1,0.001,0.009999999999999998,0.9990000000000001,0.009999999999999997,0.0,0.0,0.0,0.0,5.0,0.0,0.01,0.1,4.99,0.09999999999999992,0.0,0.0,10.35,0.7571210756756963,10.35,0.7571210756756963,9.65,0.7571210756756963,5.0,0.0,10.0,0.0,2.0,0.0,0.5,0.0,0.63,0.7608474807008886
523.0,523.0,100,0.01,0.1,0.001,0.009999999999999998,0.9990000000000001,0.009999999999999997,0.0,0.0,0.0,0.0,5.0,0.0,0.01,0.1,4.99,0.09999999999999992,0.0,0.0,10.35,0.7571210756756963,10.35,0.7571210756756963,9.65,0.7571210756756963,5.0,0.0,10.0,0.0,2.0,0.0,0.5,0.0,0.63,0.7608474807008886
524.0,524.0,100,0.01,0.1,0.001,0.009999999999999998,0.9990000000000001,0.009999999999999997,0.0,0.0,0.0,0.0,5.0,0.0,0.01,0.1,4.99,0.09999999999999992,0.0,0.0,10.35,0.7571210756756963,10.35,0.7571210756756963,9.65,0.7571210756756963,5.0,0.0,10.0,0.0,2.0,0.0,0.5,0.0,0.63,0.7608474807008886
525.0,525.0,100,0.01,0.1,0.001,0.009999999999999998,0.9990000000000001,0.009999999999999997,0.0,0.0,0.0,0.0,5.0,0.0,0.01,0.1,4.99,0.09999999999999992,0.0,0.0,10.35,0.7571210756756963,10.35,0.7571210756756963,9.65,0.7571210756756963,5.0,0.0,10.0,0.0,2.0,0.0,0.5,0.0,0.63,0.7608474807008886
526.0,526.0,100,0.01,0.1,0.001,0.009999999999999998,0.9990000000000001,0.009999999999999997,0.0,0.0,0.0,0.0,5.0,0.0,0.01,0.1,4.99,0.09999999999999992,0.0,0.0,10.35,0.7571210756756963,10.35,0.7571210756756963,9.65,0.7571210756756963,5.0,0.0,10.0,0.0,2.0,0.0,0.5,0.0,0.63,0.7608474807008886
527.0,527.0,100,0.01,0.1,0.001,0.009999999999999998,0.9990000000000001,0.009999999999999997,0.0,0.0,0.0,0.0,5.0,0.0,0.01,0.1,4.99,0.09999999999999992,0.0,0.0,10.35,0.7571210756756963,10.35,0.7571210756756963,9.65,0.7571210756756963,5.0,0.0,10.0,0.0,2.0,0.0,0.5,0.0,0.63,0.7608474807008886
528.0,528.0,100,0.01,0.1,0.001,0.009999999999999998,0.9990000000000001,0.009999999999999997,0.0,0.0,0.0,0.0,5.0,0.0,0.01,0.1,4.99,0.09999999999999992,0.0,0.0,10.35,0.7571210756756963,10.35,0.7571210756756963,9.65,0.7571210756756963,5.0,0.0,10.0,0.0,2.0,0.0,0.5,0.0,0.63,0.7608474807008886
529.0,529.0,100,0.01,0.1,0.001,0.009999999999999998,0.9990000000000001,0.009999999999999997,0.0,0.0,0.0,0.0,5.0,0.0,0.01,0.1,4.99,0.09999999999999992,0.0,0.0,10.35,0.7571210756756963,10.35,0.7571210756756963,9.65,0.7571210756756963,5.0,0.0,10.0,0.0,2.0,0.0,0.5,0.0,0.63,0.7608474807008886
530.0,530.0,100,0.01,0.1,0.001,0.009999999999999998,0.9990000000000001,0.009999999999999997,0.0,0.0,0.0,0.0,5.0,0.0,0.01,0.1,4.99,0.09999999999999992,0.0,0.0,10.35,0.7571210756756963,10.35,0.7571210756756963,9.65,0.7571210756756963,5.0,0.0,10.0,0.0,2.0,0.0,0.5,0.0,0.63,0.7608474807008886
531.0,531.0,100,0.01,0.1,0.001,0.009999999999999998,0.9990000000000001,0.009999999999999997,0.0,0.0,0.0,0.0,5.0,0.0,0.01,0.1,4.99,0.09999999999999992,0.0,0.0,10.35,0.7571210756756963,10.35,0.7571210756756963,9.65,0.7571210756756963,5.0,0.0,10.0,0.0,2.0,0.0,0.5,0.0,0.63,0.7608474807008886
532.0,532.0,100,0.01,0.1,0.001,0.009999999999999998,0.9990000000000001,0.009999999999999997,0.0,0.0,0.0,0.0,5.0,0.0,0.01,0.1,4.99,0.09999999999999992,0.0,0.0,10.35,0.7571210756756963,10.35,0.7571210756756963,9.65,0.7571210756756963,5.0,0.0,10.0,0.0,2.0,0.0,0.5,0.0,0.63,0.7608474807008886
533.0,533.0,100,0.01,0.1,0.001,0.009999999999999998,0.9990000000000001,0.009999999999999997,0.0,0.0,0.0,0.0,5.0,0.0,0.01,0.1,4.99,0.09999999999999992,0.0,0.0,10.35,0.7571210756756963,10.35,0.7571210756756963,9.65,0.7571210756756963,5.0,0.0,10.0,0.0,2.0,0.0,0.5,0.0,0.63,0.7608474807008886
534.0,534.0,100,0.01,0.1,0.001,0.009999999999999998,0.9990000000000001,0.009999999999999997,0.0,0.0,0.0,0.0,5.0,0.0,0.01,0.1,4.99,0.09999999999999992,0.0,0.0,10.35,0.7571210756756963,10.35,0.7571210756756963,9.65,0.7571210756756963,5.0,0.0,10.0,0.0,2.0,0.0,0.5,0.0,0.63,0.7608474807008886
535.0,535.0,100,0.01,0.1,0.001,0.009999999999999998,0.9990000000000001,0.009999999999999997,0.0,0.0,0.0,0.0,5.0,0.0,0.01,0.1,4.99,0.09999999999999992,0.0,0.0,10.35,0.7571210756756963,10.35,0.7571210756756963,9.65,0.7571210756756963,5.0,0.0,10.0,0.0,2.0,0.0,0.5,0.0,0.63,0.7608474807008886
536.0,536.0,100,0.01,0.1,0.001,0.009999999999999998,0.9990000000000001,0.009999999999999997,0.0,0.0,0.0,0.0,5.0,0.0,0.01,0.1,4.99,0.09999999999999992,0.0,0.0,10.35,0.7571210756756963,10.35,0.7571210756756963,9.65,0.7571210756756963,5.0,0.0,10.0,0.0,2.0,0.0,0.5,0.0,0.63,0.7608474807008886
537.0,537.0,100,0.01,0.1,0.001,0.009999999999999998,0.9990000000000001,0.009999999999999997,0.0,0.0,0.0,0.0,5.0,0.0,0.01,0.1,4.99,0.09999999999999992,0.0,0.0,10.35,0.7571210756756963,10.35,0.7571210756756963,9.65,0.7571210756756963,5.0,0.0,10.0,0.0,2.0,0.0,0.5,0.0,0.63,0.7608474807008886
538.0,538.0,100,0.01,0.1,0.001,0.009999999999999998,0.9990000000000001,0.009999999999999997,0.0,0.0,0.0,0.0,5.0,0.0,0.01,0.1,4.99,0.09999999999999992,0.0,0.0,10.35,0.7571210756756963,10.35,0.7571210756756963,9.65,0.7571210756756963,5.0,0.0,10.0,0.0,2.0,0.0,0.5,0.0,0.63,0.7608474807008886
539.0,539.0,100,0.01,0.1,0.001,0.009999999999999998,0.9990000000000001,0.009999999999999997,0.0,0.0,0.0,0.0,5.0,0.0,0.01,0.1,4.99,0.09999999999999992,0.0,0.0,10.35,0.7571210756756963,10.35,0.7571210756756963,9.65,0.7571210756756963,5.0,0.0,10.0,0.0,2.0,0.0,0.5,0.0,0.63,0.7608474807008886
540.0,540.0,100,0.01,0.1,0.001,0.009999999999999998,0.9990000000000001,0.009999999999999997,0.0,0.0,0.0,0.0,5.0,0.0,0.01,0.1,4.99,0.09999999999999992,0.0,0.0,10.35,0.7571210756756963,10.35,0.7571210756756963,9.65,0.7571210756756963,5.0,0.0,10.0,0.0,2.0,0.0,0.5,0.0,0.63,0.7608474807008886
541.0,541.0,100,0.01,0.1,0.001,0.009999999999999998,0.9990000000000001,0.009999999999999997,0.0,0.0,0.0,0.0,5.0,0.0,0.01,0.1,4.99,0.09999999999999992,0.0,0.0,10.35,0.7571210756756963,10.35,0.7571210756756963,9.65,0.7571210756756963,5.0,0.0,10.0,0.0,2.0,0.0,0.5,0.0,0.63,0.7608474807008886
542.0,542.0,100,0.01,0.1,0.001,0.009999999999999998,0.9990000000000001,0.009999999999999997,0.0,0.0,0.0,0.0,5.0,0.0,0.01,0.1,4.99,0.09999999999999992,0.0,0.0,10.35,0.7571210756756963,10.35,0.7571210756756963,9.65,0.7571210756756963,5.0,0.0,10.0,0.0,2.0,0.0,0.5,0.0,0.63,0.7608474807008886
543.0,543.0,100,0.01,0.1,0.001,0.009999999999999998,0.9990000000000001,0.009999999999999997,0.0,0.0,0.0,0.0,5.0,0.0,0.01,0.1,4.99,0.09999999999999992,0.0,0.0,10.35,0.7571210756756963,10.35,0.7571210756756963,9.65,0.7571210756756963,5.0,0.0,10.0,0.0,2.0,0.0,0.5,0.0,0.63,0.7608474807008886
544.0,544.0,100,0.01,0.1,0.001,0.009999999999999998,0.9990000000000001,0.009999999999999997,0.0,0.0,0.0,0.0,5.0,0.0,0.01,0.1,4.99,0.09999999999999992,0.0,0.0,10.35,0.7571210756756963,10.34,0.7550503361372742,9.65,0.7571210756756963,5.0,0.0,10.0,0.0,2.0,0.0,0.5,0.0,0.63,0.7608474807008886
545.0,545.0,100,0.01,0.1,0.001,0.009999999999999998,0.9990000000000001,0.009999999999999997,0.0,0.0,0.0,0.0,5.0,0.0,0.01,0.1,4.99,0.09999999999999992,0.0,0.0,10.35,0.7571210756756963,10.34,0.7550503361372742,9.65,0.7571210756756963,5.0,0.0,10.0,0.0,2.0,0.0,0.5,0.0,0.63,0.7608474807008886
546.0,546.0,100,0.01,0.1,0.001,0.009999999999999998,0.9990000000000001,0.009999999999999997,0.0,0.0,0.0,0.0,5.0,0.0,0.01,0.1,4.99,0.09999999999999992,0.0,0.0,10.35,0.7571210756756963,10.34,0.7550503361372742,9.65,0.7571210756756963,5.0,0.0,10.0,0.0,2.0,0.0,0.5,0.0,0.63,0.7608474807008886
547.0,547.0,100,0.01,0.1,0.001,0.009999999999999998,0.9990000000000001,0.009999999999999997,0.0,0.0,0.0,0.0,5.0,0.0,0.01,0.1,4.99,0.09999999999999992,0.0,0.0,10.35,0.7571210756756963,10.34,0.7550503361372742,9.65,0.7571210756756963,5.0,0.0,10.0,0.0,2.0,0.0,0.5,0.0,0.63,0.7608474807008886
548.0,548.0,100,0.0,0.0,0.0,0.0,1.0,0.0,0.0,0.0,0.001,0.009999999999999998,5.0,0.0,0.0,0.0,5.0,0.0,0.0,0.0,10.34,0.7550503361372742,10.34,0.7550503361372742,9.66,0.7550503361372742,5.0,0.0,10.0,0.0,2.0,0.0,0.5,0.0,0.63,0.7608474807008886
549.0,549.0,100,0.0,0.0,0.0,0.0,1.0,0.0,0.0,0.0,0.0,0.0,5.0,0.0,0.0,0.0,5.0,0.0,0.0,0.0,10.34,0.7550503361372742,10.34,0.7550503361372742,9.66,0.7550503361372742,5.0,0.0,10.0,0.0,2.0,0.0,0.5,0.0,0.63,0.7608474807008886
550.0,550.0,100,0.0,0.0,0.0,0.0,1.0,0.0,0.0,0.0,0.0,0.0,5.0,0.0,0.0,0.0,5.0,0.0,0.0,0.0,10.34,0.7550503361372742,10.34,0.7550503361372742,9.66,0.7550503361372742,5.0,0.0,10.0,0.0,2.0,0.0,0.5,0.0,0.63,0.7608474807008886
551.0,551.0,100,0.0,0.0,0.0,0.0,1.0,0.0,0.0,0.0,0.0,0.0,5.0,0.0,0.0,0.0,5.0,0.0,0.0,0.0,10.34,0.7550503361372742,10.34,0.7550503361372742,9.66,0.7550503361372742,5.0,0.0,10.0,0.0,2.0,0.0,0.5,0.0,0.63,0.7608474807008886
552.0,552.0,100,0.0,0.0,0.0,0.0,1.0,0.0,0.0,0.0,0.0,0.0,5.0,0.0,0.0,0.0,5.0,0.0,0.0,0.0,10.34,0.7550503361372742,10.34,0.7550503361372742,9.66,0.7550503361372742,5.0,0.0,10.0,0.0,2.0,0.0,0.5,0.0,0.63,0.7608474807008886
553.0,553.0,100,0.0,0.0,0.0,0.0,1.0,0.0,0.0,0.0,0.0,0.0,5.0,0.0,0.0,0.0,5.0,0.0,0.0,0.0,10.34,0.7550503361372742,10.34,0.7550503361372742,9.66,0.7550503361372742,5.0,0.0,10.0,0.0,2.0,0.0,0.5,0.0,0.63,0.7608474807008886
554.0,554.0,100,0.0,0.0,0.0,0.0,1.0,0.0,0.0,0.0,0.0,0.0,5.0,0.0,0.0,0.0,5.0,0.0,0.0,0.0,10.34,0.7550503361372742,10.34,0.7550503361372742,9.66,0.7550503361372742,5.0,0.0,10.0,0.0,2.0,0.0,0.5,0.0,0.63,0.7608474807008886
555.0,555.0,100,0.0,0.0,0.0,0.0,1.0,0.0,0.0,0.0,0.0,0.0,5.0,0.0,0.0,0.0,5.0,0.0,0.0,0.0,10.34,0.7550503361372742,10.34,0.7550503361372742,9.66,0.7550503361372742,5.0,0.0,10.0,0.0,2.0,0.0,0.5,0.0,0.63,0.7608474807008886
556.0,556.0,100,0.0,0.0,0.0,0.0,1.0,0.0,0.0,0.0,0.0,0.0,5.0,0.0,0.0,0.0,5.0,0.0,0.0,0.0,10.34,0.7550503361372742,10.34,0.7550503361372742,9.66,0.7550503361372742,5.0,0.0,10.0,0.0,2.0,0.0,0.5,0.0,0.63,0.7608474807008886
557.0,557.0,100,0.0,0.0,0.0,0.0,1.0,0.0,0.0,0.0,0.0,0.0,5.0,0.0,0.0,0.0,5.0,0.0,0.0,0.0,10.34,0.7550503361372742,10.34,0.7550503361372742,9.66,0.7550503361372742,5.0,0.0,10.0,0.0,2.0,0.0,0.5,0.0,0.63,0.7608474807008886
558.0,558.0,100,0.0,0.0,0.0,0.0,1.0,0.0,0.0,0.0,0.0,0.0,5.0,0.0,0.0,0.0,5.0,0.0,0.0,0.0,10.34,0.7550503361372742,10.34,0.7550503361372742,9.66,0.7550503361372742,5.0,0.0,10.0,0.0,2.0,0.0,0.5,0.0,0.63,0.7608474807008886
559.0,559.0,100,0.0,0.0,0.0,0.0,1.0,0.0,0.0,0.0,0.0,0.0,5.0,0.0,0.0,0.0,5.0,0.0,0.0,0.0,10.34,0.7550503361372742,10.34,0.7550503361372742,9.66,0.7550503361372742,5.0,0.0,10.0,0.0,2.0,0.0,0.5,0.0,0.63,0.7608474807008886
560.0,560.0,100,0.0,0.0,0.0,0.0,1.0,0.0,0.0,0.0,0.0,0.0,5.0,0.0,0.0,0.0,5.0,0.0,0.0,0.0,10.34,0.7550503361372742,10.34,0.7550503361372742,9.66,0.7550503361372742,5.0,0.0,10.0,0.0,2.0,0.0,0.5,0.0,0.63,0.7608474807008886
561.0,561.0,100,0.0,0.0,0.0,0.0,1.0,0.0,0.0,0.0,0.0,0.0,5.0,0.0,0.0,0.0,5.0,0.0,0.0,0.0,10.34,0.7550503361372742,10.34,0.7550503361372742,9.66,0.7550503361372742,5.0,0.0,10.0,0.0,2.0,0.0,0.5,0.0,0.63,0.7608474807008886
562.0,562.0,100,0.0,0.0,0.0,0.0,1.0,0.0,0.0,0.0,0.0,0.0,5.0,0.0,0.0,0.0,5.0,0.0,0.0,0.0,10.34,0.7550503361372742,10.34,0.7550503361372742,9.66,0.7550503361372742,5.0,0.0,10.0,0.0,2.0,0.0,0.5,0.0,0.63,0.7608474807008886
563.0,563.0,100,0.0,0.0,0.0,0.0,1.0,0.0,0.0,0.0,0.0,0.0,5.0,0.0,0.0,0.0,5.0,0.0,0.0,0.0,10.34,0.7550503361372742,10.34,0.7550503361372742,9.66,0.7550503361372742,5.0,0.0,10.0,0.0,2.0,0.0,0.5,0.0,0.63,0.7608474807008886
564.0,564.0,100,0.0,0.0,0.0,0.0,1.0,0.0,0.0,0.0,0.0,0.0,5.0,0.0,0.0,0.0,5.0,0.0,0.0,0.0,10.34,0.7550503361372742,10.34,0.7550503361372742,9.66,0.7550503361372742,5.0,0.0,10.0,0.0,2.0,0.0,0.5,0.0,0.63,0.7608474807008886
565.0,565.0,100,0.0,0.0,0.0,0.0,1.0,0.0,0.0,0.0,0.0,0.0,5.0,0.0,0.0,0.0,5.0,0.0,0.0,0.0,10.34,0.7550503361372742,10.34,0.7550503361372742,9.66,0.7550503361372742,5.0,0.0,10.0,0.0,2.0,0.0,0.5,0.0,0.63,0.7608474807008886
566.0,566.0,100,0.0,0.0,0.0,0.0,1.0,0.0,0.0,0.0,0.0,0.0,5.0,0.0,0.0,0.0,5.0,0.0,0.0,0.0,10.34,0.7550503361372742,10.34,0.7550503361372742,9.66,0.7550503361372742,5.0,0.0,10.0,0.0,2.0,0.0,0.5,0.0,0.63,0.7608474807008886
567.0,567.0,100,0.0,0.0,0.0,0.0,1.0,0.0,0.0,0.0,0.0,0.0,5.0,0.0,0.0,0.0,5.0,0.0,0.0,0.0,10.34,0.7550503361372742,10.34,0.7550503361372742,9.66,0.7550503361372742,5.0,0.0,10.0,0.0,2.0,0.0,0.5,0.0,0.63,0.7608474807008886
568.0,568.0,100,0.0,0.0,0.0,0.0,1.0,0.0,0.0,0.0,0.0,0.0,5.0,0.0,0.0,0.0,5.0,0.0,0.0,0.0,10.34,0.7550503361372742,10.34,0.7550503361372742,9.66,0.7550503361372742,5.0,0.0,10.0,0.0,2.0,0.0,0.5,0.0,0.63,0.7608474807008886
569.0,569.0,100,0.0,0.0,0.0,0.0,1.0,0.0,0.0,0.0,0.0,0.0,5.0,0.0,0.0,0.0,5.0,0.0,0.0,0.0,10.34,0.7550503361372742,10.34,0.7550503361372742,9.66,0.7550503361372742,5.0,0.0,10.0,0.0,2.0,0.0,0.5,0.0,0.63,0.7608474807008886
570.0,570.0,100,0.0,0.0,0.0,0.0,1.0,0.0,0.0,0.0,0.0,0.0,5.0,0.0,0.0,0.0,5.0,0.0,0.0,0.0,10.34,0.7550503361372742,10.34,0.7550503361372742,9.66,0.7550503361372742,5.0,0.0,10.0,0.0,2.0,0.0,0.5,0.0,0.63,0.7608474807008886
571.0,571.0,100,0.0,0.0,0.0,0.0,1.0,0.0,0.0,0.0,0.0,0.0,5.0,0.0,0.0,0.0,5.0,0.0,0.0,0.0,10.34,0.7550503361372742,10.34,0.7550503361372742,9.66,0.7550503361372742,5.0,0.0,10.0,0.0,2.0,0.0,0.5,0.0,0.63,0.7608474807008886
572.0,572.0,100,0.0,0.0,0.0,0.0,1.0,0.0,0.0,0.0,0.0,0.0,5.0,0.0,0.0,0.0,5.0,0.0,0.0,0.0,10.34,0.7550503361372742,10.34,0.7550503361372742,9.66,0.7550503361372742,5.0,0.0,10.0,0.0,2.0,0.0,0.5,0.0,0.63,0.7608474807008886
573.0,573.0,100,0.0,0.0,0.0,0.0,1.0,0.0,0.0,0.0,0.0,0.0,5.0,0.0,0.0,0.0,5.0,0.0,0.0,0.0,10.34,0.7550503361372742,10.34,0.7550503361372742,9.66,0.7550503361372742,5.0,0.0,10.0,0.0,2.0,0.0,0.5,0.0,0.63,0.7608474807008886
574.0,574.0,100,0.0,0.0,0.0,0.0,1.0,0.0,0.0,0.0,0.0,0.0,5.0,0.0,0.0,0.0,5.0,0.0,0.0,0.0,10.34,0.7550503361372742,10.34,0.7550503361372742,9.66,0.7550503361372742,5.0,0.0,10.0,0.0,2.0,0.0,0.5,0.0,0.63,0.7608474807008886
575.0,575.0,100,0.0,0.0,0.0,0.0,1.0,0.0,0.0,0.0,0.0,0.0,5.0,0.0,0.0,0.0,5.0,0.0,0.0,0.0,10.34,0.7550503361372742,10.34,0.7550503361372742,9.66,0.7550503361372742,5.0,0.0,10.0,0.0,2.0,0.0,0.5,0.0,0.63,0.7608474807008886
576.0,576.0,100,0.0,0.0,0.0,0.0,1.0,0.0,0.0,0.0,0.0,0.0,5.0,0.0,0.0,0.0,5.0,0.0,0.0,0.0,10.34,0.7550503361372742,10.34,0.7550503361372742,9.66,0.7550503361372742,5.0,0.0,10.0,0.0,2.0,0.0,0.5,0.0,0.63,0.7608474807008886
577.0,577.0,100,0.0,0.0,0.0,0.0,1.0,0.0,0.0,0.0,0.0,0.0,5.0,0.0,0.0,0.0,5.0,0.0,0.0,0.0,10.34,0.7550503361372742,10.34,0.7550503361372742,9.66,0.7550503361372742,5.0,0.0,10.0,0.0,2.0,0.0,0.5,0.0,0.63,0.7608474807008886
578.0,578.0,100,0.0,0.0,0.0,0.0,1.0,0.0,0.0,0.0,0.0,0.0,5.0,0.0,0.0,0.0,5.0,0.0,0.0,0.0,10.34,0.7550503361372742,10.34,0.7550503361372742,9.66,0.7550503361372742,5.0,0.0,10.0,0.0,2.0,0.0,0.5,0.0,0.63,0.7608474807008886
579.0,579.0,100,0.0,0.0,0.0,0.0,1.0,0.0,0.0,0.0,0.0,0.0,5.0,0.0,0.0,0.0,5.0,0.0,0.0,0.0,10.34,0.7550503361372742,10.34,0.7550503361372742,9.66,0.7550503361372742,5.0,0.0,10.0,0.0,2.0,0.0,0.5,0.0,0.63,0.7608474807008886
580.0,580.0,100,0.0,0.0,0.0,0.0,1.0,0.0,0.0,0.0,0.0,0.0,5.0,0.0,0.0,0.0,5.0,0.0,0.0,0.0,10.34,0.7550503361372742,10.34,0.7550503361372742,9.66,0.7550503361372742,5.0,0.0,10.0,0.0,2.0,0.0,0.5,0.0,0.63,0.7608474807008886
581.0,581.0,100,0.0,0.0,0.0,0.0,1.0,0.0,0.0,0.0,0.0,0.0,5.0,0.0,0.0,0.0,5.0,0.0,0.0,0.0,10.34,0.7550503361372742,10.34,0.7550503361372742,9.66,0.7550503361372742,5.0,0.0,10.0,0.0,2.0,0.0,0.5,0.0,0.63,0.7608474807008886
582.0,582.0,100,0.0,0.0,0.0,0.0,1.0,0.0,0.0,0.0,0.0,0.0,5.0,0.0,0.0,0.0,5.0,0.0,0.0,0.0,10.34,0.7550503361372742,10.34,0.7550503361372742,9.66,0.7550503361372742,5.0,0.0,10.0,0.0,2.0,0.0,0.5,0.0,0.63,0.7608474807008886
583.0,583.0,100,0.0,0.0,0.0,0.0,1.0,0.0,0.0,0.0,0.0,0.0,5.0,0.0,0.0,0.0,5.0,0.0,0.0,0.0,10.34,0.7550503361372742,10.34,0.7550503361372742,9.66,0.7550503361372742,5.0,0.0,10.0,0.0,2.0,0.0,0.5,0.0,0.63,0.7608474807008886
584.0,584.0,100,0.0,0.0,0.0,0.0,1.0,0.0,0.0,0.0,0.0,0.0,5.0,0.0,0.0,0.0,5.0,0.0,0.0,0.0,10.34,0.7550503361372742,10.34,0.7550503361372742,9.66,0.7550503361372742,5.0,0.0,10.0,0.0,2.0,0.0,0.5,0.0,0.63,0.7608474807008886
585.0,585.0,100,0.0,0.0,0.0,0.0,1.0,0.0,0.0,0.0,0.0,0.0,5.0,0.0,0.0,0.0,5.0,0.0,0.0,0.0,10.34,0.7550503361372742,10.34,0.7550503361372742,9.66,0.7550503361372742,5.0,0.0,10.0,0.0,2.0,0.0,0.5,0.0,0.63,0.7608474807008886
586.0,586.0,100,0.0,0.0,0.0,0.0,1.0,0.0,0.0,0.0,0.0,0.0,5.0,0.0,0.0,0.0,5.0,0.0,0.0,0.0,10.34,0.7550503361372742,10.34,0.7550503361372742,9.66,0.7550503361372742,5.0,0.0,10.0,0.0,2.0,0.0,0.5,0.0,0.63,0.7608474807008886
587.0,587.0,100,0.0,0.0,0.0,0.0,1.0,0.0,0.0,0.0,0.0,0.0,5.0,0.0,0.0,0.0,5.0,0.0,0.0,0.0,10.34,0.7550503361372742,10.34,0.7550503361372742,9.66,0.7550503361372742,5.0,0.0,10.0,0.0,2.0,0.0,0.5,0.0,0.63,0.7608474807008886
588.0,588.0,100,0.0,0.0,0.0,0.0,1.0,0.0,0.0,0.0,0.0,0.0,5.0,0.0,0.0,0.0,5.0,0.0,0.0,0.0,10.34,0.7550503361372742,10.34,0.7550503361372742,9.66,0.7550503361372742,5.0,0.0,10.0,0.0,2.0,0.0,0.5,0.0,0.63,0.7608474807008886
589.0,589.0,100,0.0,0.0,0.0,0.0,1.0,0.0,0.0,0.0,0.0,0.0,5.0,0.0,0.0,0.0,5.0,0.0,0.0,0.0,10.34,0.7550503361372742,10.34,0.7550503361372742,9.66,0.7550503361372742,5.0,0.0,10.0,0.0,2.0,0.0,0.5,0.0,0.63,0.7608474807008886
590.0,590.0,100,0.0,0.0,0.0,0.0,1.0,0.0,0.0,0.0,0.0,0.0,5.0,0.0,0.0,0.0,5.0,0.0,0.0,0.0,10.34,0.7550503361372742,10.34,0.7550503361372742,9.66,0.7550503361372742,5.0,0.0,10.0,0.0,2.0,0.0,0.5,0.0,0.63,0.7608474807008886
591.0,591.0,100,0.0,0.0,0.0,0.0,1.0,0.0,0.0,0.0,0.0,0.0,5.0,0.0,0.0,0.0,5.0,0.0,0.0,0.0,10.34,0.7550503361372742,10.34,0.7550503361372742,9.66,0.7550503361372742,5.0,0.0,10.0,0.0,2.0,0.0,0.5,0.0,0.63,0.7608474807008886
592.0,592.0,100,0.0,0.0,0.0,0.0,1.0,0.0,0.0,0.0,0.0,0.0,5.0,0.0,0.0,0.0,5.0,0.0,0.0,0.0,10.34,0.7550503361372742,10.34,0.7550503361372742,9.66,0.7550503361372742,5.0,0.0,10.0,0.0,2.0,0.0,0.5,0.0,0.63,0.7608474807008886
593.0,593.0,100,0.0,0.0,0.0,0.0,1.0,0.0,0.0,0.0,0.0,0.0,5.0,0.0,0.0,0.0,5.0,0.0,0.0,0.0,10.34,0.7550503361372742,10.34,0.7550503361372742,9.66,0.7550503361372742,5.0,0.0,10.0,0.0,2.0,0.0,0.5,0.0,0.63,0.7608474807008886
594.0,594.0,100,0.0,0.0,0.0,0.0,1.0,0.0,0.0,0.0,0.0,0.0,5.0,0.0,0.0,0.0,5.0,0.0,0.0,0.0,10.34,0.7550503361372742,10.34,0.7550503361372742,9.66,0.7550503361372742,5.0,0.0,10.0,0.0,2.0,0.0,0.5,0.0,0.63,0.7608474807008886
595.0,595.0,100,0.0,0.0,0.0,0.0,1.0,0.0,0.0,0.0,0.0,0.0,5.0,0.0,0.0,0.0,5.0,0.0,0.0,0.0,10.34,0.7550503361372742,10.34,0.7550503361372742,9.66,0.7550503361372742,5.0,0.0,10.0,0.0,2.0,0.0,0.5,0.0,0.63,0.7608474807008886
596.0,596.0,100,0.0,0.0,0.0,0.0,1.0,0.0,0.0,0.0,0.0,0.0,5.0,0.0,0.0,0.0,5.0,0.0,0.0,0.0,10.34,0.7550503361372742,10.34,0.7550503361372742,9.66,0.7550503361372742,5.0,0.0,10.0,0.0,2.0,0.0,0.5,0.0,0.63,0.7608474807008886
597.0,597.0,100,0.0,0.0,0.0,0.0,1.0,0.0,0.0,0.0,0.0,0.0,5.0,0.0,0.0,0.0,5.0,0.0,0.0,0.0,10.34,0.7550503361372742,10.34,0.7550503361372742,9.66,0.7550503361372742,5.0,0.0,10.0,0.0,2.0,0.0,0.5,0.0,0.63,0.7608474807008886
598.0,598.0,100,0.0,0.0,0.0,0.0,1.0,0.0,0.0,0.0,0.0,0.0,5.0,0.0,0.0,0.0,5.0,0.0,0.0,0.0,10.34,0.7550503361372742,10.34,0.7550503361372742,9.66,0.7550503361372742,5.0,0.0,10.0,0.0,2.0,0.0,0.5,0.0,0.63,0.7608474807008886
599.0,599.0,100,0.0,0.0,0.0,0.0,1.0,0.0,0.0,0.0,0.0,0.0,5.0,0.0,0.0,0.0,5.0,0.0,0.0,0.0,10.34,0.7550503361372742,10.34,0.7550503361372742,9.66,0.7550503361372742,5.0,0.0,10.0,0.0,2.0,0.0,0.5,0.0,0.63,0.7608474807008886
600.0,600.0,100,8.91,1.477747398487771,0.44549999999999995,0.07388736992438855,0.5545,0.07388736992438856,0.0,0.0,-0.44549999999999995,0.07388736992438855,5.72,0.8418354166265924,4.63,0.7199186261535594,5.37,0.7199186261535594,0.0,0.0,10.34,0.7550503361372742,9.42,1.2884882693303885,9.66,0.7550503361372742,10.0,0.0,20.0,0.0,2.0,0.0,1.0,0.0,2.41,1.5248447511637095
601.0,601.0,100,8.9,1.4736747170651914,0.445,0.07368373585325957,0.555,0.0736837358532596,0.0,0.0,0.0004999999999999999,0.004999999999999998,5.73,0.8391313449880266,4.63,0.7199186261535594,5.37,0.7199186261535594,0.0,0.0,10.33,0.766139476185438,9.39,1.294081320723881,9.67,0.766139476185438,10.0,0.0,20.0,0.0,2.0,0.0,1.0,0.0,2.41,1.5248447511637095
602.0,602.0,100,8.86,1.490847498111816,0.44299999999999995,0.07454237490559085,0.557,0.07454237490559083,0.0,0.0,0.0019999999999999996,0.009847319278346617,5.76,0.8659670836117214,4.62,0.7216703408122582,5.38,0.7216703408122581,0.0,0.0,10.29,0.8077278269468264,9.3,1.337115846843043,9.71,0.8077278269468264,10.0,0.0,20.0,0.0,2.0,0.0,1.0,0.0,2.41,1.5248447511637095
603.0,603.0,100,8.8,1.497472618255253,0.44,0.07487363091276265,0.56,0.07487363091276265,0.0,0.0,0.003,0.0119341628287971,5.81,0.8841477092189809,4.61,0.723278171336114,5.39,0.723278171336114,0.0,0.0,10.23,0.8859737552261325,9.2,1.370688833684684,9.77,0.8859737552261325,10.0,0.0,20.0,0.0,2.0,0.0,1.0,0.0,2.41,1.5248447511637095
604.0,604.0,100,8.77,1.5298709260931296,0.4385,0.07649354630465649,0.5615,0.07649354630465648,0.0,0.0,0.0014999999999999996,0.008572330399888263,5.83,0.9107106782035328,4.6,0.7385489458759965,5.4,0.7385489458759965,0.0,0.0,10.2,0.9320337272260425,9.11,1.369914839202301,9.8,0.9320337272260425,10.0,0.0,20.0,0.0,2.0,0.0,1.0,0.0,2.41,1.5248447511637095
605.0,605.0,100,8.7,1.5537507567629418,0.435,0.0776875378381471,0.565,0.07768753783814711,0.0,0.0,0.0034999999999999996,0.012821619998812137,5.9,0.9481507786158797,4.6,0.7385489458759965,5.4,0.7385489458759965,0.0,0.0,10.13,0.9282872247947677,9.0,1.3998556924183148,9.87,0.9282872247947677,10.0,0.0,20.0,0.0,2.0,0.0,1.0,0.0,2.41,1.5248447511637095
606.0,606.0,100,8.59,1.6149240842775856,0.42950000000000005,0.08074620421387928,0.5705,0.0807462042138793,0.0,0.0,0.0055000000000000005,0.015723301886761007,5.98,0.9845267539751924,4.57,0.7687718133556283,5.42,0.7545150292028179,0.01,0.09999999999999999,10.02,1.014839391184137,8.89,1.5102010034121525,9.98,1.014839391184137,10.0,0.0,20.0,0.0,2.0,0.0,1.0,0.0,2.41,1.5248447511637095
607.0,607.0,100,8.43,1.6832808272639306,0.4215,0.08416404136319655,0.5785,0.08416404136319657,0.0,0.0,0.008000000000000002,0.01974586006987263,6.09,1.015983376941878,4.52,0.7974707492814994,5.46,0.7839294959021853,0.02,0.1407052941362897,9.85,1.1492202011394816,8.81,1.5419717142920513,10.15,1.1492202011394816,10.0,0.0,20.0,0.0,2.0,0.0,1.0,0.0,2.41,1.5248447511637095
608.0,608.0,100,8.31,1.750584318033683,0.4155,0.08752921590168412,0.5845,0.08752921590168414,0.0,0.0,0.006,0.01632993161855452,6.18,1.0766577539738056,4.49,0.8102250591438446,5.47,0.7971540286886503,0.04,0.24287836253956216,9.73,1.179410912706043,8.77,1.5364592642524142,10.27,1.179410912706043,10.0,0.0,20.0,0.0,2.0,0.0,1.0,0.0,2.41,1.5248447511637095
609.0,609.0,100,8.21,1.7424874823833387,0.4105,0.08712437411916693,0.5895,0.08712437411916692,0.0,0.0,0.005000000000000001,0.015075567228888182,6.26,1.0789070414268338,4.47,0.8097262288308102,5.51,0.7719187689508435,0.02,0.1407052941362897,9.64,1.202018504370246,8.75,1.5529379129946448,10.36,1.202018504370246,10.0,0.0,20.0,0.0,2.0,0.0,1.0,0.0,2.41,1.5248447511637095
610.0,610.0,100,8.02,1.7348478232101423,0.401,0.08674239116050712,0.599,0.08674239116050711,0.0,0.0,0.0095,0.0209557012323953,6.39,1.0720979150217294,4.41,0.8420153793072302,5.52,0.8100380337747208,0.07,0.38283894337652813,9.43,1.2890760922913633,8.71,1.5458971439904985,10.57,1.2890760922913633,10.0,0.0,20.0,0.0,2.0,0.0,1.0,0.0,2.41,1.5248447511637095
611.0,611.0,100,7.94,1.7855763294473939,0.397,0.08927881647236971,0.603,0.0892788164723697,0.0,0.0,0.004,0.01363299621721454,6.42,1.0934146311237813,4.36,0.8589399151150083,5.62,0.8260897302498337,0.02,0.1407052941362897,9.38,1.3240586516961073,8.65,1.5787413475374117,10.62,1.3240586516961073,10.0,0.0,20.0,0.0,2.0,0.0,1.0,0.0,2.41,1.5248447511637095
612.0,612.0,100,7.87,1.8015425489162213,0.3935,0.09007712744581108,0.6065,0.09007712744581103,0.0,0.0,0.0034999999999999996,0.012821619998812135,6.49,1.12362148988227,4.36,0.8589399151150083,5.62,0.8382280492958122,0.02,0.1407052941362897,9.31,1.315755342460034,8.56,1.5783894105426368,10.69,1.315755342460034,10.0,0.0,20.0,0.0,2.0,0.0,1.0,0.0,2.41,1.5248447511637095
613.0,613.0,100,7.8,1.8090680674665818,0.39,0.0904534033733291,0.61,0.09045340337332908,0.0,0.0,0.0035000000000000005,0.01282161999881214,6.56,1.1574964275530097,4.36,0.8589399151150083,5.61,0.8633385983225446,0.03,0.22270150335361366,9.24,1.3190140180445316,8.51,1.5795089378817981,10.76,1.3190140180445316,10.0,0.0,20.0,0.0,2.0,0.0,1.0,0.0,2.41,1.5248447511637095
614.0,614.0,100,7.73,1.7857743135653787,0.3865,0.0892887156782689,0.6135,0.0892887156782689,0.0,0.0,0.0034999999999999996,0.014659433478105144,6.6,1.1281521496355325,4.33,0.865208563634144,5.64,0.8470984344075712,0.03,0.22270150335361366,9.17,1.310832875801804,8.48,1.547105475892111,10.83,1.310832875801804,10.0,0.0,20.0,0.0,2.0,0.0,1.0,0.0,2.41,1.5248447511637095
615.0,615.0,100,7.62,1.7394995216609241,0.381,0.08697497608304623,0.619,0.08697497608304625,0.0,0.0,0.0055000000000000005,0.017254775360093004,6.66,1.1029803518493229,4.28,0.8537498983243798,5.71,0.844411216783803,0.01,0.09999999999999999,9.07,1.3428072509229734,8.45,1.5464197817585439,10.93,1.3428072509229734,10.0,0.0,20.0,0.0,2.0,0.0,1.0,0.0,2.41,1.5248447511637095
616.0,616.0,100,7.53,1.766437949746051,0.3765,0.08832189748730256,0.6235,0.08832189748730253,0.0,0.0,0.0045000000000000005,0.01438117456323307,6.73,1.0996326291957323,4.26,0.894653027941023,5.72,0.8885352832020513,0.02,0.14070529413628968,8.97,1.417459671098941,8.4,1.530827992765465,11.03,1.417459671098941,10.0,0.0,20.0,0.0,2.0,0.0,1.0,0.0,2.41,1.5248447511637095
617.0,617.0,100,7.45,1.811160685942313,0.3725,0.09055803429711565,0.6275,0.09055803429711567,0.0,0.0,0.004,0.013632996217214536,6.78,1.1153655920999195,4.23,0.9195409482755815,5.76,0.9002805398902337,0.01,0.09999999999999999,8.9,1.473674717065192,8.29,1.552417469626002,11.1,1.473674717065192,10.0,0.0,20.0,0.0,2.0,0.0,1.0,0.0,2.41,1.5248447511637095
618.0,618.0,100,7.4,1.7922391615298476,0.37,0.08961195807649242,0.63,0.08961195807649242,0.0,0.0,0.0025,0.010952145677879515,6.81,1.0981619170047718,4.21,0.9133687230480493,5.78,0.894201297022074,0.01,0.09999999999999999,8.85,1.4728176802279098,8.21,1.603625941925411,11.15,1.4728176802279098,10.0,0.0,20.0,0.0,2.0,0.0,1.0,0.0,2.41,1.5248447511637095
619.0,619.0,100,7.37,1.7902936952219641,0.3685,0.08951468476109822,0.6315,0.08951468476109822,0.0,0.0,0.0015000000000000002,0.008572330399888264,6.83,1.1014682579322579,4.2,0.9101004495564368,5.79,0.8909760848857751,0.01,0.09999999999999999,8.82,1.4932846312404713,8.19,1.6061435084378264,11.18,1.4932846312404713,10.0,0.0,20.0,0.0,2.0,0.0,1.0,0.0,2.41,1.5248447511637095
620.0,620.0,100,7.31,1.784869064037353,0.3655,0.08924345320186765,0.6345000000000001,0.08924345320186762,0.0,0.0,0.003,0.011934162828797099,6.86,1.0919355440332694,4.17,0.9107106782035328,5.79,0.890976084885775,0.04,0.24287836253956216,8.74,1.5216949614017774,8.16,1.5873235207719818,11.26,1.5216949614017774,10.0,0.0,20.0,0.0,2.0,0.0,1.0,0.0,2.41,1.5248447511637095
621.0,621.0,100,7.26,1.7730872465387548,0.363,0.08865436232693774,0.637,0.08865436232693777,0.0,0.0,0.0025,0.013055824196677338,6.89,1.0814785987692774,4.15,0.9142530206997325,5.81,0.8841477092189811,0.04,0.24287836253956216,8.7,1.5208981928884373,8.12,1.578133407068316,11.3,1.5208981928884373,10.0,0.0,20.0,0.0,2.0,0.0,1.0,0.0,2.41,1.5248447511637095
622.0,622.0,100,7.19,1.7678098074033635,0.35950000000000004,0.08839049037016815,0.6405,0.08839049037016816,0.0,0.0,0.0034999999999999996,0.01282161999881214,6.96,1.081712073567181,4.15,0.9142530206997325,5.83,0.899550954194324,0.02,0.1407052941362897,8.64,1.5342553222783333,8.07,1.5651185129554752,11.36,1.5342553222783333,10.0,0.0,20.0,0.0,2.0,0.0,1.0,0.0,2.41,1.5248447511637095
623.0,623.0,100,7.13,1.7503534996501062,0.3565,0.08751767498250532,0.6435,0.08751767498250528,0.0,0.0,0.0030000000000000005,0.011934162828797104,7.02,1.0822722075860265,4.15,0.9142530206997325,5.84,0.8957813586050128,0.01,0.09999999999999999,8.59,1.5380362660079103,8.03,1.5728440430755952,11.41,1.5380362660079103,10.0,0.0,20.0,0.0,2.0,0.0,1.0,0.0,2.41,1.5248447511637095
624.0,624.0,100,7.05,1.7887132105217285,0.3525,0.08943566052608644,0.6475,0.08943566052608642,0.0,0.0,0.003999999999999999,0.013632996217214532,7.06,1.0807778717575636,4.11,0.941683427043121,5.88,0.9241977137720125,0.01,0.09999999999999999,8.51,1.5602058916189314,7.97,1.5919938581679405,11.49,1.5602058916189314,10.0,0.0,20.0,0.0,2.0,0.0,1.0,0.0,2.41,1.5248447511637095
625.0,625.0,100,7.02,1.7864812205884368,0.35100000000000003,0.08932406102942185,0.649,0.08932406102942186,0.0,0.0,0.0014999999999999996,0.008572330399888263,7.08,1.079468630971982,4.1,0.937436866561092,5.87,0.939105527573548,0.03,0.2227015033536137,8.47,1.5534581820030824,7.9,1.6360830286900714,11.53,1.5534581820030824,10.0,0.0,20.0,0.0,2.0,0.0,1.0,0.0,2.41,1.5248447511637095
626.0,626.0,100,6.98,1.7808181073071807,0.349,0.08904090536535907,0.6509999999999999,0.08904090536535907,0.0,0.0,0.0020000000000000005,0.01214391812697811,7.1,1.0683698523517695,4.08,0.9393743888483668,5.87,0.89504810547317,0.05,0.3295236844080537,8.4,1.5634719199411435,7.8,1.626795821996309,11.6,1.5634719199411435,10.0,0.0,20.0,0.0,2.0,0.0,1.0,0.0,2.41,1.5248447511637095
627.0,627.0,100,6.86,1.7753645236737137,0.34299999999999997,0.08876822618368567,0.657,0.08876822618368571,0.0,0.0,0.006000000000000001,0.016329931618554526,7.2,1.0824588545146514,4.06,0.9300809131739588,5.89,0.9199802369418795,0.05,0.3295236844080537,8.28,1.5379377507729386,7.76,1.6025232628828852,11.72,1.5379377507729386,10.0,0.0,20.0,0.0,2.0,0.0,1.0,0.0,2.41,1.5248447511637095
628.0,628.0,100,6.75,1.8388347210429576,0.3375,0.09194173605214788,0.6625,0.0919417360521479,0.0,0.0,0.0055000000000000005,0.015723301886761007,7.28,1.1198845539346518,4.03,0.936951859958017,5.96,0.920254685871627,0.01,0.09999999999999999,8.2,1.6017667013821224,7.77,1.632096006286816,11.8,1.601766701382123,10.0,0.0,20.0,0.0,2.0,0.0,1.0,0.0,2.41,1.5248447511637095
629.0,629.0,100,6.74,1.8511257835886432,0.337,0.09255628917943216,0.6629999999999999,0.09255628917943216,0.0,0.0,0.0004999999999999999,0.004999999999999998,7.28,1.1198845539346518,4.02,0.953250685122685,5.96,0.941951552508263,0.02,0.1407052941362897,8.18,1.6104457002753472,7.73,1.63827329647388,11.82,1.6104457002753478,10.0,0.0,20.0,0.0,2.0,0.0,1.0,0.0,2.41,1.5248447511637095
630.0,630.0,100,6.69,1.8295829408293403,0.3345,0.09147914704146701,0.6655,0.09147914704146705,0.0,0.0,0.002500000000000001,0.010952145677879522,7.29,1.1127815725841383,3.98,0.9318169499868675,6.0,0.9211323729436764,0.02,0.14070529413628968,8.13,1.5869098362171776,7.7,1.6236882817719773,11.87,1.5869098362171772,10.0,0.0,20.0,0.0,2.0,0.0,1.0,0.0,2.41,1.5248447511637095
631.0,631.0,100,6.65,1.7999719414199185,0.3325,0.0899985970709959,0.6675,0.08999859707099593,0.0,0.0,0.002,0.009847319278346619,7.31,1.0889249633273983,3.96,0.9311663154725407,6.03,0.9151364638537509,0.01,0.09999999999999999,8.1,1.5602382620431519,7.59,1.6459009383890326,11.9,1.5602382620431519,10.0,0.0,20.0,0.0,2.0,0.0,1.0,0.0,2.41,1.5248447511637095
632.0,632.0,100,6.61,1.791647286716892,0.33049999999999996,0.0895823643358446,0.6695,0.08958236433584463,0.0,0.0,0.0019999999999999996,0.009847319278346617,7.34,1.0657192762437846,3.95,0.9360890055238479,6.04,0.9202546858716272,0.01,0.09999999999999999,8.06,1.568760689528553,7.54,1.647894279241103,11.94,1.568760689528553,10.0,0.0,20.0,0.0,2.0,0.0,1.0,0.0,2.41,1.5248447511637095
633.0,633.0,100,6.56,1.8275114171457265,0.32799999999999996,0.09137557085728631,0.672,0.0913755708572863,0.0,0.0,0.0025000000000000005,0.01095214567787952,7.35,1.0859525446781408,3.91,0.9438262980061959,6.08,0.9285592184789412,0.01,0.09999999999999999,8.01,1.6298664504997475,7.52,1.6235638564465504,11.99,1.629866450499748,10.0,0.0,20.0,0.0,2.0,0.0,1.0,0.0,2.41,1.5248447511637095
634.0,634.0,100,6.5,1.8450041745319725,0.325,0.0922502087265986,0.675,0.09225020872659861,0.0,0.0,0.0030000000000000005,0.011934162828797099,7.4,1.1009637651263606,3.9,0.9587449708822043,6.09,0.9438262980061959,0.01,0.09999999999999999,7.95,1.6353111093129724,7.49,1.5985789143656763,12.05,1.6353111093129724,10.0,0.0,20.0,0.0,2.0,0.0,1.0,0.0,2.41,1.5248447511637095
635.0,635.0,100,6.43,1.8654487368724422,0.3215,0.09327243684362213,0.6785,0.09327243684362212,0.0,0.0,0.0034999999999999996,0.01282161999881214,7.46,1.140795398576862,3.89,0.9523495665824062,6.09,0.9221735413706252,0.02,0.14070529413628968,7.87,1.6736520280844251,7.46,1.6044131058244988,12.13,1.6736520280844263,10.0,0.0,20.0,0.0,2.0,0.0,1.0,0.0,2.41,1.5248447511637095
636.0,636.0,100,6.35,1.8768929838238708,0.3175,0.09384464919119352,0.6825,0.09384464919119355,0.0,0.0,0.004,0.013632996217214532,7.53,1.1499231419200293,3.88,0.9564243173129146,6.11,0.941683427043121,0.01,0.09999999999999999,7.8,1.6575508280214966,7.44,1.5847760572128642,12.2,1.6575508280214966,10.0,0.0,20.0,0.0,2.0,0.0,1.0,0.0,2.41,1.5248447511637095
637.0,637.0,100,6.34,1.870666709864143,0.317,0.09353333549320715,0.6829999999999999,0.09353333549320715,0.0,0.0,0.0005000000000000004,0.005000000000000004,7.54,1.140795398576862,3.88,0.9564243173129146,6.09,0.9438262980061959,0.03,0.22270150335361363,7.78,1.654989395431251,7.41,1.5833413077949108,12.22,1.6549893954312507,10.0,0.0,20.0,0.0,2.0,0.0,1.0,0.0,2.41,1.5248447511637095
638.0,638.0,100,6.33,1.875170025961013,0.3165,0.09375850129805062,0.6835,0.09375850129805065,0.0,0.0,0.0004999999999999999,0.0049999999999999975,7.55,1.1492202011394814,3.88,0.9564243173129146,6.11,0.941683427043121,0.01,0.09999999999999999,7.78,1.654989395431251,7.34,1.5968403144644712,12.22,1.6549893954312507,10.0,0.0,20.0,0.0,2.0,0.0,1.0,0.0,2.41,1.5248447511637095
639.0,639.0,100,6.31,1.8732298041057052,0.3155,0.09366149020528527,0.6845,0.09366149020528526,0.0,0.0,0.0010000000000000002,0.0070352647068144866,7.57,1.1393334929162786,3.88,0.9564243173129146,6.11,0.941683427043121,0.01,0.09999999999999999,7.76,1.6460543580012632,7.32,1.6073065493036305,12.24,1.646054358001263,10.0,0.0,20.0,0.0,2.0,0.0,1.0,0.0,2.41,1.5248447511637095
640.0,640.0,100,6.26,1.8674240887577538,0.313,0.09337120443788768,0.687,0.09337120443788768,0.0,0.0,0.0025,0.010952145677879515,7.59,1.1109646368100223,3.85,0.9782999065065412,6.14,0.9642079494056092,0.01,0.09999999999999999,7.71,1.6471278951648844,7.27,1.5881823674638982,12.29,1.6471278951648847,10.0,0.0,20.0,0.0,2.0,0.0,1.0,0.0,2.41,1.5248447511637095
641.0,641.0,100,6.17,1.8697755496477662,0.3085,0.09348877748238832,0.6915,0.0934887774823883,0.0,0.0,0.0045000000000000005,0.014381174563233071,7.66,1.1211465992320977,3.83,0.9852959356498335,6.14,0.9951397039124861,0.03,0.22270150335361366,7.61,1.6811191558487508,7.26,1.580308114695909,12.39,1.6811191558487508,10.0,0.0,20.0,0.0,2.0,0.0,1.0,0.0,2.41,1.5248447511637095
642.0,642.0,100,6.1,1.8613560821740862,0.305,0.09306780410870431,0.695,0.09306780410870434,0.0,0.0,0.003500000000000001,0.01282161999881214,7.71,1.121822110891405,3.81,0.9815983667138783,6.18,0.9679719505077079,0.01,0.09999999999999999,7.55,1.6659089186544755,7.23,1.5881823674638982,12.45,1.6659089186544762,10.0,0.0,20.0,0.0,2.0,0.0,1.0,0.0,2.41,1.5248447511637095
643.0,643.0,100,6.06,1.8685055877125796,0.303,0.09342527938562899,0.6970000000000001,0.09342527938562896,0.0,0.0,0.0020000000000000005,0.00984731927834662,7.73,1.1268531314230703,3.79,0.9877532918986227,6.2,0.974420314594759,0.01,0.09999999999999999,7.51,1.6544705277739846,7.2,1.5699192541804385,12.49,1.6544705277739846,10.0,0.0,20.0,0.0,2.0,0.0,1.0,0.0,2.41,1.5248447511637095
644.0,644.0,100,6.03,1.855676521793428,0.3015,0.09278382608967138,0.6984999999999999,0.09278382608967138,0.0,0.0,0.0015000000000000002,0.008572330399888266,7.74,1.1336897835177508,3.77,0.9832434473555758,6.21,0.9774735523043809,0.02,0.1407052941362897,7.48,1.6359595460657446,7.17,1.5766926130224606,12.52,1.6359595460657441,10.0,0.0,20.0,0.0,2.0,0.0,1.0,0.0,2.41,1.5248447511637095
645.0,645.0,100,5.97,1.8282574360645307,0.2985,0.09141287180322656,0.7015,0.09141287180322656,0.0,0.0,0.002999999999999999,0.011934162828797099,7.77,1.1268531314230703,3.74,0.9704731741878194,6.24,0.9652549775666383,0.02,0.1407052941362897,7.42,1.634106186972876,7.15,1.604129771319117,12.58,1.6341061869728755,10.0,0.0,20.0,0.0,2.0,0.0,1.0,0.0,2.41,1.5248447511637095
646.0,646.0,100,5.96,1.8141976549739915,0.298,0.09070988274869961,0.7020000000000001,0.0907098827486996,0.0,0.0,0.0004999999999999999,0.004999999999999998,7.78,1.1153655920999193,3.74,0.9704731741878194,6.24,0.9652549775666383,0.02,0.1407052941362897,7.41,1.6086571349351542,7.14,1.60189281977934,12.59,1.6086571349351542,10.0,0.0,20.0,0.0,2.0,0.0,1.0,0.0,2.41,1.5248447511637095
647.0,647.0,100,5.93,1.8104913111856649,0.2965,0.09052456555928325,0.7034999999999999,0.09052456555928325,0.0,0.0,0.0014999999999999996,0.008572330399888263,7.78,1.1153655920999193,3.71,0.9774735523043809,6.26,0.9910712498212335,0.03,0.2227015033536137,7.37,1.5741279452061034,7.1,1.6111981864313267,12.63,1.574127945206103,10.0,0.0,20.0,0.0,2.0,0.0,1.0,0.0,2.41,1.5248447511637095
648.0,648.0,100,5.88,1.8050434394168524,0.294,0.09025217197084255,0.706,0.09025217197084259,0.0,0.0,0.0025,0.010952145677879518,7.81,1.1073218214058709,3.69,0.971253485622231,6.26,0.9808262853432312,0.05,0.26111648393354675,7.32,1.6135787441697307,7.08,1.6060491709141218,12.68,1.6135787441697302,10.0,0.0,20.0,0.0,2.0,0.0,1.0,0.0,2.41,1.5248447511637095
649.0,649.0,100,5.86,1.803587894428573,0.293,0.09017939472142865,0.7070000000000001,0.09017939472142864,0.0,0.0,0.0009999999999999998,0.007035264706814483,7.82,1.1135528725660042,3.68,0.9731755787475901,6.3,0.9692233691951196,0.02,0.1407052941362897,7.32,1.6198266524040108,7.01,1.5922476331439541,12.68,1.6198266524040108,10.0,0.0,20.0,0.0,2.0,0.0,1.0,0.0,2.41,1.5248447511637095
650.0,650.0,100,5.82,1.788741445708675,0.29100000000000004,0.08943707228543372,0.7090000000000001,0.08943707228543374,0.0,0.0,0.002,0.00984731927834662,7.86,1.1193432417847946,3.68,0.9731755787475901,6.3,0.9692233691951196,0.02,0.1407052941362897,7.28,1.595954481515907,7.0,1.6267958219963092,12.72,1.5959544815159075,10.0,0.0,20.0,0.0,2.0,0.0,1.0,0.0,2.41,1.5248447511637095
651.0,651.0,100,5.79,1.7826039289973443,0.2895,0.08913019644986721,0.7105,0.08913019644986718,0.0,0.0,0.0015000000000000002,0.008572330399888266,7.86,1.1193432417847946,3.65,0.9679197729505722,6.33,0.9645745385422736,0.02,0.1407052941362897,7.25,1.6166744767071588,6.96,1.6200760675494423,12.75,1.616674476707159,10.0,0.0,20.0,0.0,2.0,0.0,1.0,0.0,2.41,1.5248447511637095
652.0,652.0,100,5.76,1.7702365304493561,0.28800000000000003,0.0885118265224678,0.7120000000000001,0.08851182652246782,0.0,0.0,0.0015000000000000002,0.008572330399888264,7.89,1.1091447246423796,3.65,0.9679197729505722,6.33,0.9645745385422736,0.02,0.1407052941362897,7.22,1.6241858877541693,6.94,1.6256777918235468,12.78,1.6241858877541693,10.0,0.0,20.0,0.0,2.0,0.0,1.0,0.0,2.41,1.5248447511637095
653.0,653.0,100,5.71,1.7482747628632775,0.28550000000000003,0.08741373814316383,0.7145,0.08741373814316383,0.0,0.0,0.0024999999999999996,0.010952145677879515,7.91,1.0926291154085104,3.62,0.9616904308812088,6.36,0.9589556609124115,0.02,0.1407052941362897,7.17,1.6146738733167503,6.9,1.6360830286900714,12.83,1.6146738733167505,10.0,0.0,20.0,0.0,2.0,0.0,1.0,0.0,2.41,1.5248447511637095
654.0,654.0,100,5.67,1.7410956726768754,0.28350000000000003,0.0870547836338438,0.7165,0.0870547836338438,0.0,0.0,0.002,0.009847319278346617,7.93,1.0754843869934452,3.6,0.9534625892455926,6.38,0.9511290473150656,0.02,0.1407052941362897,7.13,1.6370397032140025,6.86,1.626920000144041,12.87,1.6370397032140036,10.0,0.0,20.0,0.0,2.0,0.0,1.0,0.0,2.41,1.5248447511637095
655.0,655.0,100,5.64,1.743791295083239,0.282,0.087189564754162,0.718,0.08718956475416195,0.0,0.0,0.0014999999999999996,0.008572330399888263,7.95,1.0859525446781406,3.59,0.9544684913657971,6.39,0.9523495665824064,0.02,0.1407052941362897,7.1,1.666666666666666,6.82,1.6353419930838426,12.9,1.6666666666666672,10.0,0.0,20.0,0.0,2.0,0.0,1.0,0.0,2.41,1.5248447511637095
656.0,656.0,100,5.63,1.732954504056962,0.2815,0.08664772520284812,0.7184999999999999,0.08664772520284815,0.0,0.0,0.0005000000000000004,0.005000000000000004,7.96,1.081712073567181,3.59,0.9544684913657971,6.39,0.9523495665824064,0.02,0.1407052941362897,7.09,1.664210311107331,6.78,1.6549893954312511,12.91,1.664210311107331,10.0,0.0,20.0,0.0,2.0,0.0,1.0,0.0,2.41,1.5248447511637095
657.0,657.0,100,5.6,1.7115177268415684,0.28,0.08557588634207841,0.72,0.08557588634207841,0.0,0.0,0.0015000000000000002,0.008572330399888264,7.97,1.0773611607567217,3.57,0.94553709818304,6.41,0.943826298006196,0.02,0.1407052941362897,7.06,1.6442123778375906,6.73,1.6748586552755775,12.94,1.6442123778375908,10.0,0.0,20.0,0.0,2.0,0.0,1.0,0.0,2.41,1.5248447511637095
658.0,658.0,100,5.57,1.6772693055178478,0.27849999999999997,0.08386346527589238,0.7215,0.08386346527589239,0.0,0.0,0.0015000000000000002,0.008572330399888264,7.98,1.0634420957010737,3.55,0.9252354327740617,6.43,0.9239244361073927,0.02,0.1407052941362897,7.03,1.6358051796771482,6.7,1.6605950010691222,12.97,1.6358051796771478,10.0,0.0,20.0,0.0,2.0,0.0,1.0,0.0,2.41,1.5248447511637095
659.0,659.0,100,5.53,1.6844805571673267,0.27649999999999997,0.08422402785836633,0.7234999999999999,0.08422402785836633,0.0,0.0,0.002,0.00984731927834662,8.0,1.05409255338946,3.53,0.9261083995282451,6.45,0.925235432774062,0.02,0.1407052941362897,6.99,1.6111668398581775,6.69,1.6738934231064988,13.01,1.6111668398581773,10.0,0.0,20.0,0.0,2.0,0.0,1.0,0.0,2.41,1.5248447511637095
660.0,660.0,100,5.5,1.6966991126265962,0.275,0.08483495563132981,0.725,0.08483495563132981,0.0,0.0,0.0014999999999999996,0.008572330399888263,8.02,1.0539008827717484,3.52,0.9263810329350545,6.45,0.9360890055238476,0.03,0.1714466079977653,6.95,1.6291225871739685,6.67,1.6700269156483376,13.05,1.6291225871739687,10.0,0.0,20.0,0.0,2.0,0.0,1.0,0.0,2.41,1.5248447511637095
661.0,661.0,100,5.47,1.696431191613379,0.2735,0.08482155958066889,0.7265,0.08482155958066896,0.0,0.0,0.0014999999999999996,0.008572330399888261,8.05,1.057679946244075,3.52,0.9263810329350545,6.46,0.925726577867189,0.02,0.1407052941362897,6.93,1.609661486465431,6.62,1.6983652270475997,13.07,1.6096614864654306,10.0,0.0,20.0,0.0,2.0,0.0,1.0,0.0,2.41,1.5248447511637095
662.0,662.0,100,5.44,1.7015738406997023,0.272,0.08507869203498511,0.728,0.08507869203498512,0.0,0.0,0.0014999999999999996,0.008572330399888261,8.07,1.066050958662224,3.51,0.9155778657672042,6.47,0.915136463853751,0.02,0.1407052941362897,6.9,1.623688281771978,6.55,1.713729467234746,13.1,1.6236882817719773,10.0,0.0,20.0,0.0,2.0,0.0,1.0,0.0,2.41,1.5248447511637095
663.0,663.0,100,5.42,1.7066714015085838,0.271,0.08533357007542915,0.7290000000000001,0.0853335700754292,0.0,0.0,0.0009999999999999998,0.007035264706814482,8.08,1.079468630971982,3.5,0.9156330260447352,6.48,0.9154123649917552,0.02,0.1407052941362897,6.88,1.6408916029175278,6.53,1.7259457954666158,13.12,1.6408916029175273,10.0,0.0,20.0,0.0,2.0,0.0,1.0,0.0,2.41,1.5248447511637095
664.0,664.0,100,5.38,1.7043023395649217,0.26899999999999996,0.08521511697824605,0.731,0.08521511697824609,0.0,0.0,0.0019999999999999996,0.009847319278346615,8.1,1.0871146130092177,3.48,0.9263810329350541,6.48,0.9154123649917549,0.04,0.24287836253956216,6.83,1.6271372890987892,6.47,1.7082982258033368,13.17,1.6271372890987885,10.0,0.0,20.0,0.0,2.0,0.0,1.0,0.0,2.41,1.5248447511637095
665.0,665.0,100,5.36,1.6968181750535083,0.268,0.08484090875267544,0.732,0.08484090875267541,0.0,0.0,0.0010000000000000002,0.0070352647068144866,8.12,1.07571916277982,3.48,0.9263810329350541,6.47,0.892788164723697,0.05,0.26111648393354675,6.8,1.6575508280214963,6.43,1.7306214216432505,13.2,1.6575508280214963,10.0,0.0,20.0,0.0,2.0,0.0,1.0,0.0,2.41,1.5248447511637095
666.0,666.0,100,5.31,1.6978596151411556,0.2655,0.08489298075705777,0.7345,0.08489298075705778,0.0,0.0,0.0025,0.010952145677879518,8.14,1.073274984297683,3.45,0.9142530206997327,6.53,0.915136463853751,0.02,0.1407052941362897,6.77,1.6196707484341792,6.39,1.7401671811012354,13.23,1.619670748434179,10.0,0.0,20.0,0.0,2.0,0.0,1.0,0.0,2.41,1.5248447511637095
667.0,667.0,100,5.24,1.729833296107816,0.262,0.08649166480539079,0.738,0.0864916648053908,0.0,0.0,0.0034999999999999996,0.012821619998812138,8.16,1.079842861744525,3.4,0.9320337272260423,6.57,0.9347932305266144,0.03,0.1714466079977653,6.7,1.6727162933324342,6.34,1.7821788956672155,13.3,1.6727162933324335,10.0,0.0,20.0,0.0,2.0,0.0,1.0,0.0,2.41,1.5248447511637095
668.0,668.0,100,5.21,1.7073518984235516,0.2605,0.08536759492117757,0.7395,0.08536759492117758,0.0,0.0,0.0015000000000000002,0.008572330399888266,8.18,1.0672346972385685,3.39,0.9199802369418792,6.57,0.9239244361073929,0.04,0.19694638556693236,6.66,1.658890952389334,6.28,1.7813852287849852,13.34,1.6588909523893345,10.0,0.0,20.0,0.0,2.0,0.0,1.0,0.0,2.41,1.5248447511637095
669.0,669.0,100,5.2,1.7115177268415682,0.26,0.08557588634207841,0.74,0.08557588634207838,0.0,0.0,0.0004999999999999999,0.004999999999999998,8.18,1.0672346972385685,3.38,0.9187167158816715,6.6,0.9211323729436767,0.02,0.1407052941362897,6.67,1.65788596066975,6.25,1.788713210521729,13.33,1.6578859606697491,10.0,0.0,20.0,0.0,2.0,0.0,1.0,0.0,2.41,1.5248447511637095
670.0,670.0,100,5.17,1.7,0.2585,0.08499999999999999,0.7415,0.08499999999999998,0.0,0.0,0.0014999999999999996,0.008572330399888261,8.19,1.0607315943024962,3.36,0.904757347903767,6.6,0.9211323729436767,0.04,0.24287836253956216,6.63,1.6736520280844256,6.24,1.8041478583945092,13.37,1.6736520280844256,10.0,0.0,20.0,0.0,2.0,0.0,1.0,0.0,2.41,1.5248447511637095
671.0,671.0,100,5.1,1.7203476275439096,0.255,0.08601738137719549,0.745,0.08601738137719547,0.0,0.0,0.0034999999999999996,0.012821619998812135,8.23,1.0622541307916096,3.33,0.9107106782035332,6.65,0.9142530206997329,0.02,0.1407052941362897,6.58,1.6947929762431844,6.23,1.8082582724262537,13.42,1.6947929762431846,10.0,0.0,20.0,0.0,2.0,0.0,1.0,0.0,2.41,1.5248447511637095
672.0,672.0,100,5.04,1.7461067804945063,0.252,0.0873053390247253,0.748,0.08730533902472533,0.0,0.0,0.003,0.011934162828797104,8.26,1.0882290311521852,3.3,0.9265990819042822,6.67,0.9326296048260421,0.03,0.1714466079977653,6.51,1.7320216482189217,6.2,1.820200899112874,13.49,1.7320216482189215,10.0,0.0,20.0,0.0,2.0,0.0,1.0,0.0,2.41,1.5248447511637095
673.0,673.0,100,5.02,1.7464538385256594,0.251,0.08732269192628296,0.7490000000000001,0.08732269192628296,0.0,0.0,0.001,0.007035264706814485,8.27,1.0996326291957323,3.29,0.924361641590803,6.69,0.928722376453401,0.02,0.1407052941362897,6.5,1.7320508075688772,6.19,1.8129444770228562,13.5,1.7320508075688772,10.0,0.0,20.0,0.0,2.0,0.0,1.0,0.0,2.41,1.5248447511637095
674.0,674.0,100,4.97,1.7259457954666158,0.24850000000000003,0.08629728977333076,0.7515000000000001,0.08629728977333079,0.0,0.0,0.0024999999999999996,0.010952145677879513,8.3,1.0871146130092177,3.27,0.9084897001912213,6.7,0.9265990819042823,0.03,0.1714466079977653,6.45,1.71961353421945,6.17,1.8315693993530422,13.55,1.71961353421945,10.0,0.0,20.0,0.0,2.0,0.0,1.0,0.0,2.41,1.5248447511637095
675.0,675.0,100,4.92,1.72726209459779,0.24600000000000002,0.08636310472988949,0.754,0.08636310472988949,0.0,0.0,0.0025,0.010952145677879515,8.33,1.082971967701973,3.25,0.9031370691409835,6.73,0.9084897001912213,0.02,0.1407052941362897,6.41,1.7528908302077066,6.13,1.801542548916221,13.59,1.7528908302077064,10.0,0.0,20.0,0.0,2.0,0.0,1.0,0.0,2.41,1.5248447511637095
676.0,676.0,100,4.86,1.7466851722359957,0.243,0.08733425861179979,0.757,0.0873342586117998,0.0,0.0,0.0030000000000000005,0.013889898953170717,8.35,1.0576799462440747,3.21,0.9459643147859675,6.75,0.9468181696950297,0.04,0.24287836253956216,6.34,1.7878376985519786,6.09,1.8040078836979747,13.66,1.7878376985519793,10.0,0.0,20.0,0.0,2.0,0.0,1.0,0.0,2.41,1.5248447511637095
677.0,677.0,100,4.82,1.7660090256813183,0.24100000000000002,0.08830045128406591,0.759,0.0883004512840659,0.0,0.0,0.002,0.009847319278346617,8.37,1.0698343117256313,3.19,0.9607972278953104,6.78,0.9595874534444897,0.03,0.1714466079977653,6.31,1.8017668096520258,6.04,1.7974167771296314,13.69,1.8017668096520252,10.0,0.0,20.0,0.0,2.0,0.0,1.0,0.0,2.41,1.5248447511637095
678.0,678.0,100,4.79,1.771234802975802,0.2395,0.08856174014879008,0.7605,0.0885617401487901,0.0,0.0,0.0014999999999999996,0.008572330399888261,8.38,1.0615407137122377,3.17,0.9645745385422737,6.81,0.971253485622231,0.02,0.1407052941362897,6.29,1.7769284587384901,6.03,1.800420826227899,13.71,1.7769284587384904,10.0,0.0,20.0,0.0,2.0,0.0,1.0,0.0,2.41,1.5248447511637095
679.0,679.0,100,4.77,1.751507287389287,0.23850000000000002,0.08757536436946432,0.7615000000000001,0.08757536436946434,0.0,0.0,0.0009999999999999998,0.007035264706814482,8.39,1.053085893453093,3.16,0.9610600208292734,6.82,0.9679719505077081,0.02,0.1407052941362897,6.27,1.7630036353285885,6.0,1.8034758807716982,13.73,1.763003635328589,10.0,0.0,20.0,0.0,2.0,0.0,1.0,0.0,2.41,1.5248447511637095
680.0,680.0,100,4.73,1.7572648627852885,0.2365,0.0878632431392644,0.7635,0.08786324313926441,0.0,0.0,0.002,0.009847319278346617,8.41,1.05500251328151,3.14,0.9536744462839244,6.84,0.9610600208292736,0.02,0.1407052941362897,6.23,1.7630036353285883,5.96,1.7861419401332672,13.77,1.763003635328588,10.0,0.0,20.0,0.0,2.0,0.0,1.0,0.0,2.41,1.5248447511637095
681.0,681.0,100,4.69,1.7505843180336826,0.2345,0.08752921590168414,0.7655,0.08752921590168414,0.0,0.0,0.002,0.009847319278346619,8.43,1.0660509586622238,3.12,0.9458041311738149,6.86,0.9536744462839242,0.02,0.1407052941362897,6.19,1.773514458738224,5.93,1.776701062831524,13.81,1.7735144587382237,10.0,0.0,20.0,0.0,2.0,0.0,1.0,0.0,2.41,1.5248447511637095
682.0,682.0,100,4.66,1.75936168406429,0.233,0.08796808420321452,0.767,0.08796808420321453,0.0,0.0,0.0015,0.008572330399888264,8.45,1.0671873729054748,3.11,0.9523495665824064,6.87,0.960376609629385,0.02,0.1407052941362897,6.16,1.80750399918526,5.9,1.7780934063249214,13.84,1.8075039991852595,10.0,0.0,20.0,0.0,2.0,0.0,1.0,0.0,2.41,1.5248447511637095
683.0,683.0,100,4.64,1.7895318500725939,0.23199999999999998,0.08947659250362973,0.768,0.08947659250362973,0.0,0.0,0.001,0.007035264706814484,8.45,1.0671873729054748,3.09,0.9754046039537345,6.89,0.9733312577810999,0.02,0.1407052941362897,6.14,1.8147543451754937,5.87,1.7959269292912603,13.86,1.8147543451754933,10.0,0.0,20.0,0.0,2.0,0.0,1.0,0.0,2.41,1.5248447511637095
684.0,684.0,100,4.59,1.7927744989374441,0.22949999999999998,0.08963872494687221,0.7705,0.08963872494687222,0.0,0.0,0.0025,0.010952145677879518,8.45,1.0671873729054748,3.04,0.9735906675183302,6.94,0.9725526134140949,0.02,0.1407052941362897,6.09,1.8317899839923093,5.85,1.799971941419919,13.91,1.831789983992309,10.0,0.0,20.0,0.0,2.0,0.0,1.0,0.0,2.41,1.5248447511637095
685.0,685.0,100,4.54,1.7605095681063312,0.22699999999999998,0.08802547840531652,0.773,0.08802547840531655,0.0,0.0,0.0025000000000000005,0.010952145677879518,8.48,1.0490977364412053,3.02,0.9742129690631864,6.96,0.9735906675183302,0.02,0.1407052941362897,6.04,1.8141976549739915,5.82,1.811188571188555,13.96,1.8141976549739918,10.0,0.0,20.0,0.0,2.0,0.0,1.0,0.0,2.41,1.5248447511637095
686.0,686.0,100,4.5,1.7552230857666151,0.225,0.08776115428833078,0.775,0.08776115428833078,0.0,0.0,0.002,0.009847319278346619,8.5,1.039619199903542,3.0,0.9639984073082951,6.98,0.9637888196533971,0.02,0.1407052941362897,6.0,1.8202008991128733,5.79,1.8051273773573009,14.0,1.8202008991128735,10.0,0.0,20.0,0.0,2.0,0.0,1.0,0.0,2.41,1.5248447511637095
687.0,687.0,100,4.47,1.7317883557441167,0.2235,0.08658941778720579,0.7765000000000001,0.0865894177872058,0.0,0.0,0.0015,0.008572330399888264,8.53,1.0294158390548354,3.0,0.9639984073082951,6.96,0.9839109756887601,0.04,0.24287836253956216,5.96,1.8030277565553698,5.76,1.8097379686439454,14.04,1.8030277565553698,10.0,0.0,20.0,0.0,2.0,0.0,1.0,0.0,2.41,1.5248447511637095
688.0,688.0,100,4.45,1.742951171972063,0.2225,0.08714755859860314,0.7775,0.08714755859860317,0.0,0.0,0.001,0.007035264706814483,8.54,1.0192094381371668,2.99,0.9897964284119082,6.98,0.9637888196533971,0.03,0.1714466079977653,5.95,1.8055749804704904,5.75,1.80557498047049,14.05,1.8055749804704901,10.0,0.0,20.0,0.0,2.0,0.0,1.0,0.0,2.41,1.5248447511637095
689.0,689.0,100,4.42,1.7360119163581147,0.221,0.08680059581790574,0.779,0.08680059581790575,0.0,0.0,0.0015000000000000002,0.008572330399888266,8.55,1.0087996667707453,2.97,0.9995453511926856,7.01,0.9999494936740502,0.02,0.1407052941362897,5.93,1.8049035341748239,5.73,1.797051457080164,14.07,1.8049035341748232,10.0,0.0,20.0,0.0,2.0,0.0,1.0,0.0,2.41,1.5248447511637095
690.0,690.0,100,4.39,1.7226653063133757,0.2195,0.08613326531566881,0.7805,0.08613326531566881,0.0,0.0,0.0015000000000000005,0.008572330399888268,8.56,0.9880089150213252,2.95,0.9987365756167876,7.03,0.9995453511926855,0.02,0.1407052941362897,5.9,1.789418956538743,5.71,1.7826039289973443,14.1,1.7894189565387417,10.0,0.0,20.0,0.0,2.0,0.0,1.0,0.0,2.41,1.5248447511637095
691.0,691.0,100,4.36,1.7379890852954345,0.218,0.0868994542647717,0.782,0.08689945426477172,0.0,0.0,0.0015,0.008572330399888263,8.58,0.9967624358568868,2.94,1.0032271160931836,7.04,1.0042334631373564,0.02,0.1407052941362897,5.87,1.8071407183054609,5.67,1.7812434653433207,14.13,1.8071407183054604,10.0,0.0,20.0,0.0,2.0,0.0,1.0,0.0,2.41,1.5248447511637095
692.0,692.0,100,4.36,1.7379890852954345,0.218,0.0868994542647717,0.782,0.08689945426477172,0.0,0.0,0.0,0.0,8.58,0.9967624358568868,2.94,1.0032271160931836,7.02,1.024744363293114,0.04,0.24287836253956216,5.86,1.8091797348885255,5.64,1.7895318500725943,14.14,1.809179734888525,10.0,0.0,20.0,0.0,2.0,0.0,1.0,0.0,2.41,1.5248447511637095
693.0,693.0,100,4.32,1.7574085604903744,0.21600000000000003,0.08787042802451869,0.784,0.0878704280245187,0.0,0.0,0.0019999999999999996,0.009847319278346617,8.6,1.005037815259212,2.92,1.0018165319240662,7.06,1.0032271160931838,0.02,0.1407052941362897,5.83,1.8260461233069785,5.63,1.7959269292912603,14.17,1.8260461233069787,10.0,0.0,20.0,0.0,2.0,0.0,1.0,0.0,2.41,1.5248447511637095
694.0,694.0,100,4.29,1.7250091494414068,0.2145,0.08625045747207033,0.7855,0.08625045747207033,0.0,0.0,0.0014999999999999996,0.008572330399888263,8.61,0.9938701010583716,2.9,0.9898474527915803,7.08,0.9916825819960454,0.02,0.1407052941362897,5.8,1.8090680674665813,5.56,1.7599357196709595,14.2,1.8090680674665818,10.0,0.0,20.0,0.0,2.0,0.0,1.0,0.0,2.41,1.5248447511637095
695.0,695.0,100,4.28,1.735429967390552,0.214,0.08677149836952759,0.7859999999999999,0.08677149836952758,0.0,0.0,0.0004999999999999999,0.004999999999999998,8.62,1.0028242945085473,2.9,0.9898474527915803,7.07,0.9975221827360555,0.03,0.1714466079977653,5.78,1.8011219847751578,5.54,1.75476263898908,14.22,1.8011219847751585,10.0,0.0,20.0,0.0,2.0,0.0,1.0,0.0,2.41,1.5248447511637095
696.0,696.0,100,4.27,1.7341198681670533,0.21350000000000002,0.08670599340835264,0.7865000000000001,0.08670599340835267,0.0,0.0,0.0004999999999999999,0.004999999999999998,8.63,1.0015644328406001,2.9,0.9898474527915803,7.08,0.9916825819960454,0.02,0.1407052941362897,5.78,1.8067214572928567,5.51,1.7666666666666668,14.22,1.8067214572928567,10.0,0.0,20.0,0.0,2.0,0.0,1.0,0.0,2.41,1.5248447511637095
697.0,697.0,100,4.23,1.7341198681670527,0.2115,0.08670599340835265,0.7885,0.08670599340835262,0.0,0.0,0.002,0.009847319278346619,8.65,0.9885710532241612,2.88,0.9977753031397177,7.1,0.9999999999999998,0.02,0.1407052941362897,5.74,1.8013462978695922,5.5,1.7666952541998073,14.26,1.8013462978695918,10.0,0.0,20.0,0.0,2.0,0.0,1.0,0.0,2.41,1.5248447511637095
698.0,698.0,100,4.18,1.7078547001333801,0.209,0.08539273500666901,0.7909999999999999,0.08539273500666901,0.0,0.0,0.0024999999999999996,0.010952145677879515,8.66,0.976698210267324,2.84,0.9715134501582484,7.14,0.9746276160149528,0.02,0.1407052941362897,5.69,1.8185075465803537,5.48,1.7665809012915543,14.31,1.818507546580354,10.0,0.0,20.0,0.0,2.0,0.0,1.0,0.0,2.41,1.5248447511637095
699.0,699.0,100,4.17,1.6880746309319263,0.20850000000000002,0.08440373154659632,0.7915000000000001,0.08440373154659632,0.0,0.0,0.0005000000000000004,0.005000000000000003,8.67,0.9540450828980883,2.84,0.9715134501582484,7.14,0.9746276160149528,0.02,0.1407052941362897,5.68,1.8083979181316898,5.45,1.7716909687891083,14.32,1.8083979181316898,10.0,0.0,20.0,0.0,2.0,0.0,1.0,0.0,2.41,1.5248447511637095
700.0,700.0,100,4.13,1.6796764960292596,0.2065,0.08398382480146298,0.7935,0.08398382480146299,0.0,0.0,0.002,0.009847319278346619,8.69,0.9502259167846838,2.82,0.9679719505077081,7.16,0.9715134501582485,0.02,0.1407052941362897,5.64,1.8230842996516545,5.41,1.7700938741299352,14.36,1.8230842996516545,10.0,0.0,20.0,0.0,2.0,0.0,1.0,0.0,2.41,1.5248447511637095
701.0,701.0,100,4.09,1.6823204273270949,0.2045,0.08411602136635475,0.7955,0.08411602136635475,0.0,0.0,0.002,0.009847319278346617,8.71,0.9459643147859671,2.8,0.9744203145947594,7.17,0.9645745385422737,0.03,0.1714466079977653,5.6,1.8257418583505536,5.37,1.7846426799080801,14.4,1.8257418583505536,10.0,0.0,20.0,0.0,2.0,0.0,1.0,0.0,2.41,1.5248447511637095
702.0,702.0,100,4.05,1.677991825265119,0.2025,0.08389959126325595,0.7975,0.08389959126325594,0.0,0.0,0.002,0.00984731927834662,8.73,0.9519252156349343,2.78,0.9700567514378223,7.2,0.9744203145947594,0.02,0.1407052941362897,5.57,1.8271521142162326,5.36,1.795167474812939,14.43,1.8271521142162326,10.0,0.0,20.0,0.0,2.0,0.0,1.0,0.0,2.41,1.5248447511637095
703.0,703.0,100,4.04,1.6812693617224659,0.20199999999999999,0.08406346808612326,0.7979999999999999,0.08406346808612326,0.0,0.0,0.0005000000000000001,0.005,8.73,0.9519252156349343,2.77,0.9729160583347654,7.21,0.9774735523043807,0.02,0.1407052941362897,5.56,1.8275114171457258,5.35,1.788713210521729,14.44,1.8275114171457256,10.0,0.0,20.0,0.0,2.0,0.0,1.0,0.0,2.41,1.5248447511637095
704.0,704.0,100,3.99,1.6298664504997473,0.19949999999999998,0.08149332252498737,0.8005,0.08149332252498742,0.0,0.0,0.0024999999999999996,0.010952145677879515,8.77,0.9195409482755812,2.76,0.9652549775666384,7.22,0.970056751437822,0.02,0.1407052941362897,5.51,1.7780650020500237,5.32,1.7802508051656456,14.49,1.7780650020500242,10.0,0.0,20.0,0.0,2.0,0.0,1.0,0.0,2.41,1.5248447511637095
705.0,705.0,100,3.93,1.6345697237555157,0.19649999999999998,0.08172848618777574,0.8035,0.08172848618777573,0.0,0.0,0.002999999999999999,0.013889898953170715,8.78,0.9165151389911677,2.71,0.967084549174748,7.27,0.9729160583347654,0.02,0.1407052941362897,5.45,1.8055749804704904,5.3,1.7837651700316897,14.55,1.8055749804704901,10.0,0.0,20.0,0.0,2.0,0.0,1.0,0.0,2.41,1.5248447511637095
706.0,706.0,100,3.93,1.6345697237555157,0.19649999999999998,0.08172848618777574,0.8035,0.08172848618777573,0.0,0.0,0.0,0.0,8.78,0.9165151389911677,2.71,0.967084549174748,7.27,0.9729160583347654,0.02,0.1407052941362897,5.45,1.8055749804704904,5.29,1.7939010028652103,14.55,1.8055749804704901,10.0,0.0,20.0,0.0,2.0,0.0,1.0,0.0,2.41,1.5248447511637095
707.0,707.0,100,3.91,1.6149240842775856,0.1955,0.08074620421387928,0.8045,0.08074620421387926,0.0,0.0,0.0009999999999999998,0.007035264706814483,8.79,0.9022418766829681,2.7,0.9587449708822046,7.28,0.9648363026488433,0.02,0.1407052941362897,5.43,1.7823772571677097,5.24,1.7702365304493566,14.57,1.7823772571677101,10.0,0.0,20.0,0.0,2.0,0.0,1.0,0.0,2.41,1.5248447511637095
708.0,708.0,100,3.87,1.5995895938292635,0.1935,0.07997947969146317,0.8065000000000001,0.07997947969146317,0.0,0.0,0.002,0.009847319278346619,8.79,0.9022418766829681,2.66,0.9451631252505217,7.32,0.9415225151129666,0.02,0.1407052941362897,5.39,1.786000554254668,5.21,1.754042948923049,14.61,1.7860005542546682,10.0,0.0,20.0,0.0,2.0,0.0,1.0,0.0,2.41,1.5248447511637095
709.0,709.0,100,3.83,1.6084059490594087,0.19149999999999998,0.08042029745297044,0.8085,0.08042029745297044,0.0,0.0,0.0019999999999999996,0.009847319278346617,8.81,0.9177816909936876,2.64,0.9376523445243015,7.34,0.9344149576774299,0.02,0.1407052941362897,5.35,1.7887132105217285,5.17,1.7352844496543267,14.65,1.7887132105217292,10.0,0.0,20.0,0.0,2.0,0.0,1.0,0.0,2.41,1.5248447511637095
710.0,710.0,100,3.8,1.620574782681326,0.19,0.08102873913406627,0.81,0.0810287391340663,0.0,0.0,0.0014999999999999996,0.008572330399888263,8.83,0.9217352980091194,2.63,0.939105527573548,7.35,0.9360890055238478,0.02,0.1407052941362897,5.32,1.7802508051656456,5.15,1.7371461561068395,14.68,1.7802508051656456,10.0,0.0,20.0,0.0,2.0,0.0,1.0,0.0,2.41,1.5248447511637095
711.0,711.0,100,3.79,1.6161745580289903,0.1895,0.0808087279014495,0.8105,0.08080872790144951,0.0,0.0,0.0004999999999999999,0.004999999999999998,8.83,0.9217352980091194,2.62,0.940449065311059,7.35,0.9360890055238478,0.03,0.1714466079977653,5.3,1.7494587907710375,5.12,1.7307673314329557,14.7,1.7494587907710375,10.0,0.0,20.0,0.0,2.0,0.0,1.0,0.0,2.41,1.5248447511637095
712.0,712.0,100,3.76,1.6275407487644937,0.188,0.08137703743822468,0.812,0.0813770374382247,0.0,0.0,0.0015000000000000002,0.008572330399888264,8.85,0.9360890055238479,2.61,0.941683427043121,7.37,0.9391055275735481,0.02,0.1407052941362897,5.28,1.7642922866484658,5.1,1.7262091355910438,14.72,1.7642922866484663,10.0,0.0,20.0,0.0,2.0,0.0,1.0,0.0,2.41,1.5248447511637095
713.0,713.0,100,3.73,1.6071494308026537,0.1865,0.08035747154013267,0.8134999999999999,0.08035747154013267,0.0,0.0,0.0014999999999999996,0.008572330399888264,8.86,0.9213516640723504,2.59,0.9330627313348554,7.39,0.9308950835436054,0.02,0.1407052941362897,5.25,1.7545035845739472,5.08,1.7389187398606019,14.75,1.7545035845739474,10.0,0.0,20.0,0.0,2.0,0.0,1.0,0.0,2.41,1.5248447511637095
714.0,714.0,100,3.72,1.6022711154086025,0.18600000000000003,0.08011355577043013,0.8140000000000001,0.08011355577043013,0.0,0.0,0.0004999999999999999,0.004999999999999998,8.86,0.9213516640723504,2.58,0.9339824582524195,7.4,0.9320337272260423,0.02,0.1407052941362897,5.24,1.7472633725140847,5.08,1.7620006993887558,14.76,1.7472633725140851,10.0,0.0,20.0,0.0,2.0,0.0,1.0,0.0,2.41,1.5248447511637095
715.0,715.0,100,3.71,1.6036259419254109,0.1855,0.08018129709627056,0.8145,0.08018129709627055,0.0,0.0,0.0005000000000000001,0.005000000000000002,8.86,0.9213516640723504,2.57,0.9239244361073927,7.4,0.9211323729436763,0.03,0.1714466079977653,5.22,1.7499206331208914,5.06,1.7570636662547905,14.78,1.7499206331208914,10.0,0.0,20.0,0.0,2.0,0.0,1.0,0.0,2.41,1.5248447511637095
716.0,716.0,100,3.71,1.6036259419254109,0.1855,0.08018129709627056,0.8145,0.08018129709627055,0.0,0.0,0.0,0.0,8.86,0.9213516640723504,2.57,0.9239244361073927,7.41,0.9221735413706251,0.02,0.1407052941362897,5.23,1.7515072873892865,5.05,1.737146156106839,14.77,1.751507287389287,10.0,0.0,20.0,0.0,2.0,0.0,1.0,0.0,2.41,1.5248447511637095
717.0,717.0,100,3.67,1.5957962453163177,0.18350000000000002,0.07978981226581588,0.8165,0.0797898122658159,0.0,0.0,0.002,0.009847319278346617,8.89,0.9199802369418791,2.56,0.9246347900384752,7.42,0.9231041177035298,0.02,0.1407052941362897,5.19,1.7678098074033628,5.03,1.749198950862071,14.81,1.7678098074033632,10.0,0.0,20.0,0.0,2.0,0.0,1.0,0.0,2.41,1.5248447511637095
718.0,718.0,100,3.64,1.617580185513428,0.182,0.0808790092756714,0.818,0.08087900927567142,0.0,0.0,0.0015000000000000002,0.008572330399888266,8.91,0.9221735413706253,2.55,0.9360890055238478,7.43,0.9347932305266142,0.02,0.1407052941362897,5.16,1.779342745527293,5.02,1.7522280189242012,14.84,1.7793427455272939,10.0,0.0,20.0,0.0,2.0,0.0,1.0,0.0,2.41,1.5248447511637095
719.0,719.0,100,3.61,1.5947831618540915,0.1805,0.07973915809270457,0.8195,0.07973915809270454,0.0,0.0,0.0014999999999999996,0.008572330399888261,8.92,0.9285592184789411,2.53,0.9040313751594725,7.45,0.9031370691409837,0.02,0.1407052941362897,5.13,1.761857376220168,5.02,1.7522280189242012,14.87,1.7618573762201677,10.0,0.0,20.0,0.0,2.0,0.0,1.0,0.0,2.41,1.5248447511637095
720.0,720.0,100,3.59,1.6023656753612012,0.1795,0.08011828376806004,0.8205,0.08011828376806003,0.0,0.0,0.001,0.007035264706814483,8.93,0.9347932305266142,2.52,0.9043106644167023,7.46,0.9036402251812703,0.02,0.1407052941362897,5.11,1.7517379537436124,4.98,1.7113996870657917,14.89,1.7517379537436124,10.0,0.0,20.0,0.0,2.0,0.0,1.0,0.0,2.41,1.5248447511637095
721.0,721.0,100,3.56,1.5847760572128642,0.17800000000000002,0.07923880286064322,0.8220000000000001,0.07923880286064319,0.0,0.0,0.0014999999999999996,0.008572330399888263,8.94,0.9191563984700778,2.5,0.904534033733291,7.48,0.9043106644167026,0.02,0.1407052941362897,5.08,1.756258649642599,4.98,1.7113996870657917,14.92,1.7562586496425983,10.0,0.0,20.0,0.0,2.0,0.0,1.0,0.0,2.41,1.5248447511637095
722.0,722.0,100,3.54,1.5790292376436015,0.177,0.07895146188218007,0.823,0.07895146188218007,0.0,0.0,0.0009999999999999998,0.007035264706814483,8.96,0.9092121131323903,2.5,0.904534033733291,7.48,0.9043106644167026,0.02,0.1407052941362897,5.06,1.7513054294070773,4.95,1.7078251276599334,14.94,1.7513054294070778,10.0,0.0,20.0,0.0,2.0,0.0,1.0,0.0,2.41,1.5248447511637095
723.0,723.0,100,3.53,1.5728440430755952,0.1765,0.07864220215377975,0.8234999999999999,0.07864220215377975,0.0,0.0,0.0004999999999999999,0.0049999999999999975,8.97,0.9040313751594727,2.5,0.904534033733291,7.48,0.9043106644167026,0.02,0.1407052941362897,5.05,1.7545035845739465,4.94,1.7104550756031467,14.95,1.7545035845739467,10.0,0.0,20.0,0.0,2.0,0.0,1.0,0.0,2.41,1.5248447511637095
724.0,724.0,100,3.5,1.5341236434966228,0.175,0.07670618217483116,0.825,0.07670618217483115,0.0,0.0,0.0014999999999999996,0.008572330399888263,8.97,0.9040313751594727,2.47,0.8814015468948798,7.51,0.8818598344843513,0.02,0.1407052941362897,5.02,1.7172917367444909,4.93,1.7130220210039464,14.98,1.7172917367444909,10.0,0.0,20.0,0.0,2.0,0.0,1.0,0.0,2.41,1.5248447511637095
725.0,725.0,100,3.49,1.534090722035155,0.1745,0.07670453610175776,0.8255,0.07670453610175777,0.0,0.0,0.0005000000000000001,0.005000000000000001,8.98,0.9098784467602187,2.47,0.8814015468948798,7.51,0.8818598344843513,0.02,0.1407052941362897,5.01,1.7144366215445028,4.91,1.723837626232866,14.99,1.714436621544503,10.0,0.0,20.0,0.0,2.0,0.0,1.0,0.0,2.41,1.5248447511637095
726.0,726.0,100,3.49,1.534090722035155,0.1745,0.07670453610175776,0.8255,0.07670453610175777,0.0,0.0,0.0,0.0,8.98,0.9098784467602187,2.47,0.8814015468948798,7.51,0.8818598344843513,0.02,0.1407052941362897,5.01,1.7144366215445028,4.86,1.7408926074594815,14.99,1.714436621544503,10.0,0.0,20.0,0.0,2.0,0.0,1.0,0.0,2.41,1.5248447511637095
727.0,727.0,100,3.48,1.5207653575510172,0.174,0.07603826787755087,0.826,0.07603826787755084,0.0,0.0,0.0004999999999999999,0.0049999999999999975,8.99,0.8932406102942185,2.47,0.8814015468948798,7.51,0.8818598344843513,0.02,0.1407052941362897,5.0,1.7115177268415682,4.84,1.721638871552453,15.0,1.711517726841568,10.0,0.0,20.0,0.0,2.0,0.0,1.0,0.0,2.41,1.5248447511637095
728.0,728.0,100,3.46,1.5269961269489751,0.17300000000000001,0.07634980634744877,0.8270000000000001,0.07634980634744878,0.0,0.0,0.001,0.007035264706814486,9.0,0.8876253645985949,2.46,0.8923920866769474,7.52,0.8930709700666336,0.02,0.1407052941362897,4.98,1.7172917367444909,4.84,1.721638871552453,15.02,1.7172917367444904,10.0,0.0,20.0,0.0,2.0,0.0,1.0,0.0,2.41,1.5248447511637095
729.0,729.0,100,3.45,1.5333003949031323,0.1725,0.07666501974515662,0.8275,0.07666501974515662,0.0,0.0,0.0004999999999999999,0.004999999999999997,9.0,0.8876253645985949,2.45,0.8918825850158446,7.53,0.8927881647236969,0.02,0.1407052941362897,4.97,1.7259457954666153,4.8,1.763834207376394,15.03,1.7259457954666153,10.0,0.0,20.0,0.0,2.0,0.0,1.0,0.0,2.41,1.5248447511637095
730.0,730.0,100,3.42,1.5516690264604656,0.171,0.07758345132302326,0.8290000000000001,0.07758345132302324,0.0,0.0,0.0015000000000000002,0.008572330399888266,9.01,0.8932406102942182,2.43,0.9129262530097068,7.55,0.9142530206997327,0.02,0.1407052941362897,4.94,1.739731780093318,4.79,1.713257868872204,15.06,1.7397317800933183,10.0,0.0,20.0,0.0,2.0,0.0,1.0,0.0,2.41,1.5248447511637095
731.0,731.0,100,3.41,1.5445897758814717,0.1705,0.0772294887940736,0.8295,0.07722948879407358,0.0,0.0,0.0004999999999999999,0.004999999999999998,9.01,0.8932406102942182,2.42,0.9009534792191947,7.56,0.9025217197084259,0.02,0.1407052941362897,4.93,1.7422555913110296,4.73,1.7165563365545733,15.07,1.7422555913110296,10.0,0.0,20.0,0.0,2.0,0.0,1.0,0.0,2.41,1.5248447511637095
732.0,732.0,100,3.38,1.5293756565964751,0.16899999999999998,0.07646878282982375,0.831,0.07646878282982375,0.0,0.0,0.0015,0.008572330399888263,9.04,0.8752488823532457,2.42,0.9009534792191947,7.56,0.9025217197084259,0.02,0.1407052941362897,4.9,1.7378728435078385,4.72,1.7060794444301448,15.1,1.737872843507838,10.0,0.0,20.0,0.0,2.0,0.0,1.0,0.0,2.41,1.5248447511637095
733.0,733.0,100,3.34,1.532278952370875,0.16699999999999998,0.07661394761854377,0.833,0.07661394761854377,0.0,0.0,0.002,0.00984731927834662,9.05,0.8804842561071294,2.39,0.897752524897366,7.59,0.8999999999999998,0.02,0.1407052941362897,4.86,1.763948738346767,4.7,1.714466079977653,15.14,1.763948738346767,10.0,0.0,20.0,0.0,2.0,0.0,1.0,0.0,2.41,1.5248447511637095
734.0,734.0,100,3.33,1.5245797566357207,0.16649999999999998,0.07622898783178603,0.8334999999999999,0.07622898783178603,0.0,0.0,0.0004999999999999999,0.004999999999999998,9.05,0.8804842561071294,2.38,0.8851182652246781,7.6,0.8876253645985944,0.02,0.1407052941362897,4.85,1.7487369179155587,4.67,1.7118422942561151,15.15,1.7487369179155587,10.0,0.0,20.0,0.0,2.0,0.0,1.0,0.0,2.41,1.5248447511637095
735.0,735.0,100,3.31,1.5419717142920513,0.1655,0.07709858571460255,0.8345,0.07709858571460254,0.0,0.0,0.001,0.007035264706814484,9.06,0.8855746294030922,2.37,0.8950481054731699,7.61,0.8977525248973661,0.02,0.1407052941362897,4.83,1.7352844496543272,4.65,1.7078251276599332,15.17,1.7352844496543274,10.0,0.0,20.0,0.0,2.0,0.0,1.0,0.0,2.41,1.5248447511637095
736.0,736.0,100,3.28,1.5181062099360718,0.16399999999999998,0.07590531049680359,0.836,0.07590531049680359,0.0,0.0,0.0015,0.008572330399888264,9.08,0.883976324012211,2.36,0.8935232724354965,7.62,0.8964576753178943,0.02,0.1407052941362897,4.8,1.7349642676726835,4.64,1.7086825215925747,15.2,1.734964267672684,10.0,0.0,20.0,0.0,2.0,0.0,1.0,0.0,2.41,1.5248447511637095
737.0,737.0,100,3.26,1.5283185452508177,0.163,0.07641592726254091,0.8370000000000001,0.07641592726254086,0.0,0.0,0.001,0.007035264706814483,9.09,0.8772661851433463,2.35,0.9142530206997327,7.63,0.9173413495069056,0.02,0.1407052941362897,4.78,1.7266771966450887,4.63,1.7153790404820892,15.22,1.7266771966450885,10.0,0.0,20.0,0.0,2.0,0.0,1.0,0.0,2.41,1.5248447511637095
738.0,738.0,100,3.23,1.5364592642524142,0.16149999999999998,0.07682296321262072,0.8384999999999999,0.0768229632126207,0.0,0.0,0.0015000000000000002,0.008572330399888266,9.09,0.8772661851433463,2.32,0.9198155282776029,7.66,0.9235417115264978,0.02,0.1407052941362897,4.75,1.7254775360093002,4.58,1.7125797187078016,15.25,1.7254775360093004,10.0,0.0,20.0,0.0,2.0,0.0,1.0,0.0,2.41,1.5248447511637095
739.0,739.0,100,3.22,1.5542707536840468,0.161,0.07771353768420236,0.8390000000000001,0.07771353768420235,0.0,0.0,0.0005,0.005,9.09,0.8772661851433463,2.31,0.9395356686828196,7.67,0.9326296048260425,0.02,0.1407052941362897,4.74,1.7210520625536583,4.58,1.7125797187078016,15.26,1.721052062553658,10.0,0.0,20.0,0.0,2.0,0.0,1.0,0.0,2.41,1.5248447511637095
740.0,740.0,100,3.21,1.552417469626002,0.1605,0.07762087348130012,0.8395,0.0776208734813001,0.0,0.0,0.0005000000000000001,0.005000000000000002,9.1,0.8703882797784894,2.31,0.9395356686828196,7.67,0.9326296048260425,0.02,0.1407052941362897,4.73,1.7047467894563157,4.58,1.7125797187078016,15.27,1.7047467894563153,10.0,0.0,20.0,0.0,2.0,0.0,1.0,0.0,2.41,1.5248447511637095
741.0,741.0,100,3.17,1.5508550916031825,0.1585,0.07754275458015912,0.8415,0.07754275458015909,0.0,0.0,0.002,0.012143918126978107,9.13,0.8721852272923855,2.3,0.9374368665610922,7.68,0.9307323064461804,0.02,0.1407052941362897,4.69,1.7097167347637778,4.56,1.7368263173287235,15.31,1.7097167347637774,10.0,0.0,20.0,0.0,2.0,0.0,1.0,0.0,2.41,1.5248447511637095
742.0,742.0,100,3.16,1.5486716367209152,0.158,0.07743358183604576,0.8420000000000001,0.07743358183604575,0.0,0.0,0.0005000000000000001,0.005000000000000002,9.13,0.8721852272923855,2.29,0.9352253550061954,7.69,0.9287223764534009,0.02,0.1407052941362897,4.68,1.6989598719406667,4.54,1.737407798585542,15.32,1.6989598719406667,10.0,0.0,20.0,0.0,2.0,0.0,1.0,0.0,2.41,1.5248447511637095
743.0,743.0,100,3.15,1.5333003949031323,0.1575,0.07666501974515659,0.8425,0.07666501974515658,0.0,0.0,0.0004999999999999999,0.004999999999999998,9.14,0.8647998542314789,2.29,0.9352253550061954,7.69,0.9287223764534009,0.02,0.1407052941362897,4.67,1.694047809183076,4.52,1.7260921004957814,15.33,1.694047809183076,10.0,0.0,20.0,0.0,2.0,0.0,1.0,0.0,2.41,1.5248447511637095
744.0,744.0,100,3.15,1.5333003949031323,0.1575,0.07666501974515659,0.8425,0.07666501974515658,0.0,0.0,0.0,0.0,9.14,0.8647998542314789,2.29,0.9352253550061954,7.69,0.9287223764534009,0.02,0.1407052941362897,4.67,1.694047809183076,4.51,1.7203182698253685,15.33,1.694047809183076,10.0,0.0,20.0,0.0,2.0,0.0,1.0,0.0,2.41,1.5248447511637095
745.0,745.0,100,3.11,1.5563165526721134,0.1555,0.0778158276336057,0.8445,0.07781582763360564,0.0,0.0,0.002,0.009847319278346619,9.14,0.8647998542314789,2.25,0.957427107756338,7.73,0.9519252156349342,0.02,0.1407052941362897,4.63,1.703561332069149,4.48,1.7260921004957817,15.37,1.7035613320691485,10.0,0.0,20.0,0.0,2.0,0.0,1.0,0.0,2.41,1.5248447511637095
746.0,746.0,100,3.09,1.5576140780570829,0.1545,0.07788070390285412,0.8454999999999999,0.07788070390285412,0.0,0.0,0.001,0.007035264706814485,9.15,0.8572330399888264,2.24,0.9652549775666384,7.74,0.9600084174715146,0.02,0.1407052941362897,4.61,1.7167916988888714,4.48,1.7260921004957817,15.39,1.7167916988888712,10.0,0.0,20.0,0.0,2.0,0.0,1.0,0.0,2.41,1.5248447511637095
747.0,747.0,100,3.07,1.5651185129554757,0.1535,0.07825592564777378,0.8465,0.07825592564777377,0.0,0.0,0.0010000000000000002,0.007035264706814486,9.15,0.8572330399888264,2.22,0.9700567514378223,7.75,0.957427107756338,0.03,0.1714466079977653,4.58,1.741820712340795,4.45,1.707825127659933,15.42,1.7418207123407945,10.0,0.0,20.0,0.0,2.0,0.0,1.0,0.0,2.41,1.5248447511637095
748.0,748.0,100,3.03,1.5599469040433214,0.1515,0.07799734520216607,0.8484999999999999,0.07799734520216607,0.0,0.0,0.0020000000000000005,0.00984731927834662,9.19,0.8491826135238002,2.22,0.9700567514378223,7.76,0.9652549775666384,0.02,0.1407052941362897,4.55,1.7371461561068395,4.45,1.707825127659933,15.45,1.7371461561068395,10.0,0.0,20.0,0.0,2.0,0.0,1.0,0.0,2.41,1.5248447511637095
749.0,749.0,100,3.01,1.553718251176964,0.1505,0.07768591255884821,0.8495,0.07768591255884821,0.0,0.0,0.0009999999999999998,0.007035264706814484,9.19,0.8491826135238002,2.2,0.963998407308295,7.78,0.9595874534444895,0.02,0.1407052941362897,4.53,1.7491989508620704,4.42,1.6888224335676065,15.47,1.7491989508620707,10.0,0.0,20.0,0.0,2.0,0.0,1.0,0.0,2.41,1.5248447511637095
750.0,750.0,100,3.01,1.553718251176964,0.1505,0.07768591255884821,0.8495,0.07768591255884821,0.0,0.0,0.0,0.0,9.19,0.8491826135238002,2.2,0.963998407308295,7.78,0.9595874534444895,0.02,0.1407052941362897,4.53,1.7491989508620704,4.42,1.6828307080390443,15.47,1.7491989508620707,10.0,0.0,20.0,0.0,2.0,0.0,1.0,0.0,2.41,1.5248447511637095
751.0,751.0,100,3.0,1.5504968249049735,0.15,0.07752484124524867,0.85,0.07752484124524867,0.0,0.0,0.0005000000000000001,0.005,9.19,0.8491826135238002,2.19,0.9502259167846837,7.79,0.9459643147859675,0.02,0.1407052941362897,4.52,1.7551079853969214,4.38,1.6622973029011154,15.48,1.755107985396921,10.0,0.0,20.0,0.0,2.0,0.0,1.0,0.0,2.41,1.5248447511637095
752.0,752.0,100,2.99,1.5537182511769645,0.14950000000000002,0.07768591255884821,0.8504999999999999,0.07768591255884821,0.0,0.0,0.0004999999999999999,0.0049999999999999975,9.2,0.8528028654224417,2.19,0.9502259167846837,7.79,0.9459643147859675,0.02,0.1407052941362897,4.51,1.7436464751500027,4.37,1.6493341172433893,15.49,1.7436464751500032,10.0,0.0,20.0,0.0,2.0,0.0,1.0,0.0,2.41,1.5248447511637095
753.0,753.0,100,2.96,1.53688652867419,0.14800000000000002,0.0768443264337095,0.852,0.0768443264337095,0.0,0.0,0.0014999999999999996,0.008572330399888263,9.21,0.8562898593539007,2.17,0.9433981132056604,7.81,0.9395356686828197,0.02,0.1407052941362897,4.48,1.7084460421060652,4.35,1.6414763002993509,15.52,1.708446042106065,10.0,0.0,20.0,0.0,2.0,0.0,1.0,0.0,2.41,1.5248447511637095
754.0,754.0,100,2.95,1.5200677815828016,0.1475,0.0760033890791401,0.8525,0.07600338907914007,0.0,0.0,0.0004999999999999999,0.004999999999999998,9.22,0.8478135872866619,2.17,0.9433981132056604,7.81,0.9395356686828197,0.02,0.1407052941362897,4.47,1.7023750491829959,4.34,1.6343534229508354,15.53,1.7023750491829959,10.0,0.0,20.0,0.0,2.0,0.0,1.0,0.0,2.41,1.5248447511637095
755.0,755.0,100,2.92,1.5287150476690206,0.146,0.07643575238345107,0.8540000000000001,0.07643575238345103,0.0,0.0,0.0015000000000000002,0.008572330399888264,9.23,0.8510836823388369,2.15,0.9468181696950299,7.83,0.9433981132056605,0.02,0.1407052941362897,4.44,1.6896595796045704,4.31,1.6249009293809367,15.56,1.6896595796045701,10.0,0.0,20.0,0.0,2.0,0.0,1.0,0.0,2.41,1.5248447511637095
756.0,756.0,100,2.92,1.5287150476690206,0.146,0.07643575238345107,0.8540000000000001,0.07643575238345103,0.0,0.0,0.0,0.0,9.23,0.8510836823388369,2.15,0.9468181696950299,7.83,0.9433981132056605,0.02,0.1407052941362897,4.44,1.6896595796045704,4.31,1.6249009293809367,15.56,1.6896595796045701,10.0,0.0,20.0,0.0,2.0,0.0,1.0,0.0,2.41,1.5248447511637095
757.0,757.0,100,2.89,1.5168747775967173,0.14450000000000002,0.07584373887983588,0.8554999999999999,0.07584373887983586,0.0,0.0,0.0015,0.008572330399888264,9.25,0.8333333333333329,2.14,0.9430232920203664,7.83,0.9326296048260423,0.03,0.1714466079977653,4.4,1.663633603795249,4.31,1.6249009293809367,15.6,1.6636336037952493,10.0,0.0,20.0,0.0,2.0,0.0,1.0,0.0,2.41,1.5248447511637095
758.0,758.0,100,2.88,1.5260697523012796,0.14400000000000002,0.07630348761506399,0.856,0.07630348761506399,0.0,0.0,0.0005,0.004999999999999998,9.25,0.8333333333333329,2.13,0.9498006170356029,7.85,0.94681816969503,0.02,0.1407052941362897,4.4,1.6575508280214963,4.29,1.6099124764465245,15.6,1.657550828021496,10.0,0.0,20.0,0.0,2.0,0.0,1.0,0.0,2.41,1.5248447511637095
759.0,759.0,100,2.84,1.5289793254906283,0.14200000000000002,0.07644896627453146,0.858,0.0764489662745314,0.0,0.0,0.0019999999999999996,0.009847319278346617,9.26,0.8241310085125533,2.1,0.9692233691951196,7.88,0.9669278643981126,0.02,0.1407052941362897,4.36,1.6485071299741951,4.29,1.6161745580289901,15.64,1.6485071299741956,10.0,0.0,20.0,0.0,2.0,0.0,1.0,0.0,2.41,1.5248447511637095
760.0,760.0,100,2.84,1.5289793254906283,0.14200000000000002,0.07644896627453146,0.858,0.0764489662745314,0.0,0.0,0.0,0.0,9.26,0.8241310085125533,2.1,0.9692233691951196,7.86,0.9849370589540277,0.04,0.24287836253956213,4.35,1.653737731579129,4.29,1.6161745580289901,15.65,1.6537377315791293,10.0,0.0,20.0,0.0,2.0,0.0,1.0,0.0,2.41,1.5248447511637095
761.0,761.0,100,2.83,1.524579756635721,0.14150000000000001,0.07622898783178607,0.8584999999999999,0.07622898783178607,0.0,0.0,0.0005000000000000001,0.005000000000000001,9.27,0.8147007878585693,2.1,0.9692233691951196,7.88,0.9669278643981126,0.02,0.1407052941362897,4.35,1.6476184220402683,4.27,1.6071494308026535,15.65,1.6476184220402685,10.0,0.0,20.0,0.0,2.0,0.0,1.0,0.0,2.41,1.5248447511637095
762.0,762.0,100,2.82,1.526731505834962,0.141,0.0763365752917481,0.8590000000000001,0.07633657529174807,0.0,0.0,0.0004999999999999999,0.0049999999999999975,9.28,0.8174856746652068,2.1,0.9692233691951196,7.86,0.964207949405609,0.04,0.24287836253956216,4.33,1.6209175603261685,4.28,1.6022711154086025,15.67,1.6209175603261685,10.0,0.0,20.0,0.0,2.0,0.0,1.0,0.0,2.41,1.5248447511637095
763.0,763.0,100,2.81,1.535407029902738,0.1405,0.0767703514951369,0.8595,0.07677035149513688,0.0,0.0,0.0005,0.004999999999999998,9.28,0.8174856746652068,2.09,0.9754046039537344,7.89,0.9733312577810995,0.02,0.1407052941362897,4.33,1.6271372890987896,4.27,1.6008520458578528,15.67,1.6271372890987896,10.0,0.0,20.0,0.0,2.0,0.0,1.0,0.0,2.41,1.5248447511637095
764.0,764.0,100,2.81,1.535407029902738,0.1405,0.0767703514951369,0.8595,0.07677035149513688,0.0,0.0,0.0,0.0,9.28,0.8174856746652068,2.09,0.9754046039537344,7.89,0.9733312577810995,0.02,0.1407052941362897,4.33,1.6271372890987896,4.27,1.613422236468592,15.67,1.6271372890987896,10.0,0.0,20.0,0.0,2.0,0.0,1.0,0.0,2.41,1.5248447511637095
765.0,765.0,100,2.81,1.535407029902738,0.1405,0.0767703514951369,0.8595,0.07677035149513688,0.0,0.0,0.0,0.0,9.28,0.8174856746652068,2.09,0.9754046039537344,7.89,0.9733312577810995,0.02,0.1407052941362897,4.33,1.6271372890987896,4.27,1.613422236468592,15.67,1.6271372890987896,10.0,0.0,20.0,0.0,2.0,0.0,1.0,0.0,2.41,1.5248447511637095
766.0,766.0,100,2.81,1.535407029902738,0.1405,0.0767703514951369,0.8595,0.07677035149513688,0.0,0.0,0.0,0.0,9.28,0.8174856746652068,2.09,0.9754046039537344,7.89,0.9733312577810995,0.02,0.1407052941362897,4.33,1.6271372890987896,4.25,1.604129771319117,15.67,1.6271372890987896,10.0,0.0,20.0,0.0,2.0,0.0,1.0,0.0,2.41,1.5248447511637095
767.0,767.0,100,2.8,1.5439683882250905,0.14,0.07719841941125453,0.86,0.07719841941125452,0.0,0.0,0.0005,0.005,9.28,0.8174856746652068,2.08,0.9814439990301653,7.9,0.9795896894087643,0.02,0.1407052941362897,4.32,1.6260505539620853,4.22,1.5864323738400186,15.68,1.6260505539620853,10.0,0.0,20.0,0.0,2.0,0.0,1.0,0.0,2.41,1.5248447511637095
768.0,768.0,100,2.78,1.5412181984889535,0.139,0.07706090992444768,0.861,0.07706090992444767,0.0,0.0,0.001,0.007035264706814486,9.29,0.8077278269468264,2.07,0.9770601131181564,7.91,0.9754046039537343,0.02,0.1407052941362897,4.3,1.6174552903130326,4.2,1.582735134206133,15.7,1.6174552903130324,10.0,0.0,20.0,0.0,2.0,0.0,1.0,0.0,2.41,1.5248447511637095
769.0,769.0,100,2.77,1.5364592642524146,0.13849999999999998,0.07682296321262073,0.8615,0.0768229632126207,0.0,0.0,0.0005000000000000001,0.005,9.3,0.810287391340663,2.07,0.9770601131181564,7.91,0.9754046039537343,0.02,0.1407052941362897,4.29,1.6224124698183942,4.2,1.582735134206133,15.71,1.622412469818394,10.0,0.0,20.0,0.0,2.0,0.0,1.0,0.0,2.41,1.5248447511637095
770.0,770.0,100,2.76,1.544753257404763,0.138,0.07723766287023817,0.862,0.07723766287023813,0.0,0.0,0.0005,0.005000000000000001,9.3,0.810287391340663,2.06,0.9828838212426769,7.92,0.9814439990301652,0.02,0.1407052941362897,4.28,1.6148302597105266,4.18,1.5723623094958847,15.72,1.6148302597105264,10.0,0.0,20.0,0.0,2.0,0.0,1.0,0.0,2.41,1.5248447511637095
771.0,771.0,100,2.74,1.5414803327196929,0.137,0.07707401663598466,0.863,0.07707401663598468,0.0,0.0,0.001,0.007035264706814485,9.31,0.8127146181194546,2.05,0.978299906506541,7.91,0.995900688732658,0.04,0.24287836253956216,4.25,1.6104143390551215,4.18,1.5723623094958847,15.75,1.6104143390551218,10.0,0.0,20.0,0.0,2.0,0.0,1.0,0.0,2.41,1.5248447511637095
772.0,772.0,100,2.72,1.5510179127452284,0.136,0.07755089563726143,0.8640000000000001,0.07755089563726143,0.0,0.0,0.001,0.007035264706814484,9.31,0.8127146181194546,2.03,0.9791255632894428,7.95,0.9782999065065413,0.02,0.1407052941362897,4.24,1.6150804464437207,4.17,1.5894538799108442,15.76,1.6150804464437207,10.0,0.0,20.0,0.0,2.0,0.0,1.0,0.0,2.41,1.5248447511637095
773.0,773.0,100,2.72,1.5510179127452284,0.136,0.07755089563726143,0.8640000000000001,0.07755089563726143,0.0,0.0,0.0,0.0,9.31,0.8127146181194546,2.03,0.9791255632894428,7.95,0.9782999065065413,0.02,0.1407052941362897,4.24,1.6150804464437207,4.14,1.5828627689899544,15.76,1.6150804464437207,10.0,0.0,20.0,0.0,2.0,0.0,1.0,0.0,2.41,1.5248447511637095
774.0,774.0,100,2.71,1.5524174696260022,0.1355,0.07762087348130012,0.8645,0.07762087348130012,0.0,0.0,0.0004999999999999999,0.004999999999999998,9.31,0.8127146181194546,2.02,0.9742129690631864,7.96,0.9735906675183302,0.02,0.1407052941362897,4.23,1.6196707484341792,4.13,1.580531811790199,15.77,1.619670748434179,10.0,0.0,20.0,0.0,2.0,0.0,1.0,0.0,2.41,1.5248447511637095
775.0,775.0,100,2.71,1.5524174696260022,0.1355,0.07762087348130012,0.8645,0.07762087348130012,0.0,0.0,0.0,0.0,9.31,0.8127146181194546,2.02,0.9742129690631864,7.96,0.9735906675183302,0.02,0.1407052941362897,4.23,1.6196707484341792,4.12,1.5588133274702878,15.77,1.619670748434179,10.0,0.0,20.0,0.0,2.0,0.0,1.0,0.0,2.41,1.5248447511637095
776.0,776.0,100,2.7,1.5602382620431519,0.135,0.07801191310215759,0.865,0.0780119131021576,0.0,0.0,0.0005,0.005000000000000001,9.31,0.8127146181194546,2.01,0.9795381306998465,7.96,0.9735906675183302,0.03,0.1714466079977653,4.22,1.6179548132682129,4.12,1.5588133274702878,15.78,1.6179548132682129,10.0,0.0,20.0,0.0,2.0,0.0,1.0,0.0,2.41,1.5248447511637095
777.0,777.0,100,2.67,1.5179398585390047,0.1335,0.07589699292695026,0.8665,0.07589699292695025,0.0,0.0,0.0015000000000000002,0.008572330399888264,9.33,0.7661394761854375,2.0,0.9847319278346621,7.98,0.9845267539751924,0.02,0.1407052941362897,4.2,1.6017667013821226,4.12,1.5588133274702878,15.8,1.601766701382122,10.0,0.0,20.0,0.0,2.0,0.0,1.0,0.0,2.41,1.5248447511637095
778.0,778.0,100,2.67,1.5179398585390047,0.1335,0.07589699292695026,0.8665,0.07589699292695025,0.0,0.0,0.0,0.0,9.33,0.7661394761854375,2.0,0.9847319278346621,7.98,0.9845267539751924,0.02,0.1407052941362897,4.2,1.6017667013821226,4.12,1.5588133274702878,15.8,1.601766701382122,10.0,0.0,20.0,0.0,2.0,0.0,1.0,0.0,2.41,1.5248447511637095
779.0,779.0,100,2.67,1.5179398585390047,0.1335,0.07589699292695026,0.8665,0.07589699292695025,0.0,0.0,0.0,0.0,9.33,0.7661394761854375,2.0,0.9847319278346621,7.98,0.9845267539751924,0.02,0.1407052941362897,4.2,1.6017667013821226,4.11,1.5563165526721134,15.8,1.601766701382122,10.0,0.0,20.0,0.0,2.0,0.0,1.0,0.0,2.41,1.5248447511637095
780.0,780.0,100,2.66,1.4922019523732926,0.133,0.07461009761866463,0.867,0.07461009761866463,0.0,0.0,0.0004999999999999999,0.004999999999999998,9.34,0.7415517445863031,2.0,0.9847319278346621,7.98,0.9845267539751924,0.02,0.1407052941362897,4.19,1.5871644240880995,4.08,1.567858991804371,15.81,1.5871644240880989,10.0,0.0,20.0,0.0,2.0,0.0,1.0,0.0,2.41,1.5248447511637095
781.0,781.0,100,2.66,1.4922019523732926,0.133,0.07461009761866463,0.867,0.07461009761866463,0.0,0.0,0.0,0.0,9.34,0.7415517445863031,2.0,0.9847319278346621,7.98,0.9845267539751924,0.02,0.1407052941362897,4.19,1.5871644240880995,4.04,1.5949414985629988,15.81,1.5871644240880989,10.0,0.0,20.0,0.0,2.0,0.0,1.0,0.0,2.41,1.5248447511637095
782.0,782.0,100,2.65,1.4999999999999998,0.1325,0.07499999999999997,0.8675,0.07499999999999997,0.0,0.0,0.0005,0.004999999999999998,9.35,0.7436600722307893,2.0,0.9847319278346621,7.98,0.9845267539751924,0.02,0.1407052941362897,4.18,1.6041612554021287,4.03,1.6109160453141265,15.82,1.6041612554021285,10.0,0.0,20.0,0.0,2.0,0.0,1.0,0.0,2.41,1.5248447511637095
783.0,783.0,100,2.62,1.4892205269125782,0.131,0.07446102634562894,0.8690000000000001,0.07446102634562889,0.0,0.0,0.0015000000000000002,0.008572330399888264,9.37,0.7199186261535592,1.99,0.9897964284119084,7.99,0.9897964284119082,0.02,0.1407052941362897,4.15,1.5851265762160014,4.01,1.6048852188416982,15.85,1.5851265762160014,10.0,0.0,20.0,0.0,2.0,0.0,1.0,0.0,2.41,1.5248447511637095
784.0,784.0,100,2.59,1.4845670729001752,0.1295,0.07422835364500878,0.8704999999999999,0.07422835364500878,0.0,0.0,0.0015,0.008572330399888264,9.38,0.7216703408122582,1.97,0.9893881386437221,8.01,0.9897964284119084,0.02,0.1407052941362897,4.12,1.5908831166710808,4.0,1.6080605044147396,15.88,1.5908831166710808,10.0,0.0,20.0,0.0,2.0,0.0,1.0,0.0,2.41,1.5248447511637095
785.0,785.0,100,2.55,1.4590366269521402,0.1275,0.07295183134760701,0.8725,0.07295183134760698,0.0,0.0,0.002,0.009847319278346619,9.39,0.7091750791795304,1.94,0.9828838212426768,8.04,0.9839109756887602,0.02,0.1407052941362897,4.08,1.587068958422374,3.99,1.5985789143656766,15.92,1.5870689584223736,10.0,0.0,20.0,0.0,2.0,0.0,1.0,0.0,2.41,1.5248447511637095
786.0,786.0,100,2.54,1.4731262709289417,0.127,0.07365631354644708,0.873,0.0736563135464471,0.0,0.0,0.0005,0.004999999999999998,9.39,0.7091750791795304,1.93,0.9975221827360559,8.05,0.9987365756167877,0.02,0.1407052941362897,4.07,1.6033739678590526,3.97,1.5856362837178093,15.93,1.6033739678590515,10.0,0.0,20.0,0.0,2.0,0.0,1.0,0.0,2.41,1.5248447511637095
787.0,787.0,100,2.53,1.4733662412340254,0.1265,0.07366831206170127,0.8734999999999999,0.07366831206170128,0.0,0.0,0.0004999999999999999,0.004999999999999998,9.39,0.7091750791795304,1.92,0.9916825819960455,8.06,0.9931075602685876,0.02,0.1407052941362897,4.06,1.613203100178103,3.95,1.5978204852330262,15.94,1.6132031001781026,10.0,0.0,20.0,0.0,2.0,0.0,1.0,0.0,2.41,1.5248447511637095
788.0,788.0,100,2.52,1.4666666666666666,0.126,0.07333333333333332,0.8740000000000001,0.07333333333333332,0.0,0.0,0.0005000000000000001,0.005000000000000001,9.39,0.7091750791795304,1.91,0.9857059204530335,8.07,0.9873441572463398,0.02,0.1407052941362897,4.05,1.6166744767071581,3.95,1.5978204852330262,15.95,1.6166744767071577,10.0,0.0,20.0,0.0,2.0,0.0,1.0,0.0,2.41,1.5248447511637095
789.0,789.0,100,2.51,1.4598671587552485,0.1255,0.0729933579377624,0.8745,0.0729933579377624,0.0,0.0,0.0005000000000000001,0.005000000000000001,9.39,0.7091750791795304,1.9,0.9795896894087645,8.06,1.0032271160931836,0.04,0.24287836253956213,4.03,1.6109160453141262,3.94,1.600631188631598,15.97,1.6109160453141258,10.0,0.0,20.0,0.0,2.0,0.0,1.0,0.0,2.41,1.5248447511637095
790.0,790.0,100,2.49,1.445962683062077,0.1245,0.07229813415310384,0.8755,0.07229813415310384,0.0,0.0,0.0010000000000000002,0.007035264706814487,9.4,0.7106690545187015,1.89,0.9733312577810995,8.09,0.9754046039537343,0.02,0.1407052941362897,4.02,1.6016405730539314,3.94,1.600631188631598,15.98,1.6016405730539307,10.0,0.0,20.0,0.0,2.0,0.0,1.0,0.0,2.41,1.5248447511637095
791.0,791.0,100,2.48,1.4458578942984162,0.124,0.07229289471492081,0.8759999999999999,0.0722928947149208,0.0,0.0,0.0004999999999999999,0.004999999999999998,9.4,0.7106690545187015,1.88,0.9669278643981125,8.1,0.9692233691951194,0.02,0.1407052941362897,4.01,1.6111668398581773,3.93,1.5843617075030627,15.99,1.6111668398581767,10.0,0.0,20.0,0.0,2.0,0.0,1.0,0.0,2.41,1.5248447511637095
792.0,792.0,100,2.48,1.4458578942984162,0.124,0.07229289471492081,0.8759999999999999,0.0722928947149208,0.0,0.0,0.0,0.0,9.4,0.7106690545187015,1.88,0.9669278643981125,8.1,0.9692233691951194,0.02,0.1407052941362897,4.01,1.6111668398581773,3.92,1.5997474548165156,15.99,1.6111668398581767,10.0,0.0,20.0,0.0,2.0,0.0,1.0,0.0,2.41,1.5248447511637095
793.0,793.0,100,2.46,1.4313940369055929,0.12300000000000001,0.07156970184527961,0.877,0.07156970184527961,0.0,0.0,0.0009999999999999998,0.007035264706814483,9.41,0.7120180453961104,1.87,0.9708373975724527,8.11,0.9733312577810995,0.02,0.1407052941362897,3.99,1.5985789143656768,3.9,1.6049166881048922,16.01,1.5985789143656761,10.0,0.0,20.0,0.0,2.0,0.0,1.0,0.0,2.41,1.5248447511637095
794.0,794.0,100,2.46,1.4313940369055929,0.12300000000000001,0.07156970184527961,0.877,0.07156970184527961,0.0,0.0,0.0,0.0,9.41,0.7120180453961104,1.87,0.9708373975724527,8.11,0.9733312577810995,0.02,0.1407052941362897,3.99,1.5985789143656768,3.89,1.6199201875837632,16.01,1.5985789143656761,10.0,0.0,20.0,0.0,2.0,0.0,1.0,0.0,2.41,1.5248447511637095
795.0,795.0,100,2.44,1.4377310969269275,0.122,0.07188655484634637,0.878,0.07188655484634636,0.0,0.0,0.0010000000000000002,0.007035264706814485,9.42,0.7132228744837541,1.86,0.9849370589540278,8.12,0.9875998862664653,0.02,0.1407052941362897,3.97,1.5856362837178095,3.89,1.6199201875837632,16.03,1.5856362837178088,10.0,0.0,20.0,0.0,2.0,0.0,1.0,0.0,2.41,1.5248447511637095
796.0,796.0,100,2.41,1.429098748275721,0.12050000000000001,0.07145493741378606,0.8795000000000001,0.07145493741378603,0.0,0.0,0.0014999999999999996,0.011135075167680683,9.43,0.7000000000000002,1.84,0.9818555922539752,8.14,0.9849370589540279,0.02,0.1407052941362897,3.94,1.6069294390925268,3.88,1.616080806060505,16.06,1.6069294390925262,10.0,0.0,20.0,0.0,2.0,0.0,1.0,0.0,2.41,1.5248447511637095
797.0,797.0,100,2.38,1.433932221606592,0.11900000000000001,0.0716966110803296,0.8809999999999999,0.07169661108032957,0.0,0.0,0.0015000000000000002,0.008572330399888263,9.44,0.6863753427324665,1.82,0.9987871432771637,8.16,1.0022197585581938,0.02,0.1407052941362897,3.91,1.6149240842775852,3.87,1.6121696278899775,16.09,1.6149240842775856,10.0,0.0,20.0,0.0,2.0,0.0,1.0,0.0,2.41,1.5248447511637095
798.0,798.0,100,2.37,1.4400827697873426,0.1185,0.07200413848936711,0.8815000000000001,0.07200413848936707,0.0,0.0,0.0005,0.005,9.44,0.6863753427324665,1.81,1.0019677609281616,8.17,1.005590434129184,0.02,0.1407052941362897,3.9,1.6298974374376003,3.85,1.629122587173968,16.1,1.6298974374376005,10.0,0.0,20.0,0.0,2.0,0.0,1.0,0.0,2.41,1.5248447511637095
799.0,799.0,100,2.37,1.4400827697873426,0.1185,0.07200413848936711,0.8815000000000001,0.07200413848936707,0.0,0.0,0.0,0.0,9.44,0.6863753427324665,1.81,1.0019677609281616,8.17,1.005590434129184,0.02,0.1407052941362897,3.9,1.6298974374376003,3.83,1.6146738733167503,16.1,1.6298974374376005,10.0,0.0,20.0,0.0,2.0,0.0,1.0,0.0,2.41,1.5248447511637095
800.0,800.0,100,2.37,1.4400827697873426,0.1185,0.07200413848936711,0.8815000000000001,0.07200413848936707,0.0,0.0,0.0,0.0,9.44,0.6863753427324665,1.81,1.0019677609281616,8.17,1.005590434129184,0.02,0.1407052941362897,3.9,1.6298974374376003,3.82,1.6167057164918337,16.1,1.6298974374376005,10.0,0.0,20.0,0.0,2.0,0.0,1.0,0.0,2.41,1.5248447511637095
801.0,801.0,100,2.35,1.4310764472870758,0.1175,0.07155382236435377,0.8825,0.07155382236435374,0.0,0.0,0.001,0.007035264706814485,9.45,0.6871842709362767,1.8,0.9949366763261819,8.18,0.9987871432771633,0.02,0.1407052941362897,3.88,1.6160808060605052,3.82,1.6167057164918337,16.12,1.616080806060505,10.0,0.0,20.0,0.0,2.0,0.0,1.0,0.0,2.41,1.5248447511637095
802.0,802.0,100,2.34,1.4440403475154446,0.117,0.07220201737577221,0.883,0.07220201737577218,0.0,0.0,0.0005,0.005,9.45,0.6871842709362767,1.79,1.0079983164969106,8.19,1.0119987224010778,0.02,0.1407052941362897,3.87,1.6370397032140027,3.82,1.6167057164918337,16.13,1.6370397032140027,10.0,0.0,20.0,0.0,2.0,0.0,1.0,0.0,2.41,1.5248447511637095
803.0,803.0,100,2.33,1.456819560660562,0.1165,0.07284097803302808,0.8835,0.0728409780330281,0.0,0.0,0.0005,0.004999999999999998,9.45,0.6871842709362767,1.78,1.0207939077111512,8.2,1.0249414863810766,0.02,0.1407052941362897,3.86,1.6331168687729323,3.8,1.6143297699232972,16.14,1.6331168687729318,10.0,0.0,20.0,0.0,2.0,0.0,1.0,0.0,2.41,1.5248447511637095
804.0,804.0,100,2.33,1.456819560660562,0.1165,0.07284097803302808,0.8835,0.0728409780330281,0.0,0.0,0.0,0.0,9.45,0.6871842709362767,1.78,1.0207939077111512,8.2,1.0249414863810766,0.02,0.1407052941362897,3.86,1.6331168687729323,3.79,1.6161745580289901,16.14,1.6331168687729318,10.0,0.0,20.0,0.0,2.0,0.0,1.0,0.0,2.41,1.5248447511637095
805.0,805.0,100,2.33,1.456819560660562,0.1165,0.07284097803302808,0.8835,0.0728409780330281,0.0,0.0,0.0,0.0,9.45,0.6871842709362767,1.78,1.0207939077111512,8.2,1.0249414863810766,0.02,0.1407052941362897,3.86,1.6331168687729323,3.78,1.6179548132682129,16.14,1.6331168687729318,10.0,0.0,20.0,0.0,2.0,0.0,1.0,0.0,2.41,1.5248447511637095
806.0,806.0,100,2.33,1.456819560660562,0.1165,0.07284097803302808,0.8835,0.0728409780330281,0.0,0.0,0.0,0.0,9.45,0.6871842709362767,1.78,1.0207939077111512,8.18,1.0088497300281034,0.04,0.24287836253956216,3.85,1.629122587173968,3.77,1.6258952467903196,16.15,1.6291225871739676,10.0,0.0,20.0,0.0,2.0,0.0,1.0,0.0,2.41,1.5248447511637095
807.0,807.0,100,2.31,1.461250329427688,0.1155,0.07306251647138437,0.8845000000000001,0.07306251647138433,0.0,0.0,0.0010000000000000002,0.007035264706814486,9.45,0.6871842709362767,1.76,1.0162318990896089,8.22,1.0207939077111512,0.02,0.1407052941362897,3.84,1.6312602799707043,3.77,1.6258952467903196,16.16,1.6312602799707037,10.0,0.0,20.0,0.0,2.0,0.0,1.0,0.0,2.41,1.5248447511637095
808.0,808.0,100,2.31,1.461250329427688,0.1155,0.07306251647138437,0.8845000000000001,0.07306251647138433,0.0,0.0,0.0,0.0,9.45,0.6871842709362767,1.76,1.0162318990896089,8.2,1.0249414863810764,0.04,0.24287836253956216,3.83,1.6271372890987896,3.77,1.6258952467903198,16.17,1.6271372890987885,10.0,0.0,20.0,0.0,2.0,0.0,1.0,0.0,2.41,1.5248447511637095
809.0,809.0,100,2.3,1.452966314513558,0.115,0.07264831572567788,0.885,0.07264831572567786,0.0,0.0,0.0005000000000000001,0.005000000000000001,9.46,0.6730002176294542,1.76,1.0162318990896089,8.22,1.0207939077111512,0.02,0.1407052941362897,3.83,1.6209175603261683,3.77,1.6258952467903198,16.17,1.6209175603261674,10.0,0.0,20.0,0.0,2.0,0.0,1.0,0.0,2.41,1.5248447511637095
810.0,810.0,100,2.29,1.4515404565390855,0.11449999999999999,0.07257702282695427,0.8855,0.07257702282695427,0.0,0.0,0.0004999999999999999,0.004999999999999997,9.46,0.6730002176294542,1.75,1.0187633620614691,8.21,1.0278446606684526,0.04,0.24287836253956216,3.81,1.6311054688477533,3.77,1.6071494308026535,16.19,1.6311054688477535,10.0,0.0,20.0,0.0,2.0,0.0,1.0,0.0,2.41,1.5248447511637095
811.0,811.0,100,2.29,1.4515404565390855,0.11449999999999999,0.07257702282695427,0.8855,0.07257702282695427,0.0,0.0,0.0,0.0,9.46,0.6730002176294542,1.75,1.0187633620614691,8.23,1.0235114838514305,0.02,0.1407052941362897,3.82,1.6291535882603005,3.76,1.6088141061921442,16.18,1.6291535882603008,10.0,0.0,20.0,0.0,2.0,0.0,1.0,0.0,2.41,1.5248447511637095
812.0,812.0,100,2.29,1.4515404565390855,0.11449999999999999,0.07257702282695427,0.8855,0.07257702282695427,0.0,0.0,0.0,0.0,9.46,0.6730002176294542,1.75,1.0187633620614691,8.23,1.0235114838514305,0.02,0.1407052941362897,3.82,1.6291535882603005,3.75,1.597820485233026,16.18,1.6291535882603008,10.0,0.0,20.0,0.0,2.0,0.0,1.0,0.0,2.41,1.5248447511637095
813.0,813.0,100,2.29,1.4515404565390855,0.11449999999999999,0.07257702282695427,0.8855,0.07257702282695427,0.0,0.0,0.0,0.0,9.46,0.6730002176294542,1.75,1.0187633620614691,8.23,1.0235114838514305,0.02,0.1407052941362897,3.82,1.6291535882603005,3.75,1.5914861868166756,16.18,1.6291535882603008,10.0,0.0,20.0,0.0,2.0,0.0,1.0,0.0,2.41,1.5248447511637095
814.0,814.0,100,2.27,1.4274013967608226,0.11349999999999999,0.07137006983804113,0.8865000000000001,0.07137006983804113,0.0,0.0,0.001,0.007035264706814485,9.47,0.6735253251633256,1.74,1.0112498517311448,8.24,1.0062431378773486,0.02,0.1407052941362897,3.8,1.6080605044147396,3.73,1.6008520458578528,16.2,1.6080605044147391,10.0,0.0,20.0,0.0,2.0,0.0,1.0,0.0,2.41,1.5248447511637095
815.0,815.0,100,2.25,1.4240006242195884,0.1125,0.07120003121097941,0.8875,0.07120003121097943,0.0,0.0,0.0010000000000000002,0.007035264706814485,9.48,0.6739001514626733,1.73,1.0135944639616663,8.25,1.008799666770746,0.02,0.1407052941362897,3.78,1.6116996486863666,3.72,1.6085629448283172,16.22,1.6116996486863664,10.0,0.0,20.0,0.0,2.0,0.0,1.0,0.0,2.41,1.5248447511637095
816.0,816.0,100,2.24,1.400721314901791,0.11199999999999999,0.07003606574508954,0.888,0.07003606574508954,0.0,0.0,0.0004999999999999999,0.004999999999999998,9.48,0.6739001514626733,1.72,0.995748538294258,8.26,0.9910712498212341,0.02,0.1407052941362897,3.77,1.6008520458578526,3.71,1.6099124764465245,16.23,1.600852045857853,10.0,0.0,20.0,0.0,2.0,0.0,1.0,0.0,2.41,1.5248447511637095
817.0,817.0,100,2.23,1.3988090172238192,0.1115,0.06994045086119095,0.8885,0.06994045086119093,0.0,0.0,0.0004999999999999999,0.004999999999999998,9.48,0.6739001514626733,1.71,0.9877532918986228,8.27,0.9832434473555759,0.02,0.1407052941362897,3.76,1.5962076268076115,3.69,1.6061435084378262,16.24,1.596207626807612,10.0,0.0,20.0,0.0,2.0,0.0,1.0,0.0,2.41,1.5248447511637095
818.0,818.0,100,2.22,1.3968217893171309,0.111,0.06984108946585654,0.889,0.06984108946585653,0.0,0.0,0.0004999999999999999,0.004999999999999998,9.48,0.6739001514626733,1.7,0.9898474527915805,8.25,1.0087996667707455,0.05,0.3295236844080538,3.74,1.5993685622706848,3.69,1.6061435084378262,16.26,1.599368562270685,10.0,0.0,20.0,0.0,2.0,0.0,1.0,0.0,2.41,1.5248447511637095
819.0,819.0,100,2.21,1.3947593109040481,0.1105,0.06973796554520242,0.8895000000000001,0.06973796554520242,0.0,0.0,0.0004999999999999999,0.0049999999999999975,9.48,0.6739001514626733,1.69,0.9815983667138783,8.26,1.0012113874823052,0.05,0.3295236844080538,3.72,1.6085629448283172,3.68,1.5946881522825402,16.28,1.6085629448283176,10.0,0.0,20.0,0.0,2.0,0.0,1.0,0.0,2.41,1.5248447511637095
820.0,820.0,100,2.2,1.3853490243227224,0.11,0.06926745121613612,0.89,0.06926745121613612,0.0,0.0,0.0005000000000000001,0.005000000000000001,9.48,0.6739001514626733,1.68,0.9731755787475901,8.27,0.993463485473773,0.05,0.3295236844080538,3.72,1.6085629448283172,3.67,1.608405949059409,16.28,1.608562944828317,10.0,0.0,20.0,0.0,2.0,0.0,1.0,0.0,2.41,1.5248447511637095
821.0,821.0,100,2.19,1.3976531556270833,0.10949999999999999,0.06988265778135416,0.8905,0.06988265778135416,0.0,0.0,0.0005,0.005,9.48,0.6739001514626733,1.67,0.9852959356498334,8.28,1.0058415241563514,0.05,0.3295236844080538,3.71,1.6099124764465245,3.66,1.6219454586104527,16.29,1.6099124764465245,10.0,0.0,20.0,0.0,2.0,0.0,1.0,0.0,2.41,1.5248447511637095
822.0,822.0,100,2.19,1.3976531556270833,0.10949999999999999,0.06988265778135416,0.8905,0.06988265778135416,0.0,0.0,0.0,0.0,9.48,0.6739001514626733,1.67,0.9852959356498334,8.28,1.0058415241563514,0.05,0.3295236844080538,3.71,1.6099124764465245,3.66,1.6219454586104527,16.29,1.6099124764465245,10.0,0.0,20.0,0.0,2.0,0.0,1.0,0.0,2.41,1.5248447511637095
823.0,823.0,100,2.18,1.3881169572009007,0.109,0.06940584786004503,0.8909999999999999,0.06940584786004501,0.0,0.0,0.0005000000000000001,0.005,9.48,0.6739001514626733,1.66,0.9766982102673241,8.29,0.9979271445644646,0.05,0.3295236844080538,3.7,1.5986105077709065,3.64,1.6423683318225957,16.3,1.598610507770907,10.0,0.0,20.0,0.0,2.0,0.0,1.0,0.0,2.41,1.5248447511637095
824.0,824.0,100,2.17,1.4002525024819885,0.1085,0.0700126251240994,0.8915000000000001,0.07001262512409945,0.0,0.0,0.0005,0.004999999999999998,9.48,0.6739001514626733,1.65,0.9885710532241613,8.3,1.0100505037878158,0.05,0.3295236844080538,3.69,1.6124202274528157,3.61,1.6261437311453852,16.31,1.6124202274528152,10.0,0.0,20.0,0.0,2.0,0.0,1.0,0.0,2.41,1.5248447511637095
825.0,825.0,100,2.15,1.409742436537163,0.1075,0.07048712182685814,0.8925,0.07048712182685815,0.0,0.0,0.001,0.007035264706814483,9.48,0.6739001514626733,1.63,1.0015644328406004,8.32,1.023758178517177,0.05,0.3295236844080538,3.67,1.6271372890987896,3.6,1.6267958219963088,16.33,1.6271372890987896,10.0,0.0,20.0,0.0,2.0,0.0,1.0,0.0,2.41,1.5248447511637095
826.0,826.0,100,2.15,1.409742436537163,0.1075,0.07048712182685814,0.8925,0.07048712182685815,0.0,0.0,0.0,0.0,9.48,0.6739001514626733,1.63,1.0015644328406004,8.32,1.023758178517177,0.05,0.3295236844080538,3.67,1.6271372890987896,3.57,1.597061695929766,16.33,1.6271372890987896,10.0,0.0,20.0,0.0,2.0,0.0,1.0,0.0,2.41,1.5248447511637095
827.0,827.0,100,2.12,1.4304057487512436,0.106,0.0715202874375622,0.894,0.07152028743756217,0.0,0.0,0.0015,0.008572330399888264,9.49,0.6741249472052229,1.61,1.0239061667867022,8.34,1.0465913889161973,0.05,0.3295236844080538,3.64,1.6423683318225957,3.57,1.597061695929766,16.36,1.6423683318225961,10.0,0.0,20.0,0.0,2.0,0.0,1.0,0.0,2.41,1.5248447511637095
828.0,828.0,100,2.09,1.4220130843706091,0.10450000000000001,0.07110065421853044,0.8955,0.07110065421853044,0.0,0.0,0.0014999999999999996,0.008572330399888261,9.49,0.6741249472052229,1.58,1.016828104420503,8.37,1.0411241011231058,0.05,0.3295236844080538,3.61,1.6261437311453852,3.56,1.5974727515420075,16.39,1.6261437311453848,10.0,0.0,20.0,0.0,2.0,0.0,1.0,0.0,2.41,1.5248447511637095
829.0,829.0,100,2.08,1.4332276211898145,0.10400000000000001,0.07166138105949071,0.8959999999999999,0.07166138105949069,0.0,0.0,0.0005,0.004999999999999998,9.49,0.6741249472052229,1.57,1.0274514906585936,8.38,1.051982255870633,0.05,0.3295236844080538,3.6,1.6267958219963088,3.53,1.5856362837178088,16.4,1.6267958219963088,10.0,0.0,20.0,0.0,2.0,0.0,1.0,0.0,2.41,1.5248447511637095
830.0,830.0,100,2.07,1.430229196861662,0.1035,0.07151145984308312,0.8965000000000001,0.0715114598430831,0.0,0.0,0.0004999999999999999,0.004999999999999998,9.49,0.6741249472052229,1.56,1.0182178925788317,8.39,1.0434499886376338,0.05,0.3295236844080538,3.59,1.6211668076363448,3.51,1.5985789143656768,16.41,1.621166807636345,10.0,0.0,20.0,0.0,2.0,0.0,1.0,0.0,2.41,1.5248447511637095
831.0,831.0,100,2.07,1.430229196861662,0.1035,0.07151145984308312,0.8965000000000001,0.0715114598430831,0.0,0.0,0.0,0.0,9.49,0.6741249472052229,1.56,1.0182178925788317,8.39,1.0434499886376338,0.05,0.3295236844080538,3.59,1.6211668076363448,3.48,1.5794130094897452,16.41,1.621166807636345,10.0,0.0,20.0,0.0,2.0,0.0,1.0,0.0,2.41,1.5248447511637095
832.0,832.0,100,2.07,1.430229196861662,0.1035,0.07151145984308312,0.8965000000000001,0.0715114598430831,0.0,0.0,0.0,0.0,9.49,0.6741249472052229,1.56,1.0182178925788317,8.39,1.0434499886376338,0.05,0.3295236844080538,3.59,1.6211668076363448,3.47,1.5792531158875083,16.41,1.621166807636345,10.0,0.0,20.0,0.0,2.0,0.0,1.0,0.0,2.41,1.5248447511637095
833.0,833.0,100,2.06,1.4271536976680812,0.10300000000000001,0.07135768488340406,0.897,0.07135768488340406,0.0,0.0,0.0004999999999999999,0.004999999999999998,9.49,0.6741249472052229,1.55,1.0187633620614691,8.4,1.044465935734187,0.05,0.3295236844080538,3.58,1.6154556538936529,3.47,1.5792531158875083,16.42,1.6154556538936529,10.0,0.0,20.0,0.0,2.0,0.0,1.0,0.0,2.41,1.5248447511637095
834.0,834.0,100,2.04,1.4278612953602599,0.102,0.07139306476801298,0.898,0.07139306476801298,0.0,0.0,0.001,0.007035264706814484,9.49,0.6741249472052229,1.53,1.0096003809888985,8.42,1.0365053952312233,0.05,0.3295236844080538,3.56,1.6287815362808153,3.48,1.5794130094897452,16.44,1.628781536280815,10.0,0.0,20.0,0.0,2.0,0.0,1.0,0.0,2.41,1.5248447511637095
835.0,835.0,100,2.02,1.399711369958792,0.10099999999999999,0.06998556849793962,0.899,0.0699855684979396,0.0,0.0,0.001,0.007035264706814485,9.49,0.6741249472052229,1.51,0.9795381306998466,8.44,1.0082488068753948,0.05,0.3295236844080538,3.54,1.6231905232434896,3.46,1.5726192524356661,16.46,1.62319052324349,10.0,0.0,20.0,0.0,2.0,0.0,1.0,0.0,2.41,1.5248447511637095
836.0,836.0,100,2.01,1.388953533849106,0.1005,0.0694476766924553,0.8995000000000001,0.06944767669245532,0.0,0.0,0.0005000000000000001,0.005000000000000001,9.5,0.6590473688161075,1.51,0.9795381306998466,8.42,1.0168281044205034,0.07,0.38283894337652824,3.52,1.5984841304034003,3.45,1.565892781138032,16.48,1.5984841304034003,10.0,0.0,20.0,0.0,2.0,0.0,1.0,0.0,2.41,1.5248447511637095
837.0,837.0,100,2.01,1.388953533849106,0.1005,0.0694476766924553,0.8995000000000001,0.06944767669245532,0.0,0.0,0.0,0.0,9.5,0.6590473688161075,1.51,0.9795381306998466,8.44,1.0082488068753948,0.05,0.3295236844080538,3.53,1.6109160453141267,3.45,1.565892781138032,16.47,1.6109160453141265,10.0,0.0,20.0,0.0,2.0,0.0,1.0,0.0,2.41,1.5248447511637095
838.0,838.0,100,2.0,1.3780384243517663,0.1,0.06890192121758834,0.9,0.06890192121758833,0.0,0.0,0.0005000000000000001,0.005000000000000001,9.51,0.6434597143880915,1.51,0.9795381306998466,8.44,1.0082488068753948,0.05,0.3295236844080538,3.52,1.6110727964792764,3.46,1.5790292376436013,16.48,1.6110727964792761,10.0,0.0,20.0,0.0,2.0,0.0,1.0,0.0,2.41,1.5248447511637095
839.0,839.0,100,1.98,1.377891816720695,0.099,0.06889459083603477,0.9009999999999999,0.06889459083603479,0.0,0.0,0.001,0.007035264706814483,9.52,0.643224201765896,1.5,0.9795896894087646,8.45,1.008799666770746,0.05,0.3295236844080538,3.5,1.6111981864313265,3.46,1.5790292376436013,16.5,1.6111981864313256,10.0,0.0,20.0,0.0,2.0,0.0,1.0,0.0,2.41,1.5248447511637095
840.0,840.0,100,1.97,1.3740377716714338,0.09849999999999999,0.06870188858357167,0.9015000000000001,0.06870188858357167,0.0,0.0,0.0004999999999999999,0.004999999999999998,9.52,0.643224201765896,1.49,0.9795381306998463,8.46,1.0092501466860722,0.05,0.3295236844080538,3.49,1.604885218841698,3.45,1.5787413475374117,16.51,1.6048852188416982,10.0,0.0,20.0,0.0,2.0,0.0,1.0,0.0,2.41,1.5248447511637095
841.0,841.0,100,1.96,1.347800302925347,0.098,0.06739001514626734,0.902,0.06739001514626734,0.0,0.0,0.0004999999999999999,0.0049999999999999975,9.53,0.6105966613307697,1.49,0.9795381306998463,8.46,1.0092501466860722,0.05,0.3295236844080538,3.48,1.5921524722681224,3.44,1.5783894105426368,16.52,1.5921524722681226,10.0,0.0,20.0,0.0,2.0,0.0,1.0,0.0,2.41,1.5248447511637095
842.0,842.0,100,1.96,1.347800302925347,0.098,0.06739001514626734,0.902,0.06739001514626734,0.0,0.0,0.0,0.0,9.53,0.6105966613307697,1.49,0.9795381306998463,8.46,1.0092501466860722,0.05,0.3295236844080538,3.48,1.5921524722681224,3.43,1.558651320659608,16.52,1.5921524722681226,10.0,0.0,20.0,0.0,2.0,0.0,1.0,0.0,2.41,1.5248447511637095
843.0,843.0,100,1.96,1.347800302925347,0.098,0.06739001514626734,0.902,0.06739001514626734,0.0,0.0,0.0,0.0,9.53,0.6105966613307697,1.49,0.9795381306998463,8.46,1.0092501466860722,0.05,0.3295236844080538,3.48,1.5921524722681224,3.42,1.5646344007725284,16.52,1.5921524722681226,10.0,0.0,20.0,0.0,2.0,0.0,1.0,0.0,2.41,1.5248447511637095
844.0,844.0,100,1.95,1.3512059708858513,0.0975,0.06756029854429256,0.9025,0.06756029854429255,0.0,0.0,0.0005,0.004999999999999999,9.53,0.6105966613307697,1.48,0.9793834382875377,8.47,1.0096003809888987,0.05,0.3295236844080538,3.47,1.5919938581679407,3.42,1.5646344007725284,16.53,1.5919938581679403,10.0,0.0,20.0,0.0,2.0,0.0,1.0,0.0,2.41,1.5248447511637095
845.0,845.0,100,1.93,1.3200474432857525,0.0965,0.06600237216428763,0.9035,0.06600237216428763,0.0,0.0,0.001,0.007035264706814485,9.54,0.5932277740625365,1.47,0.9687542766279016,8.48,0.9997979593877752,0.05,0.3295236844080538,3.45,1.5851265762160012,3.4,1.5374122295716148,16.55,1.5851265762160014,10.0,0.0,20.0,0.0,2.0,0.0,1.0,0.0,2.41,1.5248447511637095
846.0,846.0,100,1.92,1.3079400103625052,0.096,0.06539700051812528,0.904,0.06539700051812528,0.0,0.0,0.0005000000000000001,0.005000000000000002,9.55,0.5924610544247622,1.47,0.9687542766279016,8.48,0.9997979593877752,0.05,0.3295236844080538,3.44,1.5783894105426368,3.39,1.5235193176035253,16.56,1.5783894105426364,10.0,0.0,20.0,0.0,2.0,0.0,1.0,0.0,2.41,1.5248447511637095
847.0,847.0,100,1.91,1.303414319734477,0.0955,0.06517071598672383,0.9045000000000001,0.06517071598672383,0.0,0.0,0.0004999999999999999,0.0049999999999999975,9.55,0.5924610544247622,1.46,0.9579017473497778,8.49,0.9897964284119078,0.05,0.3295236844080538,3.43,1.584361707503063,3.39,1.5235193176035253,16.57,1.5843617075030623,10.0,0.0,20.0,0.0,2.0,0.0,1.0,0.0,2.41,1.5248447511637095
848.0,848.0,100,1.91,1.303414319734477,0.0955,0.06517071598672383,0.9045000000000001,0.06517071598672383,0.0,0.0,0.0,0.0,9.55,0.5924610544247622,1.46,0.9579017473497778,8.49,0.9897964284119078,0.05,0.3295236844080538,3.43,1.584361707503063,3.39,1.5235193176035253,16.57,1.5843617075030623,10.0,0.0,20.0,0.0,2.0,0.0,1.0,0.0,2.41,1.5248447511637095
849.0,849.0,100,1.9,1.2831463854387959,0.095,0.0641573192719398,0.905,0.06415731927193978,0.0,0.0,0.0004999999999999999,0.004999999999999998,9.55,0.5924610544247622,1.45,0.9360890055238479,8.5,0.9692233691951194,0.05,0.3295236844080538,3.42,1.577493216620867,3.37,1.515275752482236,16.58,1.5774932166208662,10.0,0.0,20.0,0.0,2.0,0.0,1.0,0.0,2.41,1.5248447511637095
850.0,850.0,100,1.9,1.2831463854387959,0.095,0.0641573192719398,0.905,0.06415731927193978,0.0,0.0,0.0,0.0,9.55,0.5924610544247622,1.45,0.9360890055238479,8.5,0.9692233691951194,0.05,0.3295236844080538,3.42,1.577493216620867,3.36,1.5143755588800734,16.58,1.5774932166208662,10.0,0.0,20.0,0.0,2.0,0.0,1.0,0.0,2.41,1.5248447511637095
851.0,851.0,100,1.9,1.2831463854387959,0.095,0.0641573192719398,0.905,0.06415731927193978,0.0,0.0,0.0,0.0,9.55,0.5924610544247622,1.45,0.9360890055238479,8.5,0.9692233691951194,0.05,0.3295236844080538,3.42,1.577493216620867,3.34,1.5190374411036578,16.58,1.5774932166208662,10.0,0.0,20.0,0.0,2.0,0.0,1.0,0.0,2.41,1.5248447511637095
852.0,852.0,100,1.89,1.2704488986340237,0.09449999999999999,0.0635224449317012,0.9055,0.0635224449317012,0.0,0.0,0.0005000000000000001,0.005000000000000001,9.56,0.5741924500522188,1.45,0.9360890055238479,8.5,0.9692233691951194,0.05,0.3295236844080538,3.41,1.5576140780570833,3.32,1.5234198635990286,16.59,1.5576140780570824,10.0,0.0,20.0,0.0,2.0,0.0,1.0,0.0,2.41,1.5248447511637095
853.0,853.0,100,1.88,1.2735062551154515,0.094,0.06367531275577258,0.9059999999999999,0.06367531275577261,0.0,0.0,0.0005,0.004999999999999998,9.56,0.5741924500522188,1.44,0.9354953314429288,8.51,0.9691712590109802,0.05,0.3295236844080538,3.4,1.5569978883230462,3.32,1.5234198635990286,16.6,1.5569978883230458,10.0,0.0,20.0,0.0,2.0,0.0,1.0,0.0,2.41,1.5248447511637095
854.0,854.0,100,1.88,1.2735062551154515,0.094,0.06367531275577258,0.9059999999999999,0.06367531275577261,0.0,0.0,0.0,0.0,9.56,0.5741924500522188,1.44,0.9354953314429288,8.51,0.9691712590109802,0.05,0.3295236844080538,3.4,1.5569978883230462,3.31,1.5021533365354711,16.6,1.5569978883230458,10.0,0.0,20.0,0.0,2.0,0.0,1.0,0.0,2.41,1.5248447511637095
855.0,855.0,100,1.85,1.2742595393943,0.0925,0.063712976969715,0.9075,0.06371297696971498,0.0,0.0,0.0014999999999999996,0.008572330399888261,9.56,0.5741924500522188,1.41,0.9330627313348554,8.53,0.958270748944591,0.06,0.34289321599553063,3.37,1.535143858622594,3.29,1.506182544908106,16.63,1.535143858622594,10.0,0.0,20.0,0.0,2.0,0.0,1.0,0.0,2.41,1.5248447511637095
856.0,856.0,100,1.83,1.2476644848141931,0.0915,0.062383224240709696,0.9085,0.06238322424070967,0.0,0.0,0.001,0.007035264706814484,9.57,0.5366374921488416,1.4,0.9320337272260425,8.55,0.9679197729505721,0.05,0.3295236844080538,3.36,1.5408249135256786,3.28,1.5047399855930008,16.64,1.5408249135256786,10.0,0.0,20.0,0.0,2.0,0.0,1.0,0.0,2.41,1.5248447511637095
857.0,857.0,100,1.83,1.2476644848141931,0.0915,0.062383224240709696,0.9085,0.06238322424070967,0.0,0.0,0.0,0.0,9.57,0.5366374921488416,1.4,0.9320337272260425,8.55,0.9679197729505721,0.05,0.3295236844080538,3.36,1.5408249135256786,3.27,1.5166083904887941,16.64,1.5408249135256786,10.0,0.0,20.0,0.0,2.0,0.0,1.0,0.0,2.41,1.5248447511637095
858.0,858.0,100,1.81,1.228409499714936,0.09050000000000001,0.061420474985746806,0.9095,0.061420474985746785,0.0,0.0,0.001,0.007035264706814485,9.57,0.5366374921488416,1.38,0.9076554323301239,8.57,0.9455370981830401,0.05,0.3295236844080538,3.34,1.5256725624054357,3.27,1.5298709260931296,16.66,1.525672562405435,10.0,0.0,20.0,0.0,2.0,0.0,1.0,0.0,2.41,1.5248447511637095
859.0,859.0,100,1.79,1.2251159499855886,0.0895,0.06125579749927943,0.9105,0.06125579749927943,0.0,0.0,0.001,0.007035264706814485,9.58,0.5352239217978271,1.37,0.9062632792478855,8.58,0.9447355463436595,0.05,0.3295236844080538,3.32,1.5300359802991899,3.27,1.5298709260931296,16.68,1.5300359802991892,10.0,0.0,20.0,0.0,2.0,0.0,1.0,0.0,2.41,1.5248447511637095
860.0,860.0,100,1.78,1.2192065643133023,0.08900000000000001,0.060960328215665126,0.9109999999999999,0.060960328215665126,0.0,0.0,0.0004999999999999999,0.004999999999999998,9.59,0.5336173486192842,1.37,0.9062632792478855,8.58,0.9447355463436595,0.05,0.3295236844080538,3.31,1.5288141572057505,3.27,1.5298709260931296,16.69,1.5288141572057499,10.0,0.0,20.0,0.0,2.0,0.0,1.0,0.0,2.41,1.5248447511637095
861.0,861.0,100,1.78,1.2192065643133023,0.08900000000000001,0.060960328215665126,0.9109999999999999,0.060960328215665126,0.0,0.0,0.0,0.0,9.59,0.5336173486192842,1.37,0.9062632792478855,8.57,0.9455370981830401,0.06,0.34289321599553063,3.3,1.540693796228626,3.26,1.534913546737925,16.7,1.5406937962286253,10.0,0.0,20.0,0.0,2.0,0.0,1.0,0.0,2.41,1.5248447511637095
862.0,862.0,100,1.77,1.196417210430434,0.0885,0.0598208605215217,0.9115000000000001,0.059820860521521683,0.0,0.0,0.0004999999999999999,0.0049999999999999975,9.59,0.5336173486192842,1.36,0.8935232724354963,8.59,0.9330627313348555,0.05,0.3295236844080538,3.3,1.5208981928884373,3.26,1.534913546737925,16.7,1.5208981928884366,10.0,0.0,20.0,0.0,2.0,0.0,1.0,0.0,2.41,1.5248447511637095
863.0,863.0,100,1.77,1.196417210430434,0.0885,0.0598208605215217,0.9115000000000001,0.059820860521521683,0.0,0.0,0.0,0.0,9.59,0.5336173486192842,1.36,0.8935232724354963,8.59,0.9330627313348555,0.05,0.3295236844080538,3.3,1.5208981928884373,3.24,1.5316195956759584,16.7,1.5208981928884366,10.0,0.0,20.0,0.0,2.0,0.0,1.0,0.0,2.41,1.5248447511637095
864.0,864.0,100,1.77,1.196417210430434,0.0885,0.0598208605215217,0.9115000000000001,0.059820860521521683,0.0,0.0,0.0,0.0,9.59,0.5336173486192842,1.36,0.8935232724354963,8.59,0.9330627313348555,0.05,0.3295236844080538,3.3,1.5208981928884373,3.24,1.518372334262761,16.7,1.5208981928884366,10.0,0.0,20.0,0.0,2.0,0.0,1.0,0.0,2.41,1.5248447511637095
865.0,865.0,100,1.76,1.1816783134015942,0.08800000000000001,0.05908391567007971,0.912,0.0590839156700797,0.0,0.0,0.0005000000000000001,0.005000000000000002,9.6,0.5318160234783105,1.36,0.8935232724354963,8.59,0.9330627313348555,0.05,0.3295236844080538,3.29,1.519536080186943,3.24,1.518372334262761,16.71,1.5195360801869424,10.0,0.0,20.0,0.0,2.0,0.0,1.0,0.0,2.41,1.5248447511637095
866.0,866.0,100,1.75,1.1838560518556096,0.0875,0.059192802592780466,0.9125,0.05919280259278048,0.0,0.0,0.0005,0.005,9.61,0.5298179599702815,1.36,0.8935232724354963,8.59,0.9330627313348555,0.05,0.3295236844080538,3.28,1.518106209936072,3.24,1.518372334262761,16.72,1.518106209936072,10.0,0.0,20.0,0.0,2.0,0.0,1.0,0.0,2.41,1.5248447511637095
867.0,867.0,100,1.74,1.18594462200587,0.087,0.0592972311002935,0.9129999999999999,0.0592972311002935,0.0,0.0,0.0005,0.005,9.61,0.5298179599702815,1.35,0.8918825850158446,8.6,0.9320337272260426,0.05,0.3295236844080538,3.27,1.5298709260931296,3.24,1.518372334262761,16.73,1.5298709260931294,10.0,0.0,20.0,0.0,2.0,0.0,1.0,0.0,2.41,1.5248447511637095
868.0,868.0,100,1.73,1.1794109127060424,0.08650000000000001,0.05897054563530213,0.9135,0.05897054563530214,0.0,0.0,0.0004999999999999999,0.004999999999999998,9.61,0.5298179599702815,1.34,0.8901254025828228,8.61,0.9308950835436057,0.05,0.3295236844080538,3.26,1.5283185452508181,3.22,1.5346502908322517,16.74,1.5283185452508177,10.0,0.0,20.0,0.0,2.0,0.0,1.0,0.0,2.41,1.5248447511637095
869.0,869.0,100,1.73,1.1794109127060424,0.08650000000000001,0.05897054563530213,0.9135,0.05897054563530214,0.0,0.0,0.0,0.0,9.61,0.5298179599702815,1.34,0.8901254025828228,8.61,0.9308950835436057,0.05,0.3295236844080538,3.26,1.5283185452508181,3.22,1.5346502908322517,16.74,1.5283185452508177,10.0,0.0,20.0,0.0,2.0,0.0,1.0,0.0,2.41,1.5248447511637095
870.0,870.0,100,1.73,1.1794109127060424,0.08650000000000001,0.05897054563530213,0.9135,0.05897054563530214,0.0,0.0,0.0,0.0,9.61,0.5298179599702815,1.34,0.8901254025828228,8.61,0.9308950835436057,0.05,0.3295236844080538,3.26,1.5283185452508181,3.22,1.5346502908322517,16.74,1.5283185452508177,10.0,0.0,20.0,0.0,2.0,0.0,1.0,0.0,2.41,1.5248447511637095
871.0,871.0,100,1.72,1.1813363431112895,0.086,0.0590668171555645,0.914,0.05906681715556449,0.0,0.0,0.0005,0.005,9.61,0.5298179599702815,1.33,0.8882510337679879,8.61,0.9308950835436057,0.06,0.34289321599553063,3.25,1.5333003949031323,3.21,1.5393492000179687,16.75,1.5333003949031323,10.0,0.0,20.0,0.0,2.0,0.0,1.0,0.0,2.41,1.5248447511637095
872.0,872.0,100,1.7,1.1763666026534345,0.085,0.05881833013267173,0.915,0.058818330132671716,0.0,0.0,0.001,0.009999999999999997,9.61,0.5298179599702815,1.31,0.8726483550177307,8.64,0.9158536339327804,0.05,0.3295236844080538,3.24,1.5447532574047635,3.2,1.530827992765465,16.76,1.544753257404763,10.0,0.0,20.0,0.0,2.0,0.0,1.0,0.0,2.41,1.5248447511637095
873.0,873.0,100,1.7,1.1763666026534345,0.085,0.05881833013267173,0.915,0.058818330132671716,0.0,0.0,0.0,0.0,9.61,0.5298179599702815,1.31,0.8726483550177307,8.62,0.9296463974234636,0.07,0.3828389433765283,3.23,1.52987092609313,3.2,1.5308279927654653,16.77,1.52987092609313,10.0,0.0,20.0,0.0,2.0,0.0,1.0,0.0,2.41,1.5248447511637095
874.0,874.0,100,1.7,1.1763666026534345,0.085,0.05881833013267173,0.915,0.058818330132671716,0.0,0.0,0.0,0.0,9.61,0.5298179599702815,1.31,0.8726483550177307,8.64,0.9158536339327804,0.05,0.3295236844080538,3.24,1.5447532574047635,3.19,1.5354070299027385,16.76,1.544753257404763,10.0,0.0,20.0,0.0,2.0,0.0,1.0,0.0,2.41,1.5248447511637095
875.0,875.0,100,1.69,1.178039803138153,0.0845,0.058901990156907634,0.9155,0.05890199015690763,0.0,0.0,0.0005,0.005,9.61,0.5298179599702815,1.3,0.8703882797784892,8.65,0.9142530206997331,0.05,0.3295236844080538,3.23,1.549551906555928,3.19,1.5354070299027385,16.77,1.549551906555928,10.0,0.0,20.0,0.0,2.0,0.0,1.0,0.0,2.41,1.5248447511637095
876.0,876.0,100,1.68,1.171030798618521,0.084,0.05855153993092604,0.9159999999999999,0.05855153993092605,0.0,0.0,0.0004999999999999999,0.0049999999999999975,9.61,0.5298179599702815,1.29,0.8680059581790573,8.66,0.9125389157330623,0.05,0.3295236844080538,3.22,1.5412181984889535,3.18,1.5464524407543712,16.78,1.5412181984889537,10.0,0.0,20.0,0.0,2.0,0.0,1.0,0.0,2.41,1.5248447511637095
877.0,877.0,100,1.68,1.171030798618521,0.084,0.05855153993092604,0.9159999999999999,0.05855153993092605,0.0,0.0,0.0,0.0,9.61,0.5298179599702815,1.29,0.8680059581790573,8.66,0.9125389157330623,0.05,0.3295236844080538,3.22,1.5412181984889535,3.17,1.5443281694476387,16.78,1.5412181984889537,10.0,0.0,20.0,0.0,2.0,0.0,1.0,0.0,2.41,1.5248447511637095
878.0,878.0,100,1.68,1.171030798618521,0.084,0.05855153993092604,0.9159999999999999,0.05855153993092605,0.0,0.0,0.0,0.0,9.61,0.5298179599702815,1.29,0.8680059581790573,8.66,0.9125389157330623,0.05,0.3295236844080538,3.22,1.5412181984889535,3.15,1.5398740601789878,16.78,1.5412181984889537,10.0,0.0,20.0,0.0,2.0,0.0,1.0,0.0,2.41,1.5248447511637095
879.0,879.0,100,1.68,1.171030798618521,0.084,0.05855153993092604,0.9159999999999999,0.05855153993092605,0.0,0.0,0.0,0.0,9.61,0.5298179599702815,1.29,0.8680059581790573,8.66,0.9125389157330623,0.05,0.3295236844080538,3.22,1.5412181984889535,3.15,1.5398740601789878,16.78,1.5412181984889537,10.0,0.0,20.0,0.0,2.0,0.0,1.0,0.0,2.41,1.5248447511637095
880.0,880.0,100,1.67,1.163892806338481,0.08349999999999999,0.05819464031692404,0.9165000000000001,0.05819464031692405,0.0,0.0,0.0004999999999999999,0.004999999999999998,9.61,0.5298179599702815,1.28,0.8537498983243799,8.67,0.8995509541943244,0.05,0.3295236844080538,3.21,1.5458971439904985,3.15,1.5398740601789878,16.79,1.5458971439904985,10.0,0.0,20.0,0.0,2.0,0.0,1.0,0.0,2.41,1.5248447511637095
881.0,881.0,100,1.66,1.1566234381931648,0.083,0.05783117190965823,0.917,0.057831171909658224,0.0,0.0,0.0004999999999999999,0.0049999999999999975,9.61,0.5298179599702815,1.27,0.8510836823388371,8.68,0.8975837374064695,0.05,0.3295236844080538,3.2,1.5374122295716146,3.14,1.544099227459953,16.8,1.5374122295716146,10.0,0.0,20.0,0.0,2.0,0.0,1.0,0.0,2.41,1.5248447511637095
882.0,882.0,100,1.64,1.1679214031947542,0.08200000000000002,0.058396070159737724,0.9179999999999999,0.058396070159737724,0.0,0.0,0.001,0.007035264706814485,9.61,0.5298179599702815,1.25,0.8572330399888264,8.7,0.904534033733291,0.05,0.3295236844080538,3.18,1.533333333333333,3.13,1.5417096636100738,16.82,1.533333333333333,10.0,0.0,20.0,0.0,2.0,0.0,1.0,0.0,2.41,1.5248447511637095
883.0,883.0,100,1.63,1.1604161566290156,0.0815,0.0580208078314508,0.9185,0.05802080783145079,0.0,0.0,0.0004999999999999999,0.0049999999999999975,9.62,0.5276209229966514,1.25,0.8572330399888264,8.7,0.904534033733291,0.05,0.3295236844080538,3.17,1.5377735446896843,3.11,1.5498126312297211,16.83,1.537773544689684,10.0,0.0,20.0,0.0,2.0,0.0,1.0,0.0,2.41,1.5248447511637095
884.0,884.0,100,1.62,1.1527744310527053,0.081,0.05763872155263527,0.919,0.05763872155263527,0.0,0.0,0.0004999999999999999,0.004999999999999998,9.63,0.5252224156094121,1.25,0.8572330399888264,8.7,0.904534033733291,0.05,0.3295236844080538,3.16,1.542135473355638,3.1,1.5472360498448172,16.84,1.5421354733556383,10.0,0.0,20.0,0.0,2.0,0.0,1.0,0.0,2.41,1.5248447511637095
885.0,885.0,100,1.61,1.1449934938723894,0.0805,0.057249674693619454,0.9195,0.05724967469361943,0.0,0.0,0.0004999999999999999,0.0049999999999999975,9.63,0.5252224156094121,1.24,0.8423152316650516,8.71,0.890976084885775,0.05,0.3295236844080538,3.15,1.5464197817585434,3.1,1.5472360498448172,16.85,1.5464197817585439,10.0,0.0,20.0,0.0,2.0,0.0,1.0,0.0,2.41,1.5248447511637095
886.0,886.0,100,1.6,1.145919418253881,0.08,0.05729597091269406,0.92,0.05729597091269404,0.0,0.0,0.0005,0.004999999999999998,9.64,0.5226196639347905,1.24,0.8423152316650516,8.71,0.890976084885775,0.05,0.3295236844080538,3.14,1.544099227459953,3.09,1.5511155972265884,16.86,1.5440992274599539,10.0,0.0,20.0,0.0,2.0,0.0,1.0,0.0,2.41,1.5248447511637095
887.0,887.0,100,1.58,1.1475049789729355,0.079,0.05737524894864675,0.9209999999999999,0.05737524894864673,0.0,0.0,0.001,0.007035264706814486,9.64,0.5226196639347905,1.22,0.8358144881406749,8.73,0.8859737552261324,0.05,0.3295236844080538,3.12,1.5523198670689524,3.07,1.5521571825017977,16.88,1.5523198670689522,10.0,0.0,20.0,0.0,2.0,0.0,1.0,0.0,2.41,1.5248447511637095
888.0,888.0,100,1.57,1.1304330090185741,0.0785,0.056521650450928704,0.9215000000000001,0.0565216504509287,0.0,0.0,0.0005000000000000001,0.005000000000000001,9.64,0.5226196639347905,1.21,0.820137953411658,8.74,0.8717797887081349,0.05,0.3295236844080538,3.11,1.5498126312297213,3.06,1.55582970167241,16.89,1.549812631229721,10.0,0.0,20.0,0.0,2.0,0.0,1.0,0.0,2.41,1.5248447511637095
889.0,889.0,100,1.57,1.1304330090185741,0.0785,0.056521650450928704,0.9215000000000001,0.0565216504509287,0.0,0.0,0.0,0.0,9.64,0.5226196639347905,1.21,0.820137953411658,8.74,0.8717797887081349,0.05,0.3295236844080538,3.11,1.5498126312297213,3.07,1.5521571825017977,16.89,1.549812631229721,10.0,0.0,20.0,0.0,2.0,0.0,1.0,0.0,2.41,1.5248447511637095
890.0,890.0,100,1.56,1.1220471910708119,0.078,0.056102359553540586,0.922,0.056102359553540565,0.0,0.0,0.0004999999999999999,0.0049999999999999975,9.64,0.5226196639347905,1.2,0.8164965809277259,8.75,0.8689364217539189,0.05,0.3295236844080538,3.1,1.5537507567629416,3.06,1.5623085741325495,16.9,1.5537507567629412,10.0,0.0,20.0,0.0,2.0,0.0,1.0,0.0,2.41,1.5248447511637095
891.0,891.0,100,1.54,1.1319064100941036,0.077,0.05659532050470518,0.9229999999999999,0.05659532050470517,0.0,0.0,0.001,0.007035264706814485,9.64,0.5226196639347905,1.18,0.8211841659112977,8.77,0.8744984132332512,0.05,0.3295236844080538,3.08,1.5549205052920798,3.06,1.5623085741325495,16.92,1.5549205052920805,10.0,0.0,20.0,0.0,2.0,0.0,1.0,0.0,2.41,1.5248447511637095
892.0,892.0,100,1.53,1.1322187032191229,0.0765,0.05661093516095614,0.9235,0.056610935160956125,0.0,0.0,0.0005,0.004999999999999998,9.65,0.5198095999517709,1.18,0.8211841659112977,8.77,0.8744984132332512,0.05,0.3295236844080538,3.07,1.5521571825017977,3.06,1.5623085741325495,16.93,1.552157182501797,10.0,0.0,20.0,0.0,2.0,0.0,1.0,0.0,2.41,1.5248447511637095
893.0,893.0,100,1.53,1.1322187032191229,0.0765,0.05661093516095614,0.9235,0.056610935160956125,0.0,0.0,0.0,0.0,9.65,0.5198095999517709,1.18,0.8211841659112977,8.77,0.8744984132332512,0.05,0.3295236844080538,3.07,1.5521571825017977,3.05,1.5594287998553127,16.93,1.552157182501797,10.0,0.0,20.0,0.0,2.0,0.0,1.0,0.0,2.41,1.5248447511637095
894.0,894.0,100,1.52,1.132441717009861,0.07600000000000001,0.05662208585049306,0.924,0.05662208585049304,0.0,0.0,0.0005,0.004999999999999998,9.65,0.5198095999517709,1.17,0.8171767114754176,8.78,0.8713161993168262,0.05,0.3295236844080538,3.06,1.5623085741325495,3.05,1.5594287998553127,16.94,1.5623085741325506,10.0,0.0,20.0,0.0,2.0,0.0,1.0,0.0,2.41,1.5248447511637095
895.0,895.0,100,1.52,1.132441717009861,0.07600000000000001,0.05662208585049306,0.924,0.05662208585049304,0.0,0.0,0.0,0.0,9.65,0.5198095999517709,1.17,0.8171767114754176,8.78,0.8713161993168262,0.05,0.3295236844080538,3.06,1.5623085741325495,3.05,1.5594287998553127,16.94,1.5623085741325506,10.0,0.0,20.0,0.0,2.0,0.0,1.0,0.0,2.41,1.5248447511637095
896.0,896.0,100,1.52,1.132441717009861,0.07600000000000001,0.05662208585049306,0.924,0.05662208585049304,0.0,0.0,0.0,0.0,9.65,0.5198095999517709,1.17,0.8171767114754176,8.78,0.8713161993168262,0.05,0.3295236844080538,3.06,1.5623085741325495,3.04,1.5629549842616333,16.94,1.5623085741325506,10.0,0.0,20.0,0.0,2.0,0.0,1.0,0.0,2.41,1.5248447511637095
897.0,897.0,100,1.52,1.132441717009861,0.07600000000000001,0.05662208585049306,0.924,0.05662208585049304,0.0,0.0,0.0,0.0,9.65,0.5198095999517709,1.17,0.8171767114754176,8.78,0.8713161993168262,0.05,0.3295236844080538,3.06,1.5623085741325495,3.04,1.5629549842616333,16.94,1.5623085741325506,10.0,0.0,20.0,0.0,2.0,0.0,1.0,0.0,2.41,1.5248447511637095
898.0,898.0,100,1.52,1.132441717009861,0.07600000000000001,0.05662208585049306,0.924,0.05662208585049304,0.0,0.0,0.0,0.0,9.65,0.5198095999517709,1.17,0.8171767114754176,8.78,0.8713161993168262,0.05,0.3295236844080538,3.06,1.5623085741325495,3.04,1.5629549842616333,16.94,1.5623085741325506,10.0,0.0,20.0,0.0,2.0,0.0,1.0,0.0,2.41,1.5248447511637095
899.0,899.0,100,1.52,1.132441717009861,0.07600000000000001,0.05662208585049306,0.924,0.05662208585049304,0.0,0.0,0.0,0.0,9.65,0.5198095999517709,1.17,0.8171767114754176,8.78,0.8713161993168262,0.05,0.3295236844080538,3.06,1.5623085741325495,3.04,1.5629549842616333,16.94,1.5623085741325506,10.0,0.0,20.0,0.0,2.0,0.0,1.0,0.0,2.41,1.5248447511637095
900.0,900.0,100,1.51,1.1414592822038345,0.0755,0.05707296411019172,0.9245,0.05707296411019173,0.0,0.0,0.0005,0.004999999999999998,9.65,0.5198095999517709,1.16,0.8253557543339243,8.79,0.879566008686309,0.05,0.3295236844080538,3.05,1.565892781138032,3.04,1.5629549842616333,16.95,1.5658927811380317,10.0,0.0,20.0,0.0,2.0,0.0,1.0,0.0,2.41,1.5248447511637095
901.0,901.0,100,1.51,1.1414592822038345,0.0755,0.05707296411019172,0.9245,0.05707296411019173,0.0,0.0,0.0,0.0,9.65,0.5198095999517709,1.16,0.8253557543339243,8.79,0.879566008686309,0.05,0.3295236844080538,3.05,1.565892781138032,3.04,1.5629549842616333,16.95,1.5658927811380317,10.0,0.0,20.0,0.0,2.0,0.0,1.0,0.0,2.41,1.5248447511637095
902.0,902.0,100,1.51,1.1414592822038345,0.0755,0.05707296411019172,0.9245,0.05707296411019173,0.0,0.0,0.0,0.0,9.65,0.5198095999517709,1.16,0.8253557543339243,8.79,0.879566008686309,0.05,0.3295236844080538,3.05,1.565892781138032,3.03,1.5599469040433211,16.95,1.5658927811380317,10.0,0.0,20.0,0.0,2.0,0.0,1.0,0.0,2.41,1.5248447511637095
903.0,903.0,100,1.5,1.1326200964261064,0.075,0.05663100482130535,0.925,0.05663100482130532,0.0,0.0,0.0004999999999999999,0.004999999999999998,9.66,0.5167888418597165,1.16,0.8253557543339243,8.79,0.879566008686309,0.05,0.3295236844080538,3.04,1.5629549842616333,3.02,1.556868133092326,16.96,1.5629549842616333,10.0,0.0,20.0,0.0,2.0,0.0,1.0,0.0,2.41,1.5248447511637095
904.0,904.0,100,1.5,1.1326200964261064,0.075,0.05663100482130535,0.925,0.05663100482130532,0.0,0.0,0.0,0.0,9.66,0.5167888418597165,1.16,0.8253557543339243,8.79,0.879566008686309,0.05,0.3295236844080538,3.04,1.5629549842616333,3.02,1.556868133092326,16.96,1.5629549842616333,10.0,0.0,20.0,0.0,2.0,0.0,1.0,0.0,2.41,1.5248447511637095
905.0,905.0,100,1.5,1.1326200964261064,0.075,0.05663100482130535,0.925,0.05663100482130532,0.0,0.0,0.0,0.0,9.66,0.5167888418597165,1.16,0.8253557543339243,8.79,0.879566008686309,0.05,0.3295236844080538,3.04,1.5629549842616333,3.02,1.556868133092326,16.96,1.5629549842616333,10.0,0.0,20.0,0.0,2.0,0.0,1.0,0.0,2.41,1.5248447511637095
906.0,906.0,100,1.49,1.1145955465204553,0.0745,0.055729777326022786,0.9255,0.05572977732602276,0.0,0.0,0.0005000000000000001,0.005000000000000002,9.66,0.5167888418597165,1.15,0.8087276451565163,8.8,0.8645662192537644,0.05,0.3295236844080538,3.03,1.5599469040433211,3.02,1.556868133092326,16.97,1.559946904043321,10.0,0.0,20.0,0.0,2.0,0.0,1.0,0.0,2.41,1.5248447511637095
907.0,907.0,100,1.48,1.0961825402806602,0.07400000000000001,0.05480912701403302,0.9259999999999999,0.05480912701403302,0.0,0.0,0.0005000000000000001,0.005,9.66,0.5167888418597165,1.14,0.7916228058025281,8.81,0.8491826135237998,0.05,0.3295236844080538,3.02,1.556868133092326,3.01,1.560205891618931,16.98,1.5568681330923244,10.0,0.0,20.0,0.0,2.0,0.0,1.0,0.0,2.41,1.5248447511637095
908.0,908.0,100,1.48,1.0961825402806602,0.07400000000000001,0.05480912701403302,0.9259999999999999,0.05480912701403302,0.0,0.0,0.0,0.0,9.66,0.5167888418597165,1.14,0.7916228058025281,8.81,0.8491826135237998,0.05,0.3295236844080538,3.02,1.556868133092326,3.0,1.556997888323046,16.98,1.5568681330923244,10.0,0.0,20.0,0.0,2.0,0.0,1.0,0.0,2.41,1.5248447511637095
909.0,909.0,100,1.48,1.0961825402806602,0.07400000000000001,0.05480912701403302,0.9259999999999999,0.05480912701403302,0.0,0.0,0.0,0.0,9.66,0.5167888418597165,1.14,0.7916228058025281,8.81,0.8491826135237998,0.05,0.3295236844080538,3.02,1.556868133092326,3.0,1.556997888323046,16.98,1.5568681330923244,10.0,0.0,20.0,0.0,2.0,0.0,1.0,0.0,2.41,1.5248447511637095
910.0,910.0,100,1.48,1.0961825402806602,0.07400000000000001,0.05480912701403302,0.9259999999999999,0.05480912701403302,0.0,0.0,0.0,0.0,9.66,0.5167888418597165,1.14,0.7916228058025281,8.81,0.8491826135237998,0.05,0.3295236844080538,3.02,1.556868133092326,2.99,1.5602058916189314,16.98,1.5568681330923244,10.0,0.0,20.0,0.0,2.0,0.0,1.0,0.0,2.41,1.5248447511637095
911.0,911.0,100,1.47,1.1051303684693181,0.07350000000000001,0.0552565184234659,0.9265000000000001,0.055256518423465906,0.0,0.0,0.0005,0.004999999999999998,9.66,0.5167888418597165,1.13,0.7996842811353425,8.82,0.8572919543244849,0.05,0.3295236844080538,3.01,1.560205891618931,2.99,1.5602058916189314,16.99,1.560205891618931,10.0,0.0,20.0,0.0,2.0,0.0,1.0,0.0,2.41,1.5248447511637095
912.0,912.0,100,1.47,1.1051303684693181,0.07350000000000001,0.0552565184234659,0.9265000000000001,0.055256518423465906,0.0,0.0,0.0,0.0,9.66,0.5167888418597165,1.13,0.7996842811353425,8.82,0.8572919543244849,0.05,0.3295236844080538,3.01,1.560205891618931,2.99,1.5602058916189314,16.99,1.560205891618931,10.0,0.0,20.0,0.0,2.0,0.0,1.0,0.0,2.41,1.5248447511637095
913.0,913.0,100,1.47,1.1051303684693181,0.07350000000000001,0.0552565184234659,0.9265000000000001,0.055256518423465906,0.0,0.0,0.0,0.0,9.66,0.5167888418597165,1.13,0.7996842811353425,8.82,0.8572919543244849,0.05,0.3295236844080538,3.01,1.560205891618931,2.98,1.563342702045973,16.99,1.560205891618931,10.0,0.0,20.0,0.0,2.0,0.0,1.0,0.0,2.41,1.5248447511637095
914.0,914.0,100,1.46,1.1139156524656975,0.073,0.05569578262328488,0.927,0.05569578262328491,0.0,0.0,0.0005,0.005,9.66,0.5167888418597165,1.12,0.8075402232218605,8.83,0.865208563634144,0.05,0.3295236844080538,3.0,1.563471919941143,2.98,1.563342702045973,17.0,1.5634719199411424,10.0,0.0,20.0,0.0,2.0,0.0,1.0,0.0,2.41,1.5248447511637095
915.0,915.0,100,1.46,1.1139156524656975,0.073,0.05569578262328488,0.927,0.05569578262328491,0.0,0.0,0.0,0.0,9.66,0.5167888418597165,1.12,0.8075402232218605,8.83,0.865208563634144,0.05,0.3295236844080538,3.0,1.563471919941143,2.97,1.5534581820030828,17.0,1.5634719199411424,10.0,0.0,20.0,0.0,2.0,0.0,1.0,0.0,2.41,1.5248447511637095
916.0,916.0,100,1.46,1.1139156524656975,0.073,0.05569578262328488,0.927,0.05569578262328491,0.0,0.0,0.0,0.0,9.66,0.5167888418597165,1.12,0.8075402232218605,8.83,0.865208563634144,0.05,0.3295236844080538,3.0,1.563471919941143,2.97,1.5534581820030828,17.0,1.5634719199411424,10.0,0.0,20.0,0.0,2.0,0.0,1.0,0.0,2.41,1.5248447511637095
917.0,917.0,100,1.45,1.122542208605543,0.0725,0.05612711043027712,0.9275,0.056127110430277155,0.0,0.0,0.0005,0.005,9.66,0.5167888418597165,1.11,0.8151965741742628,8.84,0.8729376850727674,0.05,0.3295236844080538,2.99,1.5666666666666667,2.97,1.5534581820030828,17.01,1.5666666666666664,10.0,0.0,20.0,0.0,2.0,0.0,1.0,0.0,2.41,1.5248447511637095
918.0,918.0,100,1.45,1.122542208605543,0.0725,0.05612711043027712,0.9275,0.056127110430277155,0.0,0.0,0.0,0.0,9.66,0.5167888418597165,1.11,0.8151965741742628,8.82,0.868994542647717,0.07,0.3828389433765283,2.98,1.563342702045973,2.96,1.55647880249821,17.02,1.563342702045973,10.0,0.0,20.0,0.0,2.0,0.0,1.0,0.0,2.41,1.5248447511637095
919.0,919.0,100,1.45,1.122542208605543,0.0725,0.05612711043027712,0.9275,0.056127110430277155,0.0,0.0,0.0,0.0,9.66,0.5167888418597165,1.11,0.8151965741742628,8.84,0.8729376850727674,0.05,0.3295236844080538,2.99,1.5666666666666667,2.95,1.5398740601789875,17.01,1.5666666666666664,10.0,0.0,20.0,0.0,2.0,0.0,1.0,0.0,2.41,1.5248447511637095
920.0,920.0,100,1.45,1.122542208605543,0.0725,0.05612711043027712,0.9275,0.056127110430277155,0.0,0.0,0.0,0.0,9.66,0.5167888418597165,1.11,0.8151965741742628,8.84,0.8729376850727674,0.05,0.3295236844080538,2.99,1.5666666666666667,2.96,1.54344492037203,17.01,1.5666666666666664,10.0,0.0,20.0,0.0,2.0,0.0,1.0,0.0,2.41,1.5248447511637095
921.0,921.0,100,1.45,1.122542208605543,0.0725,0.05612711043027712,0.9275,0.056127110430277155,0.0,0.0,0.0,0.0,9.66,0.5167888418597165,1.11,0.8151965741742628,8.84,0.8729376850727674,0.05,0.3295236844080538,2.99,1.5666666666666667,2.96,1.54344492037203,17.01,1.5666666666666664,10.0,0.0,20.0,0.0,2.0,0.0,1.0,0.0,2.41,1.5248447511637095
922.0,922.0,100,1.45,1.122542208605543,0.0725,0.05612711043027712,0.9275,0.056127110430277155,0.0,0.0,0.0,0.0,9.66,0.5167888418597165,1.11,0.8151965741742628,8.84,0.8729376850727674,0.05,0.3295236844080538,2.99,1.5666666666666667,2.95,1.5398740601789875,17.01,1.5666666666666664,10.0,0.0,20.0,0.0,2.0,0.0,1.0,0.0,2.41,1.5248447511637095
923.0,923.0,100,1.45,1.122542208605543,0.0725,0.05612711043027712,0.9275,0.056127110430277155,0.0,0.0,0.0,0.0,9.66,0.5167888418597165,1.11,0.8151965741742628,8.84,0.8729376850727674,0.05,0.3295236844080538,2.99,1.5666666666666667,2.94,1.542790335788379,17.01,1.5666666666666664,10.0,0.0,20.0,0.0,2.0,0.0,1.0,0.0,2.41,1.5248447511637095
924.0,924.0,100,1.45,1.122542208605543,0.0725,0.05612711043027712,0.9275,0.056127110430277155,0.0,0.0,0.0,0.0,9.66,0.5167888418597165,1.11,0.8151965741742628,8.84,0.8729376850727674,0.05,0.3295236844080538,2.99,1.5666666666666667,2.94,1.542790335788379,17.01,1.5666666666666664,10.0,0.0,20.0,0.0,2.0,0.0,1.0,0.0,2.41,1.5248447511637095
925.0,925.0,100,1.44,1.0947071929899053,0.07200000000000001,0.054735359649495295,0.9279999999999999,0.05473535964949529,0.0,0.0,0.0004999999999999999,0.004999999999999998,9.67,0.4934930126509934,1.11,0.8151965741742628,8.84,0.8729376850727674,0.05,0.3295236844080538,2.98,1.5568681330923255,2.94,1.542790335788379,17.02,1.5568681330923255,10.0,0.0,20.0,0.0,2.0,0.0,1.0,0.0,2.41,1.5248447511637095
926.0,926.0,100,1.43,1.0941072648834334,0.07150000000000001,0.054705363244171655,0.9285,0.054705363244171676,0.0,0.0,0.0005,0.004999999999999999,9.67,0.4934930126509934,1.1,0.8102873913406626,8.85,0.8689364217539196,0.05,0.3295236844080538,2.97,1.5534581820030828,2.94,1.542790335788379,17.03,1.5534581820030826,10.0,0.0,20.0,0.0,2.0,0.0,1.0,0.0,2.41,1.5248447511637095
927.0,927.0,100,1.43,1.0941072648834334,0.07150000000000001,0.054705363244171655,0.9285,0.054705363244171676,0.0,0.0,0.0,0.0,9.67,0.4934930126509934,1.1,0.8102873913406626,8.85,0.8689364217539196,0.05,0.3295236844080538,2.97,1.5534581820030828,2.94,1.542790335788379,17.03,1.5534581820030826,10.0,0.0,20.0,0.0,2.0,0.0,1.0,0.0,2.41,1.5248447511637095
928.0,928.0,100,1.42,1.0934146311237818,0.07100000000000001,0.05467073155618909,0.929,0.054670731556189074,0.0,0.0,0.0005,0.004999999999999999,9.68,0.4898979485566354,1.1,0.8102873913406626,8.85,0.8689364217539196,0.05,0.3295236844080538,2.96,1.55647880249821,2.93,1.5521571825017977,17.04,1.55647880249821,10.0,0.0,20.0,0.0,2.0,0.0,1.0,0.0,2.41,1.5248447511637095
929.0,929.0,100,1.41,1.0926291154085104,0.0705,0.05463145577042552,0.9295,0.054631455770425504,0.0,0.0,0.0005,0.005,9.69,0.48606854070452454,1.1,0.8102873913406626,8.85,0.8689364217539196,0.05,0.3295236844080538,2.95,1.5398740601789875,2.93,1.5521571825017977,17.05,1.5398740601789875,10.0,0.0,20.0,0.0,2.0,0.0,1.0,0.0,2.41,1.5248447511637095
930.0,930.0,100,1.41,1.0926291154085104,0.0705,0.05463145577042552,0.9295,0.054631455770425504,0.0,0.0,0.0,0.0,9.69,0.48606854070452454,1.1,0.8102873913406626,8.85,0.8689364217539196,0.05,0.3295236844080538,2.95,1.5398740601789875,2.93,1.5521571825017977,17.05,1.5398740601789875,10.0,0.0,20.0,0.0,2.0,0.0,1.0,0.0,2.41,1.5248447511637095
931.0,931.0,100,1.41,1.0926291154085104,0.0705,0.05463145577042552,0.9295,0.054631455770425504,0.0,0.0,0.0,0.0,9.69,0.48606854070452454,1.1,0.8102873913406626,8.85,0.8689364217539196,0.05,0.3295236844080538,2.95,1.5398740601789875,2.93,1.5521571825017977,17.05,1.5398740601789875,10.0,0.0,20.0,0.0,2.0,0.0,1.0,0.0,2.41,1.5248447511637095
932.0,932.0,100,1.4,1.1009637651263606,0.07,0.05504818825631802,0.93,0.05504818825631803,0.0,0.0,0.0005,0.005,9.69,0.48606854070452454,1.09,0.8176709965419212,8.86,0.8764021953879444,0.05,0.3295236844080538,2.94,1.549323736474737,2.93,1.5521571825017977,17.06,1.549323736474737,10.0,0.0,20.0,0.0,2.0,0.0,1.0,0.0,2.41,1.5248447511637095
933.0,933.0,100,1.39,1.0907786117255782,0.0695,0.054538930586278914,0.9305,0.054538930586278914,0.0,0.0,0.0004999999999999999,0.004999999999999998,9.7,0.48199920365414733,1.09,0.8176709965419212,8.86,0.8764021953879444,0.05,0.3295236844080538,2.93,1.5521571825017977,2.93,1.5521571825017977,17.07,1.5521571825017983,10.0,0.0,20.0,0.0,2.0,0.0,1.0,0.0,2.41,1.5248447511637095
934.0,934.0,100,1.39,1.0907786117255782,0.0695,0.054538930586278914,0.9305,0.054538930586278914,0.0,0.0,0.0,0.0,9.7,0.48199920365414733,1.09,0.8176709965419212,8.86,0.8764021953879444,0.05,0.3295236844080538,2.93,1.5521571825017977,2.93,1.5521571825017977,17.07,1.5521571825017983,10.0,0.0,20.0,0.0,2.0,0.0,1.0,0.0,2.41,1.5248447511637095
935.0,935.0,100,1.39,1.0907786117255782,0.0695,0.054538930586278914,0.9305,0.054538930586278914,0.0,0.0,0.0,0.0,9.7,0.48199920365414733,1.09,0.8176709965419212,8.86,0.8764021953879444,0.05,0.3295236844080538,2.93,1.5521571825017977,2.93,1.5521571825017977,17.07,1.5521571825017983,10.0,0.0,20.0,0.0,2.0,0.0,1.0,0.0,2.41,1.5248447511637095
936.0,936.0,100,1.39,1.0907786117255782,0.0695,0.054538930586278914,0.9305,0.054538930586278914,0.0,0.0,0.0,0.0,9.7,0.48199920365414733,1.09,0.8176709965419212,8.86,0.8764021953879444,0.05,0.3295236844080538,2.93,1.5521571825017977,2.93,1.5521571825017977,17.07,1.5521571825017983,10.0,0.0,20.0,0.0,2.0,0.0,1.0,0.0,2.41,1.5248447511637095
937.0,937.0,100,1.39,1.0907786117255782,0.0695,0.054538930586278914,0.9305,0.054538930586278914,0.0,0.0,0.0,0.0,9.7,0.48199920365414733,1.09,0.8176709965419212,8.86,0.8764021953879444,0.05,0.3295236844080538,2.93,1.5521571825017977,2.93,1.5521571825017977,17.07,1.5521571825017983,10.0,0.0,20.0,0.0,2.0,0.0,1.0,0.0,2.41,1.5248447511637095
938.0,938.0,100,1.39,1.0907786117255782,0.0695,0.054538930586278914,0.9305,0.054538930586278914,0.0,0.0,0.0,0.0,9.7,0.48199920365414733,1.09,0.8176709965419212,8.86,0.8764021953879444,0.05,0.3295236844080538,2.93,1.5521571825017977,2.93,1.5521571825017977,17.07,1.5521571825017983,10.0,0.0,20.0,0.0,2.0,0.0,1.0,0.0,2.41,1.5248447511637095
939.0,939.0,100,1.39,1.0907786117255782,0.0695,0.054538930586278914,0.9305,0.054538930586278914,0.0,0.0,0.0,0.0,9.7,0.48199920365414733,1.09,0.8176709965419212,8.86,0.8764021953879444,0.05,0.3295236844080538,2.93,1.5521571825017977,2.92,1.55492050529208,17.07,1.5521571825017983,10.0,0.0,20.0,0.0,2.0,0.0,1.0,0.0,2.41,1.5248447511637095
940.0,940.0,100,1.39,1.0907786117255782,0.0695,0.054538930586278914,0.9305,0.054538930586278914,0.0,0.0,0.0,0.0,9.7,0.48199920365414733,1.09,0.8176709965419212,8.86,0.8764021953879444,0.05,0.3295236844080538,2.93,1.5521571825017977,2.91,1.5640855591570544,17.07,1.5521571825017983,10.0,0.0,20.0,0.0,2.0,0.0,1.0,0.0,2.41,1.5248447511637095
941.0,941.0,100,1.39,1.0907786117255782,0.0695,0.054538930586278914,0.9305,0.054538930586278914,0.0,0.0,0.0,0.0,9.7,0.48199920365414733,1.09,0.8176709965419212,8.86,0.8764021953879444,0.05,0.3295236844080538,2.93,1.5521571825017977,2.9,1.5666989036012804,17.07,1.5521571825017983,10.0,0.0,20.0,0.0,2.0,0.0,1.0,0.0,2.41,1.5248447511637095
942.0,942.0,100,1.39,1.0907786117255782,0.0695,0.054538930586278914,0.9305,0.054538930586278914,0.0,0.0,0.0,0.0,9.7,0.48199920365414733,1.09,0.8176709965419212,8.86,0.8764021953879444,0.05,0.3295236844080538,2.93,1.5521571825017977,2.9,1.5666989036012804,17.07,1.5521571825017983,10.0,0.0,20.0,0.0,2.0,0.0,1.0,0.0,2.41,1.5248447511637095
943.0,943.0,100,1.38,1.080403964854224,0.069,0.0540201982427112,0.9309999999999999,0.054020198242711204,0.0,0.0,0.0004999999999999999,0.004999999999999998,9.7,0.48199920365414733,1.08,0.8125281657899744,8.87,0.8721852272923859,0.05,0.3295236844080538,2.92,1.55492050529208,2.9,1.5666989036012804,17.08,1.5549205052920807,10.0,0.0,20.0,0.0,2.0,0.0,1.0,0.0,2.41,1.5248447511637095
944.0,944.0,100,1.37,1.0792346708420162,0.0685,0.05396173354210081,0.9315000000000001,0.05396173354210082,0.0,0.0,0.0005,0.004999999999999998,9.7,0.48199920365414733,1.07,0.8072274534579219,8.87,0.8721852272923859,0.06,0.3428932159955306,2.91,1.5640855591570544,2.89,1.5820648826547203,17.09,1.5640855591570548,10.0,0.0,20.0,0.0,2.0,0.0,1.0,0.0,2.41,1.5248447511637095
945.0,945.0,100,1.36,1.06855892763019,0.068,0.0534279463815095,0.932,0.05342794638150949,0.0,0.0,0.0004999999999999999,0.0049999999999999975,9.7,0.48199920365414733,1.06,0.7890667035341579,8.89,0.8515582864088138,0.05,0.3295236844080538,2.91,1.5576140780570826,2.89,1.5820648826547203,17.09,1.557614078057083,10.0,0.0,20.0,0.0,2.0,0.0,1.0,0.0,2.41,1.5248447511637095
946.0,946.0,100,1.36,1.06855892763019,0.068,0.0534279463815095,0.932,0.05342794638150949,0.0,0.0,0.0,0.0,9.7,0.48199920365414733,1.06,0.7890667035341579,8.89,0.8515582864088138,0.05,0.3295236844080538,2.91,1.5576140780570826,2.88,1.5781334070683162,17.09,1.557614078057083,10.0,0.0,20.0,0.0,2.0,0.0,1.0,0.0,2.41,1.5248447511637095
947.0,947.0,100,1.36,1.06855892763019,0.068,0.0534279463815095,0.932,0.05342794638150949,0.0,0.0,0.0,0.0,9.7,0.48199920365414733,1.06,0.7890667035341579,8.89,0.8515582864088138,0.05,0.3295236844080538,2.91,1.5576140780570826,2.88,1.5781334070683162,17.09,1.557614078057083,10.0,0.0,20.0,0.0,2.0,0.0,1.0,0.0,2.41,1.5248447511637095
948.0,948.0,100,1.35,1.0766108438479098,0.0675,0.05383054219239551,0.9325,0.053830542192395504,0.0,0.0,0.0005,0.005,9.7,0.48199920365414733,1.05,0.7961396760860395,8.9,0.8587046857760459,0.05,0.3295236844080538,2.9,1.5731330124142315,2.88,1.5781334070683162,17.1,1.5731330124142315,10.0,0.0,20.0,0.0,2.0,0.0,1.0,0.0,2.41,1.5248447511637095
949.0,949.0,100,1.35,1.0766108438479098,0.0675,0.05383054219239551,0.9325,0.053830542192395504,0.0,0.0,0.0,0.0,9.7,0.48199920365414733,1.05,0.7961396760860395,8.9,0.8587046857760459,0.05,0.3295236844080538,2.9,1.5731330124142315,2.88,1.5781334070683162,17.1,1.5731330124142315,10.0,0.0,20.0,0.0,2.0,0.0,1.0,0.0,2.41,1.5248447511637095
950.0,950.0,100,1.34,1.0561986345169905,0.067,0.05280993172584953,0.9329999999999999,0.05280993172584952,0.0,0.0,0.0005000000000000001,0.005000000000000001,9.7,0.48199920365414733,1.04,0.77746025264604,8.91,0.8420153793072306,0.05,0.3295236844080538,2.89,1.5692435287504785,2.88,1.5781334070683162,17.11,1.569243528750478,10.0,0.0,20.0,0.0,2.0,0.0,1.0,0.0,2.41,1.5248447511637095
951.0,951.0,100,1.34,1.0561986345169905,0.067,0.05280993172584953,0.9329999999999999,0.05280993172584952,0.0,0.0,0.0,0.0,9.7,0.48199920365414733,1.04,0.77746025264604,8.91,0.8420153793072306,0.05,0.3295236844080538,2.89,1.5692435287504785,2.88,1.5781334070683162,17.11,1.569243528750478,10.0,0.0,20.0,0.0,2.0,0.0,1.0,0.0,2.41,1.5248447511637095
952.0,952.0,100,1.34,1.0561986345169905,0.067,0.05280993172584953,0.9329999999999999,0.05280993172584952,0.0,0.0,0.0,0.0,9.7,0.48199920365414733,1.04,0.77746025264604,8.91,0.8420153793072306,0.05,0.3295236844080538,2.89,1.5692435287504785,2.88,1.5781334070683162,17.11,1.569243528750478,10.0,0.0,20.0,0.0,2.0,0.0,1.0,0.0,2.41,1.5248447511637095
953.0,953.0,100,1.34,1.0561986345169905,0.067,0.05280993172584953,0.9329999999999999,0.05280993172584952,0.0,0.0,0.0,0.0,9.7,0.48199920365414733,1.04,0.77746025264604,8.91,0.8420153793072306,0.05,0.3295236844080538,2.89,1.5692435287504785,2.88,1.5781334070683162,17.11,1.569243528750478,10.0,0.0,20.0,0.0,2.0,0.0,1.0,0.0,2.41,1.5248447511637095
954.0,954.0,100,1.34,1.0561986345169905,0.067,0.05280993172584953,0.9329999999999999,0.05280993172584952,0.0,0.0,0.0,0.0,9.7,0.48199920365414733,1.04,0.77746025264604,8.91,0.8420153793072306,0.05,0.3295236844080538,2.89,1.5692435287504785,2.88,1.5781334070683162,17.11,1.569243528750478,10.0,0.0,20.0,0.0,2.0,0.0,1.0,0.0,2.41,1.5248447511637095
955.0,955.0,100,1.34,1.0561986345169905,0.067,0.05280993172584953,0.9329999999999999,0.05280993172584952,0.0,0.0,0.0,0.0,9.7,0.48199920365414733,1.04,0.77746025264604,8.91,0.8420153793072306,0.05,0.3295236844080538,2.89,1.5692435287504785,2.88,1.5781334070683162,17.11,1.569243528750478,10.0,0.0,20.0,0.0,2.0,0.0,1.0,0.0,2.41,1.5248447511637095
956.0,956.0,100,1.33,1.054619467970425,0.0665,0.05273097339852125,0.9335,0.052730973398521244,0.0,0.0,0.0005,0.005,9.71,0.47768380565162355,1.04,0.77746025264604,8.91,0.8420153793072306,0.05,0.3295236844080538,2.88,1.5781334070683162,2.86,1.5828627689899544,17.12,1.578133407068316,10.0,0.0,20.0,0.0,2.0,0.0,1.0,0.0,2.41,1.5248447511637095
957.0,957.0,100,1.33,1.054619467970425,0.0665,0.05273097339852125,0.9335,0.052730973398521244,0.0,0.0,0.0,0.0,9.71,0.47768380565162355,1.04,0.77746025264604,8.91,0.8420153793072306,0.05,0.3295236844080538,2.88,1.5781334070683162,2.86,1.5828627689899544,17.12,1.578133407068316,10.0,0.0,20.0,0.0,2.0,0.0,1.0,0.0,2.41,1.5248447511637095
958.0,958.0,100,1.33,1.054619467970425,0.0665,0.05273097339852125,0.9335,0.052730973398521244,0.0,0.0,0.0,0.0,9.71,0.47768380565162355,1.04,0.77746025264604,8.91,0.8420153793072306,0.05,0.3295236844080538,2.88,1.5781334070683162,2.86,1.5828627689899544,17.12,1.578133407068316,10.0,0.0,20.0,0.0,2.0,0.0,1.0,0.0,2.41,1.5248447511637095
959.0,959.0,100,1.33,1.054619467970425,0.0665,0.05273097339852125,0.9335,0.052730973398521244,0.0,0.0,0.0,0.0,9.71,0.47768380565162355,1.04,0.77746025264604,8.91,0.8420153793072306,0.05,0.3295236844080538,2.88,1.5781334070683162,2.86,1.5828627689899544,17.12,1.578133407068316,10.0,0.0,20.0,0.0,2.0,0.0,1.0,0.0,2.41,1.5248447511637095
960.0,960.0,100,1.31,1.0511657790041946,0.0655,0.05255828895020972,0.9345,0.05255828895020973,0.0,0.0,0.001,0.0070352647068144866,9.71,0.47768380565162355,1.02,0.7651500150000295,8.93,0.8318775162367368,0.05,0.3295236844080538,2.86,1.5828627689899544,2.85,1.5851265762160014,17.14,1.5828627689899546,10.0,0.0,20.0,0.0,2.0,0.0,1.0,0.0,2.41,1.5248447511637095
961.0,961.0,100,1.31,1.0511657790041946,0.0655,0.05255828895020972,0.9345,0.05255828895020973,0.0,0.0,0.0,0.0,9.71,0.47768380565162355,1.02,0.7651500150000295,8.93,0.8318775162367368,0.05,0.3295236844080538,2.86,1.5828627689899544,2.85,1.5851265762160014,17.14,1.5828627689899546,10.0,0.0,20.0,0.0,2.0,0.0,1.0,0.0,2.41,1.5248447511637095
962.0,962.0,100,1.31,1.0511657790041946,0.0655,0.05255828895020972,0.9345,0.05255828895020973,0.0,0.0,0.0,0.0,9.71,0.47768380565162355,1.02,0.7651500150000295,8.93,0.8318775162367368,0.05,0.3295236844080538,2.86,1.5828627689899544,2.84,1.568116672633098,17.14,1.5828627689899546,10.0,0.0,20.0,0.0,2.0,0.0,1.0,0.0,2.41,1.5248447511637095
963.0,963.0,100,1.31,1.0511657790041946,0.0655,0.05255828895020972,0.9345,0.05255828895020973,0.0,0.0,0.0,0.0,9.71,0.47768380565162355,1.02,0.7651500150000295,8.93,0.8318775162367368,0.05,0.3295236844080538,2.86,1.5828627689899544,2.84,1.568116672633098,17.14,1.5828627689899546,10.0,0.0,20.0,0.0,2.0,0.0,1.0,0.0,2.41,1.5248447511637095
964.0,964.0,100,1.31,1.0511657790041946,0.0655,0.05255828895020972,0.9345,0.05255828895020973,0.0,0.0,0.0,0.0,9.71,0.47768380565162355,1.02,0.7651500150000295,8.93,0.8318775162367368,0.05,0.3295236844080538,2.86,1.5828627689899544,2.84,1.568116672633098,17.14,1.5828627689899546,10.0,0.0,20.0,0.0,2.0,0.0,1.0,0.0,2.41,1.5248447511637095
965.0,965.0,100,1.31,1.0511657790041946,0.0655,0.05255828895020972,0.9345,0.05255828895020973,0.0,0.0,0.0,0.0,9.71,0.47768380565162355,1.02,0.7651500150000295,8.93,0.8318775162367368,0.05,0.3295236844080538,2.86,1.5828627689899544,2.84,1.568116672633098,17.14,1.5828627689899546,10.0,0.0,20.0,0.0,2.0,0.0,1.0,0.0,2.41,1.5248447511637095
966.0,966.0,100,1.31,1.0511657790041946,0.0655,0.05255828895020972,0.9345,0.05255828895020973,0.0,0.0,0.0,0.0,9.71,0.47768380565162355,1.02,0.7651500150000295,8.93,0.8318775162367368,0.05,0.3295236844080538,2.86,1.5828627689899544,2.84,1.568116672633098,17.14,1.5828627689899546,10.0,0.0,20.0,0.0,2.0,0.0,1.0,0.0,2.41,1.5248447511637095
967.0,967.0,100,1.31,1.0511657790041946,0.0655,0.05255828895020972,0.9345,0.05255828895020973,0.0,0.0,0.0,0.0,9.71,0.47768380565162355,1.02,0.7651500150000295,8.93,0.8318775162367368,0.05,0.3295236844080538,2.86,1.5828627689899544,2.83,1.5638272140986538,17.14,1.5828627689899546,10.0,0.0,20.0,0.0,2.0,0.0,1.0,0.0,2.41,1.5248447511637095
968.0,968.0,100,1.31,1.0511657790041946,0.0655,0.05255828895020972,0.9345,0.05255828895020973,0.0,0.0,0.0,0.0,9.71,0.47768380565162355,1.02,0.7651500150000295,8.93,0.8318775162367368,0.05,0.3295236844080538,2.86,1.5828627689899544,2.82,1.5723623094958845,17.14,1.5828627689899546,10.0,0.0,20.0,0.0,2.0,0.0,1.0,0.0,2.41,1.5248447511637095
969.0,969.0,100,1.31,1.0511657790041946,0.0655,0.05255828895020972,0.9345,0.05255828895020973,0.0,0.0,0.0,0.0,9.71,0.47768380565162355,1.02,0.7651500150000295,8.93,0.8318775162367368,0.05,0.3295236844080538,2.86,1.5828627689899544,2.81,1.5743845999903805,17.14,1.5828627689899546,10.0,0.0,20.0,0.0,2.0,0.0,1.0,0.0,2.41,1.5248447511637095
970.0,970.0,100,1.3,1.0396191999035418,0.065,0.0519809599951771,0.935,0.0519809599951771,0.0,0.0,0.0004999999999999999,0.004999999999999998,9.72,0.4731156136066362,1.02,0.7651500150000295,8.93,0.8318775162367368,0.05,0.3295236844080538,2.85,1.5851265762160014,2.81,1.5743845999903805,17.15,1.5851265762160007,10.0,0.0,20.0,0.0,2.0,0.0,1.0,0.0,2.41,1.5248447511637095
971.0,971.0,100,1.3,1.0396191999035418,0.065,0.0519809599951771,0.935,0.0519809599951771,0.0,0.0,0.0,0.0,9.72,0.4731156136066362,1.02,0.7651500150000295,8.93,0.8318775162367368,0.05,0.3295236844080538,2.85,1.5851265762160014,2.79,1.5718161662885584,17.15,1.5851265762160007,10.0,0.0,20.0,0.0,2.0,0.0,1.0,0.0,2.41,1.5248447511637095
972.0,972.0,100,1.29,1.037625494418225,0.0645,0.05188127472091127,0.9355,0.05188127472091127,0.0,0.0,0.0005,0.004999999999999999,9.73,0.4682872294787991,1.02,0.7651500150000295,8.93,0.8318775162367368,0.05,0.3295236844080538,2.84,1.568116672633098,2.77,1.5560569177614074,17.16,1.568116672633098,10.0,0.0,20.0,0.0,2.0,0.0,1.0,0.0,2.41,1.5248447511637095
973.0,973.0,100,1.29,1.037625494418225,0.0645,0.05188127472091127,0.9355,0.05188127472091127,0.0,0.0,0.0,0.0,9.73,0.4682872294787991,1.02,0.7651500150000295,8.93,0.8318775162367368,0.05,0.3295236844080538,2.84,1.568116672633098,2.77,1.5560569177614074,17.16,1.568116672633098,10.0,0.0,20.0,0.0,2.0,0.0,1.0,0.0,2.41,1.5248447511637095
974.0,974.0,100,1.29,1.037625494418225,0.0645,0.05188127472091127,0.9355,0.05188127472091127,0.0,0.0,0.0,0.0,9.73,0.4682872294787991,1.02,0.7651500150000295,8.93,0.8318775162367368,0.05,0.3295236844080538,2.84,1.568116672633098,2.77,1.5560569177614074,17.16,1.568116672633098,10.0,0.0,20.0,0.0,2.0,0.0,1.0,0.0,2.41,1.5248447511637095
975.0,975.0,100,1.28,1.0452393278695804,0.064,0.052261966393479034,0.9359999999999999,0.05226196639347904,0.0,0.0,0.0005,0.004999999999999999,9.73,0.4682872294787991,1.01,0.7719187689508435,8.94,0.8387099280647295,0.05,0.3295236844080538,2.83,1.5702730895476673,2.76,1.5577761927397231,17.17,1.5702730895476673,10.0,0.0,20.0,0.0,2.0,0.0,1.0,0.0,2.41,1.5248447511637095
976.0,976.0,100,1.26,1.0600171525198843,0.063,0.05300085762599421,0.937,0.053000857625994234,0.0,0.0,0.001,0.007035264706814485,9.73,0.4682872294787991,0.99,0.7848952835000385,8.96,0.8518547796758353,0.05,0.3295236844080538,2.81,1.5679556270777717,2.75,1.5594287998553127,17.19,1.5679556270777721,10.0,0.0,20.0,0.0,2.0,0.0,1.0,0.0,2.41,1.5248447511637095
977.0,977.0,100,1.26,1.0600171525198843,0.063,0.05300085762599421,0.937,0.053000857625994234,0.0,0.0,0.0,0.0,9.73,0.4682872294787991,0.99,0.7848952835000385,8.94,0.8506681865665152,0.07,0.38283894337652824,2.8,1.5634719199411433,2.75,1.5658927811380325,17.2,1.5634719199411433,10.0,0.0,20.0,0.0,2.0,0.0,1.0,0.0,2.41,1.5248447511637095
978.0,978.0,100,1.25,1.0576799462440745,0.0625,0.05288399731220373,0.9375,0.05288399731220373,0.0,0.0,0.0005,0.005,9.74,0.4631905164675271,0.99,0.7848952835000385,8.96,0.8518547796758353,0.05,0.3295236844080538,2.8,1.5763402186230246,2.75,1.5658927811380325,17.2,1.5763402186230246,10.0,0.0,20.0,0.0,2.0,0.0,1.0,0.0,2.41,1.5248447511637095
979.0,979.0,100,1.24,1.0456258094238748,0.062,0.05228129047119373,0.938,0.05228129047119374,0.0,0.0,0.0004999999999999999,0.0049999999999999975,9.75,0.45781651302236737,0.99,0.7848952835000385,8.96,0.8518547796758353,0.05,0.3295236844080538,2.79,1.5782294132375307,2.75,1.5658927811380325,17.21,1.5782294132375312,10.0,0.0,20.0,0.0,2.0,0.0,1.0,0.0,2.41,1.5248447511637095
980.0,980.0,100,1.23,1.0333333333333332,0.061500000000000006,0.05166666666666667,0.9384999999999999,0.05166666666666666,0.0,0.0,0.0004999999999999999,0.004999999999999998,9.75,0.45781651302236737,0.98,0.7782394012491051,8.97,0.846323003505533,0.05,0.3295236844080538,2.78,1.5800524220941714,2.75,1.5594287998553131,17.22,1.5800524220941703,10.0,0.0,20.0,0.0,2.0,0.0,1.0,0.0,2.41,1.5248447511637095
981.0,981.0,100,1.23,1.0333333333333332,0.061500000000000006,0.05166666666666667,0.9384999999999999,0.05166666666666666,0.0,0.0,0.0,0.0,9.75,0.45781651302236737,0.98,0.7782394012491051,8.97,0.846323003505533,0.05,0.3295236844080538,2.78,1.5800524220941714,2.75,1.5594287998553131,17.22,1.5800524220941703,10.0,0.0,20.0,0.0,2.0,0.0,1.0,0.0,2.41,1.5248447511637095
982.0,982.0,100,1.22,1.030641655582687,0.061000000000000006,0.05153208277913436,0.9390000000000001,0.05153208277913435,0.0,0.0,0.0005,0.005,9.76,0.45215533220835114,0.98,0.7782394012491051,8.97,0.846323003505533,0.05,0.3295236844080538,2.77,1.562534848096244,2.75,1.5594287998553131,17.23,1.5625348480962429,10.0,0.0,20.0,0.0,2.0,0.0,1.0,0.0,2.41,1.5248447511637095
983.0,983.0,100,1.22,1.030641655582687,0.061000000000000006,0.05153208277913436,0.9390000000000001,0.05153208277913435,0.0,0.0,0.0,0.0,9.76,0.45215533220835114,0.98,0.7782394012491051,8.97,0.846323003505533,0.05,0.3295236844080538,2.77,1.562534848096244,2.75,1.5594287998553131,17.23,1.5625348480962429,10.0,0.0,20.0,0.0,2.0,0.0,1.0,0.0,2.41,1.5248447511637095
984.0,984.0,100,1.21,1.0376254944182255,0.060500000000000005,0.05188127472091127,0.9395,0.05188127472091129,0.0,0.0,0.0005,0.004999999999999999,9.76,0.45215533220835114,0.97,0.7843803447642764,8.98,0.8525659428271144,0.05,0.3295236844080538,2.76,1.5512783910261387,2.75,1.5594287998553131,17.24,1.5512783910261387,10.0,0.0,20.0,0.0,2.0,0.0,1.0,0.0,2.41,1.5248447511637095
985.0,985.0,100,1.21,1.0376254944182255,0.060500000000000005,0.05188127472091127,0.9395,0.05188127472091129,0.0,0.0,0.0,0.0,9.76,0.45215533220835114,0.97,0.7843803447642764,8.98,0.8525659428271144,0.05,0.3295236844080538,2.76,1.5512783910261387,2.74,1.554530686916684,17.24,1.5512783910261387,10.0,0.0,20.0,0.0,2.0,0.0,1.0,0.0,2.41,1.5248447511637095
986.0,986.0,100,1.21,1.0376254944182255,0.060500000000000005,0.05188127472091127,0.9395,0.05188127472091129,0.0,0.0,0.0,0.0,9.76,0.45215533220835114,0.97,0.7843803447642764,8.98,0.8525659428271144,0.05,0.3295236844080538,2.76,1.5512783910261387,2.74,1.554530686916684,17.24,1.5512783910261387,10.0,0.0,20.0,0.0,2.0,0.0,1.0,0.0,2.41,1.5248447511637095
987.0,987.0,100,1.21,1.0376254944182255,0.060500000000000005,0.05188127472091127,0.9395,0.05188127472091129,0.0,0.0,0.0,0.0,9.76,0.45215533220835114,0.97,0.7843803447642764,8.96,0.8518547796758353,0.07,0.3828389433765283,2.75,1.5594287998553131,2.73,1.5689860329898329,17.25,1.5594287998553134,10.0,0.0,20.0,0.0,2.0,0.0,1.0,0.0,2.41,1.5248447511637095
988.0,988.0,100,1.21,1.0376254944182255,0.060500000000000005,0.05188127472091127,0.9395,0.05188127472091129,0.0,0.0,0.0,0.0,9.76,0.45215533220835114,0.97,0.7843803447642764,8.98,0.8525659428271144,0.05,0.3295236844080538,2.76,1.5512783910261387,2.73,1.5689860329898329,17.24,1.5512783910261387,10.0,0.0,20.0,0.0,2.0,0.0,1.0,0.0,2.41,1.5248447511637095
989.0,989.0,100,1.2,1.0347497623614468,0.06,0.051737488118072335,0.94,0.05173748811807235,0.0,0.0,0.0005,0.005,9.76,0.45215533220835114,0.96,0.77746025264604,8.99,0.8468002757856817,0.05,0.3295236844080538,2.75,1.5464197817585434,2.74,1.5610149508469404,17.25,1.5464197817585434,10.0,0.0,20.0,0.0,2.0,0.0,1.0,0.0,2.41,1.5248447511637095
990.0,990.0,100,1.2,1.0347497623614468,0.06,0.051737488118072335,0.94,0.05173748811807235,0.0,0.0,0.0,0.0,9.76,0.45215533220835114,0.96,0.77746025264604,8.99,0.8468002757856817,0.05,0.3295236844080538,2.75,1.5464197817585434,2.73,1.5560569177614072,17.25,1.5464197817585434,10.0,0.0,20.0,0.0,2.0,0.0,1.0,0.0,2.41,1.5248447511637095
991.0,991.0,100,1.19,1.0415121097459572,0.059500000000000004,0.05207560548729785,0.9405,0.05207560548729788,0.0,0.0,0.0005,0.005,9.76,0.45215533220835114,0.95,0.7833494518006401,9.0,0.8528028654224418,0.05,0.3295236844080538,2.74,1.5610149508469404,2.73,1.5560569177614072,17.26,1.5610149508469404,10.0,0.0,20.0,0.0,2.0,0.0,1.0,0.0,2.41,1.5248447511637095
992.0,992.0,100,1.19,1.0415121097459572,0.059500000000000004,0.05207560548729785,0.9405,0.05207560548729788,0.0,0.0,0.0,0.0,9.76,0.45215533220835114,0.95,0.7833494518006401,9.0,0.8528028654224418,0.05,0.3295236844080538,2.74,1.5610149508469404,2.73,1.5560569177614072,17.26,1.5610149508469404,10.0,0.0,20.0,0.0,2.0,0.0,1.0,0.0,2.41,1.5248447511637095
993.0,993.0,100,1.19,1.0415121097459572,0.059500000000000004,0.05207560548729785,0.9405,0.05207560548729788,0.0,0.0,0.0,0.0,9.76,0.45215533220835114,0.95,0.7833494518006401,9.0,0.8528028654224418,0.05,0.3295236844080538,2.74,1.5610149508469404,2.73,1.5560569177614072,17.26,1.5610149508469404,10.0,0.0,20.0,0.0,2.0,0.0,1.0,0.0,2.41,1.5248447511637095
994.0,994.0,100,1.19,1.0415121097459572,0.059500000000000004,0.05207560548729785,0.9405,0.05207560548729788,0.0,0.0,0.0,0.0,9.76,0.45215533220835114,0.95,0.7833494518006401,9.0,0.8528028654224418,0.05,0.3295236844080538,2.74,1.5610149508469404,2.71,1.5653766449018078,17.26,1.5610149508469404,10.0,0.0,20.0,0.0,2.0,0.0,1.0,0.0,2.41,1.5248447511637095
995.0,995.0,100,1.19,1.0415121097459572,0.059500000000000004,0.05207560548729785,0.9405,0.05207560548729788,0.0,0.0,0.0,0.0,9.76,0.45215533220835114,0.95,0.7833494518006401,9.0,0.8528028654224418,0.05,0.3295236844080538,2.74,1.5610149508469404,2.69,1.5679556270777717,17.26,1.5610149508469404,10.0,0.0,20.0,0.0,2.0,0.0,1.0,0.0,2.41,1.5248447511637095
996.0,996.0,100,1.19,1.0415121097459572,0.059500000000000004,0.05207560548729785,0.9405,0.05207560548729788,0.0,0.0,0.0,0.0,9.76,0.45215533220835114,0.95,0.7833494518006401,9.0,0.8528028654224418,0.05,0.3295236844080538,2.74,1.5610149508469404,2.69,1.5679556270777717,17.26,1.5610149508469404,10.0,0.0,20.0,0.0,2.0,0.0,1.0,0.0,2.41,1.5248447511637095
997.0,997.0,100,1.19,1.0415121097459572,0.059500000000000004,0.05207560548729785,0.9405,0.05207560548729788,0.0,0.0,0.0,0.0,9.76,0.45215533220835114,0.95,0.7833494518006401,9.0,0.8528028654224418,0.05,0.3295236844080538,2.74,1.5610149508469404,2.69,1.5679556270777717,17.26,1.5610149508469404,10.0,0.0,20.0,0.0,2.0,0.0,1.0,0.0,2.41,1.5248447511637095
998.0,998.0,100,1.18,1.0384526173031863,0.059000000000000004,0.05192263086515933,0.941,0.05192263086515933,0.0,0.0,0.0005,0.004999999999999998,9.76,0.45215533220835114,0.94,0.7761599335344761,9.01,0.8468002757856821,0.05,0.3295236844080538,2.73,1.5689860329898326,2.68,1.569146972791976,17.27,1.5689860329898329,10.0,0.0,20.0,0.0,2.0,0.0,1.0,0.0,2.41,1.5248447511637095
999.0,999.0,100,1.17,1.0352865216055804,0.0585,0.051764326080279005,0.9415,0.05176432608027902,0.0,0.0,0.0005,0.004999999999999999,9.76,0.45215533220835114,0.93,0.768771813355628,9.02,0.8406346808612327,0.05,0.3295236844080538,2.72,1.576852766260898,2.68,1.569146972791976,17.28,1.5768527662608978,10.0,0.0,20.0,0.0,2.0,0.0,1.0,0.0,2.41,1.5248447511637095
1000.0,1000.0,100,1.17,1.0352865216055804,0.0585,0.051764326080279005,0.9415,0.05176432608027902,0.0,0.0,0.0,0.0,9.76,0.45215533220835114,0.93,0.768771813355628,9.0,0.8408749651825218,0.07,0.38283894337652824,2.71,1.5718161662885586,2.68,1.569146972791976,17.29,1.5718161662885584,10.0,0.0,20.0,0.0,2.0,0.0,1.0,0.0,2.41,1.5248447511637095
1001.0,1001.0,100,1.17,1.0352865216055804,0.0585,0.051764326080279005,0.9415,0.05176432608027902,0.0,0.0,0.0,0.0,9.76,0.45215533220835114,0.93,0.768771813355628,9.02,0.8406346808612327,0.05,0.3295236844080538,2.72,1.576852766260898,2.68,1.569146972791976,17.28,1.5768527662608978,10.0,0.0,20.0,0.0,2.0,0.0,1.0,0.0,2.41,1.5248447511637095
1002.0,1002.0,100,1.16,1.041754541747971,0.057999999999999996,0.05208772708739855,0.9420000000000001,0.05208772708739855,0.0,0.0,0.0005,0.005,9.76,0.45215533220835114,0.92,0.7743358183604575,9.03,0.846323003505533,0.05,0.3295236844080538,2.71,1.5782294132375307,2.68,1.569146972791976,17.29,1.5782294132375305,10.0,0.0,20.0,0.0,2.0,0.0,1.0,0.0,2.41,1.5248447511637095
1003.0,1003.0,100,1.16,1.041754541747971,0.057999999999999996,0.05208772708739855,0.9420000000000001,0.05208772708739855,0.0,0.0,0.0,0.0,9.76,0.45215533220835114,0.92,0.7743358183604575,9.03,0.846323003505533,0.05,0.3295236844080538,2.71,1.5782294132375307,2.68,1.581969109251588,17.29,1.5782294132375305,10.0,0.0,20.0,0.0,2.0,0.0,1.0,0.0,2.41,1.5248447511637095
1004.0,1004.0,100,1.15,1.0384039812533596,0.0575,0.05192019906266799,0.9425,0.05192019906266801,0.0,0.0,0.0005,0.004999999999999998,9.77,0.4461960433384736,0.92,0.7743358183604575,9.03,0.846323003505533,0.05,0.3295236844080538,2.7,1.5795409127178366,2.68,1.581969109251588,17.3,1.5795409127178366,10.0,0.0,20.0,0.0,2.0,0.0,1.0,0.0,2.41,1.5248447511637095
1005.0,1005.0,100,1.14,1.0152374454811401,0.057,0.05076187227405702,0.943,0.05076187227405702,0.0,0.0,0.0005000000000000001,0.005,9.78,0.4163331998932266,0.92,0.7743358183604575,9.03,0.846323003505533,0.05,0.3295236844080538,2.69,1.5743845999903798,2.67,1.5830861051002931,17.31,1.5743845999903796,10.0,0.0,20.0,0.0,2.0,0.0,1.0,0.0,2.41,1.5248447511637095
1006.0,1006.0,100,1.14,1.0152374454811401,0.057,0.05076187227405702,0.943,0.05076187227405702,0.0,0.0,0.0,0.0,9.78,0.4163331998932266,0.92,0.7743358183604575,9.03,0.846323003505533,0.05,0.3295236844080538,2.69,1.5743845999903798,2.65,1.5787413475374117,17.31,1.5743845999903796,10.0,0.0,20.0,0.0,2.0,0.0,1.0,0.0,2.41,1.5248447511637095
1007.0,1007.0,100,1.13,1.0215357818184116,0.0565,0.05107678909092058,0.9434999999999999,0.05107678909092057,0.0,0.0,0.0005,0.004999999999999999,9.78,0.4163331998932266,0.91,0.7797305932049853,9.04,0.8518547796758353,0.05,0.3295236844080538,2.68,1.581969109251588,2.65,1.5787413475374117,17.32,1.581969109251588,10.0,0.0,20.0,0.0,2.0,0.0,1.0,0.0,2.41,1.5248447511637095
1008.0,1008.0,100,1.13,1.0215357818184116,0.0565,0.05107678909092058,0.9434999999999999,0.05107678909092057,0.0,0.0,0.0,0.0,9.78,0.4163331998932266,0.91,0.7797305932049853,9.04,0.8518547796758353,0.05,0.3295236844080538,2.68,1.581969109251588,2.65,1.5787413475374117,17.32,1.581969109251588,10.0,0.0,20.0,0.0,2.0,0.0,1.0,0.0,2.41,1.5248447511637095
1009.0,1009.0,100,1.13,1.0215357818184116,0.0565,0.05107678909092058,0.9434999999999999,0.05107678909092057,0.0,0.0,0.0,0.0,9.78,0.4163331998932266,0.91,0.7797305932049853,9.04,0.8518547796758353,0.05,0.3295236844080538,2.68,1.581969109251588,2.64,1.5796688055898094,17.32,1.581969109251588,10.0,0.0,20.0,0.0,2.0,0.0,1.0,0.0,2.41,1.5248447511637095
1010.0,1010.0,100,1.11,0.9938701010583715,0.0555,0.049693505052918585,0.9445,0.049693505052918585,0.0,0.0,0.0009999999999999998,0.007035264706814482,9.78,0.4163331998932266,0.89,0.750689918365335,9.06,0.8265786854452049,0.05,0.3295236844080538,2.66,1.5777493239716283,2.64,1.5796688055898094,17.34,1.5777493239716285,10.0,0.0,20.0,0.0,2.0,0.0,1.0,0.0,2.41,1.5248447511637095
1011.0,1011.0,100,1.11,0.9938701010583715,0.0555,0.049693505052918585,0.9445,0.049693505052918585,0.0,0.0,0.0,0.0,9.78,0.4163331998932266,0.89,0.750689918365335,9.06,0.8265786854452049,0.05,0.3295236844080538,2.66,1.5777493239716283,2.64,1.5796688055898094,17.34,1.5777493239716285,10.0,0.0,20.0,0.0,2.0,0.0,1.0,0.0,2.41,1.5248447511637095
1012.0,1012.0,100,1.11,0.9938701010583715,0.0555,0.049693505052918585,0.9445,0.049693505052918585,0.0,0.0,0.0,0.0,9.78,0.4163331998932266,0.89,0.750689918365335,9.06,0.8265786854452049,0.05,0.3295236844080538,2.66,1.5777493239716283,2.64,1.5796688055898094,17.34,1.5777493239716285,10.0,0.0,20.0,0.0,2.0,0.0,1.0,0.0,2.41,1.5248447511637095
1013.0,1013.0,100,1.1,0.9795896894087643,0.055,0.04897948447043823,0.945,0.04897948447043823,0.0,0.0,0.0004999999999999999,0.004999999999999998,9.78,0.4163331998932266,0.88,0.7423685817106697,9.07,0.8196451560389908,0.05,0.3295236844080538,2.65,1.5787413475374117,2.64,1.5796688055898094,17.35,1.5787413475374115,10.0,0.0,20.0,0.0,2.0,0.0,1.0,0.0,2.41,1.5248447511637095
1014.0,1014.0,100,1.1,0.9795896894087643,0.055,0.04897948447043823,0.945,0.04897948447043823,0.0,0.0,0.0,0.0,9.78,0.4163331998932266,0.88,0.7423685817106697,9.07,0.8196451560389908,0.05,0.3295236844080538,2.65,1.5787413475374117,2.64,1.5796688055898094,17.35,1.5787413475374115,10.0,0.0,20.0,0.0,2.0,0.0,1.0,0.0,2.41,1.5248447511637095
1015.0,1015.0,100,1.09,0.9649933270298409,0.0545,0.04824966635149205,0.9455,0.04824966635149204,0.0,0.0,0.0004999999999999999,0.0049999999999999975,9.79,0.40936018074033237,0.88,0.7423685817106697,9.07,0.8196451560389908,0.05,0.3295236844080538,2.64,1.5796688055898094,2.62,1.5749298525344044,17.36,1.5796688055898096,10.0,0.0,20.0,0.0,2.0,0.0,1.0,0.0,2.41,1.5248447511637095
1016.0,1016.0,100,1.09,0.9649933270298409,0.0545,0.04824966635149205,0.9455,0.04824966635149204,0.0,0.0,0.0,0.0,9.79,0.40936018074033237,0.88,0.7423685817106697,9.07,0.8196451560389908,0.05,0.3295236844080538,2.64,1.5796688055898094,2.62,1.5749298525344044,17.36,1.5796688055898096,10.0,0.0,20.0,0.0,2.0,0.0,1.0,0.0,2.41,1.5248447511637095
1017.0,1017.0,100,1.09,0.9649933270298409,0.0545,0.04824966635149205,0.9455,0.04824966635149204,0.0,0.0,0.0,0.0,9.79,0.40936018074033237,0.88,0.7423685817106697,9.07,0.8196451560389908,0.05,0.3295236844080538,2.64,1.5796688055898094,2.62,1.5749298525344044,17.36,1.5796688055898096,10.0,0.0,20.0,0.0,2.0,0.0,1.0,0.0,2.41,1.5248447511637095
1018.0,1018.0,100,1.09,0.9649933270298409,0.0545,0.04824966635149205,0.9455,0.04824966635149204,0.0,0.0,0.0,0.0,9.79,0.40936018074033237,0.88,0.7423685817106697,9.07,0.8196451560389908,0.05,0.3295236844080538,2.64,1.5796688055898094,2.62,1.5749298525344044,17.36,1.5796688055898096,10.0,0.0,20.0,0.0,2.0,0.0,1.0,0.0,2.41,1.5248447511637095
1019.0,1019.0,100,1.08,0.9606395176278575,0.054000000000000006,0.04803197588139287,0.946,0.04803197588139288,0.0,0.0,0.0005,0.005,9.79,0.40936018074033237,0.87,0.7338152686370382,9.08,0.8125281657899742,0.05,0.3295236844080538,2.63,1.5805318117901985,2.62,1.5749298525344044,17.37,1.5805318117901985,10.0,0.0,20.0,0.0,2.0,0.0,1.0,0.0,2.41,1.5248447511637095
1020.0,1020.0,100,1.08,0.9606395176278575,0.054000000000000006,0.04803197588139287,0.946,0.04803197588139288,0.0,0.0,0.0,0.0,9.79,0.40936018074033237,0.87,0.7338152686370382,9.08,0.8125281657899742,0.05,0.3295236844080538,2.63,1.5805318117901985,2.62,1.5749298525344044,17.37,1.5805318117901985,10.0,0.0,20.0,0.0,2.0,0.0,1.0,0.0,2.41,1.5248447511637095
1021.0,1021.0,100,1.08,0.9606395176278575,0.054000000000000006,0.04803197588139287,0.946,0.04803197588139288,0.0,0.0,0.0,0.0,9.79,0.40936018074033237,0.87,0.7338152686370382,9.08,0.8125281657899742,0.05,0.3295236844080538,2.63,1.5805318117901985,2.62,1.5749298525344044,17.37,1.5805318117901985,10.0,0.0,20.0,0.0,2.0,0.0,1.0,0.0,2.41,1.5248447511637095
1022.0,1022.0,100,1.08,0.9606395176278575,0.054000000000000006,0.04803197588139287,0.946,0.04803197588139288,0.0,0.0,0.0,0.0,9.79,0.40936018074033237,0.87,0.7338152686370382,9.08,0.8125281657899742,0.05,0.3295236844080538,2.63,1.5805318117901985,2.62,1.5749298525344044,17.37,1.5805318117901985,10.0,0.0,20.0,0.0,2.0,0.0,1.0,0.0,2.41,1.5248447511637095
1023.0,1023.0,100,1.08,0.9606395176278575,0.054000000000000006,0.04803197588139287,0.946,0.04803197588139288,0.0,0.0,0.0,0.0,9.79,0.40936018074033237,0.87,0.7338152686370382,9.08,0.8125281657899742,0.05,0.3295236844080538,2.63,1.5805318117901985,2.62,1.5749298525344044,17.37,1.5805318117901985,10.0,0.0,20.0,0.0,2.0,0.0,1.0,0.0,2.41,1.5248447511637095
1024.0,1024.0,100,1.08,0.9606395176278575,0.054000000000000006,0.04803197588139287,0.946,0.04803197588139288,0.0,0.0,0.0,0.0,9.79,0.40936018074033237,0.87,0.7338152686370382,9.08,0.8125281657899742,0.05,0.3295236844080538,2.63,1.5805318117901985,2.62,1.5749298525344044,17.37,1.5805318117901985,10.0,0.0,20.0,0.0,2.0,0.0,1.0,0.0,2.41,1.5248447511637095
1025.0,1025.0,100,1.07,0.9561602502940728,0.053500000000000006,0.047808012514703645,0.9465,0.04780801251470366,0.0,0.0,0.0005,0.004999999999999998,9.8,0.4020151261036851,0.87,0.7338152686370382,9.08,0.8125281657899742,0.05,0.3295236844080538,2.62,1.5749298525344044,2.62,1.5749298525344044,17.38,1.5749298525344035,10.0,0.0,20.0,0.0,2.0,0.0,1.0,0.0,2.41,1.5248447511637095
1026.0,1026.0,100,1.07,0.9561602502940728,0.053500000000000006,0.047808012514703645,0.9465,0.04780801251470366,0.0,0.0,0.0,0.0,9.8,0.4020151261036851,0.87,0.7338152686370382,9.08,0.8125281657899742,0.05,0.3295236844080538,2.62,1.5749298525344044,2.62,1.5749298525344044,17.38,1.5749298525344035,10.0,0.0,20.0,0.0,2.0,0.0,1.0,0.0,2.41,1.5248447511637095
1027.0,1027.0,100,1.07,0.9561602502940728,0.053500000000000006,0.047808012514703645,0.9465,0.04780801251470366,0.0,0.0,0.0,0.0,9.8,0.4020151261036851,0.87,0.7338152686370382,9.08,0.8125281657899742,0.05,0.3295236844080538,2.62,1.5749298525344044,2.62,1.5749298525344044,17.38,1.5749298525344035,10.0,0.0,20.0,0.0,2.0,0.0,1.0,0.0,2.41,1.5248447511637095
1028.0,1028.0,100,1.07,0.9561602502940728,0.053500000000000006,0.047808012514703645,0.9465,0.04780801251470366,0.0,0.0,0.0,0.0,9.8,0.4020151261036851,0.87,0.7338152686370382,9.08,0.8125281657899742,0.05,0.3295236844080538,2.62,1.5749298525344044,2.62,1.5749298525344044,17.38,1.5749298525344035,10.0,0.0,20.0,0.0,2.0,0.0,1.0,0.0,2.41,1.5248447511637095
1029.0,1029.0,100,1.07,0.9561602502940728,0.053500000000000006,0.047808012514703645,0.9465,0.04780801251470366,0.0,0.0,0.0,0.0,9.8,0.4020151261036851,0.87,0.7338152686370382,9.08,0.8125281657899742,0.05,0.3295236844080538,2.62,1.5749298525344044,2.62,1.5749298525344044,17.38,1.5749298525344035,10.0,0.0,20.0,0.0,2.0,0.0,1.0,0.0,2.41,1.5248447511637095
1030.0,1030.0,100,1.07,0.9561602502940728,0.053500000000000006,0.047808012514703645,0.9465,0.04780801251470366,0.0,0.0,0.0,0.0,9.8,0.4020151261036851,0.87,0.7338152686370382,9.08,0.8125281657899742,0.05,0.3295236844080538,2.62,1.5749298525344044,2.6,1.5504968249049735,17.38,1.5749298525344035,10.0,0.0,20.0,0.0,2.0,0.0,1.0,0.0,2.41,1.5248447511637095
1031.0,1031.0,100,1.07,0.9561602502940728,0.053500000000000006,0.047808012514703645,0.9465,0.04780801251470366,0.0,0.0,0.0,0.0,9.8,0.4020151261036851,0.87,0.7338152686370382,9.08,0.8125281657899742,0.05,0.3295236844080538,2.62,1.5749298525344044,2.6,1.5504968249049735,17.38,1.5749298525344035,10.0,0.0,20.0,0.0,2.0,0.0,1.0,0.0,2.41,1.5248447511637095
1032.0,1032.0,100,1.07,0.9561602502940728,0.053500000000000006,0.047808012514703645,0.9465,0.04780801251470366,0.0,0.0,0.0,0.0,9.8,0.4020151261036851,0.87,0.7338152686370382,9.08,0.8125281657899742,0.05,0.3295236844080538,2.62,1.5749298525344044,2.6,1.5504968249049735,17.38,1.5749298525344035,10.0,0.0,20.0,0.0,2.0,0.0,1.0,0.0,2.41,1.5248447511637095
1033.0,1033.0,100,1.07,0.9561602502940728,0.053500000000000006,0.047808012514703645,0.9465,0.04780801251470366,0.0,0.0,0.0,0.0,9.8,0.4020151261036851,0.87,0.7338152686370382,9.08,0.8125281657899742,0.05,0.3295236844080538,2.62,1.5749298525344044,2.6,1.5504968249049735,17.38,1.5749298525344035,10.0,0.0,20.0,0.0,2.0,0.0,1.0,0.0,2.41,1.5248447511637095
1034.0,1034.0,100,1.06,0.9621104747670951,0.053,0.048105523738354763,0.9470000000000001,0.04810552373835477,0.0,0.0,0.0005,0.004999999999999998,9.8,0.4020151261036851,0.86,0.7388224318864349,9.09,0.7797305932049848,0.05,0.3295236844080538,2.61,1.569243528750478,2.59,1.5511155972265884,17.39,1.569243528750478,10.0,0.0,20.0,0.0,2.0,0.0,1.0,0.0,2.41,1.5248447511637095
1035.0,1035.0,100,1.06,0.9621104747670951,0.053,0.048105523738354763,0.9470000000000001,0.04810552373835477,0.0,0.0,0.0,0.0,9.8,0.4020151261036851,0.86,0.7388224318864349,9.09,0.7797305932049848,0.05,0.3295236844080538,2.61,1.569243528750478,2.59,1.5511155972265884,17.39,1.569243528750478,10.0,0.0,20.0,0.0,2.0,0.0,1.0,0.0,2.41,1.5248447511637095
1036.0,1036.0,100,1.06,0.9621104747670951,0.053,0.048105523738354763,0.9470000000000001,0.04810552373835477,0.0,0.0,0.0,0.0,9.8,0.4020151261036851,0.86,0.7388224318864349,9.09,0.7797305932049848,0.05,0.3295236844080538,2.61,1.569243528750478,2.59,1.5511155972265884,17.39,1.569243528750478,10.0,0.0,20.0,0.0,2.0,0.0,1.0,0.0,2.41,1.5248447511637095
1037.0,1037.0,100,1.06,0.9621104747670951,0.053,0.048105523738354763,0.9470000000000001,0.04810552373835477,0.0,0.0,0.0,0.0,9.8,0.4020151261036851,0.86,0.7388224318864349,9.09,0.7797305932049848,0.05,0.3295236844080538,2.61,1.569243528750478,2.59,1.5511155972265884,17.39,1.569243528750478,10.0,0.0,20.0,0.0,2.0,0.0,1.0,0.0,2.41,1.5248447511637095
1038.0,1038.0,100,1.06,0.9621104747670951,0.053,0.048105523738354763,0.9470000000000001,0.04810552373835477,0.0,0.0,0.0,0.0,9.8,0.4020151261036851,0.86,0.7388224318864349,9.09,0.7797305932049848,0.05,0.3295236844080538,2.61,1.569243528750478,2.59,1.5511155972265884,17.39,1.569243528750478,10.0,0.0,20.0,0.0,2.0,0.0,1.0,0.0,2.41,1.5248447511637095
1039.0,1039.0,100,1.06,0.9621104747670951,0.053,0.048105523738354763,0.9470000000000001,0.04810552373835477,0.0,0.0,0.0,0.0,9.8,0.4020151261036851,0.86,0.7388224318864349,9.09,0.7797305932049848,0.05,0.3295236844080538,2.61,1.569243528750478,2.59,1.5511155972265884,17.39,1.569243528750478,10.0,0.0,20.0,0.0,2.0,0.0,1.0,0.0,2.41,1.5248447511637095
1040.0,1040.0,100,1.05,0.9679197729505719,0.0525,0.0483959886475286,0.9475,0.0483959886475286,0.0,0.0,0.0005,0.005,9.8,0.4020151261036851,0.85,0.7436600722307894,9.09,0.7797305932049848,0.06,0.34289321599553063,2.6,1.5504968249049735,2.59,1.5511155972265884,17.4,1.5504968249049735,10.0,0.0,20.0,0.0,2.0,0.0,1.0,0.0,2.41,1.5248447511637095
1041.0,1041.0,100,1.05,0.9679197729505719,0.0525,0.0483959886475286,0.9475,0.0483959886475286,0.0,0.0,0.0,0.0,9.8,0.4020151261036851,0.85,0.7436600722307894,9.1,0.7849596270902192,0.05,0.3295236844080538,2.61,1.569243528750478,2.58,1.5320152437461927,17.39,1.569243528750478,10.0,0.0,20.0,0.0,2.0,0.0,1.0,0.0,2.41,1.5248447511637095
1042.0,1042.0,100,1.05,0.9679197729505719,0.0525,0.0483959886475286,0.9475,0.0483959886475286,0.0,0.0,0.0,0.0,9.8,0.4020151261036851,0.85,0.7436600722307894,9.1,0.7849596270902192,0.05,0.3295236844080538,2.61,1.569243528750478,2.58,1.5320152437461927,17.39,1.569243528750478,10.0,0.0,20.0,0.0,2.0,0.0,1.0,0.0,2.41,1.5248447511637095
1043.0,1043.0,100,1.05,0.9679197729505719,0.0525,0.0483959886475286,0.9475,0.0483959886475286,0.0,0.0,0.0,0.0,9.8,0.4020151261036851,0.85,0.7436600722307894,9.1,0.7849596270902192,0.05,0.3295236844080538,2.61,1.569243528750478,2.58,1.5581651991617533,17.39,1.569243528750478,10.0,0.0,20.0,0.0,2.0,0.0,1.0,0.0,2.41,1.5248447511637095
1044.0,1044.0,100,1.04,0.9631597830457663,0.052000000000000005,0.04815798915228831,0.948,0.04815798915228831,0.0,0.0,0.0005,0.004999999999999998,9.8,0.4020151261036851,0.84,0.7347094526395995,9.11,0.7771353768420236,0.05,0.3295236844080538,2.6,1.5699192541804383,2.56,1.571976816340213,17.4,1.5699192541804388,10.0,0.0,20.0,0.0,2.0,0.0,1.0,0.0,2.41,1.5248447511637095
1045.0,1045.0,100,1.04,0.9631597830457663,0.052000000000000005,0.04815798915228831,0.948,0.04815798915228831,0.0,0.0,0.0,0.0,9.8,0.4020151261036851,0.84,0.7347094526395995,9.11,0.7771353768420236,0.05,0.3295236844080538,2.6,1.5699192541804383,2.55,1.5787413475374115,17.4,1.5699192541804388,10.0,0.0,20.0,0.0,2.0,0.0,1.0,0.0,2.41,1.5248447511637095
1046.0,1046.0,100,1.04,0.9631597830457663,0.052000000000000005,0.04815798915228831,0.948,0.04815798915228831,0.0,0.0,0.0,0.0,9.8,0.4020151261036851,0.84,0.7347094526395995,9.11,0.7771353768420236,0.05,0.3295236844080538,2.6,1.5699192541804383,2.55,1.5787413475374115,17.4,1.5699192541804388,10.0,0.0,20.0,0.0,2.0,0.0,1.0,0.0,2.41,1.5248447511637095
1047.0,1047.0,100,1.04,0.9631597830457663,0.052000000000000005,0.04815798915228831,0.948,0.04815798915228831,0.0,0.0,0.0,0.0,9.8,0.4020151261036851,0.84,0.7347094526395995,9.11,0.7771353768420236,0.05,0.3295236844080538,2.6,1.5699192541804383,2.55,1.5787413475374115,17.4,1.5699192541804388,10.0,0.0,20.0,0.0,2.0,0.0,1.0,0.0,2.41,1.5248447511637095
1048.0,1048.0,100,1.03,0.9687542766279015,0.051500000000000004,0.04843771383139508,0.9484999999999999,0.04843771383139508,0.0,0.0,0.0005,0.004999999999999998,9.8,0.4020151261036851,0.83,0.7393007889659367,9.12,0.7821235015757879,0.05,0.3295236844080538,2.59,1.5769488503967644,2.55,1.5787413475374115,17.41,1.5769488503967641,10.0,0.0,20.0,0.0,2.0,0.0,1.0,0.0,2.41,1.5248447511637095
1049.0,1049.0,100,1.02,0.9637888196533974,0.051000000000000004,0.04818944098266987,0.9490000000000001,0.04818944098266987,0.0,0.0,0.0005,0.004999999999999998,9.8,0.4020151261036851,0.82,0.7300200633744891,9.13,0.7740096311357559,0.05,0.3295236844080538,2.58,1.5838834769915582,2.55,1.5787413475374115,17.42,1.5838834769915588,10.0,0.0,20.0,0.0,2.0,0.0,1.0,0.0,2.41,1.5248447511637095
1050.0,1050.0,100,1.02,0.9637888196533974,0.051000000000000004,0.04818944098266987,0.9490000000000001,0.04818944098266987,0.0,0.0,0.0,0.0,9.8,0.4020151261036851,0.82,0.7300200633744891,9.13,0.7740096311357559,0.05,0.3295236844080538,2.58,1.5838834769915582,2.55,1.5787413475374115,17.42,1.5838834769915588,10.0,0.0,20.0,0.0,2.0,0.0,1.0,0.0,2.41,1.5248447511637095
1051.0,1051.0,100,1.01,0.9480975102218594,0.050499999999999996,0.04740487551109297,0.9495,0.04740487551109296,0.0,0.0,0.0004999999999999999,0.004999999999999998,9.81,0.3942772444036625,0.82,0.7300200633744891,9.13,0.7740096311357559,0.05,0.3295236844080538,2.57,1.5651185129554759,2.55,1.5787413475374115,17.43,1.5651185129554757,10.0,0.0,20.0,0.0,2.0,0.0,1.0,0.0,2.41,1.5248447511637095
1052.0,1052.0,100,1.01,0.9480975102218594,0.050499999999999996,0.04740487551109297,0.9495,0.04740487551109296,0.0,0.0,0.0,0.0,9.81,0.3942772444036625,0.82,0.7300200633744891,9.13,0.7740096311357559,0.05,0.3295236844080538,2.57,1.5651185129554759,2.54,1.5790292376436015,17.43,1.5651185129554757,10.0,0.0,20.0,0.0,2.0,0.0,1.0,0.0,2.41,1.5248447511637095
1053.0,1053.0,100,1.0,0.9428090415820637,0.05,0.04714045207910316,0.95,0.04714045207910319,0.0,0.0,0.0005,0.004999999999999998,9.82,0.38612291966536927,0.82,0.7300200633744891,9.13,0.7740096311357559,0.05,0.3295236844080538,2.56,1.571976816340213,2.54,1.5790292376436015,17.44,1.5719768163402132,10.0,0.0,20.0,0.0,2.0,0.0,1.0,0.0,2.41,1.5248447511637095
1054.0,1054.0,100,0.99,0.937382989330865,0.0495,0.04686914946654325,0.9505,0.04686914946654325,0.0,0.0,0.0005,0.004999999999999998,9.83,0.37752516806863695,0.82,0.7300200633744891,9.13,0.7740096311357559,0.05,0.3295236844080538,2.55,1.5787413475374115,2.54,1.5790292376436015,17.45,1.5787413475374108,10.0,0.0,20.0,0.0,2.0,0.0,1.0,0.0,2.41,1.5248447511637095
1055.0,1055.0,100,0.99,0.937382989330865,0.0495,0.04686914946654325,0.9505,0.04686914946654325,0.0,0.0,0.0,0.0,9.83,0.37752516806863695,0.82,0.7300200633744891,9.13,0.7740096311357559,0.05,0.3295236844080538,2.55,1.5787413475374115,2.52,1.5730045881507897,17.45,1.5787413475374108,10.0,0.0,20.0,0.0,2.0,0.0,1.0,0.0,2.41,1.5248447511637095
1056.0,1056.0,100,0.98,0.942594742444943,0.049,0.04712973712224714,0.951,0.047129737122247134,0.0,0.0,0.0005,0.004999999999999998,9.83,0.37752516806863695,0.81,0.7343656645656367,9.14,0.7787584005740459,0.05,0.3295236844080538,2.54,1.5790292376436015,2.51,1.5602058916189314,17.46,1.5790292376436021,10.0,0.0,20.0,0.0,2.0,0.0,1.0,0.0,2.41,1.5248447511637095
1057.0,1057.0,100,0.98,0.942594742444943,0.049,0.04712973712224714,0.951,0.047129737122247134,0.0,0.0,0.0,0.0,9.83,0.37752516806863695,0.81,0.7343656645656367,9.14,0.7787584005740459,0.05,0.3295236844080538,2.54,1.5790292376436015,2.51,1.5602058916189314,17.46,1.5790292376436021,10.0,0.0,20.0,0.0,2.0,0.0,1.0,0.0,2.41,1.5248447511637095
1058.0,1058.0,100,0.98,0.942594742444943,0.049,0.04712973712224714,0.951,0.047129737122247134,0.0,0.0,0.0,0.0,9.83,0.37752516806863695,0.81,0.7343656645656367,9.14,0.7787584005740459,0.05,0.3295236844080538,2.54,1.5790292376436015,2.51,1.5602058916189314,17.46,1.5790292376436021,10.0,0.0,20.0,0.0,2.0,0.0,1.0,0.0,2.41,1.5248447511637095
1059.0,1059.0,100,0.96,0.9202546858716268,0.048,0.04601273429358133,0.9520000000000001,0.04601273429358133,0.0,0.0,0.0010000000000000002,0.007035264706814486,9.83,0.37752516806863695,0.79,0.71484970518991,9.16,0.761709931799514,0.05,0.3295236844080538,2.52,1.5730045881507897,2.51,1.5602058916189314,17.48,1.57300458815079,10.0,0.0,20.0,0.0,2.0,0.0,1.0,0.0,2.41,1.5248447511637095
1060.0,1060.0,100,0.95,0.925235432774062,0.0475,0.04626177163870309,0.9525,0.04626177163870309,0.0,0.0,0.0005,0.005000000000000001,9.83,0.37752516806863695,0.78,0.7188655484634641,9.17,0.7661394761854378,0.05,0.3295236844080538,2.51,1.5602058916189314,2.49,1.560205891618931,17.49,1.5602058916189319,10.0,0.0,20.0,0.0,2.0,0.0,1.0,0.0,2.41,1.5248447511637095
1061.0,1061.0,100,0.95,0.925235432774062,0.0475,0.04626177163870309,0.9525,0.04626177163870309,0.0,0.0,0.0,0.0,9.83,0.37752516806863695,0.78,0.7188655484634641,9.17,0.7661394761854378,0.05,0.3295236844080538,2.51,1.5602058916189314,2.49,1.560205891618931,17.49,1.5602058916189319,10.0,0.0,20.0,0.0,2.0,0.0,1.0,0.0,2.41,1.5248447511637095
1062.0,1062.0,100,0.95,0.925235432774062,0.0475,0.04626177163870309,0.9525,0.04626177163870309,0.0,0.0,0.0,0.0,9.83,0.37752516806863695,0.78,0.7188655484634641,9.17,0.7661394761854378,0.05,0.3295236844080538,2.51,1.5602058916189314,2.49,1.560205891618931,17.49,1.5602058916189319,10.0,0.0,20.0,0.0,2.0,0.0,1.0,0.0,2.41,1.5248447511637095
1063.0,1063.0,100,0.95,0.925235432774062,0.0475,0.04626177163870309,0.9525,0.04626177163870309,0.0,0.0,0.0,0.0,9.83,0.37752516806863695,0.78,0.7188655484634641,9.17,0.7661394761854378,0.05,0.3295236844080538,2.51,1.5602058916189314,2.49,1.560205891618931,17.49,1.5602058916189319,10.0,0.0,20.0,0.0,2.0,0.0,1.0,0.0,2.41,1.5248447511637095
1064.0,1064.0,100,0.93,0.9239244361073927,0.04650000000000001,0.046196221805369635,0.9534999999999999,0.04619622180536963,0.0,0.0,0.001,0.007035264706814485,9.83,0.37752516806863695,0.76,0.7123726184201266,9.19,0.7613783354528615,0.05,0.3295236844080538,2.49,1.560205891618931,2.49,1.560205891618931,17.51,1.5602058916189319,10.0,0.0,20.0,0.0,2.0,0.0,1.0,0.0,2.41,1.5248447511637095
1065.0,1065.0,100,0.93,0.9239244361073927,0.04650000000000001,0.046196221805369635,0.9534999999999999,0.04619622180536963,0.0,0.0,0.0,0.0,9.83,0.37752516806863695,0.76,0.7123726184201266,9.19,0.7613783354528615,0.05,0.3295236844080538,2.49,1.560205891618931,2.49,1.560205891618931,17.51,1.5602058916189319,10.0,0.0,20.0,0.0,2.0,0.0,1.0,0.0,2.41,1.5248447511637095
1066.0,1066.0,100,0.93,0.9239244361073927,0.04650000000000001,0.046196221805369635,0.9534999999999999,0.04619622180536963,0.0,0.0,0.0,0.0,9.83,0.37752516806863695,0.76,0.7123726184201266,9.19,0.7613783354528615,0.05,0.3295236844080538,2.49,1.560205891618931,2.48,1.5665699518825886,17.51,1.5602058916189319,10.0,0.0,20.0,0.0,2.0,0.0,1.0,0.0,2.41,1.5248447511637095
1067.0,1067.0,100,0.93,0.9239244361073927,0.04650000000000001,0.046196221805369635,0.9534999999999999,0.04619622180536963,0.0,0.0,0.0,0.0,9.83,0.37752516806863695,0.76,0.7123726184201266,9.19,0.7613783354528615,0.05,0.3295236844080538,2.49,1.560205891618931,2.48,1.5665699518825886,17.51,1.5602058916189319,10.0,0.0,20.0,0.0,2.0,0.0,1.0,0.0,2.41,1.5248447511637095
1068.0,1068.0,100,0.93,0.9239244361073927,0.04650000000000001,0.046196221805369635,0.9534999999999999,0.04619622180536963,0.0,0.0,0.0,0.0,9.83,0.37752516806863695,0.76,0.7123726184201266,9.19,0.7613783354528615,0.05,0.3295236844080538,2.49,1.560205891618931,2.48,1.5665699518825886,17.51,1.5602058916189319,10.0,0.0,20.0,0.0,2.0,0.0,1.0,0.0,2.41,1.5248447511637095
1069.0,1069.0,100,0.93,0.9239244361073927,0.04650000000000001,0.046196221805369635,0.9534999999999999,0.04619622180536963,0.0,0.0,0.0,0.0,9.83,0.37752516806863695,0.76,0.7123726184201266,9.19,0.7613783354528615,0.05,0.3295236844080538,2.49,1.560205891618931,2.48,1.5665699518825886,17.51,1.5602058916189319,10.0,0.0,20.0,0.0,2.0,0.0,1.0,0.0,2.41,1.5248447511637095
1070.0,1070.0,100,0.93,0.9239244361073927,0.04650000000000001,0.046196221805369635,0.9534999999999999,0.04619622180536963,0.0,0.0,0.0,0.0,9.83,0.37752516806863695,0.76,0.7123726184201266,9.19,0.7613783354528615,0.05,0.3295236844080538,2.49,1.560205891618931,2.48,1.5665699518825886,17.51,1.5602058916189319,10.0,0.0,20.0,0.0,2.0,0.0,1.0,0.0,2.41,1.5248447511637095
1071.0,1071.0,100,0.93,0.9239244361073927,0.04650000000000001,0.046196221805369635,0.9534999999999999,0.04619622180536963,0.0,0.0,0.0,0.0,9.83,0.37752516806863695,0.76,0.7123726184201266,9.19,0.7613783354528615,0.05,0.3295236844080538,2.49,1.560205891618931,2.48,1.5665699518825886,17.51,1.5602058916189319,10.0,0.0,20.0,0.0,2.0,0.0,1.0,0.0,2.41,1.5248447511637095
1072.0,1072.0,100,0.93,0.9239244361073927,0.04650000000000001,0.046196221805369635,0.9534999999999999,0.04619622180536963,0.0,0.0,0.0,0.0,9.83,0.37752516806863695,0.76,0.7123726184201266,9.19,0.7613783354528615,0.05,0.3295236844080538,2.49,1.560205891618931,2.48,1.5665699518825886,17.51,1.5602058916189319,10.0,0.0,20.0,0.0,2.0,0.0,1.0,0.0,2.41,1.5248447511637095
1073.0,1073.0,100,0.93,0.9239244361073927,0.04650000000000001,0.046196221805369635,0.9534999999999999,0.04619622180536963,0.0,0.0,0.0,0.0,9.83,0.37752516806863695,0.76,0.7123726184201266,9.19,0.7613783354528615,0.05,0.3295236844080538,2.49,1.560205891618931,2.48,1.5665699518825886,17.51,1.5602058916189319,10.0,0.0,20.0,0.0,2.0,0.0,1.0,0.0,2.41,1.5248447511637095
1074.0,1074.0,100,0.93,0.9239244361073927,0.04650000000000001,0.046196221805369635,0.9534999999999999,0.04619622180536963,0.0,0.0,0.0,0.0,9.83,0.37752516806863695,0.76,0.7123726184201266,9.19,0.7613783354528615,0.05,0.3295236844080538,2.49,1.560205891618931,2.48,1.5665699518825886,17.51,1.5602058916189319,10.0,0.0,20.0,0.0,2.0,0.0,1.0,0.0,2.41,1.5248447511637095
1075.0,1075.0,100,0.93,0.9239244361073927,0.04650000000000001,0.046196221805369635,0.9534999999999999,0.04619622180536963,0.0,0.0,0.0,0.0,9.83,0.37752516806863695,0.76,0.7123726184201266,9.19,0.7613783354528615,0.05,0.3295236844080538,2.49,1.560205891618931,2.48,1.5665699518825886,17.51,1.5602058916189319,10.0,0.0,20.0,0.0,2.0,0.0,1.0,0.0,2.41,1.5248447511637095
1076.0,1076.0,100,0.92,0.9176165876989159,0.046000000000000006,0.04588082938494579,0.954,0.045880829384945795,0.0,0.0,0.0005,0.004999999999999998,9.84,0.3684529491774707,0.76,0.7123726184201266,9.19,0.7613783354528615,0.05,0.3295236844080538,2.48,1.5665699518825886,2.46,1.572619252435666,17.52,1.5665699518825889,10.0,0.0,20.0,0.0,2.0,0.0,1.0,0.0,2.41,1.5248447511637095
1077.0,1077.0,100,0.92,0.9176165876989159,0.046000000000000006,0.04588082938494579,0.954,0.045880829384945795,0.0,0.0,0.0,0.0,9.84,0.3684529491774707,0.76,0.7123726184201266,9.19,0.7613783354528615,0.05,0.3295236844080538,2.48,1.5665699518825886,2.46,1.572619252435666,17.52,1.5665699518825889,10.0,0.0,20.0,0.0,2.0,0.0,1.0,0.0,2.41,1.5248447511637095
1078.0,1078.0,100,0.92,0.9176165876989159,0.046000000000000006,0.04588082938494579,0.954,0.045880829384945795,0.0,0.0,0.0,0.0,9.84,0.3684529491774707,0.76,0.7123726184201266,9.19,0.7613783354528615,0.05,0.3295236844080538,2.48,1.5665699518825886,2.45,1.5851265762160014,17.52,1.5665699518825889,10.0,0.0,20.0,0.0,2.0,0.0,1.0,0.0,2.41,1.5248447511637095
1079.0,1079.0,100,0.92,0.9176165876989159,0.046000000000000006,0.04588082938494579,0.954,0.045880829384945795,0.0,0.0,0.0,0.0,9.84,0.3684529491774707,0.76,0.7123726184201266,9.19,0.7613783354528615,0.05,0.3295236844080538,2.48,1.5665699518825886,2.45,1.5851265762160014,17.52,1.5665699518825889,10.0,0.0,20.0,0.0,2.0,0.0,1.0,0.0,2.41,1.5248447511637095
1080.0,1080.0,100,0.9,0.915633026044735,0.045,0.04578165130223675,0.955,0.04578165130223675,0.0,0.0,0.001,0.007035264706814485,9.84,0.3684529491774707,0.74,0.7052472881009451,9.21,0.7560530150830441,0.05,0.3295236844080538,2.46,1.572619252435666,2.45,1.5851265762160014,17.54,1.5726192524356655,10.0,0.0,20.0,0.0,2.0,0.0,1.0,0.0,2.41,1.5248447511637095
1081.0,1081.0,100,0.9,0.915633026044735,0.045,0.04578165130223675,0.955,0.04578165130223675,0.0,0.0,0.0,0.0,9.84,0.3684529491774707,0.74,0.7052472881009451,9.21,0.7560530150830441,0.05,0.3295236844080538,2.46,1.572619252435666,2.45,1.5851265762160014,17.54,1.5726192524356655,10.0,0.0,20.0,0.0,2.0,0.0,1.0,0.0,2.41,1.5248447511637095
1082.0,1082.0,100,0.89,0.9199802369418791,0.044500000000000005,0.045999011847093964,0.9555,0.04599901184709398,0.0,0.0,0.0005,0.004999999999999998,9.84,0.3684529491774707,0.73,0.7086051171994259,9.22,0.7598511284282846,0.05,0.3295236844080538,2.45,1.5851265762160014,2.45,1.5851265762160014,17.55,1.5851265762160014,10.0,0.0,20.0,0.0,2.0,0.0,1.0,0.0,2.41,1.5248447511637095
1083.0,1083.0,100,0.89,0.9199802369418791,0.044500000000000005,0.045999011847093964,0.9555,0.04599901184709398,0.0,0.0,0.0,0.0,9.84,0.3684529491774707,0.73,0.7086051171994259,9.22,0.7598511284282846,0.05,0.3295236844080538,2.45,1.5851265762160014,2.45,1.5851265762160014,17.55,1.5851265762160014,10.0,0.0,20.0,0.0,2.0,0.0,1.0,0.0,2.41,1.5248447511637095
1084.0,1084.0,100,0.89,0.9199802369418791,0.044500000000000005,0.045999011847093964,0.9555,0.04599901184709398,0.0,0.0,0.0,0.0,9.84,0.3684529491774707,0.73,0.7086051171994259,9.22,0.7598511284282846,0.05,0.3295236844080538,2.45,1.5851265762160014,2.44,1.5911370688024247,17.55,1.5851265762160014,10.0,0.0,20.0,0.0,2.0,0.0,1.0,0.0,2.41,1.5248447511637095
1085.0,1085.0,100,0.89,0.9199802369418791,0.044500000000000005,0.045999011847093964,0.9555,0.04599901184709398,0.0,0.0,0.0,0.0,9.84,0.3684529491774707,0.73,0.7086051171994259,9.22,0.7598511284282846,0.05,0.3295236844080538,2.45,1.5851265762160014,2.44,1.5911370688024247,17.55,1.5851265762160014,10.0,0.0,20.0,0.0,2.0,0.0,1.0,0.0,2.41,1.5248447511637095
1086.0,1086.0,100,0.89,0.9199802369418791,0.044500000000000005,0.045999011847093964,0.9555,0.04599901184709398,0.0,0.0,0.0,0.0,9.84,0.3684529491774707,0.73,0.7086051171994259,9.22,0.7598511284282846,0.05,0.3295236844080538,2.45,1.5851265762160014,2.44,1.5911370688024247,17.55,1.5851265762160014,10.0,0.0,20.0,0.0,2.0,0.0,1.0,0.0,2.41,1.5248447511637095
1087.0,1087.0,100,0.89,0.9199802369418791,0.044500000000000005,0.045999011847093964,0.9555,0.04599901184709398,0.0,0.0,0.0,0.0,9.84,0.3684529491774707,0.73,0.7086051171994259,9.22,0.7598511284282846,0.05,0.3295236844080538,2.45,1.5851265762160014,2.44,1.5911370688024247,17.55,1.5851265762160014,10.0,0.0,20.0,0.0,2.0,0.0,1.0,0.0,2.41,1.5248447511637095
1088.0,1088.0,100,0.88,0.9132028219072661,0.044000000000000004,0.04566014109536331,0.956,0.04566014109536331,0.0,0.0,0.0005,0.005,9.84,0.3684529491774707,0.72,0.6974701760395542,9.23,0.7501514998500454,0.05,0.3295236844080538,2.44,1.5911370688024247,2.44,1.5911370688024247,17.56,1.5911370688024242,10.0,0.0,20.0,0.0,2.0,0.0,1.0,0.0,2.41,1.5248447511637095
1089.0,1089.0,100,0.88,0.9132028219072661,0.044000000000000004,0.04566014109536331,0.956,0.04566014109536331,0.0,0.0,0.0,0.0,9.84,0.3684529491774707,0.72,0.6974701760395542,9.23,0.7501514998500454,0.05,0.3295236844080538,2.44,1.5911370688024247,2.44,1.5911370688024247,17.56,1.5911370688024242,10.0,0.0,20.0,0.0,2.0,0.0,1.0,0.0,2.41,1.5248447511637095
1090.0,1090.0,100,0.88,0.9132028219072661,0.044000000000000004,0.04566014109536331,0.956,0.04566014109536331,0.0,0.0,0.0,0.0,9.84,0.3684529491774707,0.72,0.6974701760395542,9.23,0.7501514998500454,0.05,0.3295236844080538,2.44,1.5911370688024247,2.44,1.5911370688024247,17.56,1.5911370688024242,10.0,0.0,20.0,0.0,2.0,0.0,1.0,0.0,2.41,1.5248447511637095
1091.0,1091.0,100,0.88,0.9132028219072661,0.044000000000000004,0.04566014109536331,0.956,0.04566014109536331,0.0,0.0,0.0,0.0,9.84,0.3684529491774707,0.72,0.6974701760395542,9.23,0.7501514998500454,0.05,0.3295236844080538,2.44,1.5911370688024247,2.43,1.5970616959297663,17.56,1.5911370688024242,10.0,0.0,20.0,0.0,2.0,0.0,1.0,0.0,2.41,1.5248447511637095
1092.0,1092.0,100,0.88,0.9132028219072661,0.044000000000000004,0.04566014109536331,0.956,0.04566014109536331,0.0,0.0,0.0,0.0,9.84,0.3684529491774707,0.72,0.6974701760395542,9.23,0.7501514998500454,0.05,0.3295236844080538,2.44,1.5911370688024247,2.43,1.5970616959297663,17.56,1.5911370688024242,10.0,0.0,20.0,0.0,2.0,0.0,1.0,0.0,2.41,1.5248447511637095
1093.0,1093.0,100,0.88,0.9132028219072661,0.044000000000000004,0.04566014109536331,0.956,0.04566014109536331,0.0,0.0,0.0,0.0,9.84,0.3684529491774707,0.72,0.6974701760395542,9.23,0.7501514998500454,0.05,0.3295236844080538,2.44,1.5911370688024247,2.43,1.5970616959297663,17.56,1.5911370688024242,10.0,0.0,20.0,0.0,2.0,0.0,1.0,0.0,2.41,1.5248447511637095
1094.0,1094.0,100,0.88,0.9132028219072661,0.044000000000000004,0.04566014109536331,0.956,0.04566014109536331,0.0,0.0,0.0,0.0,9.84,0.3684529491774707,0.72,0.6974701760395542,9.23,0.7501514998500454,0.05,0.3295236844080538,2.44,1.5911370688024247,2.43,1.5970616959297663,17.56,1.5911370688024242,10.0,0.0,20.0,0.0,2.0,0.0,1.0,0.0,2.41,1.5248447511637095
1095.0,1095.0,100,0.88,0.9132028219072661,0.044000000000000004,0.04566014109536331,0.956,0.04566014109536331,0.0,0.0,0.0,0.0,9.84,0.3684529491774707,0.72,0.6974701760395542,9.23,0.7501514998500454,0.05,0.3295236844080538,2.44,1.5911370688024247,2.43,1.5970616959297663,17.56,1.5911370688024242,10.0,0.0,20.0,0.0,2.0,0.0,1.0,0.0,2.41,1.5248447511637095
1096.0,1096.0,100,0.88,0.9132028219072661,0.044000000000000004,0.04566014109536331,0.956,0.04566014109536331,0.0,0.0,0.0,0.0,9.84,0.3684529491774707,0.72,0.6974701760395542,9.23,0.7501514998500454,0.05,0.3295236844080538,2.44,1.5911370688024247,2.42,1.5838834769915584,17.56,1.5911370688024242,10.0,0.0,20.0,0.0,2.0,0.0,1.0,0.0,2.41,1.5248447511637095
1097.0,1097.0,100,0.88,0.9132028219072661,0.044000000000000004,0.04566014109536331,0.956,0.04566014109536331,0.0,0.0,0.0,0.0,9.84,0.3684529491774707,0.72,0.6974701760395542,9.23,0.7501514998500454,0.05,0.3295236844080538,2.44,1.5911370688024247,2.42,1.5838834769915584,17.56,1.5911370688024242,10.0,0.0,20.0,0.0,2.0,0.0,1.0,0.0,2.41,1.5248447511637095
1098.0,1098.0,100,0.88,0.9132028219072661,0.044000000000000004,0.04566014109536331,0.956,0.04566014109536331,0.0,0.0,0.0,0.0,9.84,0.3684529491774707,0.72,0.6974701760395542,9.23,0.7501514998500454,0.05,0.3295236844080538,2.44,1.5911370688024247,2.42,1.5838834769915584,17.56,1.5911370688024242,10.0,0.0,20.0,0.0,2.0,0.0,1.0,0.0,2.41,1.5248447511637095
1099.0,1099.0,100,0.88,0.9132028219072661,0.044000000000000004,0.04566014109536331,0.956,0.04566014109536331,0.0,0.0,0.0,0.0,9.84,0.3684529491774707,0.72,0.6974701760395542,9.23,0.7501514998500454,0.05,0.3295236844080538,2.44,1.5911370688024247,2.42,1.5838834769915584,17.56,1.5911370688024242,10.0,0.0,20.0,0.0,2.0,0.0,1.0,0.0,2.41,1.5248447511637095
1100.0,1100.0,100,0.87,0.9062632792478856,0.043500000000000004,0.04531316396239428,0.9565,0.04531316396239429,0.0,0.0,0.0005,0.004999999999999999,9.84,0.3684529491774707,0.71,0.6860073327640607,9.24,0.7264136340107938,0.05,0.3295236844080538,2.43,1.57797338380595,2.42,1.5838834769915584,17.57,1.5779733838059493,10.0,0.0,20.0,0.0,2.0,0.0,1.0,0.0,2.41,1.5248447511637095
1101.0,1101.0,100,0.86,0.9103223982122317,0.043,0.04551611991061157,0.9570000000000001,0.04551611991061157,0.0,0.0,0.0005,0.005,9.84,0.3684529491774707,0.7,0.6890192121758832,9.25,0.7299508769967217,0.05,0.3295236844080538,2.42,1.5838834769915584,2.42,1.5838834769915584,17.58,1.5838834769915582,10.0,0.0,20.0,0.0,2.0,0.0,1.0,0.0,2.41,1.5248447511637095
1102.0,1102.0,100,0.86,0.9103223982122317,0.043,0.04551611991061157,0.9570000000000001,0.04551611991061157,0.0,0.0,0.0,0.0,9.84,0.3684529491774707,0.7,0.6890192121758832,9.25,0.7299508769967217,0.05,0.3295236844080538,2.42,1.5838834769915584,2.42,1.5838834769915584,17.58,1.5838834769915582,10.0,0.0,20.0,0.0,2.0,0.0,1.0,0.0,2.41,1.5248447511637095
1103.0,1103.0,100,0.86,0.9103223982122317,0.043,0.04551611991061157,0.9570000000000001,0.04551611991061157,0.0,0.0,0.0,0.0,9.84,0.3684529491774707,0.7,0.6890192121758832,9.25,0.7299508769967217,0.05,0.3295236844080538,2.42,1.5838834769915584,2.42,1.5838834769915584,17.58,1.5838834769915582,10.0,0.0,20.0,0.0,2.0,0.0,1.0,0.0,2.41,1.5248447511637095
1104.0,1104.0,100,0.86,0.9103223982122317,0.043,0.04551611991061157,0.9570000000000001,0.04551611991061157,0.0,0.0,0.0,0.0,9.84,0.3684529491774707,0.7,0.6890192121758832,9.25,0.7299508769967217,0.05,0.3295236844080538,2.42,1.5838834769915584,2.42,1.5838834769915584,17.58,1.5838834769915582,10.0,0.0,20.0,0.0,2.0,0.0,1.0,0.0,2.41,1.5248447511637095
1105.0,1105.0,100,0.86,0.9103223982122317,0.043,0.04551611991061157,0.9570000000000001,0.04551611991061157,0.0,0.0,0.0,0.0,9.84,0.3684529491774707,0.7,0.6890192121758832,9.25,0.7299508769967217,0.05,0.3295236844080538,2.42,1.5838834769915584,2.42,1.5838834769915584,17.58,1.5838834769915582,10.0,0.0,20.0,0.0,2.0,0.0,1.0,0.0,2.41,1.5248447511637095
1106.0,1106.0,100,0.86,0.9103223982122317,0.043,0.04551611991061157,0.9570000000000001,0.04551611991061157,0.0,0.0,0.0,0.0,9.84,0.3684529491774707,0.7,0.6890192121758832,9.25,0.7299508769967217,0.05,0.3295236844080538,2.42,1.5838834769915584,2.42,1.5838834769915584,17.58,1.5838834769915582,10.0,0.0,20.0,0.0,2.0,0.0,1.0,0.0,2.41,1.5248447511637095
1107.0,1107.0,100,0.86,0.9103223982122317,0.043,0.04551611991061157,0.9570000000000001,0.04551611991061157,0.0,0.0,0.0,0.0,9.84,0.3684529491774707,0.7,0.6890192121758832,9.25,0.7299508769967217,0.05,0.3295236844080538,2.42,1.5838834769915584,2.42,1.5838834769915584,17.58,1.5838834769915582,10.0,0.0,20.0,0.0,2.0,0.0,1.0,0.0,2.41,1.5248447511637095
1108.0,1108.0,100,0.86,0.9103223982122317,0.043,0.04551611991061157,0.9570000000000001,0.04551611991061157,0.0,0.0,0.0,0.0,9.84,0.3684529491774707,0.7,0.6890192121758832,9.25,0.7299508769967217,0.05,0.3295236844080538,2.42,1.5838834769915584,2.4,1.5891043154093203,17.58,1.5838834769915582,10.0,0.0,20.0,0.0,2.0,0.0,1.0,0.0,2.41,1.5248447511637095
1109.0,1109.0,100,0.86,0.9103223982122317,0.043,0.04551611991061157,0.9570000000000001,0.04551611991061157,0.0,0.0,0.0,0.0,9.84,0.3684529491774707,0.7,0.6890192121758832,9.25,0.7299508769967217,0.05,0.3295236844080538,2.42,1.5838834769915584,2.4,1.5891043154093203,17.58,1.5838834769915582,10.0,0.0,20.0,0.0,2.0,0.0,1.0,0.0,2.41,1.5248447511637095
1110.0,1110.0,100,0.86,0.9103223982122317,0.043,0.04551611991061157,0.9570000000000001,0.04551611991061157,0.0,0.0,0.0,0.0,9.84,0.3684529491774707,0.7,0.6890192121758832,9.25,0.7299508769967217,0.05,0.3295236844080538,2.42,1.5838834769915584,2.4,1.5891043154093203,17.58,1.5838834769915582,10.0,0.0,20.0,0.0,2.0,0.0,1.0,0.0,2.41,1.5248447511637095
1111.0,1111.0,100,0.86,0.9103223982122317,0.043,0.04551611991061157,0.9570000000000001,0.04551611991061157,0.0,0.0,0.0,0.0,9.84,0.3684529491774707,0.7,0.6890192121758832,9.25,0.7299508769967217,0.05,0.3295236844080538,2.42,1.5838834769915584,2.4,1.5891043154093203,17.58,1.5838834769915582,10.0,0.0,20.0,0.0,2.0,0.0,1.0,0.0,2.41,1.5248447511637095
1112.0,1112.0,100,0.85,0.9142530206997326,0.0425,0.04571265103498663,0.9575,0.04571265103498663,0.0,0.0,0.0005,0.005,9.84,0.3684529491774707,0.69,0.6918720031095844,9.26,0.7333333333333335,0.05,0.3295236844080538,2.41,1.5833413077949103,2.4,1.5891043154093203,17.59,1.5833413077949103,10.0,0.0,20.0,0.0,2.0,0.0,1.0,0.0,2.41,1.5248447511637095
1113.0,1113.0,100,0.84,0.9069874655287484,0.042,0.04534937327643742,0.958,0.045349373276437434,0.0,0.0,0.0005,0.005,9.84,0.3684529491774707,0.68,0.6798692684790382,9.27,0.722719331637969,0.05,0.3295236844080538,2.4,1.5891043154093203,2.4,1.5891043154093203,17.6,1.5891043154093203,10.0,0.0,20.0,0.0,2.0,0.0,1.0,0.0,2.41,1.5248447511637095
1114.0,1114.0,100,0.84,0.9069874655287484,0.042,0.04534937327643742,0.958,0.045349373276437434,0.0,0.0,0.0,0.0,9.84,0.3684529491774707,0.68,0.6798692684790382,9.27,0.722719331637969,0.05,0.3295236844080538,2.4,1.5891043154093203,2.39,1.5947831618540915,17.6,1.5891043154093203,10.0,0.0,20.0,0.0,2.0,0.0,1.0,0.0,2.41,1.5248447511637095
1115.0,1115.0,100,0.84,0.9069874655287484,0.042,0.04534937327643742,0.958,0.045349373276437434,0.0,0.0,0.0,0.0,9.84,0.3684529491774707,0.68,0.6798692684790382,9.27,0.722719331637969,0.05,0.3295236844080538,2.4,1.5891043154093203,2.39,1.5947831618540915,17.6,1.5891043154093203,10.0,0.0,20.0,0.0,2.0,0.0,1.0,0.0,2.41,1.5248447511637095
1116.0,1116.0,100,0.84,0.9069874655287484,0.042,0.04534937327643742,0.958,0.045349373276437434,0.0,0.0,0.0,0.0,9.84,0.3684529491774707,0.68,0.6798692684790382,9.27,0.722719331637969,0.05,0.3295236844080538,2.4,1.5891043154093203,2.39,1.5947831618540915,17.6,1.5891043154093203,10.0,0.0,20.0,0.0,2.0,0.0,1.0,0.0,2.41,1.5248447511637095
1117.0,1117.0,100,0.84,0.9069874655287484,0.042,0.04534937327643742,0.958,0.045349373276437434,0.0,0.0,0.0,0.0,9.84,0.3684529491774707,0.68,0.6798692684790382,9.27,0.722719331637969,0.05,0.3295236844080538,2.4,1.5891043154093203,2.39,1.5947831618540915,17.6,1.5891043154093203,10.0,0.0,20.0,0.0,2.0,0.0,1.0,0.0,2.41,1.5248447511637095
1118.0,1118.0,100,0.83,0.9107106782035331,0.0415,0.04553553391017665,0.9584999999999999,0.045535533910176666,0.0,0.0,0.0005,0.005,9.84,0.3684529491774707,0.67,0.6824643402827549,9.28,0.7258572083190238,0.05,0.3295236844080538,2.39,1.5947831618540915,2.39,1.5947831618540915,17.61,1.5947831618540922,10.0,0.0,20.0,0.0,2.0,0.0,1.0,0.0,2.41,1.5248447511637095
1119.0,1119.0,100,0.83,0.9107106782035331,0.0415,0.04553553391017665,0.9584999999999999,0.045535533910176666,0.0,0.0,0.0,0.0,9.84,0.3684529491774707,0.67,0.6824643402827549,9.28,0.7258572083190238,0.05,0.3295236844080538,2.39,1.5947831618540915,2.38,1.5940546104227733,17.61,1.5947831618540922,10.0,0.0,20.0,0.0,2.0,0.0,1.0,0.0,2.41,1.5248447511637095
1120.0,1120.0,100,0.83,0.9107106782035331,0.0415,0.04553553391017665,0.9584999999999999,0.045535533910176666,0.0,0.0,0.0,0.0,9.84,0.3684529491774707,0.67,0.6824643402827549,9.28,0.7258572083190238,0.05,0.3295236844080538,2.39,1.5947831618540915,2.38,1.5940546104227733,17.61,1.5947831618540922,10.0,0.0,20.0,0.0,2.0,0.0,1.0,0.0,2.41,1.5248447511637095
1121.0,1121.0,100,0.83,0.9107106782035331,0.0415,0.04553553391017665,0.9584999999999999,0.045535533910176666,0.0,0.0,0.0,0.0,9.84,0.3684529491774707,0.67,0.6824643402827549,9.28,0.7258572083190238,0.05,0.3295236844080538,2.39,1.5947831618540915,2.37,1.593262328835038,17.61,1.5947831618540922,10.0,0.0,20.0,0.0,2.0,0.0,1.0,0.0,2.41,1.5248447511637095
1122.0,1122.0,100,0.83,0.9107106782035331,0.0415,0.04553553391017665,0.9584999999999999,0.045535533910176666,0.0,0.0,0.0,0.0,9.84,0.3684529491774707,0.67,0.6824643402827549,9.28,0.7258572083190238,0.05,0.3295236844080538,2.39,1.5947831618540915,2.37,1.593262328835038,17.61,1.5947831618540922,10.0,0.0,20.0,0.0,2.0,0.0,1.0,0.0,2.41,1.5248447511637095
1123.0,1123.0,100,0.82,0.8919392106839769,0.04100000000000001,0.04459696053419884,0.9590000000000001,0.04459696053419884,0.0,0.0,0.0004999999999999999,0.004999999999999998,9.84,0.3684529491774707,0.66,0.6699917080747262,9.29,0.7148497051899098,0.05,0.3295236844080538,2.38,1.5940546104227733,2.37,1.593262328835038,17.62,1.5940546104227737,10.0,0.0,20.0,0.0,2.0,0.0,1.0,0.0,2.41,1.5248447511637095
1124.0,1124.0,100,0.82,0.8919392106839769,0.04100000000000001,0.04459696053419884,0.9590000000000001,0.04459696053419884,0.0,0.0,0.0,0.0,9.84,0.3684529491774707,0.66,0.6699917080747262,9.29,0.7148497051899098,0.05,0.3295236844080538,2.38,1.5940546104227733,2.37,1.593262328835038,17.62,1.5940546104227737,10.0,0.0,20.0,0.0,2.0,0.0,1.0,0.0,2.41,1.5248447511637095
1125.0,1125.0,100,0.81,0.8954994092232512,0.0405,0.04477497046116256,0.9595,0.04477497046116258,0.0,0.0,0.0005,0.005,9.84,0.3684529491774707,0.65,0.6723244767373875,9.3,0.7177405625652735,0.05,0.3295236844080538,2.37,1.593262328835038,2.37,1.593262328835038,17.63,1.5932623288350387,10.0,0.0,20.0,0.0,2.0,0.0,1.0,0.0,2.41,1.5248447511637095
1126.0,1126.0,100,0.81,0.8954994092232512,0.0405,0.04477497046116256,0.9595,0.04477497046116258,0.0,0.0,0.0,0.0,9.84,0.3684529491774707,0.65,0.6723244767373875,9.3,0.7177405625652735,0.05,0.3295236844080538,2.37,1.593262328835038,2.37,1.593262328835038,17.63,1.5932623288350387,10.0,0.0,20.0,0.0,2.0,0.0,1.0,0.0,2.41,1.5248447511637095
1127.0,1127.0,100,0.81,0.8954994092232512,0.0405,0.04477497046116256,0.9595,0.04477497046116258,0.0,0.0,0.0,0.0,9.84,0.3684529491774707,0.65,0.6723244767373875,9.3,0.7177405625652735,0.05,0.3295236844080538,2.37,1.593262328835038,2.37,1.593262328835038,17.63,1.5932623288350387,10.0,0.0,20.0,0.0,2.0,0.0,1.0,0.0,2.41,1.5248447511637095
1128.0,1128.0,100,0.81,0.8954994092232512,0.0405,0.04477497046116256,0.9595,0.04477497046116258,0.0,0.0,0.0,0.0,9.84,0.3684529491774707,0.65,0.6723244767373875,9.3,0.7177405625652735,0.05,0.3295236844080538,2.37,1.593262328835038,2.37,1.593262328835038,17.63,1.5932623288350387,10.0,0.0,20.0,0.0,2.0,0.0,1.0,0.0,2.41,1.5248447511637095
1129.0,1129.0,100,0.81,0.8954994092232512,0.0405,0.04477497046116256,0.9595,0.04477497046116258,0.0,0.0,0.0,0.0,9.84,0.3684529491774707,0.65,0.6723244767373875,9.3,0.7177405625652735,0.05,0.3295236844080538,2.37,1.593262328835038,2.37,1.593262328835038,17.63,1.5932623288350387,10.0,0.0,20.0,0.0,2.0,0.0,1.0,0.0,2.41,1.5248447511637095
1130.0,1130.0,100,0.81,0.8954994092232512,0.0405,0.04477497046116256,0.9595,0.04477497046116258,0.0,0.0,0.0,0.0,9.84,0.3684529491774707,0.65,0.6723244767373875,9.3,0.7177405625652735,0.05,0.3295236844080538,2.37,1.593262328835038,2.37,1.593262328835038,17.63,1.5932623288350387,10.0,0.0,20.0,0.0,2.0,0.0,1.0,0.0,2.41,1.5248447511637095
1131.0,1131.0,100,0.81,0.8954994092232512,0.0405,0.04477497046116256,0.9595,0.04477497046116258,0.0,0.0,0.0,0.0,9.84,0.3684529491774707,0.65,0.6723244767373875,9.3,0.7177405625652735,0.05,0.3295236844080538,2.37,1.593262328835038,2.37,1.593262328835038,17.63,1.5932623288350387,10.0,0.0,20.0,0.0,2.0,0.0,1.0,0.0,2.41,1.5248447511637095
1132.0,1132.0,100,0.81,0.8954994092232512,0.0405,0.04477497046116256,0.9595,0.04477497046116258,0.0,0.0,0.0,0.0,9.84,0.3684529491774707,0.65,0.6723244767373875,9.3,0.7177405625652735,0.05,0.3295236844080538,2.37,1.593262328835038,2.36,1.5987368751485018,17.63,1.5932623288350387,10.0,0.0,20.0,0.0,2.0,0.0,1.0,0.0,2.41,1.5248447511637095
1133.0,1133.0,100,0.81,0.8954994092232512,0.0405,0.04477497046116256,0.9595,0.04477497046116258,0.0,0.0,0.0,0.0,9.84,0.3684529491774707,0.65,0.6723244767373875,9.3,0.7177405625652735,0.05,0.3295236844080538,2.37,1.593262328835038,2.36,1.5987368751485018,17.63,1.5932623288350387,10.0,0.0,20.0,0.0,2.0,0.0,1.0,0.0,2.41,1.5248447511637095
1134.0,1134.0,100,0.81,0.8954994092232512,0.0405,0.04477497046116256,0.9595,0.04477497046116258,0.0,0.0,0.0,0.0,9.84,0.3684529491774707,0.65,0.6723244767373875,9.3,0.7177405625652735,0.05,0.3295236844080538,2.37,1.593262328835038,2.35,1.5723301886761007,17.63,1.5932623288350387,10.0,0.0,20.0,0.0,2.0,0.0,1.0,0.0,2.41,1.5248447511637095
1135.0,1135.0,100,0.81,0.8954994092232512,0.0405,0.04477497046116256,0.9595,0.04477497046116258,0.0,0.0,0.0,0.0,9.84,0.3684529491774707,0.65,0.6723244767373875,9.3,0.7177405625652735,0.05,0.3295236844080538,2.37,1.593262328835038,2.35,1.5723301886761007,17.63,1.5932623288350387,10.0,0.0,20.0,0.0,2.0,0.0,1.0,0.0,2.41,1.5248447511637095
1136.0,1136.0,100,0.8,0.8989331499509896,0.04,0.04494665749754949,0.96,0.04494665749754949,0.0,0.0,0.0005,0.004999999999999998,9.84,0.3684529491774707,0.64,0.6744994402884964,9.31,0.720479638220893,0.05,0.3295236844080538,2.36,1.5987368751485018,2.35,1.5723301886761007,17.64,1.5987368751485023,10.0,0.0,20.0,0.0,2.0,0.0,1.0,0.0,2.41,1.5248447511637095
1137.0,1137.0,100,0.8,0.8989331499509896,0.04,0.04494665749754949,0.96,0.04494665749754949,0.0,0.0,0.0,0.0,9.84,0.3684529491774707,0.64,0.6744994402884964,9.31,0.720479638220893,0.05,0.3295236844080538,2.36,1.5987368751485018,2.35,1.5723301886761007,17.64,1.5987368751485023,10.0,0.0,20.0,0.0,2.0,0.0,1.0,0.0,2.41,1.5248447511637095
1138.0,1138.0,100,0.8,0.8989331499509896,0.04,0.04494665749754949,0.96,0.04494665749754949,0.0,0.0,0.0,0.0,9.84,0.3684529491774707,0.64,0.6744994402884964,9.31,0.720479638220893,0.05,0.3295236844080538,2.36,1.5987368751485018,2.35,1.5723301886761007,17.64,1.5987368751485023,10.0,0.0,20.0,0.0,2.0,0.0,1.0,0.0,2.41,1.5248447511637095
1139.0,1139.0,100,0.8,0.8989331499509896,0.04,0.04494665749754949,0.96,0.04494665749754949,0.0,0.0,0.0,0.0,9.84,0.3684529491774707,0.64,0.6744994402884964,9.31,0.720479638220893,0.05,0.3295236844080538,2.36,1.5987368751485018,2.35,1.5723301886761007,17.64,1.5987368751485023,10.0,0.0,20.0,0.0,2.0,0.0,1.0,0.0,2.41,1.5248447511637095
1140.0,1140.0,100,0.8,0.8989331499509896,0.04,0.04494665749754949,0.96,0.04494665749754949,0.0,0.0,0.0,0.0,9.84,0.3684529491774707,0.64,0.6744994402884964,9.31,0.720479638220893,0.05,0.3295236844080538,2.36,1.5987368751485018,2.35,1.5723301886761007,17.64,1.5987368751485023,10.0,0.0,20.0,0.0,2.0,0.0,1.0,0.0,2.41,1.5248447511637095
1141.0,1141.0,100,0.8,0.8989331499509896,0.04,0.04494665749754949,0.96,0.04494665749754949,0.0,0.0,0.0,0.0,9.84,0.3684529491774707,0.64,0.6744994402884964,9.31,0.720479638220893,0.05,0.3295236844080538,2.36,1.5987368751485018,2.35,1.5723301886761007,17.64,1.5987368751485023,10.0,0.0,20.0,0.0,2.0,0.0,1.0,0.0,2.41,1.5248447511637095
1142.0,1142.0,100,0.8,0.8989331499509896,0.04,0.04494665749754949,0.96,0.04494665749754949,0.0,0.0,0.0,0.0,9.84,0.3684529491774707,0.64,0.6744994402884964,9.31,0.720479638220893,0.05,0.3295236844080538,2.36,1.5987368751485018,2.35,1.5723301886761007,17.64,1.5987368751485023,10.0,0.0,20.0,0.0,2.0,0.0,1.0,0.0,2.41,1.5248447511637095
1143.0,1143.0,100,0.8,0.8989331499509896,0.04,0.04494665749754949,0.96,0.04494665749754949,0.0,0.0,0.0,0.0,9.84,0.3684529491774707,0.64,0.6744994402884964,9.31,0.720479638220893,0.05,0.3295236844080538,2.36,1.5987368751485018,2.35,1.5723301886761007,17.64,1.5987368751485023,10.0,0.0,20.0,0.0,2.0,0.0,1.0,0.0,2.41,1.5248447511637095
1144.0,1144.0,100,0.79,0.8795660086863087,0.0395,0.04397830043431545,0.9605,0.04397830043431544,0.0,0.0,0.0004999999999999999,0.004999999999999998,9.85,0.35887028128263676,0.64,0.6744994402884964,9.31,0.720479638220893,0.05,0.3295236844080538,2.35,1.5723301886761007,2.35,1.5723301886761007,17.65,1.5723301886761012,10.0,0.0,20.0,0.0,2.0,0.0,1.0,0.0,2.41,1.5248447511637095
1145.0,1145.0,100,0.79,0.8795660086863087,0.0395,0.04397830043431545,0.9605,0.04397830043431544,0.0,0.0,0.0,0.0,9.85,0.35887028128263676,0.64,0.6744994402884964,9.31,0.720479638220893,0.05,0.3295236844080538,2.35,1.5723301886761007,2.35,1.5723301886761007,17.65,1.5723301886761012,10.0,0.0,20.0,0.0,2.0,0.0,1.0,0.0,2.41,1.5248447511637095
1146.0,1146.0,100,0.79,0.8795660086863087,0.0395,0.04397830043431545,0.9605,0.04397830043431544,0.0,0.0,0.0,0.0,9.85,0.35887028128263676,0.64,0.6744994402884964,9.31,0.720479638220893,0.05,0.3295236844080538,2.35,1.5723301886761007,2.35,1.5723301886761007,17.65,1.5723301886761012,10.0,0.0,20.0,0.0,2.0,0.0,1.0,0.0,2.41,1.5248447511637095
1147.0,1147.0,100,0.79,0.8795660086863087,0.0395,0.04397830043431545,0.9605,0.04397830043431544,0.0,0.0,0.0,0.0,9.85,0.35887028128263676,0.64,0.6744994402884964,9.31,0.720479638220893,0.05,0.3295236844080538,2.35,1.5723301886761007,2.35,1.5723301886761007,17.65,1.5723301886761012,10.0,0.0,20.0,0.0,2.0,0.0,1.0,0.0,2.41,1.5248447511637095
1148.0,1148.0,100,0.79,0.8795660086863087,0.0395,0.04397830043431545,0.9605,0.04397830043431544,0.0,0.0,0.0,0.0,9.85,0.35887028128263676,0.64,0.6744994402884964,9.31,0.720479638220893,0.05,0.3295236844080538,2.35,1.5723301886761007,2.35,1.5723301886761007,17.65,1.5723301886761012,10.0,0.0,20.0,0.0,2.0,0.0,1.0,0.0,2.41,1.5248447511637095
1149.0,1149.0,100,0.79,0.8795660086863087,0.0395,0.04397830043431545,0.9605,0.04397830043431544,0.0,0.0,0.0,0.0,9.85,0.35887028128263676,0.64,0.6744994402884964,9.31,0.720479638220893,0.05,0.3295236844080538,2.35,1.5723301886761007,2.35,1.5723301886761007,17.65,1.5723301886761012,10.0,0.0,20.0,0.0,2.0,0.0,1.0,0.0,2.41,1.5248447511637095
1150.0,1150.0,100,0.79,0.8795660086863087,0.0395,0.04397830043431545,0.9605,0.04397830043431544,0.0,0.0,0.0,0.0,9.85,0.35887028128263676,0.64,0.6744994402884964,9.31,0.720479638220893,0.05,0.3295236844080538,2.35,1.5723301886761007,2.35,1.5723301886761007,17.65,1.5723301886761012,10.0,0.0,20.0,0.0,2.0,0.0,1.0,0.0,2.41,1.5248447511637095
1151.0,1151.0,100,0.79,0.8795660086863087,0.0395,0.04397830043431545,0.9605,0.04397830043431544,0.0,0.0,0.0,0.0,9.85,0.35887028128263676,0.64,0.6744994402884964,9.31,0.720479638220893,0.05,0.3295236844080538,2.35,1.5723301886761007,2.35,1.5723301886761007,17.65,1.5723301886761012,10.0,0.0,20.0,0.0,2.0,0.0,1.0,0.0,2.41,1.5248447511637095
1152.0,1152.0,100,0.79,0.8795660086863087,0.0395,0.04397830043431545,0.9605,0.04397830043431544,0.0,0.0,0.0,0.0,9.85,0.35887028128263676,0.64,0.6744994402884964,9.31,0.720479638220893,0.05,0.3295236844080538,2.35,1.5723301886761007,2.35,1.5723301886761007,17.65,1.5723301886761012,10.0,0.0,20.0,0.0,2.0,0.0,1.0,0.0,2.41,1.5248447511637095
1153.0,1153.0,100,0.79,0.8795660086863087,0.0395,0.04397830043431545,0.9605,0.04397830043431544,0.0,0.0,0.0,0.0,9.85,0.35887028128263676,0.64,0.6744994402884964,9.31,0.720479638220893,0.05,0.3295236844080538,2.35,1.5723301886761007,2.35,1.5723301886761007,17.65,1.5723301886761012,10.0,0.0,20.0,0.0,2.0,0.0,1.0,0.0,2.41,1.5248447511637095
1154.0,1154.0,100,0.79,0.8795660086863087,0.0395,0.04397830043431545,0.9605,0.04397830043431544,0.0,0.0,0.0,0.0,9.85,0.35887028128263676,0.64,0.6744994402884964,9.31,0.720479638220893,0.05,0.3295236844080538,2.35,1.5723301886761007,2.35,1.5723301886761007,17.65,1.5723301886761012,10.0,0.0,20.0,0.0,2.0,0.0,1.0,0.0,2.41,1.5248447511637095
1155.0,1155.0,100,0.79,0.8795660086863087,0.0395,0.04397830043431545,0.9605,0.04397830043431544,0.0,0.0,0.0,0.0,9.85,0.35887028128263676,0.64,0.6744994402884964,9.31,0.720479638220893,0.05,0.3295236844080538,2.35,1.5723301886761007,2.34,1.577749323971628,17.65,1.5723301886761012,10.0,0.0,20.0,0.0,2.0,0.0,1.0,0.0,2.41,1.5248447511637095
1156.0,1156.0,100,0.79,0.8795660086863087,0.0395,0.04397830043431545,0.9605,0.04397830043431544,0.0,0.0,0.0,0.0,9.85,0.35887028128263676,0.64,0.6744994402884964,9.31,0.720479638220893,0.05,0.3295236844080538,2.35,1.5723301886761007,2.34,1.577749323971628,17.65,1.5723301886761012,10.0,0.0,20.0,0.0,2.0,0.0,1.0,0.0,2.41,1.5248447511637095
1157.0,1157.0,100,0.79,0.8795660086863087,0.0395,0.04397830043431545,0.9605,0.04397830043431544,0.0,0.0,0.0,0.0,9.85,0.35887028128263676,0.64,0.6744994402884964,9.31,0.720479638220893,0.05,0.3295236844080538,2.35,1.5723301886761007,2.34,1.577749323971628,17.65,1.5723301886761012,10.0,0.0,20.0,0.0,2.0,0.0,1.0,0.0,2.41,1.5248447511637095
1158.0,1158.0,100,0.79,0.8795660086863087,0.0395,0.04397830043431545,0.9605,0.04397830043431544,0.0,0.0,0.0,0.0,9.85,0.35887028128263676,0.64,0.6744994402884964,9.31,0.720479638220893,0.05,0.3295236844080538,2.35,1.5723301886761007,2.34,1.577749323971628,17.65,1.5723301886761012,10.0,0.0,20.0,0.0,2.0,0.0,1.0,0.0,2.41,1.5248447511637095
1159.0,1159.0,100,0.79,0.8795660086863087,0.0395,0.04397830043431545,0.9605,0.04397830043431544,0.0,0.0,0.0,0.0,9.85,0.35887028128263676,0.64,0.6744994402884964,9.31,0.720479638220893,0.05,0.3295236844080538,2.35,1.5723301886761007,2.34,1.577749323971628,17.65,1.5723301886761012,10.0,0.0,20.0,0.0,2.0,0.0,1.0,0.0,2.41,1.5248447511637095
1160.0,1160.0,100,0.79,0.8795660086863087,0.0395,0.04397830043431545,0.9605,0.04397830043431544,0.0,0.0,0.0,0.0,9.85,0.35887028128263676,0.64,0.6744994402884964,9.31,0.720479638220893,0.05,0.3295236844080538,2.35,1.5723301886761007,2.34,1.577749323971628,17.65,1.5723301886761012,10.0,0.0,20.0,0.0,2.0,0.0,1.0,0.0,2.41,1.5248447511637095
1161.0,1161.0,100,0.79,0.8795660086863087,0.0395,0.04397830043431545,0.9605,0.04397830043431544,0.0,0.0,0.0,0.0,9.85,0.35887028128263676,0.64,0.6744994402884964,9.31,0.720479638220893,0.05,0.3295236844080538,2.35,1.5723301886761007,2.34,1.577749323971628,17.65,1.5723301886761012,10.0,0.0,20.0,0.0,2.0,0.0,1.0,0.0,2.41,1.5248447511637095
1162.0,1162.0,100,0.79,0.8795660086863087,0.0395,0.04397830043431545,0.9605,0.04397830043431544,0.0,0.0,0.0,0.0,9.85,0.35887028128263676,0.64,0.6744994402884964,9.31,0.720479638220893,0.05,0.3295236844080538,2.35,1.5723301886761007,2.34,1.577749323971628,17.65,1.5723301886761012,10.0,0.0,20.0,0.0,2.0,0.0,1.0,0.0,2.41,1.5248447511637095
1163.0,1163.0,100,0.79,0.8795660086863087,0.0395,0.04397830043431545,0.9605,0.04397830043431544,0.0,0.0,0.0,0.0,9.85,0.35887028128263676,0.64,0.6744994402884964,9.31,0.720479638220893,0.05,0.3295236844080538,2.35,1.5723301886761007,2.34,1.577749323971628,17.65,1.5723301886761012,10.0,0.0,20.0,0.0,2.0,0.0,1.0,0.0,2.41,1.5248447511637095
1164.0,1164.0,100,0.79,0.8795660086863087,0.0395,0.04397830043431545,0.9605,0.04397830043431544,0.0,0.0,0.0,0.0,9.85,0.35887028128263676,0.64,0.6744994402884964,9.31,0.720479638220893,0.05,0.3295236844080538,2.35,1.5723301886761007,2.32,1.5946881522825407,17.65,1.5723301886761012,10.0,0.0,20.0,0.0,2.0,0.0,1.0,0.0,2.41,1.5248447511637095
1165.0,1165.0,100,0.78,0.8713161993168262,0.03900000000000001,0.043565809965841314,0.961,0.04356580996584133,0.0,0.0,0.0005,0.005,9.86,0.3487350880197771,0.64,0.6744994402884964,9.31,0.720479638220893,0.05,0.3295236844080538,2.34,1.577749323971628,2.32,1.5946881522825407,17.66,1.5777493239716285,10.0,0.0,20.0,0.0,2.0,0.0,1.0,0.0,2.41,1.5248447511637095
1166.0,1166.0,100,0.78,0.8713161993168262,0.03900000000000001,0.043565809965841314,0.961,0.04356580996584133,0.0,0.0,0.0,0.0,9.86,0.3487350880197771,0.64,0.6744994402884964,9.31,0.720479638220893,0.05,0.3295236844080538,2.34,1.577749323971628,2.32,1.5946881522825407,17.66,1.5777493239716285,10.0,0.0,20.0,0.0,2.0,0.0,1.0,0.0,2.41,1.5248447511637095
1167.0,1167.0,100,0.78,0.8713161993168262,0.03900000000000001,0.043565809965841314,0.961,0.04356580996584133,0.0,0.0,0.0,0.0,9.86,0.3487350880197771,0.64,0.6744994402884964,9.31,0.720479638220893,0.05,0.3295236844080538,2.34,1.577749323971628,2.32,1.5946881522825407,17.66,1.5777493239716285,10.0,0.0,20.0,0.0,2.0,0.0,1.0,0.0,2.41,1.5248447511637095
1168.0,1168.0,100,0.76,0.8659670836117215,0.038000000000000006,0.043298354180586064,0.9620000000000001,0.04329835418058608,0.0,0.0,0.001,0.007035264706814485,9.86,0.3487350880197771,0.62,0.6633249580710799,9.33,0.7114503609961951,0.05,0.3295236844080538,2.32,1.5946881522825407,2.32,1.5946881522825407,17.68,1.594688152282541,10.0,0.0,20.0,0.0,2.0,0.0,1.0,0.0,2.41,1.5248447511637095
1169.0,1169.0,100,0.76,0.8659670836117215,0.038000000000000006,0.043298354180586064,0.9620000000000001,0.04329835418058608,0.0,0.0,0.0,0.0,9.86,0.3487350880197771,0.62,0.6633249580710799,9.33,0.7114503609961951,0.05,0.3295236844080538,2.32,1.5946881522825407,2.32,1.5946881522825407,17.68,1.594688152282541,10.0,0.0,20.0,0.0,2.0,0.0,1.0,0.0,2.41,1.5248447511637095
1170.0,1170.0,100,0.76,0.8659670836117215,0.038000000000000006,0.043298354180586064,0.9620000000000001,0.04329835418058608,0.0,0.0,0.0,0.0,9.86,0.3487350880197771,0.62,0.6633249580710799,9.33,0.7114503609961951,0.05,0.3295236844080538,2.32,1.5946881522825407,2.31,1.580787426850584,17.68,1.594688152282541,10.0,0.0,20.0,0.0,2.0,0.0,1.0,0.0,2.41,1.5248447511637095
1171.0,1171.0,100,0.76,0.8659670836117215,0.038000000000000006,0.043298354180586064,0.9620000000000001,0.04329835418058608,0.0,0.0,0.0,0.0,9.86,0.3487350880197771,0.62,0.6633249580710799,9.33,0.7114503609961951,0.05,0.3295236844080538,2.32,1.5946881522825407,2.31,1.580787426850584,17.68,1.594688152282541,10.0,0.0,20.0,0.0,2.0,0.0,1.0,0.0,2.41,1.5248447511637095
1172.0,1172.0,100,0.76,0.8659670836117215,0.038000000000000006,0.043298354180586064,0.9620000000000001,0.04329835418058608,0.0,0.0,0.0,0.0,9.86,0.3487350880197771,0.62,0.6633249580710799,9.33,0.7114503609961951,0.05,0.3295236844080538,2.32,1.5946881522825407,2.31,1.580787426850584,17.68,1.594688152282541,10.0,0.0,20.0,0.0,2.0,0.0,1.0,0.0,2.41,1.5248447511637095
1173.0,1173.0,100,0.76,0.8659670836117215,0.038000000000000006,0.043298354180586064,0.9620000000000001,0.04329835418058608,0.0,0.0,0.0,0.0,9.86,0.3487350880197771,0.62,0.6633249580710799,9.33,0.7114503609961951,0.05,0.3295236844080538,2.32,1.5946881522825407,2.31,1.580787426850584,17.68,1.594688152282541,10.0,0.0,20.0,0.0,2.0,0.0,1.0,0.0,2.41,1.5248447511637095
1174.0,1174.0,100,0.75,0.8689364217539193,0.0375,0.04344682108769596,0.9625,0.043446821087695986,0.0,0.0,0.0005,0.005,9.86,0.3487350880197771,0.61,0.6650738547884983,9.34,0.7137891491854927,0.05,0.3295236844080538,2.31,1.580787426850584,2.31,1.580787426850584,17.69,1.5807874268505833,10.0,0.0,20.0,0.0,2.0,0.0,1.0,0.0,2.41,1.5248447511637095
1175.0,1175.0,100,0.75,0.8689364217539193,0.0375,0.04344682108769596,0.9625,0.043446821087695986,0.0,0.0,0.0,0.0,9.86,0.3487350880197771,0.61,0.6650738547884983,9.34,0.7137891491854927,0.05,0.3295236844080538,2.31,1.580787426850584,2.31,1.580787426850584,17.69,1.5807874268505833,10.0,0.0,20.0,0.0,2.0,0.0,1.0,0.0,2.41,1.5248447511637095
1176.0,1176.0,100,0.75,0.8689364217539193,0.0375,0.04344682108769596,0.9625,0.043446821087695986,0.0,0.0,0.0,0.0,9.86,0.3487350880197771,0.61,0.6650738547884983,9.34,0.7137891491854927,0.05,0.3295236844080538,2.31,1.580787426850584,2.31,1.580787426850584,17.69,1.5807874268505833,10.0,0.0,20.0,0.0,2.0,0.0,1.0,0.0,2.41,1.5248447511637095
1177.0,1177.0,100,0.75,0.8689364217539193,0.0375,0.04344682108769596,0.9625,0.043446821087695986,0.0,0.0,0.0,0.0,9.86,0.3487350880197771,0.61,0.6650738547884983,9.34,0.7137891491854927,0.05,0.3295236844080538,2.31,1.580787426850584,2.31,1.580787426850584,17.69,1.5807874268505833,10.0,0.0,20.0,0.0,2.0,0.0,1.0,0.0,2.41,1.5248447511637095
1178.0,1178.0,100,0.75,0.8689364217539193,0.0375,0.04344682108769596,0.9625,0.043446821087695986,0.0,0.0,0.0,0.0,9.86,0.3487350880197771,0.61,0.6650738547884983,9.34,0.7137891491854927,0.05,0.3295236844080538,2.31,1.580787426850584,2.31,1.580787426850584,17.69,1.5807874268505833,10.0,0.0,20.0,0.0,2.0,0.0,1.0,0.0,2.41,1.5248447511637095
1179.0,1179.0,100,0.75,0.8689364217539193,0.0375,0.04344682108769596,0.9625,0.043446821087695986,0.0,0.0,0.0,0.0,9.86,0.3487350880197771,0.61,0.6650738547884983,9.34,0.7137891491854927,0.05,0.3295236844080538,2.31,1.580787426850584,2.31,1.580787426850584,17.69,1.5807874268505833,10.0,0.0,20.0,0.0,2.0,0.0,1.0,0.0,2.41,1.5248447511637095
1180.0,1180.0,100,0.75,0.8689364217539193,0.0375,0.04344682108769596,0.9625,0.043446821087695986,0.0,0.0,0.0,0.0,9.86,0.3487350880197771,0.61,0.6650738547884983,9.34,0.7137891491854927,0.05,0.3295236844080538,2.31,1.580787426850584,2.31,1.580787426850584,17.69,1.5807874268505833,10.0,0.0,20.0,0.0,2.0,0.0,1.0,0.0,2.41,1.5248447511637095
1181.0,1181.0,100,0.75,0.8689364217539193,0.0375,0.04344682108769596,0.9625,0.043446821087695986,0.0,0.0,0.0,0.0,9.86,0.3487350880197771,0.61,0.6650738547884983,9.34,0.7137891491854927,0.05,0.3295236844080538,2.31,1.580787426850584,2.31,1.580787426850584,17.69,1.5807874268505833,10.0,0.0,20.0,0.0,2.0,0.0,1.0,0.0,2.41,1.5248447511637095
1182.0,1182.0,100,0.75,0.8689364217539193,0.0375,0.04344682108769596,0.9625,0.043446821087695986,0.0,0.0,0.0,0.0,9.86,0.3487350880197771,0.61,0.6650738547884983,9.34,0.7137891491854927,0.05,0.3295236844080538,2.31,1.580787426850584,2.31,1.580787426850584,17.69,1.5807874268505833,10.0,0.0,20.0,0.0,2.0,0.0,1.0,0.0,2.41,1.5248447511637095
1183.0,1183.0,100,0.75,0.8689364217539193,0.0375,0.04344682108769596,0.9625,0.043446821087695986,0.0,0.0,0.0,0.0,9.86,0.3487350880197771,0.61,0.6650738547884983,9.34,0.7137891491854927,0.05,0.3295236844080538,2.31,1.580787426850584,2.3,1.5922793521720786,17.69,1.5807874268505833,10.0,0.0,20.0,0.0,2.0,0.0,1.0,0.0,2.41,1.5248447511637095
1184.0,1184.0,100,0.75,0.8689364217539193,0.0375,0.04344682108769596,0.9625,0.043446821087695986,0.0,0.0,0.0,0.0,9.86,0.3487350880197771,0.61,0.6650738547884983,9.34,0.7137891491854927,0.05,0.3295236844080538,2.31,1.580787426850584,2.3,1.5922793521720786,17.69,1.5807874268505833,10.0,0.0,20.0,0.0,2.0,0.0,1.0,0.0,2.41,1.5248447511637095
1185.0,1185.0,100,0.75,0.8689364217539193,0.0375,0.04344682108769596,0.9625,0.043446821087695986,0.0,0.0,0.0,0.0,9.86,0.3487350880197771,0.61,0.6650738547884983,9.34,0.7137891491854927,0.05,0.3295236844080538,2.31,1.580787426850584,2.29,1.5973146657481554,17.69,1.5807874268505833,10.0,0.0,20.0,0.0,2.0,0.0,1.0,0.0,2.41,1.5248447511637095
1186.0,1186.0,100,0.75,0.8689364217539193,0.0375,0.04344682108769596,0.9625,0.043446821087695986,0.0,0.0,0.0,0.0,9.86,0.3487350880197771,0.61,0.6650738547884983,9.34,0.7137891491854927,0.05,0.3295236844080538,2.31,1.580787426850584,2.29,1.5973146657481554,17.69,1.5807874268505833,10.0,0.0,20.0,0.0,2.0,0.0,1.0,0.0,2.41,1.5248447511637095
1187.0,1187.0,100,0.74,0.8717797887081346,0.037000000000000005,0.04358898943540673,0.963,0.04358898943540673,0.0,0.0,0.0005,0.004999999999999998,9.86,0.3487350880197771,0.6,0.6666666666666666,9.35,0.7159792333764036,0.05,0.3295236844080538,2.3,1.5922793521720786,2.29,1.5973146657481554,17.7,1.5922793521720786,10.0,0.0,20.0,0.0,2.0,0.0,1.0,0.0,2.41,1.5248447511637095
1188.0,1188.0,100,0.74,0.8717797887081346,0.037000000000000005,0.04358898943540673,0.963,0.04358898943540673,0.0,0.0,0.0,0.0,9.86,0.3487350880197771,0.6,0.6666666666666666,9.35,0.7159792333764036,0.05,0.3295236844080538,2.3,1.5922793521720786,2.28,1.576852766260898,17.7,1.5922793521720786,10.0,0.0,20.0,0.0,2.0,0.0,1.0,0.0,2.41,1.5248447511637095
1189.0,1189.0,100,0.73,0.8628704737939838,0.036500000000000005,0.0431435236896992,0.9634999999999999,0.04314352368969921,0.0,0.0,0.0005,0.004999999999999998,9.86,0.3487350880197771,0.59,0.6528105515091006,9.36,0.7038135657640705,0.05,0.3295236844080538,2.29,1.5973146657481554,2.27,1.5689860329898324,17.71,1.597314665748156,10.0,0.0,20.0,0.0,2.0,0.0,1.0,0.0,2.41,1.5248447511637095
1190.0,1190.0,100,0.73,0.8628704737939838,0.036500000000000005,0.0431435236896992,0.9634999999999999,0.04314352368969921,0.0,0.0,0.0,0.0,9.86,0.3487350880197771,0.59,0.6528105515091006,9.36,0.7038135657640705,0.05,0.3295236844080538,2.29,1.5973146657481554,2.27,1.5689860329898324,17.71,1.597314665748156,10.0,0.0,20.0,0.0,2.0,0.0,1.0,0.0,2.41,1.5248447511637095
1191.0,1191.0,100,0.73,0.8628704737939838,0.036500000000000005,0.0431435236896992,0.9634999999999999,0.04314352368969921,0.0,0.0,0.0,0.0,9.86,0.3487350880197771,0.59,0.6528105515091006,9.36,0.7038135657640705,0.05,0.3295236844080538,2.29,1.5973146657481554,2.27,1.5689860329898324,17.71,1.597314665748156,10.0,0.0,20.0,0.0,2.0,0.0,1.0,0.0,2.41,1.5248447511637095
1192.0,1192.0,100,0.72,0.8537498983243796,0.036000000000000004,0.04268749491621899,0.9640000000000001,0.042687494916219,0.0,0.0,0.0005,0.005000000000000001,9.86,0.3487350880197771,0.58,0.6384957068585252,9.37,0.6912877750103701,0.05,0.3295236844080538,2.28,1.576852766260898,2.26,1.5545306869166835,17.72,1.5768527662608984,10.0,0.0,20.0,0.0,2.0,0.0,1.0,0.0,2.41,1.5248447511637095
1193.0,1193.0,100,0.72,0.8537498983243796,0.036000000000000004,0.04268749491621899,0.9640000000000001,0.042687494916219,0.0,0.0,0.0,0.0,9.86,0.3487350880197771,0.58,0.6384957068585252,9.37,0.6912877750103701,0.05,0.3295236844080538,2.28,1.576852766260898,2.27,1.5689860329898324,17.72,1.5768527662608984,10.0,0.0,20.0,0.0,2.0,0.0,1.0,0.0,2.41,1.5248447511637095
1194.0,1194.0,100,0.72,0.8537498983243796,0.036000000000000004,0.04268749491621899,0.9640000000000001,0.042687494916219,0.0,0.0,0.0,0.0,9.86,0.3487350880197771,0.58,0.6384957068585252,9.37,0.6912877750103701,0.05,0.3295236844080538,2.28,1.576852766260898,2.27,1.5689860329898324,17.72,1.5768527662608984,10.0,0.0,20.0,0.0,2.0,0.0,1.0,0.0,2.41,1.5248447511637095
1195.0,1195.0,100,0.72,0.8537498983243796,0.036000000000000004,0.04268749491621899,0.9640000000000001,0.042687494916219,0.0,0.0,0.0,0.0,9.86,0.3487350880197771,0.58,0.6384957068585252,9.37,0.6912877750103701,0.05,0.3295236844080538,2.28,1.576852766260898,2.27,1.5689860329898324,17.72,1.5768527662608984,10.0,0.0,20.0,0.0,2.0,0.0,1.0,0.0,2.41,1.5248447511637095
1196.0,1196.0,100,0.72,0.8537498983243796,0.036000000000000004,0.04268749491621899,0.9640000000000001,0.042687494916219,0.0,0.0,0.0,0.0,9.86,0.3487350880197771,0.58,0.6384957068585252,9.37,0.6912877750103701,0.05,0.3295236844080538,2.28,1.576852766260898,2.27,1.5689860329898324,17.72,1.5768527662608984,10.0,0.0,20.0,0.0,2.0,0.0,1.0,0.0,2.41,1.5248447511637095
1197.0,1197.0,100,0.72,0.8537498983243796,0.036000000000000004,0.04268749491621899,0.9640000000000001,0.042687494916219,0.0,0.0,0.0,0.0,9.86,0.3487350880197771,0.58,0.6384957068585252,9.37,0.6912877750103701,0.05,0.3295236844080538,2.28,1.576852766260898,2.27,1.5689860329898324,17.72,1.5768527662608984,10.0,0.0,20.0,0.0,2.0,0.0,1.0,0.0,2.41,1.5248447511637095
1198.0,1198.0,100,0.72,0.8537498983243796,0.036000000000000004,0.04268749491621899,0.9640000000000001,0.042687494916219,0.0,0.0,0.0,0.0,9.86,0.3487350880197771,0.58,0.6384957068585252,9.37,0.6912877750103701,0.05,0.3295236844080538,2.28,1.576852766260898,2.27,1.5689860329898324,17.72,1.5768527662608984,10.0,0.0,20.0,0.0,2.0,0.0,1.0,0.0,2.41,1.5248447511637095
1199.0,1199.0,100,0.71,0.844411216783803,0.035500000000000004,0.042220560839190166,0.9645,0.04222056083919017,0.0,0.0,0.0005,0.004999999999999999,9.87,0.33799766898963135,0.58,0.6384957068585252,9.37,0.6912877750103701,0.05,0.3295236844080538,2.27,1.5689860329898324,2.27,1.5689860329898324,17.73,1.5689860329898326,10.0,0.0,20.0,0.0,2.0,0.0,1.0,0.0,2.41,1.5248447511637095
1200.0,1200.0,100,0.71,0.844411216783803,0.035500000000000004,0.042220560839190166,0.9645,0.04222056083919017,0.0,0.0,0.0,0.0,9.87,0.33799766898963135,0.58,0.6384957068585252,9.37,0.6912877750103701,0.05,0.3295236844080538,2.27,1.5689860329898324,2.26,1.5610149508469409,17.73,1.5689860329898326,10.0,0.0,20.0,0.0,2.0,0.0,1.0,0.0,2.41,1.5248447511637095
